trade_id,signal_index,entry_index,exit_index,signal_time,entry_time,exit_time,direction,signal_close,entry_price_raw,entry_price,stop_price,tp1,tp2,tp3,tp4,raw_score,score_band,score_edge,stop_distance_points,tp1_hit,tp2_hit,tp3_hit,tp4_hit,stop_hit,exit_reason,exit_price_raw,exit_price,gross_result_points,commission_cost,net_result_points,net_result_r,mfe_points,mae_points,mfe_r,mae_r,bars_held,minutes_held,maximum_target_reached,session_date,snr_1m,snr_5m,snr_15m,snr_alignment,rvol_rolling,rvol_time_of_day,htf_bias,dol_direction,liquidity_sweep,displacement,structure_shift,fvg_context
1,972,973,976,2022-10-03 14:12:00+00:00,2022-10-03 14:13:00+00:00,2022-10-03 14:16:00+00:00,long,11157.75,11158.25,11158.5,11137.857142857143,11183.5,11208.5,11233.5,11258.5,72.0,near_trigger,72.0,20.642857142856883,False,False,False,False,True,stop,11137.857142857143,11137.607142857143,-20.892857142856883,0.0,-20.892857142856883,-1.0121107266435987,8.25,23.5,0.39965397923875934,1.1384083044982842,4,3.0,0,2022-10-03,0.8114186851211073,2.5643919958953307,0.08934707903780069,partial_bearish,0.6277917557996475,,bullish,bullish,True,False,True,False
2,3691,3692,3692,2022-10-05 13:31:00+00:00,2022-10-05 13:32:00+00:00,2022-10-05 13:32:00+00:00,short,11502.5,11502.75,11502.5,11510.69642857143,11477.5,11452.5,11427.5,11402.5,88.0,high_probability,-34.85664488017429,8.196428571429351,False,False,False,False,True,stop,11510.69642857143,11510.94642857143,-8.446428571429351,0.0,-8.446428571429351,-1.0305010893246158,0.75,23.25,0.0915032679738475,2.8366013071892726,1,0.0,0,2022-10-05,2.440087145969499,2.15625,2.32468495181616,partial_bearish,4.131540697674419,,bearish,bearish,True,False,True,False
3,3694,3695,3725,2022-10-05 13:34:00+00:00,2022-10-05 13:35:00+00:00,2022-10-05 14:05:00+00:00,short,11528.25,11527.75,11527.5,11537.92857142857,11502.5,11477.5,11452.5,11427.5,76.14916286149163,near_trigger,-32.14916286149163,10.428571428570649,True,True,True,True,False,tp4,11427.5,11427.75,99.75,0.0,99.75,9.5650684931514,102.5,3.75,9.828767123288406,0.3595890410959173,31,30.0,4,2022-10-05,4.027397260273973,2.15625,2.32468495181616,partial_bearish,1.8684258251722887,,bearish,bearish,False,False,True,False
4,3735,3736,3795,2022-10-05 14:15:00+00:00,2022-10-05 14:16:00+00:00,2022-10-05 15:15:00+00:00,short,11417.5,11417.5,11417.25,11433.5,11392.25,11367.25,11342.25,11317.25,77.4974358974359,near_trigger,-65.4974358974359,16.25,True,False,False,False,False,max_holding_time,11412.25,11412.5,4.75,0.0,4.75,0.2923076923076923,49.25,3.75,3.0307692307692307,0.23076923076923078,60,59.0,1,2022-10-05,0.7076923076923077,1.965426925091671,2.339368856699431,strong_bearish,1.277489049769648,,bearish,bearish,True,True,True,False
5,5071,5072,5072,2022-10-06 13:31:00+00:00,2022-10-06 13:32:00+00:00,2022-10-06 13:32:00+00:00,long,11626.5,11627.0,11627.25,11616.535714285714,11652.25,11677.25,11702.25,11727.25,71.0,near_trigger,38.0,10.714285714286234,False,False,False,False,True,stop,11616.535714285714,11616.285714285714,-10.964285714286234,0.0,-10.964285714286234,-1.023333333333332,12.0,12.0,1.1199999999999457,1.1199999999999457,1,0.0,0,2022-10-06,4.176666666666667,0.12698412698412698,0.32597014925373136,partial_bullish,6.009862627685805,,bullish,neutral,True,True,True,True
6,6457,6458,6460,2022-10-07 13:37:00+00:00,2022-10-07 13:38:00+00:00,2022-10-07 13:40:00+00:00,short,11323.0,11323.0,11322.75,11343.07142857143,11297.75,11272.75,11247.75,11222.75,83.95639373319514,high_probability,-65.95639373319514,20.32142857142935,False,False,False,False,True,stop,11343.07142857143,11343.32142857143,-20.57142857142935,0.0,-20.57142857142935,-1.0123022847100172,11.25,27.5,0.5536028119507697,1.3532513181018813,3,2.0,0,2022-10-07,1.0456942003514937,0.2096505823627288,3.6007999999999996,partial_bearish,1.8307210031347962,,bearish,bearish,True,True,True,False
7,6464,6465,6524,2022-10-07 13:44:00+00:00,2022-10-07 13:45:00+00:00,2022-10-07 14:44:00+00:00,short,11275.0,11275.0,11274.75,11301.017857142857,11249.75,11224.75,11199.75,11174.75,73.46395405024796,near_trigger,-47.46395405024796,26.267857142856883,True,True,False,False,False,max_holding_time,11236.25,11236.5,38.25,0.0,38.25,1.456152277362353,70.25,14.0,2.6743711760707267,0.5329707681849135,60,59.0,2,2022-10-07,1.8273283480625426,0.7317744154057771,3.6007999999999996,strong_bearish,2.4315380468125456,,bearish,bearish,True,False,False,False
8,7836,7837,7853,2022-10-10 13:36:00+00:00,2022-10-10 13:37:00+00:00,2022-10-10 13:53:00+00:00,long,11028.0,11028.0,11028.25,11012.625,11053.25,11078.25,11103.25,11128.25,76.0,near_trigger,33.72417157958935,15.625,True,False,False,False,True,stop,11012.625,11012.375,-15.875,0.0,-15.875,-1.016,48.75,20.75,3.12,1.328,17,16.0,1,2022-10-10,5.28,2.687813021702838,2.096960926193922,partial_bearish,3.14868804664723,1.3447855255133156,bullish,bullish,True,True,False,False
9,9253,9254,9257,2022-10-11 14:13:00+00:00,2022-10-11 14:14:00+00:00,2022-10-11 14:17:00+00:00,short,10831.25,10831.0,10830.75,10845.160714285714,10805.75,10780.75,10755.75,10730.75,76.0,near_trigger,-31.797026022304834,14.410714285713766,False,False,False,False,True,stop,10845.160714285714,10845.410714285714,-14.660714285713766,0.0,-14.660714285713766,-1.0173482032218097,6.25,21.25,0.43370508054524487,1.4745972738538327,4,3.0,0,2022-10-11,1.1623296158612144,2.4968152866242037,3.9368088467614535,partial_bearish,1.1350781109714492,1.5858464433178279,bearish,bearish,True,False,False,True
10,10591,10592,10594,2022-10-12 13:31:00+00:00,2022-10-12 13:32:00+00:00,2022-10-12 13:34:00+00:00,short,10822.5,10822.25,10822.0,10834.535714285714,10797.0,10772.0,10747.0,10722.0,75.26413599035203,near_trigger,-29.26413599035203,12.535714285713766,False,False,False,False,True,stop,10834.535714285714,10834.785714285714,-12.785714285713766,0.0,-12.785714285713766,-1.0199430199430208,16.25,16.0,1.29629629629635,1.2763532763533292,3,2.0,0,2022-10-12,2.8119658119658117,0.11800120409391933,2.482039397450753,strong_bearish,6.010289293170295,1.0801699879400448,neutral,bearish,True,True,True,False
11,10598,10599,10604,2022-10-12 13:38:00+00:00,2022-10-12 13:39:00+00:00,2022-10-12 13:44:00+00:00,short,10905.0,10904.75,10904.5,10925.982142857143,10879.5,10854.5,10829.5,10804.5,72.27135676071728,near_trigger,-30.271356760717282,21.482142857143117,True,False,False,False,True,stop,10925.982142857143,10926.232142857143,-21.732142857143117,0.0,-21.732142857143117,-1.0116375727348295,32.0,27.5,1.4896093100581698,1.2801330008312397,6,5.0,1,2022-10-12,4.026600166251039,0.5111716621253406,2.482039397450753,partial_bearish,1.6869117105747489,1.2826136623257938,neutral,bearish,True,True,True,False
12,11970,11971,11982,2022-10-13 13:30:00+00:00,2022-10-13 13:31:00+00:00,2022-10-13 13:42:00+00:00,short,10535.25,10535.0,10534.75,10550.035714285714,10509.75,10484.75,10459.75,10434.75,70.0,near_trigger,-48.09906542056075,15.285714285713766,True,True,False,False,True,stop,10550.035714285714,10550.285714285714,-15.535714285713766,0.0,-15.535714285713766,-1.0163551401869164,50.25,19.5,3.2873831775702054,1.2757009345794825,12,11.0,2,2022-10-13,0.7032710280373832,0.18196588139723802,6.464027737648078,partial_bearish,7.868448539061035,1.680201303900263,bearish,bearish,True,False,True,False
13,13353,13354,13354,2022-10-14 13:33:00+00:00,2022-10-14 13:34:00+00:00,2022-10-14 13:34:00+00:00,long,11134.0,11134.5,11134.75,11115.285714285714,11159.75,11184.75,11209.75,11234.75,76.0,near_trigger,22.11904398522634,19.464285714286234,False,False,False,False,True,stop,11115.285714285714,11115.035714285714,-19.714285714286234,0.0,-19.714285714286234,-1.0128440366972473,0.25,29.75,0.012844036697247364,1.5284403669724362,1,0.0,0,2022-10-14,2.4660550458715593,1.090818858560794,2.4580514208389714,partial_bearish,3.3424508588029425,1.3511950184670798,bullish,bullish,True,False,False,False
14,13356,13357,13364,2022-10-14 13:36:00+00:00,2022-10-14 13:37:00+00:00,2022-10-14 13:44:00+00:00,long,11131.5,11131.75,11132.0,11107.67857142857,11157.0,11182.0,11207.0,11232.0,81.84164766264003,high_probability,49.84164766264003,24.32142857142935,True,True,False,False,True,stop,11107.67857142857,11107.42857142857,-24.57142857142935,0.0,-24.57142857142935,-1.0102790014684284,69.25,32.75,2.847283406754681,1.346549192364127,8,7.0,2,2022-10-14,1.5726872246696035,2.230406852248394,2.4580514208389714,partial_bearish,1.7764727902297506,1.1345441867414872,bullish,bullish,True,False,False,False
15,13383,13384,13391,2022-10-14 14:03:00+00:00,2022-10-14 14:04:00+00:00,2022-10-14 14:11:00+00:00,long,10992.75,10992.75,10993.0,10958.107142857143,11018.0,11043.0,11068.0,11093.0,73.27626896889323,near_trigger,73.27626896889323,34.89285714285688,True,False,False,False,True,stop,10958.107142857143,10957.857142857143,-35.14285714285688,0.0,-35.14285714285688,-1.0071647901740022,35.0,66.5,1.003070624360294,1.9058341862845587,8,7.0,1,2022-10-14,1.5690890481064481,1.439207650273224,1.0837004405286343,strong_bearish,1.4880067455122372,2.161314966457373,bullish,bullish,True,False,False,False
16,13408,13409,13410,2022-10-14 14:28:00+00:00,2022-10-14 14:29:00+00:00,2022-10-14 14:30:00+00:00,long,10936.75,10936.75,10937.0,10910.55357142857,10962.0,10987.0,11012.0,11037.0,70.0,near_trigger,12.0,26.44642857142935,False,False,False,False,True,stop,10910.55357142857,10910.30357142857,-26.69642857142935,0.0,-26.69642857142935,-1.0094530722484805,1.0,26.75,0.03781228899392191,1.0114787305874111,2,1.0,0,2022-10-14,1.862255232950709,2.6517231717567946,4.720262510254306,partial_bearish,1.566646880690564,2.2544155969501016,bullish,bearish,False,True,True,False
17,14757,14758,14811,2022-10-17 13:57:00+00:00,2022-10-17 13:58:00+00:00,2022-10-17 14:51:00+00:00,long,11071.25,11071.0,11071.25,11052.92857142857,11096.25,11121.25,11146.25,11171.25,75.29398911669611,near_trigger,58.29398911669611,18.32142857142935,True,True,False,False,True,stop,11052.92857142857,11052.67857142857,-18.57142857142935,0.0,-18.57142857142935,-1.0136452241715395,61.75,20.75,3.370370370370227,1.1325536062377686,54,53.0,2,2022-10-17,0.9551656920077972,3.1345911949685537,5.282488710486703,partial_bullish,1.0345591084377364,1.3090068637064016,bullish,bullish,True,False,False,False
18,16156,16157,16164,2022-10-18 14:16:00+00:00,2022-10-18 14:17:00+00:00,2022-10-18 14:24:00+00:00,long,11303.5,11303.25,11303.5,11286.232142857143,11328.5,11353.5,11378.5,11403.5,72.0,near_trigger,67.02406409007253,17.267857142856883,True,False,False,False,True,stop,11286.232142857143,11285.982142857143,-17.517857142856883,0.0,-17.517857142856883,-1.0144777662874873,26.0,19.75,1.5056876938986783,1.143743536711496,8,7.0,1,2022-10-18,2.0558428128231645,0.8998393144081414,1.4801762114537445,strong_bearish,1.3271664917667483,1.219919887409332,bullish,bullish,True,True,True,False
19,18870,18871,18872,2022-10-20 13:30:00+00:00,2022-10-20 13:31:00+00:00,2022-10-20 13:32:00+00:00,long,11133.5,11134.25,11134.5,11123.517857142857,11159.5,11184.5,11209.5,11234.5,83.46428599214222,high_probability,71.46428599214222,10.982142857143117,True,False,False,False,True,stop,11123.517857142857,11123.267857142857,-11.232142857143117,0.0,-11.232142857143117,-1.022764227642276,26.75,14.0,2.4357723577235197,1.2747967479674496,2,1.0,1,2022-10-20,1.775609756097561,0.5103757711721817,0.8743126472898665,partial_bullish,8.950667756881984,0.8303574901777727,bullish,bullish,True,True,True,False
20,18876,18877,18890,2022-10-20 13:36:00+00:00,2022-10-20 13:37:00+00:00,2022-10-20 13:50:00+00:00,long,11107.0,11107.0,11107.25,11086.910714285714,11132.25,11157.25,11182.25,11207.25,78.0,near_trigger,68.61707263953829,20.339285714286234,True,True,True,True,False,tp4,11207.25,11207.0,99.75,0.0,99.75,4.904302019315064,100.0,15.75,4.916593503072745,0.7743634767339573,14,13.0,4,2022-10-20,1.80684811237928,0.5833333333333334,0.8743126472898665,partial_bearish,2.325489964812958,0.8765959872321022,bullish,bullish,True,True,True,False
21,18902,18903,18962,2022-10-20 14:02:00+00:00,2022-10-20 14:03:00+00:00,2022-10-20 15:02:00+00:00,long,11240.25,11240.0,11240.25,11223.107142857143,11265.25,11290.25,11315.25,11340.25,84.16903626315391,high_probability,58.16903626315391,17.142857142856883,True,True,True,False,False,max_holding_time,11297.5,11297.25,57.0,0.0,57.0,3.3250000000000504,88.75,9.25,5.177083333333412,0.5395833333333415,60,59.0,3,2022-10-20,1.4583333333333335,1.70126582278481,1.7529610829103215,strong_bullish,1.573446760377514,1.232128662275721,bullish,bullish,True,False,True,False
22,20280,20281,20304,2022-10-21 14:00:00+00:00,2022-10-21 14:01:00+00:00,2022-10-21 14:24:00+00:00,long,11161.25,11160.75,11161.0,11131.589285714286,11186.0,11211.0,11236.0,11261.0,70.17974329331722,near_trigger,48.179743293317216,29.410714285713766,True,True,False,False,True,stop,11131.589285714286,11131.339285714286,-29.660714285713766,0.0,-29.660714285713766,-1.008500303582271,63.0,30.5,2.1420765027322783,1.0370370370370554,24,23.0,2,2022-10-21,1.6915604128718884,1.9649122807017543,4.056171470805618,strong_bullish,1.2746103281906986,1.0321168822810067,bullish,bullish,False,False,True,False
23,23020,23021,23030,2022-10-25 13:40:00+00:00,2022-10-25 13:41:00+00:00,2022-10-25 13:50:00+00:00,long,11541.0,11541.5,11541.75,11523.464285714286,11566.75,11591.75,11616.75,11641.75,70.34220987160593,near_trigger,70.34220987160593,18.285714285713766,True,True,True,True,False,tp4,11641.75,11641.5,99.75,0.0,99.75,5.455078125000155,101.0,1.0,5.523437500000157,0.054687500000001554,10,9.0,4,2022-10-25,0.30078125,1.2213039485766757,2.333333333333333,partial_bullish,1.5280272530195107,0.7363560895074107,bullish,bullish,True,True,False,False
24,23063,23064,23077,2022-10-25 14:23:00+00:00,2022-10-25 14:24:00+00:00,2022-10-25 14:37:00+00:00,long,11629.75,11630.75,11631.0,11614.910714285714,11656.0,11681.0,11706.0,11731.0,76.64755530773527,near_trigger,69.64755530773527,16.089285714286234,True,False,False,False,True,stop,11614.910714285714,11614.660714285714,-16.339285714286234,0.0,-16.339285714286234,-1.0155382907880128,25.0,22.25,1.5538290788012816,1.3829078801331407,14,13.0,1,2022-10-25,0.2641509433962264,0.2835820895522388,4.976744186046512,partial_bearish,0.8373015228096407,0.6968872055864599,bullish,bullish,True,True,True,False
25,24445,24446,24463,2022-10-26 14:25:00+00:00,2022-10-26 14:26:00+00:00,2022-10-26 14:43:00+00:00,long,11533.25,11532.75,11533.0,11515.25,11558.0,11583.0,11608.0,11633.0,76.5583304941521,near_trigger,65.5583304941521,17.75,True,True,True,True,False,tp4,11633.0,11632.75,99.75,0.0,99.75,5.619718309859155,101.75,1.0,5.732394366197183,0.056338028169014086,18,17.0,4,2022-10-26,1.2394366197183098,0.9601891998423334,1.064516129032258,partial_bullish,0.6124009453635478,0.7155187514929532,bullish,bullish,True,False,True,False
26,25771,25772,25772,2022-10-27 13:31:00+00:00,2022-10-27 13:32:00+00:00,2022-10-27 13:32:00+00:00,short,11437.0,11438.0,11437.75,11453.25,11412.75,11387.75,11362.75,11337.75,70.28433178781798,near_trigger,-36.284331787817976,15.5,False,False,False,False,True,stop,11453.25,11453.5,-15.75,0.0,-15.75,-1.0161290322580645,11.0,26.75,0.7096774193548387,1.7258064516129032,1,0.0,0,2022-10-27,1.096774193548387,0.9910195456946644,0.7044967880085654,partial_bullish,3.209090909090909,0.9521889283208567,bearish,bearish,False,False,True,False
27,25789,25790,25805,2022-10-27 13:49:00+00:00,2022-10-27 13:50:00+00:00,2022-10-27 14:05:00+00:00,short,11324.5,11324.75,11324.5,11349.214285714286,11299.5,11274.5,11249.5,11224.5,72.0,near_trigger,-60.0,24.714285714286234,True,True,False,False,True,stop,11349.214285714286,11349.464285714286,-24.964285714286234,0.0,-24.964285714286234,-1.0101156069364159,61.0,26.5,2.468208092485497,1.072254335260093,16,15.0,2,2022-10-27,3.277456647398844,0.40569744597249513,0.44536652835408025,partial_bearish,1.469038208168643,1.8891856593206178,bearish,bearish,False,True,True,False
28,27150,27151,27160,2022-10-28 13:30:00+00:00,2022-10-28 13:31:00+00:00,2022-10-28 13:40:00+00:00,long,11234.0,11234.25,11234.5,11220.80357142857,11259.5,11284.5,11309.5,11334.5,83.29008884894694,high_probability,35.29008884894694,13.696428571429351,True,True,True,True,False,tp4,11334.5,11334.25,99.75,0.0,99.75,7.282920469360733,107.5,10.5,7.8487614080829955,0.7666232073011298,10,9.0,4,2022-10-28,1.8252933507170797,1.5149253731343284,2.6553990610328637,strong_bullish,7.761614911104233,1.157642117084285,neutral,bullish,True,True,True,False
29,27185,27186,27188,2022-10-28 14:05:00+00:00,2022-10-28 14:06:00+00:00,2022-10-28 14:08:00+00:00,long,11330.0,11329.5,11329.75,11305.107142857143,11354.75,11379.75,11404.75,11429.75,80.69090432414329,high_probability,69.69090432414329,24.642857142856883,False,False,False,False,True,stop,11305.107142857143,11304.857142857143,-24.892857142856883,0.0,-24.892857142856883,-1.010144927536232,7.0,25.75,0.28405797101449576,1.044927536231895,3,2.0,0,2022-10-28,0.7304347826086957,0.44602948169281975,3.542817196784341,partial_bearish,1.3930154300722257,1.2159211952679454,bullish,bullish,True,False,True,False
30,28530,28531,28532,2022-10-31 13:30:00+00:00,2022-10-31 13:31:00+00:00,2022-10-31 13:32:00+00:00,long,11504.75,11504.75,11505.0,11495.94642857143,11530.0,11555.0,11580.0,11605.0,76.05335202634913,near_trigger,53.05335202634913,9.053571428570649,False,False,False,False,True,stop,11495.94642857143,11495.69642857143,-9.303571428570649,0.0,-9.303571428570649,-1.0276134122287992,17.75,42.5,1.9605522682447447,4.694280078895868,2,1.0,0,2022-10-31,1.3254437869822484,1.6035242290748897,1.2243816254416962,partial_bearish,13.314191371760822,0.9439089678476554,neutral,bullish,True,True,True,False
31,28533,28534,28543,2022-10-31 13:33:00+00:00,2022-10-31 13:34:00+00:00,2022-10-31 13:43:00+00:00,long,11465.75,11466.0,11466.25,11452.67857142857,11491.25,11516.25,11541.25,11566.25,72.48577535503145,near_trigger,53.48577535503145,13.571428571429351,True,False,False,False,True,stop,11452.67857142857,11452.42857142857,-13.821428571429351,0.0,-13.821428571429351,-1.0184210526315778,46.5,16.25,3.4263157894734872,1.1973684210525628,10,9.0,1,2022-10-31,2.044736842105263,1.6035242290748897,1.2243816254416962,strong_bearish,3.6382135589589804,0.9782718253682559,neutral,bullish,True,True,True,True
32,29950,29951,29952,2022-11-01 14:10:00+00:00,2022-11-01 14:11:00+00:00,2022-11-01 14:12:00+00:00,long,11415.25,11415.0,11415.25,11391.05357142857,11440.25,11465.25,11490.25,11515.25,73.3259040590406,near_trigger,51.325904059040596,24.19642857142935,False,False,False,False,True,stop,11391.05357142857,11390.80357142857,-24.44642857142935,0.0,-24.44642857142935,-1.0103321033210328,0.25,32.25,0.010332103321032878,1.3328413284132412,2,1.0,0,2022-11-01,1.5704797047970478,5.496644295302014,3.7905759162303663,strong_bearish,1.2514077907786478,1.879381802688151,bullish,bullish,True,False,False,False
33,29953,29954,29980,2022-11-01 14:13:00+00:00,2022-11-01 14:14:00+00:00,2022-11-01 14:40:00+00:00,long,11398.5,11398.75,11399.0,11372.67857142857,11424.0,11449.0,11474.0,11499.0,72.386092265943,near_trigger,50.386092265943006,26.32142857142935,True,False,False,False,True,stop,11372.67857142857,11372.42857142857,-26.57142857142935,0.0,-26.57142857142935,-1.009497964721845,46.5,26.75,1.766621438263177,1.016282225237419,27,26.0,1,2022-11-01,0.7978290366350067,5.496644295302014,3.7905759162303663,strong_bearish,1.0139467912334454,1.5678152587568281,bullish,bullish,True,False,False,False
34,31298,31299,31300,2022-11-02 13:38:00+00:00,2022-11-02 13:39:00+00:00,2022-11-02 13:40:00+00:00,short,11296.5,11296.25,11296.0,11310.160714285714,11271.0,11246.0,11221.0,11196.0,77.28951065289215,near_trigger,-57.28951065289215,14.160714285713766,False,False,False,False,True,stop,11310.160714285714,11310.410714285714,-14.410714285713766,0.0,-14.410714285713766,-1.0176544766708708,8.75,30.5,0.6179066834804766,2.153846153846233,2,1.0,0,2022-11-02,1.1475409836065573,2.6291079812206575,0.5873287671232876,partial_bearish,1.2299221725451235,0.5428467019915951,bearish,bearish,True,True,True,True
35,32714,32715,32725,2022-11-03 14:14:00+00:00,2022-11-03 14:15:00+00:00,2022-11-03 14:25:00+00:00,short,10802.25,10802.0,10801.75,10823.94642857143,10776.75,10751.75,10726.75,10701.75,76.0,near_trigger,-44.0,22.19642857142935,True,False,False,False,True,stop,10823.94642857143,10824.19642857143,-22.44642857142935,0.0,-22.44642857142935,-1.0112630732099754,31.0,31.0,1.3966210780369581,1.3966210780369581,11,10.0,1,2022-11-03,2.6130329847144003,1.4146880176697956,2.9087837837837838,partial_bearish,1.7819288276306773,1.9728270569337856,bearish,bearish,True,False,False,False
36,34050,34051,34051,2022-11-04 13:30:00+00:00,2022-11-04 13:31:00+00:00,2022-11-04 13:31:00+00:00,long,10945.75,10946.0,10946.25,10932.92857142857,10971.25,10996.25,11021.25,11046.25,84.36859352551545,high_probability,62.36859352551545,13.321428571429351,False,False,False,False,True,stop,10932.92857142857,10932.67857142857,-13.571428571429351,0.0,-13.571428571429351,-1.0187667560321705,3.5,34.25,0.2627345844503868,2.5710455764073563,1,0.0,0,2022-11-04,2.289544235924933,0.822972972972973,3.2585249801744647,strong_bullish,6.545164597334549,1.1772298425511427,bullish,bullish,True,True,True,False
37,34052,34053,34055,2022-11-04 13:32:00+00:00,2022-11-04 13:33:00+00:00,2022-11-04 13:35:00+00:00,long,10879.5,10879.75,10880.0,10861.892857142857,10905.0,10930.0,10955.0,10980.0,74.0,near_trigger,18.783561471411943,18.107142857143117,False,False,False,False,True,stop,10861.892857142857,10861.642857142857,-18.357142857143117,0.0,-18.357142857143117,-1.0138067061143983,19.25,27.5,1.0631163708086633,1.5187376725838047,3,2.0,0,2022-11-04,2.7751479289940826,0.822972972972973,3.2585249801744647,partial_bullish,3.218673706357555,1.0205481607350766,bullish,bullish,False,True,True,False
38,34076,34077,34102,2022-11-04 13:56:00+00:00,2022-11-04 13:57:00+00:00,2022-11-04 14:22:00+00:00,long,10815.5,10815.5,10815.75,10789.19642857143,10840.75,10865.75,10890.75,10915.75,88.8,high_probability,70.8,26.55357142857065,True,True,True,True,False,tp4,10915.75,10915.5,99.75,0.0,99.75,3.7565568258239166,102.75,9.25,3.869535978480275,0.34835238735710505,26,25.0,4,2022-11-04,2.457296570275723,3.131445170660857,0.7946859903381642,partial_bearish,1.3613758382394072,2.331008865683148,bullish,bullish,True,True,True,False
39,35434,35435,35435,2022-11-07 14:34:00+00:00,2022-11-07 14:35:00+00:00,2022-11-07 14:35:00+00:00,long,10910.5,10910.75,10911.0,10896.589285714286,10936.0,10961.0,10986.0,11011.0,71.07406813800274,near_trigger,70.07406813800274,14.410714285713766,False,False,False,False,True,stop,10896.589285714286,10896.339285714286,-14.660714285713766,0.0,-14.660714285713766,-1.0173482032218097,8.0,19.75,0.5551425030979135,1.3705080545229738,1,0.0,0,2022-11-07,1.9950433705080544,0.902676399026764,0.5529061102831594,partial_bullish,3.0202300008394194,1.1337371891321302,bullish,bullish,True,True,False,False
40,35462,35463,35467,2022-11-07 15:02:00+00:00,2022-11-07 15:03:00+00:00,2022-11-07 15:07:00+00:00,long,10924.0,10923.75,10924.0,10904.285714285714,10949.0,10974.0,10999.0,11024.0,75.16056938221885,near_trigger,37.16056938221885,19.714285714286234,False,False,False,False,True,stop,10904.285714285714,10904.035714285714,-19.964285714286234,0.0,-19.964285714286234,-1.0126811594202896,12.0,21.25,0.608695652173897,1.0778985507246093,5,4.0,0,2022-11-07,1.990942028985507,0.9385964912280702,0.9873278236914601,partial_bearish,1.6681449569183984,1.467533673943335,neutral,bullish,True,True,True,False
41,36831,36832,36891,2022-11-08 14:51:00+00:00,2022-11-08 14:52:00+00:00,2022-11-08 15:51:00+00:00,long,11045.75,11045.75,11046.0,11030.44642857143,11071.0,11096.0,11121.0,11146.0,77.65302638359915,near_trigger,53.653026383599155,15.553571428570649,True,True,True,False,False,max_holding_time,11125.5,11125.25,79.25,0.0,79.25,5.095292766934813,92.0,5.0,5.915040183697196,0.3214695752009346,60,59.0,3,2022-11-08,2.0252583237657866,2.9039010466222646,0.9408327246165084,partial_bearish,0.7374621068040619,0.5872149052361066,bullish,bullish,True,True,True,False
42,39579,39580,39580,2022-11-10 14:39:00+00:00,2022-11-10 14:40:00+00:00,2022-11-10 14:40:00+00:00,long,11329.0,11329.0,11329.25,11302.05357142857,11354.25,11379.25,11404.25,11429.25,70.9075508864084,near_trigger,36.9075508864084,27.19642857142935,False,False,False,False,True,stop,11302.05357142857,11301.80357142857,-27.44642857142935,0.0,-27.44642857142935,-1.0091923834537095,8.75,33.25,0.3217334208798332,1.2225869993433662,1,0.0,0,2022-11-10,0.34011818778726194,0.716401831403178,7.7096580683863225,partial_bullish,1.7195926909764148,1.6358293530385843,bullish,bullish,True,True,False,False
43,39582,39583,39591,2022-11-10 14:42:00+00:00,2022-11-10 14:43:00+00:00,2022-11-10 14:51:00+00:00,long,11298.5,11297.5,11297.75,11266.55357142857,11322.75,11347.75,11372.75,11397.75,71.78168288494562,near_trigger,37.781682884945624,31.19642857142935,True,True,True,True,False,tp4,11397.75,11397.5,99.75,0.0,99.75,3.197481396679943,101.0,7.0,3.237550085861396,0.22438465941613636,9,8.0,4,2022-11-10,0.9456210646823124,0.19464469618949534,7.7096580683863225,partial_bullish,1.5419143216514168,1.738405071738405,bullish,bullish,True,True,False,False
44,40950,40951,40951,2022-11-11 14:30:00+00:00,2022-11-11 14:31:00+00:00,2022-11-11 14:31:00+00:00,short,11613.25,11613.0,11612.75,11623.30357142857,11587.75,11562.75,11537.75,11512.75,72.66446709568686,near_trigger,-55.66446709568686,10.553571428570649,False,False,False,False,True,stop,11623.30357142857,11623.55357142857,-10.803571428570649,0.0,-10.803571428570649,-1.0236886632825737,9.5,14.25,0.9001692047377992,1.3502538071066987,1,0.0,0,2022-11-11,0.5685279187817259,3.5421686746987953,3.1935028248587574,strong_bearish,6.216666666666667,0.9892133112329465,neutral,bearish,True,True,True,True
45,40952,40953,40953,2022-11-11 14:32:00+00:00,2022-11-11 14:33:00+00:00,2022-11-11 14:33:00+00:00,short,11588.75,11588.75,11588.5,11602.160714285714,11563.5,11538.5,11513.5,11488.5,73.70340516010282,near_trigger,-25.703405160102818,13.660714285713766,False,False,False,False,True,stop,11602.160714285714,11602.410714285714,-13.910714285713766,0.0,-13.910714285713766,-1.0183006535947718,4.5,24.25,0.3294117647058949,1.775163398692878,1,0.0,0,2022-11-11,2.7816993464052286,3.5421686746987953,3.1935028248587574,strong_bearish,3.83175758619947,1.1292564501285265,neutral,neutral,True,True,True,False
46,40954,40955,40958,2022-11-11 14:34:00+00:00,2022-11-11 14:35:00+00:00,2022-11-11 14:38:00+00:00,short,11587.0,11587.75,11587.5,11603.5,11562.5,11537.5,11512.5,11487.5,71.52462405901045,near_trigger,-23.52462405901045,16.0,False,False,False,False,True,stop,11603.5,11603.75,-16.25,0.0,-16.25,-1.015625,18.0,16.75,1.125,1.046875,4,3.0,0,2022-11-11,2.359375,3.5421686746987953,3.1935028248587574,strong_bearish,1.6674490343347639,0.8042175737630688,neutral,neutral,True,True,True,False
47,40965,40966,40980,2022-11-11 14:45:00+00:00,2022-11-11 14:46:00+00:00,2022-11-11 15:00:00+00:00,long,11645.5,11646.0,11646.25,11622.767857142857,11671.25,11696.25,11721.25,11746.25,73.95022976120669,near_trigger,41.950229761206685,23.482142857143117,True,False,False,False,True,stop,11622.767857142857,11622.517857142857,-23.732142857143117,0.0,-23.732142857143117,-1.0106463878326994,45.25,58.5,1.9269961977186099,2.4912547528516833,15,14.0,1,2022-11-11,2.0334600760456274,0.44579226686884005,2.596705308114704,partial_bearish,2.176193439416837,1.488166000216146,neutral,bullish,True,True,True,False
48,42353,42354,42358,2022-11-14 14:53:00+00:00,2022-11-14 14:54:00+00:00,2022-11-14 14:58:00+00:00,short,11729.75,11729.75,11729.5,11747.589285714286,11704.5,11679.5,11654.5,11629.5,78.09279380598365,near_trigger,-46.092793805983646,18.089285714286234,False,False,False,False,True,stop,11747.589285714286,11747.839285714286,-18.339285714286234,0.0,-18.339285714286234,-1.0138203356367221,8.75,26.5,0.4837117472852773,1.4649555774925542,5,4.0,0,2022-11-14,1.1885488647581441,1.8038237738985867,2.8529170090386193,partial_bearish,0.7154211362942533,0.8198422081212151,bearish,bearish,True,False,True,False
49,42384,42385,42394,2022-11-14 15:24:00+00:00,2022-11-14 15:25:00+00:00,2022-11-14 15:34:00+00:00,short,11783.0,11783.75,11783.5,11797.69642857143,11758.5,11733.5,11708.5,11683.5,81.98902738638375,high_probability,-63.98902738638375,14.196428571429351,False,False,False,False,True,stop,11797.69642857143,11797.94642857143,-14.446428571429351,0.0,-14.446428571429351,-1.0176100628930809,22.5,16.5,1.5849056603772715,1.1622641509433325,10,9.0,0,2022-11-14,1.1974842767295597,2.259678379988088,0.77228992944195,partial_bullish,1.1154334603301919,1.1759068744891343,bearish,bearish,True,True,True,False
50,43712,43713,43713,2022-11-15 14:32:00+00:00,2022-11-15 14:33:00+00:00,2022-11-15 14:33:00+00:00,long,12055.5,12056.25,12056.5,12039.785714285714,12081.5,12106.5,12131.5,12156.5,71.71945623961045,near_trigger,45.71945623961045,16.714285714286234,False,False,False,False,True,stop,12039.785714285714,12039.535714285714,-16.964285714286234,0.0,-16.964285714286234,-1.0149572649572645,3.0,25.0,0.1794871794871739,1.4957264957264491,1,0.0,0,2022-11-15,1.3311965811965811,0.7670319199618867,2.1365991521431935,partial_bullish,3.708484117410535,1.1906098922732349,bullish,bullish,True,False,False,False
51,43750,43751,43759,2022-11-15 15:10:00+00:00,2022-11-15 15:11:00+00:00,2022-11-15 15:19:00+00:00,long,12019.75,12019.5,12019.75,12004.67857142857,12044.75,12069.75,12094.75,12119.75,72.0,near_trigger,70.01889765883904,15.071428571429351,False,False,False,False,True,stop,12004.67857142857,12004.42857142857,-15.321428571429351,0.0,-15.321428571429351,-1.0165876777251177,18.0,18.25,1.194312796208469,1.2109004739335867,9,8.0,0,2022-11-15,2.3056872037914693,0.2616822429906542,0.5916271721958926,partial_bearish,0.910418492093295,0.7690319548872181,bullish,bullish,True,False,True,False
52,43765,43766,43770,2022-11-15 15:25:00+00:00,2022-11-15 15:26:00+00:00,2022-11-15 15:30:00+00:00,long,12043.75,12043.75,12044.0,12028.392857142857,12069.0,12094.0,12119.0,12144.0,77.16098015162746,near_trigger,65.16098015162746,15.607142857143117,False,False,False,False,True,stop,12028.392857142857,12028.142857142857,-15.857142857143117,0.0,-15.857142857143117,-1.0160183066361554,6.75,19.0,0.43249427917619415,1.2173913043478057,5,4.0,0,2022-11-15,2.11441647597254,0.13313313313313313,1.1754916792738275,partial_bullish,1.1321369247304822,0.8625524206555993,bullish,bullish,True,True,True,True
53,45095,45096,45155,2022-11-16 14:35:00+00:00,2022-11-16 14:36:00+00:00,2022-11-16 15:35:00+00:00,short,11811.0,11811.5,11811.25,11828.875,11786.25,11761.25,11736.25,11711.25,81.54936842590526,high_probability,-72.54936842590526,17.625,True,True,True,False,False,max_holding_time,11765.5,11765.75,45.5,0.0,45.5,2.5815602836879434,87.25,13.25,4.950354609929078,0.75177304964539,60,59.0,3,2022-11-16,0.5390070921985816,0.7406451612903227,1.8490566037735847,strong_bearish,2.7358521372824347,1.1846468188598942,bearish,bearish,True,True,True,False
54,47853,47854,47856,2022-11-18 14:33:00+00:00,2022-11-18 14:34:00+00:00,2022-11-18 14:36:00+00:00,long,11779.5,11778.75,11779.0,11764.92857142857,11804.0,11829.0,11854.0,11879.0,71.31870848181518,near_trigger,49.31870848181518,14.071428571429351,False,False,False,False,True,stop,11764.92857142857,11764.67857142857,-14.321428571429351,0.0,-14.321428571429351,-1.017766497461928,9.75,23.0,0.69289340101519,1.6345177664973713,3,2.0,0,2022-11-18,4.299492385786802,0.38,0.768361581920904,partial_bullish,2.5129208911566123,0.9021927088679558,bullish,bullish,True,True,False,False
55,47873,47874,47879,2022-11-18 14:53:00+00:00,2022-11-18 14:54:00+00:00,2022-11-18 14:59:00+00:00,long,11764.25,11764.0,11764.25,11749.44642857143,11789.25,11814.25,11839.25,11864.25,71.29048925036973,near_trigger,43.29048925036973,14.803571428570649,False,False,False,False,True,stop,11749.44642857143,11749.19642857143,-15.053571428570649,0.0,-15.053571428570649,-1.016887816646563,20.5,17.25,1.384800965018167,1.1652593486128477,6,5.0,0,2022-11-18,1.5874547647768396,3.966666666666667,2.629021667760998,partial_bearish,0.6213454347753725,0.7029788729742282,bullish,bullish,True,False,False,False
56,47900,47901,47906,2022-11-18 15:20:00+00:00,2022-11-18 15:21:00+00:00,2022-11-18 15:26:00+00:00,long,11715.75,11716.0,11716.25,11702.42857142857,11741.25,11766.25,11791.25,11816.25,78.41361793655157,near_trigger,78.41361793655157,13.821428571429351,False,False,False,False,True,stop,11702.42857142857,11702.17857142857,-14.071428571429351,0.0,-14.071428571429351,-1.0180878552971566,9.75,24.25,0.7054263565891075,1.7545219638241905,6,5.0,0,2022-11-18,1.7183462532299743,1.9956308028399783,4.203655352480418,partial_bearish,0.8606440581362211,0.9143092423948846,bullish,bullish,True,True,False,False
57,47907,47908,47936,2022-11-18 15:27:00+00:00,2022-11-18 15:28:00+00:00,2022-11-18 15:56:00+00:00,long,11680.75,11680.75,11681.0,11667.17857142857,11706.0,11731.0,11756.0,11781.0,70.0,near_trigger,55.20422703606427,13.821428571429351,True,False,False,False,True,stop,11667.17857142857,11666.92857142857,-14.071428571429351,0.0,-14.071428571429351,-1.0180878552971566,47.25,21.75,3.418604651162598,1.5736434108526245,29,28.0,1,2022-11-18,3.056847545219638,1.1252609603340291,4.203655352480418,strong_bearish,1.3954648086326549,1.441098633860239,bullish,bullish,True,True,False,False
58,49234,49235,49235,2022-11-21 14:34:00+00:00,2022-11-21 14:35:00+00:00,2022-11-21 14:35:00+00:00,short,11638.75,11639.5,11639.25,11652.464285714286,11614.25,11589.25,11564.25,11539.25,80.75500355859378,high_probability,-73.75500355859378,13.214285714286234,False,False,False,False,True,stop,11652.464285714286,11652.714285714286,-13.464285714286234,0.0,-13.464285714286234,-1.0189189189189183,3.25,13.75,0.24594594594593627,1.0405405405404997,1,0.0,0,2022-11-21,0.7945945945945947,0.22801302931596093,0.5737704918032788,partial_bullish,3.68224197745013,1.1937544482422304,bearish,bearish,True,True,True,True
59,49242,49243,49246,2022-11-21 14:42:00+00:00,2022-11-21 14:43:00+00:00,2022-11-21 14:46:00+00:00,short,11664.75,11664.25,11664.0,11680.892857142857,11639.0,11614.0,11589.0,11564.0,72.0,near_trigger,-53.45168848582329,16.892857142856883,False,False,False,False,True,stop,11680.892857142857,11681.142857142857,-17.142857142856883,0.0,-17.142857142856883,-1.0147991543340382,20.75,18.5,1.2283298097251774,1.095137420718833,4,3.0,0,2022-11-21,1.7315010570824525,0.35159817351598177,0.5737704918032788,partial_bullish,1.0656482436823382,0.7160447838413939,bearish,bearish,True,True,True,True
60,51992,51993,51993,2022-11-23 14:32:00+00:00,2022-11-23 14:33:00+00:00,2022-11-23 14:33:00+00:00,long,11765.25,11765.0,11765.25,11757.017857142857,11790.25,11815.25,11840.25,11865.25,70.59113173258339,near_trigger,53.59113173258339,8.232142857143117,False,False,False,False,True,stop,11757.017857142857,11756.767857142857,-8.482142857143117,0.0,-8.482142857143117,-1.0303687635574827,4.75,10.0,0.5770065075921726,1.2147505422993108,1,0.0,0,2022-11-23,1.0325379609544467,0.6171284634760705,1.4516450648055834,partial_bearish,2.9506694496767296,0.382488418440746,bullish,neutral,True,True,True,False
61,57046,57047,57047,2022-11-29 14:31:00+00:00,2022-11-29 14:32:00+00:00,2022-11-29 14:32:00+00:00,short,11601.25,11601.5,11601.25,11609.892857142857,11576.25,11551.25,11526.25,11501.25,70.20985452972175,near_trigger,-44.20985452972175,8.642857142856883,False,False,False,False,True,stop,11609.892857142857,11610.142857142857,-8.892857142856883,0.0,-8.892857142856883,-1.0289256198347116,3.25,13.25,0.37603305785125096,1.5330578512397155,1,0.0,0,2022-11-29,4.107438016528926,1.3618677042801557,0.6176470588235294,strong_bearish,5.62251517053777,0.7623181621521941,bearish,bearish,False,True,True,False
62,57091,57092,57092,2022-11-29 15:16:00+00:00,2022-11-29 15:17:00+00:00,2022-11-29 15:17:00+00:00,short,11588.5,11588.25,11588.0,11601.69642857143,11563.0,11538.0,11513.0,11488.0,72.0,near_trigger,-47.84035446347174,13.696428571429351,False,False,False,False,True,stop,11601.69642857143,11601.94642857143,-13.946428571429351,0.0,-13.946428571429351,-1.0182529335071697,2.75,17.75,0.20078226857886733,1.2959582790090527,1,0.0,0,2022-11-29,0.09126466753585398,0.7730061349693251,2.5078929306794784,partial_bearish,1.1586917112258732,0.9140288893695773,bearish,bearish,True,True,True,True
63,57093,57094,57096,2022-11-29 15:18:00+00:00,2022-11-29 15:19:00+00:00,2022-11-29 15:21:00+00:00,short,11596.0,11596.25,11596.0,11610.375,11571.0,11546.0,11521.0,11496.0,76.0457782595467,near_trigger,-60.045778259546694,14.375,False,False,False,False,True,stop,11610.375,11610.625,-14.625,0.0,-14.625,-1.017391304347826,8.0,15.75,0.5565217391304348,1.0956521739130434,3,2.0,0,2022-11-29,1.8608695652173912,0.7730061349693251,2.5078929306794784,partial_bearish,0.6851707247817136,0.8637445635637965,bearish,bearish,True,True,True,True
64,59805,59806,59806,2022-12-01 14:30:00+00:00,2022-12-01 14:31:00+00:00,2022-12-01 14:31:00+00:00,short,12037.0,12036.5,12036.25,12046.30357142857,12011.25,11986.25,11961.25,11936.25,73.96253033178772,near_trigger,-69.96253033178772,10.053571428570649,False,False,False,False,True,stop,12046.30357142857,12046.55357142857,-10.303571428570649,0.0,-10.303571428570649,-1.024866785079931,2.0,16.5,0.19893428063944704,1.6412078152754381,1,0.0,0,2022-12-01,3.3321492007104796,0.7755395683453237,0.2898550724637681,strong_bearish,14.8220302640446,1.4531629147346419,bearish,bearish,True,True,False,False
65,59861,59862,59863,2022-12-01 15:26:00+00:00,2022-12-01 15:27:00+00:00,2022-12-01 15:28:00+00:00,long,11991.75,11992.0,11992.25,11975.642857142857,12017.25,12042.25,12067.25,12092.25,87.24129032258064,high_probability,75.24129032258064,16.607142857143117,False,False,False,False,True,stop,11975.642857142857,11975.392857142857,-16.857142857143117,0.0,-16.857142857143117,-1.01505376344086,1.25,17.25,0.0752688172042999,1.0387096774193385,2,1.0,0,2022-12-01,1.1591397849462366,3.9885277246653925,1.7808336914482166,partial_bearish,1.0104549854791869,1.6738025368419365,bullish,bullish,True,True,True,False
66,59864,59865,59865,2022-12-01 15:29:00+00:00,2022-12-01 15:30:00+00:00,2022-12-01 15:30:00+00:00,long,11963.75,11963.5,11963.75,11948.035714285714,11988.75,12013.75,12038.75,12063.75,78.0,near_trigger,68.27636363636364,15.714285714286234,False,False,False,False,True,stop,11948.035714285714,11947.785714285714,-15.964285714286234,0.0,-15.964285714286234,-1.0159090909090904,4.5,20.0,0.2863636363636269,1.2727272727272307,1,0.0,0,2022-12-01,0.09545454545454546,3.9885277246653925,1.7808336914482166,strong_bearish,0.8097973512047231,1.568294190358467,bullish,bullish,True,True,True,True
67,62575,62576,62579,2022-12-05 14:40:00+00:00,2022-12-05 14:41:00+00:00,2022-12-05 14:44:00+00:00,short,11948.75,11949.0,11948.75,11962.94642857143,11923.75,11898.75,11873.75,11848.75,73.28423879446424,near_trigger,-72.28423879446424,14.196428571429351,False,False,False,False,True,stop,11962.94642857143,11963.19642857143,-14.446428571429351,0.0,-14.446428571429351,-1.0176100628930809,3.25,15.0,0.22893081761005032,1.0566037735848477,4,3.0,0,2022-12-05,0.6339622641509434,1.851508120649652,1.5476673427991885,partial_bearish,1.763461790413446,1.028568933331878,bearish,bearish,True,True,False,False
68,62595,62596,62601,2022-12-05 15:00:00+00:00,2022-12-05 15:01:00+00:00,2022-12-05 15:06:00+00:00,short,11899.0,11898.5,11898.25,11914.089285714286,11873.25,11848.25,11823.25,11798.25,70.2,near_trigger,-66.2,15.839285714286234,False,False,False,False,True,stop,11914.089285714286,11914.339285714286,-16.089285714286234,0.0,-16.089285714286234,-1.0157835400225474,24.25,16.5,1.5310033821870974,1.041713641488128,6,5.0,0,2022-12-05,2.919954904171364,0.6135458167330677,0.8904214559386974,strong_bearish,4.071647295117052,2.0756506340587313,bearish,bearish,False,True,True,False
69,63964,63965,63982,2022-12-06 14:49:00+00:00,2022-12-06 14:50:00+00:00,2022-12-06 15:07:00+00:00,short,11730.0,11730.0,11729.75,11743.660714285714,11704.75,11679.75,11654.75,11629.75,70.0,near_trigger,-28.20410783055199,13.910714285713766,True,True,True,True,False,tp4,11629.75,11630.0,99.75,0.0,99.75,7.170731707317341,118.0,1.25,8.482670089859111,0.08985879332477871,18,17.0,4,2022-12-06,0.503209242618742,4.9284332688588,4.0355871886121,partial_bearish,1.0843305380194102,1.520050721191948,bearish,bearish,False,True,True,False
70,63995,63996,64055,2022-12-06 15:20:00+00:00,2022-12-06 15:21:00+00:00,2022-12-06 16:20:00+00:00,short,11647.0,11647.0,11646.75,11659.857142857143,11621.75,11596.75,11571.75,11546.75,76.0,near_trigger,-32.05177111716621,13.107142857143117,True,True,False,False,False,max_holding_time,11621.25,11621.5,25.25,0.0,25.25,1.9264305177111334,57.75,8.5,4.405994550408632,0.6485013623978073,60,59.0,2,2022-12-06,2.0027247956403267,2.072398190045249,5.698644986449865,partial_bearish,1.2101614303509192,1.5397422556631715,bearish,bearish,True,True,False,False
71,65330,65331,65332,2022-12-07 14:35:00+00:00,2022-12-07 14:36:00+00:00,2022-12-07 14:37:00+00:00,short,11569.25,11569.5,11569.25,11585.25,11544.25,11519.25,11494.25,11469.25,76.0,near_trigger,-56.11163152140587,16.0,False,False,False,False,True,stop,11585.25,11585.5,-16.25,0.0,-16.25,-1.015625,0.5,26.75,0.03125,1.671875,2,1.0,0,2022-12-07,2.6875,2.526994359387591,2.165042235217674,strong_bullish,2.496301032057722,1.1026480982426698,bearish,bearish,True,True,False,False
72,65333,65334,65342,2022-12-07 14:38:00+00:00,2022-12-07 14:39:00+00:00,2022-12-07 14:47:00+00:00,short,11587.75,11588.25,11588.0,11606.25,11563.0,11538.0,11513.0,11488.0,70.0,near_trigger,-59.731672617994406,18.25,True,True,True,True,False,tp4,11488.0,11488.25,99.75,0.0,99.75,5.465753424657534,104.5,0.75,5.726027397260274,0.0410958904109589,9,8.0,4,2022-12-07,2.643835616438356,2.526994359387591,2.165042235217674,strong_bullish,1.4298169136878816,1.2908886795617895,bearish,bearish,True,True,False,False
73,65363,65364,65405,2022-12-07 15:08:00+00:00,2022-12-07 15:09:00+00:00,2022-12-07 15:50:00+00:00,short,11520.75,11520.5,11520.25,11538.92857142857,11495.25,11470.25,11445.25,11420.25,75.69707617487586,near_trigger,-68.69707617487586,18.67857142857065,True,True,False,False,True,stop,11538.92857142857,11539.17857142857,-18.92857142857065,0.0,-18.92857142857065,-1.01338432122371,62.75,24.75,3.359464627151192,1.3250478011472828,42,41.0,2,2022-12-07,2.1816443594646273,1.693548387096774,0.45997223507635354,partial_bearish,1.0192633047401385,1.4936495969378878,bearish,bearish,True,True,True,False
74,66726,66727,66728,2022-12-08 14:51:00+00:00,2022-12-08 14:52:00+00:00,2022-12-08 14:53:00+00:00,short,11540.75,11540.75,11540.5,11556.107142857143,11515.5,11490.5,11465.5,11440.5,74.0,near_trigger,-20.409768093172573,15.607142857143117,False,False,False,False,True,stop,11556.107142857143,11556.357142857143,-15.857142857143117,0.0,-15.857142857143117,-1.0160183066361554,3.0,23.0,0.19221967963386408,1.4736842105262913,2,1.0,0,2022-12-08,1.7299771167048055,2.076788830715532,3.094736842105263,partial_bearish,1.1783691284617301,1.530023906623541,bearish,bearish,False,True,True,False
75,66740,66741,66753,2022-12-08 15:05:00+00:00,2022-12-08 15:06:00+00:00,2022-12-08 15:18:00+00:00,long,11628.25,11628.25,11628.5,11614.535714285714,11653.5,11678.5,11703.5,11728.5,71.98312020460358,near_trigger,59.98312020460358,13.964285714286234,False,False,False,False,True,stop,11614.535714285714,11614.285714285714,-14.214285714286234,0.0,-14.214285714286234,-1.017902813299232,16.75,21.0,1.1994884910485486,1.5038363171354938,13,12.0,0,2022-12-08,1.3248081841432227,3.710280373831776,0.7488738738738738,strong_bullish,1.5720080015030449,2.0339758622662014,bullish,bullish,False,True,True,False
76,66754,66755,66813,2022-12-08 15:19:00+00:00,2022-12-08 15:20:00+00:00,2022-12-08 16:18:00+00:00,long,11610.0,11610.25,11610.5,11598.80357142857,11635.5,11660.5,11685.5,11710.5,70.0,near_trigger,54.0,11.696428571429351,True,True,False,False,True,stop,11598.80357142857,11598.55357142857,-11.946428571429351,0.0,-11.946428571429351,-1.0213740458015252,60.75,14.0,5.193893129770646,1.1969465648854165,59,58.0,2,2022-12-08,2.2229007633587785,3.977667493796526,1.743721168631471,partial_bullish,0.4866288439616881,0.6215171444349616,bullish,bullish,True,False,False,False
77,68086,68087,68087,2022-12-09 14:31:00+00:00,2022-12-09 14:32:00+00:00,2022-12-09 14:32:00+00:00,short,11569.25,11569.75,11569.5,11581.19642857143,11544.5,11519.5,11494.5,11469.5,71.61718671935323,near_trigger,-59.61718671935323,11.696428571429351,False,False,False,False,True,stop,11581.19642857143,11581.44642857143,-11.946428571429351,0.0,-11.946428571429351,-1.0213740458015252,19.5,23.75,1.6671755725189727,2.0305343511449028,1,0.0,0,2022-12-09,1.8167938931297711,0.12494422132976349,2.9392265193370166,strong_bearish,6.559719994166546,1.0214833991915337,bearish,bearish,True,True,False,False
78,70849,70850,70851,2022-12-13 14:35:00+00:00,2022-12-13 14:36:00+00:00,2022-12-13 14:37:00+00:00,long,12211.75,12211.5,12211.75,12193.30357142857,12236.75,12261.75,12286.75,12311.75,76.0,near_trigger,35.40517428777623,18.44642857142935,False,False,False,False,True,stop,12193.30357142857,12193.05357142857,-18.69642857142935,0.0,-18.69642857142935,-1.0135527589545008,17.75,28.5,0.9622458857695624,1.5450145208131003,2,1.0,0,2022-12-13,3.5914811229428847,1.0532574974146847,7.176744186046512,partial_bearish,2.216772576747516,1.0867161585847418,bullish,bullish,True,False,False,False
79,72278,72279,72286,2022-12-14 15:24:00+00:00,2022-12-14 15:25:00+00:00,2022-12-14 15:32:00+00:00,long,12020.75,12021.0,12021.25,12011.089285714286,12046.25,12071.25,12096.25,12121.25,70.0,near_trigger,59.4917028541801,10.160714285713766,False,False,False,False,True,stop,12011.089285714286,12010.839285714286,-10.410714285713766,0.0,-10.410714285713766,-1.0246045694200363,23.0,11.75,2.2636203866433497,1.1564147627417112,8,7.0,0,2022-12-14,1.3040421792618628,1.4538461538461538,3.201550387596899,partial_bullish,0.5695165255394701,0.5839654568794492,bullish,bullish,True,False,False,False
80,73608,73609,73613,2022-12-15 14:34:00+00:00,2022-12-15 14:35:00+00:00,2022-12-15 14:39:00+00:00,short,11641.5,11642.25,11642.0,11655.875,11617.0,11592.0,11567.0,11542.0,82.57705496810142,high_probability,-66.57705496810142,13.875,False,False,False,False,True,stop,11655.875,11656.125,-14.125,0.0,-14.125,-1.018018018018018,22.75,14.0,1.6396396396396395,1.009009009009009,5,4.0,0,2022-12-15,3.171171171171171,0.6589506172839507,1.204398447606727,strong_bearish,3.324771023066345,1.378976367784426,bearish,bearish,True,True,True,True
81,73632,73633,73692,2022-12-15 14:58:00+00:00,2022-12-15 14:59:00+00:00,2022-12-15 15:58:00+00:00,short,11570.0,11570.0,11569.75,11587.410714285714,11544.75,11519.75,11494.75,11469.75,70.91991911021233,near_trigger,-66.91991911021233,17.660714285713766,True,True,False,False,False,max_holding_time,11507.25,11507.5,62.25,0.0,62.25,3.524772497472298,66.0,7.25,3.737108190091111,0.41051567239637204,60,59.0,2,2022-12-15,2.3498483316481296,2.7039711191335742,1.2451193058568328,strong_bearish,1.0486422586140955,1.7927126468665173,bearish,bearish,False,True,True,False
82,74993,74994,74996,2022-12-16 14:39:00+00:00,2022-12-16 14:40:00+00:00,2022-12-16 14:42:00+00:00,short,11417.5,11417.75,11417.5,11438.42857142857,11392.5,11367.5,11342.5,11317.5,71.50210100658491,near_trigger,-45.50210100658491,20.92857142857065,False,False,False,False,True,stop,11438.42857142857,11438.67857142857,-21.17857142857065,0.0,-21.17857142857065,-1.011945392491468,11.0,24.75,0.525597269624593,1.1825938566553342,3,2.0,0,2022-12-16,0.9795221843003413,2.2842724978973927,0.8436911487758945,partial_bullish,1.2457149075871075,0.904076770176524,neutral,bearish,True,False,True,False
83,75001,75002,75003,2022-12-16 14:47:00+00:00,2022-12-16 14:48:00+00:00,2022-12-16 14:49:00+00:00,short,11439.25,11439.25,11439.0,11460.55357142857,11414.0,11389.0,11364.0,11339.0,71.65654964514229,near_trigger,-60.65654964514229,21.55357142857065,False,False,False,False,True,stop,11460.55357142857,11460.80357142857,-21.80357142857065,0.0,-21.80357142857065,-1.0115990057995032,0.0,48.75,0.0,2.2618061309031474,2,1.0,0,2022-12-16,0.0115990057995029,2.4279720279720283,1.3132892363199038,partial_bullish,1.415744050213582,1.6681095834128161,neutral,bearish,True,False,True,False
84,77783,77784,77787,2022-12-20 15:09:00+00:00,2022-12-20 15:10:00+00:00,2022-12-20 15:13:00+00:00,short,11169.25,11169.0,11168.75,11185.32142857143,11143.75,11118.75,11093.75,11068.75,74.5940450882623,near_trigger,-74.5940450882623,16.57142857142935,False,False,False,False,True,stop,11185.32142857143,11185.57142857143,-16.82142857142935,0.0,-16.82142857142935,-1.015086206896551,10.75,19.5,0.6487068965516937,1.1767241379309792,4,3.0,0,2022-12-20,0.5732758620689654,1.2893642305407012,0.4745762711864407,partial_bullish,0.87521942294855,1.2856598086037518,bearish,bearish,True,True,True,False
85,79124,79125,79125,2022-12-21 14:30:00+00:00,2022-12-21 14:31:00+00:00,2022-12-21 14:31:00+00:00,long,11229.25,11228.75,11229.0,11223.107142857143,11254.0,11279.0,11304.0,11329.0,82.70223757467387,high_probability,44.70223757467387,5.892857142856883,False,False,False,False,True,stop,11223.107142857143,11222.857142857143,-6.142857142856883,0.0,-6.142857142856883,-1.0424242424242443,0.0,29.25,0.0,4.963636363636582,1,0.0,0,2022-12-21,1.1878787878787878,0.7573770491803279,1.501818181818182,partial_bearish,13.592345607422441,0.9823424228877962,bullish,bullish,True,True,True,False
86,79126,79127,79128,2022-12-21 14:32:00+00:00,2022-12-21 14:33:00+00:00,2022-12-21 14:34:00+00:00,long,11192.5,11192.25,11192.5,11184.05357142857,11217.5,11242.5,11267.5,11292.5,78.0,near_trigger,54.22116856805962,8.446428571429351,False,False,False,False,True,stop,11184.05357142857,11183.80357142857,-8.696428571429351,0.0,-8.696428571429351,-1.0295983086680733,17.0,9.0,2.0126849894289895,1.0655391120506417,2,1.0,0,2022-12-21,3.226215644820296,0.7573770491803279,1.501818181818182,strong_bearish,5.125353030632197,1.1056745964793881,bullish,bullish,True,True,True,False
87,79129,79130,79173,2022-12-21 14:35:00+00:00,2022-12-21 14:36:00+00:00,2022-12-21 15:19:00+00:00,long,11197.25,11197.0,11197.25,11185.642857142857,11222.25,11247.25,11272.25,11297.25,86.62044735080406,high_probability,63.620447350804056,11.607142857143117,True,True,True,True,False,tp4,11297.25,11297.0,99.75,0.0,99.75,8.593846153845961,102.5,2.25,8.830769230769032,0.1938461538461495,44,43.0,4,2022-12-21,2.756923076923077,2.3947368421052633,1.501818181818182,strong_bearish,3.1391710129014547,1.0678668808127592,bullish,bullish,True,True,True,False
88,80505,80506,80535,2022-12-22 14:31:00+00:00,2022-12-22 14:32:00+00:00,2022-12-22 15:01:00+00:00,short,11180.0,11179.75,11179.5,11186.607142857143,11154.5,11129.5,11104.5,11079.5,75.40485782972726,near_trigger,-37.40485782972726,7.107142857143117,True,True,True,True,False,tp4,11079.5,11079.75,99.75,0.0,99.75,14.035175879396471,101.75,0.25,14.31658291457234,0.03517587939698364,30,29.0,4,2022-12-22,2.919597989949749,0.1620658949243099,3.835137385512073,partial_bearish,8.67712747680678,1.2560722871590815,bearish,neutral,True,True,True,True
89,80538,80539,80598,2022-12-22 15:04:00+00:00,2022-12-22 15:05:00+00:00,2022-12-22 16:04:00+00:00,short,11068.75,11068.5,11068.25,11081.607142857143,11043.25,11018.25,10993.25,10968.25,72.216701388986,near_trigger,-64.216701388986,13.357142857143117,True,True,False,False,False,max_holding_time,11018.5,11018.75,49.5,0.0,49.5,3.7058823529411042,69.75,5.75,5.221925133689738,0.4304812834224515,60,59.0,2,2022-12-22,4.080213903743315,0.8968386023294509,3.421641791044776,strong_bearish,1.0844918688760068,0.9754221907779383,bearish,bearish,False,True,True,False
90,81896,81897,81899,2022-12-23 14:42:00+00:00,2022-12-23 14:43:00+00:00,2022-12-23 14:45:00+00:00,long,10996.25,10996.75,10997.0,10968.214285714286,11022.0,11047.0,11072.0,11097.0,70.02507196029777,near_trigger,65.02507196029777,28.785714285713766,False,False,False,False,True,stop,10968.214285714286,10967.964285714286,-29.035714285713766,0.0,-29.035714285713766,-1.0086848635235734,1.75,30.25,0.06079404466501351,1.0508684863523763,3,2.0,0,2022-12-23,1.8933002481389578,2.13510747185261,2.1305589555283557,partial_bearish,1.9049448649479386,1.8734413179837268,bullish,bullish,True,True,False,False
91,81915,81916,81922,2022-12-23 15:01:00+00:00,2022-12-23 15:02:00+00:00,2022-12-23 15:08:00+00:00,short,10948.25,10947.25,10947.0,10971.875,10922.0,10897.0,10872.0,10847.0,73.48739063623604,near_trigger,-56.48739063623604,24.875,True,False,False,False,True,stop,10971.875,10972.125,-25.125,0.0,-25.125,-1.0100502512562815,31.25,31.0,1.256281407035176,1.2462311557788945,7,6.0,1,2022-12-23,0.9246231155778895,1.1755725190839696,3.5092226613965742,partial_bearish,1.6787930246228202,1.4697910591141454,bearish,bearish,True,True,False,False
92,83315,83316,83340,2022-12-27 15:21:00+00:00,2022-12-27 15:22:00+00:00,2022-12-27 15:46:00+00:00,short,11000.5,11000.5,11000.25,11016.107142857143,10975.25,10950.25,10925.25,10900.25,76.0,near_trigger,-35.6,15.857142857143117,True,False,False,False,True,stop,11016.107142857143,11016.357142857143,-16.107142857143117,0.0,-16.107142857143117,-1.0157657657657655,42.75,17.25,2.6959459459459016,1.08783783783782,25,24.0,1,2022-12-27,4.4774774774774775,0.8599889319313779,3.412266666666667,partial_bullish,2.0230759557344062,1.9954416484487651,bearish,bearish,True,True,False,False
93,84667,84668,84669,2022-12-28 14:53:00+00:00,2022-12-28 14:54:00+00:00,2022-12-28 14:55:00+00:00,short,10928.25,10928.0,10927.75,10945.375,10902.75,10877.75,10852.75,10827.75,72.19716312056738,near_trigger,-60.19716312056738,17.625,False,False,False,False,True,stop,10945.375,10945.625,-17.875,0.0,-17.875,-1.0141843971631206,6.5,29.5,0.36879432624113473,1.673758865248227,2,1.0,0,2022-12-28,2.75177304964539,2.6676994577846633,1.2023898431665423,partial_bullish,1.00446807307279,1.5647025655483509,bearish,bearish,True,True,False,False
94,84699,84700,84734,2022-12-28 15:25:00+00:00,2022-12-28 15:26:00+00:00,2022-12-28 16:00:00+00:00,short,10923.5,10923.75,10923.5,10936.642857142857,10898.5,10873.5,10848.5,10823.5,85.96949152542373,high_probability,-61.969491525423734,13.142857142856883,True,True,True,True,False,tp4,10823.5,10823.75,99.75,0.0,99.75,7.589673913043629,100.5,0.75,7.646739130434934,0.057065217391305476,35,34.0,4,2022-12-28,2.8532608695652173,0.19097586568730326,0.943089430894309,partial_bearish,2.447206147424343,2.222988228400062,bearish,bearish,True,True,True,True
95,86029,86030,86072,2022-12-29 14:35:00+00:00,2022-12-29 14:36:00+00:00,2022-12-29 15:18:00+00:00,long,10906.5,10906.25,10906.5,10892.285714285714,10931.5,10956.5,10981.5,11006.5,72.06051210214106,near_trigger,46.06051210214106,14.214285714286234,True,True,True,True,False,tp4,11006.5,11006.25,99.75,0.0,99.75,7.0175879396982355,104.25,8.0,7.334170854271089,0.5628140703517382,43,42.0,4,2022-12-29,1.6884422110552764,0.5861733203505355,1.603883495145631,strong_bullish,2.8608820834969246,0.9635474060034381,bullish,bullish,True,True,False,False
96,87410,87411,87452,2022-12-30 14:36:00+00:00,2022-12-30 14:37:00+00:00,2022-12-30 15:18:00+00:00,short,10927.0,10927.5,10927.25,10942.05357142857,10902.25,10877.25,10852.25,10827.25,70.86055793578372,near_trigger,-36.86055793578372,14.803571428570649,True,True,False,False,True,stop,10942.05357142857,10942.30357142857,-15.053571428570649,0.0,-15.053571428570649,-1.016887816646563,71.75,15.0,4.846803377563584,1.0132689987937809,42,41.0,2,2022-12-30,1.5705669481302773,1.3445378151260505,0.6581782566111655,partial_bullish,1.551003148052436,0.6956210224638598,bearish,bearish,True,True,False,False
97,88787,88788,88788,2023-01-03 14:33:00+00:00,2023-01-03 14:34:00+00:00,2023-01-03 14:34:00+00:00,long,11134.25,11134.0,11134.25,11120.535714285714,11159.25,11184.25,11209.25,11234.25,77.89499172415711,near_trigger,58.89499172415711,13.714285714286234,False,False,False,False,True,stop,11120.535714285714,11120.285714285714,-13.964285714286234,0.0,-13.964285714286234,-1.018229166666666,7.5,24.25,0.5468749999999792,1.7682291666665997,1,0.0,0,2023-01-03,0.765625,0.7878077373974208,1.1355831853167555,strong_bullish,2.888580931263858,0.9663959051963948,bullish,bullish,True,True,True,False
98,88789,88790,88802,2023-01-03 14:35:00+00:00,2023-01-03 14:36:00+00:00,2023-01-03 14:48:00+00:00,long,11109.0,11109.5,11109.75,11093.017857142857,11134.75,11159.75,11184.75,11209.75,73.0,near_trigger,47.78511313371022,16.732142857143117,True,True,False,False,True,stop,11093.017857142857,11092.767857142857,-16.982142857143117,0.0,-16.982142857143117,-1.0149413020277478,72.0,50.75,4.303094983991396,3.0330843116328237,13,12.0,2,2023-01-03,0.4781216648879402,0.24778761061946905,1.1355831853167555,partial_bullish,2.319886640393216,0.9603504848495957,bullish,bullish,True,True,True,False
99,88807,88808,88809,2023-01-03 14:53:00+00:00,2023-01-03 14:54:00+00:00,2023-01-03 14:55:00+00:00,long,11036.25,11036.25,11036.5,11009.517857142857,11061.5,11086.5,11111.5,11136.5,70.608206485771,near_trigger,70.608206485771,26.982142857143117,False,False,False,False,True,stop,11009.517857142857,11009.267857142857,-27.232142857143117,0.0,-27.232142857143117,-1.0092653871608206,6.75,27.25,0.2501654533421551,1.009927200529441,2,1.0,0,2023-01-03,0.9080079417604235,2.225108225108225,1.2538347352795645,partial_bearish,0.9225384793874235,1.5450129533678756,bullish,bullish,True,False,False,False
100,90168,90169,90178,2023-01-04 14:34:00+00:00,2023-01-04 14:35:00+00:00,2023-01-04 14:44:00+00:00,long,10982.0,10982.5,10982.75,10968.214285714286,11007.75,11032.75,11057.75,11082.75,84.98619717827638,high_probability,84.98619717827638,14.535714285713766,True,True,False,False,True,stop,10968.214285714286,10967.964285714286,-14.785714285713766,0.0,-14.785714285713766,-1.0171990171990177,64.0,18.25,4.40294840294856,1.2555282555283005,10,9.0,2,2023-01-04,3.5773955773955772,1.5272727272727273,0.9319826338639653,partial_bullish,2.2667701519015413,0.9864319765309864,bullish,bullish,True,True,True,False
101,90210,90211,90216,2023-01-04 15:16:00+00:00,2023-01-04 15:17:00+00:00,2023-01-04 15:22:00+00:00,long,10918.25,10918.75,10919.0,10895.42857142857,10944.0,10969.0,10994.0,11019.0,77.55015460330547,near_trigger,73.55015460330547,23.57142857142935,False,False,False,False,True,stop,10895.42857142857,10895.17857142857,-23.82142857142935,0.0,-23.82142857142935,-1.0106060606060603,8.75,24.75,0.37121212121210895,1.0499999999999652,6,5.0,0,2023-01-04,1.7924242424242423,2.0476190476190474,3.0455717970765264,partial_bearish,0.5913198337840512,1.157390223828812,bullish,bullish,True,False,False,False
102,92927,92928,92930,2023-01-06 14:33:00+00:00,2023-01-06 14:34:00+00:00,2023-01-06 14:36:00+00:00,long,10920.75,10920.5,10920.75,10904.0,10945.75,10970.75,10995.75,11020.75,73.6,near_trigger,61.599999999999994,16.75,False,False,False,False,True,stop,10904.0,10903.75,-17.0,0.0,-17.0,-1.0149253731343284,24.25,29.25,1.4477611940298507,1.7462686567164178,3,2.0,0,2023-01-06,2.0597014925373136,0.893735130848533,2.5221465076660987,partial_bullish,3.079985072770245,1.6216165642162779,bullish,bullish,True,True,False,False
103,92945,92946,92966,2023-01-06 14:51:00+00:00,2023-01-06 14:52:00+00:00,2023-01-06 15:12:00+00:00,long,10812.5,10812.25,10812.5,10789.55357142857,10837.5,10862.5,10887.5,10912.5,71.43686157454293,near_trigger,47.43686157454293,22.94642857142935,True,True,True,True,False,tp4,10912.5,10912.25,99.75,0.0,99.75,4.347081712062109,105.0,11.25,4.575875486381167,0.49027237354083936,21,20.0,4,2023-01-06,0.6863813229571984,1.8269947800149142,0.4768392370572207,partial_bullish,0.8420661091996366,1.525700510640504,bullish,bullish,False,False,True,False
104,95687,95688,95688,2023-01-10 14:33:00+00:00,2023-01-10 14:34:00+00:00,2023-01-10 14:34:00+00:00,short,11205.0,11205.0,11204.75,11220.07142857143,11179.75,11154.75,11129.75,11104.75,78.0,near_trigger,-69.47702950427202,15.321428571429351,False,False,False,False,True,stop,11220.07142857143,11220.32142857143,-15.571428571429351,0.0,-15.571428571429351,-1.0163170163170154,2.25,41.5,0.14685314685313938,2.708624708624571,1,0.0,0,2023-01-10,4.062937062937063,1.220125786163522,0.8134556574923547,partial_bullish,2.605881225645721,1.1169727282684094,bearish,bearish,True,False,True,False
105,95689,95690,95726,2023-01-10 14:35:00+00:00,2023-01-10 14:36:00+00:00,2023-01-10 15:12:00+00:00,short,11233.25,11233.0,11232.75,11251.125,11207.75,11182.75,11157.75,11132.75,81.85033400578354,high_probability,-61.85033400578354,18.375,True,True,True,False,True,stop,11251.125,11251.375,-18.625,0.0,-18.625,-1.0136054421768708,90.5,34.25,4.925170068027211,1.8639455782312926,37,36.0,3,2023-01-10,4.571428571428571,2.6702484889187375,0.8134556574923547,strong_bullish,2.3128780761179515,1.2483874698623678,bearish,bearish,True,False,True,False
106,95730,95731,95732,2023-01-10 15:16:00+00:00,2023-01-10 15:17:00+00:00,2023-01-10 15:18:00+00:00,long,11282.25,11282.0,11282.25,11264.339285714286,11307.25,11332.25,11357.25,11382.25,80.35872382851446,high_probability,52.35872382851446,17.910714285713766,False,False,False,False,True,stop,11264.339285714286,11264.089285714286,-18.160714285713766,0.0,-18.160714285713766,-1.013958125623131,0.25,26.75,0.013958125623131014,1.4935194416750184,2,1.0,0,2023-01-10,3.1545363908275177,1.6014975041597337,2.9365014338385906,strong_bullish,1.5026849810638179,2.2158873051596233,bullish,bullish,False,True,True,False
107,95739,95740,95742,2023-01-10 15:25:00+00:00,2023-01-10 15:26:00+00:00,2023-01-10 15:28:00+00:00,long,11247.75,11247.5,11247.75,11230.464285714286,11272.75,11297.75,11322.75,11347.75,71.09586776859504,near_trigger,47.09586776859504,17.285714285713766,False,False,False,False,True,stop,11230.464285714286,11230.214285714286,-17.535714285713766,0.0,-17.535714285713766,-1.0144628099173558,2.75,24.25,0.15909090909091386,1.4028925619835133,3,2.0,0,2023-01-10,0.578512396694215,0.5739549839228295,2.9365014338385906,strong_bullish,1.0117357446652935,1.5020263424518745,bullish,bullish,False,True,True,False
108,97067,97068,97127,2023-01-11 14:33:00+00:00,2023-01-11 14:34:00+00:00,2023-01-11 15:33:00+00:00,long,11307.25,11307.0,11307.25,11294.57142857143,11332.25,11357.25,11382.25,11407.25,72.47894859089345,near_trigger,71.47894859089345,12.678571428570649,True,True,True,False,False,max_holding_time,11362.5,11362.25,55.0,0.0,55.0,4.338028169014351,81.5,5.0,6.428169014084903,0.3943661971831228,60,59.0,3,2023-01-11,1.912676056338028,1.1264367816091954,0.6953199617956064,partial_bullish,3.7075951489409267,1.1881223583351241,bullish,bullish,True,True,False,False
109,98498,98499,98558,2023-01-12 15:24:00+00:00,2023-01-12 15:25:00+00:00,2023-01-12 16:24:00+00:00,short,11487.0,11487.5,11487.25,11509.732142857143,11462.25,11437.25,11412.25,11387.25,70.0,near_trigger,-70.0,22.482142857143117,True,True,True,False,False,max_holding_time,11454.5,11454.75,32.5,0.0,32.5,1.4455917394757578,99.0,16.0,4.403494837172308,0.711675933280373,60,59.0,3,2023-01-12,0.43367752184273234,3.0746641674476725,0.7911620990014872,partial_bearish,0.8255323710161497,1.7630002670634468,bearish,bearish,True,False,True,False
110,99877,99878,99884,2023-01-13 15:23:00+00:00,2023-01-13 15:24:00+00:00,2023-01-13 15:30:00+00:00,short,11510.0,11510.5,11510.25,11524.017857142857,11485.25,11460.25,11435.25,11410.25,70.0,near_trigger,-62.669373579773776,13.767857142856883,False,False,False,False,True,stop,11524.017857142857,11524.267857142857,-14.017857142856883,0.0,-14.017857142856883,-1.0181582360570691,7.25,18.0,0.5265888456550034,1.307392996108974,7,6.0,0,2023-01-13,1.6342412451361867,0.9723237597911227,2.6054590570719607,strong_bullish,0.9600688126509412,1.0960042299267316,bearish,bearish,True,True,False,False
111,101209,101210,101214,2023-01-16 14:35:00+00:00,2023-01-16 14:36:00+00:00,2023-01-16 14:40:00+00:00,long,11607.0,11607.25,11607.5,11601.67857142857,11632.5,11657.5,11682.5,11707.5,83.16722881947909,high_probability,83.16722881947909,5.821428571429351,False,False,False,False,True,stop,11601.67857142857,11601.42857142857,-6.071428571429351,0.0,-6.071428571429351,-1.0429447852760678,2.75,9.0,0.4723926380367466,1.5460122699384433,5,4.0,0,2023-01-16,2.705521472392638,0.717948717948718,0.9164345403899722,strong_bullish,7.73109243697479,0.45903602434886737,bullish,bullish,True,True,True,False
112,101234,101235,101238,2023-01-16 15:00:00+00:00,2023-01-16 15:01:00+00:00,2023-01-16 15:04:00+00:00,long,11604.0,11604.25,11604.5,11601.214285714286,11629.5,11654.5,11679.5,11704.5,82.79815137368938,high_probability,70.79815137368938,3.285714285713766,False,False,False,False,True,stop,11601.214285714286,11600.964285714286,-3.535714285713766,0.0,-3.535714285713766,-1.0760869565217512,3.75,6.0,1.1413043478262674,1.826086956522028,4,3.0,0,2023-01-16,1.8260869565217392,0.41363636363636364,0.6387832699619772,strong_bullish,2.96943231441048,0.16660813603064284,bullish,bullish,True,True,True,False
113,102352,102353,102355,2023-01-17 14:38:00+00:00,2023-01-17 14:39:00+00:00,2023-01-17 14:41:00+00:00,short,11567.25,11567.25,11567.0,11582.767857142857,11542.0,11517.0,11492.0,11467.0,73.94562482491013,near_trigger,-41.94562482491013,15.767857142856883,False,False,False,False,True,stop,11582.767857142857,11583.017857142857,-16.017857142856883,0.0,-16.017857142856883,-1.0158550396375994,17.75,22.0,1.1257078142695542,1.3952434881087432,3,2.0,0,2023-01-17,1.363533408833522,0.8067796610169491,2.357076780758557,partial_bullish,2.032111899133176,1.4170253686235001,neutral,bearish,True,True,True,False
114,102402,102403,102405,2023-01-17 15:28:00+00:00,2023-01-17 15:29:00+00:00,2023-01-17 15:31:00+00:00,long,11657.75,11657.5,11657.75,11647.839285714286,11682.75,11707.75,11732.75,11757.75,76.0,near_trigger,68.83210936461245,9.910714285713766,False,False,False,False,True,stop,11647.839285714286,11647.589285714286,-10.160714285713766,0.0,-10.160714285713766,-1.0252252252252265,6.0,14.25,0.6054054054054372,1.4378378378379133,3,2.0,0,2023-01-17,2.5225225225225225,2.0811940298507463,3.3242764323685763,partial_bullish,1.494182243453785,1.477430861802003,bullish,bullish,True,False,False,False
115,103765,103766,103772,2023-01-18 15:11:00+00:00,2023-01-18 15:12:00+00:00,2023-01-18 15:18:00+00:00,long,11727.5,11727.75,11728.0,11714.660714285714,11753.0,11778.0,11803.0,11828.0,82.0,high_probability,45.3063555586283,13.339285714286234,False,False,False,False,True,stop,11714.660714285714,11714.410714285714,-13.589285714286234,0.0,-13.589285714286234,-1.0187416331994639,10.0,34.25,0.7496653279785518,2.56760374832654,7,6.0,0,2023-01-18,1.742971887550201,1.8704839809134286,2.0552188552188553,partial_bullish,0.8394068283710772,1.05279852360218,bullish,bullish,True,True,True,True
116,105117,105118,105177,2023-01-19 14:43:00+00:00,2023-01-19 14:44:00+00:00,2023-01-19 15:43:00+00:00,short,11403.5,11404.0,11403.75,11423.285714285714,11378.75,11353.75,11328.75,11303.75,94.11309565369314,a_plus_plus,-72.11309565369314,19.535714285713766,True,True,False,False,False,max_holding_time,11366.0,11366.25,37.5,0.0,37.5,1.9195612431444753,54.75,14.0,2.8025594149909336,0.716636197440604,60,59.0,2,2023-01-19,1.893967093235832,2.6744186046511627,1.9154228855721394,partial_bullish,1.5203375923103972,1.2985907736977798,bearish,bearish,True,True,True,True
117,106485,106486,106486,2023-01-20 14:31:00+00:00,2023-01-20 14:32:00+00:00,2023-01-20 14:32:00+00:00,long,11411.75,11410.75,11411.0,11402.107142857143,11436.0,11461.0,11486.0,11511.0,82.93261104696441,high_probability,69.93261104696441,8.892857142856883,False,False,False,False,True,stop,11402.107142857143,11401.857142857143,-9.142857142856883,0.0,-9.142857142856883,-1.0281124497991976,8.25,15.5,0.927710843373521,1.7429718875502518,1,0.0,0,2023-01-20,2.4738955823293174,0.9290123456790124,0.6932185145317545,partial_bearish,5.8258101094683585,0.9549204352115294,bullish,bullish,True,True,True,False
118,106487,106488,106488,2023-01-20 14:33:00+00:00,2023-01-20 14:34:00+00:00,2023-01-20 14:34:00+00:00,long,11401.25,11401.25,11401.5,11390.767857142857,11426.5,11451.5,11476.5,11501.5,81.20579833791692,high_probability,47.20579833791692,10.732142857143117,False,False,False,False,True,stop,11390.767857142857,11390.517857142857,-10.982142857143117,0.0,-10.982142857143117,-1.0232945091514138,5.0,12.75,0.4658901830282749,1.188019966722101,1,0.0,0,2023-01-20,3.2146422628951745,0.9290123456790124,0.6932185145317545,partial_bearish,2.6520812615428326,0.7934376062563754,bullish,bullish,True,True,True,False
119,106494,106495,106554,2023-01-20 14:40:00+00:00,2023-01-20 14:41:00+00:00,2023-01-20 15:40:00+00:00,long,11421.5,11421.5,11421.75,11406.017857142857,11446.75,11471.75,11496.75,11521.75,73.06698763943159,near_trigger,61.06698763943159,15.732142857143117,True,True,True,False,False,max_holding_time,11474.25,11474.0,52.25,0.0,52.25,3.3212258796821246,76.5,5.75,4.862656072644642,0.36549375709420506,60,59.0,3,2023-01-20,1.9228149829738932,1.0831408775981526,0.6932185145317545,partial_bearish,1.5593209612859336,0.895202455993751,bullish,bullish,True,False,False,False
120,107865,107866,107881,2023-01-23 14:31:00+00:00,2023-01-23 14:32:00+00:00,2023-01-23 14:47:00+00:00,long,11678.75,11679.25,11679.5,11671.42857142857,11704.5,11729.5,11754.5,11779.5,78.0,near_trigger,78.0,8.071428571429351,True,True,True,True,False,tp4,11779.5,11779.25,99.75,0.0,99.75,12.358407079644824,106.0,5.0,13.13274336283059,0.6194690265486127,16,15.0,4,2023-01-23,3.1283185840707968,0.9634831460674158,0.02676864244741874,partial_bearish,7.096594392731732,0.9112249864017635,bullish,bullish,True,True,True,False
121,107900,107901,107958,2023-01-23 15:06:00+00:00,2023-01-23 15:07:00+00:00,2023-01-23 16:04:00+00:00,long,11798.5,11798.75,11799.0,11786.732142857143,11824.0,11849.0,11874.0,11899.0,85.8787223259344,high_probability,85.8787223259344,12.267857142856883,True,True,True,True,False,tp4,11899.0,11898.75,99.75,0.0,99.75,8.1310043668124,117.25,4.75,9.557496360990013,0.38719068413392377,58,57.0,4,2023-01-23,1.589519650655022,3.4975438596491224,3.465,partial_bullish,0.7911699586637145,0.9460464024414101,bullish,bullish,True,True,True,False
122,109247,109248,109254,2023-01-24 14:33:00+00:00,2023-01-24 14:34:00+00:00,2023-01-24 14:40:00+00:00,short,11876.25,11876.25,11876.0,11886.267857142857,11851.0,11826.0,11801.0,11776.0,70.01033741318378,near_trigger,-48.01033741318378,10.267857142856883,True,False,False,False,True,stop,11886.267857142857,11886.517857142857,-10.517857142856883,0.0,-10.517857142856883,-1.0243478260869572,30.75,17.75,2.994782608695728,1.7286956521739567,7,6.0,1,2023-01-24,1.8260869565217392,1.0870147255689424,1.2552742616033756,partial_bullish,2.5546139635809166,0.7486529917761603,bearish,bearish,True,True,False,False
123,109271,109272,109289,2023-01-24 14:57:00+00:00,2023-01-24 14:58:00+00:00,2023-01-24 15:15:00+00:00,short,11906.25,11906.75,11906.5,11923.44642857143,11881.5,11856.5,11831.5,11806.5,86.85015806111696,high_probability,-62.85015806111696,16.94642857142935,True,True,False,False,True,stop,11923.44642857143,11923.69642857143,-17.19642857142935,0.0,-17.19642857142935,-1.0147523709167539,68.5,30.25,4.042149631190541,1.7850368809272097,18,17.0,2,2023-01-24,1.386722866174921,3.782041442824252,0.7075812274368232,partial_bullish,1.1980543186515975,1.90671031096563,bearish,bearish,True,True,True,True
124,113443,113444,113448,2023-01-27 15:29:00+00:00,2023-01-27 15:30:00+00:00,2023-01-27 15:34:00+00:00,long,12167.25,12167.25,12167.5,12155.07142857143,12192.5,12217.5,12242.5,12267.5,83.06577724981814,high_probability,83.06577724981814,12.428571428570649,False,False,False,False,True,stop,12155.07142857143,12154.82142857143,-12.678571428570649,0.0,-12.678571428570649,-1.0201149425287368,8.5,18.5,0.6839080459770543,1.4885057471265302,5,4.0,0,2023-01-27,0.9051724137931034,0.8500619578686492,3.679715302491103,strong_bullish,1.1726972035682068,1.4687158151462438,bullish,bullish,True,True,True,True
125,116148,116149,116149,2023-01-31 14:34:00+00:00,2023-01-31 14:35:00+00:00,2023-01-31 14:35:00+00:00,long,12024.25,12024.75,12025.0,12010.767857142857,12050.0,12075.0,12100.0,12125.0,81.60009624858426,high_probability,45.600096248584265,14.232142857143117,False,False,False,False,True,stop,12010.767857142857,12010.517857142857,-14.482142857143117,0.0,-14.482142857143117,-1.0175658720200749,3.0,23.5,0.21079046424089953,1.6511919698870463,1,0.0,0,2023-01-31,3.4956085319949812,1.632340425531915,2.0591357088703566,partial_bullish,3.3912429378531073,1.289947080471709,bullish,bullish,True,True,False,False
126,116189,116190,116249,2023-01-31 15:15:00+00:00,2023-01-31 15:16:00+00:00,2023-01-31 16:15:00+00:00,long,12034.25,12034.0,12034.25,12015.392857142857,12059.25,12084.25,12109.25,12134.25,73.28473365034888,near_trigger,67.28473365034888,18.857142857143117,True,True,False,False,False,max_holding_time,12076.25,12076.0,41.75,0.0,41.75,2.214015151515121,58.0,14.75,3.0757575757575335,0.782196969696959,60,59.0,2,2023-01-31,1.6439393939393938,0.24856046065259116,0.9492833517089304,partial_bullish,0.9168482624154146,1.0239135168368065,bullish,bullish,True,True,True,False
127,117532,117533,117538,2023-02-01 14:38:00+00:00,2023-02-01 14:39:00+00:00,2023-02-01 14:44:00+00:00,long,12128.25,12128.5,12128.75,12114.357142857143,12153.75,12178.75,12203.75,12228.75,73.15068462295653,near_trigger,51.15068462295653,14.392857142856883,False,False,False,False,True,stop,12114.357142857143,12114.107142857143,-14.642857142856883,0.0,-14.642857142856883,-1.0173697270471467,6.0,21.25,0.4168734491315212,1.4764267990074709,6,5.0,0,2023-02-01,0.38213399503722084,2.3264705882352943,0.3425531914893617,partial_bullish,1.5511702615878844,0.7553532973060827,bullish,bullish,True,True,False,False
128,118926,118927,118931,2023-02-02 14:52:00+00:00,2023-02-02 14:53:00+00:00,2023-02-02 14:57:00+00:00,long,12699.5,12699.5,12699.75,12676.892857142857,12724.75,12749.75,12774.75,12799.75,80.81138157894736,high_probability,69.81138157894736,22.857142857143117,False,False,False,False,True,stop,12676.892857142857,12676.642857142857,-23.107142857143117,0.0,-23.107142857143117,-1.0109374999999998,20.25,23.25,0.8859374999999899,1.0171874999999884,5,4.0,0,2023-02-02,1.5531249999999999,2.351145038167939,3.1149354640442533,partial_bullish,1.219738313469497,1.7148615963450686,bullish,bullish,True,True,False,False
129,118951,118952,118976,2023-02-02 15:17:00+00:00,2023-02-02 15:18:00+00:00,2023-02-02 15:42:00+00:00,long,12711.75,12711.75,12712.0,12691.892857142857,12737.0,12762.0,12787.0,12812.0,70.22628774422735,near_trigger,66.22628774422735,20.107142857143117,True,True,True,True,False,tp4,12812.0,12811.75,99.75,0.0,99.75,4.960923623445762,104.75,6.75,5.209591474245048,0.33570159857903653,25,24.0,4,2023-02-02,1.492007104795737,1.1753086419753087,0.6784140969162996,partial_bullish,1.5412598834403652,1.7793014784658239,bullish,bullish,False,True,True,False
130,120285,120286,120300,2023-02-03 14:31:00+00:00,2023-02-03 14:32:00+00:00,2023-02-03 14:46:00+00:00,long,12607.75,12607.75,12608.0,12592.142857142857,12633.0,12658.0,12683.0,12708.0,74.63873873873874,near_trigger,20.638738738738738,15.857142857143117,True,True,True,True,False,tp4,12708.0,12707.75,99.75,0.0,99.75,6.290540540540437,107.75,12.0,6.795045045044934,0.7567567567567444,15,14.0,4,2023-02-03,2.9954954954954953,0.49079754601226994,4.299915038232795,partial_bearish,5.912300055157198,1.556749691380437,neutral,neutral,True,True,True,False
131,120330,120331,120390,2023-02-03 15:16:00+00:00,2023-02-03 15:17:00+00:00,2023-02-03 16:16:00+00:00,long,12773.0,12772.5,12772.75,12742.517857142857,12797.75,12822.75,12847.75,12872.75,72.64465445953928,near_trigger,34.64465445953928,30.232142857143117,True,True,True,False,False,max_holding_time,12830.25,12830.0,57.25,0.0,57.25,1.8936798582397947,84.5,13.75,2.7950383933845004,0.45481393975191575,60,59.0,3,2023-02-03,2.604843473124631,0.582903463522476,2.761563712324679,strong_bullish,1.4773184836153352,2.3971641064850213,neutral,bullish,True,True,True,True
132,121671,121672,121673,2023-02-06 14:37:00+00:00,2023-02-06 14:38:00+00:00,2023-02-06 14:39:00+00:00,short,12524.25,12524.25,12524.0,12539.035714285714,12499.0,12474.0,12449.0,12424.0,75.92532028653376,near_trigger,-51.92532028653376,15.035714285713766,False,False,False,False,True,stop,12539.035714285714,12539.285714285714,-15.285714285713766,0.0,-15.285714285713766,-1.0166270783847986,5.0,22.0,0.3325415676959735,1.4631828978622834,2,1.0,0,2023-02-06,2.2114014251781473,3.1383763837638377,0.37454808387563265,partial_bearish,2.43321475130919,1.1637762489035437,bearish,bearish,True,True,False,False
133,121705,121706,121760,2023-02-06 15:11:00+00:00,2023-02-06 15:12:00+00:00,2023-02-06 16:06:00+00:00,short,12554.75,12555.5,12555.25,12574.25,12530.25,12505.25,12480.25,12455.25,70.58558699710753,near_trigger,-32.58558699710753,19.0,True,True,True,False,True,stop,12574.25,12574.5,-19.25,0.0,-19.25,-1.013157894736842,98.75,22.25,5.197368421052632,1.1710526315789473,55,54.0,3,2023-02-06,0.5,1.752988047808765,1.4148061104582843,partial_bullish,1.2534972141849399,1.3996769154773507,neutral,bearish,True,True,True,True
134,123046,123047,123051,2023-02-07 14:32:00+00:00,2023-02-07 14:33:00+00:00,2023-02-07 14:37:00+00:00,short,12509.5,12509.5,12509.25,12519.55357142857,12484.25,12459.25,12434.25,12409.25,83.59861858160913,high_probability,-45.59861858160913,10.303571428570649,False,False,False,False,True,stop,12519.55357142857,12519.80357142857,-10.553571428570649,0.0,-10.553571428570649,-1.0242634315424628,20.75,13.5,2.0138648180244156,1.3102253032929934,5,4.0,0,2023-02-07,0.7521663778162911,0.7170294494238156,2.5045871559633026,partial_bearish,4.81253272119528,0.8457602287445238,bearish,bearish,True,True,True,False
135,125825,125826,125827,2023-02-09 14:51:00+00:00,2023-02-09 14:52:00+00:00,2023-02-09 14:53:00+00:00,long,12697.0,12697.0,12697.25,12678.785714285714,12722.25,12747.25,12772.25,12797.25,75.02956139534093,near_trigger,69.02956139534093,18.464285714286234,False,False,False,False,True,stop,12678.785714285714,12678.535714285714,-18.714285714286234,0.0,-18.714285714286234,-1.0135396518375237,3.75,29.25,0.20309477756285696,1.5841392649902841,2,1.0,0,2023-02-09,1.381044487427466,1.2188235294117646,1.6019900497512438,partial_bearish,0.8746290950929533,0.8836635430156319,bullish,bullish,True,True,True,True
136,129950,129951,129952,2023-02-14 14:36:00+00:00,2023-02-14 14:37:00+00:00,2023-02-14 14:38:00+00:00,long,12470.75,12470.75,12471.0,12446.94642857143,12496.0,12521.0,12546.0,12571.0,73.6875915250401,near_trigger,52.687591525040105,24.05357142857065,False,False,False,False,True,stop,12446.94642857143,12446.69642857143,-24.30357142857065,0.0,-24.30357142857065,-1.0103934669636232,11.0,26.25,0.4573125463994209,1.0913140311804364,2,1.0,0,2023-02-14,2.9101707498144025,0.8016967126193001,2.380054966627405,partial_bearish,1.611291766812762,1.3129044025881764,neutral,bullish,True,True,False,True
137,129993,129994,129995,2023-02-14 15:19:00+00:00,2023-02-14 15:20:00+00:00,2023-02-14 15:21:00+00:00,short,12628.25,12628.25,12628.0,12645.17857142857,12603.0,12578.0,12553.0,12528.0,75.69563409563409,near_trigger,-21.69563409563409,17.17857142857065,False,False,False,False,True,stop,12645.17857142857,12645.42857142857,-17.42857142857065,0.0,-17.42857142857065,-1.0145530145530153,3.5,17.25,0.203742203742213,1.0041580041580498,2,1.0,0,2023-02-14,1.2661122661122661,2.395247524752475,2.0253025302530254,partial_bullish,1.2336945502061414,1.6844566120151343,neutral,bearish,True,True,False,False
138,131369,131370,131429,2023-02-15 15:15:00+00:00,2023-02-15 15:16:00+00:00,2023-02-15 16:15:00+00:00,long,12565.75,12566.25,12566.5,12548.660714285714,12591.5,12616.5,12641.5,12666.5,77.23557804632833,near_trigger,71.23557804632833,17.839285714286234,True,True,False,False,False,max_holding_time,12609.5,12609.25,42.75,0.0,42.75,2.3963963963963266,52.25,10.25,2.9289289289288436,0.5745745745745579,60,59.0,2,2023-02-15,0.7987987987987988,1.8249286393910562,0.637546468401487,partial_bearish,0.5268643306379155,0.5652593021014074,bullish,bullish,True,True,True,True
139,132712,132713,132766,2023-02-16 14:38:00+00:00,2023-02-16 14:39:00+00:00,2023-02-16 15:32:00+00:00,long,12528.25,12528.5,12528.75,12511.357142857143,12553.75,12578.75,12603.75,12628.75,75.92546643895209,near_trigger,68.92546643895209,17.392857142856883,True,True,True,True,False,tp4,12628.75,12628.5,99.75,0.0,99.75,5.735112936345055,101.5,2.0,5.835728952772161,0.11498973305954997,54,53.0,4,2023-02-16,1.1211498973305956,0.19189511323003575,5.380427738172392,strong_bearish,1.7764948453608247,1.1568330486901042,neutral,bullish,True,True,True,False
140,134085,134086,134086,2023-02-17 14:31:00+00:00,2023-02-17 14:32:00+00:00,2023-02-17 14:32:00+00:00,short,12385.0,12385.25,12385.0,12393.589285714286,12360.0,12335.0,12310.0,12285.0,81.87011112920372,high_probability,-51.87011112920372,8.589285714286234,False,False,False,False,True,stop,12393.589285714286,12393.839285714286,-8.839285714286234,0.0,-8.839285714286234,-1.0291060291060274,0.25,16.0,0.029106029106027345,1.86278586278575,1,0.0,0,2023-02-17,3.3180873180873185,0.375,0.7652733118971061,partial_bearish,3.903432228039558,0.6416929655586978,bearish,bearish,True,True,True,True
141,134087,134088,134088,2023-02-17 14:33:00+00:00,2023-02-17 14:34:00+00:00,2023-02-17 14:34:00+00:00,short,12400.25,12400.0,12399.75,12410.05357142857,12374.75,12349.75,12324.75,12299.75,73.0,near_trigger,-55.96434758562222,10.303571428570649,False,False,False,False,True,stop,12410.05357142857,12410.30357142857,-10.553571428570649,0.0,-10.553571428570649,-1.0242634315424628,1.0,17.25,0.09705372616985136,1.674176776429936,1,0.0,0,2023-02-17,0.5095320623916811,0.375,0.7652733118971061,partial_bullish,2.4558426048148845,0.6753556550448566,bearish,bearish,True,True,True,True
142,134089,134090,134107,2023-02-17 14:35:00+00:00,2023-02-17 14:36:00+00:00,2023-02-17 14:53:00+00:00,short,12409.0,12409.0,12408.75,12420.892857142857,12383.75,12358.75,12333.75,12308.75,83.52567451589074,high_probability,-82.52567451589074,12.142857142856883,True,True,True,True,False,tp4,12308.75,12309.0,99.75,0.0,99.75,8.214705882353117,100.75,0.5,8.29705882352959,0.041176470588236175,18,17.0,4,2023-02-17,1.688235294117647,1.0769230769230769,0.7652733118971061,strong_bullish,2.2371945774819384,0.7291519683928319,bearish,bearish,True,True,True,False
143,134114,134115,134117,2023-02-17 15:00:00+00:00,2023-02-17 15:01:00+00:00,2023-02-17 15:03:00+00:00,short,12337.0,12337.0,12336.75,12351.482142857143,12311.75,12286.75,12261.75,12236.75,74.0,near_trigger,-37.88348119219669,14.732142857143117,False,False,False,False,True,stop,12351.482142857143,12351.732142857143,-14.982142857143117,0.0,-14.982142857143117,-1.0169696969696966,4.0,26.0,0.2715151515151467,1.7648484848484538,3,2.0,0,2023-02-17,2.036363636363636,3.2615803814713895,1.689806128830519,partial_bearish,0.9541736694677871,0.6480727521783798,bearish,bearish,True,False,True,False
144,135466,135467,135467,2023-02-20 14:32:00+00:00,2023-02-20 14:33:00+00:00,2023-02-20 14:33:00+00:00,short,12386.5,12386.75,12386.5,12389.42857142857,12361.5,12336.5,12311.5,12286.5,70.8946184268786,near_trigger,-70.8946184268786,2.928571428570649,False,False,False,False,True,stop,12389.42857142857,12389.67857142857,-3.178571428570649,0.0,-3.178571428570649,-1.0853658536585593,0.25,3.0,0.08536585365855931,1.0243902439027117,1,0.0,0,2023-02-20,2.8170731707317076,0.224,1.0059880239520957,strong_bearish,4.62848751835536,0.11827303359824691,bearish,bearish,False,True,True,False
145,135484,135485,135486,2023-02-20 14:50:00+00:00,2023-02-20 14:51:00+00:00,2023-02-20 14:52:00+00:00,short,12387.5,12387.25,12387.0,12390.625,12362.0,12337.0,12312.0,12287.0,71.14190003250522,near_trigger,-68.14190003250522,3.625,False,False,False,False,True,stop,12390.625,12390.875,-3.875,0.0,-3.875,-1.0689655172413792,0.75,4.5,0.20689655172413793,1.2413793103448276,2,1.0,0,2023-02-20,0.13793103448275862,0.8905852417302799,1.8409785932721712,partial_bearish,3.1095176010430245,0.1859957302866947,bearish,bearish,True,False,False,False
146,136622,136623,136627,2023-02-21 14:48:00+00:00,2023-02-21 14:49:00+00:00,2023-02-21 14:53:00+00:00,short,12252.5,12253.0,12252.75,12269.0,12227.75,12202.75,12177.75,12152.75,72.33403423289225,near_trigger,-60.33403423289225,16.25,True,False,False,False,True,stop,12269.0,12269.25,-16.5,0.0,-16.5,-1.0153846153846153,26.5,16.25,1.6307692307692307,1.0,5,4.0,1,2023-02-21,1.7230769230769232,2.6162402669632927,1.4220472440944882,partial_bullish,1.5599013767439012,1.1521581757307031,bearish,bearish,False,True,True,False
147,139409,139410,139410,2023-02-23 15:15:00+00:00,2023-02-23 15:16:00+00:00,2023-02-23 15:16:00+00:00,long,12192.0,12191.75,12192.0,12178.535714285714,12217.0,12242.0,12267.0,12292.0,78.99406713866622,near_trigger,46.994067138666225,13.464285714286234,False,False,False,False,True,stop,12178.535714285714,12178.285714285714,-13.714285714286234,0.0,-13.714285714286234,-1.0185676392572938,0.25,15.5,0.018567639257293714,1.1511936339522102,1,0.0,0,2023-02-23,1.336870026525199,1.896305897602074,1.0329171396140748,partial_bearish,0.9232679700811506,0.9525795926880503,bullish,bullish,True,False,True,False
148,139411,139412,139413,2023-02-23 15:17:00+00:00,2023-02-23 15:18:00+00:00,2023-02-23 15:19:00+00:00,long,12187.25,12187.25,12187.5,12174.160714285714,12212.5,12237.5,12262.5,12287.5,76.59460839467685,near_trigger,65.59460839467685,13.339285714286234,False,False,False,False,True,stop,12174.160714285714,12173.910714285714,-13.589285714286234,0.0,-13.589285714286234,-1.0187416331994639,5.25,13.5,0.3935742971887397,1.012048192771045,2,1.0,0,2023-02-23,0.8808567603748327,1.896305897602074,1.0329171396140748,partial_bearish,0.6392563050526496,0.5943314438146049,bullish,bullish,True,False,True,False
149,140778,140779,140838,2023-02-24 15:04:00+00:00,2023-02-24 15:05:00+00:00,2023-02-24 16:04:00+00:00,short,11980.25,11980.25,11980.0,11995.92857142857,11955.0,11930.0,11905.0,11880.0,71.10120422627341,near_trigger,-48.10120422627341,15.928571428570649,True,True,False,False,False,max_holding_time,11926.25,11926.5,53.5,0.0,53.5,3.3587443946189985,57.25,8.5,3.59417040358762,0.5336322869955418,60,59.0,2,2023-02-24,0.3452914798206278,1.6686046511627906,0.09801633605600933,partial_bearish,0.8335207057547582,0.9202418153675419,bearish,bearish,True,False,True,False
150,142126,142127,142132,2023-02-27 14:32:00+00:00,2023-02-27 14:33:00+00:00,2023-02-27 14:38:00+00:00,long,12128.0,12127.75,12128.0,12119.267857142857,12153.0,12178.0,12203.0,12228.0,71.85431311217214,near_trigger,58.854313112172136,8.732142857143117,False,False,False,False,True,stop,12119.267857142857,12119.017857142857,-8.982142857143117,0.0,-8.982142857143117,-1.0286298568507148,13.0,12.75,1.4887525562371746,1.4601226993864596,6,5.0,0,2023-02-27,0.11451942740286297,0.44717444717444715,3.401500938086304,partial_bearish,4.192991366175724,0.6776489128561227,bullish,bullish,True,True,False,False
151,142148,142149,142191,2023-02-27 14:54:00+00:00,2023-02-27 14:55:00+00:00,2023-02-27 15:37:00+00:00,long,12120.25,12120.25,12120.5,12107.44642857143,12145.5,12170.5,12195.5,12220.5,72.0,near_trigger,48.43969472410727,13.053571428570649,True,True,False,False,True,stop,12107.44642857143,12107.19642857143,-13.303571428570649,0.0,-13.303571428570649,-1.019151846785227,69.0,18.0,5.285909712722614,1.378932968536334,43,42.0,2,2023-02-27,0.7852257181942545,1.3290183387270766,1.9580419580419581,partial_bullish,1.0636762142844567,0.7277413759876662,bullish,bullish,True,True,True,True
152,143510,143511,143570,2023-02-28 14:36:00+00:00,2023-02-28 14:37:00+00:00,2023-02-28 15:36:00+00:00,long,12063.5,12063.75,12064.0,12054.82142857143,12089.0,12114.0,12139.0,12164.0,71.87125562619971,near_trigger,47.87125562619971,9.178571428570649,True,True,False,False,False,max_holding_time,12074.5,12074.25,10.25,0.0,10.25,1.1167315175098225,60.25,8.25,6.564202334630908,0.898832684824979,60,59.0,2,2023-02-28,0.19066147859922178,2.7573062261753494,3.0114942528735633,strong_bearish,1.7568804540184293,0.628952801232127,bullish,bullish,True,True,False,False
153,150456,150457,150462,2023-03-07 15:22:00+00:00,2023-03-07 15:23:00+00:00,2023-03-07 15:28:00+00:00,long,12245.25,12245.0,12245.25,12227.214285714286,12270.25,12295.25,12320.25,12345.25,78.0,near_trigger,22.0,18.035714285713766,False,False,False,False,True,stop,12227.214285714286,12226.964285714286,-18.285714285713766,0.0,-18.285714285713766,-1.0138613861386143,15.5,20.0,0.8594059405940842,1.1089108910891408,6,5.0,0,2023-03-07,1.9683168316831685,5.228710462287104,4.753196930946292,partial_bearish,1.7596760127108872,3.2616733867221614,neutral,bullish,True,True,False,False
154,151789,151790,151794,2023-03-08 14:35:00+00:00,2023-03-08 14:36:00+00:00,2023-03-08 14:40:00+00:00,long,12178.0,12177.25,12177.5,12166.94642857143,12202.5,12227.5,12252.5,12277.5,78.0,near_trigger,72.61209733799208,10.553571428570649,False,False,False,False,True,stop,12166.94642857143,12166.69642857143,-10.803571428570649,0.0,-10.803571428570649,-1.0236886632825737,5.5,12.5,0.5211505922166205,1.1844331641286832,5,4.0,0,2023-03-08,2.771573604060914,0.3181818181818182,0.7012302284710017,partial_bullish,2.4581305788578085,0.9221430811270885,bullish,bullish,True,True,True,False
155,151831,151832,151835,2023-03-08 15:17:00+00:00,2023-03-08 15:18:00+00:00,2023-03-08 15:21:00+00:00,long,12163.75,12164.75,12165.0,12146.357142857143,12190.0,12215.0,12240.0,12265.0,70.93637395765501,near_trigger,55.93637395765501,18.642857142856883,False,False,False,False,True,stop,12146.357142857143,12146.107142857143,-18.892857142856883,0.0,-18.892857142856883,-1.0134099616858239,5.75,31.0,0.3084291187739507,1.6628352490421687,4,3.0,0,2023-03-08,1.0996168582375478,0.3011797362942401,0.27615062761506276,partial_bearish,0.43577816796558133,0.6237415675842506,bullish,bullish,True,True,True,True
156,153169,153170,153171,2023-03-09 14:35:00+00:00,2023-03-09 14:36:00+00:00,2023-03-09 14:37:00+00:00,long,12281.75,12281.5,12281.75,12270.767857142857,12306.75,12331.75,12356.75,12381.75,71.15896148378981,near_trigger,45.15896148378981,10.982142857143117,False,False,False,False,True,stop,12270.767857142857,12270.517857142857,-11.232142857143117,0.0,-11.232142857143117,-1.022764227642276,3.0,20.75,0.2731707317073106,1.8894308943088984,2,1.0,0,2023-03-09,3.004878048780488,0.7427652733118971,4.015420200462606,strong_bullish,2.3620827382537337,1.0905717734364522,bullish,bullish,True,True,False,False
157,153173,153174,153174,2023-03-09 14:39:00+00:00,2023-03-09 14:40:00+00:00,2023-03-09 14:40:00+00:00,long,12287.5,12287.5,12287.75,12274.642857142857,12312.75,12337.75,12362.75,12387.75,82.22618306094216,high_probability,56.22618306094216,13.107142857143117,False,False,False,False,True,stop,12274.642857142857,12274.392857142857,-13.357142857143117,0.0,-13.357142857143117,-1.0190735694822886,3.5,17.5,0.2670299727520383,1.3351498637601915,1,0.0,0,2023-03-09,0.9536784741144414,0.7427652733118971,4.015420200462606,strong_bullish,1.5168371537370269,1.1137914964774254,bullish,bullish,True,True,True,False
158,153181,153182,153211,2023-03-09 14:47:00+00:00,2023-03-09 14:48:00+00:00,2023-03-09 15:17:00+00:00,long,12317.0,12316.75,12317.0,12302.535714285714,12342.0,12367.0,12392.0,12417.0,80.99830687830688,high_probability,52.99830687830688,14.464285714286234,True,False,False,False,True,stop,12302.535714285714,12302.285714285714,-14.714285714286234,0.0,-14.714285714286234,-1.0172839506172833,36.75,34.75,2.5407407407406493,2.4024691358023826,30,29.0,1,2023-03-09,3.4222222222222225,0.6081771720613287,4.268636668905305,strong_bullish,2.2476536805796945,2.17574737931927,bullish,bullish,False,True,True,False
159,158300,158301,158301,2023-03-15 14:06:00+00:00,2023-03-15 14:07:00+00:00,2023-03-15 14:07:00+00:00,short,12241.75,12241.25,12241.0,12264.285714285714,12216.0,12191.0,12166.0,12141.0,72.0,near_trigger,-60.76481922984848,23.285714285713766,False,False,False,False,True,stop,12264.285714285714,12264.535714285714,-23.535714285713766,0.0,-23.535714285713766,-1.0107361963190187,6.75,27.75,0.2898773006135034,1.1917177914110695,1,0.0,0,2023-03-15,2.0291411042944785,0.3522012578616352,1.4196925089957475,strong_bullish,0.8392533502665661,0.7383011160636354,bearish,bearish,True,False,True,False
160,158302,158303,158362,2023-03-15 14:08:00+00:00,2023-03-15 14:09:00+00:00,2023-03-15 15:08:00+00:00,short,12245.5,12245.25,12245.0,12269.107142857143,12220.0,12195.0,12170.0,12145.0,76.43770429063457,near_trigger,-56.43770429063457,24.107142857143117,True,True,True,False,False,max_holding_time,12243.0,12243.25,1.75,0.0,1.75,0.0725925925925918,93.5,9.5,3.8785185185184767,0.3940740740740698,60,59.0,3,2023-03-15,1.6488888888888888,0.3522012578616352,1.4196925089957475,strong_bullish,1.0265148933269717,0.9444848606477184,bearish,bearish,True,False,True,False
161,159660,159661,159663,2023-03-16 13:46:00+00:00,2023-03-16 13:47:00+00:00,2023-03-16 13:49:00+00:00,short,12342.25,12342.5,12342.25,12360.964285714286,12317.25,12292.25,12267.25,12242.25,73.96835664109987,near_trigger,-39.968356641099874,18.714285714286234,False,False,False,False,True,stop,12360.964285714286,12361.214285714286,-18.964285714286234,0.0,-18.964285714286234,-1.013358778625954,7.5,19.0,0.4007633587786148,1.015267175572491,3,2.0,0,2023-03-16,1.482824427480916,0.5539246968730057,1.2598509052183173,partial_bearish,1.5090928590032326,1.2247587784740874,bearish,bearish,True,True,False,False
162,166544,166545,166546,2023-03-23 13:30:00+00:00,2023-03-23 13:31:00+00:00,2023-03-23 13:32:00+00:00,long,12875.5,12875.5,12875.75,12868.57142857143,12900.75,12925.75,12950.75,12975.75,81.97771592372564,high_probability,45.97771592372564,7.178571428570649,False,False,False,False,True,stop,12868.57142857143,12868.32142857143,-7.428571428570649,0.0,-7.428571428570649,-1.03482587064677,6.25,11.25,0.8706467661692487,1.5671641791046478,2,1.0,0,2023-03-23,5.850746268656716,3.1601941747572817,1.8465227817745802,strong_bullish,12.309295539808252,1.4721449046570563,bullish,bullish,False,True,True,False
163,166547,166548,166549,2023-03-23 13:33:00+00:00,2023-03-23 13:34:00+00:00,2023-03-23 13:35:00+00:00,long,12873.25,12873.75,12874.0,12864.5,12899.0,12924.0,12949.0,12974.0,70.0,near_trigger,28.784529562118692,9.5,False,False,False,False,True,stop,12864.5,12864.25,-9.75,0.0,-9.75,-1.0263157894736843,4.25,14.25,0.4473684210526316,1.5,2,1.0,0,2023-03-23,2.8157894736842106,3.1601941747572817,1.8465227817745802,strong_bullish,3.1796542219994985,1.1246012052463665,bullish,bullish,False,True,True,False
164,166584,166585,166595,2023-03-23 14:10:00+00:00,2023-03-23 14:11:00+00:00,2023-03-23 14:21:00+00:00,long,12932.0,12932.5,12932.75,12918.07142857143,12957.75,12982.75,13007.75,13032.75,80.0,high_probability,66.0,14.678571428570649,False,False,False,False,True,stop,12918.07142857143,12917.82142857143,-14.928571428570649,0.0,-14.928571428570649,-1.0170316301703173,12.25,17.0,0.8345498783455431,1.15815085158157,11,10.0,0,2023-03-23,2.0097323600973236,1.4637268847795164,2.339779005524862,strong_bullish,2.190642095290486,2.0470641992232124,bullish,bullish,False,True,True,False
165,167926,167927,167947,2023-03-24 13:32:00+00:00,2023-03-24 13:33:00+00:00,2023-03-24 13:53:00+00:00,short,12801.25,12801.25,12801.0,12813.732142857143,12776.0,12751.0,12726.0,12701.0,73.52342047688029,near_trigger,-56.52342047688029,12.732142857143117,True,True,False,False,True,stop,12813.732142857143,12813.982142857143,-12.982142857143117,0.0,-12.982142857143117,-1.0196353436185128,65.0,14.25,5.10518934081336,1.1192145862552367,21,20.0,2,2023-03-24,0.4908835904628331,1.3444933920704847,1.376,partial_bullish,4.73099975174664,1.3044158485547777,bearish,bearish,True,True,False,False
166,167975,167976,167979,2023-03-24 14:21:00+00:00,2023-03-24 14:22:00+00:00,2023-03-24 14:25:00+00:00,short,12763.5,12763.5,12763.25,12783.410714285714,12738.25,12713.25,12688.25,12663.25,71.8106196161931,near_trigger,-64.8106196161931,20.160714285713766,False,False,False,False,True,stop,12783.410714285714,12783.660714285714,-20.410714285713766,0.0,-20.410714285713766,-1.0124003542958373,6.75,31.25,0.3348095659876083,1.550044286979668,4,3.0,0,2023-03-24,1.2028343666961914,0.36536868268434136,0.07621440536013399,partial_bearish,0.9820347194186516,1.2437882492050556,bearish,bearish,True,False,True,False
167,167981,167982,167983,2023-03-24 14:27:00+00:00,2023-03-24 14:28:00+00:00,2023-03-24 14:29:00+00:00,short,12807.75,12808.0,12807.75,12827.75,12782.75,12757.75,12732.75,12707.75,72.0,near_trigger,-36.986337050143554,20.0,False,False,False,False,True,stop,12827.75,12828.0,-20.25,0.0,-20.25,-1.0125,15.75,23.75,0.7875,1.1875,2,1.0,0,2023-03-24,1.85,0.9807846277021618,0.07621440536013399,partial_bullish,0.7817292337329852,1.0295786873205581,bearish,bearish,True,False,True,False
168,169304,169305,169309,2023-03-27 13:30:00+00:00,2023-03-27 13:31:00+00:00,2023-03-27 13:35:00+00:00,short,12915.25,12915.0,12914.75,12920.857142857143,12889.75,12864.75,12839.75,12814.75,70.72163648702495,near_trigger,-65.72163648702495,6.107142857143117,False,False,False,False,True,stop,12920.857142857143,12921.107142857143,-6.357142857143117,0.0,-6.357142857143117,-1.0409356725146182,23.75,6.25,3.8888888888887236,1.0233918128654536,5,4.0,0,2023-03-27,0.7777777777777778,0.5823627287853577,1.3125,strong_bearish,9.394586894586894,0.8479520415297209,bearish,neutral,True,True,True,True
169,169315,169316,169318,2023-03-27 13:41:00+00:00,2023-03-27 13:42:00+00:00,2023-03-27 13:44:00+00:00,short,12919.25,12919.75,12919.5,12935.714285714286,12894.5,12869.5,12844.5,12819.5,78.0,near_trigger,-64.08203289499536,16.214285714286234,False,False,False,False,True,stop,12935.714285714286,12935.964285714286,-16.464285714286234,0.0,-16.464285714286234,-1.0154185022026427,0.0,21.25,0.0,1.3105726872246275,3,2.0,0,2023-03-27,1.2488986784140967,2.796630565583634,1.3125,partial_bearish,1.6941075369621685,1.2300580001985337,bearish,bearish,True,False,True,False
170,169321,169322,169324,2023-03-27 13:47:00+00:00,2023-03-27 13:48:00+00:00,2023-03-27 13:50:00+00:00,short,12937.75,12938.0,12937.75,12953.19642857143,12912.75,12887.75,12862.75,12837.75,71.76939735113734,near_trigger,-69.76939735113734,15.446428571429351,False,False,False,False,True,stop,12953.19642857143,12953.44642857143,-15.696428571429351,0.0,-15.696428571429351,-1.016184971098265,0.0,27.5,0.0,1.7803468208091586,3,2.0,0,2023-03-27,0.7121387283236994,0.16699801192842942,0.32869565217391306,strong_bullish,0.7482626495141247,0.6707062264939406,bearish,bearish,True,False,True,False
171,169330,169331,169334,2023-03-27 13:56:00+00:00,2023-03-27 13:57:00+00:00,2023-03-27 14:00:00+00:00,short,12928.0,12927.75,12927.5,12941.0,12902.5,12877.5,12852.5,12827.5,73.39259259259259,near_trigger,-65.39259259259259,13.5,False,False,False,False,True,stop,12941.0,12941.25,-13.75,0.0,-13.75,-1.0185185185185186,12.0,18.5,0.8888888888888888,1.3703703703703705,4,3.0,0,2023-03-27,2.3333333333333335,0.8873239436619719,0.32869565217391306,partial_bullish,1.2693677778099568,1.5078696138298788,bearish,bearish,True,False,False,True
172,172069,172070,172073,2023-03-29 13:35:00+00:00,2023-03-29 13:36:00+00:00,2023-03-29 13:39:00+00:00,long,12912.0,12912.25,12912.5,12904.517857142857,12937.5,12962.5,12987.5,13012.5,70.61249696603247,near_trigger,42.61249696603247,7.982142857143117,False,False,False,False,True,stop,12904.517857142857,12904.267857142857,-8.232142857143117,0.0,-8.232142857143117,-1.0313199105145403,7.0,10.5,0.8769574944071303,1.3154362416106955,4,3.0,0,2023-03-29,2.4742729306487696,3.7319277108433733,2.9013732833957553,strong_bullish,2.1287450868105267,0.8919865187657473,bullish,bullish,False,True,True,False
173,172082,172083,172083,2023-03-29 13:48:00+00:00,2023-03-29 13:49:00+00:00,2023-03-29 13:49:00+00:00,long,12921.5,12921.75,12922.0,12910.535714285714,12947.0,12972.0,12997.0,13022.0,81.96199376947041,high_probability,77.96199376947041,11.464285714286234,False,False,False,False,True,stop,12910.535714285714,12910.285714285714,-11.714285714286234,0.0,-11.714285714286234,-1.0218068535825535,2.5,13.5,0.2180685358255353,1.1775700934578905,1,0.0,0,2023-03-29,0.6760124610591901,2.138114209827357,4.335183129855715,strong_bullish,2.073665575208761,1.6659953680394723,bullish,bullish,True,True,True,True
174,173451,173452,173486,2023-03-30 13:37:00+00:00,2023-03-30 13:38:00+00:00,2023-03-30 14:12:00+00:00,long,13046.0,13046.0,13046.25,13035.392857142857,13071.25,13096.25,13121.25,13146.25,70.51774749324021,near_trigger,57.51774749324021,10.857142857143117,True,False,False,False,True,stop,13035.392857142857,13035.142857142857,-11.107142857143117,0.0,-11.107142857143117,-1.0230263157894732,47.75,18.0,4.398026315789369,1.6578947368420656,35,34.0,1,2023-03-30,2.3486842105263155,1.2685082872928177,1.1666666666666667,partial_bullish,2.311305017323239,1.169807889643706,bullish,bullish,True,True,False,False
175,173494,173495,173554,2023-03-30 14:20:00+00:00,2023-03-30 14:21:00+00:00,2023-03-30 15:20:00+00:00,long,13056.0,13055.75,13056.0,13045.392857142857,13081.0,13106.0,13131.0,13156.0,76.30813027764547,near_trigger,75.30813027764547,10.607142857143117,True,True,False,False,False,max_holding_time,13101.25,13101.0,45.0,0.0,45.0,4.242424242424138,56.0,1.75,5.27946127946115,0.16498316498316093,60,59.0,2,2023-03-30,1.1784511784511784,0.436026936026936,0.361731843575419,partial_bearish,0.8031099527322525,1.063614025508015,bullish,bullish,True,True,True,True
176,174824,174825,174884,2023-03-31 13:30:00+00:00,2023-03-31 13:31:00+00:00,2023-03-31 14:30:00+00:00,long,13093.25,13094.0,13094.25,13088.875,13119.25,13144.25,13169.25,13194.25,71.03482608324005,near_trigger,71.03482608324005,5.375,True,True,False,False,False,max_holding_time,13154.5,13154.25,60.0,0.0,60.0,11.162790697674419,68.25,1.0,12.69767441860465,0.18604651162790697,60,59.0,2,2023-03-31,2.6511627906976742,0.36619718309859156,1.019211324570273,partial_bearish,11.776309667814273,1.0033137258010814,bullish,bullish,True,False,False,False
177,177589,177590,177590,2023-04-04 13:35:00+00:00,2023-04-04 13:36:00+00:00,2023-04-04 13:36:00+00:00,short,13271.5,13271.5,13271.25,13278.660714285714,13246.25,13221.25,13196.25,13171.25,70.42305746630079,near_trigger,-23.42305746630079,7.410714285713766,False,False,False,False,True,stop,13278.660714285714,13278.910714285714,-7.660714285713766,0.0,-7.660714285713766,-1.0337349397590385,3.0,11.5,0.4048192771084621,1.5518072289157714,1,0.0,0,2023-04-04,1.4843373493975904,1.5525291828793775,2.904564315352697,strong_bearish,2.0872820872820874,0.6017133991410518,neutral,bearish,True,True,False,False
178,177593,177594,177607,2023-04-04 13:39:00+00:00,2023-04-04 13:40:00+00:00,2023-04-04 13:53:00+00:00,short,13266.75,13267.5,13267.25,13276.732142857143,13242.25,13217.25,13192.25,13167.25,73.7717255088965,near_trigger,-44.771725508896495,9.482142857143117,True,False,False,False,True,stop,13276.732142857143,13276.982142857143,-9.732142857143117,0.0,-9.732142857143117,-1.026365348399246,37.25,11.75,3.928436911487651,1.2391713747645612,14,13.0,1,2023-04-04,1.1337099811676081,1.5525291828793775,2.904564315352697,strong_bearish,1.6590984605161148,0.8671992590019683,neutral,bearish,True,True,True,False
179,177631,177632,177685,2023-04-04 14:17:00+00:00,2023-04-04 14:18:00+00:00,2023-04-04 15:17:00+00:00,short,13294.5,13294.5,13294.25,13307.19642857143,13269.25,13244.25,13219.25,13194.25,71.530223352362,near_trigger,-45.530223352362,12.946428571429351,True,True,False,False,False,max_holding_time,13221.0,13221.25,73.0,0.0,73.0,5.638620689654833,74.0,9.25,5.715862068965173,0.7144827586206466,54,59.0,2,2023-04-04,2.0855172413793106,2.707718993928881,0.5649717514124294,partial_bullish,1.110732828325815,1.1120895352800817,neutral,bearish,True,True,True,True
180,178988,178989,179032,2023-04-05 14:00:00+00:00,2023-04-05 14:01:00+00:00,2023-04-05 14:44:00+00:00,short,13154.0,13154.0,13153.75,13167.142857142857,13128.75,13103.75,13078.75,13053.75,76.0,near_trigger,-69.08130059294723,13.392857142856883,True,True,True,True,False,tp4,13053.75,13054.0,99.75,0.0,99.75,7.448000000000144,106.5,11.0,7.9520000000001545,0.8213333333333492,44,43.0,4,2023-04-05,1.8106666666666666,1.5233949945593037,3.344028520499109,partial_bearish,2.7671861138543425,1.3983742588159664,bearish,bearish,True,False,False,True
181,184055,184056,184057,2023-04-11 14:12:00+00:00,2023-04-11 14:13:00+00:00,2023-04-11 14:14:00+00:00,short,13085.0,13085.25,13085.0,13095.67857142857,13060.0,13035.0,13010.0,12985.0,84.49565217391304,high_probability,-84.49565217391304,10.678571428570649,False,False,False,False,True,stop,13095.67857142857,13095.92857142857,-10.928571428570649,0.0,-10.928571428570649,-1.02341137123746,1.0,12.5,0.09364548494983961,1.170568561872995,2,1.0,0,2023-04-11,1.8494983277591972,0.36942675159235666,2.0334600760456274,strong_bearish,2.1108049035446164,1.8161599973835258,bearish,bearish,True,True,True,False
182,184060,184061,184062,2023-04-11 14:17:00+00:00,2023-04-11 14:18:00+00:00,2023-04-11 14:19:00+00:00,short,13070.75,13070.5,13070.25,13081.0,13045.25,13020.25,12995.25,12970.25,70.04651162790698,near_trigger,-52.04651162790698,10.75,False,False,False,False,True,stop,13081.0,13081.25,-11.0,0.0,-11.0,-1.0232558139534884,1.5,11.25,0.13953488372093023,1.0465116279069768,2,1.0,0,2023-04-11,1.3255813953488371,0.9974248927038627,2.0954446854663775,strong_bearish,2.3619567897721887,2.0598842018196857,bearish,bearish,False,True,True,False
183,185418,185419,185423,2023-04-12 13:55:00+00:00,2023-04-12 13:56:00+00:00,2023-04-12 14:00:00+00:00,long,13074.0,13074.0,13074.25,13058.089285714286,13099.25,13124.25,13149.25,13174.25,73.49484562885928,near_trigger,61.49484562885928,16.160714285713766,False,False,False,False,True,stop,13058.089285714286,13057.839285714286,-16.410714285713766,0.0,-16.410714285713766,-1.015469613259669,5.0,29.25,0.3093922651933801,1.8099447513812736,5,4.0,0,2023-04-12,0.3712707182320442,3.13022113022113,1.0946773433820067,partial_bullish,0.9403560968806657,1.808784605479648,bullish,bullish,True,True,False,False
184,185427,185428,185458,2023-04-12 14:04:00+00:00,2023-04-12 14:05:00+00:00,2023-04-12 14:35:00+00:00,long,13084.25,13084.5,13084.75,13071.55357142857,13109.75,13134.75,13159.75,13184.75,71.71545233524168,near_trigger,43.71545233524168,13.196428571429351,True,False,False,False,True,stop,13071.55357142857,13071.30357142857,-13.446428571429351,0.0,-13.446428571429351,-1.0189445196211084,44.25,18.0,3.3531799729362026,1.3640054127198111,31,30.0,1,2023-04-12,1.45872801082544,2.9830295411690764,3.177433247200689,partial_bearish,0.5890360858257477,0.829541877700518,bullish,bullish,True,False,False,False
185,186774,186775,186834,2023-04-13 13:31:00+00:00,2023-04-13 13:32:00+00:00,2023-04-13 14:31:00+00:00,long,13045.0,13045.25,13045.5,13037.857142857143,13070.5,13095.5,13120.5,13145.5,85.4774193548387,high_probability,61.4774193548387,7.642857142856883,True,True,True,False,False,max_holding_time,13117.0,13116.75,71.25,0.0,71.25,9.322429906542373,93.25,4.5,12.200934579439668,0.588785046728992,60,59.0,3,2023-04-13,4.873831775700935,0.14405986903648269,2.754471544715447,partial_bullish,7.453986232485475,1.5102626242643058,bullish,bullish,True,True,True,True
186,188183,188184,188190,2023-04-14 14:00:00+00:00,2023-04-14 14:01:00+00:00,2023-04-14 14:07:00+00:00,long,13221.0,13220.75,13221.0,13209.67857142857,13246.0,13271.0,13296.0,13321.0,74.0,near_trigger,29.20484851098263,11.321428571429351,True,False,False,False,True,stop,13209.67857142857,13209.42857142857,-11.571428571429351,0.0,-11.571428571429351,-1.0220820189274433,34.0,17.5,3.003154574132285,1.5457413249210292,7,6.0,1,2023-04-14,1.2145110410094637,4.055172413793104,3.872514619883041,partial_bullish,1.9535219399538106,1.2697727656540259,bullish,bullish,False,True,True,False
187,192315,192316,192324,2023-04-19 13:52:00+00:00,2023-04-19 13:53:00+00:00,2023-04-19 14:01:00+00:00,short,13099.5,13099.25,13099.0,13111.160714285714,13074.0,13049.0,13024.0,12999.0,72.21911627286076,near_trigger,-46.21911627286076,12.160714285713766,False,False,False,False,True,stop,13111.160714285714,13111.410714285714,-12.410714285713766,0.0,-12.410714285713766,-1.0205580029368584,10.5,17.75,0.8634361233480545,1.4596182085169493,9,8.0,0,2023-04-19,1.8091042584434653,2.2761290322580647,1.1774358974358976,partial_bullish,1.2333912951139547,1.657302869780798,bearish,neutral,True,False,True,False
188,192346,192347,192350,2023-04-19 14:23:00+00:00,2023-04-19 14:24:00+00:00,2023-04-19 14:27:00+00:00,short,13098.25,13098.5,13098.25,13107.089285714286,13073.25,13048.25,13023.25,12998.25,76.77778829427791,near_trigger,-76.77778829427791,8.839285714286234,False,False,False,False,True,stop,13107.089285714286,13107.339285714286,-9.089285714286234,0.0,-9.089285714286234,-1.0282828282828267,7.0,11.5,0.7919191919191454,1.3010101010100246,4,3.0,0,2023-04-19,1.5555555555555556,0.8503521126760564,1.6547619047619047,partial_bullish,1.0104989717501893,0.9712252668372761,bearish,bearish,True,True,True,False
189,192351,192352,192355,2023-04-19 14:28:00+00:00,2023-04-19 14:29:00+00:00,2023-04-19 14:32:00+00:00,short,13114.0,13114.5,13114.25,13122.482142857143,13089.25,13064.25,13039.25,13014.25,72.0,near_trigger,-65.21626102795213,8.232142857143117,False,False,False,False,True,stop,13122.482142857143,13122.732142857143,-8.482142857143117,0.0,-8.482142857143117,-1.0303687635574827,3.0,11.0,0.36442516268979325,1.336225596529242,4,3.0,0,2023-04-19,1.913232104121475,0.0,1.6547619047619047,partial_bullish,1.119304301051169,0.7504808848280837,bearish,bearish,True,False,True,False
190,195053,195054,195054,2023-04-21 13:30:00+00:00,2023-04-21 13:31:00+00:00,2023-04-21 13:31:00+00:00,short,13047.0,13047.0,13046.75,13052.964285714286,13021.75,12996.75,12971.75,12946.75,85.65122212279132,high_probability,-61.651222122791324,6.214285714286234,False,False,False,False,True,stop,13052.964285714286,13053.214285714286,-6.464285714286234,0.0,-6.464285714286234,-1.0402298850574678,3.75,21.5,0.6034482758620185,3.4597701149422395,1,0.0,0,2023-04-21,4.022988505747127,0.22459893048128343,0.7375231053604435,partial_bullish,8.047243049565392,1.0640276534891473,bearish,bearish,True,True,True,True
191,195055,195056,195109,2023-04-21 13:32:00+00:00,2023-04-21 13:33:00+00:00,2023-04-21 14:26:00+00:00,short,13068.25,13067.75,13067.5,13075.660714285714,13042.5,13017.5,12992.5,12967.5,73.0,near_trigger,-73.0,8.160714285713766,True,True,True,False,True,stop,13075.660714285714,13075.910714285714,-8.410714285713766,0.0,-8.410714285713766,-1.0306345733041595,84.75,11.25,10.385120350110071,1.3785557986871775,54,53.0,3,2023-04-21,0.24507658643326036,0.22459893048128343,0.7375231053604435,strong_bullish,3.0222008109518645,0.7678498572011424,bearish,bearish,True,True,True,True
192,196468,196469,196475,2023-04-24 14:05:00+00:00,2023-04-24 14:06:00+00:00,2023-04-24 14:12:00+00:00,short,13075.25,13075.0,13074.75,13085.232142857143,13049.75,13024.75,12999.75,12974.75,73.70692444367134,near_trigger,-27.70692444367134,10.482142857143117,False,False,False,False,True,stop,13085.232142857143,13085.482142857143,-10.732142857143117,0.0,-10.732142857143117,-1.023850085178875,7.0,12.5,0.6678023850085013,1.1925042589437524,7,6.0,0,2023-04-24,1.9318568994889267,1.1810699588477367,0.44171779141104295,partial_bearish,1.5406696948717515,1.1336555545891678,neutral,bearish,True,True,True,False
193,199195,199196,199197,2023-04-26 13:32:00+00:00,2023-04-26 13:33:00+00:00,2023-04-26 13:34:00+00:00,short,12919.75,12920.25,12920.0,12931.375,12895.0,12870.0,12845.0,12820.0,72.15891736410414,near_trigger,-68.15891736410414,11.375,False,False,False,False,True,stop,12931.375,12931.625,-11.625,0.0,-11.625,-1.021978021978022,7.0,11.5,0.6153846153846154,1.010989010989011,2,1.0,0,2023-04-26,1.4065934065934067,0.4412121212121212,1.054732775273664,partial_bullish,4.60033373687138,1.4911127136978746,bearish,bearish,True,True,False,False
194,199239,199240,199272,2023-04-26 14:16:00+00:00,2023-04-26 14:17:00+00:00,2023-04-26 14:49:00+00:00,short,12927.5,12927.5,12927.25,12940.839285714286,12902.25,12877.25,12852.25,12827.25,80.5387509509648,high_probability,-68.5387509509648,13.589285714286234,True,False,False,False,True,stop,12940.839285714286,12941.089285714286,-13.839285714286234,0.0,-13.839285714286234,-1.018396846254927,31.0,14.5,2.281208935610951,1.0670170827857672,33,32.0,1,2023-04-26,2.5755584756898817,0.3463541666666667,0.18022657054582902,partial_bearish,1.227890386893275,1.8873637051735777,bearish,bearish,True,True,True,True
195,200586,200587,200646,2023-04-27 13:43:00+00:00,2023-04-27 13:44:00+00:00,2023-04-27 14:43:00+00:00,long,13024.5,13024.5,13024.75,13010.07142857143,13049.75,13074.75,13099.75,13124.75,70.48351466740118,near_trigger,69.48351466740118,14.678571428570649,True,True,True,False,False,max_holding_time,13107.5,13107.25,82.5,0.0,82.5,5.620437956204678,90.0,8.75,6.131386861314194,0.5961070559611023,60,59.0,3,2023-04-27,1.635036496350365,0.9309462915601022,0.5875706214689266,partial_bullish,1.536688436419516,1.7767906718489728,bullish,bullish,True,True,False,False
196,201956,201957,201964,2023-04-28 13:33:00+00:00,2023-04-28 13:34:00+00:00,2023-04-28 13:41:00+00:00,long,13203.75,13203.25,13203.5,13192.017857142857,13228.5,13253.5,13278.5,13303.5,78.0,near_trigger,34.18665123359712,11.482142857143117,False,False,False,False,True,stop,13192.017857142857,13191.767857142857,-11.732142857143117,0.0,-11.732142857143117,-1.0217729393468113,11.5,21.5,1.001555209953321,1.8724727838257742,8,7.0,0,2023-04-28,1.1104199066874028,0.24861265260821308,1.781021897810219,partial_bullish,3.323869263783427,1.2666859580035983,bullish,bullish,True,True,True,False
197,202007,202008,202014,2023-04-28 14:24:00+00:00,2023-04-28 14:25:00+00:00,2023-04-28 14:31:00+00:00,long,13285.25,13285.0,13285.25,13276.05357142857,13310.25,13335.25,13360.25,13385.25,70.59456310679612,near_trigger,70.59456310679612,9.196428571429351,False,False,False,False,True,stop,13276.05357142857,13275.80357142857,-9.446428571429351,0.0,-9.446428571429351,-1.0271844660194152,8.0,11.25,0.8699029126212855,1.2233009708736826,7,6.0,0,2023-04-28,1.4135922330097088,2.6462745098039218,1.9949999999999999,strong_bullish,1.1295244611700308,1.814863676341249,bullish,bullish,False,False,True,False
198,203385,203386,203387,2023-05-01 14:22:00+00:00,2023-05-01 14:23:00+00:00,2023-05-01 14:24:00+00:00,long,13291.25,13291.25,13291.5,13280.357142857143,13316.5,13341.5,13366.5,13391.5,83.37435897435897,high_probability,70.37435897435897,11.142857142856883,False,False,False,False,True,stop,13280.357142857143,13280.107142857143,-11.392857142856883,0.0,-11.392857142856883,-1.022435897435898,4.0,11.75,0.35897435897436736,1.0544871794872042,2,1.0,0,2023-05-01,2.266025641025641,1.2453987730061349,0.3729189789123196,strong_bearish,2.02359231894792,2.0629074435564068,bullish,bullish,True,True,True,False
199,203388,203389,203439,2023-05-01 14:25:00+00:00,2023-05-01 14:26:00+00:00,2023-05-01 15:16:00+00:00,long,13284.25,13284.0,13284.25,13274.125,13309.25,13334.25,13359.25,13384.25,72.0,near_trigger,72.0,10.125,True,False,False,False,True,stop,13274.125,13273.875,-10.375,0.0,-10.375,-1.0246913580246915,48.25,21.25,4.765432098765432,2.0987654320987654,51,50.0,1,2023-05-01,1.382716049382716,1.3007662835249043,0.3729189789123196,strong_bearish,0.6930450601735236,0.6690759254255606,bullish,bullish,True,False,True,False
200,208855,208856,208915,2023-05-05 13:32:00+00:00,2023-05-05 13:33:00+00:00,2023-05-05 14:32:00+00:00,long,13152.75,13152.5,13152.75,13144.94642857143,13177.75,13202.75,13227.75,13252.75,71.28896273641308,near_trigger,53.28896273641308,7.803571428570649,True,True,True,False,False,max_holding_time,13247.75,13247.5,94.75,0.0,94.75,12.141876430207162,96.0,6.25,12.302059496568734,0.8009153318078603,60,59.0,3,2023-05-05,2.274599542334096,1.4553014553014554,0.5974781765276431,strong_bullish,4.974480569063216,1.3697326487252126,bullish,bullish,True,True,False,False
201,213021,213022,213065,2023-05-10 13:58:00+00:00,2023-05-10 13:59:00+00:00,2023-05-10 14:42:00+00:00,long,13375.0,13374.75,13375.0,13364.589285714286,13400.0,13425.0,13450.0,13475.0,83.96466552315609,high_probability,71.96466552315609,10.410714285713766,True,True,False,False,True,stop,13364.589285714286,13364.339285714286,-10.660714285713766,0.0,-10.660714285713766,-1.024013722126931,59.0,26.0,5.667238421955686,2.497427101200811,44,43.0,2,2023-05-10,2.9296740994854202,0.7665982203969883,3.2641165755919856,partial_bullish,1.0999509764801114,1.688809536312556,bullish,bullish,True,False,True,False
202,214375,214376,214385,2023-05-11 13:32:00+00:00,2023-05-11 13:33:00+00:00,2023-05-11 13:42:00+00:00,short,13395.25,13395.0,13394.75,13402.517857142857,13369.75,13344.75,13319.75,13294.75,84.84615384615384,high_probability,-46.84615384615384,7.767857142856883,False,False,False,False,True,stop,13402.517857142857,13402.767857142857,-8.017857142856883,0.0,-8.017857142856883,-1.032183908045978,16.75,12.0,2.156321839080532,1.5448275862069483,10,9.0,0,2023-05-11,3.829885057471264,0.2716688227684347,0.461961503208066,partial_bearish,5.866509727895867,1.9205313024162474,bearish,bearish,True,True,True,False
203,215784,215785,215786,2023-05-12 14:01:00+00:00,2023-05-12 14:02:00+00:00,2023-05-12 14:03:00+00:00,short,13425.5,13425.0,13424.75,13436.42857142857,13399.75,13374.75,13349.75,13324.75,80.0,high_probability,-44.0,11.678571428570649,False,False,False,False,True,stop,13436.42857142857,13436.67857142857,-11.928571428570649,0.0,-11.928571428570649,-1.0214067278287475,6.25,12.0,0.5351681957186901,1.0275229357798852,2,1.0,0,2023-05-12,2.7186544342507646,2.8034825870646767,2.3273195876288657,strong_bearish,2.7828002867784636,2.088396630009711,bearish,bearish,False,True,True,False
204,215788,215789,215792,2023-05-12 14:05:00+00:00,2023-05-12 14:06:00+00:00,2023-05-12 14:09:00+00:00,short,13409.0,13408.75,13408.5,13420.80357142857,13383.5,13358.5,13333.5,13308.5,71.9698357376814,near_trigger,-49.96983573768139,12.303571428570649,False,False,False,False,True,stop,13420.80357142857,13421.05357142857,-12.553571428570649,0.0,-12.553571428570649,-1.0203193033381726,6.0,13.75,0.4876632801161412,1.1175616835994902,4,3.0,0,2023-05-12,2.6618287373004352,3.101358411703239,2.3273195876288657,strong_bearish,1.080512689345497,1.058448518255592,bearish,bearish,False,True,True,False
205,219929,219930,219930,2023-05-17 14:06:00+00:00,2023-05-17 14:07:00+00:00,2023-05-17 14:07:00+00:00,long,13497.75,13498.0,13498.25,13490.82142857143,13523.25,13548.25,13573.25,13598.25,72.10583433686696,near_trigger,55.10583433686696,7.428571428570649,False,False,False,False,True,stop,13490.82142857143,13490.57142857143,-7.678571428570649,0.0,-7.678571428570649,-1.0336538461538496,3.75,10.0,0.5048076923077452,1.3461538461539875,1,0.0,0,2023-05-17,2.0528846153846154,2.88659793814433,1.6592592592592592,partial_bearish,1.2792798405183154,1.2669083056990822,neutral,bullish,True,True,True,False
206,224054,224055,224114,2023-05-22 13:51:00+00:00,2023-05-22 13:52:00+00:00,2023-05-22 14:51:00+00:00,short,13940.0,13940.0,13939.75,13951.375,13914.75,13889.75,13864.75,13839.75,70.0,near_trigger,-60.4676859639678,11.625,True,True,True,False,False,max_holding_time,13889.5,13889.75,50.0,0.0,50.0,4.301075268817204,77.75,7.0,6.688172043010753,0.6021505376344086,60,59.0,3,2023-05-22,3.3763440860215055,5.093935790725327,2.8000000000000003,strong_bullish,0.9349191500734999,1.0250699643950827,bearish,bearish,True,False,False,False
207,225415,225416,225434,2023-05-23 13:32:00+00:00,2023-05-23 13:33:00+00:00,2023-05-23 13:51:00+00:00,short,13862.25,13862.0,13861.75,13869.642857142857,13836.75,13811.75,13786.75,13761.75,74.0,near_trigger,-18.611142270788335,7.892857142856883,False,False,False,False,True,stop,13869.642857142857,13869.892857142857,-8.142857142856883,0.0,-8.142857142856883,-1.0316742081447974,22.25,10.25,2.819004524886971,1.2986425339366943,19,18.0,0,2023-05-23,4.244343891402715,1.6809210526315788,1.893503727369542,partial_bearish,4.924657534246576,1.2360721615145753,bearish,bearish,False,False,True,False
208,226797,226798,226799,2023-05-24 13:34:00+00:00,2023-05-24 13:35:00+00:00,2023-05-24 13:36:00+00:00,short,13660.25,13660.25,13660.0,13669.44642857143,13635.0,13610.0,13585.0,13560.0,78.0,near_trigger,-32.07107750472589,9.446428571429351,False,False,False,False,True,stop,13669.44642857143,13669.69642857143,-9.696428571429351,0.0,-9.696428571429351,-1.0264650283553853,1.5,12.75,0.15879017013231203,1.3497164461246522,2,1.0,0,2023-05-24,1.8525519848771268,0.07553956834532374,2.087443946188341,partial_bullish,3.794890781192151,1.8119144422838962,bearish,bearish,True,True,True,False
209,226800,226801,226805,2023-05-24 13:37:00+00:00,2023-05-24 13:38:00+00:00,2023-05-24 13:42:00+00:00,short,13664.0,13663.25,13663.0,13673.892857142857,13638.0,13613.0,13588.0,13563.0,72.73657445949748,near_trigger,-34.736574459497476,10.892857142856883,False,False,False,False,True,stop,13673.892857142857,13674.142857142857,-11.142857142856883,0.0,-11.142857142856883,-1.0229508196721318,7.5,12.0,0.6885245901639508,1.1016393442623214,5,4.0,0,2023-05-24,3.0754098360655737,1.9231905465288037,2.087443946188341,partial_bullish,1.1669827154035617,0.8321934842079084,bearish,bearish,True,True,False,False
210,226808,226809,226868,2023-05-24 13:45:00+00:00,2023-05-24 13:46:00+00:00,2023-05-24 14:45:00+00:00,short,13647.25,13647.5,13647.25,13658.964285714286,13622.25,13597.25,13572.25,13547.25,88.22181133739988,high_probability,-62.221811337399885,11.714285714286234,True,True,False,False,False,max_holding_time,13595.75,13596.0,51.25,0.0,51.25,4.3749999999998055,62.75,8.0,5.356707317072933,0.6829268292682624,60,59.0,2,2023-05-24,1.0670731707317074,1.6916666666666667,0.8416833667334669,partial_bearish,1.611403381759094,1.2406788058961973,bearish,bearish,True,True,True,True
211,228192,228193,228252,2023-05-25 13:49:00+00:00,2023-05-25 13:50:00+00:00,2023-05-25 14:49:00+00:00,long,13866.25,13866.5,13866.75,13851.107142857143,13891.75,13916.75,13941.75,13966.75,78.0,near_trigger,70.49223744292237,15.642857142856883,True,True,False,False,False,max_holding_time,13925.75,13925.5,58.75,0.0,58.75,3.7557077625571402,68.25,15.5,4.363013698630209,0.9908675799086922,60,59.0,2,2023-05-25,2.0136986301369864,3.0285714285714285,1.7439109255393181,strong_bearish,1.616872673804163,2.693302717183314,bullish,bullish,True,True,True,False
212,232082,232083,232086,2023-05-30 13:39:00+00:00,2023-05-30 13:40:00+00:00,2023-05-30 13:43:00+00:00,long,14540.75,14540.75,14541.0,14523.410714285714,14566.0,14591.0,14616.0,14641.0,70.69380710659898,near_trigger,44.69380710659898,17.589285714286234,False,False,False,False,True,stop,14523.410714285714,14523.160714285714,-17.839285714286234,0.0,-17.839285714286234,-1.0142131979695428,18.75,35.0,1.0659898477157046,1.9898477157359817,4,3.0,0,2023-05-30,1.563451776649746,1.0995575221238938,2.217142857142857,partial_bearish,1.7836439262437362,1.597067448680352,bullish,bullish,False,True,True,False
213,232089,232090,232094,2023-05-30 13:46:00+00:00,2023-05-30 13:47:00+00:00,2023-05-30 13:51:00+00:00,long,14508.5,14508.5,14508.75,14488.982142857143,14533.75,14558.75,14583.75,14608.75,73.0,near_trigger,70.34146798851955,19.767857142856883,False,False,False,False,True,stop,14488.982142857143,14488.732142857143,-20.017857142856883,0.0,-20.017857142856883,-1.0126467931345982,17.5,27.5,0.8852755194218725,1.3911472448057998,5,4.0,0,2023-05-30,1.5302619692863595,0.39112571898110104,0.550098231827112,strong_bearish,1.1475252895937709,1.7002096105656332,bullish,bullish,True,True,True,False
214,232110,232111,232123,2023-05-30 14:07:00+00:00,2023-05-30 14:08:00+00:00,2023-05-30 14:20:00+00:00,short,14448.5,14448.75,14448.5,14466.017857142857,14423.5,14398.5,14373.5,14348.5,81.61776858910855,high_probability,-46.61776858910855,17.517857142856883,True,False,False,False,True,stop,14466.017857142857,14466.267857142857,-17.767857142856883,0.0,-17.767857142856883,-1.014271151885831,26.0,20.5,1.4841997961264237,1.1702344546381418,13,12.0,1,2023-05-30,2.1692150866462794,4.002382370458606,2.567292225201072,partial_bearish,1.130883820932197,2.051076719530665,neutral,bearish,True,True,True,False
215,233475,233476,233509,2023-05-31 13:52:00+00:00,2023-05-31 13:53:00+00:00,2023-05-31 14:26:00+00:00,short,14387.0,14386.75,14386.5,14402.875,14361.5,14336.5,14311.5,14286.5,76.96860724959228,near_trigger,-48.96860724959228,16.375,True,True,True,True,False,tp4,14286.5,14286.75,99.75,0.0,99.75,6.091603053435114,111.25,7.0,6.793893129770993,0.42748091603053434,34,33.0,4,2023-05-31,1.0229007633587786,3.824596774193548,2.7857142857142856,partial_bullish,1.1502792059235936,1.397781962753714,bearish,bearish,True,False,False,False
216,234845,234846,234859,2023-06-01 13:42:00+00:00,2023-06-01 13:43:00+00:00,2023-06-01 13:56:00+00:00,short,14292.25,14292.0,14291.75,14310.214285714286,14266.75,14241.75,14216.75,14191.75,72.9754384554879,near_trigger,-61.975438455487904,18.464285714286234,False,False,False,False,True,stop,14310.214285714286,14310.464285714286,-18.714285714286234,0.0,-18.714285714286234,-1.0135396518375237,19.75,20.5,1.0696324951643799,1.1102514506769514,14,13.0,0,2023-06-01,1.841392649903288,0.8880597014925373,0.2471315092674316,partial_bullish,1.289403271005842,1.1124315316422844,bearish,bearish,True,True,True,False
217,234881,234882,234902,2023-06-01 14:18:00+00:00,2023-06-01 14:19:00+00:00,2023-06-01 14:39:00+00:00,short,14309.0,14309.5,14309.25,14321.07142857143,14284.25,14259.25,14234.25,14209.25,81.70376526897957,high_probability,-81.70376526897957,11.821428571429351,True,False,False,False,True,stop,14321.07142857143,14321.32142857143,-12.071428571429351,0.0,-12.071428571429351,-1.021148036253775,36.5,12.25,3.087613293051156,1.036253776434977,21,20.0,1,2023-06-01,0.486404833836858,1.1751085383502171,1.0824742268041236,partial_bullish,1.334291070271028,1.1281960122063224,bearish,bearish,True,True,True,True
218,236228,236229,236229,2023-06-02 13:45:00+00:00,2023-06-02 13:46:00+00:00,2023-06-02 13:46:00+00:00,long,14587.5,14588.0,14588.25,14574.80357142857,14613.25,14638.25,14663.25,14688.25,80.0,high_probability,20.0,13.446428571429351,False,False,False,False,True,stop,14574.80357142857,14574.55357142857,-13.696428571429351,0.0,-13.696428571429351,-1.0185922974767585,0.5,37.0,0.0371845949535171,2.7516600265602653,1,0.0,0,2023-06-02,2.3240371845949537,3.250414593698176,2.725228390723823,partial_bullish,1.8015516537362188,1.6205098068023214,bullish,bullish,True,False,True,False
219,236231,236232,236232,2023-06-02 13:48:00+00:00,2023-06-02 13:49:00+00:00,2023-06-02 13:49:00+00:00,long,14554.25,14554.5,14554.75,14538.892857142857,14579.75,14604.75,14629.75,14654.75,72.77110946563002,near_trigger,28.77110946563002,15.857142857143117,False,False,False,False,True,stop,14538.892857142857,14538.642857142857,-16.107142857143117,0.0,-16.107142857143117,-1.0157657657657655,0.75,19.25,0.04729729729729652,1.2139639639639441,1,0.0,0,2023-06-02,4.225225225225225,3.250414593698176,2.725228390723823,partial_bullish,1.4679219325893453,2.067649057858888,bullish,bullish,True,False,True,False
220,236233,236234,236240,2023-06-02 13:50:00+00:00,2023-06-02 13:51:00+00:00,2023-06-02 13:57:00+00:00,long,14523.25,14523.25,14523.5,14506.160714285714,14548.5,14573.5,14598.5,14623.5,78.0,near_trigger,33.86673532440783,17.339285714286234,False,False,False,False,True,stop,14506.160714285714,14505.910714285714,-17.589285714286234,0.0,-17.589285714286234,-1.014418125643666,24.5,25.75,1.4129763130792574,1.4850669412975868,7,6.0,0,2023-06-02,3.705458290422245,0.17346938775510204,2.725228390723823,partial_bullish,1.3146520146520146,1.6987137769047815,bullish,bullish,True,False,True,False
221,236254,236255,236255,2023-06-02 14:11:00+00:00,2023-06-02 14:12:00+00:00,2023-06-02 14:12:00+00:00,short,14508.5,14508.0,14507.75,14525.089285714286,14482.75,14457.75,14432.75,14407.75,71.13594232749743,near_trigger,-66.13594232749743,17.339285714286234,False,False,False,False,True,stop,14525.089285714286,14525.339285714286,-17.589285714286234,0.0,-17.589285714286234,-1.014418125643666,2.5,20.75,0.1441812564366589,1.196704428424269,1,0.0,0,2023-06-02,0.5767250257466529,3.611390284757119,0.9733403031887089,strong_bearish,0.9856028912065681,1.685957632670889,bearish,bearish,True,False,False,False
222,236264,236265,236271,2023-06-02 14:21:00+00:00,2023-06-02 14:22:00+00:00,2023-06-02 14:28:00+00:00,short,14511.0,14510.75,14510.5,14526.17857142857,14485.5,14460.5,14435.5,14410.5,70.97949886104783,near_trigger,-63.97949886104783,15.678571428570649,True,False,False,False,True,stop,14526.17857142857,14526.42857142857,-15.928571428570649,0.0,-15.928571428570649,-1.0159453302961283,27.5,16.75,1.7539863325741192,1.0683371298406,7,6.0,1,2023-06-02,0.8929384965831435,0.16016640665626625,0.5243445692883895,partial_bearish,1.183608087484076,1.6075925513507956,bearish,bearish,True,True,True,False
223,237614,237615,237615,2023-06-05 13:51:00+00:00,2023-06-05 13:52:00+00:00,2023-06-05 13:52:00+00:00,long,14606.5,14606.5,14606.75,14592.875,14631.75,14656.75,14681.75,14706.75,76.0,near_trigger,61.0,13.875,False,False,False,False,True,stop,14592.875,14592.625,-14.125,0.0,-14.125,-1.018018018018018,0.75,19.75,0.05405405405405406,1.4234234234234233,1,0.0,0,2023-06-05,2.2162162162162162,4.495412844036697,4.931979695431472,partial_bullish,1.698530013363515,1.6534805925768599,bullish,bullish,True,True,False,False
224,237616,237617,237676,2023-06-05 13:53:00+00:00,2023-06-05 13:54:00+00:00,2023-06-05 14:53:00+00:00,long,14590.0,14590.0,14590.25,14575.714285714286,14615.25,14640.25,14665.25,14690.25,70.0,near_trigger,32.0,14.535714285713766,True,True,False,False,False,max_holding_time,14653.0,14652.75,62.5,0.0,62.5,4.299754299754453,70.5,11.25,4.850122850123023,0.7739557739558016,60,59.0,2,2023-06-05,2.5626535626535625,4.495412844036697,4.931979695431472,partial_bullish,0.8827241758390901,0.9716018583528778,bullish,bullish,True,False,False,False
225,238991,238992,238994,2023-06-06 13:48:00+00:00,2023-06-06 13:49:00+00:00,2023-06-06 13:51:00+00:00,long,14552.75,14552.5,14552.75,14540.07142857143,14577.75,14602.75,14627.75,14652.75,75.41352234721187,near_trigger,39.41352234721187,12.678571428570649,False,False,False,False,True,stop,14540.07142857143,14539.82142857143,-12.928571428570649,0.0,-12.928571428570649,-1.0197183098591562,9.0,22.75,0.7098591549296212,1.794366197183209,3,2.0,0,2023-06-06,2.464788732394366,3.454068241469816,2.2660753880266076,partial_bearish,1.0667216877724188,1.1270215403899342,neutral,bullish,True,False,True,False
226,239015,239016,239025,2023-06-06 14:12:00+00:00,2023-06-06 14:13:00+00:00,2023-06-06 14:22:00+00:00,short,14558.75,14558.75,14558.5,14570.25,14533.5,14508.5,14483.5,14458.5,71.04133738601824,near_trigger,-37.04133738601824,11.75,False,False,False,False,True,stop,14570.25,14570.5,-12.0,0.0,-12.0,-1.0212765957446808,15.75,13.75,1.3404255319148937,1.1702127659574468,10,9.0,0,2023-06-06,1.0,1.2272340425531914,1.3655172413793104,partial_bullish,1.4229457415432272,1.5254446858495398,bearish,bearish,False,False,True,False
227,240353,240354,240379,2023-06-07 13:30:00+00:00,2023-06-07 13:31:00+00:00,2023-06-07 13:56:00+00:00,long,14626.25,14626.25,14626.5,14620.25,14651.5,14676.5,14701.5,14726.5,72.0,near_trigger,60.0,6.25,True,False,False,False,True,stop,14620.25,14620.0,-6.5,0.0,-6.5,-1.04,49.0,9.25,7.84,1.48,26,25.0,1,2023-06-07,3.88,0.24347826086956523,0.9183673469387755,partial_bearish,20.79411421230877,1.5976671152983402,bullish,bullish,True,True,False,False
228,241736,241737,241737,2023-06-08 13:33:00+00:00,2023-06-08 13:34:00+00:00,2023-06-08 13:34:00+00:00,long,14373.75,14373.75,14374.0,14362.732142857143,14399.0,14424.0,14449.0,14474.0,82.12348045459605,high_probability,44.12348045459605,11.267857142856883,False,False,False,False,True,stop,14362.732142857143,14362.482142857143,-11.517857142856883,0.0,-11.517857142856883,-1.0221870047543586,0.0,43.0,0.0,3.8161648177496916,1,0.0,0,2023-06-08,3.150554675118859,1.0790513833992095,1.8492706645056727,partial_bullish,3.5279132622945726,1.4043505682450563,bullish,bullish,True,True,True,False
229,241739,241740,241758,2023-06-08 13:36:00+00:00,2023-06-08 13:37:00+00:00,2023-06-08 13:55:00+00:00,long,14359.5,14359.75,14360.0,14342.982142857143,14385.0,14410.0,14435.0,14460.0,78.9916054564533,near_trigger,40.9916054564533,17.017857142856883,True,False,False,False,True,stop,14342.982142857143,14342.732142857143,-17.267857142856883,0.0,-17.267857142856883,-1.0146904512067159,37.0,18.5,2.1741867785939473,1.0870933892969736,19,18.0,1,2023-06-08,0.323189926547744,0.9650959860383944,1.8492706645056727,partial_bearish,2.1294363256784967,1.5648355360385087,bullish,bullish,True,True,True,False
230,241767,241768,241827,2023-06-08 14:04:00+00:00,2023-06-08 14:05:00+00:00,2023-06-08 15:04:00+00:00,long,14388.25,14388.25,14388.5,14373.017857142857,14413.5,14438.5,14463.5,14488.5,74.70261967386887,near_trigger,74.70261967386887,15.482142857143117,True,True,True,False,False,max_holding_time,14472.5,14472.25,83.75,0.0,83.75,5.409457900807291,89.25,3.25,5.764705882352844,0.2099192618223725,60,59.0,3,2023-06-08,0.6136101499423299,1.5917553191489362,0.9649122807017544,strong_bullish,0.8691114503020103,1.115875515058122,bullish,bullish,True,True,True,False
231,243134,243135,243182,2023-06-09 13:51:00+00:00,2023-06-09 13:52:00+00:00,2023-06-09 14:39:00+00:00,long,14654.0,14653.75,14654.0,14640.910714285714,14679.0,14704.0,14729.0,14754.0,73.92454838594546,near_trigger,73.92454838594546,13.089285714286234,True,False,False,False,True,stop,14640.910714285714,14640.660714285714,-13.339285714286234,0.0,-13.339285714286234,-1.0190995907230551,34.0,14.0,2.597544338335504,1.0695770804910898,48,47.0,1,2023-06-09,1.184174624829468,4.703247480403135,4.168539325842697,strong_bullish,1.3107110477917367,1.350774159103043,bullish,bullish,False,True,True,False
232,244108,244109,244168,2023-06-12 14:05:00+00:00,2023-06-12 14:06:00+00:00,2023-06-12 15:05:00+00:00,long,14769.75,14769.5,14769.75,14757.535714285714,14794.75,14819.75,14844.75,14869.75,70.0,near_trigger,57.25947230248009,12.214285714286234,True,True,False,False,False,max_holding_time,14802.75,14802.5,32.75,0.0,32.75,2.681286549707488,63.25,5.75,5.178362573099195,0.4707602339181086,60,59.0,2,2023-06-12,1.3713450292397662,1.08130081300813,0.7007007007007007,strong_bearish,2.7251402345741966,1.175659621899887,bullish,bullish,True,True,True,False
233,245458,245459,245459,2023-06-13 13:35:00+00:00,2023-06-13 13:36:00+00:00,2023-06-13 13:36:00+00:00,long,15116.0,15115.75,15116.0,15103.392857142857,15141.0,15166.0,15191.0,15216.0,72.61349234312134,near_trigger,46.61349234312134,12.607142857143117,False,False,False,False,True,stop,15103.392857142857,15103.142857142857,-12.857142857143117,0.0,-12.857142857143117,-1.0198300283286115,0.75,28.25,0.05949008498583447,2.240793201133098,1,0.0,0,2023-06-13,1.8441926345609065,1.0299943406904357,2.5543859649122806,partial_bullish,2.37745879851143,0.9843932289946951,bullish,bullish,True,True,False,False
234,245502,245503,245514,2023-06-13 14:19:00+00:00,2023-06-13 14:20:00+00:00,2023-06-13 14:31:00+00:00,long,15001.75,15001.75,15002.0,14983.410714285714,15027.0,15052.0,15077.0,15102.0,88.43400576368876,high_probability,70.43400576368876,18.589285714286234,False,False,False,False,True,stop,14983.410714285714,14983.160714285714,-18.839285714286234,0.0,-18.839285714286234,-1.0134486071085491,17.5,22.75,0.9414024975984367,1.2238232468779677,12,11.0,0,2023-06-13,1.0355427473583092,1.4986619090098128,2.9900662251655628,partial_bearish,1.1072654892679792,1.5935580406363208,bullish,bullish,True,True,True,True
235,246839,246840,246842,2023-06-14 13:36:00+00:00,2023-06-14 13:37:00+00:00,2023-06-14 13:39:00+00:00,short,15057.5,15057.75,15057.5,15067.642857142857,15032.5,15007.5,14982.5,14957.5,74.41566826289487,near_trigger,-28.41566826289487,10.142857142856883,False,False,False,False,True,stop,15067.642857142857,15067.892857142857,-10.392857142856883,0.0,-10.392857142856883,-1.0246478873239442,4.5,17.0,0.44366197183099726,1.6760563380282119,3,2.0,0,2023-06-14,2.4647887323943665,0.7296969696969696,1.532258064516129,strong_bearish,2.840731450176319,1.0195853286185885,neutral,bearish,True,True,True,False
236,248216,248217,248217,2023-06-15 13:33:00+00:00,2023-06-15 13:34:00+00:00,2023-06-15 13:34:00+00:00,short,15117.75,15117.75,15117.5,15129.017857142857,15092.5,15067.5,15042.5,15017.5,84.50792211996485,high_probability,-58.507922119964846,11.517857142856883,False,False,False,False,True,stop,15129.017857142857,15129.267857142857,-11.767857142856883,0.0,-11.767857142856883,-1.0217054263565897,0.75,13.5,0.06511627906976891,1.1720930232558404,1,0.0,0,2023-06-15,2.04031007751938,0.27288135593220336,1.6234939759036144,partial_bullish,3.305940994207194,1.1349026499560653,bearish,bearish,True,True,True,False
237,249595,249596,249597,2023-06-16 13:32:00+00:00,2023-06-16 13:33:00+00:00,2023-06-16 13:34:00+00:00,long,15415.75,15416.0,15416.25,15397.339285714286,15441.25,15466.25,15491.25,15516.25,78.0,near_trigger,54.88914069877242,18.910714285713766,False,False,False,False,True,stop,15397.339285714286,15397.089285714286,-19.160714285713766,0.0,-19.160714285713766,-1.0132200188857416,21.5,19.75,1.13692162417378,1.0443814919735888,2,1.0,0,2023-06-16,2.4721435316336167,2.5855855855855854,1.8961881589618816,partial_bullish,3.0019112845424862,1.5768337830206436,bullish,bullish,True,True,True,False
238,249598,249599,249603,2023-06-16 13:35:00+00:00,2023-06-16 13:36:00+00:00,2023-06-16 13:40:00+00:00,long,15394.75,15394.75,15395.0,15371.75,15420.0,15445.0,15470.0,15495.0,78.0,near_trigger,35.90918866080156,23.25,False,False,False,False,True,stop,15371.75,15371.5,-23.5,0.0,-23.5,-1.010752688172043,13.0,27.0,0.5591397849462365,1.1612903225806452,5,4.0,0,2023-06-16,2.3655913978494625,0.4378801042571677,1.8961881589618816,partial_bearish,2.2223532707249114,1.7137140323552482,bullish,bullish,True,True,True,False
239,249614,249615,249616,2023-06-16 13:51:00+00:00,2023-06-16 13:52:00+00:00,2023-06-16 13:53:00+00:00,long,15369.75,15370.25,15370.5,15353.17857142857,15395.5,15420.5,15445.5,15470.5,72.36492280225497,near_trigger,72.36492280225497,17.32142857142935,False,False,False,False,True,stop,15353.17857142857,15352.92857142857,-17.57142857142935,0.0,-17.57142857142935,-1.014432989690721,7.25,25.5,0.418556701030909,1.472164948453542,2,1.0,0,2023-06-16,1.1257731958762887,4.100709219858156,2.429682824655895,partial_bearish,1.0059563203176705,1.3705864925094355,bullish,bullish,True,True,True,False
240,249617,249618,249677,2023-06-16 13:54:00+00:00,2023-06-16 13:55:00+00:00,2023-06-16 14:54:00+00:00,long,15338.75,15338.5,15338.75,15320.839285714286,15363.75,15388.75,15413.75,15438.75,70.0,near_trigger,45.95539000974604,17.910714285713766,True,True,True,False,False,max_holding_time,15369.5,15369.25,30.5,0.0,30.5,1.7028913260219836,75.75,1.75,4.229312063808697,0.09770687936191709,60,59.0,3,2023-06-16,1.1864406779661019,4.100709219858156,2.429682824655895,strong_bearish,1.3166920926803798,1.9883113268808559,bullish,bullish,True,True,True,False
241,252115,252116,252138,2023-06-20 13:32:00+00:00,2023-06-20 13:33:00+00:00,2023-06-20 13:55:00+00:00,long,15260.25,15260.75,15261.0,15249.375,15286.0,15311.0,15336.0,15361.0,71.81949173451764,near_trigger,23.81949173451764,11.625,True,False,False,False,True,stop,15249.375,15249.125,-11.875,0.0,-11.875,-1.021505376344086,49.25,17.75,4.236559139784946,1.5268817204301075,23,22.0,1,2023-06-20,3.5698924731182795,2.431578947368421,1.366183574879227,partial_bearish,4.2057406527787204,1.2743646681470515,bullish,neutral,False,True,True,False
242,252139,252140,252143,2023-06-20 13:56:00+00:00,2023-06-20 13:57:00+00:00,2023-06-20 14:00:00+00:00,long,15237.75,15238.0,15238.25,15223.625,15263.25,15288.25,15313.25,15338.25,78.0,near_trigger,34.7005439005439,14.625,False,False,False,False,True,stop,15223.625,15223.375,-14.875,0.0,-14.875,-1.017094017094017,5.5,24.5,0.37606837606837606,1.6752136752136753,4,3.0,0,2023-06-20,3.128205128205128,1.8120184899845917,1.5768645357686453,partial_bullish,1.457753392235177,1.9237936358634888,bullish,bullish,True,True,True,False
243,253493,253494,253494,2023-06-21 13:30:00+00:00,2023-06-21 13:31:00+00:00,2023-06-21 13:31:00+00:00,short,15179.25,15178.75,15178.5,15185.69642857143,15153.5,15128.5,15103.5,15078.5,83.65660209673969,high_probability,-80.65660209673969,7.196428571429351,False,False,False,False,True,stop,15185.69642857143,15185.94642857143,-7.446428571429351,0.0,-7.446428571429351,-1.0347394540942891,0.0,29.25,0.0,4.0645161290318175,1,0.0,0,2023-06-21,3.0223325062034743,0.6810810810810811,0.5793103448275861,partial_bearish,12.503122898049389,1.070752620924606,bearish,bearish,True,True,True,False
244,254880,254881,254885,2023-06-22 13:37:00+00:00,2023-06-22 13:38:00+00:00,2023-06-22 13:42:00+00:00,short,15019.0,15019.5,15019.25,15032.982142857143,14994.25,14969.25,14944.25,14919.25,71.2244000472869,near_trigger,-49.224400047286906,13.732142857143117,False,False,False,False,True,stop,15032.982142857143,15033.232142857143,-13.982142857143117,0.0,-13.982142857143117,-1.0182054616384912,17.25,24.75,1.256176853055893,1.802340702210629,5,4.0,0,2023-06-22,0.764629388816645,0.9190371991247264,0.7838899803536347,partial_bullish,2.3412854115985247,1.7509059698645815,bearish,bearish,True,False,False,False
245,254907,254908,254908,2023-06-22 14:04:00+00:00,2023-06-22 14:05:00+00:00,2023-06-22 14:05:00+00:00,long,15095.25,15094.75,15095.0,15082.357142857143,15120.0,15145.0,15170.0,15195.0,70.72287291344362,near_trigger,70.72287291344362,12.642857142856883,False,False,False,False,True,stop,15082.357142857143,15082.107142857143,-12.892857142856883,0.0,-12.892857142856883,-1.0197740112994353,2.25,23.0,0.17796610169491892,1.81920903954806,1,0.0,0,2023-06-22,0.9491525423728814,3.5058626465661638,3.317108088761632,strong_bullish,0.7714719190129026,1.0561335146858801,bullish,bullish,False,True,True,False
246,254911,254912,254950,2023-06-22 14:08:00+00:00,2023-06-22 14:09:00+00:00,2023-06-22 14:47:00+00:00,long,15071.0,15071.25,15071.5,15057.410714285714,15096.5,15121.5,15146.5,15171.5,70.0,near_trigger,35.35457368275367,14.089285714286234,True,True,True,False,True,stop,15057.410714285714,15057.160714285714,-14.339285714286234,0.0,-14.339285714286234,-1.0177439797211654,77.75,15.5,5.518377693282432,1.1001267427122534,39,38.0,3,2023-06-22,1.2598225602027884,3.35195530726257,3.317108088761632,partial_bullish,0.7513161156723491,1.0006992463678037,bullish,bullish,True,False,False,False
247,256255,256256,256257,2023-06-23 13:32:00+00:00,2023-06-23 13:33:00+00:00,2023-06-23 13:34:00+00:00,short,15062.5,15063.75,15063.5,15072.69642857143,15038.5,15013.5,14988.5,14963.5,76.0,near_trigger,-25.11195326072908,9.196428571429351,False,False,False,False,True,stop,15072.69642857143,15072.94642857143,-9.446428571429351,0.0,-9.446428571429351,-1.0271844660194152,9.0,20.5,0.9786407766989461,2.229126213592044,2,1.0,0,2023-06-23,2.500970873786408,0.5872259294566253,3.2550000000000003,partial_bearish,6.797945205479452,1.4522914337973782,bearish,bearish,True,False,False,False
248,256258,256259,256318,2023-06-23 13:35:00+00:00,2023-06-23 13:36:00+00:00,2023-06-23 14:35:00+00:00,short,15075.75,15075.5,15075.25,15087.5,15050.25,15025.25,15000.25,14975.25,81.02034422894388,high_probability,-37.020344228943884,12.25,True,True,True,False,False,max_holding_time,15052.75,15053.0,22.25,0.0,22.25,1.816326530612245,90.5,8.5,7.387755102040816,0.6938775510204082,60,59.0,3,2023-06-23,2.2857142857142856,1.585570469798658,3.2550000000000003,partial_bullish,3.38192581118088,1.4029813065880221,bearish,bearish,True,False,False,False
249,259015,259016,259055,2023-06-27 13:32:00+00:00,2023-06-27 13:33:00+00:00,2023-06-27 14:12:00+00:00,long,14901.75,14901.5,14901.75,14892.535714285714,14926.75,14951.75,14976.75,15001.75,78.0,near_trigger,54.70440481080617,9.214285714286234,True,True,True,False,True,stop,14892.535714285714,14892.285714285714,-9.464285714286234,0.0,-9.464285714286234,-1.027131782945735,77.75,13.5,8.437984496123555,1.4651162790696848,40,39.0,3,2023-06-27,1.926356589147287,0.716374269005848,1.0831408775981526,partial_bullish,6.037481575068435,1.3694939864922957,bullish,bullish,True,True,True,False
250,260393,260394,260394,2023-06-28 13:30:00+00:00,2023-06-28 13:31:00+00:00,2023-06-28 13:31:00+00:00,long,15047.25,15047.5,15047.75,15041.25,15072.75,15097.75,15122.75,15147.75,83.57536030614449,high_probability,83.57536030614449,6.5,False,False,False,False,True,stop,15041.25,15041.0,-6.75,0.0,-6.75,-1.0384615384615385,0.0,22.25,0.0,3.423076923076923,1,0.0,0,2023-06-28,1.5,1.7238805970149254,1.5588865096359745,partial_bearish,13.725961538461538,0.9692003826806159,bullish,bullish,True,True,True,False
251,260395,260396,260409,2023-06-28 13:32:00+00:00,2023-06-28 13:33:00+00:00,2023-06-28 13:46:00+00:00,long,15050.5,15050.5,15050.75,15041.232142857143,15075.75,15100.75,15125.75,15150.75,70.8661306990011,near_trigger,44.866130699001104,9.517857142856883,True,True,False,False,True,stop,15041.232142857143,15040.982142857143,-9.767857142856883,0.0,-9.767857142856883,-1.0262664165103197,50.5,13.0,5.305816135084573,1.3658536585366226,14,13.0,2,2023-06-28,2.101313320825516,1.7238805970149254,1.5588865096359745,partial_bearish,6.4084989718985605,1.2526915163404948,bullish,bullish,True,True,False,False
252,260425,260426,260427,2023-06-28 14:02:00+00:00,2023-06-28 14:03:00+00:00,2023-06-28 14:04:00+00:00,long,15079.0,15079.0,15079.25,15062.57142857143,15104.25,15129.25,15154.25,15179.25,72.0,near_trigger,67.72982780062783,16.67857142857065,False,False,False,False,True,stop,15062.57142857143,15062.32142857143,-16.92857142857065,0.0,-16.92857142857065,-1.0149892933618851,0.75,16.75,0.04496788008565521,1.0042826552462996,2,1.0,0,2023-06-28,1.3940042826552463,1.1611374407582937,2.0708333333333333,partial_bullish,0.5486663787607707,0.7616981185942273,bullish,bullish,True,True,True,True
253,260428,260429,260456,2023-06-28 14:05:00+00:00,2023-06-28 14:06:00+00:00,2023-06-28 14:33:00+00:00,long,15057.0,15057.75,15058.0,15041.57142857143,15083.0,15108.0,15133.0,15158.0,72.0,near_trigger,70.0707767665503,16.42857142857065,True,True,True,True,False,tp4,15158.0,15157.75,99.75,0.0,99.75,6.071739130435071,113.25,15.5,6.893478260869892,0.94347826086961,28,27.0,4,2023-06-28,1.7500000000000002,0.35337787676317745,2.0708333333333333,partial_bearish,0.8386769983510977,0.9582681722469185,bullish,bullish,True,True,True,False
254,261773,261774,261774,2023-06-29 13:30:00+00:00,2023-06-29 13:31:00+00:00,2023-06-29 13:31:00+00:00,long,15121.0,15121.25,15121.5,15113.482142857143,15146.5,15171.5,15196.5,15221.5,74.08419211279605,near_trigger,74.08419211279605,8.017857142856883,False,False,False,False,True,stop,15113.482142857143,15113.232142857143,-8.267857142856883,0.0,-8.267857142856883,-1.0311804008908696,8.5,27.75,1.0601336302895668,3.4610244988865264,1,0.0,0,2023-06-29,1.3719376391982183,0.2864768683274021,2.5716639209225702,partial_bearish,5.1533795493934145,0.9075786710618685,bullish,bullish,True,False,True,False
255,261776,261777,261779,2023-06-29 13:33:00+00:00,2023-06-29 13:34:00+00:00,2023-06-29 13:36:00+00:00,long,15125.25,15125.5,15125.75,15113.339285714286,15150.75,15175.75,15200.75,15225.75,76.0338820158606,near_trigger,64.0338820158606,12.410714285713766,False,False,False,False,True,stop,15113.339285714286,15113.089285714286,-12.660714285713766,0.0,-12.660714285713766,-1.0201438848920872,19.0,18.25,1.5309352517986252,1.4705035971223637,3,2.0,0,2023-06-29,0.8863309352517985,0.2864768683274021,2.5716639209225702,partial_bearish,2.4956729194929133,1.1865971241423026,bullish,bullish,True,True,True,False
256,261810,261811,261824,2023-06-29 14:07:00+00:00,2023-06-29 14:08:00+00:00,2023-06-29 14:21:00+00:00,short,15065.75,15065.25,15065.0,15082.535714285714,15040.0,15015.0,14990.0,14965.0,84.4,high_probability,-60.400000000000006,17.535714285713766,True,False,False,False,True,stop,15082.535714285714,15082.785714285714,-17.785714285713766,0.0,-17.785714285713766,-1.0142566191446032,29.75,31.5,1.6965376782077897,1.7963340122200124,14,13.0,1,2023-06-29,2.8228105906313647,0.17796610169491525,2.350032530904359,strong_bearish,3.649666451474069,3.8164429799887487,bearish,bearish,True,True,True,False
257,264588,264589,264648,2023-07-03 14:25:00+00:00,2023-07-03 14:26:00+00:00,2023-07-03 15:25:00+00:00,short,15360.5,15360.5,15360.25,15369.375,15335.25,15310.25,15285.25,15260.25,73.10170361840187,near_trigger,-73.10170361840187,9.125,True,True,False,False,False,max_holding_time,15323.5,15323.75,36.5,0.0,36.5,4.0,51.25,8.75,5.616438356164384,0.958904109589041,60,59.0,2,2023-07-03,0.821917808219178,0.24493554327808473,0.5476429287863591,partial_bullish,1.0764998471670326,0.7298692490297298,bearish,bearish,True,False,True,False
258,270997,270998,271057,2023-07-10 14:00:00+00:00,2023-07-10 14:01:00+00:00,2023-07-10 15:00:00+00:00,long,15123.0,15122.5,15122.75,15106.660714285714,15147.75,15172.75,15197.75,15222.75,80.2170228925765,high_probability,44.217022892576495,16.089285714286234,True,True,True,False,False,max_holding_time,15143.0,15142.75,20.0,0.0,20.0,1.2430632630410254,81.25,0.25,5.049944506104166,0.015538290788012816,60,59.0,3,2023-07-10,1.9267480577136513,2.7719799857040743,1.736,partial_bearish,1.008594300621693,1.2959733992944324,neutral,bullish,True,False,True,False
259,272360,272361,272366,2023-07-11 13:43:00+00:00,2023-07-11 13:44:00+00:00,2023-07-11 13:49:00+00:00,long,15169.0,15169.0,15169.25,15151.267857142857,15194.25,15219.25,15244.25,15269.25,70.39682224428996,near_trigger,48.396822244289964,17.982142857143117,False,False,False,False,True,stop,15151.267857142857,15151.017857142857,-18.232142857143117,0.0,-18.232142857143117,-1.01390268123138,10.5,22.75,0.5839126117179657,1.2651439920555925,6,5.0,0,2023-07-11,3.461767626613704,0.550761421319797,1.6282973621103118,partial_bearish,1.5573687667357148,1.7522667197225932,bullish,bullish,False,True,True,False
260,272381,272382,272396,2023-07-11 14:04:00+00:00,2023-07-11 14:05:00+00:00,2023-07-11 14:19:00+00:00,short,15132.75,15133.0,15132.75,15147.714285714286,15107.75,15082.75,15057.75,15032.75,72.0,near_trigger,-58.0,14.964285714286234,False,False,False,False,True,stop,15147.714285714286,15147.964285714286,-15.214285714286234,0.0,-15.214285714286234,-1.0167064439140805,23.75,18.5,1.5871121718376537,1.2362768496419618,15,14.0,0,2023-07-11,2.2386634844868736,2.2246256239600664,3.2746536267318667,strong_bearish,1.495357028498239,2.1634559703509244,bearish,bearish,False,True,True,False
261,277881,277882,277882,2023-07-17 13:44:00+00:00,2023-07-17 13:45:00+00:00,2023-07-17 13:45:00+00:00,long,15739.25,15739.25,15739.5,15725.19642857143,15764.5,15789.5,15814.5,15839.5,74.0,near_trigger,32.97003745318352,14.303571428570649,False,False,False,False,True,stop,15725.19642857143,15724.94642857143,-14.553571428570649,0.0,-14.553571428570649,-1.017478152309614,2.5,21.5,0.17478152309613937,1.5031210986267984,1,0.0,0,2023-07-17,1.8701622971285892,3.6654545454545455,2.8301435406698565,partial_bullish,1.9025295158112714,1.913840990626085,bullish,bullish,False,False,True,False
262,277896,277897,277956,2023-07-17 13:59:00+00:00,2023-07-17 14:00:00+00:00,2023-07-17 14:59:00+00:00,long,15739.75,15740.0,15740.25,15725.5,15765.25,15790.25,15815.25,15840.25,74.92881355932204,near_trigger,50.92881355932204,14.75,True,False,False,False,False,max_holding_time,15755.75,15755.5,15.25,0.0,15.25,1.0338983050847457,32.0,12.0,2.169491525423729,0.8135593220338984,60,59.0,1,2023-07-17,1.0847457627118644,0.33070866141732286,2.344693281402142,partial_bullish,1.4534043930866165,2.4266112266112265,bullish,bullish,True,False,False,False
263,279303,279304,279305,2023-07-18 14:26:00+00:00,2023-07-18 14:27:00+00:00,2023-07-18 14:28:00+00:00,short,15758.25,15758.25,15758.0,15768.5,15733.0,15708.0,15683.0,15658.0,70.33498964803313,near_trigger,-70.33498964803313,10.5,False,False,False,False,True,stop,15768.5,15768.75,-10.75,0.0,-10.75,-1.0238095238095237,3.75,12.0,0.35714285714285715,1.1428571428571428,2,1.0,0,2023-07-18,1.7380952380952381,0.2161764705882353,1.821998320738875,strong_bearish,1.744333125865842,1.6771229465474973,bearish,bearish,True,True,False,False
264,282010,282011,282011,2023-07-20 13:33:00+00:00,2023-07-20 13:34:00+00:00,2023-07-20 13:34:00+00:00,short,15874.25,15873.75,15873.5,15883.392857142857,15848.5,15823.5,15798.5,15773.5,70.27853047356126,near_trigger,-62.27853047356126,9.892857142856883,False,False,False,False,True,stop,15883.392857142857,15883.642857142857,-10.142857142856883,0.0,-10.142857142856883,-1.0252707581227443,4.5,11.75,0.45487364620939824,1.1877256317689842,1,0.0,0,2023-07-20,4.068592057761733,0.20209973753280838,1.5064935064935066,partial_bullish,3.722755425275401,1.742883704457922,bearish,bearish,True,True,False,False
265,282037,282038,282067,2023-07-20 14:00:00+00:00,2023-07-20 14:01:00+00:00,2023-07-20 14:30:00+00:00,short,15843.5,15843.0,15842.75,15854.80357142857,15817.75,15792.75,15767.75,15742.75,74.8,near_trigger,-36.8,12.053571428570649,True,True,True,True,False,tp4,15742.75,15743.0,99.75,0.0,99.75,8.27555555555609,102.25,4.25,8.482962962963512,0.3525925925926154,30,29.0,4,2023-07-20,2.5096296296296297,0.4175438596491228,1.739457831325301,partial_bearish,2.166145600714605,1.8220068372215334,neutral,bearish,True,True,True,False
266,283410,283411,283417,2023-07-21 13:53:00+00:00,2023-07-21 13:54:00+00:00,2023-07-21 14:00:00+00:00,long,15637.25,15637.5,15637.75,15617.94642857143,15662.75,15687.75,15712.75,15737.75,70.54106074268383,near_trigger,70.54106074268383,19.80357142857065,False,False,False,False,True,stop,15617.94642857143,15617.69642857143,-20.05357142857065,0.0,-20.05357142857065,-1.0126239855725885,12.0,22.25,0.6059513074842439,1.1235347159603688,7,6.0,0,2023-07-21,0.467087466185753,2.473684210526316,0.5035971223021583,strong_bearish,0.8009362038997023,1.5722707386699548,bullish,bullish,True,True,False,False
267,283428,283429,283439,2023-07-21 14:11:00+00:00,2023-07-21 14:12:00+00:00,2023-07-21 14:22:00+00:00,long,15633.5,15633.5,15633.75,15616.839285714286,15658.75,15683.75,15708.75,15733.75,88.2857444561774,high_probability,32.2857444561774,16.910714285713766,False,False,False,False,True,stop,15616.839285714286,15616.589285714286,-17.160714285713766,0.0,-17.160714285713766,-1.0147835269271388,14.25,25.25,0.8426610348469108,1.4931362196410174,11,10.0,0,2023-07-21,1.4192185850052799,2.193333333333333,2.8919708029197078,partial_bearish,1.032045341895998,1.5927496466284194,neutral,bullish,True,True,True,True
268,284784,284785,284786,2023-07-24 13:47:00+00:00,2023-07-24 13:48:00+00:00,2023-07-24 13:49:00+00:00,long,15563.0,15563.0,15563.25,15544.589285714286,15588.25,15613.25,15638.25,15663.25,71.20593301435406,near_trigger,70.20593301435406,18.660714285713766,False,False,False,False,True,stop,15544.589285714286,15544.339285714286,-18.910714285713766,0.0,-18.910714285713766,-1.0133971291866033,5.75,22.0,0.3081339712918746,1.1789473684210854,2,1.0,0,2023-07-24,1.9559808612440193,1.4593939393939392,1.8054298642533935,partial_bullish,2.142604165476585,2.286292485492759,bullish,bullish,True,False,False,False
269,284811,284812,284814,2023-07-24 14:14:00+00:00,2023-07-24 14:15:00+00:00,2023-07-24 14:17:00+00:00,short,15553.25,15552.75,15552.5,15567.67857142857,15527.5,15502.5,15477.5,15452.5,76.0,near_trigger,-34.17741176470588,15.178571428570649,False,False,False,False,True,stop,15567.67857142857,15567.92857142857,-15.428571428570649,0.0,-15.428571428570649,-1.016470588235295,4.0,22.25,0.2635294117647194,1.4658823529412517,3,2.0,0,2023-07-24,3.1623529411764704,3.5180878552971575,2.52863436123348,partial_bearish,1.0508168459075609,1.6518564949669998,bearish,bearish,True,False,False,False
270,287530,287531,287537,2023-07-26 13:33:00+00:00,2023-07-26 13:34:00+00:00,2023-07-26 13:40:00+00:00,short,15579.75,15579.25,15579.0,15591.625,15554.0,15529.0,15504.0,15479.0,81.0,high_probability,-56.0,12.625,False,False,False,False,True,stop,15591.625,15591.875,-12.875,0.0,-12.875,-1.0198019801980198,13.25,15.5,1.0495049504950495,1.2277227722772277,7,6.0,0,2023-07-26,3.0297029702970297,0.19753086419753085,0.1084070796460177,partial_bullish,4.389994895354773,1.606259014454256,bearish,bearish,True,True,True,False
271,288947,288948,288958,2023-07-27 14:10:00+00:00,2023-07-27 14:11:00+00:00,2023-07-27 14:21:00+00:00,long,15841.5,15841.75,15842.0,15829.767857142857,15867.0,15892.0,15917.0,15942.0,70.0,near_trigger,37.958386324324294,12.232142857143117,False,False,False,False,True,stop,15829.767857142857,15829.517857142857,-12.482142857143117,0.0,-12.482142857143117,-1.020437956204379,11.75,18.25,0.9605839416058191,1.4919708029196763,11,10.0,0,2023-07-27,1.7576642335766424,2.3410596026490063,1.6387596899224808,partial_bearish,1.1012914360530859,1.0382214741566729,bullish,bullish,True,False,False,False
272,290297,290298,290357,2023-07-28 13:40:00+00:00,2023-07-28 13:41:00+00:00,2023-07-28 14:40:00+00:00,long,15784.5,15784.75,15785.0,15764.05357142857,15810.0,15835.0,15860.0,15885.0,73.04262574595055,near_trigger,35.042625745950545,20.94642857142935,True,True,False,False,False,max_holding_time,15800.5,15800.25,15.25,0.0,15.25,0.7280477408354376,52.75,14.75,2.5183290707586448,0.7041773231031281,60,59.0,2,2023-07-28,2.052855924978687,1.6786011656952537,1.0615521855486174,strong_bullish,2.5533330007814965,1.8025378267657381,bullish,bullish,True,True,False,False
273,291667,291668,291671,2023-07-31 13:30:00+00:00,2023-07-31 13:31:00+00:00,2023-07-31 13:34:00+00:00,long,15866.75,15867.0,15867.25,15860.517857142857,15892.25,15917.25,15942.25,15967.25,72.2555917852659,near_trigger,72.2555917852659,6.732142857143117,True,False,False,False,True,stop,15860.517857142857,15860.267857142857,-6.982142857143117,0.0,-6.982142857143117,-1.0371352785145875,25.5,22.0,3.7877984084879173,3.2679045092836936,4,3.0,1,2023-07-31,0.25994694960212206,2.171532846715328,1.0892857142857142,strong_bearish,10.722571840169838,0.9056966281341061,bullish,bullish,True,True,False,False
274,291672,291673,291673,2023-07-31 13:35:00+00:00,2023-07-31 13:36:00+00:00,2023-07-31 13:36:00+00:00,long,15866.5,15866.0,15866.25,15853.232142857143,15891.25,15916.25,15941.25,15966.25,80.77086418319251,high_probability,80.77086418319251,13.017857142856883,False,False,False,False,True,stop,15853.232142857143,15852.982142857143,-13.267857142856883,0.0,-13.267857142856883,-1.0192043895747602,4.0,17.25,0.30727023319616525,1.3251028806584626,1,0.0,0,2023-07-31,0.019204389574759947,1.7352112676056337,1.0892857142857142,strong_bearish,2.4112375877936545,0.9635802289906411,bullish,bullish,True,True,True,False
275,291688,291689,291690,2023-07-31 13:51:00+00:00,2023-07-31 13:52:00+00:00,2023-07-31 13:53:00+00:00,long,15874.5,15874.5,15874.75,15860.0,15899.75,15924.75,15949.75,15974.75,71.56599428947406,near_trigger,60.56599428947406,14.75,False,False,False,False,True,stop,15860.0,15859.75,-15.0,0.0,-15.0,-1.0169491525423728,4.75,25.75,0.3220338983050847,1.7457627118644068,2,1.0,0,2023-07-31,1.6779661016949152,0.16247582205029013,0.599791013584117,partial_bullish,0.5595422577184408,0.567662353368001,bullish,bullish,True,True,True,False
276,291704,291705,291732,2023-07-31 14:07:00+00:00,2023-07-31 14:08:00+00:00,2023-07-31 14:35:00+00:00,long,15846.0,15845.75,15846.0,15831.035714285714,15871.0,15896.0,15921.0,15946.0,75.78472553699284,near_trigger,33.78472553699284,14.964285714286234,False,False,False,False,True,stop,15831.035714285714,15830.785714285714,-15.214285714286234,0.0,-15.214285714286234,-1.0167064439140805,23.5,18.5,1.5704057279235732,1.2362768496419618,28,27.0,0,2023-07-31,2.155131264916468,2.1819537658463832,2.607950116913484,partial_bearish,1.1253637053222683,1.6010050575008858,neutral,bullish,True,True,False,False
277,294431,294432,294473,2023-08-02 13:34:00+00:00,2023-08-02 13:35:00+00:00,2023-08-02 14:16:00+00:00,short,15625.25,15625.25,15625.0,15636.642857142857,15600.0,15575.0,15550.0,15525.0,70.26417879659535,near_trigger,-58.264178796595345,11.642857142856883,True,True,True,True,False,tp4,15525.0,15525.25,99.75,0.0,99.75,8.567484662576879,100.5,6.75,8.63190184049099,0.5797546012270068,42,41.0,4,2023-08-02,3.607361963190184,0.06407322654462243,1.502283105022831,strong_bearish,3.712349579183447,1.3578308577073703,bearish,bearish,False,True,True,False
278,297198,297199,297219,2023-08-04 13:41:00+00:00,2023-08-04 13:42:00+00:00,2023-08-04 14:02:00+00:00,short,15529.25,15529.5,15529.25,15545.625,15504.25,15479.25,15454.25,15429.25,85.8,high_probability,-63.8,16.375,True,True,True,True,False,tp4,15429.25,15429.5,99.75,0.0,99.75,6.091603053435114,107.25,12.5,6.549618320610687,0.7633587786259542,21,20.0,4,2023-08-04,2.763358778625954,1.525179856115108,2.0823045267489713,partial_bullish,1.9763057386819765,1.9762817004196314,bearish,bearish,True,True,False,False
279,297238,297239,297241,2023-08-04 14:21:00+00:00,2023-08-04 14:22:00+00:00,2023-08-04 14:24:00+00:00,short,15452.25,15453.0,15452.75,15469.42857142857,15427.75,15402.75,15377.75,15352.75,73.38158458244112,near_trigger,-73.38158458244112,16.67857142857065,False,False,False,False,True,stop,15469.42857142857,15469.67857142857,-16.92857142857065,0.0,-16.92857142857065,-1.0149892933618851,12.25,23.75,0.7344753747323683,1.4239828693790815,3,2.0,0,2023-08-04,0.7194860813704498,0.20570440795159897,1.824644549763033,partial_bearish,0.9105571992598384,1.5164549035118076,bearish,bearish,True,True,False,False
280,298572,298573,298578,2023-08-07 13:35:00+00:00,2023-08-07 13:36:00+00:00,2023-08-07 13:41:00+00:00,long,15427.25,15427.25,15427.5,15414.017857142857,15452.5,15477.5,15502.5,15527.5,75.68125044200455,near_trigger,41.681250442004554,13.482142857143117,False,False,False,False,True,stop,15414.017857142857,15413.767857142857,-13.732142857143117,0.0,-13.732142857143117,-1.0185430463576155,21.0,24.5,1.5576158940397051,1.8172185430463226,6,5.0,0,2023-08-07,2.596026490066225,1.2475247524752475,0.8846153846153846,partial_bearish,2.7302441838108056,1.1906359001878186,bullish,bullish,True,True,True,False
281,298604,298605,298606,2023-08-07 14:07:00+00:00,2023-08-07 14:08:00+00:00,2023-08-07 14:09:00+00:00,short,15404.75,15405.0,15404.75,15421.160714285714,15379.75,15354.75,15329.75,15304.75,72.0,near_trigger,-33.880983835360894,16.410714285713766,False,False,False,False,True,stop,15421.160714285714,15421.410714285714,-16.660714285713766,0.0,-16.660714285713766,-1.0152339499455936,2.0,18.25,0.12187159956474815,1.1120783460283268,2,1.0,0,2023-08-07,1.9194776931447226,1.2669683257918551,1.4346952444742131,partial_bearish,1.1553764692780417,1.4828289653200972,bearish,bearish,True,True,True,True
282,299982,299983,300042,2023-08-08 14:05:00+00:00,2023-08-08 14:06:00+00:00,2023-08-08 15:05:00+00:00,short,15296.0,15296.5,15296.25,15310.0,15271.25,15246.25,15221.25,15196.25,76.70036171996647,near_trigger,-76.70036171996647,13.75,True,True,False,False,False,max_holding_time,15227.5,15227.75,68.5,0.0,68.5,4.9818181818181815,74.0,4.5,5.381818181818182,0.32727272727272727,60,59.0,2,2023-08-08,0.8,2.978021978021978,3.166370633510953,partial_bearish,1.2884478441641973,1.343633968139897,bearish,bearish,True,True,True,True
283,301347,301348,301354,2023-08-09 13:50:00+00:00,2023-08-09 13:51:00+00:00,2023-08-09 13:57:00+00:00,short,15272.75,15272.5,15272.25,15287.517857142857,15247.25,15222.25,15197.25,15172.25,70.39766081871345,near_trigger,-36.39766081871345,15.267857142856883,False,False,False,False,True,stop,15287.517857142857,15287.767857142857,-15.517857142856883,0.0,-15.517857142856883,-1.0163742690058482,9.0,19.5,0.5894736842105364,1.277192982456162,7,6.0,0,2023-08-09,1.6046783625730994,4.364319248826291,3.446319018404908,strong_bearish,1.4579214637360935,1.661402540033131,neutral,bearish,False,True,True,False
284,301377,301378,301385,2023-08-09 14:20:00+00:00,2023-08-09 14:21:00+00:00,2023-08-09 14:28:00+00:00,short,15266.5,15267.0,15266.75,15278.785714285714,15241.75,15216.75,15191.75,15166.75,70.4,near_trigger,-58.400000000000006,12.035714285713766,False,False,False,False,True,stop,15278.785714285714,15279.035714285714,-12.285714285713766,0.0,-12.285714285713766,-1.0207715133531166,9.25,18.0,0.7685459940653151,1.4955489614243969,8,7.0,0,2023-08-09,2.3056379821958455,0.28994082840236685,2.9362577107607954,partial_bearish,1.9949618641102793,1.8789955842615171,bearish,bearish,False,True,True,False
285,302709,302710,302731,2023-08-10 13:32:00+00:00,2023-08-10 13:33:00+00:00,2023-08-10 13:54:00+00:00,long,15294.75,15295.0,15295.25,15280.410714285714,15320.25,15345.25,15370.25,15395.25,73.0,near_trigger,53.56751218481689,14.839285714286234,True,True,True,True,False,tp4,15395.25,15395.0,99.75,0.0,99.75,6.722021660649584,100.75,10.5,6.789410348976898,0.7075812274367983,22,21.0,4,2023-08-10,0.7581227436823105,0.9808917197452229,0.44842562432138977,partial_bearish,4.325486130427087,1.2906097689788896,bullish,bullish,True,True,True,False
286,302735,302736,302759,2023-08-10 13:58:00+00:00,2023-08-10 13:59:00+00:00,2023-08-10 14:22:00+00:00,long,15413.75,15413.25,15413.5,15398.57142857143,15438.5,15463.5,15488.5,15513.5,71.16267942583733,near_trigger,43.162679425837325,14.928571428570649,True,False,False,False,True,stop,15398.57142857143,15398.32142857143,-15.178571428570649,0.0,-15.178571428570649,-1.0167464114832545,28.25,20.0,1.8923444976077544,1.3397129186603571,24,23.0,1,2023-08-10,2.110047846889952,2.746376811594203,1.7736943907156673,strong_bullish,1.2976010279753023,1.9857021446782983,bullish,bullish,False,True,True,False
287,304094,304095,304119,2023-08-11 13:37:00+00:00,2023-08-11 13:38:00+00:00,2023-08-11 14:02:00+00:00,short,15105.25,15104.75,15104.5,15119.767857142857,15079.5,15054.5,15029.5,15004.5,75.07182858891831,near_trigger,-58.07182858891831,15.267857142856883,True,True,False,False,True,stop,15119.767857142857,15120.017857142857,-15.517857142856883,0.0,-15.517857142856883,-1.0163742690058482,52.5,17.5,3.438596491228129,1.1461988304093762,25,24.0,2,2023-08-11,2.538011695906433,1.268392370572207,3.1628895184135977,partial_bearish,1.4027438451418905,0.6915401221127923,bearish,bearish,True,True,False,False
288,306847,306848,306848,2023-08-15 13:30:00+00:00,2023-08-15 13:31:00+00:00,2023-08-15 13:31:00+00:00,short,15224.0,15224.25,15224.0,15231.339285714286,15199.0,15174.0,15149.0,15124.0,70.8840033270211,near_trigger,-70.8840033270211,7.339285714286234,False,False,False,False,True,stop,15231.339285714286,15231.589285714286,-7.589285714286234,0.0,-7.589285714286234,-1.0340632603406301,12.0,11.75,1.6350364963502493,1.600973236009619,1,0.0,0,2023-08-15,0.0340632603406326,1.527027027027027,1.352168199737188,partial_bullish,8.5667880696919,1.10896614996464,bearish,bearish,True,False,False,False
289,306861,306862,306921,2023-08-15 13:44:00+00:00,2023-08-15 13:45:00+00:00,2023-08-15 14:44:00+00:00,short,15208.0,15208.0,15207.75,15227.57142857143,15182.75,15157.75,15132.75,15107.75,90.95711711711712,a_plus_plus,-56.95711711711712,19.82142857142935,True,True,True,False,False,max_holding_time,15137.25,15137.5,70.25,0.0,70.25,3.544144144144005,99.75,9.5,5.032432432432235,0.47927927927926045,60,59.0,3,2023-08-15,2.497297297297297,1.7853107344632768,1.352168199737188,partial_bullish,1.7210180462926639,1.5809448730221296,bearish,bearish,True,True,True,True
290,308236,308237,308244,2023-08-16 13:39:00+00:00,2023-08-16 13:40:00+00:00,2023-08-16 13:47:00+00:00,short,15096.25,15096.5,15096.25,15110.42857142857,15071.25,15046.25,15021.25,14996.25,70.3816929635706,near_trigger,-36.3816929635706,14.178571428570649,False,False,False,False,True,stop,15110.42857142857,15110.67857142857,-14.428571428570649,0.0,-14.428571428570649,-1.017632241813603,13.5,15.25,0.9521410579345612,1.0755667506297821,8,7.0,0,2023-08-16,2.5919395465994963,0.8484848484848485,1.2955974842767295,partial_bearish,1.8365725785097708,1.0928571428571427,bearish,bearish,True,False,False,False
291,310988,310989,310990,2023-08-18 13:31:00+00:00,2023-08-18 13:32:00+00:00,2023-08-18 13:33:00+00:00,short,14653.75,14654.25,14654.0,14665.892857142857,14629.0,14604.0,14579.0,14554.0,73.0,near_trigger,-57.85757371389328,11.892857142856883,False,False,False,False,True,stop,14665.892857142857,14666.142857142857,-12.142857142856883,0.0,-12.142857142856883,-1.0210210210210215,2.5,20.0,0.2102102102102148,1.6816816816817184,2,1.0,0,2023-08-18,1.3873873873873874,0.6575028636884307,0.8387096774193549,partial_bearish,4.191797882750644,0.9730779026784423,bearish,bearish,True,True,True,False
292,310991,310992,310993,2023-08-18 13:34:00+00:00,2023-08-18 13:35:00+00:00,2023-08-18 13:36:00+00:00,short,14646.75,14646.75,14646.5,14661.089285714286,14621.5,14596.5,14571.5,14546.5,81.0627129268758,high_probability,-73.0627129268758,14.589285714286234,False,False,False,False,True,stop,14661.089285714286,14661.339285714286,-14.839285714286234,0.0,-14.839285714286234,-1.017135862913096,18.5,21.0,1.2680538555691103,1.439412484700071,2,1.0,0,2023-08-18,1.0110159118727051,0.6575028636884307,0.8387096774193549,partial_bearish,2.7936568589988537,1.3283911585947508,bearish,bearish,True,True,True,False
293,311036,311037,311037,2023-08-18 14:19:00+00:00,2023-08-18 14:20:00+00:00,2023-08-18 14:20:00+00:00,short,14647.5,14647.5,14647.25,14662.25,14622.25,14597.25,14572.25,14547.25,73.0,near_trigger,-67.67333333333333,15.0,False,False,False,False,True,stop,14662.25,14662.5,-15.25,0.0,-15.25,-1.0166666666666666,2.25,15.75,0.15,1.05,1,0.0,0,2023-08-18,0.16666666666666666,0.9820289855072464,0.03272939801285798,partial_bearish,1.1285916156382478,1.5862822337713927,bearish,bearish,True,True,True,True
294,311038,311039,311053,2023-08-18 14:21:00+00:00,2023-08-18 14:22:00+00:00,2023-08-18 14:36:00+00:00,short,14669.75,14669.75,14669.5,14684.589285714286,14644.5,14619.5,14594.5,14569.5,72.0,near_trigger,-45.62035084158902,15.089285714286234,True,False,False,False,True,stop,14684.589285714286,14684.839285714286,-15.339285714286234,0.0,-15.339285714286234,-1.0165680473372776,34.5,20.75,2.2863905325443,1.3751479289940354,15,14.0,1,2023-08-18,2.8165680473372783,0.5342920353982301,0.03272939801285798,partial_bullish,1.0023931313727048,1.3778158858835452,bearish,bearish,True,True,True,True
295,312410,312411,312411,2023-08-21 14:13:00+00:00,2023-08-21 14:14:00+00:00,2023-08-21 14:14:00+00:00,long,14905.75,14905.5,14905.75,14895.732142857143,14930.75,14955.75,14980.75,15005.75,85.17121807856822,high_probability,85.17121807856822,10.017857142856883,False,False,False,False,True,stop,14895.732142857143,14895.482142857143,-10.267857142856883,0.0,-10.267857142856883,-1.0249554367201432,0.0,14.0,0.0,1.397504456328022,1,0.0,0,2023-08-21,1.447415329768271,2.3537653239929948,3.476009139375476,partial_bullish,0.713177386772843,0.7429887301175788,bullish,bullish,True,True,True,False
296,313747,313748,313748,2023-08-22 13:30:00+00:00,2023-08-22 13:31:00+00:00,2023-08-22 13:31:00+00:00,long,15072.25,15072.0,15072.25,15065.94642857143,15097.25,15122.25,15147.25,15172.25,70.0,near_trigger,26.39662638793959,6.303571428570649,False,False,False,False,True,stop,15065.94642857143,15065.69642857143,-6.553571428570649,0.0,-6.553571428570649,-1.0396600566572287,5.25,8.0,0.8328611898018027,1.2691218130313184,1,0.0,0,2023-08-22,2.855524079320113,0.14583333333333331,0.8648018648018648,strong_bearish,13.928986673821663,1.0042170150755065,bullish,bullish,True,True,True,False
297,313764,313765,313765,2023-08-22 13:47:00+00:00,2023-08-22 13:48:00+00:00,2023-08-22 13:48:00+00:00,long,15054.0,15053.5,15053.75,15039.82142857143,15078.75,15103.75,15128.75,15153.75,77.56856636756976,near_trigger,69.56856636756976,13.928571428570649,False,False,False,False,True,stop,15039.82142857143,15039.57142857143,-14.178571428570649,0.0,-14.178571428570649,-1.017948717948719,0.25,19.25,0.017948717948718954,1.3820512820513593,1,0.0,0,2023-08-22,1.705128205128205,2.994219653179191,2.9453894359892567,partial_bearish,0.8788025108643167,1.1325028312570782,bullish,bullish,True,True,False,False
298,313770,313771,313771,2023-08-22 13:53:00+00:00,2023-08-22 13:54:00+00:00,2023-08-22 13:54:00+00:00,long,15023.75,15024.0,15024.25,15010.125,15049.25,15074.25,15099.25,15124.25,70.0,near_trigger,59.260501776701446,14.125,False,False,False,False,True,stop,15010.125,15009.875,-14.375,0.0,-14.375,-1.0176991150442478,0.0,15.0,0.0,1.0619469026548674,1,0.0,0,2023-08-22,0.9026548672566371,3.2203023758099354,2.9453894359892567,strong_bearish,0.9321921569370017,1.3115409207161126,bullish,bullish,True,True,False,False
299,313772,313773,313808,2023-08-22 13:55:00+00:00,2023-08-22 13:56:00+00:00,2023-08-22 14:31:00+00:00,long,15005.0,15004.5,15004.75,14990.767857142857,15029.75,15054.75,15079.75,15104.75,76.0,near_trigger,35.54661558109834,13.982142857143117,True,True,False,False,True,stop,14990.767857142857,14990.517857142857,-14.232142857143117,0.0,-14.232142857143117,-1.0178799489144312,52.0,17.5,3.719029374201719,1.2515964240101938,36,35.0,2,2023-08-22,1.9131545338441889,4.277386934673367,2.9453894359892567,strong_bearish,1.0803398530515431,1.517399338903204,bullish,bullish,True,True,False,False
300,316508,316509,316527,2023-08-24 13:31:00+00:00,2023-08-24 13:32:00+00:00,2023-08-24 13:50:00+00:00,short,15293.5,15293.25,15293.0,15304.392857142857,15268.0,15243.0,15218.0,15193.0,76.0,near_trigger,-30.0,11.392857142856883,True,True,True,True,False,tp4,15193.0,15193.25,99.75,0.0,99.75,8.755485893417127,107.0,4.25,9.391849529780778,0.3730407523511057,19,18.0,4,2023-08-24,4.805642633228841,0.6932367149758454,0.22764227642276424,strong_bearish,8.226720111306191,1.797728407931027,neutral,bearish,True,True,True,True
301,316535,316536,316538,2023-08-24 13:58:00+00:00,2023-08-24 13:59:00+00:00,2023-08-24 14:01:00+00:00,long,15227.25,15227.25,15227.5,15211.67857142857,15252.5,15277.5,15302.5,15327.5,71.64415349887133,near_trigger,25.644153498871333,15.821428571429351,False,False,False,False,True,stop,15211.67857142857,15211.42857142857,-16.07142857142935,0.0,-16.07142857142935,-1.0158013544018052,7.25,21.75,0.4582392776523476,1.3747178329570429,3,2.0,0,2023-08-24,1.674943566591422,4.614195361911455,4.591349257585539,partial_bearish,1.0975498452577517,1.978018691588785,neutral,bullish,False,True,True,False
302,316544,316545,316566,2023-08-24 14:07:00+00:00,2023-08-24 14:08:00+00:00,2023-08-24 14:29:00+00:00,short,15183.0,15183.0,15182.75,15198.714285714286,15157.75,15132.75,15107.75,15082.75,78.68356499705675,near_trigger,-72.68356499705675,15.964285714286234,True,True,True,True,False,tp4,15082.75,15083.0,99.75,0.0,99.75,6.2483221476508035,111.0,2.25,6.953020134227962,0.14093959731543165,22,21.0,4,2023-08-24,1.738255033557047,0.5296803652968036,3.917625681405209,strong_bearish,1.0279752109519975,1.4478566937482278,bearish,bearish,True,True,True,True
303,317887,317888,317888,2023-08-25 13:30:00+00:00,2023-08-25 13:31:00+00:00,2023-08-25 13:31:00+00:00,long,14921.0,14921.25,14921.5,14912.69642857143,14946.5,14971.5,14996.5,15021.5,85.7532383095774,high_probability,73.7532383095774,8.803571428570649,False,False,False,False,True,stop,14912.69642857143,14912.44642857143,-9.053571428570649,0.0,-9.053571428570649,-1.0283975659229234,8.5,14.5,0.9655172413793959,1.6470588235295576,1,0.0,0,2023-08-25,4.231237322515213,0.48695652173913045,0.29224652087475145,strong_bullish,13.884032634032634,1.1915478869717429,bullish,bullish,True,True,True,True
304,317927,317928,317932,2023-08-25 14:10:00+00:00,2023-08-25 14:11:00+00:00,2023-08-25 14:15:00+00:00,long,14908.0,14908.0,14908.25,14881.357142857143,14933.25,14958.25,14983.25,15008.25,71.95003564688614,near_trigger,70.95003564688614,26.892857142856883,True,True,True,True,False,tp4,15008.25,15008.0,99.75,0.0,99.75,3.7091633466135816,119.0,1.5,4.424966799468835,0.055776892430279425,5,4.0,4,2023-08-25,1.199203187250996,1.5070821529745042,1.5879899916597164,partial_bearish,1.5176193272233711,2.1741356609938074,bullish,bullish,True,True,False,False
305,317933,317934,317935,2023-08-25 14:16:00+00:00,2023-08-25 14:17:00+00:00,2023-08-25 14:18:00+00:00,long,15033.0,15032.75,15033.0,15001.607142857143,15058.0,15083.0,15108.0,15133.0,81.10398179749716,high_probability,45.103981797497156,31.392857142856883,False,False,False,False,True,stop,15001.607142857143,15001.357142857143,-31.642857142856883,0.0,-31.642857142856883,-1.0079635949943118,16.0,54.25,0.5096700796359541,1.728100113765657,2,1.0,0,2023-08-25,3.0420932878270763,1.3636363636363635,3.4226044226044223,strong_bullish,1.3175332588605666,2.933329565045361,bullish,bullish,True,True,False,False
306,319272,319273,319273,2023-08-28 13:35:00+00:00,2023-08-28 13:36:00+00:00,2023-08-28 13:36:00+00:00,long,15123.0,15123.0,15123.25,15106.80357142857,15148.25,15173.25,15198.25,15223.25,73.61373369374833,near_trigger,25.61373369374833,16.44642857142935,False,False,False,False,True,stop,15106.80357142857,15106.55357142857,-16.69642857142935,0.0,-16.69642857142935,-1.0152008686210634,1.5,31.25,0.09120521172638005,1.9001085776329176,1,0.0,0,2023-08-28,3.511400651465798,0.9989658738366081,3.0405405405405403,strong_bullish,3.0431874468969755,1.3510433386837881,bullish,bullish,True,True,True,False
307,320673,320674,320675,2023-08-29 13:56:00+00:00,2023-08-29 13:57:00+00:00,2023-08-29 13:58:00+00:00,short,15146.25,15146.25,15146.0,15158.785714285714,15121.0,15096.0,15071.0,15046.0,82.7618801275465,high_probability,-82.7618801275465,12.785714285713766,False,False,False,False,True,stop,15158.785714285714,15159.035714285714,-13.035714285713766,0.0,-13.035714285713766,-1.0195530726256992,1.75,14.75,0.13687150837989384,1.153631284916248,2,1.0,0,2023-08-29,1.094972067039106,3.847682119205298,3.252187748607796,partial_bullish,0.8085956481831434,0.9579367516119128,bearish,bearish,True,True,True,False
308,320676,320677,320677,2023-08-29 13:59:00+00:00,2023-08-29 14:00:00+00:00,2023-08-29 14:00:00+00:00,short,15157.0,15157.75,15157.5,15168.94642857143,15132.5,15107.5,15082.5,15057.5,74.1633950397386,near_trigger,-74.1633950397386,11.446428571429351,False,False,False,False,True,stop,15168.94642857143,15169.19642857143,-11.696428571429351,0.0,-11.696428571429351,-1.0218408736349438,3.0,47.0,0.2620904836193269,4.106084243369455,1,0.0,0,2023-08-29,0.2620904836193448,3.847682119205298,3.252187748607796,partial_bullish,0.2940541032259532,0.4242125984251969,bearish,bearish,True,True,True,True
309,324806,324807,324866,2023-09-01 13:49:00+00:00,2023-09-01 13:50:00+00:00,2023-09-01 14:49:00+00:00,long,15517.5,15517.25,15517.5,15498.035714285714,15542.5,15567.5,15592.5,15617.5,71.21871559633027,near_trigger,71.21871559633027,19.464285714286234,True,True,True,False,False,max_holding_time,15513.5,15513.25,-4.25,0.0,-4.25,-0.2183486238532052,76.0,16.5,3.9045871559631986,0.847706422018326,60,59.0,3,2023-09-01,1.8110091743119265,3.151969981238274,0.7104477611940299,strong_bearish,1.135921079549329,1.692347635657602,bullish,bullish,True,False,False,False
310,328734,328735,328794,2023-09-06 14:17:00+00:00,2023-09-06 14:18:00+00:00,2023-09-06 15:17:00+00:00,short,15424.25,15424.0,15423.75,15437.67857142857,15398.75,15373.75,15348.75,15323.75,70.0,near_trigger,-17.97088409451686,13.928571428570649,True,True,True,False,False,max_holding_time,15368.75,15369.0,54.75,0.0,54.75,3.930769230769451,75.5,9.25,5.420512820513124,0.6641025641026013,60,59.0,3,2023-09-06,1.9743589743589742,3.1183079973562458,4.256080114449213,partial_bearish,0.8278975085188299,1.1992153946744273,bearish,bearish,True,False,False,False
311,331452,331453,331453,2023-09-08 13:35:00+00:00,2023-09-08 13:36:00+00:00,2023-09-08 13:36:00+00:00,short,15334.5,15334.0,15333.75,15345.32142857143,15308.75,15283.75,15258.75,15233.75,74.206336834289,near_trigger,-55.206336834289004,11.571428571429351,False,False,False,False,True,stop,15345.32142857143,15345.57142857143,-11.821428571429351,0.0,-11.821428571429351,-1.0216049382716035,0.0,14.25,0.0,1.2314814814813986,1,0.0,0,2023-09-08,3.608024691358025,4.20158550396376,0.6693794506612412,strong_bullish,2.8256797923953516,0.9816864749600175,neutral,bearish,True,False,True,False
312,331473,331474,331477,2023-09-08 13:56:00+00:00,2023-09-08 13:57:00+00:00,2023-09-08 14:00:00+00:00,short,15325.0,15325.25,15325.0,15338.125,15300.0,15275.0,15250.0,15225.0,73.73333333333333,near_trigger,-40.733333333333334,13.125,False,False,False,False,True,stop,15338.125,15338.375,-13.375,0.0,-13.375,-1.019047619047619,11.0,20.75,0.8380952380952381,1.5809523809523809,4,3.0,0,2023-09-08,3.295238095238095,4.456928838951311,3.8043478260869565,partial_bullish,1.5428630608704657,1.5690456442460867,neutral,bearish,True,True,False,False
313,332414,332415,332415,2023-09-11 13:37:00+00:00,2023-09-11 13:38:00+00:00,2023-09-11 13:38:00+00:00,long,15607.75,15607.5,15607.75,15594.80357142857,15632.75,15657.75,15682.75,15707.75,73.0,near_trigger,45.52466148363641,12.946428571429351,False,False,False,False,True,stop,15594.80357142857,15594.55357142857,-13.196428571429351,0.0,-13.196428571429351,-1.019310344827585,3.5,13.5,0.2703448275861906,1.0427586206895925,1,0.0,0,2023-09-11,2.0082758620689654,0.38961038961038963,0.15347137637028013,partial_bullish,3.179705654531371,0.9800352144200065,bullish,bullish,True,True,True,False
314,332416,332417,332422,2023-09-11 13:39:00+00:00,2023-09-11 13:40:00+00:00,2023-09-11 13:45:00+00:00,long,15586.75,15587.0,15587.25,15572.339285714286,15612.25,15637.25,15662.25,15687.25,78.0,near_trigger,45.869111041010555,14.910714285713766,False,False,False,False,True,stop,15572.339285714286,15572.089285714286,-15.160714285713766,0.0,-15.160714285713766,-1.016766467065869,11.25,16.25,0.7544910179640981,1.089820359281475,6,5.0,0,2023-09-11,2.934131736526946,0.38961038961038963,0.15347137637028013,partial_bullish,2.237229613080126,0.9764854502338156,bullish,bullish,True,True,True,False
315,333787,333788,333788,2023-09-12 13:30:00+00:00,2023-09-12 13:31:00+00:00,2023-09-12 13:31:00+00:00,short,15588.5,15588.75,15588.5,15595.0,15563.5,15538.5,15513.5,15488.5,70.67955010961613,near_trigger,-46.67955010961613,6.5,False,False,False,False,True,stop,15595.0,15595.25,-6.75,0.0,-6.75,-1.0384615384615385,0.0,14.25,0.0,2.1923076923076925,1,0.0,0,2023-09-12,2.6538461538461537,1.025,1.3585798816568049,strong_bearish,6.712421623453651,0.5225145600970893,bearish,bearish,False,True,True,False
316,333793,333794,333797,2023-09-12 13:36:00+00:00,2023-09-12 13:37:00+00:00,2023-09-12 13:40:00+00:00,short,15617.0,15617.0,15616.75,15629.267857142857,15591.75,15566.75,15541.75,15516.75,78.0,near_trigger,-49.955300931738236,12.517857142856883,False,False,False,False,True,stop,15629.267857142857,15629.517857142857,-12.767857142856883,0.0,-12.767857142856883,-1.0199714693295296,13.5,18.75,1.0784593437946015,1.4978601997147243,4,3.0,0,2023-09-12,1.5777460770328104,0.34393063583815026,1.3585798816568049,partial_bullish,1.9499072840763665,0.6418224801203525,bearish,bearish,True,True,True,False
317,335194,335195,335237,2023-09-13 13:57:00+00:00,2023-09-13 13:58:00+00:00,2023-09-13 14:40:00+00:00,short,15548.75,15549.5,15549.25,15567.142857142857,15524.25,15499.25,15474.25,15449.25,72.0,near_trigger,-48.31580148456383,17.892857142856883,True,True,True,False,True,stop,15567.142857142857,15567.392857142857,-18.142857142856883,0.0,-18.142857142856883,-1.0139720558882237,95.25,22.0,5.323353293413251,1.2295409181636905,43,42.0,3,2023-09-13,1.2714570858283434,0.509090909090909,1.8798328108672935,strong_bullish,1.116106850039672,1.2898788828181715,bearish,bearish,True,True,True,False
318,337927,337928,337928,2023-09-15 13:30:00+00:00,2023-09-15 13:31:00+00:00,2023-09-15 13:31:00+00:00,short,15619.0,15619.0,15618.75,15627.32142857143,15593.75,15568.75,15543.75,15518.75,78.0,near_trigger,-78.0,8.571428571429351,False,False,False,False,True,stop,15627.32142857143,15627.57142857143,-8.821428571429351,0.0,-8.821428571429351,-1.0291666666666641,4.75,9.0,0.5541666666666163,1.0499999999999046,1,0.0,0,2023-09-15,1.1375,1.1142490372272142,3.1777301927194865,partial_bearish,5.4864116937486695,1.00591292582498,bearish,bearish,True,True,True,False
319,337929,337930,337931,2023-09-15 13:32:00+00:00,2023-09-15 13:33:00+00:00,2023-09-15 13:34:00+00:00,short,15585.25,15585.5,15585.25,15596.67857142857,15560.25,15535.25,15510.25,15485.25,84.4,high_probability,-72.4,11.428571428570649,False,False,False,False,True,stop,15596.67857142857,15596.92857142857,-11.678571428570649,0.0,-11.678571428570649,-1.0218750000000014,8.25,11.5,0.7218750000000492,1.0062500000000687,2,1.0,0,2023-09-15,1.925,1.1142490372272142,3.1777301927194865,strong_bearish,4.974302319996157,1.6399309569431029,bearish,bearish,True,True,True,False
320,337936,337937,337996,2023-09-15 13:39:00+00:00,2023-09-15 13:40:00+00:00,2023-09-15 14:39:00+00:00,short,15566.5,15566.0,15565.75,15581.375,15540.75,15515.75,15490.75,15465.75,78.7056,near_trigger,-56.705600000000004,15.625,True,True,True,False,False,max_holding_time,15495.5,15495.75,70.0,0.0,70.0,4.48,96.75,6.75,6.192,0.432,60,59.0,3,2023-09-15,1.296,2.376779846659365,3.1777301927194865,strong_bearish,1.5620761213582663,1.545697537024928,bearish,bearish,False,True,True,False
321,339316,339317,339328,2023-09-18 13:39:00+00:00,2023-09-18 13:40:00+00:00,2023-09-18 13:51:00+00:00,short,15409.75,15409.75,15409.5,15424.785714285714,15384.5,15359.5,15334.5,15309.5,73.91341153616337,near_trigger,-73.91341153616337,15.285714285713766,True,False,False,False,True,stop,15424.785714285714,15425.035714285714,-15.535714285713766,0.0,-15.535714285713766,-1.0163551401869164,39.25,16.75,2.5677570093458817,1.0957943925234017,12,11.0,1,2023-09-18,0.19626168224299065,3.859375,0.4950135992747053,strong_bullish,1.7470561892468586,1.4922317099238358,bearish,bearish,True,True,False,False
322,339329,339330,339389,2023-09-18 13:52:00+00:00,2023-09-18 13:53:00+00:00,2023-09-18 14:52:00+00:00,short,15424.25,15424.5,15424.25,15441.267857142857,15399.25,15374.25,15349.25,15324.25,82.0,high_probability,-59.74685890307436,17.017857142856883,True,True,False,False,False,max_holding_time,15374.0,15374.25,50.0,0.0,50.0,2.938090241343172,60.0,17.0,3.5257082896118064,0.9989506820566785,60,59.0,2,2023-09-18,2.6442812172088144,2.1831683168316833,1.5854700854700854,strong_bullish,0.6955214132193117,1.138898906865976,bearish,bearish,True,False,True,False
323,342068,342069,342111,2023-09-20 13:31:00+00:00,2023-09-20 13:32:00+00:00,2023-09-20 14:14:00+00:00,long,15377.0,15377.25,15377.5,15371.05357142857,15402.5,15427.5,15452.5,15477.5,76.0,near_trigger,55.10333374243432,6.446428571429351,True,True,False,False,True,stop,15371.05357142857,15370.80357142857,-6.696428571429351,0.0,-6.696428571429351,-1.0387811634348985,57.75,9.25,8.958448753461521,1.4349030470912392,43,42.0,2,2023-09-20,6.825484764542937,1.8032786885245902,1.409271523178808,partial_bearish,10.58876359644746,1.370832821957096,bullish,bullish,True,True,False,False
324,346212,346213,346214,2023-09-25 13:35:00+00:00,2023-09-25 13:36:00+00:00,2023-09-25 13:37:00+00:00,short,14810.75,14810.75,14810.5,14823.410714285714,14785.5,14760.5,14735.5,14710.5,73.0,near_trigger,-49.09354089670741,12.910714285713766,False,False,False,False,True,stop,14823.410714285714,14823.660714285714,-13.160714285713766,0.0,-13.160714285713766,-1.0193637621023521,7.75,24.25,0.6002766251729149,1.8782849239281532,2,1.0,0,2023-09-25,1.3167358229598893,0.2627986348122867,0.1361111111111111,partial_bearish,3.110708339480284,1.1404552549025668,bearish,bearish,True,True,True,True
325,346215,346216,346216,2023-09-25 13:38:00+00:00,2023-09-25 13:39:00+00:00,2023-09-25 13:39:00+00:00,short,14824.25,14824.25,14824.0,14840.19642857143,14799.0,14774.0,14749.0,14724.0,78.66183887523219,near_trigger,-78.66183887523219,16.19642857142935,False,False,False,False,True,stop,14840.19642857143,14840.44642857143,-16.44642857142935,0.0,-16.44642857142935,-1.015435501653803,3.5,18.75,0.21609702315324208,1.1576626240352255,1,0.0,0,2023-09-25,2.068357221609702,0.2627986348122867,0.1361111111111111,partial_bullish,1.7637000514633863,1.1475852533566653,bearish,bearish,True,True,True,False
326,346217,346218,346224,2023-09-25 13:40:00+00:00,2023-09-25 13:41:00+00:00,2023-09-25 13:47:00+00:00,short,14858.25,14858.0,14857.75,14876.035714285714,14832.75,14807.75,14782.75,14757.75,78.0,near_trigger,-59.44453125,18.285714285713766,False,False,False,False,True,stop,14876.035714285714,14876.285714285714,-18.535714285713766,0.0,-18.535714285713766,-1.0136718750000004,15.5,20.0,0.8476562500000241,1.093750000000031,7,6.0,0,2023-09-25,2.59765625,1.860759493670886,0.1361111111111111,partial_bullish,2.3065650210939235,1.538051525022209,bearish,bearish,True,True,True,False
327,347595,347596,347631,2023-09-26 13:38:00+00:00,2023-09-26 13:39:00+00:00,2023-09-26 14:14:00+00:00,short,14846.0,14845.75,14845.5,14858.607142857143,14820.5,14795.5,14770.5,14745.5,76.0,near_trigger,-33.2,13.107142857143117,True,True,True,True,False,tp4,14745.5,14745.75,99.75,0.0,99.75,7.610354223433092,106.75,0.5,8.144414168937168,0.0381471389645769,36,35.0,4,2023-09-26,2.861035422343324,0.7063389391979301,2.716595744680851,partial_bearish,2.6229668982427463,1.75686772579462,bearish,bearish,True,True,False,False
328,348969,348970,348972,2023-09-27 13:32:00+00:00,2023-09-27 13:33:00+00:00,2023-09-27 13:35:00+00:00,long,14766.75,14766.75,14767.0,14759.160714285714,14792.0,14817.0,14842.0,14867.0,73.0,near_trigger,53.791627824530586,7.839285714286234,False,False,False,False,True,stop,14759.160714285714,14758.910714285714,-8.089285714286234,0.0,-8.089285714286234,-1.031890660592253,14.0,11.0,1.7858769931661687,1.4031890660591324,3,2.0,0,2023-09-27,1.0523917995444192,0.49633251833740827,0.09098294069861901,partial_bearish,4.167133858787059,0.9483923263982708,bullish,bullish,True,True,True,True
329,348973,348974,348998,2023-09-27 13:36:00+00:00,2023-09-27 13:37:00+00:00,2023-09-27 14:01:00+00:00,long,14761.25,14761.25,14761.5,14750.589285714286,14786.5,14811.5,14836.5,14861.5,78.16165347881433,near_trigger,78.16165347881433,10.910714285713766,True,False,False,False,True,stop,14750.589285714286,14750.339285714286,-11.160714285713766,0.0,-11.160714285713766,-1.0229132569558113,44.75,18.0,4.101472995090211,1.6497545008184091,25,24.0,1,2023-09-27,1.1685761047463175,0.6540600667408232,0.09098294069861901,strong_bearish,2.4237512601055524,1.0899555555555556,bullish,bullish,True,True,True,True
330,349017,349018,349048,2023-09-27 14:20:00+00:00,2023-09-27 14:21:00+00:00,2023-09-27 14:51:00+00:00,long,14727.5,14727.25,14727.5,14717.07142857143,14752.5,14777.5,14802.5,14827.5,81.92540793149978,high_probability,81.92540793149978,10.428571428570649,True,False,False,False,True,stop,14717.07142857143,14716.82142857143,-10.678571428570649,0.0,-10.678571428570649,-1.0239726027397278,44.5,23.5,4.267123287671552,2.2534246575344152,31,30.0,1,2023-09-27,1.1746575342465753,2.486842105263158,2.1296969696969694,partial_bearish,1.1361719493946403,1.2306604190610908,bullish,bullish,True,False,True,False
331,350347,350348,350348,2023-09-28 13:30:00+00:00,2023-09-28 13:31:00+00:00,2023-09-28 13:31:00+00:00,short,14677.5,14677.75,14677.5,14687.714285714286,14652.5,14627.5,14602.5,14577.5,83.59414799227763,high_probability,-83.59414799227763,10.214285714286234,False,False,False,False,True,stop,14687.714285714286,14687.964285714286,-10.464285714286234,0.0,-10.464285714286234,-1.0244755244755233,4.75,18.0,0.46503496503494135,1.7622377622376726,1,0.0,0,2023-09-28,1.076923076923077,0.5458276333789329,1.246451612903226,strong_bearish,10.256688554838009,1.2031166450232984,bearish,bearish,True,False,True,False
332,350352,350353,350368,2023-09-28 13:35:00+00:00,2023-09-28 13:36:00+00:00,2023-09-28 13:51:00+00:00,short,14696.75,14696.5,14696.25,14712.339285714286,14671.25,14646.25,14621.25,14596.25,78.63883830923962,near_trigger,-78.63883830923962,16.089285714286234,True,False,False,False,True,stop,14712.339285714286,14712.589285714286,-16.339285714286234,0.0,-16.339285714286234,-1.0155382907880128,40.0,18.25,2.486126526082051,1.1342952275249356,16,15.0,1,2023-09-28,1.1964483906770254,0.11403508771929824,1.246451612903226,partial_bullish,1.8759808752144238,0.8102016046405321,bearish,bearish,True,True,True,False
333,353107,353108,353108,2023-10-02 13:30:00+00:00,2023-10-02 13:31:00+00:00,2023-10-02 13:31:00+00:00,short,14854.0,14854.25,14854.0,14862.285714285714,14829.0,14804.0,14779.0,14754.0,73.56870155716935,near_trigger,-49.56870155716935,8.285714285713766,False,False,False,False,True,stop,14862.285714285714,14862.535714285714,-8.535714285713766,0.0,-8.535714285713766,-1.0301724137931054,1.75,30.25,0.21120689655173738,3.650862068965746,1,0.0,0,2023-10-02,1.4181034482758619,2.497863247863248,0.3050847457627119,partial_bullish,8.476050671451096,0.9819049838448604,bearish,bearish,False,False,True,False
334,353123,353124,353137,2023-10-02 13:46:00+00:00,2023-10-02 13:47:00+00:00,2023-10-02 14:00:00+00:00,short,14931.25,14931.25,14931.0,14946.357142857143,14906.0,14881.0,14856.0,14831.0,72.63758175933187,near_trigger,-52.637581759331866,15.357142857143117,True,False,False,False,True,stop,14946.357142857143,14946.607142857143,-15.607142857143117,0.0,-15.607142857143117,-1.0162790697674415,26.75,33.0,1.7418604651162497,2.148837209302289,14,13.0,1,2023-10-02,0.6674418604651162,4.329787234042553,3.3236775818639797,partial_bullish,1.0778244527968164,0.9934888270718063,bearish,bearish,True,True,True,False
335,355867,355868,355899,2023-10-04 13:30:00+00:00,2023-10-04 13:31:00+00:00,2023-10-04 14:02:00+00:00,long,14774.5,14774.75,14775.0,14767.625,14800.0,14825.0,14850.0,14875.0,83.55162288783707,high_probability,79.55162288783707,7.375,True,True,False,False,True,stop,14767.625,14767.375,-7.625,0.0,-7.625,-1.0338983050847457,59.5,14.5,8.067796610169491,1.9661016949152543,32,31.0,2,2023-10-04,2.23728813559322,1.3704115684093439,0.2768361581920904,partial_bullish,10.049597423510466,0.9395286097963411,bullish,bullish,True,True,True,False
336,355910,355911,355913,2023-10-04 14:13:00+00:00,2023-10-04 14:14:00+00:00,2023-10-04 14:16:00+00:00,long,14786.0,14786.5,14786.75,14766.42857142857,14811.75,14836.75,14861.75,14886.75,82.53427065026362,high_probability,66.53427065026362,20.32142857142935,False,False,False,False,True,stop,14766.42857142857,14766.17857142857,-20.57142857142935,0.0,-20.57142857142935,-1.0123022847100172,4.25,28.5,0.20913884007029074,1.4024604569419497,3,2.0,0,2023-10-04,2.12829525483304,1.655006031363088,0.23702894593118515,partial_bullish,1.2377548182408142,1.6470201217171994,bullish,bullish,True,False,True,False
337,357256,357257,357282,2023-10-05 13:39:00+00:00,2023-10-05 13:40:00+00:00,2023-10-05 14:05:00+00:00,short,14882.0,14882.5,14882.25,14898.339285714286,14857.25,14832.25,14807.25,14782.25,84.51659370312416,high_probability,-72.51659370312416,16.089285714286234,True,True,True,True,False,tp4,14782.25,14782.5,99.75,0.0,99.75,6.199778024417114,108.5,1.25,6.743618201997562,0.07769145394006409,26,25.0,4,2023-10-05,2.0510543840177577,0.7789634146341464,0.6431980906921242,partial_bearish,2.089083323480229,1.3111139380061907,bearish,bearish,True,True,True,True
338,358631,358632,358643,2023-10-06 13:34:00+00:00,2023-10-06 13:35:00+00:00,2023-10-06 13:46:00+00:00,short,14766.25,14766.0,14765.75,14783.80357142857,14740.75,14715.75,14690.75,14665.75,74.37637286408993,near_trigger,-74.37637286408993,18.05357142857065,True,True,False,False,True,stop,14783.80357142857,14784.05357142857,-18.30357142857065,0.0,-18.30357142857065,-1.0138476755687444,63.75,33.0,3.531157270029826,1.8278931750742629,12,11.0,2,2023-10-06,1.6617210682492582,1.2554186145346364,3.6022005924672027,partial_bullish,2.1818084062529404,1.4509309663636445,bearish,bearish,True,True,False,False
339,358644,358645,358680,2023-10-06 13:47:00+00:00,2023-10-06 13:48:00+00:00,2023-10-06 14:23:00+00:00,short,14772.25,14772.5,14772.25,14799.535714285714,14747.25,14722.25,14697.25,14672.25,70.06523803725801,near_trigger,-48.06523803725801,27.285714285713766,True,True,False,False,True,stop,14799.535714285714,14799.785714285714,-27.535714285713766,0.0,-27.535714285713766,-1.0091623036649215,64.75,38.0,2.373036649214705,1.3926701570680893,36,35.0,2,2023-10-06,1.0903141361256545,0.04629192253188474,2.9798356982823004,partial_bearish,1.5164574168540081,2.344626896695074,bearish,bearish,False,False,True,False
340,361401,361402,361412,2023-10-10 13:44:00+00:00,2023-10-10 13:45:00+00:00,2023-10-10 13:55:00+00:00,short,15207.25,15207.25,15207.0,15225.482142857143,15182.0,15157.0,15132.0,15107.0,74.09745199451025,near_trigger,-72.09745199451025,18.482142857143117,False,False,False,False,True,stop,15225.482142857143,15225.732142857143,-18.732142857143117,0.0,-18.732142857143117,-1.013526570048309,13.5,20.0,0.7304347826086853,1.0821256038647191,11,10.0,0,2023-10-10,0.6492753623188405,0.41569459172852596,0.3822525597269625,partial_bullish,1.2716504081226359,1.2597376984518291,bearish,bearish,True,True,True,False
341,362821,362822,362823,2023-10-11 14:24:00+00:00,2023-10-11 14:25:00+00:00,2023-10-11 14:26:00+00:00,long,15328.75,15328.5,15328.75,15317.839285714286,15353.75,15378.75,15403.75,15428.75,71.66288955099833,near_trigger,51.66288955099833,10.910714285713766,False,False,False,False,True,stop,15317.839285714286,15317.589285714286,-11.160714285713766,0.0,-11.160714285713766,-1.0229132569558113,3.25,19.25,0.2978723404255461,1.7643207855974654,2,1.0,0,2023-10-11,1.55810147299509,0.9962149886449659,1.19859649122807,partial_bearish,0.9634646570638176,0.7659929467976185,bullish,bullish,True,True,True,True
342,364153,364154,364183,2023-10-12 13:36:00+00:00,2023-10-12 13:37:00+00:00,2023-10-12 14:06:00+00:00,short,15403.0,15403.25,15403.0,15416.125,15378.0,15353.0,15328.0,15303.0,71.56747252747253,near_trigger,-51.56747252747253,13.125,True,False,False,False,True,stop,15416.125,15416.375,-13.375,0.0,-13.375,-1.019047619047619,37.5,21.25,2.857142857142857,1.619047619047619,30,29.0,1,2023-10-12,1.3333333333333333,0.20481927710843373,2.1615798922800717,partial_bullish,3.0406019864125104,1.550069085884663,bearish,bearish,True,True,False,False
343,364193,364194,364199,2023-10-12 14:16:00+00:00,2023-10-12 14:17:00+00:00,2023-10-12 14:22:00+00:00,short,15423.5,15423.0,15422.75,15437.125,15397.75,15372.75,15347.75,15322.75,85.8,high_probability,-85.8,14.375,False,False,False,False,True,stop,15437.125,15437.375,-14.625,0.0,-14.625,-1.017391304347826,5.5,21.5,0.3826086956521739,1.4956521739130435,6,5.0,0,2023-10-12,1.9130434782608696,3.4236760124610592,1.9852034525277436,partial_bullish,1.7343378902032978,1.8564877324867108,bearish,bearish,True,True,False,False
344,364205,364206,364250,2023-10-12 14:28:00+00:00,2023-10-12 14:29:00+00:00,2023-10-12 15:13:00+00:00,short,15428.5,15428.75,15428.5,15442.232142857143,15403.5,15378.5,15353.5,15328.5,70.2,near_trigger,-70.2,13.732142857143117,True,False,False,False,True,stop,15442.232142857143,15442.482142857143,-13.982142857143117,0.0,-13.982142857143117,-1.0182054616384912,31.75,20.0,2.3120936280883826,1.4564369310792962,45,44.0,1,2023-10-12,0.8556566970091027,1.7389473684210526,1.9852034525277436,partial_bullish,1.5441867101023672,1.777254751707057,bearish,bearish,True,True,False,False
345,365534,365535,365557,2023-10-13 13:37:00+00:00,2023-10-13 13:38:00+00:00,2023-10-13 14:00:00+00:00,long,15317.0,15317.25,15317.5,15303.55357142857,15342.5,15367.5,15392.5,15417.5,73.82216710379227,near_trigger,31.822167103792268,13.946428571429351,True,False,False,False,True,stop,15303.55357142857,15303.30357142857,-14.196428571429351,0.0,-14.196428571429351,-1.0179257362355945,45.0,24.25,3.22663252240699,1.7387964148526558,23,22.0,1,2023-10-13,1.9001280409731114,0.5011547344110855,3.8013964313421256,partial_bearish,1.8709541971377583,1.0142645775636405,neutral,bullish,True,True,True,False
346,365558,365559,365560,2023-10-13 14:01:00+00:00,2023-10-13 14:02:00+00:00,2023-10-13 14:03:00+00:00,long,15324.5,15324.0,15324.25,15304.0,15349.25,15374.25,15399.25,15424.25,72.23363615187515,near_trigger,72.23363615187515,20.25,False,False,False,False,True,stop,15304.0,15303.75,-20.5,0.0,-20.5,-1.0123456790123457,11.5,25.25,0.5679012345679012,1.2469135802469136,2,1.0,0,2023-10-13,1.7407407407407407,1.1373534338358458,1.7139287945034354,partial_bullish,1.9539058197710522,1.616612055761289,bullish,bullish,True,False,False,False
347,368316,368317,368318,2023-10-17 13:59:00+00:00,2023-10-17 14:00:00+00:00,2023-10-17 14:01:00+00:00,short,15079.0,15079.25,15079.0,15093.32142857143,15054.0,15029.0,15004.0,14979.0,72.51911528189017,near_trigger,-44.519115281890166,14.321428571429351,False,False,False,False,True,stop,15093.32142857143,15093.57142857143,-14.571428571429351,0.0,-14.571428571429351,-1.0174563591022434,7.5,16.75,0.5236907730673032,1.1695760598503104,2,1.0,0,2023-10-17,1.1870324189526185,3.480225988700565,4.816559600285511,partial_bearish,0.6749118362886802,1.0397918579736762,bearish,bearish,False,True,True,False
348,369673,369674,369704,2023-10-18 13:36:00+00:00,2023-10-18 13:37:00+00:00,2023-10-18 14:07:00+00:00,short,15171.25,15171.5,15171.25,15185.55357142857,15146.25,15121.25,15096.25,15071.25,70.04244694132335,near_trigger,-52.04244694132335,14.303571428570649,True,False,False,False,True,stop,15185.55357142857,15185.80357142857,-14.553571428570649,0.0,-14.553571428570649,-1.017478152309614,49.75,19.25,3.4781523096131735,1.3458177278402732,31,30.0,1,2023-10-18,2.9013732833957553,3.086729362591431,1.7353215284249768,partial_bullish,2.7757949905147745,1.501365193648806,bearish,bearish,False,True,False,False
349,369718,369719,369733,2023-10-18 14:21:00+00:00,2023-10-18 14:22:00+00:00,2023-10-18 14:36:00+00:00,short,15209.0,15209.5,15209.25,15224.785714285714,15184.25,15159.25,15134.25,15109.25,70.77389920424403,near_trigger,-70.77389920424403,15.535714285713766,True,True,True,True,False,tp4,15109.25,15109.5,99.75,0.0,99.75,6.4206896551726285,101.25,13.75,6.517241379310563,0.8850574712643974,15,14.0,4,2023-10-18,2.4459770114942527,1.2593818984547462,1.0795805058605799,strong_bullish,1.1916785942549533,1.7090111025045185,bearish,bearish,True,False,False,False
350,371053,371054,371054,2023-10-19 13:36:00+00:00,2023-10-19 13:37:00+00:00,2023-10-19 13:37:00+00:00,long,15056.75,15057.0,15057.25,15043.17857142857,15082.25,15107.25,15132.25,15157.25,74.0,near_trigger,31.43604824501965,14.071428571429351,False,False,False,False,True,stop,15043.17857142857,15042.92857142857,-14.321428571429351,0.0,-14.321428571429351,-1.017766497461928,1.5,21.0,0.10659898477156769,1.4923857868019477,1,0.0,0,2023-10-19,2.8248730964467006,1.2901459854014599,2.2329945269741986,partial_bearish,2.724974140903344,1.204939693725437,bullish,bullish,False,True,True,False
351,371055,371056,371059,2023-10-19 13:38:00+00:00,2023-10-19 13:39:00+00:00,2023-10-19 13:42:00+00:00,long,15045.5,15045.5,15045.75,15030.482142857143,15070.75,15095.75,15120.75,15145.75,77.53787171903475,near_trigger,45.537871719034754,15.267857142856883,False,False,False,False,True,stop,15030.482142857143,15030.232142857143,-15.517857142856883,0.0,-15.517857142856883,-1.0163742690058482,6.25,21.75,0.4093567251462058,1.4245614035087961,4,3.0,0,2023-10-19,2.816374269005848,1.2901459854014599,2.2329945269741986,partial_bearish,1.8490072595554086,1.1395911107817436,bullish,bullish,False,True,True,False
352,373810,373811,373826,2023-10-23 13:33:00+00:00,2023-10-23 13:34:00+00:00,2023-10-23 13:49:00+00:00,short,14580.0,14580.5,14580.25,14593.232142857143,14555.25,14530.25,14505.25,14480.25,83.73140178284928,high_probability,-59.731401782849275,12.982142857143117,True,True,False,False,True,stop,14593.232142857143,14593.482142857143,-13.232142857143117,0.0,-13.232142857143117,-1.0192572214580464,66.0,25.0,5.083906464924245,1.9257221458046383,16,15.0,2,2023-10-23,1.7909215955983493,0.981549815498155,0.8671641791044776,partial_bearish,3.8013952418674775,1.1642522285615897,bearish,bearish,True,True,True,False
353,375197,375198,375200,2023-10-24 13:40:00+00:00,2023-10-24 13:41:00+00:00,2023-10-24 13:43:00+00:00,long,14828.75,14829.0,14829.25,14809.642857142857,14854.25,14879.25,14904.25,14929.25,84.22442057659694,high_probability,58.22442057659694,19.607142857143117,False,False,False,False,True,stop,14809.642857142857,14809.392857142857,-19.857142857143117,0.0,-19.857142857143117,-1.0127504553734061,8.0,21.0,0.40801457194899277,1.071038251366106,3,2.0,0,2023-10-24,1.7340619307832421,1.6338329764453963,0.5666337611056268,partial_bullish,2.4457370196907893,1.5817930135982412,bullish,bullish,True,True,True,False
354,376568,376569,376623,2023-10-25 13:31:00+00:00,2023-10-25 13:32:00+00:00,2023-10-25 14:26:00+00:00,short,14703.5,14703.25,14703.0,14711.642857142857,14678.0,14653.0,14628.0,14603.0,81.6,high_probability,-67.6,8.642857142856883,True,True,True,True,False,tp4,14603.0,14603.25,99.75,0.0,99.75,11.541322314049934,103.0,0.5,11.917355371901184,0.057851239669423224,55,54.0,4,2023-10-25,4.975206611570248,0.8839941262848752,2.51006711409396,strong_bearish,10.774151718175924,1.5877343287194807,bearish,bearish,False,True,True,False
355,376624,376625,376627,2023-10-25 14:27:00+00:00,2023-10-25 14:28:00+00:00,2023-10-25 14:30:00+00:00,short,14603.75,14604.0,14603.75,14618.32142857143,14578.75,14553.75,14528.75,14503.75,74.0,near_trigger,-66.59509803921569,14.571428571429351,False,False,False,False,True,stop,14618.32142857143,14618.57142857143,-14.821428571429351,0.0,-14.821428571429351,-1.017156862745097,2.5,25.0,0.1715686274509712,1.7156862745097121,3,2.0,0,2023-10-25,1.3382352941176472,0.7394957983193278,4.472222222222222,strong_bearish,2.246007918896576,1.8301286975430469,bearish,bearish,True,True,True,True
356,377959,377960,377964,2023-10-26 13:42:00+00:00,2023-10-26 13:43:00+00:00,2023-10-26 13:47:00+00:00,long,14413.0,14413.0,14413.25,14386.714285714286,14438.25,14463.25,14488.25,14513.25,73.53912650385789,near_trigger,51.53912650385789,26.535714285713766,False,False,False,False,True,stop,14386.714285714286,14386.464285714286,-26.785714285713766,0.0,-26.785714285713766,-1.0094212651413192,16.25,35.0,0.6123822341857456,1.3189771197846827,5,4.0,0,2023-10-26,0.2920592193808883,1.593103448275862,3.119314436387607,partial_bearish,1.7282899537825347,1.8877091102318122,bullish,bullish,True,True,False,False
357,378005,378006,378008,2023-10-26 14:28:00+00:00,2023-10-26 14:29:00+00:00,2023-10-26 14:31:00+00:00,long,14330.25,14330.0,14330.25,14311.285714285714,14355.25,14380.25,14405.25,14430.25,98.4,a_plus_plus,72.4,18.964285714286234,False,False,False,False,True,stop,14311.285714285714,14311.035714285714,-19.214285714286234,0.0,-19.214285714286234,-1.013182674199623,0.0,26.25,0.0,1.384180790960414,3,2.0,0,2023-10-26,2.8606403013182673,1.3970401691331924,2.5494018608772704,partial_bearish,2.3064312042691313,2.67048856615071,bullish,bullish,True,True,True,False
358,379333,379334,379337,2023-10-27 13:36:00+00:00,2023-10-27 13:37:00+00:00,2023-10-27 13:40:00+00:00,long,14323.0,14323.0,14323.25,14307.160714285714,14348.25,14373.25,14398.25,14423.25,77.0876050613435,near_trigger,77.0876050613435,16.089285714286234,False,False,False,False,True,stop,14307.160714285714,14306.910714285714,-16.339285714286234,0.0,-16.339285714286234,-1.0155382907880128,18.25,21.0,1.1342952275249356,1.3052164261930765,4,3.0,0,2023-10-27,0.015538290788013318,0.18229166666666666,0.6511627906976745,partial_bullish,2.4075669466580516,1.025448930135845,bullish,bullish,True,True,True,False
359,382095,382096,382109,2023-10-31 13:38:00+00:00,2023-10-31 13:39:00+00:00,2023-10-31 13:52:00+00:00,long,14338.25,14337.75,14338.0,14322.232142857143,14363.0,14388.0,14413.0,14438.0,70.90295385699201,near_trigger,70.90295385699201,15.767857142856883,False,False,False,False,True,stop,14322.232142857143,14321.982142857143,-16.017857142856883,0.0,-16.017857142856883,-1.0158550396375994,18.0,23.75,1.1415628539071536,1.5062287655719389,14,13.0,0,2023-10-31,3.0600226500566254,1.854054054054054,1.0129198966408268,strong_bearish,1.7225566492897366,1.0517003948892394,bullish,bullish,True,True,False,False
360,383503,383504,383505,2023-11-01 14:06:00+00:00,2023-11-01 14:07:00+00:00,2023-11-01 14:08:00+00:00,long,14552.25,14552.75,14553.0,14535.80357142857,14578.0,14603.0,14628.0,14653.0,72.24361370716511,near_trigger,72.24361370716511,17.19642857142935,False,False,False,False,True,stop,14535.80357142857,14535.55357142857,-17.44642857142935,0.0,-17.44642857142935,-1.014537902388369,3.25,19.0,0.18899273104879724,1.1048805815160454,2,1.0,0,2023-11-01,1.0176531671858773,0.7357357357357358,2.121495327102804,partial_bullish,1.9559384073426813,1.5301475891617238,bullish,bullish,True,True,False,False
361,386274,386275,386277,2023-11-03 14:17:00+00:00,2023-11-03 14:18:00+00:00,2023-11-03 14:20:00+00:00,long,15110.5,15110.5,15110.75,15096.82142857143,15135.75,15160.75,15185.75,15210.75,80.39625879099222,high_probability,80.39625879099222,13.928571428570649,False,False,False,False,True,stop,15096.82142857143,15096.57142857143,-14.178571428570649,0.0,-14.178571428570649,-1.017948717948719,6.0,15.0,0.4307692307692549,1.0769230769231373,3,2.0,0,2023-11-03,0.8615384615384615,0.7668789808917198,1.4,partial_bullish,0.792896305668593,0.8940414374582284,bullish,bullish,True,True,True,True
362,386278,386279,386280,2023-11-03 14:21:00+00:00,2023-11-03 14:22:00+00:00,2023-11-03 14:23:00+00:00,long,15102.0,15101.75,15102.0,15088.714285714286,15127.0,15152.0,15177.0,15202.0,70.85164831871764,near_trigger,69.85164831871764,13.285714285713766,False,False,False,False,True,stop,15088.714285714286,15088.464285714286,-13.535714285713766,0.0,-13.535714285713766,-1.018817204301076,3.25,16.25,0.24462365591398808,1.2231182795699402,2,1.0,0,2023-11-03,0.11290322580645161,0.3297101449275362,1.4,partial_bearish,0.6503231345241218,0.6909044844185457,bullish,bullish,True,True,True,True
363,386281,386282,386283,2023-11-03 14:24:00+00:00,2023-11-03 14:25:00+00:00,2023-11-03 14:26:00+00:00,long,15089.75,15090.0,15090.25,15076.75,15115.25,15140.25,15165.25,15190.25,74.42254928327877,near_trigger,74.42254928327877,13.5,False,False,False,False,True,stop,15076.75,15076.5,-13.75,0.0,-13.75,-1.0185185185185186,4.0,30.0,0.2962962962962963,2.2222222222222223,2,1.0,0,2023-11-03,1.6111111111111112,0.3297101449275362,1.4,partial_bearish,0.9850638131862007,0.8430014189132793,bullish,bullish,True,True,True,True
364,387659,387660,387660,2023-11-06 15:22:00+00:00,2023-11-06 15:23:00+00:00,2023-11-06 15:23:00+00:00,long,15224.0,15223.75,15224.0,15212.75,15249.0,15274.0,15299.0,15324.0,71.8986279977691,near_trigger,64.8986279977691,11.25,False,False,False,False,True,stop,15212.75,15212.5,-11.5,0.0,-11.5,-1.0222222222222221,2.75,14.0,0.24444444444444444,1.2444444444444445,1,0.0,0,2023-11-06,1.1555555555555554,0.17384952520087654,0.9659735349716446,partial_bearish,1.2046891381008356,0.9399516638780443,bullish,bullish,True,True,True,False
365,393134,393135,393184,2023-11-10 14:37:00+00:00,2023-11-10 14:38:00+00:00,2023-11-10 15:27:00+00:00,long,15335.75,15336.0,15336.25,15325.5,15361.25,15386.25,15411.25,15436.25,70.56347787410377,near_trigger,44.56347787410377,10.75,True,True,False,False,True,stop,15325.5,15325.25,-11.0,0.0,-11.0,-1.0232558139534884,52.75,14.25,4.906976744186046,1.3255813953488371,50,49.0,2,2023-11-10,1.5348837209302326,0.6845425867507886,2.354228855721393,strong_bullish,3.1906712890009454,1.2683008310017956,bullish,bullish,True,True,False,False
366,397268,397269,397269,2023-11-15 14:31:00+00:00,2023-11-15 14:32:00+00:00,2023-11-15 14:32:00+00:00,long,15954.75,15954.5,15954.75,15947.107142857143,15979.75,16004.75,16029.75,16054.75,74.55657434186199,near_trigger,74.55657434186199,7.642857142856883,False,False,False,False,True,stop,15947.107142857143,15946.857142857143,-7.892857142856883,0.0,-7.892857142856883,-1.0327102803738328,0.75,18.75,0.09813084112149867,2.4532710280374666,1,0.0,0,2023-11-15,0.9485981308411214,0.157439446366782,1.4614220877458397,partial_bearish,4.334767305436058,0.735437553495717,bullish,bullish,True,False,True,False
367,397272,397273,397273,2023-11-15 14:35:00+00:00,2023-11-15 14:36:00+00:00,2023-11-15 14:36:00+00:00,long,15967.5,15967.75,15968.0,15957.910714285714,15993.0,16018.0,16043.0,16068.0,83.1305650003185,high_probability,57.1305650003185,10.089285714286234,False,False,False,False,True,stop,15957.910714285714,15957.660714285714,-10.339285714286234,0.0,-10.339285714286234,-1.0247787610619457,0.25,18.75,0.024778761061945626,1.858407079645922,1,0.0,0,2023-11-15,1.561061946902655,0.35782747603833864,1.4614220877458397,partial_bullish,2.667833242687224,0.8539142149998864,bullish,bullish,True,True,True,False
368,397275,397276,397276,2023-11-15 14:38:00+00:00,2023-11-15 14:39:00+00:00,2023-11-15 14:39:00+00:00,long,15970.75,15970.75,15971.0,15958.19642857143,15996.0,16021.0,16046.0,16071.0,75.45252268206764,near_trigger,75.45252268206764,12.803571428570649,False,False,False,False,True,stop,15958.19642857143,15957.94642857143,-13.053571428570649,0.0,-13.053571428570649,-1.0195258019525815,2.75,20.5,0.21478382147839523,1.6011157601116734,1,0.0,0,2023-11-15,1.503486750348675,0.35782747603833864,1.4614220877458397,partial_bullish,1.5236079392487794,0.775555723574777,bullish,bullish,True,True,True,False
369,401431,401432,401433,2023-11-20 14:54:00+00:00,2023-11-20 14:55:00+00:00,2023-11-20 14:56:00+00:00,short,15982.5,15982.0,15981.75,15991.589285714286,15956.75,15931.75,15906.75,15881.75,78.57261644178843,near_trigger,-67.57261644178843,9.839285714286234,False,False,False,False,True,stop,15991.589285714286,15991.839285714286,-10.089285714286234,0.0,-10.089285714286234,-1.0254083484573489,3.75,10.5,0.381125226860234,1.067150635208655,2,1.0,0,2023-11-20,1.8039927404718694,3.9295454545454547,3.3950617283950617,strong_bullish,0.916591346265267,1.042284328840047,neutral,bearish,True,True,True,False
370,401465,401466,401468,2023-11-20 15:28:00+00:00,2023-11-20 15:29:00+00:00,2023-11-20 15:31:00+00:00,long,15961.5,15961.0,15961.25,15951.55357142857,15986.25,16011.25,16036.25,16061.25,77.17531326625812,near_trigger,70.17531326625812,9.696428571429351,False,False,False,False,True,stop,15951.55357142857,15951.30357142857,-9.946428571429351,0.0,-9.946428571429351,-1.0257826887661121,5.0,10.25,0.5156537753222421,1.0570902394105963,3,2.0,0,2023-11-20,1.8563535911602211,2.087431693989071,2.4151753758052967,partial_bullish,0.9319111913124738,0.7564344005021971,bullish,bullish,True,False,False,False
371,402787,402788,402790,2023-11-21 14:30:00+00:00,2023-11-21 14:31:00+00:00,2023-11-21 14:33:00+00:00,short,15994.25,15994.25,15994.0,15999.69642857143,15969.0,15944.0,15919.0,15894.0,73.58044502904747,near_trigger,-48.58044502904747,5.696428571429351,False,False,False,False,True,stop,15999.69642857143,15999.94642857143,-5.946428571429351,0.0,-5.946428571429351,-1.0438871473354172,13.5,11.0,2.3699059561125284,1.9310344827583563,3,2.0,0,2023-11-21,1.9310344827586208,0.9204152249134948,1.5333333333333334,partial_bearish,12.042396451928138,0.975556286309328,neutral,bearish,True,True,True,False
372,404209,404210,404211,2023-11-22 15:12:00+00:00,2023-11-22 15:13:00+00:00,2023-11-22 15:14:00+00:00,long,16043.75,16043.5,16043.75,16027.982142857143,16068.75,16093.75,16118.75,16143.75,82.32739343445732,high_probability,64.32739343445732,15.767857142856883,False,False,False,False,True,stop,16027.982142857143,16027.732142857143,-16.017857142856883,0.0,-16.017857142856883,-1.0158550396375994,0.25,17.5,0.015855039637599357,1.1098527746319549,2,1.0,0,2023-11-22,1.2684031710079275,4.266747133373567,0.44245676803816336,partial_bullish,0.9360244902194781,1.4803063457330417,bullish,bullish,True,False,True,False
373,404218,404219,404250,2023-11-22 15:21:00+00:00,2023-11-22 15:22:00+00:00,2023-11-22 15:53:00+00:00,long,16044.75,16044.5,16044.75,16032.25,16069.75,16094.75,16119.75,16144.75,83.0,high_probability,71.0,12.5,True,True,False,False,True,stop,16032.25,16032.0,-12.75,0.0,-12.75,-1.02,54.25,16.0,4.34,1.28,32,31.0,2,2023-11-22,1.5,0.836283185840708,0.8961807423345886,partial_bearish,1.3074759027809804,1.5786396413954396,bullish,bullish,True,True,True,False
374,406695,406696,406713,2023-11-24 14:38:00+00:00,2023-11-24 14:39:00+00:00,2023-11-24 14:56:00+00:00,short,16019.25,16019.25,16019.0,16031.160714285714,15994.0,15969.0,15944.0,15919.0,70.41698111501007,near_trigger,-44.416981115010074,12.160714285713766,False,False,False,False,True,stop,16031.160714285714,16031.410714285714,-12.410714285713766,0.0,-12.410714285713766,-1.0205580029368584,12.5,12.25,1.027900146842922,1.0073421439060637,18,17.0,0,2023-11-24,2.5903083700440526,0.6688632619439868,0.6189856957087125,partial_bearish,1.9266535690897184,0.9647377740856524,bearish,bearish,True,True,False,False
375,406743,406744,406752,2023-11-24 15:26:00+00:00,2023-11-24 15:27:00+00:00,2023-11-24 15:35:00+00:00,short,15995.25,15995.0,15994.75,16003.357142857143,15969.75,15944.75,15919.75,15894.75,70.99096345925712,near_trigger,-70.99096345925712,8.607142857143117,False,False,False,False,True,stop,16003.357142857143,16003.607142857143,-8.857142857143117,0.0,-8.857142857143117,-1.0290456431535262,4.75,10.25,0.5518672199169958,1.1908713692945698,9,8.0,0,2023-11-24,2.0622406639004147,1.3241505968778695,2.49601593625498,strong_bearish,1.3852907117658146,0.8258412535319805,bearish,bearish,False,True,True,False
376,407853,407854,407872,2023-11-27 14:41:00+00:00,2023-11-27 14:42:00+00:00,2023-11-27 15:00:00+00:00,short,16003.5,16003.75,16003.5,16019.464285714286,15978.5,15953.5,15928.5,15903.5,72.1972685086438,near_trigger,-72.1972685086438,15.964285714286234,False,False,False,False,True,stop,16019.464285714286,16019.714285714286,-16.214285714286234,0.0,-16.214285714286234,-1.0156599552572703,19.75,18.0,1.2371364653243444,1.1275167785234532,19,18.0,0,2023-11-27,1.4563758389261745,1.608982826948481,1.3500660501981507,partial_bullish,1.3710278432761969,1.3895320761258527,bearish,bearish,True,True,True,True
377,409226,409227,409286,2023-11-28 14:34:00+00:00,2023-11-28 14:35:00+00:00,2023-11-28 15:34:00+00:00,short,15998.0,15998.0,15997.75,16006.19642857143,15972.75,15947.75,15922.75,15897.75,70.87541252597444,near_trigger,-70.87541252597444,8.446428571429351,True,False,False,False,False,max_holding_time,15988.25,15988.5,9.25,0.0,9.25,1.095137420718715,39.5,8.0,4.676532769555593,0.9471458773783481,60,59.0,1,2023-11-28,2.7822410147991543,0.28413284132841327,1.5272727272727271,strong_bullish,2.7655474733850376,1.1237582578908736,bearish,bearish,True,False,False,False
378,412012,412013,412026,2023-11-30 15:00:00+00:00,2023-11-30 15:01:00+00:00,2023-11-30 15:14:00+00:00,short,15956.25,15955.75,15955.5,15968.767857142857,15930.5,15905.5,15880.5,15855.5,73.59471224679797,near_trigger,-51.59471224679797,13.267857142856883,True,False,False,False,True,stop,15968.767857142857,15969.017857142857,-13.517857142856883,0.0,-13.517857142856883,-1.0188425302826383,36.75,22.5,2.7698519515478335,1.6958277254374492,14,13.0,1,2023-11-30,1.1305518169582773,2.765564950038432,4.016058394160583,strong_bearish,1.560451028881276,1.2433903084974647,bearish,bearish,True,True,True,False
379,413367,413368,413368,2023-12-01 14:35:00+00:00,2023-12-01 14:36:00+00:00,2023-12-01 14:36:00+00:00,short,15882.25,15882.0,15881.75,15892.517857142857,15856.75,15831.75,15806.75,15781.75,72.3874883574093,near_trigger,-46.387488357409296,10.767857142856883,False,False,False,False,True,stop,15892.517857142857,15892.767857142857,-11.017857142856883,0.0,-11.017857142856883,-1.0232172470978447,0.5,24.0,0.046434494195689346,2.2288557213930886,1,0.0,0,2023-12-01,3.5522388059701493,3.170860927152318,0.016766467065868262,partial_bearish,2.737645608873693,1.2190847127555988,bearish,bearish,True,True,False,False
380,413382,413383,413383,2023-12-01 14:50:00+00:00,2023-12-01 14:51:00+00:00,2023-12-01 14:51:00+00:00,short,15912.5,15912.5,15912.25,15925.25,15887.25,15862.25,15837.25,15812.25,88.15384615384616,high_probability,-76.15384615384616,13.0,False,False,False,False,True,stop,15925.25,15925.5,-13.25,0.0,-13.25,-1.0192307692307692,0.0,16.0,0.0,1.2307692307692308,1,0.0,0,2023-12-01,2.0,0.08179162609542356,0.4804575786463298,partial_bearish,1.17960492875046,1.785406359017894,bearish,bearish,True,True,True,False
381,416124,416125,416128,2023-12-05 14:32:00+00:00,2023-12-05 14:33:00+00:00,2023-12-05 14:36:00+00:00,short,15805.0,15804.75,15804.5,15814.589285714286,15779.5,15754.5,15729.5,15704.5,78.0,near_trigger,-57.871868951517726,10.089285714286234,False,False,False,False,True,stop,15814.589285714286,15814.839285714286,-10.339285714286234,0.0,-10.339285714286234,-1.0247787610619457,17.5,26.0,1.7345132743361937,2.5769911504423453,4,3.0,0,2023-12-05,2.2548672566371684,0.9320652173913044,0.40867389491242706,partial_bearish,3.797268907563025,0.9101638106028419,bearish,bearish,True,True,True,False
382,416152,416153,416153,2023-12-05 15:00:00+00:00,2023-12-05 15:01:00+00:00,2023-12-05 15:01:00+00:00,long,15894.5,15894.75,15895.0,15880.375,15920.0,15945.0,15970.0,15995.0,80.4,high_probability,44.400000000000006,14.625,False,False,False,False,True,stop,15880.375,15880.125,-14.875,0.0,-14.875,-1.017094017094017,3.0,16.75,0.20512820512820512,1.1452991452991452,1,0.0,0,2023-12-05,2.2222222222222223,2.890688259109312,1.696969696969697,strong_bullish,2.720379271055699,1.8731063338623575,bullish,bullish,False,True,True,False
383,416155,416156,416163,2023-12-05 15:03:00+00:00,2023-12-05 15:04:00+00:00,2023-12-05 15:11:00+00:00,long,15915.0,15914.75,15915.0,15898.607142857143,15940.0,15965.0,15990.0,16015.0,78.57864923747277,near_trigger,42.578649237472774,16.392857142856883,False,False,False,False,True,stop,15898.607142857143,15898.357142857143,-16.642857142856883,0.0,-16.642857142856883,-1.0152505446623097,13.5,20.75,0.8235294117647189,1.2657952069716976,8,7.0,0,2023-12-05,3.888888888888889,2.890688259109312,1.696969696969697,strong_bullish,1.4537435592968766,1.5968324211016653,bullish,bullish,False,True,True,False
384,416172,416173,416175,2023-12-05 15:20:00+00:00,2023-12-05 15:21:00+00:00,2023-12-05 15:23:00+00:00,long,15923.5,15924.0,15924.25,15910.660714285714,15949.25,15974.25,15999.25,16024.25,73.21839684625493,near_trigger,59.21839684625493,13.589285714286234,False,False,False,False,True,stop,15910.660714285714,15910.410714285714,-13.839285714286234,0.0,-13.839285714286234,-1.018396846254927,12.5,19.25,0.9198423127463512,1.4165571616293808,3,2.0,0,2023-12-05,1.6373193166885678,2.020444978953698,3.3391506689936006,strong_bullish,1.0495728584019057,1.788922600987566,bullish,bullish,True,True,True,True
385,416179,416180,416239,2023-12-05 15:27:00+00:00,2023-12-05 15:28:00+00:00,2023-12-05 16:27:00+00:00,long,15870.25,15870.5,15870.75,15856.785714285714,15895.75,15920.75,15945.75,15970.75,74.0,near_trigger,32.646035805626596,13.964285714286234,True,True,True,False,False,max_holding_time,15890.75,15890.5,19.75,0.0,19.75,1.4143222506393336,91.0,13.0,6.516624040920473,0.9309462915600677,60,59.0,3,2023-12-05,3.4910485933503836,1.998843930635838,3.3391506689936006,partial_bullish,1.2267546800061884,1.7350838803792852,bullish,bullish,False,True,True,False
386,417560,417561,417620,2023-12-06 15:28:00+00:00,2023-12-06 15:29:00+00:00,2023-12-06 16:28:00+00:00,long,15901.5,15901.5,15901.75,15886.25,15926.75,15951.75,15976.75,16001.75,73.50967741935484,near_trigger,65.50967741935484,15.5,True,False,False,False,False,max_holding_time,15919.0,15918.75,17.0,0.0,17.0,1.096774193548387,48.0,10.0,3.096774193548387,0.6451612903225806,60,59.0,1,2023-12-06,0.7741935483870968,1.79570516540917,1.9486850545221295,strong_bearish,0.987975592246949,1.616591722492429,bullish,bullish,True,False,False,False
387,418884,418885,418885,2023-12-07 14:32:00+00:00,2023-12-07 14:33:00+00:00,2023-12-07 14:33:00+00:00,long,15950.0,15950.0,15950.25,15942.482142857143,15975.25,16000.25,16025.25,16050.25,85.6,high_probability,39.599999999999994,7.767857142856883,False,False,False,False,True,stop,15942.482142857143,15942.232142857143,-8.017857142856883,0.0,-8.017857142856883,-1.032183908045978,0.0,10.25,0.0,1.3195402298851016,1,0.0,0,2023-12-07,1.8022988505747126,1.74,4.424870466321243,strong_bullish,6.097332966730822,1.726954855892408,neutral,bullish,True,True,True,False
388,418886,418887,418887,2023-12-07 14:34:00+00:00,2023-12-07 14:35:00+00:00,2023-12-07 14:35:00+00:00,long,15963.25,15963.75,15964.0,15954.392857142857,15989.0,16014.0,16039.0,16064.0,84.0,high_probability,38.0,9.607142857143117,False,False,False,False,True,stop,15954.392857142857,15954.142857142857,-9.857142857143117,0.0,-9.857142857143117,-1.026022304832713,0.5,17.75,0.0520446096654261,1.8475836431226267,1,0.0,0,2023-12-07,3.0185873605947955,1.74,4.424870466321243,strong_bullish,3.4286170871536723,1.5733653555288702,neutral,bullish,True,True,True,False
389,420292,420293,420298,2023-12-08 15:00:00+00:00,2023-12-08 15:01:00+00:00,2023-12-08 15:06:00+00:00,short,16031.5,16031.75,16031.5,16048.035714285714,16006.5,15981.5,15956.5,15931.5,78.0,near_trigger,-67.7864077669903,16.535714285713766,False,False,False,False,True,stop,16048.035714285714,16048.285714285714,-16.785714285713766,0.0,-16.785714285713766,-1.0151187904967607,21.5,24.75,1.3002159827214232,1.4967602591793128,6,5.0,0,2023-12-08,2.192224622030238,1.2222222222222223,0.753208292201382,strong_bullish,2.531909477690639,1.9251258041326427,bearish,bearish,True,False,True,False
390,420318,420319,420319,2023-12-08 15:26:00+00:00,2023-12-08 15:27:00+00:00,2023-12-08 15:27:00+00:00,short,16092.0,16092.25,16092.0,16104.535714285714,16067.0,16042.0,16017.0,15992.0,77.25629557460462,near_trigger,-77.25629557460462,12.535714285713766,False,False,False,False,True,stop,16104.535714285714,16104.785714285714,-12.785714285713766,0.0,-12.785714285713766,-1.0199430199430208,1.75,14.0,0.1396011396011454,1.1168091168091632,1,0.0,0,2023-12-08,0.41880341880341876,3.596330275229358,2.8301724137931035,partial_bullish,0.8948678310254471,1.1188025166888271,bearish,bearish,True,False,True,False
391,423023,423024,423025,2023-12-12 14:31:00+00:00,2023-12-12 14:32:00+00:00,2023-12-12 14:33:00+00:00,short,16427.75,16427.75,16427.5,16437.10714285714,16402.5,16377.5,16352.5,16327.5,71.43669209606486,near_trigger,-53.43669209606486,9.607142857141298,False,False,False,False,True,stop,16437.10714285714,16437.35714285714,-9.857142857141298,0.0,-9.857142857141298,-1.026022304832718,9.25,16.25,0.9628252788105652,1.6914498141266685,2,1.0,0,2023-12-12,2.8624535315985127,0.5192727272727273,2.16260162601626,strong_bearish,6.601048340128131,0.7586903988914847,bearish,bearish,True,True,False,False
392,425809,425810,425850,2023-12-14 14:57:00+00:00,2023-12-14 14:58:00+00:00,2023-12-14 15:38:00+00:00,short,16867.0,16867.25,16867.0,16879.48214285714,16842.0,16817.0,16792.0,16767.0,71.14649499284693,near_trigger,-71.14649499284693,12.482142857141298,True,True,True,True,False,tp4,16767.0,16767.25,99.75,0.0,99.75,7.991416309013874,100.0,1.75,8.011444921317167,0.1402002861230504,41,40.0,4,2023-12-14,1.742489270386266,1.6612209802235598,0.9670682730923694,strong_bullish,1.347035611992772,2.115035707392395,bearish,bearish,True,True,False,False
393,427207,427208,427216,2023-12-15 15:15:00+00:00,2023-12-15 15:16:00+00:00,2023-12-15 15:24:00+00:00,long,16847.0,16846.5,16846.75,16835.35714285714,16871.75,16896.75,16921.75,16946.75,70.1021332512357,near_trigger,44.1021332512357,11.392857142858702,False,False,False,False,True,stop,16835.35714285714,16835.10714285714,-11.642857142858702,0.0,-11.642857142858702,-1.0219435736677085,11.25,11.5,0.9874608150468868,1.0094043887145954,9,8.0,0,2023-12-15,2.040752351097179,1.2635046113306982,1.935483870967742,strong_bullish,1.5406396340799362,1.1292339621637442,bullish,bullish,True,True,False,True
394,431307,431308,431367,2023-12-20 14:35:00+00:00,2023-12-20 14:36:00+00:00,2023-12-20 15:35:00+00:00,long,16992.25,16992.75,16993.0,16986.39285714286,17018.0,17043.0,17068.0,17093.0,78.69933422450963,near_trigger,78.69933422450963,6.607142857141298,True,True,True,False,False,max_holding_time,17060.25,17060.0,67.0,0.0,67.0,10.140540540542933,80.5,3.0,12.183783783786659,0.4540540540541612,60,59.0,3,2023-12-20,1.2108108108108109,1.548235294117647,0.6858108108108109,strong_bullish,2.796833773087071,0.7511948076640538,bullish,bullish,True,False,True,False
395,432682,432683,432684,2023-12-21 14:30:00+00:00,2023-12-21 14:31:00+00:00,2023-12-21 14:32:00+00:00,long,16945.5,16945.25,16945.5,16937.839285714286,16970.5,16995.5,17020.5,17045.5,73.79118030143275,near_trigger,68.79118030143275,7.660714285713766,False,False,False,False,True,stop,16937.839285714286,16937.589285714286,-7.910714285713766,0.0,-7.910714285713766,-1.0326340326340349,13.25,19.0,1.729603729603847,2.4801864801866484,2,1.0,0,2023-12-21,3.5244755244755246,0.5522935779816514,2.032450896669513,partial_bullish,12.84134739007457,1.2389753767909197,bullish,neutral,True,True,True,False
396,432685,432686,432688,2023-12-21 14:33:00+00:00,2023-12-21 14:34:00+00:00,2023-12-21 14:36:00+00:00,long,16921.5,16921.75,16922.0,16911.553571428572,16947.0,16972.0,16997.0,17022.0,73.0,near_trigger,67.71958863763123,10.446428571427532,False,False,False,False,True,stop,16911.553571428572,16911.303571428572,-10.696428571427532,0.0,-10.696428571427532,-1.0239316239316263,15.0,15.75,1.4358974358975787,1.5076923076924578,3,2.0,0,2023-12-21,0.2871794871794872,0.5522935779816514,2.032450896669513,partial_bearish,2.2125493190785286,0.8505142029609479,bullish,bullish,True,True,True,False
397,432689,432690,432694,2023-12-21 14:37:00+00:00,2023-12-21 14:38:00+00:00,2023-12-21 14:42:00+00:00,long,16918.0,16918.25,16918.5,16904.23214285714,16943.5,16968.5,16993.5,17018.5,78.89511889862328,near_trigger,78.89511889862328,14.267857142858702,False,False,False,False,True,stop,16904.23214285714,16903.98214285714,-14.517857142858702,0.0,-14.517857142858702,-1.0175219023779705,20.25,17.75,1.4192740926156147,1.244055068835909,5,4.0,0,2023-12-21,1.1564455569461827,0.1908580593424218,2.032450896669513,partial_bearish,2.2923151414539666,1.5368206269708773,bullish,bullish,True,True,True,False
398,432722,432723,432782,2023-12-21 15:10:00+00:00,2023-12-21 15:11:00+00:00,2023-12-21 16:10:00+00:00,long,16866.5,16866.25,16866.5,16851.660714285714,16891.5,16916.5,16941.5,16966.5,73.8546329723225,near_trigger,73.8546329723225,14.839285714286234,True,True,False,False,False,max_holding_time,16874.5,16874.25,7.75,0.0,7.75,0.5222623345366845,67.0,12.75,4.515042117930046,0.8592057761732551,60,59.0,2,2023-12-21,0.6401925391095067,3.4115898959881132,2.25496915695682,strong_bearish,1.2387090758633552,1.6076722938222303,bullish,bullish,True,True,False,False
399,434076,434077,434078,2023-12-22 14:44:00+00:00,2023-12-22 14:45:00+00:00,2023-12-22 14:46:00+00:00,long,17032.75,17032.5,17032.75,17019.60714285714,17057.75,17082.75,17107.75,17132.75,72.70652173913044,near_trigger,46.70652173913044,13.142857142858702,False,False,False,False,True,stop,17019.60714285714,17019.35714285714,-13.392857142858702,0.0,-13.392857142858702,-1.0190217391304326,4.0,14.0,0.3043478260869204,1.0652173913042216,2,1.0,0,2023-12-22,2.0543478260869565,0.3085399449035812,2.663716814159292,strong_bullish,1.8350527688841458,1.7464168829703193,bullish,bullish,True,True,False,False
400,434082,434083,434086,2023-12-22 14:50:00+00:00,2023-12-22 14:51:00+00:00,2023-12-22 14:54:00+00:00,long,17040.25,17040.25,17040.5,17029.446428571428,17065.5,17090.5,17115.5,17140.5,71.43652770138173,near_trigger,70.43652770138173,11.053571428572468,False,False,False,False,True,stop,17029.446428571428,17029.196428571428,-11.303571428572468,0.0,-11.303571428572468,-1.022617124394182,0.75,12.0,0.06785137318254612,1.085621970920738,4,3.0,0,2023-12-22,1.4701130856219708,1.8202959830866807,3.615023474178404,strong_bullish,0.7573941805282585,0.7972751356124638,bullish,bullish,False,True,True,False
401,438237,438238,438247,2023-12-28 15:05:00+00:00,2023-12-28 15:06:00+00:00,2023-12-28 15:15:00+00:00,short,17110.5,17110.75,17110.5,17117.553571428572,17085.5,17060.5,17035.5,17010.5,84.16741882223445,high_probability,-84.16741882223445,7.053571428572468,False,False,False,False,True,stop,17117.553571428572,17117.803571428572,-7.303571428572468,0.0,-7.303571428572468,-1.0354430379746784,7.75,7.5,1.0987341772150279,1.0632911392403497,10,9.0,0,2023-12-28,1.4177215189873418,0.9531914893617022,3.130434782608696,strong_bearish,4.390172820796782,1.6177844600762499,bearish,bearish,True,True,True,True
