trade_id,signal_index,entry_index,exit_index,signal_time,entry_time,exit_time,direction,signal_close,entry_price_raw,entry_price,stop_price,tp1,tp2,tp3,tp4,raw_score,score_band,score_edge,stop_distance_points,tp1_hit,tp2_hit,tp3_hit,tp4_hit,stop_hit,exit_reason,exit_price_raw,exit_price,gross_result_points,commission_cost,net_result_points,net_result_r,mfe_points,mae_points,mfe_r,mae_r,bars_held,minutes_held,maximum_target_reached,session_date,snr_1m,snr_5m,snr_15m,snr_alignment,rvol_rolling,rvol_time_of_day,htf_bias,dol_direction,liquidity_sweep,displacement,structure_shift,fvg_context
1,972,973,1032,2022-10-03 14:12:00+00:00,2022-10-03 14:13:00+00:00,2022-10-03 15:12:00+00:00,long,11157.75,11158.25,11158.5,11133.5,11183.5,11208.5,11233.5,11258.5,73.0,near_trigger,73.0,25.0,True,True,True,False,False,max_holding_time,11213.25,11213.0,54.5,0.0,54.5,2.18,78.25,23.5,3.13,0.94,60,59.0,3,2022-10-03,0.8114186851211073,2.5643919958953307,0.08934707903780069,partial_bearish,0.6277917557996475,,bullish,bullish,True,False,True,False
2,3691,3692,3693,2022-10-05 13:31:00+00:00,2022-10-05 13:32:00+00:00,2022-10-05 13:33:00+00:00,short,11502.5,11502.75,11502.5,11527.5,11477.5,11452.5,11427.5,11402.5,84.0,high_probability,-31.808859840232387,25.0,False,False,False,False,True,stop,11527.5,11527.75,-25.25,0.0,-25.25,-1.01,0.75,36.5,0.03,1.46,2,1.0,0,2022-10-05,2.440087145969499,2.15625,2.32468495181616,partial_bearish,4.131540697674419,,bearish,bearish,True,False,True,False
3,3694,3695,3725,2022-10-05 13:34:00+00:00,2022-10-05 13:35:00+00:00,2022-10-05 14:05:00+00:00,short,11528.25,11527.75,11527.5,11552.5,11502.5,11477.5,11452.5,11427.5,78.86555048198883,near_trigger,-38.865550481988834,25.0,True,True,True,True,False,tp4,11427.5,11427.75,99.75,0.0,99.75,3.99,102.5,3.75,4.1,0.15,31,30.0,4,2022-10-05,4.027397260273973,2.15625,2.32468495181616,partial_bearish,1.8684258251722887,,bearish,bearish,False,False,True,False
4,3735,3736,3795,2022-10-05 14:15:00+00:00,2022-10-05 14:16:00+00:00,2022-10-05 15:15:00+00:00,short,11417.5,11417.5,11417.25,11442.25,11392.25,11367.25,11342.25,11317.25,83.66324786324786,high_probability,-80.66324786324786,25.0,True,False,False,False,False,max_holding_time,11412.25,11412.5,4.75,0.0,4.75,0.19,49.25,3.75,1.97,0.15,60,59.0,1,2022-10-05,0.7076923076923077,1.965426925091671,2.339368856699431,strong_bearish,1.277489049769648,,bearish,bearish,True,True,True,False
5,5071,5072,5101,2022-10-06 13:31:00+00:00,2022-10-06 13:32:00+00:00,2022-10-06 14:01:00+00:00,long,11626.5,11627.0,11627.25,11602.25,11652.25,11677.25,11702.25,11727.25,79.0,near_trigger,47.0,25.0,True,True,True,False,True,stop,11602.25,11602.0,-25.25,0.0,-25.25,-1.01,94.5,58.75,3.78,2.35,30,29.0,3,2022-10-06,4.176666666666667,0.12698412698412698,0.32597014925373136,partial_bullish,6.009862627685805,,bullish,neutral,True,True,True,True
6,6454,6455,6456,2022-10-07 13:34:00+00:00,2022-10-07 13:35:00+00:00,2022-10-07 13:36:00+00:00,short,11329.0,11329.5,11329.25,11350.25,11304.25,11279.25,11254.25,11229.25,77.17335495998229,near_trigger,-77.17335495998229,21.0,False,False,False,False,True,stop,11350.25,11350.5,-21.25,0.0,-21.25,-1.0119047619047619,19.0,21.25,0.9047619047619048,1.0119047619047619,2,1.0,0,2022-10-07,0.9722222222222222,0.24912770411723656,3.6007999999999996,partial_bearish,2.426025097913836,,bearish,bearish,False,True,True,False
7,6457,6458,6460,2022-10-07 13:37:00+00:00,2022-10-07 13:38:00+00:00,2022-10-07 13:40:00+00:00,short,11323.0,11323.0,11322.75,11347.75,11297.75,11272.75,11247.75,11222.75,86.94185831092685,high_probability,-77.94185831092685,25.0,False,False,False,False,True,stop,11347.75,11348.0,-25.25,0.0,-25.25,-1.01,11.25,27.5,0.45,1.1,3,2.0,0,2022-10-07,1.0456942003514937,0.2096505823627288,3.6007999999999996,partial_bearish,1.8307210031347962,,bearish,bearish,True,True,True,False
8,6464,6465,6524,2022-10-07 13:44:00+00:00,2022-10-07 13:45:00+00:00,2022-10-07 14:44:00+00:00,short,11275.0,11275.0,11274.75,11299.75,11249.75,11224.75,11199.75,11174.75,76.2852720669973,near_trigger,-55.285272066997294,25.0,True,True,False,False,False,max_holding_time,11236.25,11236.5,38.25,0.0,38.25,1.53,70.25,14.0,2.81,0.56,60,59.0,2,2022-10-07,1.8273283480625426,0.7317744154057771,3.6007999999999996,strong_bearish,2.4315380468125456,,bearish,bearish,True,False,False,False
9,7837,7838,7853,2022-10-10 13:37:00+00:00,2022-10-10 13:38:00+00:00,2022-10-10 13:53:00+00:00,long,11042.25,11042.0,11042.25,11017.25,11067.25,11092.25,11117.25,11142.25,75.90956955039397,near_trigger,51.90956955039397,25.0,True,False,False,False,True,stop,11017.25,11017.0,-25.25,0.0,-25.25,-1.01,34.75,34.75,1.39,1.39,16,15.0,1,2022-10-10,2.3634408602150536,2.687813021702838,2.096960926193922,partial_bearish,1.88940818148401,0.8942537115588547,bullish,bullish,True,True,False,False
10,10598,10599,10604,2022-10-12 13:38:00+00:00,2022-10-12 13:39:00+00:00,2022-10-12 13:44:00+00:00,short,10905.0,10904.75,10904.5,10929.5,10879.5,10854.5,10829.5,10804.5,71.69514234762305,near_trigger,-32.69514234762305,25.0,True,False,False,False,True,stop,10929.5,10929.75,-25.25,0.0,-25.25,-1.01,32.0,27.5,1.28,1.1,6,5.0,1,2022-10-12,4.026600166251039,0.5111716621253406,2.482039397450753,partial_bearish,1.6869117105747489,1.2826136623257938,neutral,bearish,True,True,True,False
11,11971,11972,11982,2022-10-13 13:31:00+00:00,2022-10-13 13:32:00+00:00,2022-10-13 13:42:00+00:00,short,10527.5,10527.5,10527.25,10552.25,10502.25,10477.25,10452.25,10427.25,72.68323066392881,near_trigger,-57.68323066392881,25.0,True,False,False,False,True,stop,10552.25,10552.5,-25.25,0.0,-25.25,-1.01,42.75,27.0,1.71,1.08,11,10.0,1,2022-10-13,0.41683778234086244,0.18196588139723802,6.464027737648078,partial_bearish,5.0128294380905025,1.6717744610281924,bearish,bearish,True,False,True,False
12,13356,13357,13364,2022-10-14 13:36:00+00:00,2022-10-14 13:37:00+00:00,2022-10-14 13:44:00+00:00,long,11131.5,11131.75,11132.0,11107.0,11157.0,11182.0,11207.0,11232.0,75.78886355018672,near_trigger,51.78886355018672,25.0,True,True,False,False,True,stop,11107.0,11106.75,-25.25,0.0,-25.25,-1.01,69.25,32.75,2.77,1.31,8,7.0,2,2022-10-14,1.5726872246696035,2.230406852248394,2.4580514208389714,partial_bearish,1.7764727902297506,1.1345441867414872,bullish,bullish,True,False,False,False
13,13383,13384,13387,2022-10-14 14:03:00+00:00,2022-10-14 14:04:00+00:00,2022-10-14 14:07:00+00:00,long,10992.75,10992.75,10993.0,10968.0,11018.0,11043.0,11068.0,11093.0,72.70169195852432,near_trigger,72.70169195852432,25.0,True,False,False,False,True,stop,10968.0,10967.75,-25.25,0.0,-25.25,-1.01,35.0,29.5,1.4,1.18,4,3.0,1,2022-10-14,1.5690890481064481,1.439207650273224,1.0837004405286343,strong_bearish,1.4880067455122372,2.161314966457373,bullish,bullish,True,False,False,False
14,13408,13409,13410,2022-10-14 14:28:00+00:00,2022-10-14 14:29:00+00:00,2022-10-14 14:30:00+00:00,long,10936.75,10936.75,10937.0,10912.0,10962.0,10987.0,11012.0,11037.0,78.33333333333334,near_trigger,27.333333333333343,25.0,False,False,False,False,True,stop,10912.0,10911.75,-25.25,0.0,-25.25,-1.01,1.0,26.75,0.04,1.07,2,1.0,0,2022-10-14,1.862255232950709,2.6517231717567946,4.720262510254306,partial_bearish,1.566646880690564,2.2544155969501016,bullish,bearish,False,True,True,False
15,16149,16150,16156,2022-10-18 14:09:00+00:00,2022-10-18 14:10:00+00:00,2022-10-18 14:16:00+00:00,long,11336.75,11336.75,11337.0,11312.0,11362.0,11387.0,11412.0,11437.0,80.08073770303173,high_probability,59.08073770303173,25.0,False,False,False,False,True,stop,11312.0,11311.75,-25.25,0.0,-25.25,-1.01,8.75,34.75,0.35,1.39,7,6.0,0,2022-10-18,0.8930041152263374,1.2239142695995489,1.730886850152905,partial_bearish,1.509366551941788,1.4437471521477985,bullish,bullish,False,True,True,False
16,16157,16158,16164,2022-10-18 14:17:00+00:00,2022-10-18 14:18:00+00:00,2022-10-18 14:24:00+00:00,long,11318.0,11318.25,11318.5,11293.5,11343.5,11368.5,11393.5,11418.5,76.17136830478182,near_trigger,76.17136830478182,25.0,False,False,False,False,True,stop,11293.5,11293.25,-25.25,0.0,-25.25,-1.01,11.0,34.75,0.44,1.39,7,6.0,0,2022-10-18,0.994,0.8998393144081414,1.4801762114537445,strong_bearish,1.1791860597836425,1.255561011539406,bullish,bullish,True,True,True,False
17,17516,17517,17525,2022-10-19 13:56:00+00:00,2022-10-19 13:57:00+00:00,2022-10-19 14:05:00+00:00,short,11142.0,11142.0,11141.75,11166.75,11116.75,11091.75,11066.75,11041.75,71.99932340454208,near_trigger,-55.99932340454208,25.0,False,False,False,False,True,stop,11166.75,11167.0,-25.25,0.0,-25.25,-1.01,21.5,46.75,0.86,1.87,9,8.0,0,2022-10-19,1.1104521868050408,1.0578093306288032,0.011093502377179081,partial_bearish,1.2522529582321136,1.6987951807228916,bearish,neutral,True,False,True,False
18,18871,18872,18875,2022-10-20 13:31:00+00:00,2022-10-20 13:32:00+00:00,2022-10-20 13:35:00+00:00,long,11143.75,11144.0,11144.25,11119.25,11169.25,11194.25,11219.25,11244.25,88.35928548000119,high_probability,75.35928548000119,25.0,False,False,False,False,True,stop,11119.25,11119.0,-25.25,0.0,-25.25,-1.01,12.75,36.25,0.51,1.45,4,3.0,0,2022-10-20,2.505050505050505,0.5103757711721817,0.8743126472898665,partial_bullish,6.237224419469789,0.9801382183091925,bullish,bullish,True,True,True,True
19,18876,18877,18890,2022-10-20 13:36:00+00:00,2022-10-20 13:37:00+00:00,2022-10-20 13:50:00+00:00,long,11107.0,11107.0,11107.25,11082.25,11132.25,11157.25,11182.25,11207.25,79.0,near_trigger,68.82276351938438,25.0,True,True,True,True,False,tp4,11207.25,11207.0,99.75,0.0,99.75,3.99,100.0,15.75,4.0,0.63,14,13.0,4,2022-10-20,1.80684811237928,0.5833333333333334,0.8743126472898665,partial_bearish,2.325489964812958,0.8765959872321022,bullish,bullish,True,True,True,False
20,18891,18892,18900,2022-10-20 13:51:00+00:00,2022-10-20 13:52:00+00:00,2022-10-20 14:00:00+00:00,long,11221.75,11221.5,11221.75,11196.75,11246.75,11271.75,11296.75,11321.75,71.78746368522133,near_trigger,71.78746368522133,25.0,False,False,False,False,True,stop,11196.75,11196.5,-25.25,0.0,-25.25,-1.01,7.5,28.5,0.3,1.14,9,8.0,0,2022-10-20,0.8246708246708246,2.024266936299292,0.5322230267921796,partial_bullish,1.218523636835808,1.2606397897875732,bullish,bullish,False,False,True,False
21,18902,18903,18962,2022-10-20 14:02:00+00:00,2022-10-20 14:03:00+00:00,2022-10-20 15:02:00+00:00,long,11240.25,11240.0,11240.25,11215.25,11265.25,11290.25,11315.25,11340.25,90.55871501753855,a_plus_plus,69.55871501753855,25.0,True,True,True,False,False,max_holding_time,11297.5,11297.25,57.0,0.0,57.0,2.28,88.75,9.25,3.55,0.37,60,59.0,3,2022-10-20,1.4583333333333335,1.70126582278481,1.7529610829103215,strong_bullish,1.573446760377514,1.232128662275721,bullish,bullish,True,False,True,False
22,20259,20260,20261,2022-10-21 13:39:00+00:00,2022-10-21 13:40:00+00:00,2022-10-21 13:41:00+00:00,long,11059.75,11059.75,11060.0,11035.0,11085.0,11110.0,11135.0,11160.0,71.13312418126453,near_trigger,14.133124181264535,25.0,False,False,False,False,True,stop,11035.0,11034.75,-25.25,0.0,-25.25,-1.01,3.75,40.75,0.15,1.63,2,1.0,0,2022-10-21,0.9292375205704881,1.267672756155679,2.103004291845494,partial_bullish,1.6220304603431086,1.2724657411093845,neutral,bullish,True,True,True,True
23,20280,20281,20304,2022-10-21 14:00:00+00:00,2022-10-21 14:01:00+00:00,2022-10-21 14:24:00+00:00,long,11161.25,11160.75,11161.0,11136.0,11186.0,11211.0,11236.0,11261.0,76.23965772442295,near_trigger,68.23965772442295,25.0,True,True,False,False,True,stop,11136.0,11135.75,-25.25,0.0,-25.25,-1.01,63.0,30.5,2.52,1.22,24,23.0,2,2022-10-21,1.6915604128718884,1.9649122807017543,4.056171470805618,strong_bullish,1.2746103281906986,1.0321168822810067,bullish,bullish,False,False,True,False
24,21637,21638,21640,2022-10-24 13:37:00+00:00,2022-10-24 13:38:00+00:00,2022-10-24 13:40:00+00:00,long,11380.75,11380.5,11380.75,11355.75,11405.75,11430.75,11455.75,11480.75,86.70356583942038,high_probability,68.70356583942038,25.0,False,False,False,False,True,stop,11355.75,11355.5,-25.25,0.0,-25.25,-1.01,17.75,52.5,0.71,2.1,3,2.0,0,2022-10-24,3.1421143847487003,2.867865519937451,1.4267942583732058,partial_bearish,2.6316689732385825,1.4160921079054822,bullish,bullish,False,True,True,False
25,23025,23026,23085,2022-10-25 13:45:00+00:00,2022-10-25 13:46:00+00:00,2022-10-25 14:45:00+00:00,long,11582.0,11582.5,11582.75,11557.75,11607.75,11632.75,11657.75,11682.75,75.62028637708983,near_trigger,69.62028637708983,25.0,True,True,True,False,False,max_holding_time,11622.0,11621.75,39.0,0.0,39.0,1.56,82.0,0.5,3.28,0.02,60,59.0,3,2022-10-25,2.28913260219342,1.9721539721539723,3.6954314720812182,strong_bullish,2.223631094089639,1.2690184785217182,bullish,bullish,True,True,True,False
26,24447,24448,24492,2022-10-26 14:27:00+00:00,2022-10-26 14:28:00+00:00,2022-10-26 15:12:00+00:00,long,11577.5,11576.75,11577.0,11552.0,11602.0,11627.0,11652.0,11677.0,92.02978723404256,a_plus_plus,55.02978723404256,25.0,True,True,True,True,False,tp4,11677.0,11676.75,99.75,0.0,99.75,3.99,101.75,16.75,4.07,0.67,45,44.0,4,2022-10-26,1.7059961315280463,0.9601891998423334,1.064516129032258,strong_bullish,1.5412277824349114,1.6641100033951666,bullish,bullish,True,True,True,False
27,25772,25773,25789,2022-10-27 13:32:00+00:00,2022-10-27 13:33:00+00:00,2022-10-27 13:49:00+00:00,short,11443.0,11444.0,11443.75,11468.75,11418.75,11393.75,11368.75,11343.75,71.0,near_trigger,-28.730153884297863,25.0,True,True,True,True,False,tp4,11343.75,11344.0,99.75,0.0,99.75,3.99,122.25,16.5,4.89,0.66,17,16.0,4,2022-10-27,1.7721518987341773,0.9910195456946644,0.7044967880085654,partial_bullish,3.1627803356601816,1.0770841089981806,bearish,bearish,False,False,True,False
28,25790,25791,25805,2022-10-27 13:50:00+00:00,2022-10-27 13:51:00+00:00,2022-10-27 14:05:00+00:00,short,11297.75,11297.5,11297.25,11322.25,11272.25,11247.25,11222.25,11197.25,84.61156069364162,high_probability,-71.61156069364162,25.0,True,False,False,False,True,stop,11322.25,11322.5,-25.25,0.0,-25.25,-1.01,33.75,53.75,1.35,2.15,15,14.0,1,2022-10-27,4.309248554913295,2.269927536231884,0.44536652835408025,partial_bearish,1.3453714108575192,1.6498590270224607,bearish,bearish,False,True,True,False
29,27150,27151,27160,2022-10-28 13:30:00+00:00,2022-10-28 13:31:00+00:00,2022-10-28 13:40:00+00:00,long,11234.0,11234.25,11234.5,11209.5,11259.5,11284.5,11309.5,11334.5,81.38678513192924,high_probability,47.386785131929244,25.0,True,True,True,True,False,tp4,11334.5,11334.25,99.75,0.0,99.75,3.99,107.5,10.5,4.3,0.42,10,9.0,4,2022-10-28,1.8252933507170797,1.5149253731343284,2.6553990610328637,strong_bullish,7.761614911104233,1.157642117084285,neutral,bullish,True,True,True,False
30,27161,27162,27169,2022-10-28 13:41:00+00:00,2022-10-28 13:42:00+00:00,2022-10-28 13:49:00+00:00,long,11350.75,11350.75,11351.0,11326.0,11376.0,11401.0,11426.0,11451.0,73.06066731902239,near_trigger,47.060667319022386,25.0,False,False,False,False,True,stop,11326.0,11325.75,-25.25,0.0,-25.25,-1.01,13.25,25.25,0.53,1.01,8,7.0,0,2022-10-28,1.406791406791407,3.427958833619211,2.6553990610328637,strong_bullish,1.56624973500106,1.2401010654274962,neutral,bullish,False,True,True,False
31,27185,27186,27188,2022-10-28 14:05:00+00:00,2022-10-28 14:06:00+00:00,2022-10-28 14:08:00+00:00,long,11330.0,11329.5,11329.75,11304.75,11354.75,11379.75,11404.75,11429.75,84.58787243219106,high_probability,73.58787243219106,25.0,False,False,False,False,True,stop,11304.75,11304.5,-25.25,0.0,-25.25,-1.01,7.0,25.75,0.28,1.03,3,2.0,0,2022-10-28,0.7304347826086957,0.44602948169281975,3.542817196784341,partial_bearish,1.3930154300722257,1.2159211952679454,bullish,bullish,True,False,True,False
32,28530,28531,28532,2022-10-31 13:30:00+00:00,2022-10-31 13:31:00+00:00,2022-10-31 13:32:00+00:00,long,11504.75,11504.75,11505.0,11480.0,11530.0,11555.0,11580.0,11605.0,76.73780270179884,near_trigger,47.73780270179884,25.0,False,False,False,False,True,stop,11480.0,11479.75,-25.25,0.0,-25.25,-1.01,17.75,42.5,0.71,1.7,2,1.0,0,2022-10-31,1.3254437869822484,1.6035242290748897,1.2243816254416962,partial_bearish,13.314191371760822,0.9439089678476554,neutral,bullish,True,True,True,False
33,28533,28534,28546,2022-10-31 13:33:00+00:00,2022-10-31 13:34:00+00:00,2022-10-31 13:46:00+00:00,long,11465.75,11466.0,11466.25,11441.25,11491.25,11516.25,11541.25,11566.25,71.9810338067086,near_trigger,44.981033806708595,25.0,True,False,False,False,True,stop,11441.25,11441.0,-25.25,0.0,-25.25,-1.01,46.5,38.25,1.86,1.53,13,12.0,1,2022-10-31,2.044736842105263,1.6035242290748897,1.2243816254416962,strong_bearish,3.6382135589589804,0.9782718253682559,neutral,bullish,True,True,True,True
34,29961,29962,29966,2022-11-01 14:21:00+00:00,2022-11-01 14:22:00+00:00,2022-11-01 14:26:00+00:00,long,11429.0,11429.25,11429.5,11404.5,11454.5,11479.5,11504.5,11529.5,96.38095238095238,a_plus_plus,78.38095238095238,25.0,False,False,False,False,True,stop,11404.5,11404.25,-25.25,0.0,-25.25,-1.01,3.75,26.5,0.15,1.06,5,4.0,0,2022-11-01,0.43478260869565216,3.1831129196337744,6.030188679245283,partial_bearish,1.2989234717074185,2.0077900730170453,bullish,bullish,True,True,True,False
35,29969,29970,29971,2022-11-01 14:29:00+00:00,2022-11-01 14:30:00+00:00,2022-11-01 14:31:00+00:00,long,11439.75,11439.75,11440.0,11415.0,11465.0,11490.0,11515.0,11540.0,88.15001494318169,high_probability,76.15001494318169,25.0,False,False,False,False,True,stop,11415.0,11414.75,-25.25,0.0,-25.25,-1.01,0.5,26.25,0.02,1.05,2,1.0,0,2022-11-01,1.376597836774828,2.5389940009229353,6.030188679245283,partial_bearish,0.8005787775228703,1.2195475638051043,bullish,bullish,True,True,True,True
36,31292,31293,31296,2022-11-02 13:32:00+00:00,2022-11-02 13:33:00+00:00,2022-11-02 13:36:00+00:00,short,11284.0,11284.25,11284.0,11309.0,11259.0,11234.0,11209.0,11184.0,72.30005214742262,near_trigger,-63.30005214742262,25.0,False,False,False,False,True,stop,11309.0,11309.25,-25.25,0.0,-25.25,-1.01,12.75,30.75,0.51,1.23,4,3.0,0,2022-11-02,5.190114068441065,0.384,0.5873287671232876,strong_bearish,6.529186602870813,0.8437988882087051,bearish,bearish,True,True,True,True
37,31298,31299,31300,2022-11-02 13:38:00+00:00,2022-11-02 13:39:00+00:00,2022-11-02 13:40:00+00:00,short,11296.5,11296.25,11296.0,11316.75,11271.0,11246.0,11221.0,11196.0,80.05268087052285,high_probability,-65.05268087052285,20.75,False,False,False,False,True,stop,11316.75,11317.0,-21.0,0.0,-21.0,-1.0120481927710843,8.75,30.5,0.42168674698795183,1.4698795180722892,2,1.0,0,2022-11-02,1.1475409836065573,2.6291079812206575,0.5873287671232876,partial_bearish,1.2299221725451235,0.5428467019915951,bearish,bearish,True,True,True,True
38,34050,34051,34051,2022-11-04 13:30:00+00:00,2022-11-04 13:31:00+00:00,2022-11-04 13:31:00+00:00,long,10945.75,10946.0,10946.25,10921.25,10971.25,10996.25,11021.25,11046.25,81.15812470068725,high_probability,63.15812470068725,25.0,False,False,False,False,True,stop,10921.25,10921.0,-25.25,0.0,-25.25,-1.01,3.5,34.25,0.14,1.37,1,0.0,0,2022-11-04,2.289544235924933,0.822972972972973,3.2585249801744647,strong_bullish,6.545164597334549,1.1772298425511427,bullish,bullish,True,True,True,False
39,34052,34053,34055,2022-11-04 13:32:00+00:00,2022-11-04 13:33:00+00:00,2022-11-04 13:35:00+00:00,long,10879.5,10879.75,10880.0,10855.0,10905.0,10930.0,10955.0,10980.0,76.0,near_trigger,21.044748628549257,25.0,False,False,False,False,True,stop,10855.0,10854.75,-25.25,0.0,-25.25,-1.01,19.25,27.5,0.77,1.1,3,2.0,0,2022-11-04,2.7751479289940826,0.822972972972973,3.2585249801744647,partial_bullish,3.218673706357555,1.0205481607350766,bullish,bullish,False,True,True,False
40,34076,34077,34102,2022-11-04 13:56:00+00:00,2022-11-04 13:57:00+00:00,2022-11-04 14:22:00+00:00,long,10815.5,10815.5,10815.75,10790.75,10840.75,10865.75,10890.75,10915.75,93.4,a_plus_plus,84.4,25.0,True,True,True,True,False,tp4,10915.75,10915.5,99.75,0.0,99.75,3.99,102.75,9.25,4.11,0.37,26,25.0,4,2022-11-04,2.457296570275723,3.131445170660857,0.7946859903381642,partial_bearish,1.3613758382394072,2.331008865683148,bullish,bullish,True,True,True,False
41,35462,35463,35468,2022-11-07 15:02:00+00:00,2022-11-07 15:03:00+00:00,2022-11-07 15:08:00+00:00,long,10924.0,10923.75,10924.0,10899.0,10949.0,10974.0,10999.0,11024.0,78.8807591762918,near_trigger,49.880759176291804,25.0,False,False,False,False,True,stop,10899.0,10898.75,-25.25,0.0,-25.25,-1.01,12.0,29.25,0.48,1.17,6,5.0,0,2022-11-07,1.990942028985507,0.9385964912280702,0.9873278236914601,partial_bearish,1.6681449569183984,1.467533673943335,neutral,bullish,True,True,True,False
42,35475,35476,35480,2022-11-07 15:15:00+00:00,2022-11-07 15:16:00+00:00,2022-11-07 15:20:00+00:00,long,10939.5,10939.75,10940.0,10915.0,10965.0,10990.0,11015.0,11040.0,70.93390979178906,near_trigger,43.93390979178906,25.0,False,False,False,False,True,stop,10915.0,10914.75,-25.25,0.0,-25.25,-1.01,22.25,32.75,0.89,1.31,5,4.0,0,2022-11-07,1.1827111984282908,1.8257731958762884,0.06366851945426984,partial_bullish,1.21122802207218,1.0916504494486146,neutral,bullish,True,False,True,True
43,36831,36832,36891,2022-11-08 14:51:00+00:00,2022-11-08 14:52:00+00:00,2022-11-08 15:51:00+00:00,long,11045.75,11045.75,11046.0,11021.0,11071.0,11096.0,11121.0,11146.0,80.53736851146553,high_probability,61.53736851146553,25.0,True,True,True,False,False,max_holding_time,11125.5,11125.25,79.25,0.0,79.25,3.17,92.0,5.0,3.68,0.2,60,59.0,3,2022-11-08,2.0252583237657866,2.9039010466222646,0.9408327246165084,partial_bearish,0.7374621068040619,0.5872149052361066,bullish,bullish,True,True,True,False
44,39582,39583,39591,2022-11-10 14:42:00+00:00,2022-11-10 14:43:00+00:00,2022-11-10 14:51:00+00:00,long,11298.5,11297.5,11297.75,11272.75,11322.75,11347.75,11372.75,11397.75,70.70891051326083,near_trigger,35.70891051326083,25.0,True,True,True,True,False,tp4,11397.75,11397.5,99.75,0.0,99.75,3.99,101.0,7.0,4.04,0.28,9,8.0,4,2022-11-10,0.9456210646823124,0.19464469618949534,7.7096580683863225,partial_bullish,1.5419143216514168,1.738405071738405,bullish,bullish,True,True,False,False
45,40950,40951,40965,2022-11-11 14:30:00+00:00,2022-11-11 14:31:00+00:00,2022-11-11 14:45:00+00:00,short,11613.25,11613.0,11612.75,11637.75,11587.75,11562.75,11537.75,11512.75,75.55262279424915,near_trigger,-66.55262279424915,25.0,True,False,False,False,True,stop,11637.75,11638.0,-25.25,0.0,-25.25,-1.01,43.25,45.25,1.73,1.81,15,14.0,1,2022-11-11,0.5685279187817259,3.5421686746987953,3.1935028248587574,strong_bearish,6.216666666666667,0.9892133112329465,neutral,bearish,True,True,True,True
46,40966,40967,40975,2022-11-11 14:46:00+00:00,2022-11-11 14:47:00+00:00,2022-11-11 14:55:00+00:00,long,11665.0,11665.25,11665.5,11640.5,11690.5,11715.5,11740.5,11765.5,72.13941113463233,near_trigger,45.139411134632326,25.0,True,False,False,False,True,stop,11640.5,11640.25,-25.25,0.0,-25.25,-1.01,26.0,31.75,1.04,1.27,9,8.0,1,2022-11-11,2.2174940898345157,0.44579226686884005,2.596705308114704,partial_bearish,1.0921761855501715,1.0230344241393965,neutral,bullish,True,True,True,False
47,42331,42332,42370,2022-11-14 14:31:00+00:00,2022-11-14 14:32:00+00:00,2022-11-14 15:10:00+00:00,short,11780.25,11779.75,11779.5,11804.5,11754.5,11729.5,11704.5,11679.5,71.0,near_trigger,-42.877437002687245,25.0,True,True,True,False,True,stop,11804.5,11804.75,-25.25,0.0,-25.25,-1.01,77.5,29.25,3.1,1.17,39,38.0,3,2022-11-14,1.5592417061611374,2.42026825633383,2.049800796812749,partial_bearish,6.804134697357204,0.8024028099807097,bearish,bearish,False,True,True,True
48,42384,42385,42401,2022-11-14 15:24:00+00:00,2022-11-14 15:25:00+00:00,2022-11-14 15:41:00+00:00,short,11783.0,11783.75,11783.5,11808.5,11758.5,11733.5,11708.5,11683.5,86.31870318184501,high_probability,-63.31870318184501,25.0,False,False,False,False,True,stop,11808.5,11808.75,-25.25,0.0,-25.25,-1.01,22.5,33.25,0.9,1.33,17,16.0,0,2022-11-14,1.1974842767295597,2.259678379988088,0.77228992944195,partial_bullish,1.1154334603301919,1.1759068744891343,bearish,bearish,True,True,True,False
49,43712,43713,43713,2022-11-15 14:32:00+00:00,2022-11-15 14:33:00+00:00,2022-11-15 14:33:00+00:00,long,12055.5,12056.25,12056.5,12031.5,12081.5,12106.5,12131.5,12156.5,73.95927498614726,near_trigger,52.959274986147264,25.0,False,False,False,False,True,stop,12031.5,12031.25,-25.25,0.0,-25.25,-1.01,3.0,25.0,0.12,1.0,1,0.0,0,2022-11-15,1.3311965811965811,0.7670319199618867,2.1365991521431935,partial_bullish,3.708484117410535,1.1906098922732349,bullish,bullish,True,False,False,False
50,43750,43751,43760,2022-11-15 15:10:00+00:00,2022-11-15 15:11:00+00:00,2022-11-15 15:20:00+00:00,long,12019.75,12019.5,12019.75,11994.75,12044.75,12069.75,12094.75,12119.75,73.0,near_trigger,73.0,25.0,False,False,False,False,True,stop,11994.75,11994.5,-25.25,0.0,-25.25,-1.01,18.0,25.75,0.72,1.03,10,9.0,0,2022-11-15,2.3056872037914693,0.2616822429906542,0.5916271721958926,partial_bearish,0.910418492093295,0.7690319548872181,bullish,bullish,True,False,True,False
51,43765,43766,43777,2022-11-15 15:25:00+00:00,2022-11-15 15:26:00+00:00,2022-11-15 15:37:00+00:00,long,12043.75,12043.75,12044.0,12019.0,12069.0,12094.0,12119.0,12144.0,83.21464020216993,high_probability,80.21464020216993,25.0,False,False,False,False,True,stop,12019.0,12018.75,-25.25,0.0,-25.25,-1.01,8.25,29.25,0.33,1.17,12,11.0,0,2022-11-15,2.11441647597254,0.13313313313313313,1.1754916792738275,partial_bullish,1.1321369247304822,0.8625524206555993,bullish,bullish,True,True,True,True
52,45091,45092,45094,2022-11-16 14:31:00+00:00,2022-11-16 14:32:00+00:00,2022-11-16 14:34:00+00:00,short,11811.25,11811.5,11811.25,11836.25,11786.25,11761.25,11736.25,11711.25,76.22869406228101,near_trigger,-67.22869406228101,25.0,False,False,False,False,True,stop,11836.25,11836.5,-25.25,0.0,-25.25,-1.01,11.5,25.5,0.46,1.02,3,2.0,0,2022-11-16,0.8456375838926175,0.6172148355493352,1.8490566037735847,strong_bearish,4.710156986742109,1.0745516900998495,bearish,bearish,False,True,True,False
53,45095,45096,45155,2022-11-16 14:35:00+00:00,2022-11-16 14:36:00+00:00,2022-11-16 15:35:00+00:00,short,11811.0,11811.5,11811.25,11836.25,11786.25,11761.25,11736.25,11711.25,87.06582456787368,high_probability,-82.06582456787368,25.0,True,True,True,False,False,max_holding_time,11765.5,11765.75,45.5,0.0,45.5,1.82,87.25,13.25,3.49,0.53,60,59.0,3,2022-11-16,0.5390070921985816,0.7406451612903227,1.8490566037735847,strong_bearish,2.7358521372824347,1.1846468188598942,bearish,bearish,True,True,True,False
54,47853,47854,47857,2022-11-18 14:33:00+00:00,2022-11-18 14:34:00+00:00,2022-11-18 14:37:00+00:00,long,11779.5,11778.75,11779.0,11754.0,11804.0,11829.0,11854.0,11879.0,70.0916113090869,near_trigger,51.0916113090869,25.0,False,False,False,False,True,stop,11754.0,11753.75,-25.25,0.0,-25.25,-1.01,9.75,25.5,0.39,1.02,4,3.0,0,2022-11-18,4.299492385786802,0.38,0.768361581920904,partial_bullish,2.5129208911566123,0.9021927088679558,bullish,bullish,True,True,False,False
55,47875,47876,47879,2022-11-18 14:55:00+00:00,2022-11-18 14:56:00+00:00,2022-11-18 14:59:00+00:00,long,11781.0,11780.5,11780.75,11755.75,11805.75,11830.75,11855.75,11880.75,87.66687140704285,high_probability,59.66687140704285,25.0,False,False,False,False,True,stop,11755.75,11755.5,-25.25,0.0,-25.25,-1.01,4.0,33.75,0.16,1.35,4,3.0,0,2022-11-18,2.3725961538461537,3.0631424375917766,2.629021667760998,partial_bearish,1.17512848286511,1.182884251794973,bullish,bullish,True,True,True,False
56,47880,47881,47883,2022-11-18 15:00:00+00:00,2022-11-18 15:01:00+00:00,2022-11-18 15:03:00+00:00,long,11731.25,11731.0,11731.25,11706.25,11756.25,11781.25,11806.25,11831.25,70.0,near_trigger,66.3570861013077,25.0,False,False,False,False,True,stop,11706.25,11706.0,-25.25,0.0,-25.25,-1.01,6.75,33.0,0.27,1.32,3,2.0,0,2022-11-18,3.1986222732491387,0.6648313833448039,2.3856882959369314,strong_bearish,1.7653203780851572,0.9454413093007267,bullish,neutral,True,True,True,True
57,47900,47901,47907,2022-11-18 15:20:00+00:00,2022-11-18 15:21:00+00:00,2022-11-18 15:27:00+00:00,long,11715.75,11716.0,11716.25,11691.25,11741.25,11766.25,11791.25,11816.25,73.21815724873542,near_trigger,73.21815724873542,25.0,False,False,False,False,True,stop,11691.25,11691.0,-25.25,0.0,-25.25,-1.01,9.75,39.0,0.39,1.56,7,6.0,0,2022-11-18,1.7183462532299743,1.9956308028399783,4.203655352480418,partial_bearish,0.8606440581362211,0.9143092423948846,bullish,bullish,True,True,False,False
58,49234,49235,49240,2022-11-21 14:34:00+00:00,2022-11-21 14:35:00+00:00,2022-11-21 14:40:00+00:00,short,11638.75,11639.5,11639.25,11664.25,11614.25,11589.25,11564.25,11539.25,87.67333807812504,high_probability,-79.67333807812504,25.0,False,False,False,False,True,stop,11664.25,11664.5,-25.25,0.0,-25.25,-1.01,11.0,26.75,0.44,1.07,6,5.0,0,2022-11-21,0.7945945945945947,0.22801302931596093,0.5737704918032788,partial_bullish,3.68224197745013,1.1937544482422304,bearish,bearish,True,True,True,True
59,49242,49243,49247,2022-11-21 14:42:00+00:00,2022-11-21 14:43:00+00:00,2022-11-21 14:47:00+00:00,short,11664.75,11664.25,11664.0,11689.0,11639.0,11614.0,11589.0,11564.0,73.0,near_trigger,-56.60225131443105,25.0,False,False,False,False,True,stop,11689.0,11689.25,-25.25,0.0,-25.25,-1.01,20.75,27.5,0.83,1.1,5,4.0,0,2022-11-21,1.7315010570824525,0.35159817351598177,0.5737704918032788,partial_bullish,1.0656482436823382,0.7160447838413939,bearish,bearish,True,True,True,True
60,49266,49267,49326,2022-11-21 15:06:00+00:00,2022-11-21 15:07:00+00:00,2022-11-21 16:06:00+00:00,short,11621.75,11622.0,11621.75,11646.75,11596.75,11571.75,11546.75,11521.75,80.93474980326806,high_probability,-79.93474980326806,25.0,True,False,False,False,False,max_holding_time,11602.75,11603.0,18.75,0.0,18.75,0.75,46.75,18.25,1.87,0.73,60,59.0,1,2022-11-21,3.287598944591029,0.3352112676056338,0.6032689450222883,partial_bearish,2.023803024512748,1.7367268297824994,bearish,bearish,False,True,True,False
61,51992,51993,52045,2022-11-23 14:32:00+00:00,2022-11-23 14:33:00+00:00,2022-11-23 15:25:00+00:00,long,11765.25,11765.0,11765.25,11742.75,11790.25,11815.25,11840.25,11865.25,76.78817564344453,near_trigger,59.78817564344453,22.5,True,True,True,True,False,tp4,11865.25,11865.0,99.75,0.0,99.75,4.433333333333334,103.0,10.0,4.5777777777777775,0.4444444444444444,53,52.0,4,2022-11-23,1.0325379609544467,0.6171284634760705,1.4516450648055834,partial_bearish,2.9506694496767296,0.382488418440746,bullish,neutral,True,True,True,False
62,57046,57047,57049,2022-11-29 14:31:00+00:00,2022-11-29 14:32:00+00:00,2022-11-29 14:34:00+00:00,short,11601.25,11601.5,11601.25,11626.25,11576.25,11551.25,11526.25,11501.25,82.61313937296234,high_probability,-61.61313937296234,25.0,False,False,False,False,True,stop,11626.25,11626.5,-25.25,0.0,-25.25,-1.01,3.25,26.75,0.13,1.07,3,2.0,0,2022-11-29,4.107438016528926,1.3618677042801557,0.6176470588235294,strong_bearish,5.62251517053777,0.7623181621521941,bearish,bearish,False,True,True,False
63,57076,57077,57100,2022-11-29 15:01:00+00:00,2022-11-29 15:02:00+00:00,2022-11-29 15:25:00+00:00,short,11590.5,11590.25,11590.0,11615.0,11565.0,11540.0,11515.0,11490.0,71.19231675239809,near_trigger,-42.192316752398085,25.0,True,False,False,False,True,stop,11615.0,11615.25,-25.25,0.0,-25.25,-1.01,28.75,27.5,1.15,1.1,24,23.0,1,2022-11-29,1.760233918128655,2.153846153846154,2.1725965177895534,partial_bearish,1.1305464966893963,0.7602002392238515,bearish,bearish,False,True,True,False
64,59805,59806,59807,2022-12-01 14:30:00+00:00,2022-12-01 14:31:00+00:00,2022-12-01 14:32:00+00:00,short,12037.0,12036.5,12036.25,12061.25,12011.25,11986.25,11961.25,11936.25,76.95004044238362,near_trigger,-75.95004044238362,25.0,False,False,False,False,True,stop,12061.25,12061.5,-25.25,0.0,-25.25,-1.01,2.0,36.0,0.08,1.44,2,1.0,0,2022-12-01,3.3321492007104796,0.7755395683453237,0.2898550724637681,strong_bearish,14.8220302640446,1.4531629147346419,bearish,bearish,True,True,False,False
65,59861,59862,59864,2022-12-01 15:26:00+00:00,2022-12-01 15:27:00+00:00,2022-12-01 15:29:00+00:00,long,11991.75,11992.0,11992.25,11967.25,12017.25,12042.25,12067.25,12092.25,91.32172043010752,a_plus_plus,78.32172043010752,25.0,False,False,False,False,True,stop,11967.25,11967.0,-25.25,0.0,-25.25,-1.01,1.25,30.25,0.05,1.21,3,2.0,0,2022-12-01,1.1591397849462366,3.9885277246653925,1.7808336914482166,partial_bearish,1.0104549854791869,1.6738025368419365,bullish,bullish,True,True,True,False
66,62575,62576,62635,2022-12-05 14:40:00+00:00,2022-12-05 14:41:00+00:00,2022-12-05 15:40:00+00:00,short,11948.75,11949.0,11948.75,11973.75,11923.75,11898.75,11873.75,11848.75,72.712318392619,near_trigger,-72.712318392619,25.0,True,True,True,False,False,max_holding_time,11910.0,11910.25,38.5,0.0,38.5,1.54,87.75,22.75,3.51,0.91,60,59.0,3,2022-12-05,0.6339622641509434,1.851508120649652,1.5476673427991885,partial_bearish,1.763461790413446,1.028568933331878,bearish,bearish,True,True,False,False
67,63964,63965,63982,2022-12-06 14:49:00+00:00,2022-12-06 14:50:00+00:00,2022-12-06 15:07:00+00:00,short,11730.0,11730.0,11729.75,11754.75,11704.75,11679.75,11654.75,11629.75,74.0,near_trigger,-40.27214377406932,25.0,True,True,True,True,False,tp4,11629.75,11630.0,99.75,0.0,99.75,3.99,118.0,1.25,4.72,0.05,18,17.0,4,2022-12-06,0.503209242618742,4.9284332688588,4.0355871886121,partial_bearish,1.0843305380194102,1.520050721191948,bearish,bearish,False,True,True,False
68,65332,65333,65344,2022-12-07 14:37:00+00:00,2022-12-07 14:38:00+00:00,2022-12-07 14:49:00+00:00,short,11577.25,11577.25,11577.0,11602.0,11552.0,11527.0,11502.0,11477.0,75.2304761904762,near_trigger,-63.230476190476196,25.0,True,True,True,True,False,tp4,11477.0,11477.25,99.75,0.0,99.75,3.99,105.75,12.0,4.23,0.48,12,11.0,4,2022-12-07,3.6,2.526994359387591,2.165042235217674,strong_bullish,2.308657854364569,1.5947505325469125,bearish,bearish,True,True,False,False
69,65355,65356,65357,2022-12-07 15:00:00+00:00,2022-12-07 15:01:00+00:00,2022-12-07 15:02:00+00:00,short,11448.75,11448.75,11448.5,11473.5,11423.5,11398.5,11373.5,11348.5,70.17751205613304,near_trigger,-69.17751205613304,25.0,False,False,False,False,True,stop,11473.5,11473.75,-25.25,0.0,-25.25,-1.01,8.25,36.5,0.33,1.46,2,1.0,0,2022-12-07,1.7517241379310344,2.5524437122460184,0.45997223507635354,strong_bearish,1.6627732273542384,1.3539175526247247,bearish,bearish,False,True,True,False
70,65363,65364,65406,2022-12-07 15:08:00+00:00,2022-12-07 15:09:00+00:00,2022-12-07 15:51:00+00:00,short,11520.75,11520.5,11520.25,11545.25,11495.25,11470.25,11445.25,11420.25,77.92943489983449,near_trigger,-68.92943489983449,25.0,True,True,False,False,True,stop,11545.25,11545.5,-25.25,0.0,-25.25,-1.01,62.75,40.25,2.51,1.61,43,42.0,2,2022-12-07,2.1816443594646273,1.693548387096774,0.45997223507635354,partial_bearish,1.0192633047401385,1.4936495969378878,bearish,bearish,True,True,True,False
71,66725,66726,66728,2022-12-08 14:50:00+00:00,2022-12-08 14:51:00+00:00,2022-12-08 14:53:00+00:00,short,11530.5,11530.75,11530.5,11555.5,11505.5,11480.5,11455.5,11430.5,70.0,near_trigger,-25.400944789627744,25.0,False,False,False,False,True,stop,11555.5,11555.75,-25.25,0.0,-25.25,-1.01,0.5,33.0,0.02,1.32,3,2.0,0,2022-12-08,2.499416569428238,2.076788830715532,3.094736842105263,partial_bearish,1.0388537662420179,1.197217476202099,bearish,bearish,False,True,True,True
72,66740,66741,66800,2022-12-08 15:05:00+00:00,2022-12-08 15:06:00+00:00,2022-12-08 16:05:00+00:00,long,11628.25,11628.25,11628.5,11603.5,11653.5,11678.5,11703.5,11728.5,84.97749360613811,high_probability,71.97749360613811,25.0,True,False,False,False,False,max_holding_time,11637.0,11636.75,8.25,0.0,8.25,0.33,42.75,21.0,1.71,0.84,60,59.0,1,2022-12-08,1.3248081841432227,3.710280373831776,0.7488738738738738,strong_bullish,1.5720080015030449,2.0339758622662014,bullish,bullish,False,True,True,False
73,68086,68087,68088,2022-12-09 14:31:00+00:00,2022-12-09 14:32:00+00:00,2022-12-09 14:33:00+00:00,short,11569.25,11569.75,11569.5,11594.5,11544.5,11519.5,11494.5,11469.5,73.8229156258043,near_trigger,-60.8229156258043,25.0,False,False,False,False,True,stop,11594.5,11594.75,-25.25,0.0,-25.25,-1.01,19.5,33.0,0.78,1.32,2,1.0,0,2022-12-09,1.8167938931297711,0.12494422132976349,2.9392265193370166,strong_bearish,6.559719994166546,1.0214833991915337,bearish,bearish,True,True,False,False
74,72260,72261,72320,2022-12-14 15:06:00+00:00,2022-12-14 15:07:00+00:00,2022-12-14 16:06:00+00:00,long,12027.0,12027.0,12027.25,12002.25,12052.25,12077.25,12102.25,12127.25,72.66423259259587,near_trigger,69.66423259259587,25.0,True,False,False,False,False,max_holding_time,12034.5,12034.25,7.0,0.0,7.0,0.28,28.5,21.5,1.14,0.86,60,59.0,1,2022-12-14,1.3608521970705725,1.1122031122031122,2.487603305785124,strong_bullish,0.8224994910275426,0.7213365642137483,bullish,bullish,False,False,True,False
75,73606,73607,73633,2022-12-15 14:32:00+00:00,2022-12-15 14:33:00+00:00,2022-12-15 14:59:00+00:00,short,11659.5,11659.5,11659.25,11684.25,11634.25,11609.25,11584.25,11559.25,70.47785336356765,near_trigger,-53.47785336356765,25.0,True,True,True,True,False,tp4,11559.25,11559.5,99.75,0.0,99.75,3.99,102.0,4.5,4.08,0.18,27,26.0,4,2022-12-15,1.4197183098591548,0.6589506172839507,1.204398447606727,strong_bearish,4.1845403899721445,1.1354875283446713,bearish,bearish,True,True,True,False
76,73635,73636,73695,2022-12-15 15:01:00+00:00,2022-12-15 15:02:00+00:00,2022-12-15 16:01:00+00:00,short,11552.5,11552.0,11551.75,11576.75,11526.75,11501.75,11476.75,11451.75,77.68851750021142,near_trigger,-77.68851750021142,25.0,True,False,False,False,False,max_holding_time,11527.0,11527.25,24.5,0.0,24.5,0.98,48.0,23.0,1.92,0.92,60,59.0,1,2022-12-15,2.4432548179871523,2.132295719844358,2.6043498380379453,strong_bearish,0.9249622671262192,1.0342699530220785,bearish,bearish,False,True,True,False
77,74993,74994,74997,2022-12-16 14:39:00+00:00,2022-12-16 14:40:00+00:00,2022-12-16 14:43:00+00:00,short,11417.5,11417.75,11417.5,11442.5,11392.5,11367.5,11342.5,11317.5,72.66946800877987,near_trigger,-45.66946800877987,25.0,False,False,False,False,True,stop,11442.5,11442.75,-25.25,0.0,-25.25,-1.01,11.0,35.0,0.44,1.4,4,3.0,0,2022-12-16,0.9795221843003413,2.2842724978973927,0.8436911487758945,partial_bullish,1.2457149075871075,0.904076770176524,neutral,bearish,True,False,True,False
78,75001,75002,75003,2022-12-16 14:47:00+00:00,2022-12-16 14:48:00+00:00,2022-12-16 14:49:00+00:00,short,11439.25,11439.25,11439.0,11464.0,11414.0,11389.0,11364.0,11339.0,70.87539952685638,near_trigger,-57.875399526856384,25.0,False,False,False,False,True,stop,11464.0,11464.25,-25.25,0.0,-25.25,-1.01,0.0,48.75,0.0,1.95,2,1.0,0,2022-12-16,0.0115990057995029,2.4279720279720283,1.3132892363199038,partial_bullish,1.415744050213582,1.6681095834128161,neutral,bearish,True,False,True,False
79,75038,75039,75098,2022-12-16 15:24:00+00:00,2022-12-16 15:25:00+00:00,2022-12-16 16:24:00+00:00,short,11348.5,11348.25,11348.0,11373.0,11323.0,11298.0,11273.0,11248.0,70.14556574923547,near_trigger,-49.14556574923547,25.0,True,False,False,False,False,max_holding_time,11311.75,11312.0,36.0,0.0,36.0,1.44,41.5,18.5,1.66,0.74,60,59.0,1,2022-12-16,1.853211009174312,2.798689138576779,0.7099132023755139,strong_bearish,1.1423436017774227,1.698883746256466,neutral,bearish,False,True,True,False
80,77783,77784,77788,2022-12-20 15:09:00+00:00,2022-12-20 15:10:00+00:00,2022-12-20 15:14:00+00:00,short,11169.25,11169.0,11168.75,11193.75,11143.75,11118.75,11093.75,11068.75,78.12539345101641,near_trigger,-78.12539345101641,25.0,False,False,False,False,True,stop,11193.75,11194.0,-25.25,0.0,-25.25,-1.01,10.75,25.0,0.43,1.0,5,4.0,0,2022-12-20,0.5732758620689654,1.2893642305407012,0.4745762711864407,partial_bullish,0.87521942294855,1.2856598086037518,bearish,bearish,True,True,True,False
81,79124,79125,79125,2022-12-21 14:30:00+00:00,2022-12-21 14:31:00+00:00,2022-12-21 14:31:00+00:00,long,11229.25,11228.75,11229.0,11204.0,11254.0,11279.0,11304.0,11329.0,88.6029834328985,high_probability,51.6029834328985,25.0,False,False,False,False,True,stop,11204.0,11203.75,-25.25,0.0,-25.25,-1.01,0.0,29.25,0.0,1.17,1,0.0,0,2022-12-21,1.1878787878787878,0.7573770491803279,1.501818181818182,partial_bearish,13.592345607422441,0.9823424228877962,bullish,bullish,True,True,True,False
82,79126,79127,79164,2022-12-21 14:32:00+00:00,2022-12-21 14:33:00+00:00,2022-12-21 15:10:00+00:00,long,11192.5,11192.25,11192.5,11167.5,11217.5,11242.5,11267.5,11292.5,79.0,near_trigger,49.62822475741282,25.0,True,True,True,True,False,tp4,11292.5,11292.25,99.75,0.0,99.75,3.99,104.25,11.5,4.17,0.46,38,37.0,4,2022-12-21,3.226215644820296,0.7573770491803279,1.501818181818182,strong_bearish,5.125353030632197,1.1056745964793881,bullish,bullish,True,True,True,False
83,80505,80506,80535,2022-12-22 14:31:00+00:00,2022-12-22 14:32:00+00:00,2022-12-22 15:01:00+00:00,short,11180.0,11179.75,11179.5,11204.5,11154.5,11129.5,11104.5,11079.5,83.20647710630303,high_probability,-46.206477106303026,25.0,True,True,True,True,False,tp4,11079.5,11079.75,99.75,0.0,99.75,3.99,101.75,0.25,4.07,0.01,30,29.0,4,2022-12-22,2.919597989949749,0.1620658949243099,3.835137385512073,partial_bearish,8.67712747680678,1.2560722871590815,bearish,neutral,True,True,True,True
84,80536,80537,80596,2022-12-22 15:02:00+00:00,2022-12-22 15:03:00+00:00,2022-12-22 16:02:00+00:00,short,11077.75,11078.75,11078.5,11103.5,11053.5,11028.5,11003.5,10978.5,77.96284761823502,near_trigger,-76.96284761823502,25.0,True,True,True,False,False,max_holding_time,11009.5,11009.75,68.75,0.0,68.75,2.75,80.0,6.25,3.2,0.25,60,59.0,3,2022-12-22,2.8380952380952382,0.8968386023294509,3.421641791044776,strong_bearish,1.9175555957331405,1.428860118285799,bearish,bearish,False,True,True,False
85,81896,81897,81899,2022-12-23 14:42:00+00:00,2022-12-23 14:43:00+00:00,2022-12-23 14:45:00+00:00,long,10996.25,10996.75,10997.0,10972.0,11022.0,11047.0,11072.0,11097.0,71.70009594706369,near_trigger,70.70009594706369,25.0,False,False,False,False,True,stop,10972.0,10971.75,-25.25,0.0,-25.25,-1.01,1.75,30.25,0.07,1.21,3,2.0,0,2022-12-23,1.8933002481389578,2.13510747185261,2.1305589555283557,partial_bearish,1.9049448649479386,1.8734413179837268,bullish,bullish,True,True,False,False
86,81915,81916,81922,2022-12-23 15:01:00+00:00,2022-12-23 15:02:00+00:00,2022-12-23 15:08:00+00:00,short,10948.25,10947.25,10947.0,10972.0,10922.0,10897.0,10872.0,10847.0,72.98318751498138,near_trigger,-55.98318751498138,25.0,True,False,False,False,True,stop,10972.0,10972.25,-25.25,0.0,-25.25,-1.01,31.25,31.0,1.25,1.24,7,6.0,1,2022-12-23,0.9246231155778895,1.1755725190839696,3.5092226613965742,partial_bearish,1.6787930246228202,1.4697910591141454,bearish,bearish,True,True,False,False
87,83302,83303,83312,2022-12-27 15:08:00+00:00,2022-12-27 15:09:00+00:00,2022-12-27 15:18:00+00:00,short,10923.0,10923.0,10922.75,10947.75,10897.75,10872.75,10847.75,10822.75,70.0,near_trigger,-47.43957424090817,25.0,False,False,False,False,True,stop,10947.75,10948.0,-25.25,0.0,-25.25,-1.01,17.75,51.25,0.71,2.05,10,9.0,0,2022-12-27,1.2897473997028233,2.162450066577896,3.800687285223368,partial_bearish,0.8148410576830172,0.6640507093268941,bearish,bearish,False,True,True,False
88,84667,84668,84669,2022-12-28 14:53:00+00:00,2022-12-28 14:54:00+00:00,2022-12-28 14:55:00+00:00,short,10928.25,10928.0,10927.75,10952.75,10902.75,10877.75,10852.75,10827.75,74.59621749408983,near_trigger,-61.59621749408983,25.0,False,False,False,False,True,stop,10952.75,10953.0,-25.25,0.0,-25.25,-1.01,6.5,29.5,0.26,1.18,2,1.0,0,2022-12-28,2.75177304964539,2.6676994577846633,1.2023898431665423,partial_bullish,1.00446807307279,1.5647025655483509,bearish,bearish,True,True,False,False
89,84699,84700,84734,2022-12-28 15:25:00+00:00,2022-12-28 15:26:00+00:00,2022-12-28 16:00:00+00:00,short,10923.5,10923.75,10923.5,10948.5,10898.5,10873.5,10848.5,10823.5,92.9593220338983,a_plus_plus,-63.9593220338983,25.0,True,True,True,True,False,tp4,10823.5,10823.75,99.75,0.0,99.75,3.99,100.5,0.75,4.02,0.03,35,34.0,4,2022-12-28,2.8532608695652173,0.19097586568730326,0.943089430894309,partial_bearish,2.447206147424343,2.222988228400062,bearish,bearish,True,True,True,True
90,86029,86030,86072,2022-12-29 14:35:00+00:00,2022-12-29 14:36:00+00:00,2022-12-29 15:18:00+00:00,long,10906.5,10906.25,10906.5,10881.5,10931.5,10956.5,10981.5,11006.5,74.41401613618808,near_trigger,53.41401613618808,25.0,True,True,True,True,False,tp4,11006.5,11006.25,99.75,0.0,99.75,3.99,104.25,8.0,4.17,0.32,43,42.0,4,2022-12-29,1.6884422110552764,0.5861733203505355,1.603883495145631,strong_bullish,2.8608820834969246,0.9635474060034381,bullish,bullish,True,True,False,False
91,86073,86074,86133,2022-12-29 15:19:00+00:00,2022-12-29 15:20:00+00:00,2022-12-29 16:19:00+00:00,long,11011.75,11011.75,11012.0,10987.0,11037.0,11062.0,11087.0,11112.0,74.32431197898823,near_trigger,71.32431197898823,25.0,True,False,False,False,False,max_holding_time,11021.25,11021.0,9.0,0.0,9.0,0.36,26.75,22.25,1.07,0.89,60,59.0,1,2022-12-29,2.0625,0.9295774647887324,3.276595744680851,strong_bullish,0.8825216503210823,1.1373758136348064,bullish,bullish,False,True,True,False
92,88787,88788,88789,2023-01-03 14:33:00+00:00,2023-01-03 14:34:00+00:00,2023-01-03 14:35:00+00:00,long,11134.25,11134.0,11134.25,11109.25,11159.25,11184.25,11209.25,11234.25,83.85998896554283,high_probability,59.859988965542826,25.0,False,False,False,False,True,stop,11109.25,11109.0,-25.25,0.0,-25.25,-1.01,7.5,33.0,0.3,1.32,2,1.0,0,2023-01-03,0.765625,0.7878077373974208,1.1355831853167555,strong_bullish,2.888580931263858,0.9663959051963948,bullish,bullish,True,True,True,False
93,88790,88791,88802,2023-01-03 14:36:00+00:00,2023-01-03 14:37:00+00:00,2023-01-03 14:48:00+00:00,long,11103.5,11103.5,11103.75,11078.75,11128.75,11153.75,11178.75,11203.75,74.0,near_trigger,46.24961739720181,25.0,True,True,True,False,True,stop,11078.75,11078.5,-25.25,0.0,-25.25,-1.01,78.0,44.75,3.12,1.79,12,11.0,3,2023-01-03,0.7494949494949495,0.24778761061946905,1.1355831853167555,partial_bullish,1.5733402885059085,0.8392551369863014,bullish,bullish,True,True,True,False
94,90164,90165,90166,2023-01-04 14:30:00+00:00,2023-01-04 14:31:00+00:00,2023-01-04 14:32:00+00:00,long,11006.5,11006.0,11006.25,10981.25,11031.25,11056.25,11081.25,11106.25,71.0,near_trigger,32.89740571126464,25.0,False,False,False,False,True,stop,10981.25,10981.0,-25.25,0.0,-25.25,-1.01,16.5,31.25,0.66,1.25,2,1.0,0,2023-01-04,1.0866425992779785,1.5272727272727273,0.9319826338639653,partial_bullish,12.450364413169138,1.3175269110323597,bullish,bullish,False,True,True,False
95,90167,90168,90194,2023-01-04 14:33:00+00:00,2023-01-04 14:34:00+00:00,2023-01-04 15:00:00+00:00,long,10965.75,10966.0,10966.25,10941.25,10991.25,11016.25,11041.25,11066.25,71.0,near_trigger,48.2267991301862,25.0,True,True,True,False,True,stop,10941.25,10941.0,-25.25,0.0,-25.25,-1.01,80.5,42.75,3.22,1.71,27,26.0,3,2023-01-04,4.885026737967914,1.5272727272727273,0.9319826338639653,partial_bullish,3.437009595842659,1.2873758154504369,bullish,bullish,False,True,True,False
96,90210,90211,90217,2023-01-04 15:16:00+00:00,2023-01-04 15:17:00+00:00,2023-01-04 15:23:00+00:00,long,10918.25,10918.75,10919.0,10894.0,10944.0,10969.0,10994.0,11019.0,72.0668728044073,near_trigger,72.0668728044073,25.0,False,False,False,False,True,stop,10894.0,10893.75,-25.25,0.0,-25.25,-1.01,8.75,29.5,0.35,1.18,7,6.0,0,2023-01-04,1.7924242424242423,2.0476190476190474,3.0455717970765264,partial_bearish,0.5913198337840512,1.157390223828812,bullish,bullish,True,False,False,False
97,92927,92928,92930,2023-01-06 14:33:00+00:00,2023-01-06 14:34:00+00:00,2023-01-06 14:36:00+00:00,long,10920.75,10920.5,10920.75,10895.75,10945.75,10970.75,10995.75,11020.75,76.46666666666667,near_trigger,63.46666666666667,25.0,False,False,False,False,True,stop,10895.75,10895.5,-25.25,0.0,-25.25,-1.01,24.25,29.25,0.97,1.17,3,2.0,0,2023-01-06,2.0597014925373136,0.893735130848533,2.5221465076660987,partial_bullish,3.079985072770245,1.6216165642162779,bullish,bullish,True,True,False,False
98,92945,92946,92966,2023-01-06 14:51:00+00:00,2023-01-06 14:52:00+00:00,2023-01-06 15:12:00+00:00,long,10812.5,10812.25,10812.5,10787.5,10837.5,10862.5,10887.5,10912.5,80.91581543272392,high_probability,51.91581543272392,25.0,True,True,True,True,False,tp4,10912.5,10912.25,99.75,0.0,99.75,3.99,105.0,11.25,4.2,0.45,21,20.0,4,2023-01-06,0.6863813229571984,1.8269947800149142,0.4768392370572207,partial_bullish,0.8420661091996366,1.525700510640504,bullish,bullish,False,False,True,False
99,92969,92970,92981,2023-01-06 15:15:00+00:00,2023-01-06 15:16:00+00:00,2023-01-06 15:27:00+00:00,long,10909.0,10908.75,10909.0,10884.0,10934.0,10959.0,10984.0,11009.0,74.88152251157292,near_trigger,53.881522511572925,25.0,True,False,False,False,True,stop,10884.0,10883.75,-25.25,0.0,-25.25,-1.01,33.5,25.75,1.34,1.03,12,11.0,1,2023-01-06,0.5707226683137739,1.7949932341001353,0.8195890796509991,partial_bullish,1.2000992273132367,1.899706216003956,bullish,bullish,False,True,True,False
100,94312,94313,94327,2023-01-09 14:38:00+00:00,2023-01-09 14:39:00+00:00,2023-01-09 14:53:00+00:00,long,11202.25,11202.25,11202.5,11177.5,11227.5,11252.5,11277.5,11302.5,70.0,near_trigger,65.47387179782618,25.0,True,True,True,True,False,tp4,11302.5,11302.25,99.75,0.0,99.75,3.99,106.25,5.75,4.25,0.23,15,14.0,4,2023-01-09,1.0606060606060606,2.5607886089813805,2.3289962825278807,partial_bullish,1.105536642178821,0.85309367438645,bullish,bullish,False,True,True,False
101,95685,95686,95687,2023-01-10 14:31:00+00:00,2023-01-10 14:32:00+00:00,2023-01-10 14:33:00+00:00,short,11181.75,11181.75,11181.5,11206.5,11156.5,11131.5,11106.5,11081.5,70.0,near_trigger,-40.886967101468244,25.0,False,False,False,False,True,stop,11206.5,11206.75,-25.25,0.0,-25.25,-1.01,8.25,29.5,0.33,1.18,2,1.0,0,2023-01-10,2.241573033707865,1.220125786163522,0.8134556574923547,partial_bullish,5.35319041295137,1.2309683423735223,bearish,neutral,True,False,True,False
102,95688,95689,95726,2023-01-10 14:34:00+00:00,2023-01-10 14:35:00+00:00,2023-01-10 15:12:00+00:00,short,11239.25,11240.0,11239.75,11264.75,11214.75,11189.75,11164.75,11139.75,79.0,near_trigger,-49.6,25.0,True,True,True,False,True,stop,11264.75,11265.0,-25.25,0.0,-25.25,-1.01,97.5,27.25,3.9,1.09,38,37.0,3,2023-01-10,5.460992907801418,1.220125786163522,0.8134556574923547,partial_bullish,4.273550168763425,2.032951995183097,bearish,bearish,True,False,True,False
103,95730,95731,95732,2023-01-10 15:16:00+00:00,2023-01-10 15:17:00+00:00,2023-01-10 15:18:00+00:00,long,11282.25,11282.0,11282.25,11257.25,11307.25,11332.25,11357.25,11382.25,87.81163177135261,high_probability,73.81163177135261,25.0,False,False,False,False,True,stop,11257.25,11257.0,-25.25,0.0,-25.25,-1.01,0.25,26.75,0.01,1.07,2,1.0,0,2023-01-10,3.1545363908275177,1.6014975041597337,2.9365014338385906,strong_bullish,1.5026849810638179,2.2158873051596233,bullish,bullish,False,True,True,False
104,95736,95737,95743,2023-01-10 15:22:00+00:00,2023-01-10 15:23:00+00:00,2023-01-10 15:29:00+00:00,long,11230.5,11230.0,11230.25,11205.25,11255.25,11280.25,11305.25,11330.25,70.0,near_trigger,46.6516852938404,25.0,False,False,False,False,True,stop,11205.25,11205.0,-25.25,0.0,-25.25,-1.01,20.5,31.75,0.82,1.27,7,6.0,0,2023-01-10,2.516385302879841,0.6779661016949152,2.9365014338385906,partial_bullish,0.6364484825314007,1.0024263677098277,bullish,bullish,False,True,True,False
105,97067,97068,97127,2023-01-11 14:33:00+00:00,2023-01-11 14:34:00+00:00,2023-01-11 15:33:00+00:00,long,11307.25,11307.0,11307.25,11282.25,11332.25,11357.25,11382.25,11407.25,71.63859812119127,near_trigger,71.63859812119127,25.0,True,True,True,False,False,max_holding_time,11362.5,11362.25,55.0,0.0,55.0,2.2,81.5,5.0,3.26,0.2,60,59.0,3,2023-01-11,1.912676056338028,1.1264367816091954,0.6953199617956064,partial_bullish,3.7075951489409267,1.1881223583351241,bullish,bullish,True,True,False,False
106,98444,98445,98446,2023-01-12 14:30:00+00:00,2023-01-12 14:31:00+00:00,2023-01-12 14:32:00+00:00,long,11515.25,11514.75,11515.0,11490.0,11540.0,11565.0,11590.0,11615.0,71.09040448774726,near_trigger,38.090404487747264,25.0,False,False,False,False,True,stop,11490.0,11489.75,-25.25,0.0,-25.25,-1.01,3.5,60.25,0.14,2.41,2,1.0,0,2023-01-12,1.50044286979628,1.1389713155291792,0.23658464275126,partial_bearish,4.1936086131250585,1.6234122132347184,neutral,bullish,False,True,True,False
107,98501,98502,98511,2023-01-12 15:27:00+00:00,2023-01-12 15:28:00+00:00,2023-01-12 15:37:00+00:00,short,11471.75,11471.75,11471.5,11496.5,11446.5,11421.5,11396.5,11371.5,70.02460443918577,near_trigger,-70.02460443918577,25.0,True,False,False,False,True,stop,11496.5,11496.75,-25.25,0.0,-25.25,-1.01,38.25,25.75,1.53,1.03,10,9.0,1,2023-01-12,0.5129579982126898,2.2875237492083595,0.7911620990014872,partial_bearish,0.5900810360978981,1.3390295750521124,bearish,bearish,True,False,True,False
108,101234,101235,101294,2023-01-16 15:00:00+00:00,2023-01-16 15:01:00+00:00,2023-01-16 16:00:00+00:00,long,11604.0,11604.25,11604.5,11579.5,11629.5,11654.5,11679.5,11704.5,88.7308684982525,high_probability,75.7308684982525,25.0,False,False,False,False,False,max_holding_time,11593.75,11593.5,-11.0,0.0,-11.0,-0.44,3.75,23.0,0.15,0.92,60,59.0,0,2023-01-16,1.8260869565217392,0.41363636363636364,0.6387832699619772,strong_bullish,2.96943231441048,0.16660813603064284,bullish,bullish,True,True,True,False
109,102352,102353,102356,2023-01-17 14:38:00+00:00,2023-01-17 14:39:00+00:00,2023-01-17 14:42:00+00:00,short,11567.25,11567.25,11567.0,11592.0,11542.0,11517.0,11492.0,11467.0,77.26083309988016,near_trigger,-44.26083309988016,25.0,False,False,False,False,True,stop,11592.0,11592.25,-25.25,0.0,-25.25,-1.01,17.75,26.75,0.71,1.07,4,3.0,0,2023-01-17,1.363533408833522,0.8067796610169491,2.357076780758557,partial_bullish,2.032111899133176,1.4170253686235001,neutral,bearish,True,True,True,False
110,103765,103766,103772,2023-01-18 15:11:00+00:00,2023-01-18 15:12:00+00:00,2023-01-18 15:18:00+00:00,long,11727.5,11727.75,11728.0,11703.0,11753.0,11778.0,11803.0,11828.0,78.0,near_trigger,38.40847407817106,25.0,False,False,False,False,True,stop,11703.0,11702.75,-25.25,0.0,-25.25,-1.01,10.0,34.25,0.4,1.37,7,6.0,0,2023-01-18,1.742971887550201,1.8704839809134286,2.0552188552188553,partial_bullish,0.8394068283710772,1.05279852360218,bullish,bullish,True,True,True,True
111,105117,105118,105177,2023-01-19 14:43:00+00:00,2023-01-19 14:44:00+00:00,2023-01-19 15:43:00+00:00,short,11403.5,11404.0,11403.75,11428.75,11378.75,11353.75,11328.75,11303.75,95.48412753825752,a_plus_plus,-77.48412753825752,25.0,True,True,False,False,False,max_holding_time,11366.0,11366.25,37.5,0.0,37.5,1.5,54.75,14.0,2.19,0.56,60,59.0,2,2023-01-19,1.893967093235832,2.6744186046511627,1.9154228855721394,partial_bullish,1.5203375923103972,1.2985907736977798,bearish,bearish,True,True,True,True
112,106484,106485,106489,2023-01-20 14:30:00+00:00,2023-01-20 14:31:00+00:00,2023-01-20 14:35:00+00:00,long,11411.0,11411.0,11411.25,11386.25,11436.25,11461.25,11486.25,11511.25,71.0,near_trigger,41.03966470196532,25.0,False,False,False,False,True,stop,11386.25,11386.0,-25.25,0.0,-25.25,-1.01,8.0,25.75,0.32,1.03,5,4.0,0,2023-01-20,3.579908675799087,0.9290123456790124,0.6932185145317545,partial_bearish,10.821148825065274,1.0253143419075126,bullish,bullish,False,True,True,False
113,106494,106495,106554,2023-01-20 14:40:00+00:00,2023-01-20 14:41:00+00:00,2023-01-20 15:40:00+00:00,long,11421.5,11421.5,11421.75,11396.75,11446.75,11471.75,11496.75,11521.75,72.4226501859088,near_trigger,59.42265018590879,25.0,True,True,True,False,False,max_holding_time,11474.25,11474.0,52.25,0.0,52.25,2.09,76.5,5.75,3.06,0.23,60,59.0,3,2023-01-20,1.9228149829738932,1.0831408775981526,0.6932185145317545,partial_bearish,1.5593209612859336,0.895202455993751,bullish,bullish,True,False,False,False
114,107865,107866,107881,2023-01-23 14:31:00+00:00,2023-01-23 14:32:00+00:00,2023-01-23 14:47:00+00:00,long,11678.75,11679.25,11679.5,11654.5,11704.5,11729.5,11754.5,11779.5,79.0,near_trigger,75.21264206578684,25.0,True,True,True,True,False,tp4,11779.5,11779.25,99.75,0.0,99.75,3.99,106.0,5.0,4.24,0.2,16,15.0,4,2023-01-23,3.1283185840707968,0.9634831460674158,0.02676864244741874,partial_bearish,7.096594392731732,0.9112249864017635,bullish,bullish,True,True,True,False
115,107899,107900,107958,2023-01-23 15:05:00+00:00,2023-01-23 15:06:00+00:00,2023-01-23 16:04:00+00:00,long,11797.25,11797.5,11797.75,11772.75,11822.75,11847.75,11872.75,11897.75,70.0,near_trigger,70.0,25.0,True,True,True,True,False,tp4,11897.75,11897.5,99.75,0.0,99.75,3.99,118.5,6.0,4.74,0.24,59,58.0,4,2023-01-23,2.163265306122449,3.4975438596491224,3.465,partial_bullish,1.081806088457437,1.2050405966420514,bullish,bullish,False,True,True,False
116,109249,109250,109250,2023-01-24 14:35:00+00:00,2023-01-24 14:36:00+00:00,2023-01-24 14:36:00+00:00,short,11863.5,11863.5,11863.25,11885.5,11838.25,11813.25,11788.25,11763.25,72.06424766273804,near_trigger,-72.06424766273804,22.25,False,False,False,False,True,stop,11885.5,11885.75,-22.5,0.0,-22.5,-1.0112359550561798,0.25,22.75,0.011235955056179775,1.0224719101123596,1,0.0,0,2023-01-24,1.4636363636363636,1.2901023890784984,1.2552742616033756,partial_bullish,1.9227886963038172,0.6250049110896333,bearish,bearish,True,True,False,False
117,109271,109272,109289,2023-01-24 14:57:00+00:00,2023-01-24 14:58:00+00:00,2023-01-24 15:15:00+00:00,short,11906.25,11906.75,11906.5,11931.5,11881.5,11856.5,11831.5,11806.5,90.80021074815595,a_plus_plus,-61.80021074815595,25.0,True,True,False,False,True,stop,11931.5,11931.75,-25.25,0.0,-25.25,-1.01,68.5,30.25,2.74,1.21,18,17.0,2,2023-01-24,1.386722866174921,3.782041442824252,0.7075812274368232,partial_bullish,1.1980543186515975,1.90671031096563,bearish,bearish,True,True,True,True
118,110624,110625,110634,2023-01-25 14:30:00+00:00,2023-01-25 14:31:00+00:00,2023-01-25 14:40:00+00:00,short,11688.0,11688.5,11688.25,11713.25,11663.25,11638.25,11613.25,11588.25,81.85191422367652,high_probability,-80.85191422367652,25.0,True,False,False,False,True,stop,11713.25,11713.5,-25.25,0.0,-25.25,-1.01,29.5,27.25,1.18,1.09,10,9.0,1,2023-01-25,2.5251989389920424,0.6479663394109396,2.124661246612466,partial_bearish,14.355522313637497,1.0486695846967333,bearish,bearish,False,True,True,False
119,113443,113444,113460,2023-01-27 15:29:00+00:00,2023-01-27 15:30:00+00:00,2023-01-27 15:46:00+00:00,long,12167.25,12167.25,12167.5,12142.5,12192.5,12217.5,12242.5,12267.5,87.7543696664242,high_probability,87.7543696664242,25.0,False,False,False,False,True,stop,12142.5,12142.25,-25.25,0.0,-25.25,-1.01,14.25,37.0,0.57,1.48,17,16.0,0,2023-01-27,0.9051724137931034,0.8500619578686492,3.679715302491103,strong_bullish,1.1726972035682068,1.4687158151462438,bullish,bullish,True,True,True,True
120,116148,116149,116150,2023-01-31 14:34:00+00:00,2023-01-31 14:35:00+00:00,2023-01-31 14:36:00+00:00,long,12024.25,12024.75,12025.0,12000.0,12050.0,12075.0,12100.0,12125.0,78.80012833144569,near_trigger,52.80012833144569,25.0,False,False,False,False,True,stop,12000.0,11999.75,-25.25,0.0,-25.25,-1.01,3.0,26.0,0.12,1.04,2,1.0,0,2023-01-31,3.4956085319949812,1.632340425531915,2.0591357088703566,partial_bullish,3.3912429378531073,1.289947080471709,bullish,bullish,True,True,False,False
121,116189,116190,116249,2023-01-31 15:15:00+00:00,2023-01-31 15:16:00+00:00,2023-01-31 16:15:00+00:00,long,12034.25,12034.0,12034.25,12009.25,12059.25,12084.25,12109.25,12134.25,78.0463115337985,near_trigger,71.0463115337985,25.0,True,True,False,False,False,max_holding_time,12076.25,12076.0,41.75,0.0,41.75,1.67,58.0,14.75,2.32,0.59,60,59.0,2,2023-01-31,1.6439393939393938,0.24856046065259116,0.9492833517089304,partial_bullish,0.9168482624154146,1.0239135168368065,bullish,bullish,True,True,True,False
122,117532,117533,117592,2023-02-01 14:38:00+00:00,2023-02-01 14:39:00+00:00,2023-02-01 15:38:00+00:00,long,12128.25,12128.5,12128.75,12103.75,12153.75,12178.75,12203.75,12228.75,72.53424616394204,near_trigger,53.53424616394204,25.0,True,False,False,False,False,max_holding_time,12134.25,12134.0,5.25,0.0,5.25,0.21,29.0,21.25,1.16,0.85,60,59.0,1,2023-02-01,0.38213399503722084,2.3264705882352943,0.3425531914893617,partial_bullish,1.5511702615878844,0.7553532973060827,bullish,bullish,True,True,False,False
123,118926,118927,118933,2023-02-02 14:52:00+00:00,2023-02-02 14:53:00+00:00,2023-02-02 14:59:00+00:00,long,12699.5,12699.5,12699.75,12674.75,12724.75,12749.75,12774.75,12799.75,74.41517543859649,near_trigger,70.41517543859649,25.0,False,False,False,False,True,stop,12674.75,12674.5,-25.25,0.0,-25.25,-1.01,20.25,30.75,0.81,1.23,7,6.0,0,2023-02-02,1.5531249999999999,2.351145038167939,3.1149354640442533,partial_bullish,1.219738313469497,1.7148615963450686,bullish,bullish,True,True,False,False
124,118951,118952,118976,2023-02-02 15:17:00+00:00,2023-02-02 15:18:00+00:00,2023-02-02 15:42:00+00:00,long,12711.75,12711.75,12712.0,12687.0,12737.0,12762.0,12787.0,12812.0,82.63505032563647,high_probability,81.63505032563647,25.0,True,True,True,True,False,tp4,12812.0,12811.75,99.75,0.0,99.75,3.99,104.75,6.75,4.19,0.27,25,24.0,4,2023-02-02,1.492007104795737,1.1753086419753087,0.6784140969162996,partial_bullish,1.5412598834403652,1.7793014784658239,bullish,bullish,False,True,True,False
125,120285,120286,120300,2023-02-03 14:31:00+00:00,2023-02-03 14:32:00+00:00,2023-02-03 14:46:00+00:00,long,12607.75,12607.75,12608.0,12583.0,12633.0,12658.0,12683.0,12708.0,74.184984984985,near_trigger,20.184984984984993,25.0,True,True,True,True,False,tp4,12708.0,12707.75,99.75,0.0,99.75,3.99,107.75,12.0,4.31,0.48,15,14.0,4,2023-02-03,2.9954954954954953,0.49079754601226994,4.299915038232795,partial_bearish,5.912300055157198,1.556749691380437,neutral,neutral,True,True,True,False
126,120330,120331,120390,2023-02-03 15:16:00+00:00,2023-02-03 15:17:00+00:00,2023-02-03 16:16:00+00:00,long,12773.0,12772.5,12772.75,12747.75,12797.75,12822.75,12847.75,12872.75,75.52620594605237,near_trigger,46.52620594605237,25.0,True,True,True,False,False,max_holding_time,12830.25,12830.0,57.25,0.0,57.25,2.29,84.5,13.75,3.38,0.55,60,59.0,3,2023-02-03,2.604843473124631,0.582903463522476,2.761563712324679,strong_bullish,1.4773184836153352,2.3971641064850213,neutral,bullish,True,True,True,True
127,121671,121672,121676,2023-02-06 14:37:00+00:00,2023-02-06 14:38:00+00:00,2023-02-06 14:42:00+00:00,short,12524.25,12524.25,12524.0,12549.0,12499.0,12474.0,12449.0,12424.0,76.23376038204502,near_trigger,-47.23376038204502,25.0,False,False,False,False,True,stop,12549.0,12549.25,-25.25,0.0,-25.25,-1.01,5.0,32.75,0.2,1.31,5,4.0,0,2023-02-06,2.2114014251781473,3.1383763837638377,0.37454808387563265,partial_bearish,2.43321475130919,1.1637762489035437,bearish,bearish,True,True,False,False
128,121705,121706,121765,2023-02-06 15:11:00+00:00,2023-02-06 15:12:00+00:00,2023-02-06 16:11:00+00:00,short,12554.75,12555.5,12555.25,12580.25,12530.25,12505.25,12480.25,12455.25,71.4474493294767,near_trigger,-28.447449329476697,25.0,True,True,True,False,False,max_holding_time,12540.5,12540.75,14.5,0.0,14.5,0.58,98.75,22.25,3.95,0.89,60,59.0,3,2023-02-06,0.5,1.752988047808765,1.4148061104582843,partial_bullish,1.2534972141849399,1.3996769154773507,neutral,bearish,True,True,True,True
129,123046,123047,123054,2023-02-07 14:32:00+00:00,2023-02-07 14:33:00+00:00,2023-02-07 14:40:00+00:00,short,12509.5,12509.5,12509.25,12534.25,12484.25,12459.25,12434.25,12409.25,86.46482477547885,high_probability,-49.464824775478846,25.0,False,False,False,False,True,stop,12534.25,12534.5,-25.25,0.0,-25.25,-1.01,20.75,27.0,0.83,1.08,8,7.0,0,2023-02-07,0.7521663778162911,0.7170294494238156,2.5045871559633026,partial_bearish,4.81253272119528,0.8457602287445238,bearish,bearish,True,True,True,False
130,125825,125826,125827,2023-02-09 14:51:00+00:00,2023-02-09 14:52:00+00:00,2023-02-09 14:53:00+00:00,long,12697.0,12697.0,12697.25,12672.25,12722.25,12747.25,12772.25,12797.25,80.37274852712125,high_probability,73.37274852712125,25.0,False,False,False,False,True,stop,12672.25,12672.0,-25.25,0.0,-25.25,-1.01,3.75,29.25,0.15,1.17,2,1.0,0,2023-02-09,1.381044487427466,1.2188235294117646,1.6019900497512438,partial_bearish,0.8746290950929533,0.8836635430156319,bullish,bullish,True,True,True,True
131,125832,125833,125838,2023-02-09 14:58:00+00:00,2023-02-09 14:59:00+00:00,2023-02-09 15:04:00+00:00,long,12671.25,12671.5,12671.75,12650.0,12696.75,12721.75,12746.75,12771.75,71.0,near_trigger,50.68825646058227,21.75,False,False,False,False,True,stop,12650.0,12649.75,-22.0,0.0,-22.0,-1.0114942528735633,11.5,25.0,0.5287356321839081,1.1494252873563218,6,5.0,0,2023-02-09,0.6045142296368988,2.3451263537906137,1.6019900497512438,strong_bearish,1.045443545417241,1.607871059615509,bullish,bullish,False,False,True,True
132,125858,125859,125860,2023-02-09 15:24:00+00:00,2023-02-09 15:25:00+00:00,2023-02-09 15:26:00+00:00,long,12668.0,12668.25,12668.5,12643.5,12693.5,12718.5,12743.5,12768.5,70.0,near_trigger,19.0,25.0,False,False,False,False,True,stop,12643.5,12643.25,-25.25,0.0,-25.25,-1.01,0.0,26.5,0.0,1.06,2,1.0,0,2023-02-09,1.7971758664955069,0.8768898488120951,0.945835760046593,partial_bearish,1.8140864870045847,1.7947056499407348,bullish,neutral,True,True,True,False
133,127222,127223,127224,2023-02-10 15:08:00+00:00,2023-02-10 15:09:00+00:00,2023-02-10 15:10:00+00:00,short,12339.25,12339.0,12338.75,12363.75,12313.75,12288.75,12263.75,12238.75,71.0,near_trigger,-24.820745542949766,25.0,False,False,False,False,True,stop,12363.75,12364.0,-25.25,0.0,-25.25,-1.01,14.0,39.5,0.56,1.58,2,1.0,0,2023-02-10,2.2576985413290114,1.6424581005586592,0.23571858087793143,partial_bullish,1.3101069737534343,1.6384957304947947,bearish,bearish,False,True,True,False
134,131329,131330,131334,2023-02-15 14:35:00+00:00,2023-02-15 14:36:00+00:00,2023-02-15 14:40:00+00:00,long,12592.75,12593.25,12593.5,12568.5,12618.5,12643.5,12668.5,12693.5,75.57202022407654,near_trigger,62.57202022407654,25.0,False,False,False,False,True,stop,12568.5,12568.25,-25.25,0.0,-25.25,-1.01,16.5,29.25,0.66,1.17,5,4.0,0,2023-02-15,1.5099648300117232,0.6098319850653391,0.7348066298342542,partial_bullish,2.2677806341045414,0.9001317971174695,bullish,bullish,False,True,True,True
135,131343,131344,131345,2023-02-15 14:49:00+00:00,2023-02-15 14:50:00+00:00,2023-02-15 14:51:00+00:00,long,12628.0,12628.0,12628.25,12603.25,12653.25,12678.25,12703.25,12728.25,70.69687851247866,near_trigger,67.69687851247866,25.0,False,False,False,False,True,stop,12603.25,12603.0,-25.25,0.0,-25.25,-1.01,3.25,25.75,0.13,1.03,2,1.0,0,2023-02-15,1.5665198237885463,0.9747899159663865,0.49542403904820015,strong_bullish,0.9188428006378265,1.1136209622769369,bullish,bullish,True,True,True,False
136,131347,131348,131361,2023-02-15 14:53:00+00:00,2023-02-15 14:54:00+00:00,2023-02-15 15:07:00+00:00,long,12564.25,12564.25,12564.5,12539.5,12589.5,12614.5,12639.5,12664.5,71.0,near_trigger,40.0,25.0,True,False,False,False,True,stop,12539.5,12539.25,-25.25,0.0,-25.25,-1.01,25.5,25.0,1.02,1.0,14,13.0,1,2023-02-15,2.304526748971193,2.6361974405850095,0.49542403904820015,partial_bullish,1.974370937815345,2.1039729892234402,bullish,bullish,False,False,True,False
137,131367,131368,131427,2023-02-15 15:13:00+00:00,2023-02-15 15:14:00+00:00,2023-02-15 16:13:00+00:00,long,12562.25,12561.75,12562.0,12537.0,12587.0,12612.0,12637.0,12662.0,83.53532485101664,high_probability,76.53532485101664,25.0,True,True,False,False,False,max_holding_time,12601.25,12601.0,39.0,0.0,39.0,1.56,56.75,6.0,2.27,0.24,60,59.0,2,2023-02-15,1.1538461538461537,1.3776223776223777,0.5845360824742267,partial_bearish,1.1036419521040177,1.4473798683409216,bullish,bullish,True,True,True,False
138,132712,132713,132766,2023-02-16 14:38:00+00:00,2023-02-16 14:39:00+00:00,2023-02-16 15:32:00+00:00,long,12528.25,12528.5,12528.75,12503.75,12553.75,12578.75,12603.75,12628.75,76.56728858526944,near_trigger,65.56728858526944,25.0,True,True,True,True,False,tp4,12628.75,12628.5,99.75,0.0,99.75,3.99,101.5,2.0,4.06,0.08,54,53.0,4,2023-02-16,1.1211498973305956,0.19189511323003575,5.380427738172392,strong_bearish,1.7764948453608247,1.1568330486901042,neutral,bullish,True,True,True,False
139,134085,134086,134087,2023-02-17 14:31:00+00:00,2023-02-17 14:32:00+00:00,2023-02-17 14:33:00+00:00,short,12385.0,12385.25,12385.0,12410.0,12360.0,12335.0,12310.0,12285.0,87.49348150560496,high_probability,-62.49348150560496,25.0,False,False,False,False,True,stop,12410.0,12410.25,-25.25,0.0,-25.25,-1.01,0.25,25.5,0.01,1.02,2,1.0,0,2023-02-17,3.3180873180873185,0.375,0.7652733118971061,partial_bearish,3.903432228039558,0.6416929655586978,bearish,bearish,True,True,True,True
140,134088,134089,134103,2023-02-17 14:34:00+00:00,2023-02-17 14:35:00+00:00,2023-02-17 14:49:00+00:00,short,12414.25,12415.0,12414.75,12439.75,12389.75,12364.75,12339.75,12314.75,79.0,near_trigger,-52.999370529327614,25.0,True,True,True,True,False,tp4,12314.75,12315.0,99.75,0.0,99.75,3.99,103.0,8.75,4.12,0.35,15,14.0,4,2023-02-17,2.1728,0.375,0.7652733118971061,partial_bullish,1.7045848250375333,0.5630901287553648,bearish,bearish,True,True,True,True
141,134107,134108,134114,2023-02-17 14:53:00+00:00,2023-02-17 14:54:00+00:00,2023-02-17 15:00:00+00:00,short,12310.0,12310.25,12310.0,12332.0,12285.0,12260.0,12235.0,12210.0,71.33459736421695,near_trigger,-71.33459736421695,22.0,False,False,False,False,True,stop,12332.0,12332.25,-22.25,0.0,-22.25,-1.0113636363636365,14.0,28.25,0.6363636363636364,1.2840909090909092,7,6.0,0,2023-02-17,0.39351351351351355,3.795180722891566,0.7593220338983051,strong_bearish,0.9117911791179117,0.8699012451696007,bearish,bearish,False,True,True,False
142,135466,135467,135526,2023-02-20 14:32:00+00:00,2023-02-20 14:33:00+00:00,2023-02-20 15:32:00+00:00,short,12386.5,12386.75,12386.5,12411.5,12361.5,12336.5,12311.5,12286.5,83.52615790250479,high_probability,-83.52615790250479,25.0,False,False,False,False,False,max_holding_time,12377.75,12378.0,8.5,0.0,8.5,0.34,15.5,6.5,0.62,0.26,60,59.0,0,2023-02-20,2.8170731707317076,0.224,1.0059880239520957,strong_bearish,4.62848751835536,0.11827303359824691,bearish,bearish,False,True,True,False
143,136622,136623,136682,2023-02-21 14:48:00+00:00,2023-02-21 14:49:00+00:00,2023-02-21 15:48:00+00:00,short,12252.5,12253.0,12252.75,12277.75,12227.75,12202.75,12177.75,12152.75,82.11204564385633,high_probability,-69.11204564385633,25.0,True,True,False,False,False,max_holding_time,12189.75,12190.0,62.75,0.0,62.75,2.51,71.75,16.25,2.87,0.65,60,59.0,2,2023-02-21,1.7230769230769232,2.6162402669632927,1.4220472440944882,partial_bullish,1.5599013767439012,1.1521581757307031,bearish,bearish,False,True,True,False
144,139409,139410,139425,2023-02-23 15:15:00+00:00,2023-02-23 15:16:00+00:00,2023-02-23 15:31:00+00:00,long,12192.0,12191.75,12192.0,12167.0,12217.0,12242.0,12267.0,12292.0,82.32542285155496,high_probability,51.32542285155496,25.0,False,False,False,False,True,stop,12167.0,12166.75,-25.25,0.0,-25.25,-1.01,8.0,41.0,0.32,1.64,16,15.0,0,2023-02-23,1.336870026525199,1.896305897602074,1.0329171396140748,partial_bearish,0.9232679700811506,0.9525795926880503,bullish,bullish,True,False,True,False
145,140778,140779,140838,2023-02-24 15:04:00+00:00,2023-02-24 15:05:00+00:00,2023-02-24 16:04:00+00:00,short,11980.25,11980.25,11980.0,12005.0,11955.0,11930.0,11905.0,11880.0,73.4682723016979,near_trigger,-49.468272301697894,25.0,True,True,False,False,False,max_holding_time,11926.25,11926.5,53.5,0.0,53.5,2.14,57.25,8.5,2.29,0.34,60,59.0,2,2023-02-24,0.3452914798206278,1.6686046511627906,0.09801633605600933,partial_bearish,0.8335207057547582,0.9202418153675419,bearish,bearish,True,False,True,False
146,142126,142127,142186,2023-02-27 14:32:00+00:00,2023-02-27 14:33:00+00:00,2023-02-27 15:32:00+00:00,long,12128.0,12127.75,12128.0,12103.0,12153.0,12178.0,12203.0,12228.0,70.8057508162295,near_trigger,55.805750816229505,25.0,True,True,False,False,False,max_holding_time,12151.25,12151.0,23.0,0.0,23.0,0.92,61.5,21.5,2.46,0.86,60,59.0,2,2023-02-27,0.11451942740286297,0.44717444717444715,3.401500938086304,partial_bearish,4.192991366175724,0.6776489128561227,bullish,bullish,True,True,False,False
147,143510,143511,143570,2023-02-28 14:36:00+00:00,2023-02-28 14:37:00+00:00,2023-02-28 15:36:00+00:00,long,12063.5,12063.75,12064.0,12039.25,12089.0,12114.0,12139.0,12164.0,70.82834083493294,near_trigger,41.828340834932945,24.75,True,True,False,False,False,max_holding_time,12074.5,12074.25,10.25,0.0,10.25,0.41414141414141414,60.25,8.25,2.4343434343434343,0.3333333333333333,60,59.0,2,2023-02-28,0.19066147859922178,2.7573062261753494,3.0114942528735633,strong_bearish,1.7568804540184293,0.628952801232127,bullish,bullish,True,True,False,False
148,150456,150457,150493,2023-03-07 15:22:00+00:00,2023-03-07 15:23:00+00:00,2023-03-07 15:59:00+00:00,long,12245.25,12245.0,12245.25,12220.25,12270.25,12295.25,12320.25,12345.25,71.0,near_trigger,25.0,25.0,True,True,False,False,True,stop,12220.25,12220.0,-25.25,0.0,-25.25,-1.01,73.75,32.5,2.95,1.3,37,36.0,2,2023-03-07,1.9683168316831685,5.228710462287104,4.753196930946292,partial_bearish,1.7596760127108872,3.2616733867221614,neutral,bullish,True,True,False,False
149,151789,151790,151814,2023-03-08 14:35:00+00:00,2023-03-08 14:36:00+00:00,2023-03-08 15:00:00+00:00,long,12178.0,12177.25,12177.5,12152.5,12202.5,12227.5,12252.5,12277.5,79.0,near_trigger,74.14946311732277,25.0,False,False,False,False,True,stop,12152.5,12152.25,-25.25,0.0,-25.25,-1.01,12.0,52.5,0.48,2.1,25,24.0,0,2023-03-08,2.771573604060914,0.3181818181818182,0.7012302284710017,partial_bullish,2.4581305788578085,0.9221430811270885,bullish,bullish,True,True,True,False
150,151825,151826,151832,2023-03-08 15:11:00+00:00,2023-03-08 15:12:00+00:00,2023-03-08 15:18:00+00:00,long,12176.5,12176.5,12176.75,12151.75,12201.75,12226.75,12251.75,12276.75,72.0,near_trigger,48.84620655898189,25.0,False,False,False,False,True,stop,12151.75,12151.5,-25.25,0.0,-25.25,-1.01,11.25,29.25,0.45,1.17,7,6.0,0,2023-03-08,1.120411160058737,0.434589800443459,0.45062179956108267,partial_bullish,1.3486292300679417,1.5700693681058338,bullish,bullish,True,True,True,True
151,153169,153170,153229,2023-03-09 14:35:00+00:00,2023-03-09 14:36:00+00:00,2023-03-09 15:35:00+00:00,long,12281.75,12281.5,12281.75,12256.75,12306.75,12331.75,12356.75,12381.75,73.21194864505308,near_trigger,52.211948645053084,25.0,True,True,False,False,False,max_holding_time,12337.25,12337.0,55.25,0.0,55.25,2.21,72.0,20.75,2.88,0.83,60,59.0,2,2023-03-09,3.004878048780488,0.7427652733118971,4.015420200462606,strong_bullish,2.3620827382537337,1.0905717734364522,bullish,bullish,True,True,False,False
152,154590,154591,154592,2023-03-10 15:16:00+00:00,2023-03-10 15:17:00+00:00,2023-03-10 15:18:00+00:00,short,11936.75,11937.25,11937.0,11962.0,11912.0,11887.0,11862.0,11837.0,70.00740740740741,near_trigger,-57.00740740740741,25.0,False,False,False,False,True,stop,11962.0,11962.25,-25.25,0.0,-25.25,-1.01,4.75,29.0,0.19,1.16,2,1.0,0,2023-03-10,0.9222222222222223,1.8101872006965607,1.8346859032161107,partial_bearish,0.9385925675737354,1.602830909289311,bearish,bearish,False,False,True,False
153,154595,154596,154605,2023-03-10 15:21:00+00:00,2023-03-10 15:22:00+00:00,2023-03-10 15:31:00+00:00,short,11923.75,11923.5,11923.25,11948.25,11898.25,11873.25,11848.25,11823.25,75.17818181818183,near_trigger,-67.17818181818183,25.0,False,False,False,False,True,stop,11948.25,11948.5,-25.25,0.0,-25.25,-1.01,23.75,27.25,0.95,1.09,10,9.0,0,2023-03-10,0.5515151515151515,0.8242320819112628,1.8346859032161107,partial_bearish,1.0646252094840496,1.748961472672477,bearish,bearish,False,False,True,False
154,155505,155506,155522,2023-03-13 13:31:00+00:00,2023-03-13 13:32:00+00:00,2023-03-13 13:48:00+00:00,short,11914.75,11914.5,11914.25,11939.25,11889.25,11864.25,11839.25,11814.25,71.0,near_trigger,-41.86666666666667,25.0,True,True,True,False,True,stop,11939.25,11939.5,-25.25,0.0,-25.25,-1.01,93.0,45.0,3.72,1.8,17,16.0,3,2023-03-13,1.382562277580071,0.15508021390374332,1.9004016064257028,partial_bearish,6.051000953288847,1.522288729227664,bearish,bearish,False,True,True,False
155,158298,158299,158301,2023-03-15 14:04:00+00:00,2023-03-15 14:05:00+00:00,2023-03-15 14:07:00+00:00,short,12240.5,12239.5,12239.25,12264.25,12214.25,12189.25,12164.25,12139.25,70.0,near_trigger,-59.0,25.0,False,False,False,False,True,stop,12264.25,12264.5,-25.25,0.0,-25.25,-1.01,11.25,29.5,0.45,1.18,3,2.0,0,2023-03-15,1.2907063197026023,1.0452094566569887,1.4196925089957475,partial_bullish,1.6075148049826424,1.8183778123411922,bearish,neutral,True,False,True,False
156,158302,158303,158362,2023-03-15 14:08:00+00:00,2023-03-15 14:09:00+00:00,2023-03-15 15:08:00+00:00,short,12245.5,12245.25,12245.0,12270.0,12220.0,12195.0,12170.0,12145.0,78.91693905417944,near_trigger,-61.91693905417944,25.0,True,True,True,False,False,max_holding_time,12243.0,12243.25,1.75,0.0,1.75,0.07,93.5,9.5,3.74,0.38,60,59.0,3,2023-03-15,1.6488888888888888,0.3522012578616352,1.4196925089957475,strong_bullish,1.0265148933269717,0.9444848606477184,bearish,bearish,True,False,True,False
157,159660,159661,159664,2023-03-16 13:46:00+00:00,2023-03-16 13:47:00+00:00,2023-03-16 13:50:00+00:00,short,12342.25,12342.5,12342.25,12367.25,12317.25,12292.25,12267.25,12242.25,73.62447552146651,near_trigger,-38.62447552146651,25.0,False,False,False,False,True,stop,12367.25,12367.5,-25.25,0.0,-25.25,-1.01,7.5,28.75,0.3,1.15,4,3.0,0,2023-03-16,1.482824427480916,0.5539246968730057,1.2598509052183173,partial_bearish,1.5090928590032326,1.2247587784740874,bearish,bearish,True,True,False,False
158,162405,162406,162465,2023-03-20 13:31:00+00:00,2023-03-20 13:32:00+00:00,2023-03-20 14:31:00+00:00,short,12605.75,12604.5,12604.25,12629.25,12579.25,12554.25,12529.25,12504.25,81.5487224657137,high_probability,-72.5487224657137,25.0,True,True,True,False,False,max_holding_time,12620.0,12620.25,-16.0,0.0,-16.0,-0.64,75.0,22.25,3.0,0.89,60,59.0,3,2023-03-20,2.167741935483871,1.2349344978165937,0.08691153647180548,strong_bearish,6.10510691590519,1.3967802527830544,bearish,bearish,False,True,True,False
159,166545,166546,166555,2023-03-23 13:31:00+00:00,2023-03-23 13:32:00+00:00,2023-03-23 13:41:00+00:00,long,12872.25,12871.75,12872.0,12847.0,12897.0,12922.0,12947.0,12972.0,74.0,near_trigger,40.343316855696884,25.0,False,False,False,False,True,stop,12847.0,12846.75,-25.25,0.0,-25.25,-1.01,16.5,25.0,0.66,1.0,10,9.0,0,2023-03-23,4.893518518518518,3.1601941747572817,1.8465227817745802,strong_bullish,5.049100937177705,1.1387885959323198,bullish,bullish,False,True,True,False
160,166575,166576,166578,2023-03-23 14:01:00+00:00,2023-03-23 14:02:00+00:00,2023-03-23 14:04:00+00:00,long,12917.25,12917.25,12917.5,12892.5,12942.5,12967.5,12992.5,13017.5,71.76752232574405,near_trigger,57.76752232574405,25.0,False,False,False,False,True,stop,12892.5,12892.25,-25.25,0.0,-25.25,-1.01,2.75,30.25,0.11,1.21,3,2.0,0,2023-03-23,2.877871825876663,0.8874801901743266,2.339779005524862,strong_bullish,1.7914423187077557,1.3051779361287026,bullish,bullish,False,True,False,False
161,166584,166585,166644,2023-03-23 14:10:00+00:00,2023-03-23 14:11:00+00:00,2023-03-23 15:10:00+00:00,long,12932.0,12932.5,12932.75,12907.75,12957.75,12982.75,13007.75,13032.75,87.33333333333334,high_probability,81.33333333333334,25.0,True,True,True,False,False,max_holding_time,13013.5,13013.25,80.5,0.0,80.5,3.22,98.75,19.75,3.95,0.79,60,59.0,3,2023-03-23,2.0097323600973236,1.4637268847795164,2.339779005524862,strong_bullish,2.190642095290486,2.0470641992232124,bullish,bullish,False,True,True,False
162,167926,167927,167950,2023-03-24 13:32:00+00:00,2023-03-24 13:33:00+00:00,2023-03-24 13:56:00+00:00,short,12801.25,12801.25,12801.0,12826.0,12776.0,12751.0,12726.0,12701.0,73.03122730250705,near_trigger,-56.03122730250705,25.0,True,True,False,False,True,stop,12826.0,12826.25,-25.25,0.0,-25.25,-1.01,65.0,28.25,2.6,1.13,24,23.0,2,2023-03-24,0.4908835904628331,1.3444933920704847,1.376,partial_bullish,4.73099975174664,1.3044158485547777,bearish,bearish,True,True,False,False
163,167962,167963,167967,2023-03-24 14:08:00+00:00,2023-03-24 14:09:00+00:00,2023-03-24 14:13:00+00:00,short,12790.5,12791.25,12791.0,12816.0,12766.0,12741.0,12716.0,12691.0,76.40183908045977,near_trigger,-60.401839080459766,25.0,False,False,False,False,True,stop,12816.0,12816.25,-25.25,0.0,-25.25,-1.01,7.75,40.25,0.31,1.61,5,4.0,0,2023-03-24,0.6517241379310345,0.6898954703832753,0.7802050824788229,partial_bullish,1.525894311741355,1.7219057483169342,bearish,bearish,False,False,True,False
164,167968,167969,167985,2023-03-24 14:14:00+00:00,2023-03-24 14:15:00+00:00,2023-03-24 14:31:00+00:00,short,12812.25,12812.0,12811.75,12836.75,12786.75,12761.75,12736.75,12711.75,82.73134851138354,high_probability,-76.73134851138354,25.0,True,True,False,False,True,stop,12836.75,12837.0,-25.25,0.0,-25.25,-1.01,55.25,28.25,2.21,1.13,17,16.0,2,2023-03-24,1.115586690017513,0.37679814385150817,0.7802050824788229,strong_bullish,1.6408637956313212,2.3491532659741,bearish,bearish,True,False,True,False
165,169304,169305,169318,2023-03-27 13:30:00+00:00,2023-03-27 13:31:00+00:00,2023-03-27 13:44:00+00:00,short,12915.25,12915.0,12914.75,12939.0,12889.75,12864.75,12839.75,12814.75,76.96218198269993,near_trigger,-75.96218198269993,24.25,True,False,False,False,True,stop,12939.0,12939.25,-24.5,0.0,-24.5,-1.0103092783505154,33.0,26.0,1.3608247422680413,1.0721649484536082,14,13.0,1,2023-03-27,0.7777777777777778,0.5823627287853577,1.3125,strong_bearish,9.394586894586894,0.8479520415297209,bearish,neutral,True,True,True,True
166,169321,169322,169324,2023-03-27 13:47:00+00:00,2023-03-27 13:48:00+00:00,2023-03-27 13:50:00+00:00,short,12937.75,12938.0,12937.75,12962.75,12912.75,12887.75,12862.75,12837.75,74.35919646818313,near_trigger,-70.35919646818313,25.0,False,False,False,False,True,stop,12962.75,12963.0,-25.25,0.0,-25.25,-1.01,0.0,27.5,0.0,1.1,3,2.0,0,2023-03-27,0.7121387283236994,0.16699801192842942,0.32869565217391306,strong_bullish,0.7482626495141247,0.6707062264939406,bearish,bearish,True,False,True,False
167,169330,169331,169390,2023-03-27 13:56:00+00:00,2023-03-27 13:57:00+00:00,2023-03-27 14:56:00+00:00,short,12928.0,12927.75,12927.5,12952.5,12902.5,12877.5,12852.5,12827.5,72.85679012345679,near_trigger,-61.85679012345679,25.0,True,True,False,False,False,max_holding_time,12895.25,12895.5,32.0,0.0,32.0,1.28,61.0,21.0,2.44,0.84,60,59.0,2,2023-03-27,2.3333333333333335,0.8873239436619719,0.32869565217391306,partial_bullish,1.2693677778099568,1.5078696138298788,bearish,bearish,True,False,False,True
168,170739,170740,170799,2023-03-28 14:25:00+00:00,2023-03-28 14:26:00+00:00,2023-03-28 15:25:00+00:00,short,12707.25,12707.25,12707.0,12732.0,12682.0,12657.0,12632.0,12607.0,70.0513183271227,near_trigger,-67.0513183271227,25.0,True,True,False,False,False,max_holding_time,12694.75,12695.0,12.0,0.0,12.0,0.48,57.0,3.5,2.28,0.14,60,59.0,2,2023-03-28,1.9051546391752576,0.6772633033863165,2.2142857142857144,partial_bearish,0.8639077067543095,0.6417964986878384,bearish,bearish,False,True,True,False
169,172064,172065,172124,2023-03-29 13:30:00+00:00,2023-03-29 13:31:00+00:00,2023-03-29 14:30:00+00:00,long,12892.25,12892.5,12892.75,12867.75,12917.75,12942.75,12967.75,12992.75,72.49450749202714,near_trigger,72.49450749202714,25.0,True,False,False,False,False,max_holding_time,12891.5,12891.25,-1.5,0.0,-1.5,-0.06,40.25,10.25,1.61,0.41,60,59.0,1,2023-03-29,1.6184971098265895,2.559139784946237,2.9013732833957553,strong_bullish,6.984057415219416,1.0192366119257399,bullish,bullish,False,True,True,False
170,173494,173495,173554,2023-03-30 14:20:00+00:00,2023-03-30 14:21:00+00:00,2023-03-30 15:20:00+00:00,long,13056.0,13055.75,13056.0,13031.0,13081.0,13106.0,13131.0,13156.0,80.41084037019397,high_probability,78.41084037019397,25.0,True,True,False,False,False,max_holding_time,13101.25,13101.0,45.0,0.0,45.0,1.8,56.0,1.75,2.24,0.07,60,59.0,2,2023-03-30,1.1784511784511784,0.436026936026936,0.361731843575419,partial_bearish,0.8031099527322525,1.063614025508015,bullish,bullish,True,True,True,True
171,176256,176257,176271,2023-04-03 14:22:00+00:00,2023-04-03 14:23:00+00:00,2023-04-03 14:37:00+00:00,long,13264.75,13265.0,13265.25,13240.25,13290.25,13315.25,13340.25,13365.25,70.33333333333334,near_trigger,49.33333333333334,25.0,False,False,False,False,True,stop,13240.25,13240.0,-25.25,0.0,-25.25,-1.01,3.0,26.75,0.12,1.07,15,14.0,0,2023-04-03,2.8973509933774833,0.6211996713229252,1.0130869899923016,strong_bullish,1.7379068929423271,1.5129063097514341,bullish,bullish,True,True,True,True
172,177593,177594,177612,2023-04-04 13:39:00+00:00,2023-04-04 13:40:00+00:00,2023-04-04 13:58:00+00:00,short,13266.75,13267.5,13267.25,13288.5,13242.25,13217.25,13192.25,13167.25,77.02896734519533,near_trigger,-52.028967345195326,21.25,True,False,False,False,True,stop,13288.5,13288.75,-21.5,0.0,-21.5,-1.011764705882353,37.25,23.25,1.7529411764705882,1.0941176470588236,19,18.0,1,2023-04-04,1.1337099811676081,1.5525291828793775,2.904564315352697,strong_bearish,1.6590984605161148,0.8671992590019683,neutral,bearish,True,True,True,False
173,177631,177632,177685,2023-04-04 14:17:00+00:00,2023-04-04 14:18:00+00:00,2023-04-04 15:17:00+00:00,short,13294.5,13294.5,13294.25,13319.25,13269.25,13244.25,13219.25,13194.25,72.706964469816,near_trigger,-45.706964469816,25.0,True,True,False,False,False,max_holding_time,13221.0,13221.25,73.0,0.0,73.0,2.92,74.0,9.25,2.96,0.37,54,59.0,2,2023-04-04,2.0855172413793106,2.707718993928881,0.5649717514124294,partial_bullish,1.110732828325815,1.1120895352800817,neutral,bearish,True,True,True,True
174,178989,178990,179033,2023-04-05 14:01:00+00:00,2023-04-05 14:02:00+00:00,2023-04-05 14:45:00+00:00,short,13147.25,13147.0,13146.75,13171.75,13121.75,13096.75,13071.75,13046.75,70.8734987282259,near_trigger,-70.8734987282259,25.0,True,True,True,True,False,tp4,13046.75,13047.0,99.75,0.0,99.75,3.99,101.25,2.25,4.05,0.09,44,43.0,4,2023-04-05,0.557840616966581,1.5233949945593037,3.344028520499109,partial_bearish,2.0450156797923777,1.3923305075832475,bearish,bearish,True,False,False,False
175,180387,180388,180432,2023-04-06 14:19:00+00:00,2023-04-06 14:20:00+00:00,2023-04-06 15:04:00+00:00,short,13025.75,13025.5,13025.25,13050.25,13000.25,12975.25,12950.25,12925.25,77.92681107016051,near_trigger,-46.92681107016051,25.0,False,False,False,False,True,stop,13050.25,13050.5,-25.25,0.0,-25.25,-1.01,17.75,25.25,0.71,1.01,45,44.0,0,2023-04-06,1.8762886597938144,3.890848026868178,0.9833101529902644,partial_bullish,0.8206564733040242,1.087098436694726,bearish,bearish,False,True,True,False
176,184019,184020,184079,2023-04-11 13:36:00+00:00,2023-04-11 13:37:00+00:00,2023-04-11 14:36:00+00:00,short,13138.25,13138.5,13138.25,13162.25,13113.25,13088.25,13063.25,13038.25,74.05707366351506,near_trigger,-58.057073663515055,24.0,True,True,False,False,False,max_holding_time,13073.0,13073.25,65.0,0.0,65.0,2.7083333333333335,70.25,4.0,2.9270833333333335,0.16666666666666666,60,59.0,2,2023-04-11,0.6323987538940811,0.7466666666666667,0.9387755102040817,strong_bullish,1.7553662314671388,0.7602822604799387,bearish,bearish,False,True,True,False
177,185418,185419,185423,2023-04-12 13:55:00+00:00,2023-04-12 13:56:00+00:00,2023-04-12 14:00:00+00:00,long,13074.0,13074.0,13074.25,13049.25,13099.25,13124.25,13149.25,13174.25,72.99312750514571,near_trigger,59.99312750514571,25.0,False,False,False,False,True,stop,13049.25,13049.0,-25.25,0.0,-25.25,-1.01,5.0,29.25,0.2,1.17,5,4.0,0,2023-04-12,0.3712707182320442,3.13022113022113,1.0946773433820067,partial_bullish,0.9403560968806657,1.808784605479648,bullish,bullish,True,True,False,False
178,185426,185427,185460,2023-04-12 14:03:00+00:00,2023-04-12 14:04:00+00:00,2023-04-12 14:37:00+00:00,long,13082.0,13082.25,13082.5,13057.5,13107.5,13132.5,13157.5,13182.5,75.91345183234584,near_trigger,41.91345183234584,25.0,True,False,False,False,True,stop,13057.5,13057.25,-25.25,0.0,-25.25,-1.01,46.5,42.5,1.86,1.7,34,33.0,1,2023-04-12,0.9220430107526881,2.9830295411690764,3.177433247200689,partial_bearish,1.0716444517298964,1.759757738896366,bullish,bullish,True,False,False,False
179,186773,186774,186820,2023-04-13 13:30:00+00:00,2023-04-13 13:31:00+00:00,2023-04-13 14:17:00+00:00,long,13035.25,13034.75,13035.0,13010.0,13060.0,13085.0,13110.0,13135.0,70.35468350563005,near_trigger,41.35468350563005,25.0,True,True,True,True,False,tp4,13135.0,13134.75,99.75,0.0,99.75,3.99,102.25,0.5,4.09,0.02,47,46.0,4,2023-04-13,4.041237113402062,0.14405986903648269,2.754471544715447,partial_bullish,6.3272638694354795,0.9040364050848785,bullish,bullish,True,True,True,True
180,188183,188184,188191,2023-04-14 14:00:00+00:00,2023-04-14 14:01:00+00:00,2023-04-14 14:08:00+00:00,long,13221.0,13220.75,13221.0,13196.0,13246.0,13271.0,13296.0,13321.0,76.0,near_trigger,27.606464681310158,25.0,True,False,False,False,True,stop,13196.0,13195.75,-25.25,0.0,-25.25,-1.01,34.0,34.25,1.36,1.37,8,7.0,1,2023-04-14,1.2145110410094637,4.055172413793104,3.872514619883041,partial_bullish,1.9535219399538106,1.2697727656540259,bullish,bullish,False,True,True,False
181,189533,189534,189537,2023-04-17 13:30:00+00:00,2023-04-17 13:31:00+00:00,2023-04-17 13:34:00+00:00,short,13153.25,13153.0,13152.75,13177.75,13127.75,13102.75,13077.75,13052.75,70.88707106250496,near_trigger,-33.88707106250496,25.0,False,False,False,False,True,stop,13177.75,13178.0,-25.25,0.0,-25.25,-1.01,7.25,27.5,0.29,1.1,4,3.0,0,2023-04-17,1.6690997566909975,1.134684147794994,1.5120540019286404,strong_bearish,11.458770498173623,1.3075906595599385,bearish,bearish,True,False,True,False
182,192315,192316,192326,2023-04-19 13:52:00+00:00,2023-04-19 13:53:00+00:00,2023-04-19 14:03:00+00:00,short,13099.5,13099.25,13099.0,13124.0,13074.0,13049.0,13024.0,12999.0,78.95882169714768,near_trigger,-57.958821697147684,25.0,False,False,False,False,True,stop,13124.0,13124.25,-25.25,0.0,-25.25,-1.01,10.5,26.0,0.42,1.04,11,10.0,0,2023-04-19,1.8091042584434653,2.2761290322580647,1.1774358974358976,partial_bullish,1.2333912951139547,1.657302869780798,bearish,neutral,True,False,True,False
183,192346,192347,192355,2023-04-19 14:23:00+00:00,2023-04-19 14:24:00+00:00,2023-04-19 14:32:00+00:00,short,13098.25,13098.5,13098.25,13123.25,13073.25,13048.25,13023.25,12998.25,82.70371772570387,high_probability,-82.70371772570387,25.0,False,False,False,False,True,stop,13123.25,13123.5,-25.25,0.0,-25.25,-1.01,7.0,27.0,0.28,1.08,9,8.0,0,2023-04-19,1.5555555555555556,0.8503521126760564,1.6547619047619047,partial_bullish,1.0104989717501893,0.9712252668372761,bearish,bearish,True,True,True,False
184,195053,195054,195055,2023-04-21 13:30:00+00:00,2023-04-21 13:31:00+00:00,2023-04-21 13:32:00+00:00,short,13047.0,13047.0,13046.75,13071.75,13021.75,12996.75,12971.75,12946.75,92.53496283038842,a_plus_plus,-63.53496283038842,25.0,False,False,False,False,True,stop,13071.75,13072.0,-25.25,0.0,-25.25,-1.01,3.75,27.25,0.15,1.09,2,1.0,0,2023-04-21,4.022988505747127,0.22459893048128343,0.7375231053604435,partial_bullish,8.047243049565392,1.0640276534891473,bearish,bearish,True,True,True,True
185,195057,195058,195109,2023-04-21 13:34:00+00:00,2023-04-21 13:35:00+00:00,2023-04-21 14:26:00+00:00,short,13051.25,13051.25,13051.0,13076.0,13026.0,13001.0,12976.0,12951.0,74.44041711806902,near_trigger,-70.44041711806902,25.0,True,True,False,False,True,stop,13076.0,13076.25,-25.25,0.0,-25.25,-1.01,68.25,27.75,2.73,1.11,52,51.0,2,2023-04-21,0.6210720887245841,0.22459893048128343,0.7375231053604435,partial_bullish,2.553555562868143,1.0378910481897095,bearish,bearish,False,True,True,False
186,196464,196465,196524,2023-04-24 14:01:00+00:00,2023-04-24 14:02:00+00:00,2023-04-24 15:01:00+00:00,short,13087.75,13087.75,13087.5,13112.5,13062.5,13037.5,13012.5,12987.5,73.22118066949443,near_trigger,-49.22118066949443,25.0,True,True,True,False,False,max_holding_time,13015.5,13015.75,71.75,0.0,71.75,2.87,79.0,14.5,3.16,0.58,60,59.0,3,2023-04-24,2.139622641509434,0.612691466083151,0.44171779141104295,partial_bullish,1.8059622508378903,1.2785832927453697,neutral,bearish,True,False,True,False
187,197854,197855,197914,2023-04-25 14:11:00+00:00,2023-04-25 14:12:00+00:00,2023-04-25 15:11:00+00:00,short,12948.5,12948.75,12948.5,12973.5,12923.5,12898.5,12873.5,12848.5,71.34462659380692,near_trigger,-50.34462659380692,25.0,False,False,False,False,False,max_holding_time,12961.5,12961.75,-13.25,0.0,-13.25,-0.53,18.5,17.5,0.74,0.7,60,59.0,0,2023-04-25,2.3333333333333335,2.1193232413178986,0.9853372434017595,strong_bearish,2.9095778197857594,3.4369184964644584,bearish,bearish,True,True,True,False
188,199195,199196,199214,2023-04-26 13:32:00+00:00,2023-04-26 13:33:00+00:00,2023-04-26 13:51:00+00:00,short,12919.75,12920.25,12920.0,12945.0,12895.0,12870.0,12845.0,12820.0,74.54522315213885,near_trigger,-73.54522315213885,25.0,False,False,False,False,True,stop,12945.0,12945.25,-25.25,0.0,-25.25,-1.01,21.0,25.5,0.84,1.02,19,18.0,0,2023-04-26,1.4065934065934067,0.4412121212121212,1.054732775273664,partial_bullish,4.60033373687138,1.4911127136978746,bearish,bearish,True,True,False,False
189,199238,199239,199284,2023-04-26 14:15:00+00:00,2023-04-26 14:16:00+00:00,2023-04-26 15:01:00+00:00,short,12928.25,12928.25,12928.0,12953.0,12903.0,12878.0,12853.0,12828.0,85.3542757417103,high_probability,-61.354275741710296,25.0,True,False,False,False,True,stop,12953.0,12953.25,-25.25,0.0,-25.25,-1.01,31.75,28.25,1.27,1.13,46,45.0,1,2023-04-26,1.594240837696335,0.3463541666666667,0.18022657054582902,partial_bearish,1.3210824896175457,1.7072400729619754,bearish,bearish,True,True,True,False
190,201956,201957,201965,2023-04-28 13:33:00+00:00,2023-04-28 13:34:00+00:00,2023-04-28 13:42:00+00:00,long,13203.75,13203.25,13203.5,13178.5,13228.5,13253.5,13278.5,13303.5,79.0,near_trigger,30.9155349781295,25.0,False,False,False,False,True,stop,13178.5,13178.25,-25.25,0.0,-25.25,-1.01,11.5,31.0,0.46,1.24,9,8.0,0,2023-04-28,1.1104199066874028,0.24861265260821308,1.781021897810219,partial_bullish,3.323869263783427,1.2666859580035983,bullish,bullish,True,True,True,False
191,202007,202008,202020,2023-04-28 14:24:00+00:00,2023-04-28 14:25:00+00:00,2023-04-28 14:37:00+00:00,long,13285.25,13285.0,13285.25,13261.0,13310.25,13335.25,13360.25,13385.25,83.12608414239483,high_probability,83.12608414239483,24.25,False,False,False,False,True,stop,13261.0,13260.75,-24.5,0.0,-24.5,-1.0103092783505154,8.0,45.0,0.32989690721649484,1.8556701030927836,13,12.0,0,2023-04-28,1.4135922330097088,2.6462745098039218,1.9949999999999999,strong_bullish,1.1295244611700308,1.814863676341249,bullish,bullish,False,False,True,False
192,203385,203386,203439,2023-05-01 14:22:00+00:00,2023-05-01 14:23:00+00:00,2023-05-01 15:16:00+00:00,long,13291.25,13291.25,13291.5,13266.5,13316.5,13341.5,13366.5,13391.5,86.16581196581197,high_probability,71.16581196581197,25.0,True,False,False,False,True,stop,13266.5,13266.25,-25.25,0.0,-25.25,-1.01,41.0,28.5,1.64,1.14,54,53.0,1,2023-05-01,2.266025641025641,1.2453987730061349,0.3729189789123196,strong_bearish,2.02359231894792,2.0629074435564068,bullish,bullish,True,True,True,False
193,206115,206116,206132,2023-05-03 13:52:00+00:00,2023-05-03 13:53:00+00:00,2023-05-03 14:09:00+00:00,long,13232.25,13232.25,13232.5,13207.5,13257.5,13282.5,13307.5,13332.5,77.57485768054576,near_trigger,69.57485768054576,25.0,False,False,False,False,True,stop,13207.5,13207.25,-25.25,0.0,-25.25,-1.01,9.5,26.0,0.38,1.04,17,16.0,0,2023-05-03,1.5198776758409787,0.22514619883040937,0.0,mixed,2.145931219647017,1.5726273148148149,bullish,bullish,False,True,True,False
194,207480,207481,207540,2023-05-04 13:37:00+00:00,2023-05-04 13:38:00+00:00,2023-05-04 14:37:00+00:00,short,13077.75,13077.75,13077.5,13102.5,13052.5,13027.5,13002.5,12977.5,71.0,near_trigger,-46.720918701840986,25.0,True,True,True,False,False,max_holding_time,13023.0,13023.25,54.25,0.0,54.25,2.17,75.75,2.5,3.03,0.1,60,59.0,3,2023-05-04,2.4646464646464645,1.226725082146769,0.06134969325153374,partial_bearish,1.731258375953833,0.8238861917715505,bearish,bearish,False,True,True,False
195,208855,208856,208915,2023-05-05 13:32:00+00:00,2023-05-05 13:33:00+00:00,2023-05-05 14:32:00+00:00,long,13152.75,13152.5,13152.75,13127.75,13177.75,13202.75,13227.75,13252.75,73.38528364855077,near_trigger,64.38528364855077,25.0,True,True,True,False,False,max_holding_time,13247.75,13247.5,94.75,0.0,94.75,3.79,96.0,6.25,3.84,0.25,60,59.0,3,2023-05-05,2.274599542334096,1.4553014553014554,0.5974781765276431,strong_bullish,4.974480569063216,1.3697326487252126,bullish,bullish,True,True,False,False
196,210241,210242,210301,2023-05-08 13:38:00+00:00,2023-05-08 13:39:00+00:00,2023-05-08 14:38:00+00:00,short,13280.5,13280.5,13280.25,13305.25,13255.25,13230.25,13205.25,13180.25,70.09096776982149,near_trigger,-61.09096776982149,25.0,True,False,False,False,False,max_holding_time,13265.0,13265.25,15.0,0.0,15.0,0.6,25.75,15.25,1.03,0.61,60,59.0,1,2023-05-08,2.45,0.2485207100591716,1.1226415094339621,strong_bearish,2.806850316143996,1.2727822842076448,bearish,bearish,True,True,True,False
197,213020,213021,213067,2023-05-10 13:57:00+00:00,2023-05-10 13:58:00+00:00,2023-05-10 14:44:00+00:00,long,13368.75,13368.25,13368.5,13343.5,13393.5,13418.5,13443.5,13468.5,71.1366788352788,near_trigger,64.1366788352788,25.0,True,True,False,False,True,stop,13343.5,13343.25,-25.25,0.0,-25.25,-1.01,65.5,35.0,2.62,1.4,47,46.0,2,2023-05-10,1.9901960784313726,0.7665982203969883,3.2641165755919856,partial_bullish,0.8747639321912679,1.338920721799367,bullish,bullish,True,False,True,False
198,214375,214376,214429,2023-05-11 13:32:00+00:00,2023-05-11 13:33:00+00:00,2023-05-11 14:26:00+00:00,short,13395.25,13395.0,13394.75,13419.75,13369.75,13344.75,13319.75,13294.75,91.46153846153847,a_plus_plus,-54.46153846153847,25.0,False,False,False,False,True,stop,13419.75,13420.0,-25.25,0.0,-25.25,-1.01,22.5,25.0,0.9,1.0,54,53.0,0,2023-05-11,3.829885057471264,0.2716688227684347,0.461961503208066,partial_bearish,5.866509727895867,1.9205313024162474,bearish,bearish,True,True,True,False
199,215784,215785,215844,2023-05-12 14:01:00+00:00,2023-05-12 14:02:00+00:00,2023-05-12 15:01:00+00:00,short,13425.5,13425.0,13424.75,13449.75,13399.75,13374.75,13349.75,13324.75,87.33333333333334,high_probability,-61.33333333333334,25.0,True,False,False,False,False,max_holding_time,13400.25,13400.5,24.25,0.0,24.25,0.97,42.25,12.0,1.69,0.48,60,59.0,1,2023-05-12,2.7186544342507646,2.8034825870646767,2.3273195876288657,strong_bearish,2.7828002867784636,2.088396630009711,bearish,bearish,False,True,True,False
200,218513,218514,218525,2023-05-16 13:30:00+00:00,2023-05-16 13:31:00+00:00,2023-05-16 13:42:00+00:00,short,13454.0,13453.75,13453.5,13478.5,13428.5,13403.5,13378.5,13353.5,71.0,near_trigger,-21.981840312053748,25.0,False,False,False,False,True,stop,13478.5,13478.75,-25.25,0.0,-25.25,-1.01,4.25,32.75,0.17,1.31,12,11.0,0,2023-05-16,4.621794871794872,0.0,1.7824933687002653,mixed,10.281276962899051,1.1420247074496124,bearish,bearish,False,True,True,False
201,219929,219930,219989,2023-05-17 14:06:00+00:00,2023-05-17 14:07:00+00:00,2023-05-17 15:06:00+00:00,long,13497.75,13498.0,13498.25,13473.25,13523.25,13548.25,13573.25,13598.25,73.47444578248928,near_trigger,50.47444578248928,25.0,True,False,False,False,False,max_holding_time,13528.25,13528.0,29.75,0.0,29.75,1.19,44.5,12.0,1.78,0.48,60,59.0,1,2023-05-17,2.0528846153846154,2.88659793814433,1.6592592592592592,partial_bearish,1.2792798405183154,1.2669083056990822,neutral,bullish,True,True,True,False
202,222712,222713,222772,2023-05-19 14:29:00+00:00,2023-05-19 14:30:00+00:00,2023-05-19 15:29:00+00:00,short,13899.25,13898.75,13898.5,13923.5,13873.5,13848.5,13823.5,13798.5,73.52223302445908,near_trigger,-73.52223302445908,25.0,True,False,False,False,False,max_holding_time,13854.25,13854.5,44.0,0.0,44.0,1.76,44.75,10.0,1.79,0.4,60,59.0,1,2023-05-19,1.2333333333333334,0.5511811023622047,1.1081504702194358,partial_bearish,1.172223680756104,1.0790671446409152,bearish,bearish,False,True,True,False
203,224060,224061,224120,2023-05-22 13:57:00+00:00,2023-05-22 13:58:00+00:00,2023-05-22 14:57:00+00:00,short,13925.0,13924.5,13924.25,13948.75,13899.25,13874.25,13849.25,13824.25,97.33333333333334,a_plus_plus,-83.33333333333334,24.5,True,True,False,False,False,max_holding_time,13890.75,13891.0,33.25,0.0,33.25,1.3571428571428572,62.25,14.0,2.5408163265306123,0.5714285714285714,60,59.0,2,2023-05-22,1.7818181818181817,5.651672433679354,2.8000000000000003,partial_bullish,1.3080461765471747,1.7450882001003591,bearish,bearish,True,True,True,False
204,225415,225416,225475,2023-05-23 13:32:00+00:00,2023-05-23 13:33:00+00:00,2023-05-23 14:32:00+00:00,short,13862.25,13862.0,13861.75,13886.75,13836.75,13811.75,13786.75,13761.75,76.0,near_trigger,-20.814856361051113,25.0,False,False,False,False,False,max_holding_time,13851.75,13852.0,9.75,0.0,9.75,0.39,22.25,18.25,0.89,0.73,60,59.0,0,2023-05-23,4.244343891402715,1.6809210526315788,1.893503727369542,partial_bearish,4.924657534246576,1.2360721615145753,bearish,bearish,False,False,True,False
205,226797,226798,226857,2023-05-24 13:34:00+00:00,2023-05-24 13:35:00+00:00,2023-05-24 14:34:00+00:00,short,13660.25,13660.25,13660.0,13685.0,13635.0,13610.0,13585.0,13560.0,79.0,near_trigger,-28.09477000630119,25.0,True,True,False,False,False,max_holding_time,13598.25,13598.5,61.5,0.0,61.5,2.46,74.0,15.0,2.96,0.6,60,59.0,2,2023-05-24,1.8525519848771268,0.07553956834532374,2.087443946188341,partial_bullish,3.794890781192151,1.8119144422838962,bearish,bearish,True,True,True,False
206,228187,228188,228191,2023-05-25 13:44:00+00:00,2023-05-25 13:45:00+00:00,2023-05-25 13:48:00+00:00,long,13897.75,13897.25,13897.5,13872.5,13922.5,13947.5,13972.5,13997.5,71.77015489516519,near_trigger,64.77015489516519,25.0,False,False,False,False,True,stop,13872.5,13872.25,-25.25,0.0,-25.25,-1.01,7.75,26.25,0.31,1.05,4,3.0,0,2023-05-25,1.5090715048025614,4.539898132427844,0.49213691026827017,partial_bullish,0.8611732997152608,1.3722637849819896,bullish,bullish,False,True,True,False
207,228192,228193,228252,2023-05-25 13:49:00+00:00,2023-05-25 13:50:00+00:00,2023-05-25 14:49:00+00:00,long,13866.25,13866.5,13866.75,13841.75,13891.75,13916.75,13941.75,13966.75,79.0,near_trigger,71.32298325722984,25.0,True,True,False,False,False,max_holding_time,13925.75,13925.5,58.75,0.0,58.75,2.35,68.25,15.5,2.73,0.62,60,59.0,2,2023-05-25,2.0136986301369864,3.0285714285714285,1.7439109255393181,strong_bearish,1.616872673804163,2.693302717183314,bullish,bullish,True,True,True,False
208,232082,232083,232086,2023-05-30 13:39:00+00:00,2023-05-30 13:40:00+00:00,2023-05-30 13:43:00+00:00,long,14540.75,14540.75,14541.0,14516.0,14566.0,14591.0,14616.0,14641.0,83.25840947546531,high_probability,62.258409475465314,25.0,False,False,False,False,True,stop,14516.0,14515.75,-25.25,0.0,-25.25,-1.01,18.75,35.0,0.75,1.4,4,3.0,0,2023-05-30,1.563451776649746,1.0995575221238938,2.217142857142857,partial_bearish,1.7836439262437362,1.597067448680352,bullish,bullish,False,True,True,False
209,232089,232090,232094,2023-05-30 13:46:00+00:00,2023-05-30 13:47:00+00:00,2023-05-30 13:51:00+00:00,long,14508.5,14508.5,14508.75,14483.75,14533.75,14558.75,14583.75,14608.75,74.0,near_trigger,71.12195731802606,25.0,False,False,False,False,True,stop,14483.75,14483.5,-25.25,0.0,-25.25,-1.01,17.5,27.5,0.7,1.1,5,4.0,0,2023-05-30,1.5302619692863595,0.39112571898110104,0.550098231827112,strong_bearish,1.1475252895937709,1.7002096105656332,bullish,bullish,True,True,True,False
210,232110,232111,232165,2023-05-30 14:07:00+00:00,2023-05-30 14:08:00+00:00,2023-05-30 15:02:00+00:00,short,14448.5,14448.75,14448.5,14473.5,14423.5,14398.5,14373.5,14348.5,75.82369145214474,near_trigger,-49.82369145214474,25.0,True,False,False,False,True,stop,14473.5,14473.75,-25.25,0.0,-25.25,-1.01,39.75,25.5,1.59,1.02,55,54.0,1,2023-05-30,2.1692150866462794,4.002382370458606,2.567292225201072,partial_bearish,1.130883820932197,2.051076719530665,neutral,bearish,True,True,True,False
211,233475,233476,233509,2023-05-31 13:52:00+00:00,2023-05-31 13:53:00+00:00,2023-05-31 14:26:00+00:00,short,14387.0,14386.75,14386.5,14411.5,14361.5,14336.5,14311.5,14286.5,71.29147633278971,near_trigger,-43.29147633278971,25.0,True,True,True,True,False,tp4,14286.5,14286.75,99.75,0.0,99.75,3.99,111.25,7.0,4.45,0.28,34,33.0,4,2023-05-31,1.0229007633587786,3.824596774193548,2.7857142857142856,partial_bullish,1.1502792059235936,1.397781962753714,bearish,bearish,True,False,False,False
212,234845,234846,234860,2023-06-01 13:42:00+00:00,2023-06-01 13:43:00+00:00,2023-06-01 13:57:00+00:00,short,14292.25,14292.0,14291.75,14316.75,14266.75,14241.75,14216.75,14191.75,75.96725127398388,near_trigger,-67.96725127398388,25.0,False,False,False,False,True,stop,14316.75,14317.0,-25.25,0.0,-25.25,-1.01,19.75,27.5,0.79,1.1,15,14.0,0,2023-06-01,1.841392649903288,0.8880597014925373,0.2471315092674316,partial_bullish,1.289403271005842,1.1124315316422844,bearish,bearish,True,True,True,False
213,234881,234882,234904,2023-06-01 14:18:00+00:00,2023-06-01 14:19:00+00:00,2023-06-01 14:41:00+00:00,short,14309.0,14309.5,14309.25,14334.25,14284.25,14259.25,14234.25,14209.25,85.93835369197275,high_probability,-85.93835369197275,25.0,True,False,False,False,True,stop,14334.25,14334.5,-25.25,0.0,-25.25,-1.01,36.5,34.75,1.46,1.39,23,22.0,1,2023-06-01,0.486404833836858,1.1751085383502171,1.0824742268041236,partial_bullish,1.334291070271028,1.1281960122063224,bearish,bearish,True,True,True,True
214,236228,236229,236229,2023-06-02 13:45:00+00:00,2023-06-02 13:46:00+00:00,2023-06-02 13:46:00+00:00,long,14587.5,14588.0,14588.25,14563.25,14613.25,14638.25,14663.25,14688.25,72.0,near_trigger,14.0,25.0,False,False,False,False,True,stop,14563.25,14563.0,-25.25,0.0,-25.25,-1.01,0.5,37.0,0.02,1.48,1,0.0,0,2023-06-02,2.3240371845949537,3.250414593698176,2.725228390723823,partial_bullish,1.8015516537362188,1.6205098068023214,bullish,bullish,True,False,True,False
215,236231,236232,236233,2023-06-02 13:48:00+00:00,2023-06-02 13:49:00+00:00,2023-06-02 13:50:00+00:00,long,14554.25,14554.5,14554.75,14529.75,14579.75,14604.75,14629.75,14654.75,71.69481262084001,near_trigger,31.69481262084001,25.0,False,False,False,False,True,stop,14529.75,14529.5,-25.25,0.0,-25.25,-1.01,0.75,37.25,0.03,1.49,2,1.0,0,2023-06-02,4.225225225225225,3.250414593698176,2.725228390723823,partial_bullish,1.4679219325893453,2.067649057858888,bullish,bullish,True,False,True,False
216,236264,236265,236282,2023-06-02 14:21:00+00:00,2023-06-02 14:22:00+00:00,2023-06-02 14:39:00+00:00,short,14511.0,14510.75,14510.5,14535.5,14485.5,14460.5,14435.5,14410.5,73.30599848139711,near_trigger,-65.30599848139711,25.0,True,False,False,False,True,stop,14535.5,14535.75,-25.25,0.0,-25.25,-1.01,27.5,34.25,1.1,1.37,18,17.0,1,2023-06-02,0.8929384965831435,0.16016640665626625,0.5243445692883895,partial_bearish,1.183608087484076,1.6075925513507956,bearish,bearish,True,True,True,False
217,237613,237614,237620,2023-06-05 13:50:00+00:00,2023-06-05 13:51:00+00:00,2023-06-05 13:57:00+00:00,long,14606.5,14606.5,14606.75,14581.75,14631.75,14656.75,14681.75,14706.75,70.0,near_trigger,59.51232562439391,25.0,False,False,False,False,True,stop,14581.75,14581.5,-25.25,0.0,-25.25,-1.01,4.25,27.75,0.17,1.11,7,6.0,0,2023-06-05,2.5534591194968552,4.495412844036697,4.931979695431472,partial_bullish,1.2777332264100507,1.0821947271307124,bullish,bullish,False,True,True,False
218,237624,237625,237638,2023-06-05 14:01:00+00:00,2023-06-05 14:02:00+00:00,2023-06-05 14:15:00+00:00,long,14620.0,14619.75,14620.0,14595.0,14645.0,14670.0,14695.0,14720.0,72.6581560283688,near_trigger,35.65815602836879,25.0,False,False,False,False,True,stop,14595.0,14594.75,-25.25,0.0,-25.25,-1.01,21.5,30.0,0.86,1.2,14,13.0,0,2023-06-05,1.9563318777292575,0.4666666666666666,1.3781788351107465,partial_bullish,2.9490287955975703,2.9425756031260617,bullish,neutral,False,True,True,False
219,238990,238991,239050,2023-06-06 13:47:00+00:00,2023-06-06 13:48:00+00:00,2023-06-06 14:47:00+00:00,long,14550.25,14550.0,14550.25,14525.25,14575.25,14600.25,14625.25,14650.25,70.49280464668038,near_trigger,63.49280464668038,25.0,True,False,False,False,False,max_holding_time,14592.5,14592.25,42.0,0.0,42.0,1.68,48.5,24.5,1.94,0.98,60,59.0,1,2023-06-06,1.1650485436893203,3.454068241469816,2.2660753880266076,partial_bearish,1.2065992260167018,1.2289946475249989,neutral,bullish,True,False,True,False
220,240353,240354,240386,2023-06-07 13:30:00+00:00,2023-06-07 13:31:00+00:00,2023-06-07 14:03:00+00:00,long,14626.25,14626.25,14626.5,14601.5,14651.5,14676.5,14701.5,14726.5,74.33333333333334,near_trigger,61.33333333333334,25.0,True,False,False,False,True,stop,14601.5,14601.25,-25.25,0.0,-25.25,-1.01,49.0,39.0,1.96,1.56,33,32.0,1,2023-06-07,3.88,0.24347826086956523,0.9183673469387755,partial_bearish,20.79411421230877,1.5976671152983402,bullish,bullish,True,True,False,False
221,240393,240394,240397,2023-06-07 14:10:00+00:00,2023-06-07 14:11:00+00:00,2023-06-07 14:14:00+00:00,long,14621.25,14620.5,14620.75,14595.75,14645.75,14670.75,14695.75,14720.75,75.01762504561103,near_trigger,44.01762504561103,25.0,False,False,False,False,True,stop,14595.75,14595.5,-25.25,0.0,-25.25,-1.01,1.75,25.5,0.07,1.02,4,3.0,0,2023-06-07,0.7386091127098322,2.2705314009661834,1.8529411764705883,partial_bullish,1.2371778834125595,1.3087896673106951,bullish,bullish,False,True,True,False
222,241734,241735,241737,2023-06-08 13:31:00+00:00,2023-06-08 13:32:00+00:00,2023-06-08 13:34:00+00:00,long,14365.0,14365.0,14365.25,14342.0,14390.25,14415.25,14440.25,14465.25,70.67207207207207,near_trigger,33.67207207207207,23.25,False,False,False,False,True,stop,14342.0,14341.75,-23.5,0.0,-23.5,-1.010752688172043,8.75,34.25,0.3763440860215054,1.4731182795698925,3,2.0,0,2023-06-08,1.8028169014084507,1.0790513833992095,1.8492706645056727,partial_bullish,10.379402318872136,1.7820560747663552,bullish,bullish,True,True,True,False
223,241739,241740,241799,2023-06-08 13:36:00+00:00,2023-06-08 13:37:00+00:00,2023-06-08 14:36:00+00:00,long,14359.5,14359.75,14360.0,14335.0,14385.0,14410.0,14435.0,14460.0,83.65547394193774,high_probability,46.65547394193774,25.0,True,True,False,False,False,max_holding_time,14411.5,14411.25,51.25,0.0,51.25,2.05,67.75,18.5,2.71,0.74,60,59.0,2,2023-06-08,0.323189926547744,0.9650959860383944,1.8492706645056727,partial_bearish,2.1294363256784967,1.5648355360385087,bullish,bullish,True,True,True,False
224,243134,243135,243183,2023-06-09 13:51:00+00:00,2023-06-09 13:52:00+00:00,2023-06-09 14:40:00+00:00,long,14654.0,14653.75,14654.0,14631.0,14679.0,14704.0,14729.0,14754.0,81.23273118126062,high_probability,81.23273118126062,23.0,True,False,False,False,True,stop,14631.0,14630.75,-23.25,0.0,-23.25,-1.0108695652173914,34.0,23.0,1.4782608695652173,1.0,49,48.0,1,2023-06-09,1.184174624829468,4.703247480403135,4.168539325842697,strong_bullish,1.3107110477917367,1.350774159103043,bullish,bullish,False,True,True,False
225,245458,245459,245459,2023-06-13 13:35:00+00:00,2023-06-13 13:36:00+00:00,2023-06-13 13:36:00+00:00,long,15116.0,15115.75,15116.0,15091.0,15141.0,15166.0,15191.0,15216.0,71.81798979082845,near_trigger,50.81798979082845,25.0,False,False,False,False,True,stop,15091.0,15090.75,-25.25,0.0,-25.25,-1.01,0.75,28.25,0.03,1.13,1,0.0,0,2023-06-13,1.8441926345609065,1.0299943406904357,2.5543859649122806,partial_bullish,2.37745879851143,0.9843932289946951,bullish,bullish,True,True,False,False
226,245502,245503,245561,2023-06-13 14:19:00+00:00,2023-06-13 14:20:00+00:00,2023-06-13 15:18:00+00:00,long,15001.75,15001.75,15002.0,14977.0,15027.0,15052.0,15077.0,15102.0,92.91200768491835,a_plus_plus,83.91200768491835,25.0,True,True,True,True,False,tp4,15102.0,15101.75,99.75,0.0,99.75,3.99,100.0,23.5,4.0,0.94,59,58.0,4,2023-06-13,1.0355427473583092,1.4986619090098128,2.9900662251655628,partial_bearish,1.1072654892679792,1.5935580406363208,bullish,bullish,True,True,True,True
227,246839,246840,246843,2023-06-14 13:36:00+00:00,2023-06-14 13:37:00+00:00,2023-06-14 13:40:00+00:00,short,15057.5,15057.75,15057.5,15082.5,15032.5,15007.5,14982.5,14957.5,77.88755768385982,near_trigger,-36.887557683859825,25.0,False,False,False,False,True,stop,15082.5,15082.75,-25.25,0.0,-25.25,-1.01,4.5,37.25,0.18,1.49,4,3.0,0,2023-06-14,2.4647887323943665,0.7296969696969696,1.532258064516129,strong_bearish,2.840731450176319,1.0195853286185885,neutral,bearish,True,True,True,False
228,248216,248217,248222,2023-06-15 13:33:00+00:00,2023-06-15 13:34:00+00:00,2023-06-15 13:39:00+00:00,short,15117.75,15117.75,15117.5,15142.5,15092.5,15067.5,15042.5,15017.5,91.0105628266198,a_plus_plus,-70.0105628266198,25.0,False,False,False,False,True,stop,15142.5,15142.75,-25.25,0.0,-25.25,-1.01,1.5,38.0,0.06,1.52,6,5.0,0,2023-06-15,2.04031007751938,0.27288135593220336,1.6234939759036144,partial_bullish,3.305940994207194,1.1349026499560653,bearish,bearish,True,True,True,False
229,249595,249596,249598,2023-06-16 13:32:00+00:00,2023-06-16 13:33:00+00:00,2023-06-16 13:35:00+00:00,long,15415.75,15416.0,15416.25,15391.25,15441.25,15466.25,15491.25,15516.25,79.0,near_trigger,50.5188542650299,25.0,False,False,False,False,True,stop,15391.25,15391.0,-25.25,0.0,-25.25,-1.01,21.5,31.25,0.86,1.25,3,2.0,0,2023-06-16,2.4721435316336167,2.5855855855855854,1.8961881589618816,partial_bullish,3.0019112845424862,1.5768337830206436,bullish,bullish,True,True,True,False
230,249599,249600,249606,2023-06-16 13:36:00+00:00,2023-06-16 13:37:00+00:00,2023-06-16 13:43:00+00:00,long,15387.75,15388.25,15388.5,15363.5,15413.5,15438.5,15463.5,15488.5,79.0,near_trigger,33.6166277506545,25.0,False,False,False,False,True,stop,15363.5,15363.25,-25.25,0.0,-25.25,-1.01,8.75,37.5,0.35,1.5,7,6.0,0,2023-06-16,1.5289747399702824,0.4378801042571677,1.8961881589618816,partial_bearish,1.9262907197351957,1.8615416623322585,bullish,bullish,True,True,True,False
231,249614,249615,249616,2023-06-16 13:51:00+00:00,2023-06-16 13:52:00+00:00,2023-06-16 13:53:00+00:00,long,15369.75,15370.25,15370.5,15345.5,15395.5,15420.5,15445.5,15470.5,72.15323040300663,near_trigger,72.15323040300663,25.0,False,False,False,False,True,stop,15345.5,15345.25,-25.25,0.0,-25.25,-1.01,7.25,25.5,0.29,1.02,2,1.0,0,2023-06-16,1.1257731958762887,4.100709219858156,2.429682824655895,partial_bearish,1.0059563203176705,1.3705864925094355,bullish,bullish,True,True,True,False
232,252114,252115,252143,2023-06-20 13:31:00+00:00,2023-06-20 13:32:00+00:00,2023-06-20 14:00:00+00:00,long,15242.75,15242.5,15242.75,15217.75,15267.75,15292.75,15317.75,15342.75,72.91932721251263,near_trigger,37.91932721251263,25.0,True,True,False,False,True,stop,15217.75,15217.5,-25.25,0.0,-25.25,-1.01,67.5,29.0,2.7,1.16,29,28.0,2,2023-06-20,1.2839506172839505,2.431578947368421,1.366183574879227,partial_bearish,8.049780794795643,1.46860003096135,bullish,bullish,True,True,True,True
233,254906,254907,254946,2023-06-22 14:03:00+00:00,2023-06-22 14:04:00+00:00,2023-06-22 14:43:00+00:00,long,15088.75,15088.5,15088.75,15063.75,15113.75,15138.75,15163.75,15188.75,70.25534130885522,near_trigger,70.25534130885522,25.0,True,True,False,False,True,stop,15063.75,15063.5,-25.25,0.0,-25.25,-1.01,60.5,28.75,2.42,1.15,40,39.0,2,2023-06-22,0.38461538461538464,3.5058626465661638,3.317108088761632,partial_bullish,0.5837989195757551,0.6288055539748478,bullish,bullish,False,True,True,False
234,256258,256259,256318,2023-06-23 13:35:00+00:00,2023-06-23 13:36:00+00:00,2023-06-23 14:35:00+00:00,short,15075.75,15075.5,15075.25,15100.25,15050.25,15025.25,15000.25,14975.25,74.69379230525851,near_trigger,-34.69379230525851,25.0,True,True,True,False,False,max_holding_time,15052.75,15053.0,22.25,0.0,22.25,0.89,90.5,8.5,3.62,0.34,60,59.0,3,2023-06-23,2.2857142857142856,1.585570469798658,3.2550000000000003,partial_bullish,3.38192581118088,1.4029813065880221,bearish,bearish,True,False,False,False
235,259013,259014,259015,2023-06-27 13:30:00+00:00,2023-06-27 13:31:00+00:00,2023-06-27 13:32:00+00:00,long,14928.75,14928.75,14929.0,14904.0,14954.0,14979.0,15004.0,15029.0,70.41696095498632,near_trigger,70.41696095498632,25.0,False,False,False,False,True,stop,14904.0,14903.75,-25.25,0.0,-25.25,-1.01,7.0,31.0,0.28,1.24,2,1.0,0,2023-06-27,1.7916666666666667,0.716374269005848,1.0831408775981526,strong_bullish,13.089331195170269,1.0784008952996766,bullish,bullish,True,True,True,True
236,259016,259017,259076,2023-06-27 13:33:00+00:00,2023-06-27 13:34:00+00:00,2023-06-27 14:33:00+00:00,long,14905.75,14906.0,14906.25,14881.25,14931.25,14956.25,14981.25,15006.25,84.34901425255657,high_probability,69.34901425255657,25.0,True,True,False,False,False,max_holding_time,14927.5,14927.25,21.0,0.0,21.0,0.84,73.25,18.0,2.93,0.72,60,59.0,2,2023-06-27,1.1072056239015817,0.716374269005848,1.0831408775981526,partial_bullish,3.6343808862892835,1.2190066614202901,bullish,bullish,True,True,True,False
237,260395,260396,260455,2023-06-28 13:32:00+00:00,2023-06-28 13:33:00+00:00,2023-06-28 14:32:00+00:00,long,15050.5,15050.5,15050.75,15029.75,15075.75,15100.75,15125.75,15150.75,72.82150759866813,near_trigger,51.821507598668134,21.0,True,True,True,True,False,tp4,15150.75,15150.5,99.75,0.0,99.75,4.75,105.0,13.0,5.0,0.6190476190476191,60,59.0,4,2023-06-28,2.101313320825516,1.7238805970149254,1.5588865096359745,partial_bearish,6.4084989718985605,1.2526915163404948,bullish,bullish,True,True,False,False
238,261773,261774,261774,2023-06-29 13:30:00+00:00,2023-06-29 13:31:00+00:00,2023-06-29 13:31:00+00:00,long,15121.0,15121.25,15121.5,15101.0,15146.5,15171.5,15196.5,15221.5,75.77892281706139,near_trigger,75.77892281706139,20.5,False,False,False,False,True,stop,15101.0,15100.75,-20.75,0.0,-20.75,-1.0121951219512195,8.5,27.75,0.4146341463414634,1.353658536585366,1,0.0,0,2023-06-29,1.3719376391982183,0.2864768683274021,2.5716639209225702,partial_bearish,5.1533795493934145,0.9075786710618685,bullish,bullish,True,False,True,False
239,261776,261777,261787,2023-06-29 13:33:00+00:00,2023-06-29 13:34:00+00:00,2023-06-29 13:44:00+00:00,long,15125.25,15125.5,15125.75,15101.0,15150.75,15175.75,15200.75,15225.75,81.3785093544808,high_probability,69.3785093544808,24.75,False,False,False,False,True,stop,15101.0,15100.75,-25.0,0.0,-25.0,-1.0101010101010102,19.0,42.0,0.7676767676767676,1.696969696969697,11,10.0,0,2023-06-29,0.8863309352517985,0.2864768683274021,2.5716639209225702,partial_bearish,2.4956729194929133,1.1865971241423026,bullish,bullish,True,True,True,False
240,261810,261811,261824,2023-06-29 14:07:00+00:00,2023-06-29 14:08:00+00:00,2023-06-29 14:21:00+00:00,short,15065.75,15065.25,15065.0,15090.0,15040.0,15015.0,14990.0,14965.0,90.86666666666666,a_plus_plus,-61.86666666666666,25.0,True,False,False,False,True,stop,15090.0,15090.25,-25.25,0.0,-25.25,-1.01,29.75,31.5,1.19,1.26,14,13.0,1,2023-06-29,2.8228105906313647,0.17796610169491525,2.350032530904359,strong_bearish,3.649666451474069,3.8164429799887487,bearish,bearish,True,True,True,False
241,264588,264589,264648,2023-07-03 14:25:00+00:00,2023-07-03 14:26:00+00:00,2023-07-03 15:25:00+00:00,short,15360.5,15360.5,15360.25,15385.25,15335.25,15310.25,15285.25,15260.25,76.13560482453582,near_trigger,-76.13560482453582,25.0,True,True,False,False,False,max_holding_time,15323.5,15323.75,36.5,0.0,36.5,1.46,51.25,8.75,2.05,0.35,60,59.0,2,2023-07-03,0.821917808219178,0.24493554327808473,0.5476429287863591,partial_bullish,1.0764998471670326,0.7298692490297298,bearish,bearish,True,False,True,False
242,270997,270998,271057,2023-07-10 14:00:00+00:00,2023-07-10 14:01:00+00:00,2023-07-10 15:00:00+00:00,long,15123.0,15122.5,15122.75,15097.75,15147.75,15172.75,15197.75,15222.75,75.95603052343533,near_trigger,43.95603052343533,25.0,True,True,True,False,False,max_holding_time,15143.0,15142.75,20.0,0.0,20.0,0.8,81.25,0.25,3.25,0.01,60,59.0,3,2023-07-10,1.9267480577136513,2.7719799857040743,1.736,partial_bearish,1.008594300621693,1.2959733992944324,neutral,bullish,True,False,True,False
243,272381,272382,272397,2023-07-11 14:04:00+00:00,2023-07-11 14:05:00+00:00,2023-07-11 14:20:00+00:00,short,15132.75,15133.0,15132.75,15157.75,15107.75,15082.75,15057.75,15032.75,75.33333333333334,near_trigger,-69.33333333333334,25.0,False,False,False,False,True,stop,15157.75,15158.0,-25.25,0.0,-25.25,-1.01,23.75,27.25,0.95,1.09,16,15.0,0,2023-07-11,2.2386634844868736,2.2246256239600664,3.2746536267318667,strong_bearish,1.495357028498239,2.1634559703509244,bearish,bearish,False,True,True,False
244,273733,273734,273793,2023-07-12 13:36:00+00:00,2023-07-12 13:37:00+00:00,2023-07-12 14:36:00+00:00,long,15421.0,15421.25,15421.5,15396.5,15446.5,15471.5,15496.5,15521.5,71.0,near_trigger,71.0,25.0,True,True,True,False,False,max_holding_time,15487.0,15486.75,65.25,0.0,65.25,2.61,86.25,13.5,3.45,0.54,60,59.0,3,2023-07-12,0.21538461538461537,0.7837150127226463,5.003843197540354,partial_bullish,2.165783274440518,1.4394930948856894,bullish,bullish,False,True,True,False
245,276487,276488,276493,2023-07-14 13:30:00+00:00,2023-07-14 13:31:00+00:00,2023-07-14 13:36:00+00:00,short,15747.5,15748.0,15747.75,15772.75,15722.75,15697.75,15672.75,15647.75,71.0,near_trigger,-64.0,25.0,False,False,False,False,True,stop,15772.75,15773.0,-25.25,0.0,-25.25,-1.01,4.75,28.5,0.19,1.14,6,5.0,0,2023-07-14,5.07808564231738,1.4679611650485438,0.01936376210235131,partial_bullish,23.757112209681935,1.9789902254821214,bearish,bearish,False,False,True,False
246,277881,277882,277887,2023-07-17 13:44:00+00:00,2023-07-17 13:45:00+00:00,2023-07-17 13:50:00+00:00,long,15739.25,15739.25,15739.5,15714.5,15764.5,15789.5,15814.5,15839.5,76.0,near_trigger,29.293383270911363,25.0,False,False,False,False,True,stop,15714.5,15714.25,-25.25,0.0,-25.25,-1.01,2.5,27.75,0.1,1.11,6,5.0,0,2023-07-17,1.8701622971285892,3.6654545454545455,2.8301435406698565,partial_bullish,1.9025295158112714,1.913840990626085,bullish,bullish,False,False,True,False
247,277896,277897,277956,2023-07-17 13:59:00+00:00,2023-07-17 14:00:00+00:00,2023-07-17 14:59:00+00:00,long,15739.75,15740.0,15740.25,15715.25,15765.25,15790.25,15815.25,15840.25,74.90508474576271,near_trigger,45.90508474576271,25.0,True,False,False,False,False,max_holding_time,15755.75,15755.5,15.25,0.0,15.25,0.61,32.0,12.0,1.28,0.48,60,59.0,1,2023-07-17,1.0847457627118644,0.33070866141732286,2.344693281402142,partial_bullish,1.4534043930866165,2.4266112266112265,bullish,bullish,True,False,False,False
248,279303,279304,279317,2023-07-18 14:26:00+00:00,2023-07-18 14:27:00+00:00,2023-07-18 14:40:00+00:00,short,15758.25,15758.25,15758.0,15783.0,15733.0,15708.0,15683.0,15658.0,72.11331953071084,near_trigger,-72.11331953071084,25.0,False,False,False,False,True,stop,15783.0,15783.25,-25.25,0.0,-25.25,-1.01,6.25,26.0,0.25,1.04,14,13.0,0,2023-07-18,1.7380952380952381,0.2161764705882353,1.821998320738875,strong_bearish,1.744333125865842,1.6771229465474973,bearish,bearish,True,True,False,False
249,280683,280684,280686,2023-07-19 14:26:00+00:00,2023-07-19 14:27:00+00:00,2023-07-19 14:29:00+00:00,long,16009.5,16009.75,16010.0,15985.0,16035.0,16060.0,16085.0,16110.0,72.2605741066198,near_trigger,51.2605741066198,25.0,False,False,False,False,True,stop,15985.0,15984.75,-25.25,0.0,-25.25,-1.01,0.0,27.0,0.0,1.08,3,2.0,0,2023-07-19,1.4270650263620386,0.1079414032382421,1.2657534246575344,partial_bullish,1.394136114510722,1.5337183890103028,bullish,neutral,False,True,True,True
250,282011,282012,282028,2023-07-20 13:34:00+00:00,2023-07-20 13:35:00+00:00,2023-07-20 13:51:00+00:00,short,15869.75,15869.75,15869.5,15894.5,15844.5,15819.5,15794.5,15769.5,71.37838951114908,near_trigger,-71.37838951114908,25.0,False,False,False,False,True,stop,15894.5,15894.75,-25.25,0.0,-25.25,-1.01,16.0,25.5,0.64,1.02,17,16.0,0,2023-07-20,3.406040268456376,0.20209973753280838,1.5064935064935066,partial_bullish,2.782721242517392,1.415142851266018,bearish,bearish,True,True,False,False
251,282037,282038,282067,2023-07-20 14:00:00+00:00,2023-07-20 14:01:00+00:00,2023-07-20 14:30:00+00:00,short,15843.5,15843.0,15842.75,15867.75,15817.75,15792.75,15767.75,15742.75,78.4,near_trigger,-49.400000000000006,25.0,True,True,True,True,False,tp4,15742.75,15743.0,99.75,0.0,99.75,3.99,102.25,4.25,4.09,0.17,30,29.0,4,2023-07-20,2.5096296296296297,0.4175438596491228,1.739457831325301,partial_bearish,2.166145600714605,1.8220068372215334,neutral,bearish,True,True,True,False
252,283428,283429,283439,2023-07-21 14:11:00+00:00,2023-07-21 14:12:00+00:00,2023-07-21 14:22:00+00:00,long,15633.5,15633.5,15633.75,15608.75,15658.75,15683.75,15708.75,15733.75,84.71432594156987,high_probability,38.71432594156987,25.0,False,False,False,False,True,stop,15608.75,15608.5,-25.25,0.0,-25.25,-1.01,14.25,25.25,0.57,1.01,11,10.0,0,2023-07-21,1.4192185850052799,2.193333333333333,2.8919708029197078,partial_bearish,1.032045341895998,1.5927496466284194,neutral,bullish,True,True,True,True
253,287530,287531,287539,2023-07-26 13:33:00+00:00,2023-07-26 13:34:00+00:00,2023-07-26 13:42:00+00:00,short,15579.75,15579.25,15579.0,15604.0,15554.0,15529.0,15504.0,15479.0,88.0,high_probability,-68.0,25.0,False,False,False,False,True,stop,15604.0,15604.25,-25.25,0.0,-25.25,-1.01,13.25,30.75,0.53,1.23,9,8.0,0,2023-07-26,3.0297029702970297,0.19753086419753085,0.1084070796460177,partial_bullish,4.389994895354773,1.606259014454256,bearish,bearish,True,True,True,False
254,288950,288951,288961,2023-07-27 14:13:00+00:00,2023-07-27 14:14:00+00:00,2023-07-27 14:24:00+00:00,long,15843.5,15843.25,15843.5,15818.5,15868.5,15893.5,15918.5,15943.5,71.21900709219858,near_trigger,71.21900709219858,25.0,False,False,False,False,True,stop,15818.5,15818.25,-25.25,0.0,-25.25,-1.01,10.25,25.75,0.41,1.03,11,10.0,0,2023-07-27,0.37730496453900714,2.3410596026490063,1.6387596899224808,partial_bearish,1.267129228100607,1.704320099545048,bullish,bullish,True,False,False,False
255,290288,290289,290311,2023-07-28 13:31:00+00:00,2023-07-28 13:32:00+00:00,2023-07-28 13:54:00+00:00,long,15717.0,15717.25,15717.5,15692.5,15742.5,15767.5,15792.5,15817.5,70.0,near_trigger,22.77114046021765,25.0,True,True,True,True,False,tp4,15817.5,15817.25,99.75,0.0,99.75,3.99,100.0,1.0,4.0,0.04,23,22.0,4,2023-07-28,1.9130434782608696,1.1199999999999999,1.0615521855486174,partial_bearish,5.356992860142797,0.7145558185459587,bullish,neutral,True,True,True,False
256,290314,290315,290374,2023-07-28 13:57:00+00:00,2023-07-28 13:58:00+00:00,2023-07-28 14:57:00+00:00,long,15795.0,15795.0,15795.25,15770.25,15820.25,15845.25,15870.25,15895.25,71.0,near_trigger,28.706324786324785,25.0,True,False,False,False,False,max_holding_time,15799.25,15799.0,3.75,0.0,3.75,0.15,42.5,13.75,1.7,0.55,60,59.0,1,2023-07-28,1.0948717948717948,3.3789392774788625,1.3175287356321839,partial_bullish,0.9164245810055865,1.5047884636553772,bullish,bullish,False,False,True,False
257,291667,291668,291692,2023-07-31 13:30:00+00:00,2023-07-31 13:31:00+00:00,2023-07-31 13:55:00+00:00,long,15866.75,15867.0,15867.25,15842.25,15892.25,15917.25,15942.25,15967.25,71.3407890470212,near_trigger,71.3407890470212,25.0,True,False,False,False,True,stop,15842.25,15842.0,-25.25,0.0,-25.25,-1.01,37.75,52.25,1.51,2.09,25,24.0,1,2023-07-31,0.25994694960212206,2.171532846715328,1.0892857142857142,strong_bearish,10.722571840169838,0.9056966281341061,bullish,bullish,True,True,False,False
258,293047,293048,293062,2023-08-01 13:30:00+00:00,2023-08-01 13:31:00+00:00,2023-08-01 13:45:00+00:00,short,15780.75,15781.5,15781.25,15806.25,15756.25,15731.25,15706.25,15681.25,70.38003696079545,near_trigger,-33.38003696079545,25.0,False,False,False,False,True,stop,15806.25,15806.5,-25.25,0.0,-25.25,-1.01,16.25,27.75,0.65,1.11,15,14.0,0,2023-08-01,1.7082228116710876,1.146551724137931,0.9124513618677043,partial_bullish,12.039329934450109,1.043784650745741,bearish,bearish,True,True,True,False
259,294431,294432,294473,2023-08-02 13:34:00+00:00,2023-08-02 13:35:00+00:00,2023-08-02 14:16:00+00:00,short,15625.25,15625.25,15625.0,15650.0,15600.0,15575.0,15550.0,15525.0,82.68557172879379,high_probability,-69.68557172879379,25.0,True,True,True,True,False,tp4,15525.0,15525.25,99.75,0.0,99.75,3.99,100.5,6.75,4.02,0.27,42,41.0,4,2023-08-02,3.607361963190184,0.06407322654462243,1.502283105022831,strong_bearish,3.712349579183447,1.3578308577073703,bearish,bearish,False,True,True,False
260,297187,297188,297190,2023-08-04 13:30:00+00:00,2023-08-04 13:31:00+00:00,2023-08-04 13:33:00+00:00,short,15518.5,15518.5,15518.25,15543.25,15493.25,15468.25,15443.25,15418.25,71.0,near_trigger,-26.64439178321632,25.0,False,False,False,False,True,stop,15543.25,15543.5,-25.25,0.0,-25.25,-1.01,0.25,33.0,0.01,1.32,3,2.0,0,2023-08-04,1.9160583941605838,0.46335697399527187,2.0823045267489713,partial_bullish,8.631184483719046,1.0665031411908992,bearish,bearish,False,False,True,False
261,297198,297199,297219,2023-08-04 13:41:00+00:00,2023-08-04 13:42:00+00:00,2023-08-04 14:02:00+00:00,short,15529.25,15529.5,15529.25,15554.25,15504.25,15479.25,15454.25,15429.25,81.06666666666666,high_probability,-63.06666666666666,25.0,True,True,True,True,False,tp4,15429.25,15429.5,99.75,0.0,99.75,3.99,107.25,12.5,4.29,0.5,21,20.0,4,2023-08-04,2.763358778625954,1.525179856115108,2.0823045267489713,partial_bullish,1.9763057386819765,1.9762817004196314,bearish,bearish,True,True,False,False
262,297223,297224,297225,2023-08-04 14:06:00+00:00,2023-08-04 14:07:00+00:00,2023-08-04 14:08:00+00:00,short,15396.0,15396.0,15395.75,15420.75,15370.75,15345.75,15320.75,15295.75,81.44469067405356,high_probability,-80.44469067405356,25.0,False,False,False,False,True,stop,15420.75,15421.0,-25.25,0.0,-25.25,-1.01,1.5,27.0,0.06,1.08,2,1.0,0,2023-08-04,2.585410895660203,4.0272108843537415,0.591715976331361,strong_bearish,1.2478279668137802,1.9385582479975667,bearish,bearish,False,True,True,False
263,297238,297239,297242,2023-08-04 14:21:00+00:00,2023-08-04 14:22:00+00:00,2023-08-04 14:25:00+00:00,short,15452.25,15453.0,15452.75,15477.75,15427.75,15402.75,15377.75,15352.75,72.84211277658815,near_trigger,-72.84211277658815,25.0,False,False,False,False,True,stop,15477.75,15478.0,-25.25,0.0,-25.25,-1.01,12.25,27.25,0.49,1.09,4,3.0,0,2023-08-04,0.7194860813704498,0.20570440795159897,1.824644549763033,partial_bearish,0.9105571992598384,1.5164549035118076,bearish,bearish,True,True,False,False
264,298567,298568,298568,2023-08-07 13:30:00+00:00,2023-08-07 13:31:00+00:00,2023-08-07 13:31:00+00:00,long,15462.25,15462.25,15462.5,15437.5,15487.5,15512.5,15537.5,15562.5,70.44303462567858,near_trigger,41.44303462567858,25.0,False,False,False,False,True,stop,15437.5,15437.25,-25.25,0.0,-25.25,-1.01,10.75,32.0,0.43,1.28,1,0.0,0,2023-08-07,4.379679144385027,0.06942148760330578,0.8846153846153846,partial_bullish,15.244565217391305,1.1028449615736673,bullish,bullish,True,True,True,False
265,298572,298573,298579,2023-08-07 13:35:00+00:00,2023-08-07 13:36:00+00:00,2023-08-07 13:42:00+00:00,long,15427.25,15427.25,15427.5,15402.5,15452.5,15477.5,15502.5,15527.5,74.57500058933941,near_trigger,39.57500058933941,25.0,False,False,False,False,True,stop,15402.5,15402.25,-25.25,0.0,-25.25,-1.01,21.0,26.25,0.84,1.05,7,6.0,0,2023-08-07,2.596026490066225,1.2475247524752475,0.8846153846153846,partial_bearish,2.7302441838108056,1.1906359001878186,bullish,bullish,True,True,True,False
266,298604,298605,298617,2023-08-07 14:07:00+00:00,2023-08-07 14:08:00+00:00,2023-08-07 14:20:00+00:00,short,15404.75,15405.0,15404.75,15429.75,15379.75,15354.75,15329.75,15304.75,73.0,near_trigger,-30.507978447147863,25.0,False,False,False,False,True,stop,15429.75,15430.0,-25.25,0.0,-25.25,-1.01,12.0,25.25,0.48,1.01,13,12.0,0,2023-08-07,1.9194776931447226,1.2669683257918551,1.4346952444742131,partial_bearish,1.1553764692780417,1.4828289653200972,bearish,bearish,True,True,True,True
267,299950,299951,299991,2023-08-08 13:33:00+00:00,2023-08-08 13:34:00+00:00,2023-08-08 14:14:00+00:00,short,15357.25,15357.0,15356.75,15381.75,15331.75,15306.75,15281.75,15256.75,70.70294921844459,near_trigger,-69.70294921844459,25.0,True,True,True,True,False,tp4,15256.75,15257.0,99.75,0.0,99.75,3.99,102.75,17.75,4.11,0.71,41,40.0,4,2023-08-08,1.348747591522158,0.5988200589970502,1.469387755102041,partial_bullish,3.396701575504438,0.9269580522147257,bearish,bearish,True,True,False,False
268,301347,301348,301358,2023-08-09 13:50:00+00:00,2023-08-09 13:51:00+00:00,2023-08-09 14:01:00+00:00,short,15272.75,15272.5,15272.25,15297.25,15247.25,15222.25,15197.25,15172.25,74.8635477582846,near_trigger,-48.8635477582846,25.0,False,False,False,False,True,stop,15297.25,15297.5,-25.25,0.0,-25.25,-1.01,9.0,29.25,0.36,1.17,11,10.0,0,2023-08-09,1.6046783625730994,4.364319248826291,3.446319018404908,strong_bearish,1.4579214637360935,1.661402540033131,neutral,bearish,False,True,True,False
269,301377,301378,301434,2023-08-09 14:20:00+00:00,2023-08-09 14:21:00+00:00,2023-08-09 15:17:00+00:00,short,15266.5,15267.0,15266.75,15291.75,15241.75,15216.75,15191.75,15166.75,82.86666666666666,high_probability,-69.86666666666666,25.0,True,True,True,True,False,tp4,15166.75,15167.0,99.75,0.0,99.75,3.99,108.25,23.75,4.33,0.95,57,56.0,4,2023-08-09,2.3056379821958455,0.28994082840236685,2.9362577107607954,partial_bearish,1.9949618641102793,1.8789955842615171,bearish,bearish,False,True,True,False
270,302709,302710,302731,2023-08-10 13:32:00+00:00,2023-08-10 13:33:00+00:00,2023-08-10 13:54:00+00:00,long,15294.75,15295.0,15295.25,15271.25,15320.25,15345.25,15370.25,15395.25,74.0,near_trigger,52.090016246422515,24.0,True,True,True,True,False,tp4,15395.25,15395.0,99.75,0.0,99.75,4.15625,100.75,10.5,4.197916666666667,0.4375,22,21.0,4,2023-08-10,0.7581227436823105,0.9808917197452229,0.44842562432138977,partial_bearish,4.325486130427087,1.2906097689788896,bullish,bullish,True,True,True,False
271,302735,302736,302765,2023-08-10 13:58:00+00:00,2023-08-10 13:59:00+00:00,2023-08-10 14:28:00+00:00,long,15413.75,15413.25,15413.5,15388.5,15438.5,15463.5,15488.5,15513.5,74.21690590111643,near_trigger,60.216905901116434,25.0,True,False,False,False,True,stop,15388.5,15388.25,-25.25,0.0,-25.25,-1.01,28.25,28.0,1.13,1.12,30,29.0,1,2023-08-10,2.110047846889952,2.746376811594203,1.7736943907156673,strong_bullish,1.2976010279753023,1.9857021446782983,bullish,bullish,False,True,True,False
272,306848,306849,306850,2023-08-15 13:31:00+00:00,2023-08-15 13:32:00+00:00,2023-08-15 13:33:00+00:00,short,15216.75,15216.75,15216.5,15241.5,15191.5,15166.5,15141.5,15116.5,74.65996741682623,near_trigger,-74.65996741682623,25.0,False,False,False,False,True,stop,15241.5,15241.75,-25.25,0.0,-25.25,-1.01,3.5,28.5,0.14,1.14,2,1.0,0,2023-08-15,0.6100217864923747,1.527027027027027,1.352168199737188,partial_bullish,4.860150154570882,0.8936377539281897,bearish,bearish,True,True,False,False
273,306861,306862,306921,2023-08-15 13:44:00+00:00,2023-08-15 13:45:00+00:00,2023-08-15 14:44:00+00:00,short,15208.0,15208.0,15207.75,15232.75,15182.75,15157.75,15132.75,15107.75,91.27615615615616,a_plus_plus,-57.27615615615616,25.0,True,True,True,False,False,max_holding_time,15137.25,15137.5,70.25,0.0,70.25,2.81,99.75,9.5,3.99,0.38,60,59.0,3,2023-08-15,2.497297297297297,1.7853107344632768,1.352168199737188,partial_bullish,1.7210180462926639,1.5809448730221296,bearish,bearish,True,True,True,True
274,309608,309609,309668,2023-08-17 13:31:00+00:00,2023-08-17 13:32:00+00:00,2023-08-17 14:31:00+00:00,short,14977.25,14977.25,14977.0,15002.0,14952.0,14927.0,14902.0,14877.0,71.70765774658435,near_trigger,-67.70765774658435,25.0,True,True,True,False,False,max_holding_time,14889.75,14890.0,87.0,0.0,87.0,3.48,95.0,12.0,3.8,0.48,60,59.0,3,2023-08-17,1.4770642201834863,0.34355828220858897,0.577319587628866,partial_bearish,7.797536029753603,0.9134291374228201,neutral,bearish,True,True,True,False
275,310988,310989,311005,2023-08-18 13:31:00+00:00,2023-08-18 13:32:00+00:00,2023-08-18 13:48:00+00:00,short,14653.75,14654.25,14654.0,14679.0,14629.0,14604.0,14579.0,14554.0,74.0,near_trigger,-54.47676495185771,25.0,True,False,False,False,True,stop,14679.0,14679.25,-25.25,0.0,-25.25,-1.01,26.0,29.5,1.04,1.18,17,16.0,1,2023-08-18,1.3873873873873874,0.6575028636884307,0.8387096774193549,partial_bearish,4.191797882750644,0.9730779026784423,bearish,bearish,True,True,True,False
276,311036,311037,311040,2023-08-18 14:19:00+00:00,2023-08-18 14:20:00+00:00,2023-08-18 14:23:00+00:00,short,14647.5,14647.5,14647.25,14672.25,14622.25,14597.25,14572.25,14547.25,74.0,near_trigger,-67.56444444444445,25.0,False,False,False,False,True,stop,14672.25,14672.5,-25.25,0.0,-25.25,-1.01,2.25,25.5,0.09,1.02,4,3.0,0,2023-08-18,0.16666666666666666,0.9820289855072464,0.03272939801285798,partial_bearish,1.1285916156382478,1.5862822337713927,bearish,bearish,True,True,True,True
277,312410,312411,312413,2023-08-21 14:13:00+00:00,2023-08-21 14:14:00+00:00,2023-08-21 14:16:00+00:00,long,14905.75,14905.5,14905.75,14880.75,14930.75,14955.75,14980.75,15005.75,82.22829077142428,high_probability,82.22829077142428,25.0,False,False,False,False,True,stop,14880.75,14880.5,-25.25,0.0,-25.25,-1.01,0.0,26.5,0.0,1.06,3,2.0,0,2023-08-21,1.447415329768271,2.3537653239929948,3.476009139375476,partial_bullish,0.713177386772843,0.7429887301175788,bullish,bullish,True,True,True,False
278,313764,313765,313767,2023-08-22 13:47:00+00:00,2023-08-22 13:48:00+00:00,2023-08-22 13:50:00+00:00,long,15054.0,15053.5,15053.75,15028.75,15078.75,15103.75,15128.75,15153.75,72.09142182342636,near_trigger,68.09142182342636,25.0,False,False,False,False,True,stop,15028.75,15028.5,-25.25,0.0,-25.25,-1.01,0.25,28.0,0.01,1.12,3,2.0,0,2023-08-22,1.705128205128205,2.994219653179191,2.9453894359892567,partial_bearish,0.8788025108643167,1.1325028312570782,bullish,bullish,True,True,False,False
279,316508,316509,316527,2023-08-24 13:31:00+00:00,2023-08-24 13:32:00+00:00,2023-08-24 13:50:00+00:00,short,15293.5,15293.25,15293.0,15318.0,15268.0,15243.0,15218.0,15193.0,80.0,high_probability,-39.0,25.0,True,True,True,True,False,tp4,15193.0,15193.25,99.75,0.0,99.75,3.99,107.0,4.25,4.28,0.17,19,18.0,4,2023-08-24,4.805642633228841,0.6932367149758454,0.22764227642276424,strong_bearish,8.226720111306191,1.797728407931027,neutral,bearish,True,True,True,True
280,316535,316536,316540,2023-08-24 13:58:00+00:00,2023-08-24 13:59:00+00:00,2023-08-24 14:03:00+00:00,long,15227.25,15227.25,15227.5,15202.5,15252.5,15277.5,15302.5,15327.5,73.19220466516177,near_trigger,31.192204665161768,25.0,False,False,False,False,True,stop,15202.5,15202.25,-25.25,0.0,-25.25,-1.01,7.25,28.25,0.29,1.13,5,4.0,0,2023-08-24,1.674943566591422,4.614195361911455,4.591349257585539,partial_bearish,1.0975498452577517,1.978018691588785,neutral,bullish,False,True,True,False
281,316543,316544,316562,2023-08-24 14:06:00+00:00,2023-08-24 14:07:00+00:00,2023-08-24 14:25:00+00:00,short,15193.5,15193.75,15193.5,15218.5,15168.5,15143.5,15118.5,15093.5,70.26596818005433,near_trigger,-41.26596818005433,25.0,True,True,True,True,False,tp4,15093.5,15093.75,99.75,0.0,99.75,3.99,101.25,7.25,4.05,0.29,19,18.0,4,2023-08-24,1.5320139697322468,0.5296803652968036,3.917625681405209,strong_bearish,1.3418914673010458,1.703204047217538,bearish,bearish,True,True,True,False
282,316565,316566,316625,2023-08-24 14:28:00+00:00,2023-08-24 14:29:00+00:00,2023-08-24 15:28:00+00:00,short,15087.0,15086.75,15086.5,15111.5,15061.5,15036.5,15011.5,14986.5,73.5874643874644,near_trigger,-67.5874643874644,25.0,True,True,True,False,False,max_holding_time,15011.5,15011.75,74.75,0.0,74.75,2.99,98.0,5.0,3.92,0.2,60,59.0,3,2023-08-24,2.3076923076923075,3.5,5.413427561837456,strong_bearish,1.0816396830864623,1.9870515504064645,bearish,bearish,False,True,True,False
283,317887,317888,317924,2023-08-25 13:30:00+00:00,2023-08-25 13:31:00+00:00,2023-08-25 14:07:00+00:00,long,14921.0,14921.25,14921.5,14896.5,14946.5,14971.5,14996.5,15021.5,92.67098441276985,a_plus_plus,79.67098441276985,25.0,True,True,False,False,True,stop,14896.5,14896.25,-25.25,0.0,-25.25,-1.01,74.0,26.25,2.96,1.05,37,36.0,2,2023-08-25,4.231237322515213,0.48695652173913045,0.29224652087475145,strong_bullish,13.884032634032634,1.1915478869717429,bullish,bullish,True,True,True,True
284,317927,317928,317932,2023-08-25 14:10:00+00:00,2023-08-25 14:11:00+00:00,2023-08-25 14:15:00+00:00,long,14908.0,14908.0,14908.25,14883.25,14933.25,14958.25,14983.25,15008.25,70.93338086251485,near_trigger,70.93338086251485,25.0,True,True,True,True,False,tp4,15008.25,15008.0,99.75,0.0,99.75,3.99,119.0,1.5,4.76,0.06,5,4.0,4,2023-08-25,1.199203187250996,1.5070821529745042,1.5879899916597164,partial_bearish,1.5176193272233711,2.1741356609938074,bullish,bullish,True,True,False,False
285,317933,317934,317935,2023-08-25 14:16:00+00:00,2023-08-25 14:17:00+00:00,2023-08-25 14:18:00+00:00,long,15033.0,15032.75,15033.0,15008.0,15058.0,15083.0,15108.0,15133.0,78.13864239666287,near_trigger,52.138642396662874,25.0,False,False,False,False,True,stop,15008.0,15007.75,-25.25,0.0,-25.25,-1.01,16.0,54.25,0.64,2.17,2,1.0,0,2023-08-25,3.0420932878270763,1.3636363636363635,3.4226044226044223,strong_bullish,1.3175332588605666,2.933329565045361,bullish,bullish,True,True,False,False
286,319267,319268,319279,2023-08-28 13:30:00+00:00,2023-08-28 13:31:00+00:00,2023-08-28 13:42:00+00:00,long,15065.25,15065.5,15065.75,15040.75,15090.75,15115.75,15140.75,15165.75,71.0,near_trigger,22.38041850955861,25.0,True,True,False,False,True,stop,15040.75,15040.5,-25.25,0.0,-25.25,-1.01,61.0,30.5,2.44,1.22,12,11.0,2,2023-08-28,1.794871794871795,1.1113956466069141,3.0405405405405403,partial_bullish,11.46375131135774,1.2683576472888107,bullish,bullish,False,True,True,False
287,320673,320674,320677,2023-08-29 13:56:00+00:00,2023-08-29 13:57:00+00:00,2023-08-29 14:00:00+00:00,short,15146.25,15146.25,15146.0,15171.0,15121.0,15096.0,15071.0,15046.0,77.68250683672868,near_trigger,-77.68250683672868,25.0,False,False,False,False,True,stop,15171.0,15171.25,-25.25,0.0,-25.25,-1.01,1.75,58.5,0.07,2.34,4,3.0,0,2023-08-29,1.094972067039106,3.847682119205298,3.252187748607796,partial_bullish,0.8085956481831434,0.9579367516119128,bearish,bearish,True,True,True,False
288,324821,324822,324822,2023-09-01 14:04:00+00:00,2023-09-01 14:05:00+00:00,2023-09-01 14:05:00+00:00,long,15563.5,15563.25,15563.5,15538.5,15588.5,15613.5,15638.5,15663.5,78.7449088960343,near_trigger,65.7449088960343,25.0,False,False,False,False,True,stop,15538.5,15538.25,-25.25,0.0,-25.25,-1.01,4.25,32.75,0.17,1.31,1,0.0,0,2023-09-01,0.19131832797427653,1.7777777777777777,1.9241706161137442,partial_bearish,1.22936910461203,1.6766652875465453,bullish,bullish,False,True,True,False
289,324826,324827,324850,2023-09-01 14:09:00+00:00,2023-09-01 14:10:00+00:00,2023-09-01 14:33:00+00:00,long,15566.5,15566.25,15566.5,15541.5,15591.5,15616.5,15641.5,15666.5,72.23608195902048,near_trigger,72.23608195902048,25.0,True,False,False,False,True,stop,15541.5,15541.25,-25.25,0.0,-25.25,-1.01,27.0,31.25,1.08,1.25,24,23.0,1,2023-09-01,0.13043478260869565,0.23987538940809966,1.9241706161137442,partial_bullish,1.1389735176939302,1.6325636419401481,bullish,bullish,False,True,True,False
290,330074,330075,330078,2023-09-07 13:37:00+00:00,2023-09-07 13:38:00+00:00,2023-09-07 13:41:00+00:00,short,15198.5,15198.75,15198.5,15223.5,15173.5,15148.5,15123.5,15098.5,71.0,near_trigger,-65.92076590193403,25.0,False,False,False,False,True,stop,15223.5,15223.75,-25.25,0.0,-25.25,-1.01,20.5,28.75,0.82,1.15,4,3.0,0,2023-09-07,1.8199999999999998,0.8354430379746836,3.000805801772764,partial_bearish,1.852911297652783,1.3831708558257416,bearish,bearish,False,True,True,False
291,330108,330109,330137,2023-09-07 14:11:00+00:00,2023-09-07 14:12:00+00:00,2023-09-07 14:40:00+00:00,short,15216.25,15216.5,15216.25,15241.25,15191.25,15166.25,15141.25,15116.25,77.64133685136323,near_trigger,-66.64133685136323,25.0,True,False,False,False,True,stop,15241.25,15241.5,-25.25,0.0,-25.25,-1.01,29.5,39.0,1.18,1.56,29,28.0,1,2023-09-07,3.4353562005277043,1.2802631578947368,0.582995951417004,partial_bearish,1.3141429600288081,1.527754156909431,bearish,bearish,False,True,True,False
292,331452,331453,331459,2023-09-08 13:35:00+00:00,2023-09-08 13:36:00+00:00,2023-09-08 13:42:00+00:00,short,15334.5,15334.0,15333.75,15358.75,15308.75,15283.75,15258.75,15233.75,74.275115779052,near_trigger,-47.275115779052,25.0,False,False,False,False,True,stop,15358.75,15359.0,-25.25,0.0,-25.25,-1.01,0.0,25.25,0.0,1.01,7,6.0,0,2023-09-08,3.608024691358025,4.20158550396376,0.6693794506612412,strong_bullish,2.8256797923953516,0.9816864749600175,neutral,bearish,True,False,True,False
293,332414,332415,332416,2023-09-11 13:37:00+00:00,2023-09-11 13:38:00+00:00,2023-09-11 13:39:00+00:00,long,15607.75,15607.5,15607.75,15582.75,15632.75,15657.75,15682.75,15707.75,74.0,near_trigger,46.03288197818188,25.0,False,False,False,False,True,stop,15582.75,15582.5,-25.25,0.0,-25.25,-1.01,3.5,25.0,0.14,1.0,2,1.0,0,2023-09-11,2.0082758620689654,0.38961038961038963,0.15347137637028013,partial_bullish,3.179705654531371,0.9800352144200065,bullish,bullish,True,True,True,False
294,333787,333788,333789,2023-09-12 13:30:00+00:00,2023-09-12 13:31:00+00:00,2023-09-12 13:32:00+00:00,short,15588.5,15588.75,15588.5,15613.5,15563.5,15538.5,15513.5,15488.5,83.23940014615485,high_probability,-54.23940014615485,25.0,False,False,False,False,True,stop,15613.5,15613.75,-25.25,0.0,-25.25,-1.01,4.75,27.75,0.19,1.11,2,1.0,0,2023-09-12,2.6538461538461537,1.025,1.3585798816568049,strong_bearish,6.712421623453651,0.5225145600970893,bearish,bearish,False,True,True,False
295,333793,333794,333799,2023-09-12 13:36:00+00:00,2023-09-12 13:37:00+00:00,2023-09-12 13:42:00+00:00,short,15617.0,15617.0,15616.75,15641.75,15591.75,15566.75,15541.75,15516.75,79.0,near_trigger,-51.94040124231765,25.0,False,False,False,False,True,stop,15641.75,15642.0,-25.25,0.0,-25.25,-1.01,13.5,28.0,0.54,1.12,6,5.0,0,2023-09-12,1.5777460770328104,0.34393063583815026,1.3585798816568049,partial_bullish,1.9499072840763665,0.6418224801203525,bearish,bearish,True,True,True,False
296,335190,335191,335194,2023-09-13 13:53:00+00:00,2023-09-13 13:54:00+00:00,2023-09-13 13:57:00+00:00,short,15524.75,15525.25,15525.0,15550.0,15500.0,15475.0,15450.0,15425.0,70.31630073186959,near_trigger,-61.31630073186959,25.0,False,False,False,False,True,stop,15550.0,15550.25,-25.25,0.0,-25.25,-1.01,18.5,25.0,0.74,1.0,4,3.0,0,2023-09-13,1.620758483033932,1.6585987261146498,1.8798328108672935,partial_bullish,1.1724679944571983,1.5329700788253269,bearish,bearish,True,True,True,False
297,335195,335196,335255,2023-09-13 13:58:00+00:00,2023-09-13 13:59:00+00:00,2023-09-13 14:58:00+00:00,short,15548.0,15548.0,15547.75,15572.75,15522.75,15497.75,15472.75,15447.75,75.9711940119556,near_trigger,-62.9711940119556,25.0,True,True,True,False,False,max_holding_time,15554.75,15555.0,-7.25,0.0,-7.25,-0.29,93.75,24.25,3.75,0.97,60,59.0,3,2023-09-13,1.331288343558282,0.509090909090909,1.8798328108672935,strong_bullish,0.8336866825402002,1.147457576392422,bearish,bearish,True,True,True,False
298,337927,337928,337943,2023-09-15 13:30:00+00:00,2023-09-15 13:31:00+00:00,2023-09-15 13:46:00+00:00,short,15619.0,15619.0,15618.75,15643.75,15593.75,15568.75,15543.75,15518.75,79.0,near_trigger,-75.08258176800891,25.0,True,True,True,True,False,tp4,15518.75,15519.0,99.75,0.0,99.75,3.99,102.25,9.0,4.09,0.36,16,15.0,4,2023-09-15,1.1375,1.1142490372272142,3.1777301927194865,partial_bearish,5.4864116937486695,1.00591292582498,bearish,bearish,True,True,True,False
299,337986,337987,338046,2023-09-15 14:29:00+00:00,2023-09-15 14:30:00+00:00,2023-09-15 15:29:00+00:00,short,15496.0,15496.25,15496.0,15516.75,15471.0,15446.0,15421.0,15396.0,73.0,near_trigger,-35.61226280926155,20.75,True,True,True,False,False,max_holding_time,15430.5,15430.75,65.25,0.0,65.25,3.144578313253012,82.0,10.75,3.9518072289156625,0.5180722891566265,60,59.0,3,2023-09-15,0.37444279346210996,0.392,4.658166363084396,strong_bearish,0.6728685191047902,0.9351519664252352,bearish,bearish,True,False,True,False
300,339316,339317,339349,2023-09-18 13:39:00+00:00,2023-09-18 13:40:00+00:00,2023-09-18 14:12:00+00:00,short,15409.75,15409.75,15409.5,15434.5,15384.5,15359.5,15334.5,15309.5,73.55121538155116,near_trigger,-73.55121538155116,25.0,True,False,False,False,True,stop,15434.5,15434.75,-25.25,0.0,-25.25,-1.01,39.25,29.25,1.57,1.17,33,32.0,1,2023-09-18,0.19626168224299065,3.859375,0.4950135992747053,strong_bullish,1.7470561892468586,1.4922317099238358,bearish,bearish,True,True,False,False
301,339360,339361,339420,2023-09-18 14:23:00+00:00,2023-09-18 14:24:00+00:00,2023-09-18 15:23:00+00:00,short,15413.5,15413.5,15413.25,15438.25,15388.25,15363.25,15338.25,15313.25,85.50305982459992,high_probability,-78.50305982459992,25.0,True,False,False,False,False,max_holding_time,15416.5,15416.75,-3.5,0.0,-3.5,-0.14,49.0,14.5,1.96,0.58,60,59.0,1,2023-09-18,1.5295902883156298,0.6115591397849462,1.7328727691421992,partial_bullish,0.8391981944685567,0.9416489345760782,bearish,bearish,True,False,True,False
302,342069,342070,342114,2023-09-20 13:32:00+00:00,2023-09-20 13:33:00+00:00,2023-09-20 14:17:00+00:00,long,15386.5,15387.0,15387.25,15362.25,15412.25,15437.25,15462.25,15487.25,71.23814672589916,near_trigger,64.23814672589916,25.0,True,False,False,False,True,stop,15362.25,15362.0,-25.25,0.0,-25.25,-1.01,48.0,25.25,1.92,1.01,45,44.0,1,2023-09-20,4.800959232613909,1.8032786885245902,1.409271523178808,partial_bearish,4.7276948590381425,1.0732625555304571,bullish,bullish,True,False,False,False
303,343484,343485,343495,2023-09-21 14:07:00+00:00,2023-09-21 14:08:00+00:00,2023-09-21 14:18:00+00:00,short,14971.75,14971.25,14971.0,14996.0,14946.0,14921.0,14896.0,14871.0,70.0,near_trigger,-20.684740606288955,25.0,False,False,False,False,True,stop,14996.0,14996.25,-25.25,0.0,-25.25,-1.01,24.75,26.5,0.99,1.06,11,10.0,0,2023-09-21,2.8434886499402627,2.6105428796223444,0.9722222222222222,partial_bearish,0.9758919205090246,1.3243041881751902,bearish,bearish,False,False,True,False
304,346212,346213,346215,2023-09-25 13:35:00+00:00,2023-09-25 13:36:00+00:00,2023-09-25 13:38:00+00:00,short,14810.75,14810.75,14810.5,14835.5,14785.5,14760.5,14735.5,14710.5,74.0,near_trigger,-50.79138786227655,25.0,False,False,False,False,True,stop,14835.5,14835.75,-25.25,0.0,-25.25,-1.01,7.75,27.75,0.31,1.11,3,2.0,0,2023-09-25,1.3167358229598893,0.2627986348122867,0.1361111111111111,partial_bearish,3.110708339480284,1.1404552549025668,bearish,bearish,True,True,True,True
305,346217,346218,346233,2023-09-25 13:40:00+00:00,2023-09-25 13:41:00+00:00,2023-09-25 13:56:00+00:00,short,14858.25,14858.0,14857.75,14882.75,14832.75,14807.75,14782.75,14757.75,79.0,near_trigger,-53.92604166666666,25.0,False,False,False,False,True,stop,14882.75,14883.0,-25.25,0.0,-25.25,-1.01,15.5,34.5,0.62,1.38,16,15.0,0,2023-09-25,2.59765625,1.860759493670886,0.1361111111111111,partial_bullish,2.3065650210939235,1.538051525022209,bearish,bearish,True,True,True,False
306,347597,347598,347635,2023-09-26 13:40:00+00:00,2023-09-26 13:41:00+00:00,2023-09-26 14:18:00+00:00,short,14829.25,14829.5,14829.25,14854.25,14804.25,14779.25,14754.25,14729.25,72.08859825950009,near_trigger,-61.08859825950009,25.0,True,True,True,True,False,tp4,14729.25,14729.5,99.75,0.0,99.75,3.99,104.5,11.25,4.18,0.45,38,37.0,4,2023-09-26,0.9839704069050554,0.2790152403282532,2.716595744680851,partial_bullish,1.8051715274207667,1.2492908312899658,bearish,bearish,True,True,False,False
307,348969,348970,348999,2023-09-27 13:32:00+00:00,2023-09-27 13:33:00+00:00,2023-09-27 14:02:00+00:00,long,14766.75,14766.75,14767.0,14742.0,14792.0,14817.0,14842.0,14867.0,74.0,near_trigger,52.388837099374115,25.0,True,False,False,False,True,stop,14742.0,14741.75,-25.25,0.0,-25.25,-1.01,39.25,29.0,1.57,1.16,30,29.0,1,2023-09-27,1.0523917995444192,0.49633251833740827,0.09098294069861901,partial_bearish,4.167133858787059,0.9483923263982708,bullish,bullish,True,True,True,True
308,349017,349018,349049,2023-09-27 14:20:00+00:00,2023-09-27 14:21:00+00:00,2023-09-27 14:52:00+00:00,long,14727.5,14727.25,14727.5,14703.25,14752.5,14777.5,14802.5,14827.5,86.23387724199969,high_probability,86.23387724199969,24.25,True,False,False,False,True,stop,14703.25,14703.0,-24.5,0.0,-24.5,-1.0103092783505154,44.5,29.25,1.8350515463917525,1.2061855670103092,32,31.0,1,2023-09-27,1.1746575342465753,2.486842105263158,2.1296969696969694,partial_bearish,1.1361719493946403,1.2306604190610908,bullish,bullish,True,False,True,False
309,350351,350352,350370,2023-09-28 13:34:00+00:00,2023-09-28 13:35:00+00:00,2023-09-28 13:53:00+00:00,short,14708.0,14708.25,14708.0,14733.0,14683.0,14658.0,14633.0,14608.0,70.0,near_trigger,-49.87114252061249,25.0,True,True,False,False,True,stop,14733.0,14733.25,-25.25,0.0,-25.25,-1.01,51.75,26.75,2.07,1.07,19,18.0,2,2023-09-28,0.8409893992932862,0.5458276333789329,1.246451612903226,partial_bearish,3.783249962429421,1.5586965751485988,bearish,neutral,True,True,True,False
310,350394,350395,350397,2023-09-28 14:17:00+00:00,2023-09-28 14:18:00+00:00,2023-09-28 14:20:00+00:00,short,14724.5,14724.25,14724.0,14749.0,14699.0,14674.0,14649.0,14624.0,72.93709172259508,near_trigger,-54.937091722595085,25.0,False,False,False,False,True,stop,14749.0,14749.25,-25.25,0.0,-25.25,-1.01,11.0,35.5,0.44,1.42,3,2.0,0,2023-09-28,2.5369127516778525,2.33998859098688,1.651105651105651,partial_bullish,1.5038698675062312,1.8159353714557263,bearish,bearish,False,True,False,False
311,353107,353108,353108,2023-10-02 13:30:00+00:00,2023-10-02 13:31:00+00:00,2023-10-02 13:31:00+00:00,short,14854.0,14854.25,14854.0,14879.0,14829.0,14804.0,14779.0,14754.0,83.75826874289245,high_probability,-54.758268742892454,25.0,False,False,False,False,True,stop,14879.0,14879.25,-25.25,0.0,-25.25,-1.01,1.75,30.25,0.07,1.21,1,0.0,0,2023-10-02,1.4181034482758619,2.497863247863248,0.3050847457627119,partial_bullish,8.476050671451096,0.9819049838448604,bearish,bearish,False,False,True,False
312,353123,353124,353137,2023-10-02 13:46:00+00:00,2023-10-02 13:47:00+00:00,2023-10-02 14:00:00+00:00,short,14931.25,14931.25,14931.0,14956.0,14906.0,14881.0,14856.0,14831.0,72.51677567910914,near_trigger,-57.516775679109145,25.0,True,False,False,False,True,stop,14956.0,14956.25,-25.25,0.0,-25.25,-1.01,26.75,33.0,1.07,1.32,14,13.0,1,2023-10-02,0.6674418604651162,4.329787234042553,3.3236775818639797,partial_bullish,1.0778244527968164,0.9934888270718063,bearish,bearish,True,True,True,False
313,354517,354518,354532,2023-10-03 14:00:00+00:00,2023-10-03 14:01:00+00:00,2023-10-03 14:15:00+00:00,short,14897.0,14897.5,14897.25,14922.25,14872.25,14847.25,14822.25,14797.25,70.0,near_trigger,-52.0,25.0,True,True,True,True,False,tp4,14797.25,14797.5,99.75,0.0,99.75,3.99,115.5,20.25,4.62,0.81,15,14.0,4,2023-10-03,3.7162162162162162,1.813849590469099,2.479389312977099,partial_bullish,3.148109268201647,2.1230403763106764,bearish,bearish,False,True,False,False
314,355872,355873,355897,2023-10-04 13:35:00+00:00,2023-10-04 13:36:00+00:00,2023-10-04 14:00:00+00:00,long,14806.5,14806.5,14806.75,14781.75,14831.75,14856.75,14881.75,14906.75,74.0918087184263,near_trigger,65.0918087184263,25.0,True,False,False,False,True,stop,14781.75,14781.5,-25.25,0.0,-25.25,-1.01,27.75,28.75,1.11,1.15,25,24.0,1,2023-10-04,2.715151515151515,1.273972602739726,0.2768361581920904,strong_bullish,2.655189776296545,0.8883434007973753,bullish,neutral,False,True,True,False
315,355910,355911,355913,2023-10-04 14:13:00+00:00,2023-10-04 14:14:00+00:00,2023-10-04 14:16:00+00:00,long,14786.0,14786.5,14786.75,14761.75,14811.75,14836.75,14861.75,14886.75,88.37902753368482,high_probability,67.37902753368482,25.0,False,False,False,False,True,stop,14761.75,14761.5,-25.25,0.0,-25.25,-1.01,4.25,28.5,0.17,1.14,3,2.0,0,2023-10-04,2.12829525483304,1.655006031363088,0.23702894593118515,partial_bullish,1.2377548182408142,1.6470201217171994,bullish,bullish,True,False,True,False
316,357256,357257,357282,2023-10-05 13:39:00+00:00,2023-10-05 13:40:00+00:00,2023-10-05 14:05:00+00:00,short,14882.0,14882.5,14882.25,14907.25,14857.25,14832.25,14807.25,14782.25,91.02212493749887,a_plus_plus,-78.02212493749887,25.0,True,True,True,True,False,tp4,14782.25,14782.5,99.75,0.0,99.75,3.99,108.5,1.25,4.34,0.05,26,25.0,4,2023-10-05,2.0510543840177577,0.7789634146341464,0.6431980906921242,partial_bearish,2.089083323480229,1.3111139380061907,bearish,bearish,True,True,True,True
317,357284,357285,357304,2023-10-05 14:07:00+00:00,2023-10-05 14:08:00+00:00,2023-10-05 14:27:00+00:00,short,14773.0,14773.5,14773.25,14798.25,14748.25,14723.25,14698.25,14673.25,71.07308000258834,near_trigger,-71.07308000258834,25.0,False,False,False,False,True,stop,14798.25,14798.5,-25.25,0.0,-25.25,-1.01,9.75,36.5,0.39,1.46,20,19.0,0,2023-10-05,1.280701754385965,3.2129688493324857,0.9131961866532865,strong_bearish,1.0440659410068005,1.3222237035061992,bearish,bearish,False,True,True,True
318,358631,358632,358643,2023-10-06 13:34:00+00:00,2023-10-06 13:35:00+00:00,2023-10-06 13:46:00+00:00,short,14766.25,14766.0,14765.75,14790.75,14740.75,14715.75,14690.75,14665.75,74.1684971521199,near_trigger,-67.1684971521199,25.0,True,True,False,False,True,stop,14790.75,14791.0,-25.25,0.0,-25.25,-1.01,63.75,33.0,2.55,1.32,12,11.0,2,2023-10-06,1.6617210682492582,1.2554186145346364,3.6022005924672027,partial_bullish,2.1818084062529404,1.4509309663636445,bearish,bearish,True,True,False,False
319,361401,361402,361416,2023-10-10 13:44:00+00:00,2023-10-10 13:45:00+00:00,2023-10-10 13:59:00+00:00,short,15207.25,15207.25,15207.0,15232.0,15182.0,15157.0,15132.0,15107.0,77.46326932601367,near_trigger,-73.46326932601367,25.0,False,False,False,False,True,stop,15232.0,15232.25,-25.25,0.0,-25.25,-1.01,13.5,34.75,0.54,1.39,15,14.0,0,2023-10-10,0.6492753623188405,0.41569459172852596,0.3822525597269625,partial_bullish,1.2716504081226359,1.2597376984518291,bearish,bearish,True,True,True,False
320,362821,362822,362827,2023-10-11 14:24:00+00:00,2023-10-11 14:25:00+00:00,2023-10-11 14:30:00+00:00,long,15328.75,15328.5,15328.75,15305.75,15353.75,15378.75,15403.75,15428.75,75.88385273466444,near_trigger,60.883852734664444,23.0,False,False,False,False,True,stop,15305.75,15305.5,-23.25,0.0,-23.25,-1.0108695652173914,3.25,28.5,0.14130434782608695,1.2391304347826086,6,5.0,0,2023-10-11,1.55810147299509,0.9962149886449659,1.19859649122807,partial_bearish,0.9634646570638176,0.7659929467976185,bullish,bullish,True,True,True,True
321,364153,364154,364185,2023-10-12 13:36:00+00:00,2023-10-12 13:37:00+00:00,2023-10-12 14:08:00+00:00,short,15403.0,15403.25,15403.0,15428.0,15378.0,15353.0,15328.0,15303.0,70.4232967032967,near_trigger,-43.4232967032967,25.0,True,False,False,False,True,stop,15428.0,15428.25,-25.25,0.0,-25.25,-1.01,37.5,26.0,1.5,1.04,32,31.0,1,2023-10-12,1.3333333333333333,0.20481927710843373,2.1615798922800717,partial_bullish,3.0406019864125104,1.550069085884663,bearish,bearish,True,True,False,False
322,364193,364194,364204,2023-10-12 14:16:00+00:00,2023-10-12 14:17:00+00:00,2023-10-12 14:27:00+00:00,short,15423.5,15423.0,15422.75,15447.75,15397.75,15372.75,15347.75,15322.75,81.06666666666666,high_probability,-81.06666666666666,25.0,False,False,False,False,True,stop,15447.75,15448.0,-25.25,0.0,-25.25,-1.01,5.5,38.25,0.22,1.53,11,10.0,0,2023-10-12,1.9130434782608696,3.4236760124610592,1.9852034525277436,partial_bullish,1.7343378902032978,1.8564877324867108,bearish,bearish,True,True,False,False
323,364205,364206,364254,2023-10-12 14:28:00+00:00,2023-10-12 14:29:00+00:00,2023-10-12 15:17:00+00:00,short,15428.5,15428.75,15428.5,15453.5,15403.5,15378.5,15353.5,15328.5,71.93333333333334,near_trigger,-71.93333333333334,25.0,True,False,False,False,True,stop,15453.5,15453.75,-25.25,0.0,-25.25,-1.01,31.75,30.0,1.27,1.2,49,48.0,1,2023-10-12,0.8556566970091027,1.7389473684210526,1.9852034525277436,partial_bullish,1.5441867101023672,1.777254751707057,bearish,bearish,True,True,False,False
324,365534,365535,365564,2023-10-13 13:37:00+00:00,2023-10-13 13:38:00+00:00,2023-10-13 14:07:00+00:00,long,15317.0,15317.25,15317.5,15292.5,15342.5,15367.5,15392.5,15417.5,73.76288947172303,near_trigger,34.76288947172303,25.0,True,False,False,False,True,stop,15292.5,15292.25,-25.25,0.0,-25.25,-1.01,45.0,31.75,1.8,1.27,30,29.0,1,2023-10-13,1.9001280409731114,0.5011547344110855,3.8013964313421256,partial_bearish,1.8709541971377583,1.0142645775636405,neutral,bullish,True,True,True,False
325,366936,366937,366996,2023-10-16 13:59:00+00:00,2023-10-16 14:00:00+00:00,2023-10-16 14:59:00+00:00,long,15227.0,15227.0,15227.25,15202.25,15252.25,15277.25,15302.25,15327.25,81.76090584028606,high_probability,80.76090584028606,25.0,True,True,True,False,False,max_holding_time,15308.25,15308.0,80.75,0.0,80.75,3.23,98.0,18.25,3.92,0.73,60,59.0,3,2023-10-16,1.8855780691299164,1.053763440860215,2.53840830449827,strong_bullish,1.2297508036026863,1.8716396221845484,bullish,bullish,False,True,True,False
326,368315,368316,368324,2023-10-17 13:58:00+00:00,2023-10-17 13:59:00+00:00,2023-10-17 14:07:00+00:00,short,15084.25,15084.25,15084.0,15109.0,15059.0,15034.0,15009.0,14984.0,70.0,near_trigger,-33.92736362865834,25.0,False,False,False,False,True,stop,15109.0,15109.25,-25.25,0.0,-25.25,-1.01,12.5,51.75,0.5,2.07,9,8.0,0,2023-10-17,1.8383838383838382,3.480225988700565,4.816559600285511,partial_bearish,0.6738533908271266,1.0777767328129408,bearish,bearish,False,True,True,False
327,369670,369671,369672,2023-10-18 13:33:00+00:00,2023-10-18 13:34:00+00:00,2023-10-18 13:35:00+00:00,short,15171.5,15171.5,15171.25,15196.25,15146.25,15121.25,15096.25,15071.25,71.0,near_trigger,-46.13333333333333,25.0,False,False,False,False,True,stop,15196.25,15196.5,-25.25,0.0,-25.25,-1.01,2.75,27.75,0.11,1.11,2,1.0,0,2023-10-18,3.862876254180602,0.8615384615384616,1.7353215284249768,partial_bearish,6.565174308620844,1.7690608539456756,bearish,bearish,False,True,True,False
328,369673,369674,369716,2023-10-18 13:36:00+00:00,2023-10-18 13:37:00+00:00,2023-10-18 14:19:00+00:00,short,15171.25,15171.5,15171.25,15196.25,15146.25,15121.25,15096.25,15071.25,70.72326258843113,near_trigger,-54.723262588431126,25.0,True,False,False,False,True,stop,15196.25,15196.5,-25.25,0.0,-25.25,-1.01,49.75,35.0,1.99,1.4,43,42.0,1,2023-10-18,2.9013732833957553,3.086729362591431,1.7353215284249768,partial_bullish,2.7757949905147745,1.501365193648806,bearish,bearish,False,True,False,False
329,369723,369724,369783,2023-10-18 14:26:00+00:00,2023-10-18 14:27:00+00:00,2023-10-18 15:26:00+00:00,short,15182.0,15182.25,15182.0,15207.0,15157.0,15132.0,15107.0,15082.0,74.44257767548908,near_trigger,-61.442577675489076,25.0,True,True,True,False,False,max_holding_time,15142.75,15143.0,39.0,0.0,39.0,1.56,88.75,11.75,3.55,0.47,60,59.0,3,2023-10-18,1.7399309551208286,1.5149253731343284,1.0795805058605799,partial_bullish,1.2180997343795463,1.6683163862143435,bearish,bearish,True,True,False,False
330,371049,371050,371051,2023-10-19 13:32:00+00:00,2023-10-19 13:33:00+00:00,2023-10-19 13:34:00+00:00,long,15107.5,15107.25,15107.5,15082.5,15132.5,15157.5,15182.5,15207.5,71.81201199968635,near_trigger,50.81201199968635,25.0,False,False,False,False,True,stop,15082.5,15082.25,-25.25,0.0,-25.25,-1.01,1.75,34.5,0.07,1.38,2,1.0,0,2023-10-19,2.5719237435008666,0.126,2.2329945269741986,partial_bullish,4.3795476892822025,1.033466622322941,bullish,neutral,False,True,True,True
331,371052,371053,371054,2023-10-19 13:35:00+00:00,2023-10-19 13:36:00+00:00,2023-10-19 13:37:00+00:00,long,15076.0,15076.0,15076.25,15051.25,15101.25,15126.25,15151.25,15176.25,71.0,near_trigger,44.40877265289789,25.0,False,False,False,False,True,stop,15051.25,15051.0,-25.25,0.0,-25.25,-1.01,1.25,40.0,0.05,1.6,2,1.0,0,2023-10-19,2.137551581843191,1.2901459854014599,2.2329945269741986,partial_bearish,2.775434670339129,0.9602155981060719,bullish,bullish,False,True,True,False
332,371055,371056,371105,2023-10-19 13:38:00+00:00,2023-10-19 13:39:00+00:00,2023-10-19 14:28:00+00:00,long,15045.5,15045.5,15045.75,15020.75,15070.75,15095.75,15120.75,15145.75,80.71716229204634,high_probability,56.71716229204634,25.0,True,True,False,False,True,stop,15020.75,15020.5,-25.25,0.0,-25.25,-1.01,61.25,26.75,2.45,1.07,50,49.0,2,2023-10-19,2.816374269005848,1.2901459854014599,2.2329945269741986,partial_bearish,1.8490072595554086,1.1395911107817436,bullish,bullish,False,True,True,False
333,373811,373812,373827,2023-10-23 13:34:00+00:00,2023-10-23 13:35:00+00:00,2023-10-23 13:50:00+00:00,short,14581.25,14581.0,14580.75,14605.75,14555.75,14530.75,14505.75,14480.75,77.0,near_trigger,-44.02705717084551,25.0,True,True,False,False,True,stop,14605.75,14606.0,-25.25,0.0,-25.25,-1.01,66.5,28.75,2.66,1.15,16,15.0,2,2023-10-23,1.4980891719745224,0.981549815498155,0.8671641791044776,partial_bearish,2.7644440565543724,1.057754921440617,bearish,bearish,True,True,True,False
334,375197,375198,375201,2023-10-24 13:40:00+00:00,2023-10-24 13:41:00+00:00,2023-10-24 13:44:00+00:00,long,14828.75,14829.0,14829.25,14804.25,14854.25,14879.25,14904.25,14929.25,90.63256076879593,a_plus_plus,69.63256076879593,25.0,False,False,False,False,True,stop,14804.25,14804.0,-25.25,0.0,-25.25,-1.01,8.0,26.5,0.32,1.06,4,3.0,0,2023-10-24,1.7340619307832421,1.6338329764453963,0.5666337611056268,partial_bullish,2.4457370196907893,1.5817930135982412,bullish,bullish,True,True,True,False
335,376570,376571,376630,2023-10-25 13:33:00+00:00,2023-10-25 13:34:00+00:00,2023-10-25 14:33:00+00:00,short,14684.75,14684.5,14684.25,14709.25,14659.25,14634.25,14609.25,14584.25,86.57353041001294,high_probability,-80.57353041001294,25.0,True,True,True,False,False,max_holding_time,14641.5,14641.75,42.5,0.0,42.5,1.7,87.25,2.0,3.49,0.08,60,59.0,3,2023-10-25,5.073170731707317,0.8839941262848752,2.51006711409396,strong_bearish,3.0800035205069527,1.0803676862163976,bearish,bearish,False,True,True,False
336,377959,377960,377964,2023-10-26 13:42:00+00:00,2023-10-26 13:43:00+00:00,2023-10-26 13:47:00+00:00,long,14413.0,14413.0,14413.25,14388.25,14438.25,14463.25,14488.25,14513.25,73.05216867181052,near_trigger,54.05216867181052,25.0,False,False,False,False,True,stop,14388.25,14388.0,-25.25,0.0,-25.25,-1.01,16.25,35.0,0.65,1.4,5,4.0,0,2023-10-26,0.2920592193808883,1.593103448275862,3.119314436387607,partial_bearish,1.7282899537825347,1.8877091102318122,bullish,bullish,True,True,False,False
337,378005,378006,378008,2023-10-26 14:28:00+00:00,2023-10-26 14:29:00+00:00,2023-10-26 14:31:00+00:00,long,14330.25,14330.0,14330.25,14305.25,14355.25,14380.25,14405.25,14430.25,97.86666666666666,a_plus_plus,75.86666666666666,25.0,False,False,False,False,True,stop,14305.25,14305.0,-25.25,0.0,-25.25,-1.01,0.0,26.25,0.0,1.05,3,2.0,0,2023-10-26,2.8606403013182673,1.3970401691331924,2.5494018608772704,partial_bearish,2.3064312042691313,2.67048856615071,bullish,bullish,True,True,True,False
338,379348,379349,379351,2023-10-27 13:51:00+00:00,2023-10-27 13:52:00+00:00,2023-10-27 13:54:00+00:00,long,14323.5,14324.0,14324.25,14299.25,14349.25,14374.25,14399.25,14424.25,75.54544586833251,near_trigger,62.54544586833251,25.0,False,False,False,False,True,stop,14299.25,14299.0,-25.25,0.0,-25.25,-1.01,0.25,32.0,0.01,1.28,3,2.0,0,2023-10-27,0.6737357259380098,0.606145251396648,1.7613882863340562,partial_bearish,1.0526974366307962,1.1873342943839027,bullish,bullish,False,True,True,False
339,379362,379363,379365,2023-10-27 14:05:00+00:00,2023-10-27 14:06:00+00:00,2023-10-27 14:08:00+00:00,long,14348.25,14348.0,14348.25,14323.25,14373.25,14398.25,14423.25,14448.25,75.62926708097751,near_trigger,60.62926708097751,25.0,False,False,False,False,True,stop,14323.25,14323.0,-25.25,0.0,-25.25,-1.01,10.5,26.25,0.42,1.05,3,2.0,0,2023-10-27,2.2839506172839505,0.9288702928870293,0.7354430379746835,strong_bullish,1.3732501441828764,1.4007166158618107,bullish,bullish,False,True,True,False
340,379366,379367,379399,2023-10-27 14:09:00+00:00,2023-10-27 14:10:00+00:00,2023-10-27 14:42:00+00:00,long,14309.25,14309.5,14309.75,14284.75,14334.75,14359.75,14384.75,14409.75,71.0,near_trigger,49.79457840002304,25.0,True,True,False,False,True,stop,14284.75,14284.5,-25.25,0.0,-25.25,-1.01,60.5,35.5,2.42,1.42,33,32.0,2,2023-10-27,1.4827586206896552,0.9288702928870293,0.7354430379746835,partial_bullish,1.8799386470619348,2.06097575117997,bullish,bullish,False,True,True,True
341,383503,383504,383563,2023-11-01 14:06:00+00:00,2023-11-01 14:07:00+00:00,2023-11-01 15:06:00+00:00,long,14552.25,14552.75,14553.0,14528.0,14578.0,14603.0,14628.0,14653.0,71.32481827622014,near_trigger,64.32481827622014,25.0,True,True,True,False,False,max_holding_time,14637.5,14637.25,84.25,0.0,84.25,3.37,96.5,23.0,3.86,0.92,60,59.0,3,2023-11-01,1.0176531671858773,0.7357357357357358,2.121495327102804,partial_bullish,1.9559384073426813,1.5301475891617238,bullish,bullish,True,True,False,False
342,386263,386264,386283,2023-11-03 14:06:00+00:00,2023-11-03 14:07:00+00:00,2023-11-03 14:26:00+00:00,long,15096.75,15097.25,15097.5,15072.5,15122.5,15147.5,15172.5,15197.5,70.0,near_trigger,33.822460167634205,25.0,False,False,False,False,True,stop,15072.5,15072.25,-25.25,0.0,-25.25,-1.01,19.25,37.25,0.77,1.49,20,19.0,0,2023-11-03,2.6941045606229146,2.353569046030687,2.3375224416517053,partial_bullish,0.8304554835809306,0.8715325806071134,bullish,bullish,False,True,True,False
343,387622,387623,387629,2023-11-06 14:45:00+00:00,2023-11-06 14:46:00+00:00,2023-11-06 14:52:00+00:00,long,15225.25,15225.5,15225.75,15200.75,15250.75,15275.75,15300.75,15325.75,71.87637141530776,near_trigger,58.87637141530776,25.0,False,False,False,False,True,stop,15200.75,15200.5,-25.25,0.0,-25.25,-1.01,6.5,25.5,0.26,1.02,7,6.0,0,2023-11-06,0.8035714285714286,0.7532163742690059,1.45,partial_bullish,1.0236561151583894,0.6519553447081692,bullish,bullish,False,True,True,False
344,387659,387660,387719,2023-11-06 15:22:00+00:00,2023-11-06 15:23:00+00:00,2023-11-06 16:22:00+00:00,long,15224.0,15223.75,15224.0,15199.0,15249.0,15274.0,15299.0,15324.0,77.8648373303588,near_trigger,77.8648373303588,25.0,False,False,False,False,False,max_holding_time,15227.5,15227.25,3.25,0.0,3.25,0.13,22.25,24.0,0.89,0.96,60,59.0,0,2023-11-06,1.1555555555555554,0.17384952520087654,0.9659735349716446,partial_bearish,1.2046891381008356,0.9399516638780443,bullish,bullish,True,True,True,False
345,389024,389025,389072,2023-11-07 15:07:00+00:00,2023-11-07 15:08:00+00:00,2023-11-07 15:55:00+00:00,long,15291.75,15291.75,15292.0,15267.0,15317.0,15342.0,15367.0,15392.0,70.0,near_trigger,32.79184411324743,25.0,True,True,True,True,False,tp4,15392.0,15391.75,99.75,0.0,99.75,3.99,104.25,19.0,4.17,0.76,48,47.0,4,2023-11-07,1.5254833040421791,3.3956953642384105,2.4967509025270758,partial_bullish,1.0099742801580829,0.7571126263813779,bullish,bullish,False,True,True,True
346,393134,393135,393194,2023-11-10 14:37:00+00:00,2023-11-10 14:38:00+00:00,2023-11-10 15:37:00+00:00,long,15335.75,15336.0,15336.25,15311.25,15361.25,15386.25,15411.25,15436.25,72.41797049880502,near_trigger,51.41797049880502,25.0,True,True,False,False,False,max_holding_time,15331.75,15331.5,-4.75,0.0,-4.75,-0.19,52.75,14.25,2.11,0.57,60,59.0,2,2023-11-10,1.5348837209302326,0.6845425867507886,2.354228855721393,strong_bullish,3.1906712890009454,1.2683008310017956,bullish,bullish,True,True,False,False
347,394540,394541,394551,2023-11-13 15:03:00+00:00,2023-11-13 15:04:00+00:00,2023-11-13 15:14:00+00:00,short,15497.25,15497.25,15497.0,15522.0,15472.0,15447.0,15422.0,15397.0,71.0,near_trigger,-48.16737339726473,25.0,False,False,False,False,True,stop,15522.0,15522.25,-25.25,0.0,-25.25,-1.01,7.75,27.25,0.31,1.09,11,10.0,0,2023-11-13,0.5972696245733788,1.2828054298642533,2.546594982078853,partial_bearish,1.7147519098123563,1.2534969963783045,bearish,bearish,False,False,True,False
348,395924,395925,395984,2023-11-14 15:07:00+00:00,2023-11-14 15:08:00+00:00,2023-11-14 16:07:00+00:00,long,15856.25,15856.25,15856.5,15831.5,15881.5,15906.5,15931.5,15956.5,71.0,near_trigger,28.457193501453432,25.0,True,False,False,False,False,max_holding_time,15871.25,15871.0,14.5,0.0,14.5,0.58,46.25,9.25,1.85,0.37,60,59.0,1,2023-11-14,2.5311999999999997,1.95,1.7414177440927328,partial_bullish,1.7307742799380368,1.1963810923874083,bullish,bullish,False,True,True,True
349,397273,397274,397288,2023-11-15 14:36:00+00:00,2023-11-15 14:37:00+00:00,2023-11-15 14:51:00+00:00,long,15951.0,15951.25,15951.5,15926.5,15976.5,16001.5,16026.5,16051.5,72.0,near_trigger,65.83678062222373,25.0,False,False,False,False,True,stop,15926.5,15926.25,-25.25,0.0,-25.25,-1.01,22.5,25.0,0.9,1.0,15,14.0,0,2023-11-15,0.33707865168539325,0.35782747603833864,1.4614220877458397,partial_bearish,1.978633668029716,0.7780181666652637,bullish,bullish,True,True,True,False
350,398694,398695,398702,2023-11-16 15:17:00+00:00,2023-11-16 15:18:00+00:00,2023-11-16 15:25:00+00:00,short,15858.25,15858.5,15858.25,15883.25,15833.25,15808.25,15783.25,15758.25,72.29039987639929,near_trigger,-37.29039987639929,25.0,False,False,False,False,True,stop,15883.25,15883.5,-25.25,0.0,-25.25,-1.01,12.75,27.25,0.51,1.09,8,7.0,0,2023-11-16,2.325503355704698,0.5865921787709497,0.11501120238984316,partial_bearish,1.4422198703915798,1.397249884124331,neutral,bearish,True,True,True,False
351,400037,400038,400049,2023-11-17 14:40:00+00:00,2023-11-17 14:41:00+00:00,2023-11-17 14:52:00+00:00,short,15839.5,15840.0,15839.75,15864.75,15814.75,15789.75,15764.75,15739.75,72.52770611841771,near_trigger,-38.52770611841771,25.0,False,False,False,False,True,stop,15864.75,15865.0,-25.25,0.0,-25.25,-1.01,8.25,41.0,0.33,1.64,12,11.0,0,2023-11-17,1.70487106017192,3.299727520435967,3.2534174553101995,strong_bearish,1.9380469023451172,0.9984852310022723,neutral,bearish,False,True,True,False
352,400070,400071,400072,2023-11-17 15:13:00+00:00,2023-11-17 15:14:00+00:00,2023-11-17 15:15:00+00:00,short,15837.5,15837.5,15837.25,15862.25,15812.25,15787.25,15762.25,15737.25,73.35568696390196,near_trigger,-73.35568696390196,25.0,False,False,False,False,True,stop,15862.25,15862.5,-25.25,0.0,-25.25,-1.01,10.25,26.5,0.41,1.06,2,1.0,0,2023-11-17,2.5352564102564106,0.589041095890411,0.8358208955223881,partial_bearish,0.8580443724910379,0.7549308876324472,bearish,bearish,False,True,True,False
353,401431,401432,401491,2023-11-20 14:54:00+00:00,2023-11-20 14:55:00+00:00,2023-11-20 15:54:00+00:00,short,15982.5,15982.0,15981.75,16006.75,15956.75,15931.75,15906.75,15881.75,73.76348858905124,near_trigger,-63.763488589051235,25.0,True,False,False,False,False,max_holding_time,15981.75,15982.0,-0.25,0.0,-0.25,-0.01,44.25,21.25,1.77,0.85,60,59.0,1,2023-11-20,1.8039927404718694,3.9295454545454547,3.3950617283950617,strong_bullish,0.916591346265267,1.042284328840047,neutral,bearish,True,True,True,False
354,402787,402788,402796,2023-11-21 14:30:00+00:00,2023-11-21 14:31:00+00:00,2023-11-21 14:39:00+00:00,short,15994.25,15994.25,15994.0,16015.0,15969.0,15944.0,15919.0,15894.0,76.77392670539662,near_trigger,-55.77392670539662,21.0,False,False,False,False,True,stop,16015.0,16015.25,-21.25,0.0,-21.25,-1.0119047619047619,13.5,27.25,0.6428571428571429,1.2976190476190477,9,8.0,0,2023-11-21,1.9310344827586208,0.9204152249134948,1.5333333333333334,partial_bearish,12.042396451928138,0.975556286309328,neutral,bearish,True,True,True,False
355,404209,404210,404214,2023-11-22 15:12:00+00:00,2023-11-22 15:13:00+00:00,2023-11-22 15:17:00+00:00,long,16043.75,16043.5,16043.75,16018.75,16068.75,16093.75,16118.75,16143.75,86.76985791260977,high_probability,63.769857912609766,25.0,False,False,False,False,True,stop,16018.75,16018.5,-25.25,0.0,-25.25,-1.01,0.25,30.0,0.01,1.2,5,4.0,0,2023-11-22,1.2684031710079275,4.266747133373567,0.44245676803816336,partial_bullish,0.9360244902194781,1.4803063457330417,bullish,bullish,True,False,True,False
356,404218,404219,404278,2023-11-22 15:21:00+00:00,2023-11-22 15:22:00+00:00,2023-11-22 16:21:00+00:00,long,16044.75,16044.5,16044.75,16019.75,16069.75,16094.75,16119.75,16144.75,89.0,high_probability,76.0,25.0,True,True,False,False,False,max_holding_time,16053.0,16052.75,8.0,0.0,8.0,0.32,54.25,17.75,2.17,0.71,60,59.0,2,2023-11-22,1.5,0.836283185840708,0.8961807423345886,partial_bearish,1.3074759027809804,1.5786396413954396,bullish,bullish,True,True,True,False
357,406695,406696,406755,2023-11-24 14:38:00+00:00,2023-11-24 14:39:00+00:00,2023-11-24 15:38:00+00:00,short,16019.25,16019.25,16019.0,16044.0,15994.0,15969.0,15944.0,15919.0,72.2226414866801,near_trigger,-51.222641486680104,25.0,True,False,False,False,False,max_holding_time,15997.5,15997.75,21.25,0.0,21.25,0.85,29.0,18.25,1.16,0.73,60,59.0,1,2023-11-24,2.5903083700440526,0.6688632619439868,0.6189856957087125,partial_bearish,1.9266535690897184,0.9647377740856524,bearish,bearish,True,True,False,False
358,407853,407854,407880,2023-11-27 14:41:00+00:00,2023-11-27 14:42:00+00:00,2023-11-27 15:08:00+00:00,short,16003.5,16003.75,16003.5,16028.5,15978.5,15953.5,15928.5,15903.5,76.59635801152507,near_trigger,-76.59635801152507,25.0,False,False,False,False,True,stop,16028.5,16028.75,-25.25,0.0,-25.25,-1.01,19.75,30.25,0.79,1.21,27,26.0,0,2023-11-27,1.4563758389261745,1.608982826948481,1.3500660501981507,partial_bullish,1.3710278432761969,1.3895320761258527,bearish,bearish,True,True,True,True
359,412012,412013,412028,2023-11-30 15:00:00+00:00,2023-11-30 15:01:00+00:00,2023-11-30 15:16:00+00:00,short,15956.25,15955.75,15955.5,15980.5,15930.5,15905.5,15880.5,15855.5,76.12628299573063,near_trigger,-58.126282995730634,25.0,True,False,False,False,True,stop,15980.5,15980.75,-25.25,0.0,-25.25,-1.01,36.75,36.5,1.47,1.46,16,15.0,1,2023-11-30,1.1305518169582773,2.765564950038432,4.016058394160583,strong_bearish,1.560451028881276,1.2433903084974647,bearish,bearish,True,True,True,False
360,413367,413368,413369,2023-12-01 14:35:00+00:00,2023-12-01 14:36:00+00:00,2023-12-01 14:37:00+00:00,short,15882.25,15882.0,15881.75,15906.75,15856.75,15831.75,15806.75,15781.75,74.84998447654573,near_trigger,-53.84998447654573,25.0,False,False,False,False,True,stop,15906.75,15907.0,-25.25,0.0,-25.25,-1.01,0.5,27.25,0.02,1.09,2,1.0,0,2023-12-01,3.5522388059701493,3.170860927152318,0.016766467065868262,partial_bearish,2.737645608873693,1.2190847127555988,bearish,bearish,True,True,False,False
361,413382,413383,413392,2023-12-01 14:50:00+00:00,2023-12-01 14:51:00+00:00,2023-12-01 15:00:00+00:00,short,15912.5,15912.5,15912.25,15937.25,15887.25,15862.25,15837.25,15812.25,92.53846153846153,a_plus_plus,-79.53846153846153,25.0,False,False,False,False,True,stop,15937.25,15937.5,-25.25,0.0,-25.25,-1.01,7.5,28.75,0.3,1.15,10,9.0,0,2023-12-01,2.0,0.08179162609542356,0.4804575786463298,partial_bearish,1.17960492875046,1.785406359017894,bearish,bearish,True,True,True,False
362,416122,416123,416129,2023-12-05 14:30:00+00:00,2023-12-05 14:31:00+00:00,2023-12-05 14:37:00+00:00,short,15807.5,15807.5,15807.25,15832.25,15782.25,15757.25,15732.25,15707.25,71.0,near_trigger,-41.24814693957639,25.0,False,False,False,False,True,stop,15832.25,15832.5,-25.25,0.0,-25.25,-1.01,24.0,26.25,0.96,1.05,7,6.0,0,2023-12-05,4.553097345132744,0.9320652173913044,0.40867389491242706,partial_bearish,6.610938376064019,0.8298622441471357,bearish,bearish,False,False,True,False
363,416152,416153,416179,2023-12-05 15:00:00+00:00,2023-12-05 15:01:00+00:00,2023-12-05 15:27:00+00:00,long,15894.5,15894.75,15895.0,15870.0,15920.0,15945.0,15970.0,15995.0,87.86666666666666,high_probability,61.86666666666666,25.0,True,False,False,False,True,stop,15870.0,15869.75,-25.25,0.0,-25.25,-1.01,41.75,26.0,1.67,1.04,27,26.0,1,2023-12-05,2.2222222222222223,2.890688259109312,1.696969696969697,strong_bullish,2.720379271055699,1.8731063338623575,bullish,bullish,False,True,True,False
364,416180,416181,416240,2023-12-05 15:28:00+00:00,2023-12-05 15:29:00+00:00,2023-12-05 16:28:00+00:00,long,15877.25,15877.25,15877.5,15852.5,15902.5,15927.5,15952.5,15977.5,77.35340463890591,near_trigger,71.35340463890591,25.0,True,True,True,False,False,max_holding_time,15886.5,15886.25,8.75,0.0,8.75,0.35,84.25,19.75,3.37,0.79,60,59.0,3,2023-12-05,2.7454545454545456,1.998843930635838,3.3391506689936006,partial_bullish,0.8733245118736174,1.4983623035197475,bullish,bullish,False,True,True,False
365,417502,417503,417505,2023-12-06 14:30:00+00:00,2023-12-06 14:31:00+00:00,2023-12-06 14:33:00+00:00,long,16009.75,16009.5,16009.75,15984.75,16034.75,16059.75,16084.75,16109.75,71.0,near_trigger,38.77537415053514,25.0,False,False,False,False,True,stop,15984.75,15984.5,-25.25,0.0,-25.25,-1.01,0.75,30.25,0.03,1.21,3,2.0,0,2023-12-06,3.180327868852459,0.5397590361445783,4.90138067061144,partial_bullish,11.142329778506973,1.3980867338733023,bullish,bullish,False,True,True,False
366,417554,417555,417555,2023-12-06 15:22:00+00:00,2023-12-06 15:23:00+00:00,2023-12-06 15:23:00+00:00,long,15938.5,15938.25,15938.5,15913.5,15963.5,15988.5,16013.5,16038.5,71.33530249886589,near_trigger,71.33530249886589,25.0,False,False,False,False,True,stop,15913.5,15913.25,-25.25,0.0,-25.25,-1.01,0.25,29.5,0.01,1.18,1,0.0,0,2023-12-06,2.3295999999999997,0.07382992748846406,1.9486850545221295,partial_bearish,0.9434664681167899,1.0165460926867702,bullish,bullish,False,True,True,False
367,417560,417561,417620,2023-12-06 15:28:00+00:00,2023-12-06 15:29:00+00:00,2023-12-06 16:28:00+00:00,long,15901.5,15901.5,15901.75,15876.75,15926.75,15951.75,15976.75,16001.75,73.01290322580645,near_trigger,62.012903225806454,25.0,True,False,False,False,False,max_holding_time,15919.0,15918.75,17.0,0.0,17.0,0.68,48.0,10.0,1.92,0.4,60,59.0,1,2023-12-06,0.7741935483870968,1.79570516540917,1.9486850545221295,strong_bearish,0.987975592246949,1.616591722492429,bullish,bullish,True,False,False,False
368,418884,418885,418899,2023-12-07 14:32:00+00:00,2023-12-07 14:33:00+00:00,2023-12-07 14:47:00+00:00,long,15950.0,15950.0,15950.25,15925.25,15975.25,16000.25,16025.25,16050.25,84.46666666666667,high_probability,42.46666666666667,25.0,True,False,False,False,True,stop,15925.25,15925.0,-25.25,0.0,-25.25,-1.01,31.75,30.75,1.27,1.23,15,14.0,1,2023-12-07,1.8022988505747126,1.74,4.424870466321243,strong_bullish,6.097332966730822,1.726954855892408,neutral,bullish,True,True,True,False
369,418933,418934,418987,2023-12-07 15:21:00+00:00,2023-12-07 15:22:00+00:00,2023-12-07 16:15:00+00:00,long,15990.75,15990.75,15991.0,15966.0,16016.0,16041.0,16066.0,16091.0,71.07515151515152,near_trigger,50.07515151515152,25.0,False,False,False,False,True,stop,15966.0,15965.75,-25.25,0.0,-25.25,-1.01,20.25,34.5,0.81,1.38,54,53.0,0,2023-12-07,1.1454545454545455,1.7734967892586107,1.7510835913312692,strong_bullish,1.7284418894091151,2.1440649306729793,neutral,bullish,False,True,True,False
370,420289,420290,420292,2023-12-08 14:57:00+00:00,2023-12-08 14:58:00+00:00,2023-12-08 15:00:00+00:00,short,15979.75,15979.25,15979.0,16003.75,15954.0,15929.0,15904.0,15879.0,72.80685731727439,near_trigger,-65.80685731727439,24.75,False,False,False,False,True,stop,16003.75,16004.0,-25.0,0.0,-25.0,-1.0101010101010102,2.25,71.0,0.09090909090909091,2.8686868686868685,3,2.0,0,2023-12-08,1.2478632478632479,1.2392099487929773,1.312733084709643,partial_bullish,0.7360449971761506,1.2623048033208144,bearish,bearish,False,False,True,False
371,420293,420294,420299,2023-12-08 15:01:00+00:00,2023-12-08 15:02:00+00:00,2023-12-08 15:07:00+00:00,short,16032.5,16033.0,16032.75,16057.75,16007.75,15982.75,15957.75,15932.75,73.0,near_trigger,-61.07871479602184,25.0,False,False,False,False,True,stop,16057.75,16058.0,-25.25,0.0,-25.25,-1.01,22.75,40.25,0.91,1.61,6,5.0,0,2023-12-08,2.6112359550561797,1.2222222222222223,0.753208292201382,strong_bullish,1.4248766648816782,1.346570047268851,bearish,bearish,True,False,True,False
372,420318,420319,420378,2023-12-08 15:26:00+00:00,2023-12-08 15:27:00+00:00,2023-12-08 16:26:00+00:00,short,16092.0,16092.25,16092.0,16115.25,16067.0,16042.0,16017.0,15992.0,80.00839409947284,high_probability,-80.00839409947284,23.25,True,True,False,False,False,max_holding_time,16055.0,16055.25,36.75,0.0,36.75,1.5806451612903225,71.75,20.0,3.086021505376344,0.8602150537634409,60,59.0,2,2023-12-08,0.41880341880341876,3.596330275229358,2.8301724137931035,partial_bullish,0.8948678310254471,1.1188025166888271,bearish,bearish,True,False,True,False
373,423022,423023,423050,2023-12-12 14:30:00+00:00,2023-12-12 14:31:00+00:00,2023-12-12 14:58:00+00:00,short,16437.75,16437.5,16437.25,16459.25,16412.25,16387.25,16362.25,16337.25,70.3823866446647,near_trigger,-70.3823866446647,22.0,True,False,False,False,True,stop,16459.25,16459.5,-22.25,0.0,-22.25,-1.0113636363636365,40.75,22.5,1.8522727272727273,1.0227272727272727,28,27.0,1,2023-12-12,1.6610169491525424,0.5192727272727273,2.16260162601626,strong_bearish,10.133020998912407,0.7224402638767938,bearish,bearish,True,True,False,True
374,427207,427208,427267,2023-12-15 15:15:00+00:00,2023-12-15 15:16:00+00:00,2023-12-15 16:15:00+00:00,long,16847.0,16846.5,16846.75,16821.75,16871.75,16896.75,16921.75,16946.75,71.80284433498093,near_trigger,50.80284433498093,25.0,True,False,False,False,False,max_holding_time,16854.75,16854.5,7.75,0.0,7.75,0.31,30.0,11.5,1.2,0.46,60,59.0,1,2023-12-15,2.040752351097179,1.2635046113306982,1.935483870967742,strong_bullish,1.5406396340799362,1.1292339621637442,bullish,bullish,True,True,False,True
375,431306,431307,431366,2023-12-20 14:34:00+00:00,2023-12-20 14:35:00+00:00,2023-12-20 15:34:00+00:00,long,16991.0,16991.5,16991.75,16968.75,17016.75,17041.75,17066.75,17091.75,84.42155877930037,high_probability,84.42155877930037,23.0,True,True,True,False,False,max_holding_time,17063.5,17063.25,71.5,0.0,71.5,3.108695652173913,81.75,1.75,3.5543478260869565,0.07608695652173914,60,59.0,3,2023-12-20,0.7492957746478873,0.9915014164305949,0.6858108108108109,strong_bullish,2.7820205105825875,0.7041022006645252,bullish,bullish,True,True,True,False
376,432682,432683,432685,2023-12-21 14:30:00+00:00,2023-12-21 14:31:00+00:00,2023-12-21 14:33:00+00:00,long,16945.5,16945.25,16945.5,16920.5,16970.5,16995.5,17020.5,17045.5,81.05490706857698,high_probability,80.05490706857698,25.0,False,False,False,False,True,stop,16920.5,16920.25,-25.25,0.0,-25.25,-1.01,13.25,27.0,0.53,1.08,3,2.0,0,2023-12-21,3.5244755244755246,0.5522935779816514,2.032450896669513,partial_bullish,12.84134739007457,1.2389753767909197,bullish,neutral,True,True,True,False
377,432686,432687,432688,2023-12-21 14:34:00+00:00,2023-12-21 14:35:00+00:00,2023-12-21 14:36:00+00:00,long,16932.5,16932.5,16932.75,16909.25,16957.75,16982.75,17007.75,17032.75,74.06610793125623,near_trigger,74.06610793125623,23.5,False,False,False,False,True,stop,16909.25,16909.0,-23.75,0.0,-23.75,-1.0106382978723405,4.25,26.5,0.18085106382978725,1.127659574468085,2,1.0,0,2023-12-21,0.8696969696969696,0.5522935779816514,2.032450896669513,partial_bullish,2.8951316913275313,1.219173155249677,bullish,neutral,True,True,True,False
378,432689,432690,432710,2023-12-21 14:37:00+00:00,2023-12-21 14:38:00+00:00,2023-12-21 14:58:00+00:00,long,16918.0,16918.25,16918.5,16893.5,16943.5,16968.5,16993.5,17018.5,81.8601585314977,high_probability,81.8601585314977,25.0,False,False,False,False,True,stop,16893.5,16893.25,-25.25,0.0,-25.25,-1.01,20.25,29.0,0.81,1.16,21,20.0,0,2023-12-21,1.1564455569461827,0.1908580593424218,2.032450896669513,partial_bearish,2.2923151414539666,1.5368206269708773,bullish,bullish,True,True,True,False
379,432722,432723,432782,2023-12-21 15:10:00+00:00,2023-12-21 15:11:00+00:00,2023-12-21 16:10:00+00:00,long,16866.5,16866.25,16866.5,16841.5,16891.5,16916.5,16941.5,16966.5,73.47284396309666,near_trigger,73.47284396309666,25.0,True,True,False,False,False,max_holding_time,16874.5,16874.25,7.75,0.0,7.75,0.31,67.0,12.75,2.68,0.51,60,59.0,2,2023-12-21,0.6401925391095067,3.4115898959881132,2.25496915695682,strong_bearish,1.2387090758633552,1.6076722938222303,bullish,bullish,True,True,False,False
380,434076,434077,434093,2023-12-22 14:44:00+00:00,2023-12-22 14:45:00+00:00,2023-12-22 15:01:00+00:00,long,17032.75,17032.5,17032.75,17007.75,17057.75,17082.75,17107.75,17132.75,75.27536231884058,near_trigger,54.27536231884058,25.0,False,False,False,False,True,stop,17007.75,17007.5,-25.25,0.0,-25.25,-1.01,8.5,26.5,0.34,1.06,17,16.0,0,2023-12-22,2.0543478260869565,0.3085399449035812,2.663716814159292,strong_bullish,1.8350527688841458,1.7464168829703193,bullish,bullish,True,True,False,False
381,438237,438238,438268,2023-12-28 15:05:00+00:00,2023-12-28 15:06:00+00:00,2023-12-28 15:36:00+00:00,short,17110.5,17110.75,17110.5,17135.5,17085.5,17060.5,17035.5,17010.5,90.55655842964593,a_plus_plus,-90.55655842964593,25.0,False,False,False,False,True,stop,17135.5,17135.75,-25.25,0.0,-25.25,-1.01,7.75,25.0,0.31,1.0,31,30.0,0,2023-12-28,1.4177215189873418,0.9531914893617022,3.130434782608696,strong_bearish,4.390172820796782,1.6177844600762499,bearish,bearish,True,True,True,True
382,439612,439613,439672,2023-12-29 15:00:00+00:00,2023-12-29 15:01:00+00:00,2023-12-29 16:00:00+00:00,short,17091.25,17091.0,17090.75,17115.75,17065.75,17040.75,17015.75,16990.75,71.96775820905209,near_trigger,-71.96775820905209,25.0,True,True,True,False,False,max_holding_time,17022.75,17023.0,67.75,0.0,67.75,2.71,89.75,14.75,3.59,0.59,60,59.0,3,2023-12-29,2.026315789473684,0.6205673758865249,0.5869297163995068,partial_bullish,1.843103109288543,0.5779970051968643,bearish,bearish,True,False,True,False
