trade_id,signal_index,entry_index,exit_index,signal_time,entry_time,exit_time,direction,signal_close,entry_price_raw,entry_price,stop_price,tp1,tp2,tp3,tp4,raw_score,score_band,score_edge,stop_distance_points,tp1_hit,tp2_hit,tp3_hit,tp4_hit,stop_hit,exit_reason,exit_price_raw,exit_price,gross_result_points,commission_cost,net_result_points,net_result_r,mfe_points,mae_points,mfe_r,mae_r,bars_held,minutes_held,maximum_target_reached,session_date,snr_1m,snr_5m,snr_15m,snr_alignment,rvol_rolling,rvol_time_of_day,htf_bias,dol_direction,liquidity_sweep,displacement,structure_shift,fvg_context,research_year
1,972,973,1032,2022-10-03 14:12:00+00:00,2022-10-03 14:13:00+00:00,2022-10-03 15:12:00+00:00,long,11157.75,11158.25,11158.5,11133.5,11183.5,11208.5,11233.5,11258.5,73.0,near_trigger,73.0,25.0,True,True,True,False,False,max_holding_time,11213.25,11213.0,54.5,0.0,54.5,2.18,78.25,23.5,3.13,0.94,60,59.0,3,2022-10-03,0.8114186851211073,2.5643919958953307,0.0893470790378006,partial_bearish,0.6277917557996475,,bullish,bullish,True,False,True,False,2023
2,3691,3692,3693,2022-10-05 13:31:00+00:00,2022-10-05 13:32:00+00:00,2022-10-05 13:33:00+00:00,short,11502.5,11502.75,11502.5,11527.5,11477.5,11452.5,11427.5,11402.5,84.0,high_probability,-31.808859840232387,25.0,False,False,False,False,True,stop,11527.5,11527.75,-25.25,0.0,-25.25,-1.01,0.75,36.5,0.03,1.46,2,1.0,0,2022-10-05,2.440087145969499,2.15625,2.32468495181616,partial_bearish,4.131540697674419,,bearish,bearish,True,False,True,False,2023
3,3694,3695,3725,2022-10-05 13:34:00+00:00,2022-10-05 13:35:00+00:00,2022-10-05 14:05:00+00:00,short,11528.25,11527.75,11527.5,11552.5,11502.5,11477.5,11452.5,11427.5,78.86555048198883,near_trigger,-38.865550481988834,25.0,True,True,True,True,False,tp4,11427.5,11427.75,99.75,0.0,99.75,3.99,102.5,3.75,4.1,0.15,31,30.0,4,2022-10-05,4.027397260273973,2.15625,2.32468495181616,partial_bearish,1.8684258251722887,,bearish,bearish,False,False,True,False,2023
4,3735,3736,3795,2022-10-05 14:15:00+00:00,2022-10-05 14:16:00+00:00,2022-10-05 15:15:00+00:00,short,11417.5,11417.5,11417.25,11442.25,11392.25,11367.25,11342.25,11317.25,83.66324786324786,high_probability,-80.66324786324786,25.0,True,False,False,False,False,max_holding_time,11412.25,11412.5,4.75,0.0,4.75,0.19,49.25,3.75,1.97,0.15,60,59.0,1,2022-10-05,0.7076923076923077,1.965426925091671,2.339368856699431,strong_bearish,1.277489049769648,,bearish,bearish,True,True,True,False,2023
5,5071,5072,5101,2022-10-06 13:31:00+00:00,2022-10-06 13:32:00+00:00,2022-10-06 14:01:00+00:00,long,11626.5,11627.0,11627.25,11602.25,11652.25,11677.25,11702.25,11727.25,79.0,near_trigger,47.0,25.0,True,True,True,False,True,stop,11602.25,11602.0,-25.25,0.0,-25.25,-1.01,94.5,58.75,3.78,2.35,30,29.0,3,2022-10-06,4.176666666666667,0.1269841269841269,0.3259701492537313,partial_bullish,6.009862627685805,,bullish,neutral,True,True,True,True,2023
6,6454,6455,6456,2022-10-07 13:34:00+00:00,2022-10-07 13:35:00+00:00,2022-10-07 13:36:00+00:00,short,11329.0,11329.5,11329.25,11350.25,11304.25,11279.25,11254.25,11229.25,77.17335495998229,near_trigger,-77.17335495998229,21.0,False,False,False,False,True,stop,11350.25,11350.5,-21.25,0.0,-21.25,-1.011904761904762,19.0,21.25,0.9047619047619048,1.011904761904762,2,1.0,0,2022-10-07,0.9722222222222222,0.2491277041172365,3.6008,partial_bearish,2.426025097913836,,bearish,bearish,False,True,True,False,2023
7,6457,6458,6460,2022-10-07 13:37:00+00:00,2022-10-07 13:38:00+00:00,2022-10-07 13:40:00+00:00,short,11323.0,11323.0,11322.75,11347.75,11297.75,11272.75,11247.75,11222.75,86.94185831092685,high_probability,-77.94185831092685,25.0,False,False,False,False,True,stop,11347.75,11348.0,-25.25,0.0,-25.25,-1.01,11.25,27.5,0.45,1.1,3,2.0,0,2022-10-07,1.0456942003514935,0.2096505823627288,3.6008,partial_bearish,1.830721003134796,,bearish,bearish,True,True,True,False,2023
8,6464,6465,6524,2022-10-07 13:44:00+00:00,2022-10-07 13:45:00+00:00,2022-10-07 14:44:00+00:00,short,11275.0,11275.0,11274.75,11299.75,11249.75,11224.75,11199.75,11174.75,76.2852720669973,near_trigger,-55.285272066997294,25.0,True,True,False,False,False,max_holding_time,11236.25,11236.5,38.25,0.0,38.25,1.53,70.25,14.0,2.81,0.56,60,59.0,2,2022-10-07,1.8273283480625424,0.7317744154057771,3.6008,strong_bearish,2.4315380468125456,,bearish,bearish,True,False,False,False,2023
9,7837,7838,7853,2022-10-10 13:37:00+00:00,2022-10-10 13:38:00+00:00,2022-10-10 13:53:00+00:00,long,11042.25,11042.0,11042.25,11017.25,11067.25,11092.25,11117.25,11142.25,75.90956955039397,near_trigger,51.90956955039397,25.0,True,False,False,False,True,stop,11017.25,11017.0,-25.25,0.0,-25.25,-1.01,34.75,34.75,1.39,1.39,16,15.0,1,2022-10-10,2.3634408602150536,2.687813021702838,2.096960926193922,partial_bearish,1.88940818148401,0.8942537115588547,bullish,bullish,True,True,False,False,2023
10,10598,10599,10604,2022-10-12 13:38:00+00:00,2022-10-12 13:39:00+00:00,2022-10-12 13:44:00+00:00,short,10905.0,10904.75,10904.5,10929.5,10879.5,10854.5,10829.5,10804.5,71.69514234762305,near_trigger,-32.69514234762305,25.0,True,False,False,False,True,stop,10929.5,10929.75,-25.25,0.0,-25.25,-1.01,32.0,27.5,1.28,1.1,6,5.0,1,2022-10-12,4.026600166251039,0.5111716621253406,2.482039397450753,partial_bearish,1.6869117105747489,1.2826136623257938,neutral,bearish,True,True,True,False,2023
11,11971,11972,11982,2022-10-13 13:31:00+00:00,2022-10-13 13:32:00+00:00,2022-10-13 13:42:00+00:00,short,10527.5,10527.5,10527.25,10552.25,10502.25,10477.25,10452.25,10427.25,72.68323066392881,near_trigger,-57.68323066392881,25.0,True,False,False,False,True,stop,10552.25,10552.5,-25.25,0.0,-25.25,-1.01,42.75,27.0,1.71,1.08,11,10.0,1,2022-10-13,0.4168377823408624,0.181965881397238,6.464027737648078,partial_bearish,5.012829438090503,1.6717744610281924,bearish,bearish,True,False,True,False,2023
12,13356,13357,13364,2022-10-14 13:36:00+00:00,2022-10-14 13:37:00+00:00,2022-10-14 13:44:00+00:00,long,11131.5,11131.75,11132.0,11107.0,11157.0,11182.0,11207.0,11232.0,75.78886355018672,near_trigger,51.78886355018672,25.0,True,True,False,False,True,stop,11107.0,11106.75,-25.25,0.0,-25.25,-1.01,69.25,32.75,2.77,1.31,8,7.0,2,2022-10-14,1.5726872246696035,2.230406852248394,2.4580514208389714,partial_bearish,1.7764727902297506,1.1345441867414872,bullish,bullish,True,False,False,False,2023
13,13383,13384,13387,2022-10-14 14:03:00+00:00,2022-10-14 14:04:00+00:00,2022-10-14 14:07:00+00:00,long,10992.75,10992.75,10993.0,10968.0,11018.0,11043.0,11068.0,11093.0,72.70169195852432,near_trigger,72.70169195852432,25.0,True,False,False,False,True,stop,10968.0,10967.75,-25.25,0.0,-25.25,-1.01,35.0,29.5,1.4,1.18,4,3.0,1,2022-10-14,1.569089048106448,1.439207650273224,1.0837004405286343,strong_bearish,1.4880067455122372,2.161314966457373,bullish,bullish,True,False,False,False,2023
14,13408,13409,13410,2022-10-14 14:28:00+00:00,2022-10-14 14:29:00+00:00,2022-10-14 14:30:00+00:00,long,10936.75,10936.75,10937.0,10912.0,10962.0,10987.0,11012.0,11037.0,78.33333333333334,near_trigger,27.333333333333343,25.0,False,False,False,False,True,stop,10912.0,10911.75,-25.25,0.0,-25.25,-1.01,1.0,26.75,0.04,1.07,2,1.0,0,2022-10-14,1.862255232950709,2.6517231717567946,4.720262510254306,partial_bearish,1.566646880690564,2.2544155969501016,bullish,bearish,False,True,True,False,2023
15,16149,16150,16156,2022-10-18 14:09:00+00:00,2022-10-18 14:10:00+00:00,2022-10-18 14:16:00+00:00,long,11336.75,11336.75,11337.0,11312.0,11362.0,11387.0,11412.0,11437.0,80.08073770303173,high_probability,59.08073770303173,25.0,False,False,False,False,True,stop,11312.0,11311.75,-25.25,0.0,-25.25,-1.01,8.75,34.75,0.35,1.39,7,6.0,0,2022-10-18,0.8930041152263374,1.2239142695995489,1.730886850152905,partial_bearish,1.509366551941788,1.4437471521477985,bullish,bullish,False,True,True,False,2023
16,16157,16158,16164,2022-10-18 14:17:00+00:00,2022-10-18 14:18:00+00:00,2022-10-18 14:24:00+00:00,long,11318.0,11318.25,11318.5,11293.5,11343.5,11368.5,11393.5,11418.5,76.17136830478182,near_trigger,76.17136830478182,25.0,False,False,False,False,True,stop,11293.5,11293.25,-25.25,0.0,-25.25,-1.01,11.0,34.75,0.44,1.39,7,6.0,0,2022-10-18,0.994,0.8998393144081414,1.4801762114537445,strong_bearish,1.1791860597836423,1.255561011539406,bullish,bullish,True,True,True,False,2023
17,17516,17517,17525,2022-10-19 13:56:00+00:00,2022-10-19 13:57:00+00:00,2022-10-19 14:05:00+00:00,short,11142.0,11142.0,11141.75,11166.75,11116.75,11091.75,11066.75,11041.75,71.99932340454208,near_trigger,-55.99932340454208,25.0,False,False,False,False,True,stop,11166.75,11167.0,-25.25,0.0,-25.25,-1.01,21.5,46.75,0.86,1.87,9,8.0,0,2022-10-19,1.1104521868050408,1.0578093306288032,0.011093502377179,partial_bearish,1.2522529582321136,1.6987951807228916,bearish,neutral,True,False,True,False,2023
18,18871,18872,18875,2022-10-20 13:31:00+00:00,2022-10-20 13:32:00+00:00,2022-10-20 13:35:00+00:00,long,11143.75,11144.0,11144.25,11119.25,11169.25,11194.25,11219.25,11244.25,88.35928548000119,high_probability,75.35928548000119,25.0,False,False,False,False,True,stop,11119.25,11119.0,-25.25,0.0,-25.25,-1.01,12.75,36.25,0.51,1.45,4,3.0,0,2022-10-20,2.505050505050505,0.5103757711721817,0.8743126472898665,partial_bullish,6.237224419469789,0.9801382183091925,bullish,bullish,True,True,True,True,2023
19,18876,18877,18890,2022-10-20 13:36:00+00:00,2022-10-20 13:37:00+00:00,2022-10-20 13:50:00+00:00,long,11107.0,11107.0,11107.25,11082.25,11132.25,11157.25,11182.25,11207.25,79.0,near_trigger,68.82276351938438,25.0,True,True,True,True,False,tp4,11207.25,11207.0,99.75,0.0,99.75,3.99,100.0,15.75,4.0,0.63,14,13.0,4,2022-10-20,1.80684811237928,0.5833333333333334,0.8743126472898665,partial_bearish,2.325489964812958,0.8765959872321022,bullish,bullish,True,True,True,False,2023
20,18891,18892,18900,2022-10-20 13:51:00+00:00,2022-10-20 13:52:00+00:00,2022-10-20 14:00:00+00:00,long,11221.75,11221.5,11221.75,11196.75,11246.75,11271.75,11296.75,11321.75,71.78746368522133,near_trigger,71.78746368522133,25.0,False,False,False,False,True,stop,11196.75,11196.5,-25.25,0.0,-25.25,-1.01,7.5,28.5,0.3,1.14,9,8.0,0,2022-10-20,0.8246708246708246,2.024266936299292,0.5322230267921796,partial_bullish,1.218523636835808,1.2606397897875732,bullish,bullish,False,False,True,False,2023
21,18902,18903,18962,2022-10-20 14:02:00+00:00,2022-10-20 14:03:00+00:00,2022-10-20 15:02:00+00:00,long,11240.25,11240.0,11240.25,11215.25,11265.25,11290.25,11315.25,11340.25,90.55871501753856,a_plus_plus,69.55871501753855,25.0,True,True,True,False,False,max_holding_time,11297.5,11297.25,57.0,0.0,57.0,2.28,88.75,9.25,3.55,0.37,60,59.0,3,2022-10-20,1.4583333333333337,1.70126582278481,1.7529610829103217,strong_bullish,1.573446760377514,1.232128662275721,bullish,bullish,True,False,True,False,2023
22,20259,20260,20261,2022-10-21 13:39:00+00:00,2022-10-21 13:40:00+00:00,2022-10-21 13:41:00+00:00,long,11059.75,11059.75,11060.0,11035.0,11085.0,11110.0,11135.0,11160.0,71.13312418126453,near_trigger,14.133124181264536,25.0,False,False,False,False,True,stop,11035.0,11034.75,-25.25,0.0,-25.25,-1.01,3.75,40.75,0.15,1.63,2,1.0,0,2022-10-21,0.929237520570488,1.267672756155679,2.103004291845494,partial_bullish,1.6220304603431086,1.2724657411093845,neutral,bullish,True,True,True,True,2023
23,20280,20281,20304,2022-10-21 14:00:00+00:00,2022-10-21 14:01:00+00:00,2022-10-21 14:24:00+00:00,long,11161.25,11160.75,11161.0,11136.0,11186.0,11211.0,11236.0,11261.0,76.23965772442295,near_trigger,68.23965772442295,25.0,True,True,False,False,True,stop,11136.0,11135.75,-25.25,0.0,-25.25,-1.01,63.0,30.5,2.52,1.22,24,23.0,2,2022-10-21,1.6915604128718884,1.9649122807017545,4.056171470805618,strong_bullish,1.2746103281906986,1.0321168822810067,bullish,bullish,False,False,True,False,2023
24,21637,21638,21640,2022-10-24 13:37:00+00:00,2022-10-24 13:38:00+00:00,2022-10-24 13:40:00+00:00,long,11380.75,11380.5,11380.75,11355.75,11405.75,11430.75,11455.75,11480.75,86.70356583942038,high_probability,68.70356583942038,25.0,False,False,False,False,True,stop,11355.75,11355.5,-25.25,0.0,-25.25,-1.01,17.75,52.5,0.71,2.1,3,2.0,0,2022-10-24,3.1421143847487003,2.867865519937451,1.4267942583732058,partial_bearish,2.6316689732385825,1.4160921079054822,bullish,bullish,False,True,True,False,2023
25,23025,23026,23085,2022-10-25 13:45:00+00:00,2022-10-25 13:46:00+00:00,2022-10-25 14:45:00+00:00,long,11582.0,11582.5,11582.75,11557.75,11607.75,11632.75,11657.75,11682.75,75.62028637708983,near_trigger,69.62028637708983,25.0,True,True,True,False,False,max_holding_time,11622.0,11621.75,39.0,0.0,39.0,1.56,82.0,0.5,3.28,0.02,60,59.0,3,2022-10-25,2.28913260219342,1.9721539721539725,3.695431472081218,strong_bullish,2.223631094089639,1.2690184785217182,bullish,bullish,True,True,True,False,2023
26,24447,24448,24492,2022-10-26 14:27:00+00:00,2022-10-26 14:28:00+00:00,2022-10-26 15:12:00+00:00,long,11577.5,11576.75,11577.0,11552.0,11602.0,11627.0,11652.0,11677.0,92.02978723404256,a_plus_plus,55.02978723404256,25.0,True,True,True,True,False,tp4,11677.0,11676.75,99.75,0.0,99.75,3.99,101.75,16.75,4.07,0.67,45,44.0,4,2022-10-26,1.7059961315280463,0.9601891998423334,1.064516129032258,strong_bullish,1.5412277824349114,1.6641100033951666,bullish,bullish,True,True,True,False,2023
27,25772,25773,25789,2022-10-27 13:32:00+00:00,2022-10-27 13:33:00+00:00,2022-10-27 13:49:00+00:00,short,11443.0,11444.0,11443.75,11468.75,11418.75,11393.75,11368.75,11343.75,71.0,near_trigger,-28.730153884297863,25.0,True,True,True,True,False,tp4,11343.75,11344.0,99.75,0.0,99.75,3.99,122.25,16.5,4.89,0.66,17,16.0,4,2022-10-27,1.7721518987341771,0.9910195456946644,0.7044967880085654,partial_bullish,3.1627803356601816,1.0770841089981806,bearish,bearish,False,False,True,False,2023
28,25790,25791,25805,2022-10-27 13:50:00+00:00,2022-10-27 13:51:00+00:00,2022-10-27 14:05:00+00:00,short,11297.75,11297.5,11297.25,11322.25,11272.25,11247.25,11222.25,11197.25,84.61156069364162,high_probability,-71.61156069364162,25.0,True,False,False,False,True,stop,11322.25,11322.5,-25.25,0.0,-25.25,-1.01,33.75,53.75,1.35,2.15,15,14.0,1,2022-10-27,4.309248554913295,2.269927536231884,0.4453665283540802,partial_bearish,1.3453714108575192,1.649859027022461,bearish,bearish,False,True,True,False,2023
29,27150,27151,27160,2022-10-28 13:30:00+00:00,2022-10-28 13:31:00+00:00,2022-10-28 13:40:00+00:00,long,11234.0,11234.25,11234.5,11209.5,11259.5,11284.5,11309.5,11334.5,81.38678513192924,high_probability,47.38678513192925,25.0,True,True,True,True,False,tp4,11334.5,11334.25,99.75,0.0,99.75,3.99,107.5,10.5,4.3,0.42,10,9.0,4,2022-10-28,1.82529335071708,1.5149253731343284,2.655399061032864,strong_bullish,7.761614911104233,1.157642117084285,neutral,bullish,True,True,True,False,2023
30,27161,27162,27169,2022-10-28 13:41:00+00:00,2022-10-28 13:42:00+00:00,2022-10-28 13:49:00+00:00,long,11350.75,11350.75,11351.0,11326.0,11376.0,11401.0,11426.0,11451.0,73.06066731902239,near_trigger,47.06066731902239,25.0,False,False,False,False,True,stop,11326.0,11325.75,-25.25,0.0,-25.25,-1.01,13.25,25.25,0.53,1.01,8,7.0,0,2022-10-28,1.406791406791407,3.427958833619211,2.655399061032864,strong_bullish,1.56624973500106,1.2401010654274962,neutral,bullish,False,True,True,False,2023
31,27185,27186,27188,2022-10-28 14:05:00+00:00,2022-10-28 14:06:00+00:00,2022-10-28 14:08:00+00:00,long,11330.0,11329.5,11329.75,11304.75,11354.75,11379.75,11404.75,11429.75,84.58787243219106,high_probability,73.58787243219106,25.0,False,False,False,False,True,stop,11304.75,11304.5,-25.25,0.0,-25.25,-1.01,7.0,25.75,0.28,1.03,3,2.0,0,2022-10-28,0.7304347826086957,0.4460294816928197,3.542817196784341,partial_bearish,1.3930154300722255,1.2159211952679454,bullish,bullish,True,False,True,False,2023
32,28530,28531,28532,2022-10-31 13:30:00+00:00,2022-10-31 13:31:00+00:00,2022-10-31 13:32:00+00:00,long,11504.75,11504.75,11505.0,11480.0,11530.0,11555.0,11580.0,11605.0,76.73780270179884,near_trigger,47.73780270179884,25.0,False,False,False,False,True,stop,11480.0,11479.75,-25.25,0.0,-25.25,-1.01,17.75,42.5,0.71,1.7,2,1.0,0,2022-10-31,1.3254437869822484,1.6035242290748897,1.2243816254416962,partial_bearish,13.314191371760822,0.9439089678476554,neutral,bullish,True,True,True,False,2023
33,28533,28534,28546,2022-10-31 13:33:00+00:00,2022-10-31 13:34:00+00:00,2022-10-31 13:46:00+00:00,long,11465.75,11466.0,11466.25,11441.25,11491.25,11516.25,11541.25,11566.25,71.9810338067086,near_trigger,44.9810338067086,25.0,True,False,False,False,True,stop,11441.25,11441.0,-25.25,0.0,-25.25,-1.01,46.5,38.25,1.86,1.53,13,12.0,1,2022-10-31,2.044736842105263,1.6035242290748897,1.2243816254416962,strong_bearish,3.638213558958981,0.978271825368256,neutral,bullish,True,True,True,True,2023
34,29961,29962,29966,2022-11-01 14:21:00+00:00,2022-11-01 14:22:00+00:00,2022-11-01 14:26:00+00:00,long,11429.0,11429.25,11429.5,11404.5,11454.5,11479.5,11504.5,11529.5,96.38095238095238,a_plus_plus,78.38095238095238,25.0,False,False,False,False,True,stop,11404.5,11404.25,-25.25,0.0,-25.25,-1.01,3.75,26.5,0.15,1.06,5,4.0,0,2022-11-01,0.4347826086956521,3.1831129196337744,6.030188679245283,partial_bearish,1.2989234717074185,2.0077900730170453,bullish,bullish,True,True,True,False,2023
35,29969,29970,29971,2022-11-01 14:29:00+00:00,2022-11-01 14:30:00+00:00,2022-11-01 14:31:00+00:00,long,11439.75,11439.75,11440.0,11415.0,11465.0,11490.0,11515.0,11540.0,88.15001494318169,high_probability,76.15001494318169,25.0,False,False,False,False,True,stop,11415.0,11414.75,-25.25,0.0,-25.25,-1.01,0.5,26.25,0.02,1.05,2,1.0,0,2022-11-01,1.376597836774828,2.5389940009229357,6.030188679245283,partial_bearish,0.8005787775228703,1.2195475638051043,bullish,bullish,True,True,True,True,2023
36,31292,31293,31296,2022-11-02 13:32:00+00:00,2022-11-02 13:33:00+00:00,2022-11-02 13:36:00+00:00,short,11284.0,11284.25,11284.0,11309.0,11259.0,11234.0,11209.0,11184.0,72.30005214742262,near_trigger,-63.30005214742262,25.0,False,False,False,False,True,stop,11309.0,11309.25,-25.25,0.0,-25.25,-1.01,12.75,30.75,0.51,1.23,4,3.0,0,2022-11-02,5.190114068441065,0.384,0.5873287671232876,strong_bearish,6.529186602870813,0.8437988882087051,bearish,bearish,True,True,True,True,2023
37,31298,31299,31300,2022-11-02 13:38:00+00:00,2022-11-02 13:39:00+00:00,2022-11-02 13:40:00+00:00,short,11296.5,11296.25,11296.0,11316.75,11271.0,11246.0,11221.0,11196.0,80.05268087052285,high_probability,-65.05268087052285,20.75,False,False,False,False,True,stop,11316.75,11317.0,-21.0,0.0,-21.0,-1.0120481927710845,8.75,30.5,0.4216867469879518,1.4698795180722892,2,1.0,0,2022-11-02,1.147540983606557,2.629107981220657,0.5873287671232876,partial_bearish,1.2299221725451237,0.5428467019915951,bearish,bearish,True,True,True,True,2023
38,34050,34051,34051,2022-11-04 13:30:00+00:00,2022-11-04 13:31:00+00:00,2022-11-04 13:31:00+00:00,long,10945.75,10946.0,10946.25,10921.25,10971.25,10996.25,11021.25,11046.25,81.15812470068725,high_probability,63.15812470068725,25.0,False,False,False,False,True,stop,10921.25,10921.0,-25.25,0.0,-25.25,-1.01,3.5,34.25,0.14,1.37,1,0.0,0,2022-11-04,2.289544235924933,0.822972972972973,3.2585249801744647,strong_bullish,6.545164597334549,1.1772298425511427,bullish,bullish,True,True,True,False,2023
39,34052,34053,34055,2022-11-04 13:32:00+00:00,2022-11-04 13:33:00+00:00,2022-11-04 13:35:00+00:00,long,10879.5,10879.75,10880.0,10855.0,10905.0,10930.0,10955.0,10980.0,76.0,near_trigger,21.044748628549257,25.0,False,False,False,False,True,stop,10855.0,10854.75,-25.25,0.0,-25.25,-1.01,19.25,27.5,0.77,1.1,3,2.0,0,2022-11-04,2.7751479289940826,0.822972972972973,3.2585249801744647,partial_bullish,3.218673706357555,1.0205481607350766,bullish,bullish,False,True,True,False,2023
40,34076,34077,34102,2022-11-04 13:56:00+00:00,2022-11-04 13:57:00+00:00,2022-11-04 14:22:00+00:00,long,10815.5,10815.5,10815.75,10790.75,10840.75,10865.75,10890.75,10915.75,93.4,a_plus_plus,84.4,25.0,True,True,True,True,False,tp4,10915.75,10915.5,99.75,0.0,99.75,3.99,102.75,9.25,4.11,0.37,26,25.0,4,2022-11-04,2.457296570275723,3.131445170660857,0.7946859903381642,partial_bearish,1.3613758382394072,2.331008865683148,bullish,bullish,True,True,True,False,2023
41,35462,35463,35468,2022-11-07 15:02:00+00:00,2022-11-07 15:03:00+00:00,2022-11-07 15:08:00+00:00,long,10924.0,10923.75,10924.0,10899.0,10949.0,10974.0,10999.0,11024.0,78.8807591762918,near_trigger,49.88075917629181,25.0,False,False,False,False,True,stop,10899.0,10898.75,-25.25,0.0,-25.25,-1.01,12.0,29.25,0.48,1.17,6,5.0,0,2022-11-07,1.990942028985507,0.9385964912280702,0.98732782369146,partial_bearish,1.6681449569183984,1.467533673943335,neutral,bullish,True,True,True,False,2023
42,35475,35476,35480,2022-11-07 15:15:00+00:00,2022-11-07 15:16:00+00:00,2022-11-07 15:20:00+00:00,long,10939.5,10939.75,10940.0,10915.0,10965.0,10990.0,11015.0,11040.0,70.93390979178906,near_trigger,43.93390979178906,25.0,False,False,False,False,True,stop,10915.0,10914.75,-25.25,0.0,-25.25,-1.01,22.25,32.75,0.89,1.31,5,4.0,0,2022-11-07,1.1827111984282908,1.8257731958762884,0.0636685194542698,partial_bullish,1.21122802207218,1.0916504494486146,neutral,bullish,True,False,True,True,2023
43,36831,36832,36891,2022-11-08 14:51:00+00:00,2022-11-08 14:52:00+00:00,2022-11-08 15:51:00+00:00,long,11045.75,11045.75,11046.0,11021.0,11071.0,11096.0,11121.0,11146.0,80.53736851146553,high_probability,61.53736851146553,25.0,True,True,True,False,False,max_holding_time,11125.5,11125.25,79.25,0.0,79.25,3.17,92.0,5.0,3.68,0.2,60,59.0,3,2022-11-08,2.025258323765786,2.903901046622265,0.9408327246165084,partial_bearish,0.7374621068040619,0.5872149052361066,bullish,bullish,True,True,True,False,2023
44,39582,39583,39591,2022-11-10 14:42:00+00:00,2022-11-10 14:43:00+00:00,2022-11-10 14:51:00+00:00,long,11298.5,11297.5,11297.75,11272.75,11322.75,11347.75,11372.75,11397.75,70.70891051326083,near_trigger,35.70891051326083,25.0,True,True,True,True,False,tp4,11397.75,11397.5,99.75,0.0,99.75,3.99,101.0,7.0,4.04,0.28,9,8.0,4,2022-11-10,0.9456210646823124,0.1946446961894953,7.709658068386322,partial_bullish,1.5419143216514168,1.738405071738405,bullish,bullish,True,True,False,False,2023
45,40950,40951,40965,2022-11-11 14:30:00+00:00,2022-11-11 14:31:00+00:00,2022-11-11 14:45:00+00:00,short,11613.25,11613.0,11612.75,11637.75,11587.75,11562.75,11537.75,11512.75,75.55262279424915,near_trigger,-66.55262279424915,25.0,True,False,False,False,True,stop,11637.75,11638.0,-25.25,0.0,-25.25,-1.01,43.25,45.25,1.73,1.81,15,14.0,1,2022-11-11,0.5685279187817259,3.5421686746987957,3.1935028248587574,strong_bearish,6.216666666666667,0.9892133112329464,neutral,bearish,True,True,True,True,2023
46,40966,40967,40975,2022-11-11 14:46:00+00:00,2022-11-11 14:47:00+00:00,2022-11-11 14:55:00+00:00,long,11665.0,11665.25,11665.5,11640.5,11690.5,11715.5,11740.5,11765.5,72.13941113463233,near_trigger,45.139411134632326,25.0,True,False,False,False,True,stop,11640.5,11640.25,-25.25,0.0,-25.25,-1.01,26.0,31.75,1.04,1.27,9,8.0,1,2022-11-11,2.217494089834516,0.44579226686884,2.596705308114704,partial_bearish,1.0921761855501717,1.0230344241393965,neutral,bullish,True,True,True,False,2023
47,42331,42332,42370,2022-11-14 14:31:00+00:00,2022-11-14 14:32:00+00:00,2022-11-14 15:10:00+00:00,short,11780.25,11779.75,11779.5,11804.5,11754.5,11729.5,11704.5,11679.5,71.0,near_trigger,-42.877437002687245,25.0,True,True,True,False,True,stop,11804.5,11804.75,-25.25,0.0,-25.25,-1.01,77.5,29.25,3.1,1.17,39,38.0,3,2022-11-14,1.5592417061611374,2.42026825633383,2.049800796812749,partial_bearish,6.804134697357204,0.8024028099807097,bearish,bearish,False,True,True,True,2023
48,42384,42385,42401,2022-11-14 15:24:00+00:00,2022-11-14 15:25:00+00:00,2022-11-14 15:41:00+00:00,short,11783.0,11783.75,11783.5,11808.5,11758.5,11733.5,11708.5,11683.5,86.31870318184501,high_probability,-63.31870318184501,25.0,False,False,False,False,True,stop,11808.5,11808.75,-25.25,0.0,-25.25,-1.01,22.5,33.25,0.9,1.33,17,16.0,0,2022-11-14,1.1974842767295597,2.259678379988088,0.77228992944195,partial_bullish,1.115433460330192,1.1759068744891343,bearish,bearish,True,True,True,False,2023
49,43712,43713,43713,2022-11-15 14:32:00+00:00,2022-11-15 14:33:00+00:00,2022-11-15 14:33:00+00:00,long,12055.5,12056.25,12056.5,12031.5,12081.5,12106.5,12131.5,12156.5,73.95927498614726,near_trigger,52.959274986147264,25.0,False,False,False,False,True,stop,12031.5,12031.25,-25.25,0.0,-25.25,-1.01,3.0,25.0,0.12,1.0,1,0.0,0,2022-11-15,1.3311965811965811,0.7670319199618867,2.136599152143193,partial_bullish,3.708484117410535,1.1906098922732349,bullish,bullish,True,False,False,False,2023
50,43750,43751,43760,2022-11-15 15:10:00+00:00,2022-11-15 15:11:00+00:00,2022-11-15 15:20:00+00:00,long,12019.75,12019.5,12019.75,11994.75,12044.75,12069.75,12094.75,12119.75,73.0,near_trigger,73.0,25.0,False,False,False,False,True,stop,11994.75,11994.5,-25.25,0.0,-25.25,-1.01,18.0,25.75,0.72,1.03,10,9.0,0,2022-11-15,2.3056872037914693,0.2616822429906542,0.5916271721958926,partial_bearish,0.910418492093295,0.7690319548872181,bullish,bullish,True,False,True,False,2023
51,43765,43766,43777,2022-11-15 15:25:00+00:00,2022-11-15 15:26:00+00:00,2022-11-15 15:37:00+00:00,long,12043.75,12043.75,12044.0,12019.0,12069.0,12094.0,12119.0,12144.0,83.21464020216993,high_probability,80.21464020216993,25.0,False,False,False,False,True,stop,12019.0,12018.75,-25.25,0.0,-25.25,-1.01,8.25,29.25,0.33,1.17,12,11.0,0,2022-11-15,2.11441647597254,0.1331331331331331,1.1754916792738277,partial_bullish,1.1321369247304822,0.8625524206555993,bullish,bullish,True,True,True,True,2023
52,45091,45092,45094,2022-11-16 14:31:00+00:00,2022-11-16 14:32:00+00:00,2022-11-16 14:34:00+00:00,short,11811.25,11811.5,11811.25,11836.25,11786.25,11761.25,11736.25,11711.25,76.22869406228101,near_trigger,-67.22869406228101,25.0,False,False,False,False,True,stop,11836.25,11836.5,-25.25,0.0,-25.25,-1.01,11.5,25.5,0.46,1.02,3,2.0,0,2022-11-16,0.8456375838926175,0.6172148355493352,1.8490566037735847,strong_bearish,4.710156986742109,1.0745516900998495,bearish,bearish,False,True,True,False,2023
53,45095,45096,45155,2022-11-16 14:35:00+00:00,2022-11-16 14:36:00+00:00,2022-11-16 15:35:00+00:00,short,11811.0,11811.5,11811.25,11836.25,11786.25,11761.25,11736.25,11711.25,87.06582456787368,high_probability,-82.06582456787368,25.0,True,True,True,False,False,max_holding_time,11765.5,11765.75,45.5,0.0,45.5,1.82,87.25,13.25,3.49,0.53,60,59.0,3,2022-11-16,0.5390070921985816,0.7406451612903227,1.8490566037735847,strong_bearish,2.7358521372824347,1.1846468188598942,bearish,bearish,True,True,True,False,2023
54,47853,47854,47857,2022-11-18 14:33:00+00:00,2022-11-18 14:34:00+00:00,2022-11-18 14:37:00+00:00,long,11779.5,11778.75,11779.0,11754.0,11804.0,11829.0,11854.0,11879.0,70.0916113090869,near_trigger,51.0916113090869,25.0,False,False,False,False,True,stop,11754.0,11753.75,-25.25,0.0,-25.25,-1.01,9.75,25.5,0.39,1.02,4,3.0,0,2022-11-18,4.299492385786802,0.38,0.768361581920904,partial_bullish,2.5129208911566123,0.9021927088679558,bullish,bullish,True,True,False,False,2023
55,47875,47876,47879,2022-11-18 14:55:00+00:00,2022-11-18 14:56:00+00:00,2022-11-18 14:59:00+00:00,long,11781.0,11780.5,11780.75,11755.75,11805.75,11830.75,11855.75,11880.75,87.66687140704285,high_probability,59.66687140704285,25.0,False,False,False,False,True,stop,11755.75,11755.5,-25.25,0.0,-25.25,-1.01,4.0,33.75,0.16,1.35,4,3.0,0,2022-11-18,2.3725961538461537,3.0631424375917766,2.629021667760998,partial_bearish,1.17512848286511,1.182884251794973,bullish,bullish,True,True,True,False,2023
56,47880,47881,47883,2022-11-18 15:00:00+00:00,2022-11-18 15:01:00+00:00,2022-11-18 15:03:00+00:00,long,11731.25,11731.0,11731.25,11706.25,11756.25,11781.25,11806.25,11831.25,70.0,near_trigger,66.3570861013077,25.0,False,False,False,False,True,stop,11706.25,11706.0,-25.25,0.0,-25.25,-1.01,6.75,33.0,0.27,1.32,3,2.0,0,2022-11-18,3.1986222732491387,0.6648313833448039,2.3856882959369314,strong_bearish,1.7653203780851572,0.9454413093007268,bullish,neutral,True,True,True,True,2023
57,47900,47901,47907,2022-11-18 15:20:00+00:00,2022-11-18 15:21:00+00:00,2022-11-18 15:27:00+00:00,long,11715.75,11716.0,11716.25,11691.25,11741.25,11766.25,11791.25,11816.25,73.21815724873542,near_trigger,73.21815724873542,25.0,False,False,False,False,True,stop,11691.25,11691.0,-25.25,0.0,-25.25,-1.01,9.75,39.0,0.39,1.56,7,6.0,0,2022-11-18,1.7183462532299745,1.9956308028399783,4.203655352480418,partial_bearish,0.8606440581362211,0.9143092423948846,bullish,bullish,True,True,False,False,2023
58,49234,49235,49240,2022-11-21 14:34:00+00:00,2022-11-21 14:35:00+00:00,2022-11-21 14:40:00+00:00,short,11638.75,11639.5,11639.25,11664.25,11614.25,11589.25,11564.25,11539.25,87.67333807812504,high_probability,-79.67333807812504,25.0,False,False,False,False,True,stop,11664.25,11664.5,-25.25,0.0,-25.25,-1.01,11.0,26.75,0.44,1.07,6,5.0,0,2022-11-21,0.7945945945945947,0.2280130293159609,0.5737704918032788,partial_bullish,3.68224197745013,1.1937544482422304,bearish,bearish,True,True,True,True,2023
59,49242,49243,49247,2022-11-21 14:42:00+00:00,2022-11-21 14:43:00+00:00,2022-11-21 14:47:00+00:00,short,11664.75,11664.25,11664.0,11689.0,11639.0,11614.0,11589.0,11564.0,73.0,near_trigger,-56.60225131443105,25.0,False,False,False,False,True,stop,11689.0,11689.25,-25.25,0.0,-25.25,-1.01,20.75,27.5,0.83,1.1,5,4.0,0,2022-11-21,1.7315010570824525,0.3515981735159817,0.5737704918032788,partial_bullish,1.0656482436823382,0.7160447838413939,bearish,bearish,True,True,True,True,2023
60,49266,49267,49326,2022-11-21 15:06:00+00:00,2022-11-21 15:07:00+00:00,2022-11-21 16:06:00+00:00,short,11621.75,11622.0,11621.75,11646.75,11596.75,11571.75,11546.75,11521.75,80.93474980326806,high_probability,-79.93474980326806,25.0,True,False,False,False,False,max_holding_time,11602.75,11603.0,18.75,0.0,18.75,0.75,46.75,18.25,1.87,0.73,60,59.0,1,2022-11-21,3.287598944591029,0.3352112676056338,0.6032689450222883,partial_bearish,2.023803024512748,1.7367268297824994,bearish,bearish,False,True,True,False,2023
61,51992,51993,52045,2022-11-23 14:32:00+00:00,2022-11-23 14:33:00+00:00,2022-11-23 15:25:00+00:00,long,11765.25,11765.0,11765.25,11742.75,11790.25,11815.25,11840.25,11865.25,76.78817564344453,near_trigger,59.78817564344453,22.5,True,True,True,True,False,tp4,11865.25,11865.0,99.75,0.0,99.75,4.433333333333334,103.0,10.0,4.5777777777777775,0.4444444444444444,53,52.0,4,2022-11-23,1.0325379609544467,0.6171284634760705,1.4516450648055834,partial_bearish,2.9506694496767296,0.382488418440746,bullish,neutral,True,True,True,False,2023
62,57046,57047,57049,2022-11-29 14:31:00+00:00,2022-11-29 14:32:00+00:00,2022-11-29 14:34:00+00:00,short,11601.25,11601.5,11601.25,11626.25,11576.25,11551.25,11526.25,11501.25,82.61313937296234,high_probability,-61.61313937296234,25.0,False,False,False,False,True,stop,11626.25,11626.5,-25.25,0.0,-25.25,-1.01,3.25,26.75,0.13,1.07,3,2.0,0,2022-11-29,4.107438016528926,1.3618677042801557,0.6176470588235294,strong_bearish,5.62251517053777,0.7623181621521941,bearish,bearish,False,True,True,False,2023
63,57076,57077,57100,2022-11-29 15:01:00+00:00,2022-11-29 15:02:00+00:00,2022-11-29 15:25:00+00:00,short,11590.5,11590.25,11590.0,11615.0,11565.0,11540.0,11515.0,11490.0,71.19231675239809,near_trigger,-42.192316752398085,25.0,True,False,False,False,True,stop,11615.0,11615.25,-25.25,0.0,-25.25,-1.01,28.75,27.5,1.15,1.1,24,23.0,1,2022-11-29,1.760233918128655,2.153846153846154,2.172596517789553,partial_bearish,1.1305464966893963,0.7602002392238515,bearish,bearish,False,True,True,False,2023
64,59805,59806,59807,2022-12-01 14:30:00+00:00,2022-12-01 14:31:00+00:00,2022-12-01 14:32:00+00:00,short,12037.0,12036.5,12036.25,12061.25,12011.25,11986.25,11961.25,11936.25,76.95004044238362,near_trigger,-75.95004044238362,25.0,False,False,False,False,True,stop,12061.25,12061.5,-25.25,0.0,-25.25,-1.01,2.0,36.0,0.08,1.44,2,1.0,0,2022-12-01,3.33214920071048,0.7755395683453237,0.2898550724637681,strong_bearish,14.8220302640446,1.453162914734642,bearish,bearish,True,True,False,False,2023
65,59861,59862,59864,2022-12-01 15:26:00+00:00,2022-12-01 15:27:00+00:00,2022-12-01 15:29:00+00:00,long,11991.75,11992.0,11992.25,11967.25,12017.25,12042.25,12067.25,12092.25,91.32172043010752,a_plus_plus,78.32172043010752,25.0,False,False,False,False,True,stop,11967.25,11967.0,-25.25,0.0,-25.25,-1.01,1.25,30.25,0.05,1.21,3,2.0,0,2022-12-01,1.1591397849462366,3.988527724665393,1.7808336914482166,partial_bearish,1.0104549854791869,1.6738025368419365,bullish,bullish,True,True,True,False,2023
66,62575,62576,62635,2022-12-05 14:40:00+00:00,2022-12-05 14:41:00+00:00,2022-12-05 15:40:00+00:00,short,11948.75,11949.0,11948.75,11973.75,11923.75,11898.75,11873.75,11848.75,72.712318392619,near_trigger,-72.712318392619,25.0,True,True,True,False,False,max_holding_time,11910.0,11910.25,38.5,0.0,38.5,1.54,87.75,22.75,3.51,0.91,60,59.0,3,2022-12-05,0.6339622641509434,1.851508120649652,1.5476673427991885,partial_bearish,1.763461790413446,1.028568933331878,bearish,bearish,True,True,False,False,2023
67,63964,63965,63982,2022-12-06 14:49:00+00:00,2022-12-06 14:50:00+00:00,2022-12-06 15:07:00+00:00,short,11730.0,11730.0,11729.75,11754.75,11704.75,11679.75,11654.75,11629.75,74.0,near_trigger,-40.27214377406932,25.0,True,True,True,True,False,tp4,11629.75,11630.0,99.75,0.0,99.75,3.99,118.0,1.25,4.72,0.05,18,17.0,4,2022-12-06,0.503209242618742,4.9284332688588,4.0355871886121,partial_bearish,1.0843305380194102,1.520050721191948,bearish,bearish,False,True,True,False,2023
68,65332,65333,65344,2022-12-07 14:37:00+00:00,2022-12-07 14:38:00+00:00,2022-12-07 14:49:00+00:00,short,11577.25,11577.25,11577.0,11602.0,11552.0,11527.0,11502.0,11477.0,75.2304761904762,near_trigger,-63.2304761904762,25.0,True,True,True,True,False,tp4,11477.0,11477.25,99.75,0.0,99.75,3.99,105.75,12.0,4.23,0.48,12,11.0,4,2022-12-07,3.6,2.526994359387591,2.165042235217674,strong_bullish,2.308657854364569,1.5947505325469125,bearish,bearish,True,True,False,False,2023
69,65355,65356,65357,2022-12-07 15:00:00+00:00,2022-12-07 15:01:00+00:00,2022-12-07 15:02:00+00:00,short,11448.75,11448.75,11448.5,11473.5,11423.5,11398.5,11373.5,11348.5,70.17751205613304,near_trigger,-69.17751205613304,25.0,False,False,False,False,True,stop,11473.5,11473.75,-25.25,0.0,-25.25,-1.01,8.25,36.5,0.33,1.46,2,1.0,0,2022-12-07,1.7517241379310344,2.5524437122460184,0.4599722350763535,strong_bearish,1.6627732273542384,1.353917552624725,bearish,bearish,False,True,True,False,2023
70,65363,65364,65406,2022-12-07 15:08:00+00:00,2022-12-07 15:09:00+00:00,2022-12-07 15:51:00+00:00,short,11520.75,11520.5,11520.25,11545.25,11495.25,11470.25,11445.25,11420.25,77.92943489983449,near_trigger,-68.92943489983449,25.0,True,True,False,False,True,stop,11545.25,11545.5,-25.25,0.0,-25.25,-1.01,62.75,40.25,2.51,1.61,43,42.0,2,2022-12-07,2.1816443594646278,1.693548387096774,0.4599722350763535,partial_bearish,1.0192633047401385,1.4936495969378878,bearish,bearish,True,True,True,False,2023
71,66725,66726,66728,2022-12-08 14:50:00+00:00,2022-12-08 14:51:00+00:00,2022-12-08 14:53:00+00:00,short,11530.5,11530.75,11530.5,11555.5,11505.5,11480.5,11455.5,11430.5,70.0,near_trigger,-25.400944789627744,25.0,False,False,False,False,True,stop,11555.5,11555.75,-25.25,0.0,-25.25,-1.01,0.5,33.0,0.02,1.32,3,2.0,0,2022-12-08,2.499416569428238,2.076788830715532,3.094736842105263,partial_bearish,1.038853766242018,1.197217476202099,bearish,bearish,False,True,True,True,2023
72,66740,66741,66800,2022-12-08 15:05:00+00:00,2022-12-08 15:06:00+00:00,2022-12-08 16:05:00+00:00,long,11628.25,11628.25,11628.5,11603.5,11653.5,11678.5,11703.5,11728.5,84.97749360613811,high_probability,71.97749360613811,25.0,True,False,False,False,False,max_holding_time,11637.0,11636.75,8.25,0.0,8.25,0.33,42.75,21.0,1.71,0.84,60,59.0,1,2022-12-08,1.3248081841432229,3.710280373831776,0.7488738738738738,strong_bullish,1.5720080015030449,2.0339758622662014,bullish,bullish,False,True,True,False,2023
73,68086,68087,68088,2022-12-09 14:31:00+00:00,2022-12-09 14:32:00+00:00,2022-12-09 14:33:00+00:00,short,11569.25,11569.75,11569.5,11594.5,11544.5,11519.5,11494.5,11469.5,73.8229156258043,near_trigger,-60.8229156258043,25.0,False,False,False,False,True,stop,11594.5,11594.75,-25.25,0.0,-25.25,-1.01,19.5,33.0,0.78,1.32,2,1.0,0,2022-12-09,1.8167938931297711,0.1249442213297634,2.9392265193370166,strong_bearish,6.559719994166546,1.0214833991915335,bearish,bearish,True,True,False,False,2023
74,72260,72261,72320,2022-12-14 15:06:00+00:00,2022-12-14 15:07:00+00:00,2022-12-14 16:06:00+00:00,long,12027.0,12027.0,12027.25,12002.25,12052.25,12077.25,12102.25,12127.25,72.66423259259587,near_trigger,69.66423259259587,25.0,True,False,False,False,False,max_holding_time,12034.5,12034.25,7.0,0.0,7.0,0.28,28.5,21.5,1.14,0.86,60,59.0,1,2022-12-14,1.3608521970705725,1.1122031122031122,2.487603305785124,strong_bullish,0.8224994910275426,0.7213365642137483,bullish,bullish,False,False,True,False,2023
75,73606,73607,73633,2022-12-15 14:32:00+00:00,2022-12-15 14:33:00+00:00,2022-12-15 14:59:00+00:00,short,11659.5,11659.5,11659.25,11684.25,11634.25,11609.25,11584.25,11559.25,70.47785336356765,near_trigger,-53.47785336356765,25.0,True,True,True,True,False,tp4,11559.25,11559.5,99.75,0.0,99.75,3.99,102.0,4.5,4.08,0.18,27,26.0,4,2022-12-15,1.4197183098591548,0.6589506172839507,1.204398447606727,strong_bearish,4.1845403899721445,1.1354875283446713,bearish,bearish,True,True,True,False,2023
76,73635,73636,73695,2022-12-15 15:01:00+00:00,2022-12-15 15:02:00+00:00,2022-12-15 16:01:00+00:00,short,11552.5,11552.0,11551.75,11576.75,11526.75,11501.75,11476.75,11451.75,77.68851750021142,near_trigger,-77.68851750021142,25.0,True,False,False,False,False,max_holding_time,11527.0,11527.25,24.5,0.0,24.5,0.98,48.0,23.0,1.92,0.92,60,59.0,1,2022-12-15,2.4432548179871523,2.132295719844358,2.6043498380379453,strong_bearish,0.9249622671262192,1.0342699530220785,bearish,bearish,False,True,True,False,2023
77,74993,74994,74997,2022-12-16 14:39:00+00:00,2022-12-16 14:40:00+00:00,2022-12-16 14:43:00+00:00,short,11417.5,11417.75,11417.5,11442.5,11392.5,11367.5,11342.5,11317.5,72.66946800877987,near_trigger,-45.66946800877987,25.0,False,False,False,False,True,stop,11442.5,11442.75,-25.25,0.0,-25.25,-1.01,11.0,35.0,0.44,1.4,4,3.0,0,2022-12-16,0.9795221843003412,2.2842724978973927,0.8436911487758945,partial_bullish,1.2457149075871077,0.904076770176524,neutral,bearish,True,False,True,False,2023
78,75001,75002,75003,2022-12-16 14:47:00+00:00,2022-12-16 14:48:00+00:00,2022-12-16 14:49:00+00:00,short,11439.25,11439.25,11439.0,11464.0,11414.0,11389.0,11364.0,11339.0,70.87539952685638,near_trigger,-57.875399526856384,25.0,False,False,False,False,True,stop,11464.0,11464.25,-25.25,0.0,-25.25,-1.01,0.0,48.75,0.0,1.95,2,1.0,0,2022-12-16,0.0115990057995029,2.4279720279720283,1.3132892363199038,partial_bullish,1.415744050213582,1.668109583412816,neutral,bearish,True,False,True,False,2023
79,75038,75039,75098,2022-12-16 15:24:00+00:00,2022-12-16 15:25:00+00:00,2022-12-16 16:24:00+00:00,short,11348.5,11348.25,11348.0,11373.0,11323.0,11298.0,11273.0,11248.0,70.14556574923547,near_trigger,-49.14556574923547,25.0,True,False,False,False,False,max_holding_time,11311.75,11312.0,36.0,0.0,36.0,1.44,41.5,18.5,1.66,0.74,60,59.0,1,2022-12-16,1.853211009174312,2.798689138576779,0.7099132023755139,strong_bearish,1.142343601777423,1.698883746256466,neutral,bearish,False,True,True,False,2023
80,77783,77784,77788,2022-12-20 15:09:00+00:00,2022-12-20 15:10:00+00:00,2022-12-20 15:14:00+00:00,short,11169.25,11169.0,11168.75,11193.75,11143.75,11118.75,11093.75,11068.75,78.12539345101641,near_trigger,-78.12539345101641,25.0,False,False,False,False,True,stop,11193.75,11194.0,-25.25,0.0,-25.25,-1.01,10.75,25.0,0.43,1.0,5,4.0,0,2022-12-20,0.5732758620689654,1.2893642305407012,0.4745762711864407,partial_bullish,0.87521942294855,1.2856598086037518,bearish,bearish,True,True,True,False,2023
81,79124,79125,79125,2022-12-21 14:30:00+00:00,2022-12-21 14:31:00+00:00,2022-12-21 14:31:00+00:00,long,11229.25,11228.75,11229.0,11204.0,11254.0,11279.0,11304.0,11329.0,88.6029834328985,high_probability,51.6029834328985,25.0,False,False,False,False,True,stop,11204.0,11203.75,-25.25,0.0,-25.25,-1.01,0.0,29.25,0.0,1.17,1,0.0,0,2022-12-21,1.1878787878787878,0.7573770491803279,1.501818181818182,partial_bearish,13.59234560742244,0.9823424228877962,bullish,bullish,True,True,True,False,2023
82,79126,79127,79164,2022-12-21 14:32:00+00:00,2022-12-21 14:33:00+00:00,2022-12-21 15:10:00+00:00,long,11192.5,11192.25,11192.5,11167.5,11217.5,11242.5,11267.5,11292.5,79.0,near_trigger,49.62822475741282,25.0,True,True,True,True,False,tp4,11292.5,11292.25,99.75,0.0,99.75,3.99,104.25,11.5,4.17,0.46,38,37.0,4,2022-12-21,3.226215644820296,0.7573770491803279,1.501818181818182,strong_bearish,5.125353030632197,1.105674596479388,bullish,bullish,True,True,True,False,2023
83,80505,80506,80535,2022-12-22 14:31:00+00:00,2022-12-22 14:32:00+00:00,2022-12-22 15:01:00+00:00,short,11180.0,11179.75,11179.5,11204.5,11154.5,11129.5,11104.5,11079.5,83.20647710630303,high_probability,-46.20647710630303,25.0,True,True,True,True,False,tp4,11079.5,11079.75,99.75,0.0,99.75,3.99,101.75,0.25,4.07,0.01,30,29.0,4,2022-12-22,2.919597989949749,0.1620658949243099,3.835137385512073,partial_bearish,8.67712747680678,1.2560722871590817,bearish,neutral,True,True,True,True,2023
84,80536,80537,80596,2022-12-22 15:02:00+00:00,2022-12-22 15:03:00+00:00,2022-12-22 16:02:00+00:00,short,11077.75,11078.75,11078.5,11103.5,11053.5,11028.5,11003.5,10978.5,77.96284761823502,near_trigger,-76.96284761823502,25.0,True,True,True,False,False,max_holding_time,11009.5,11009.75,68.75,0.0,68.75,2.75,80.0,6.25,3.2,0.25,60,59.0,3,2022-12-22,2.8380952380952382,0.8968386023294509,3.421641791044776,strong_bearish,1.9175555957331405,1.428860118285799,bearish,bearish,False,True,True,False,2023
85,81896,81897,81899,2022-12-23 14:42:00+00:00,2022-12-23 14:43:00+00:00,2022-12-23 14:45:00+00:00,long,10996.25,10996.75,10997.0,10972.0,11022.0,11047.0,11072.0,11097.0,71.70009594706369,near_trigger,70.70009594706369,25.0,False,False,False,False,True,stop,10972.0,10971.75,-25.25,0.0,-25.25,-1.01,1.75,30.25,0.07,1.21,3,2.0,0,2022-12-23,1.8933002481389576,2.13510747185261,2.130558955528356,partial_bearish,1.9049448649479384,1.8734413179837268,bullish,bullish,True,True,False,False,2023
86,81915,81916,81922,2022-12-23 15:01:00+00:00,2022-12-23 15:02:00+00:00,2022-12-23 15:08:00+00:00,short,10948.25,10947.25,10947.0,10972.0,10922.0,10897.0,10872.0,10847.0,72.98318751498138,near_trigger,-55.98318751498138,25.0,True,False,False,False,True,stop,10972.0,10972.25,-25.25,0.0,-25.25,-1.01,31.25,31.0,1.25,1.24,7,6.0,1,2022-12-23,0.9246231155778896,1.1755725190839696,3.5092226613965742,partial_bearish,1.6787930246228202,1.4697910591141454,bearish,bearish,True,True,False,False,2023
87,83302,83303,83312,2022-12-27 15:08:00+00:00,2022-12-27 15:09:00+00:00,2022-12-27 15:18:00+00:00,short,10923.0,10923.0,10922.75,10947.75,10897.75,10872.75,10847.75,10822.75,70.0,near_trigger,-47.43957424090817,25.0,False,False,False,False,True,stop,10947.75,10948.0,-25.25,0.0,-25.25,-1.01,17.75,51.25,0.71,2.05,10,9.0,0,2022-12-27,1.2897473997028233,2.162450066577896,3.800687285223368,partial_bearish,0.8148410576830172,0.6640507093268941,bearish,bearish,False,True,True,False,2023
88,84667,84668,84669,2022-12-28 14:53:00+00:00,2022-12-28 14:54:00+00:00,2022-12-28 14:55:00+00:00,short,10928.25,10928.0,10927.75,10952.75,10902.75,10877.75,10852.75,10827.75,74.59621749408983,near_trigger,-61.59621749408983,25.0,False,False,False,False,True,stop,10952.75,10953.0,-25.25,0.0,-25.25,-1.01,6.5,29.5,0.26,1.18,2,1.0,0,2022-12-28,2.75177304964539,2.6676994577846638,1.2023898431665423,partial_bullish,1.00446807307279,1.5647025655483509,bearish,bearish,True,True,False,False,2023
89,84699,84700,84734,2022-12-28 15:25:00+00:00,2022-12-28 15:26:00+00:00,2022-12-28 16:00:00+00:00,short,10923.5,10923.75,10923.5,10948.5,10898.5,10873.5,10848.5,10823.5,92.9593220338983,a_plus_plus,-63.9593220338983,25.0,True,True,True,True,False,tp4,10823.5,10823.75,99.75,0.0,99.75,3.99,100.5,0.75,4.02,0.03,35,34.0,4,2022-12-28,2.8532608695652173,0.1909758656873032,0.943089430894309,partial_bearish,2.447206147424343,2.222988228400062,bearish,bearish,True,True,True,True,2023
90,86029,86030,86072,2022-12-29 14:35:00+00:00,2022-12-29 14:36:00+00:00,2022-12-29 15:18:00+00:00,long,10906.5,10906.25,10906.5,10881.5,10931.5,10956.5,10981.5,11006.5,74.41401613618808,near_trigger,53.41401613618808,25.0,True,True,True,True,False,tp4,11006.5,11006.25,99.75,0.0,99.75,3.99,104.25,8.0,4.17,0.32,43,42.0,4,2022-12-29,1.6884422110552764,0.5861733203505355,1.603883495145631,strong_bullish,2.8608820834969246,0.963547406003438,bullish,bullish,True,True,False,False,2023
91,86073,86074,86133,2022-12-29 15:19:00+00:00,2022-12-29 15:20:00+00:00,2022-12-29 16:19:00+00:00,long,11011.75,11011.75,11012.0,10987.0,11037.0,11062.0,11087.0,11112.0,74.32431197898823,near_trigger,71.32431197898823,25.0,True,False,False,False,False,max_holding_time,11021.25,11021.0,9.0,0.0,9.0,0.36,26.75,22.25,1.07,0.89,60,59.0,1,2022-12-29,2.0625,0.9295774647887324,3.276595744680851,strong_bullish,0.8825216503210823,1.1373758136348064,bullish,bullish,False,True,True,False,2023
92,88787,88788,88789,2023-01-03 14:33:00+00:00,2023-01-03 14:34:00+00:00,2023-01-03 14:35:00+00:00,long,11134.25,11134.0,11134.25,11109.25,11159.25,11184.25,11209.25,11234.25,83.85998896554283,high_probability,59.859988965542826,25.0,False,False,False,False,True,stop,11109.25,11109.0,-25.25,0.0,-25.25,-1.01,7.5,33.0,0.3,1.32,2,1.0,0,2023-01-03,0.765625,0.7878077373974208,1.1355831853167555,strong_bullish,2.888580931263858,0.9663959051963948,bullish,bullish,True,True,True,False,2023
93,88790,88791,88802,2023-01-03 14:36:00+00:00,2023-01-03 14:37:00+00:00,2023-01-03 14:48:00+00:00,long,11103.5,11103.5,11103.75,11078.75,11128.75,11153.75,11178.75,11203.75,74.0,near_trigger,46.24961739720181,25.0,True,True,True,False,True,stop,11078.75,11078.5,-25.25,0.0,-25.25,-1.01,78.0,44.75,3.12,1.79,12,11.0,3,2023-01-03,0.7494949494949495,0.247787610619469,1.1355831853167555,partial_bullish,1.5733402885059085,0.8392551369863014,bullish,bullish,True,True,True,False,2023
94,90164,90165,90166,2023-01-04 14:30:00+00:00,2023-01-04 14:31:00+00:00,2023-01-04 14:32:00+00:00,long,11006.5,11006.0,11006.25,10981.25,11031.25,11056.25,11081.25,11106.25,71.0,near_trigger,32.89740571126464,25.0,False,False,False,False,True,stop,10981.25,10981.0,-25.25,0.0,-25.25,-1.01,16.5,31.25,0.66,1.25,2,1.0,0,2023-01-04,1.0866425992779785,1.5272727272727271,0.9319826338639652,partial_bullish,12.450364413169138,1.3175269110323595,bullish,bullish,False,True,True,False,2023
95,90167,90168,90194,2023-01-04 14:33:00+00:00,2023-01-04 14:34:00+00:00,2023-01-04 15:00:00+00:00,long,10965.75,10966.0,10966.25,10941.25,10991.25,11016.25,11041.25,11066.25,71.0,near_trigger,48.2267991301862,25.0,True,True,True,False,True,stop,10941.25,10941.0,-25.25,0.0,-25.25,-1.01,80.5,42.75,3.22,1.71,27,26.0,3,2023-01-04,4.885026737967914,1.5272727272727271,0.9319826338639652,partial_bullish,3.437009595842659,1.2873758154504369,bullish,bullish,False,True,True,False,2023
96,90210,90211,90217,2023-01-04 15:16:00+00:00,2023-01-04 15:17:00+00:00,2023-01-04 15:23:00+00:00,long,10918.25,10918.75,10919.0,10894.0,10944.0,10969.0,10994.0,11019.0,72.0668728044073,near_trigger,72.0668728044073,25.0,False,False,False,False,True,stop,10894.0,10893.75,-25.25,0.0,-25.25,-1.01,8.75,29.5,0.35,1.18,7,6.0,0,2023-01-04,1.7924242424242425,2.0476190476190474,3.0455717970765264,partial_bearish,0.5913198337840512,1.157390223828812,bullish,bullish,True,False,False,False,2023
97,92927,92928,92930,2023-01-06 14:33:00+00:00,2023-01-06 14:34:00+00:00,2023-01-06 14:36:00+00:00,long,10920.75,10920.5,10920.75,10895.75,10945.75,10970.75,10995.75,11020.75,76.46666666666667,near_trigger,63.46666666666667,25.0,False,False,False,False,True,stop,10895.75,10895.5,-25.25,0.0,-25.25,-1.01,24.25,29.25,0.97,1.17,3,2.0,0,2023-01-06,2.0597014925373136,0.893735130848533,2.5221465076660987,partial_bullish,3.079985072770245,1.621616564216278,bullish,bullish,True,True,False,False,2023
98,92945,92946,92966,2023-01-06 14:51:00+00:00,2023-01-06 14:52:00+00:00,2023-01-06 15:12:00+00:00,long,10812.5,10812.25,10812.5,10787.5,10837.5,10862.5,10887.5,10912.5,80.91581543272392,high_probability,51.91581543272392,25.0,True,True,True,True,False,tp4,10912.5,10912.25,99.75,0.0,99.75,3.99,105.0,11.25,4.2,0.45,21,20.0,4,2023-01-06,0.6863813229571984,1.8269947800149144,0.4768392370572207,partial_bullish,0.8420661091996366,1.525700510640504,bullish,bullish,False,False,True,False,2023
99,92969,92970,92981,2023-01-06 15:15:00+00:00,2023-01-06 15:16:00+00:00,2023-01-06 15:27:00+00:00,long,10909.0,10908.75,10909.0,10884.0,10934.0,10959.0,10984.0,11009.0,74.88152251157292,near_trigger,53.881522511572925,25.0,True,False,False,False,True,stop,10884.0,10883.75,-25.25,0.0,-25.25,-1.01,33.5,25.75,1.34,1.03,12,11.0,1,2023-01-06,0.5707226683137739,1.7949932341001351,0.8195890796509991,partial_bullish,1.2000992273132367,1.899706216003956,bullish,bullish,False,True,True,False,2023
100,94312,94313,94327,2023-01-09 14:38:00+00:00,2023-01-09 14:39:00+00:00,2023-01-09 14:53:00+00:00,long,11202.25,11202.25,11202.5,11177.5,11227.5,11252.5,11277.5,11302.5,70.0,near_trigger,65.47387179782618,25.0,True,True,True,True,False,tp4,11302.5,11302.25,99.75,0.0,99.75,3.99,106.25,5.75,4.25,0.23,15,14.0,4,2023-01-09,1.0606060606060606,2.5607886089813805,2.3289962825278807,partial_bullish,1.105536642178821,0.85309367438645,bullish,bullish,False,True,True,False,2023
101,95685,95686,95687,2023-01-10 14:31:00+00:00,2023-01-10 14:32:00+00:00,2023-01-10 14:33:00+00:00,short,11181.75,11181.75,11181.5,11206.5,11156.5,11131.5,11106.5,11081.5,70.0,near_trigger,-40.88696710146824,25.0,False,False,False,False,True,stop,11206.5,11206.75,-25.25,0.0,-25.25,-1.01,8.25,29.5,0.33,1.18,2,1.0,0,2023-01-10,2.241573033707865,1.220125786163522,0.8134556574923547,partial_bullish,5.35319041295137,1.2309683423735225,bearish,neutral,True,False,True,False,2023
102,95688,95689,95726,2023-01-10 14:34:00+00:00,2023-01-10 14:35:00+00:00,2023-01-10 15:12:00+00:00,short,11239.25,11240.0,11239.75,11264.75,11214.75,11189.75,11164.75,11139.75,79.0,near_trigger,-49.6,25.0,True,True,True,False,True,stop,11264.75,11265.0,-25.25,0.0,-25.25,-1.01,97.5,27.25,3.9,1.09,38,37.0,3,2023-01-10,5.460992907801418,1.220125786163522,0.8134556574923547,partial_bullish,4.273550168763425,2.032951995183097,bearish,bearish,True,False,True,False,2023
103,95730,95731,95732,2023-01-10 15:16:00+00:00,2023-01-10 15:17:00+00:00,2023-01-10 15:18:00+00:00,long,11282.25,11282.0,11282.25,11257.25,11307.25,11332.25,11357.25,11382.25,87.81163177135261,high_probability,73.81163177135261,25.0,False,False,False,False,True,stop,11257.25,11257.0,-25.25,0.0,-25.25,-1.01,0.25,26.75,0.01,1.07,2,1.0,0,2023-01-10,3.1545363908275177,1.6014975041597337,2.93650143383859,strong_bullish,1.502684981063818,2.2158873051596237,bullish,bullish,False,True,True,False,2023
104,95736,95737,95743,2023-01-10 15:22:00+00:00,2023-01-10 15:23:00+00:00,2023-01-10 15:29:00+00:00,long,11230.5,11230.0,11230.25,11205.25,11255.25,11280.25,11305.25,11330.25,70.0,near_trigger,46.6516852938404,25.0,False,False,False,False,True,stop,11205.25,11205.0,-25.25,0.0,-25.25,-1.01,20.5,31.75,0.82,1.27,7,6.0,0,2023-01-10,2.516385302879841,0.6779661016949152,2.93650143383859,partial_bullish,0.6364484825314007,1.0024263677098275,bullish,bullish,False,True,True,False,2023
105,97067,97068,97127,2023-01-11 14:33:00+00:00,2023-01-11 14:34:00+00:00,2023-01-11 15:33:00+00:00,long,11307.25,11307.0,11307.25,11282.25,11332.25,11357.25,11382.25,11407.25,71.63859812119127,near_trigger,71.63859812119127,25.0,True,True,True,False,False,max_holding_time,11362.5,11362.25,55.0,0.0,55.0,2.2,81.5,5.0,3.26,0.2,60,59.0,3,2023-01-11,1.912676056338028,1.1264367816091954,0.6953199617956064,partial_bullish,3.707595148940927,1.188122358335124,bullish,bullish,True,True,False,False,2023
106,98444,98445,98446,2023-01-12 14:30:00+00:00,2023-01-12 14:31:00+00:00,2023-01-12 14:32:00+00:00,long,11515.25,11514.75,11515.0,11490.0,11540.0,11565.0,11590.0,11615.0,71.09040448774726,near_trigger,38.090404487747264,25.0,False,False,False,False,True,stop,11490.0,11489.75,-25.25,0.0,-25.25,-1.01,3.5,60.25,0.14,2.41,2,1.0,0,2023-01-12,1.50044286979628,1.1389713155291792,0.23658464275126,partial_bearish,4.1936086131250585,1.6234122132347184,neutral,bullish,False,True,True,False,2023
107,98501,98502,98511,2023-01-12 15:27:00+00:00,2023-01-12 15:28:00+00:00,2023-01-12 15:37:00+00:00,short,11471.75,11471.75,11471.5,11496.5,11446.5,11421.5,11396.5,11371.5,70.02460443918577,near_trigger,-70.02460443918577,25.0,True,False,False,False,True,stop,11496.5,11496.75,-25.25,0.0,-25.25,-1.01,38.25,25.75,1.53,1.03,10,9.0,1,2023-01-12,0.5129579982126898,2.2875237492083595,0.7911620990014872,partial_bearish,0.5900810360978981,1.3390295750521124,bearish,bearish,True,False,True,False,2023
108,101234,101235,101294,2023-01-16 15:00:00+00:00,2023-01-16 15:01:00+00:00,2023-01-16 16:00:00+00:00,long,11604.0,11604.25,11604.5,11579.5,11629.5,11654.5,11679.5,11704.5,88.7308684982525,high_probability,75.7308684982525,25.0,False,False,False,False,False,max_holding_time,11593.75,11593.5,-11.0,0.0,-11.0,-0.44,3.75,23.0,0.15,0.92,60,59.0,0,2023-01-16,1.8260869565217392,0.4136363636363636,0.6387832699619772,strong_bullish,2.96943231441048,0.1666081360306428,bullish,bullish,True,True,True,False,2023
109,102352,102353,102356,2023-01-17 14:38:00+00:00,2023-01-17 14:39:00+00:00,2023-01-17 14:42:00+00:00,short,11567.25,11567.25,11567.0,11592.0,11542.0,11517.0,11492.0,11467.0,77.26083309988016,near_trigger,-44.26083309988016,25.0,False,False,False,False,True,stop,11592.0,11592.25,-25.25,0.0,-25.25,-1.01,17.75,26.75,0.71,1.07,4,3.0,0,2023-01-17,1.363533408833522,0.8067796610169491,2.357076780758557,partial_bullish,2.032111899133176,1.4170253686235,neutral,bearish,True,True,True,False,2023
110,103765,103766,103772,2023-01-18 15:11:00+00:00,2023-01-18 15:12:00+00:00,2023-01-18 15:18:00+00:00,long,11727.5,11727.75,11728.0,11703.0,11753.0,11778.0,11803.0,11828.0,78.0,near_trigger,38.40847407817106,25.0,False,False,False,False,True,stop,11703.0,11702.75,-25.25,0.0,-25.25,-1.01,10.0,34.25,0.4,1.37,7,6.0,0,2023-01-18,1.742971887550201,1.8704839809134288,2.0552188552188557,partial_bullish,0.8394068283710772,1.05279852360218,bullish,bullish,True,True,True,True,2023
111,105117,105118,105177,2023-01-19 14:43:00+00:00,2023-01-19 14:44:00+00:00,2023-01-19 15:43:00+00:00,short,11403.5,11404.0,11403.75,11428.75,11378.75,11353.75,11328.75,11303.75,95.48412753825752,a_plus_plus,-77.48412753825752,25.0,True,True,False,False,False,max_holding_time,11366.0,11366.25,37.5,0.0,37.5,1.5,54.75,14.0,2.19,0.56,60,59.0,2,2023-01-19,1.893967093235832,2.6744186046511627,1.9154228855721396,partial_bullish,1.5203375923103972,1.2985907736977798,bearish,bearish,True,True,True,True,2023
112,106484,106485,106489,2023-01-20 14:30:00+00:00,2023-01-20 14:31:00+00:00,2023-01-20 14:35:00+00:00,long,11411.0,11411.0,11411.25,11386.25,11436.25,11461.25,11486.25,11511.25,71.0,near_trigger,41.03966470196532,25.0,False,False,False,False,True,stop,11386.25,11386.0,-25.25,0.0,-25.25,-1.01,8.0,25.75,0.32,1.03,5,4.0,0,2023-01-20,3.579908675799087,0.9290123456790124,0.6932185145317545,partial_bearish,10.821148825065274,1.0253143419075126,bullish,bullish,False,True,True,False,2023
113,106494,106495,106554,2023-01-20 14:40:00+00:00,2023-01-20 14:41:00+00:00,2023-01-20 15:40:00+00:00,long,11421.5,11421.5,11421.75,11396.75,11446.75,11471.75,11496.75,11521.75,72.4226501859088,near_trigger,59.42265018590879,25.0,True,True,True,False,False,max_holding_time,11474.25,11474.0,52.25,0.0,52.25,2.09,76.5,5.75,3.06,0.23,60,59.0,3,2023-01-20,1.9228149829738928,1.0831408775981526,0.6932185145317545,partial_bearish,1.5593209612859336,0.895202455993751,bullish,bullish,True,False,False,False,2023
114,107865,107866,107881,2023-01-23 14:31:00+00:00,2023-01-23 14:32:00+00:00,2023-01-23 14:47:00+00:00,long,11678.75,11679.25,11679.5,11654.5,11704.5,11729.5,11754.5,11779.5,79.0,near_trigger,75.21264206578684,25.0,True,True,True,True,False,tp4,11779.5,11779.25,99.75,0.0,99.75,3.99,106.0,5.0,4.24,0.2,16,15.0,4,2023-01-23,3.1283185840707968,0.9634831460674158,0.0267686424474187,partial_bearish,7.096594392731732,0.9112249864017636,bullish,bullish,True,True,True,False,2023
115,107899,107900,107958,2023-01-23 15:05:00+00:00,2023-01-23 15:06:00+00:00,2023-01-23 16:04:00+00:00,long,11797.25,11797.5,11797.75,11772.75,11822.75,11847.75,11872.75,11897.75,70.0,near_trigger,70.0,25.0,True,True,True,True,False,tp4,11897.75,11897.5,99.75,0.0,99.75,3.99,118.5,6.0,4.74,0.24,59,58.0,4,2023-01-23,2.163265306122449,3.4975438596491224,3.465,partial_bullish,1.081806088457437,1.2050405966420514,bullish,bullish,False,True,True,False,2023
116,109249,109250,109250,2023-01-24 14:35:00+00:00,2023-01-24 14:36:00+00:00,2023-01-24 14:36:00+00:00,short,11863.5,11863.5,11863.25,11885.5,11838.25,11813.25,11788.25,11763.25,72.06424766273804,near_trigger,-72.06424766273804,22.25,False,False,False,False,True,stop,11885.5,11885.75,-22.5,0.0,-22.5,-1.0112359550561798,0.25,22.75,0.0112359550561797,1.0224719101123596,1,0.0,0,2023-01-24,1.4636363636363636,1.2901023890784984,1.2552742616033756,partial_bullish,1.9227886963038168,0.6250049110896333,bearish,bearish,True,True,False,False,2023
117,109271,109272,109289,2023-01-24 14:57:00+00:00,2023-01-24 14:58:00+00:00,2023-01-24 15:15:00+00:00,short,11906.25,11906.75,11906.5,11931.5,11881.5,11856.5,11831.5,11806.5,90.80021074815596,a_plus_plus,-61.80021074815595,25.0,True,True,False,False,True,stop,11931.5,11931.75,-25.25,0.0,-25.25,-1.01,68.5,30.25,2.74,1.21,18,17.0,2,2023-01-24,1.386722866174921,3.782041442824252,0.7075812274368232,partial_bullish,1.1980543186515975,1.90671031096563,bearish,bearish,True,True,True,True,2023
118,110624,110625,110634,2023-01-25 14:30:00+00:00,2023-01-25 14:31:00+00:00,2023-01-25 14:40:00+00:00,short,11688.0,11688.5,11688.25,11713.25,11663.25,11638.25,11613.25,11588.25,81.85191422367652,high_probability,-80.85191422367652,25.0,True,False,False,False,True,stop,11713.25,11713.5,-25.25,0.0,-25.25,-1.01,29.5,27.25,1.18,1.09,10,9.0,1,2023-01-25,2.5251989389920424,0.6479663394109396,2.124661246612466,partial_bearish,14.355522313637495,1.048669584696733,bearish,bearish,False,True,True,False,2023
119,113443,113444,113460,2023-01-27 15:29:00+00:00,2023-01-27 15:30:00+00:00,2023-01-27 15:46:00+00:00,long,12167.25,12167.25,12167.5,12142.5,12192.5,12217.5,12242.5,12267.5,87.7543696664242,high_probability,87.7543696664242,25.0,False,False,False,False,True,stop,12142.5,12142.25,-25.25,0.0,-25.25,-1.01,14.25,37.0,0.57,1.48,17,16.0,0,2023-01-27,0.9051724137931034,0.8500619578686492,3.679715302491103,strong_bullish,1.1726972035682068,1.4687158151462438,bullish,bullish,True,True,True,True,2023
120,116148,116149,116150,2023-01-31 14:34:00+00:00,2023-01-31 14:35:00+00:00,2023-01-31 14:36:00+00:00,long,12024.25,12024.75,12025.0,12000.0,12050.0,12075.0,12100.0,12125.0,78.80012833144569,near_trigger,52.80012833144569,25.0,False,False,False,False,True,stop,12000.0,11999.75,-25.25,0.0,-25.25,-1.01,3.0,26.0,0.12,1.04,2,1.0,0,2023-01-31,3.495608531994981,1.632340425531915,2.059135708870357,partial_bullish,3.3912429378531077,1.289947080471709,bullish,bullish,True,True,False,False,2023
121,116189,116190,116249,2023-01-31 15:15:00+00:00,2023-01-31 15:16:00+00:00,2023-01-31 16:15:00+00:00,long,12034.25,12034.0,12034.25,12009.25,12059.25,12084.25,12109.25,12134.25,78.0463115337985,near_trigger,71.0463115337985,25.0,True,True,False,False,False,max_holding_time,12076.25,12076.0,41.75,0.0,41.75,1.67,58.0,14.75,2.32,0.59,60,59.0,2,2023-01-31,1.6439393939393938,0.2485604606525911,0.9492833517089304,partial_bullish,0.9168482624154146,1.0239135168368063,bullish,bullish,True,True,True,False,2023
122,117532,117533,117592,2023-02-01 14:38:00+00:00,2023-02-01 14:39:00+00:00,2023-02-01 15:38:00+00:00,long,12128.25,12128.5,12128.75,12103.75,12153.75,12178.75,12203.75,12228.75,72.53424616394204,near_trigger,53.53424616394204,25.0,True,False,False,False,False,max_holding_time,12134.25,12134.0,5.25,0.0,5.25,0.21,29.0,21.25,1.16,0.85,60,59.0,1,2023-02-01,0.3821339950372208,2.3264705882352943,0.3425531914893617,partial_bullish,1.5511702615878844,0.7553532973060827,bullish,bullish,True,True,False,False,2023
123,118926,118927,118933,2023-02-02 14:52:00+00:00,2023-02-02 14:53:00+00:00,2023-02-02 14:59:00+00:00,long,12699.5,12699.5,12699.75,12674.75,12724.75,12749.75,12774.75,12799.75,74.41517543859649,near_trigger,70.41517543859649,25.0,False,False,False,False,True,stop,12674.75,12674.5,-25.25,0.0,-25.25,-1.01,20.25,30.75,0.81,1.23,7,6.0,0,2023-02-02,1.553125,2.351145038167939,3.1149354640442533,partial_bullish,1.219738313469497,1.7148615963450686,bullish,bullish,True,True,False,False,2023
124,118951,118952,118976,2023-02-02 15:17:00+00:00,2023-02-02 15:18:00+00:00,2023-02-02 15:42:00+00:00,long,12711.75,12711.75,12712.0,12687.0,12737.0,12762.0,12787.0,12812.0,82.63505032563647,high_probability,81.63505032563647,25.0,True,True,True,True,False,tp4,12812.0,12811.75,99.75,0.0,99.75,3.99,104.75,6.75,4.19,0.27,25,24.0,4,2023-02-02,1.492007104795737,1.1753086419753087,0.6784140969162996,partial_bullish,1.5412598834403652,1.779301478465824,bullish,bullish,False,True,True,False,2023
125,120285,120286,120300,2023-02-03 14:31:00+00:00,2023-02-03 14:32:00+00:00,2023-02-03 14:46:00+00:00,long,12607.75,12607.75,12608.0,12583.0,12633.0,12658.0,12683.0,12708.0,74.184984984985,near_trigger,20.184984984984997,25.0,True,True,True,True,False,tp4,12708.0,12707.75,99.75,0.0,99.75,3.99,107.75,12.0,4.31,0.48,15,14.0,4,2023-02-03,2.9954954954954958,0.4907975460122699,4.299915038232795,partial_bearish,5.912300055157198,1.556749691380437,neutral,neutral,True,True,True,False,2023
126,120330,120331,120390,2023-02-03 15:16:00+00:00,2023-02-03 15:17:00+00:00,2023-02-03 16:16:00+00:00,long,12773.0,12772.5,12772.75,12747.75,12797.75,12822.75,12847.75,12872.75,75.52620594605237,near_trigger,46.52620594605237,25.0,True,True,True,False,False,max_holding_time,12830.25,12830.0,57.25,0.0,57.25,2.29,84.5,13.75,3.38,0.55,60,59.0,3,2023-02-03,2.604843473124631,0.582903463522476,2.761563712324679,strong_bullish,1.4773184836153352,2.3971641064850213,neutral,bullish,True,True,True,True,2023
127,121671,121672,121676,2023-02-06 14:37:00+00:00,2023-02-06 14:38:00+00:00,2023-02-06 14:42:00+00:00,short,12524.25,12524.25,12524.0,12549.0,12499.0,12474.0,12449.0,12424.0,76.23376038204502,near_trigger,-47.23376038204502,25.0,False,False,False,False,True,stop,12549.0,12549.25,-25.25,0.0,-25.25,-1.01,5.0,32.75,0.2,1.31,5,4.0,0,2023-02-06,2.2114014251781478,3.1383763837638377,0.3745480838756326,partial_bearish,2.43321475130919,1.1637762489035437,bearish,bearish,True,True,False,False,2023
128,121705,121706,121765,2023-02-06 15:11:00+00:00,2023-02-06 15:12:00+00:00,2023-02-06 16:11:00+00:00,short,12554.75,12555.5,12555.25,12580.25,12530.25,12505.25,12480.25,12455.25,71.4474493294767,near_trigger,-28.447449329476697,25.0,True,True,True,False,False,max_holding_time,12540.5,12540.75,14.5,0.0,14.5,0.58,98.75,22.25,3.95,0.89,60,59.0,3,2023-02-06,0.5,1.752988047808765,1.4148061104582843,partial_bullish,1.25349721418494,1.3996769154773507,neutral,bearish,True,True,True,True,2023
129,123046,123047,123054,2023-02-07 14:32:00+00:00,2023-02-07 14:33:00+00:00,2023-02-07 14:40:00+00:00,short,12509.5,12509.5,12509.25,12534.25,12484.25,12459.25,12434.25,12409.25,86.46482477547885,high_probability,-49.464824775478846,25.0,False,False,False,False,True,stop,12534.25,12534.5,-25.25,0.0,-25.25,-1.01,20.75,27.0,0.83,1.08,8,7.0,0,2023-02-07,0.7521663778162911,0.7170294494238156,2.5045871559633026,partial_bearish,4.81253272119528,0.8457602287445238,bearish,bearish,True,True,True,False,2023
130,125825,125826,125827,2023-02-09 14:51:00+00:00,2023-02-09 14:52:00+00:00,2023-02-09 14:53:00+00:00,long,12697.0,12697.0,12697.25,12672.25,12722.25,12747.25,12772.25,12797.25,80.37274852712125,high_probability,73.37274852712125,25.0,False,False,False,False,True,stop,12672.25,12672.0,-25.25,0.0,-25.25,-1.01,3.75,29.25,0.15,1.17,2,1.0,0,2023-02-09,1.381044487427466,1.2188235294117646,1.6019900497512438,partial_bearish,0.8746290950929533,0.8836635430156319,bullish,bullish,True,True,True,True,2023
131,125832,125833,125838,2023-02-09 14:58:00+00:00,2023-02-09 14:59:00+00:00,2023-02-09 15:04:00+00:00,long,12671.25,12671.5,12671.75,12650.0,12696.75,12721.75,12746.75,12771.75,71.0,near_trigger,50.68825646058227,21.75,False,False,False,False,True,stop,12650.0,12649.75,-22.0,0.0,-22.0,-1.011494252873563,11.5,25.0,0.5287356321839081,1.1494252873563218,6,5.0,0,2023-02-09,0.6045142296368988,2.3451263537906137,1.6019900497512438,strong_bearish,1.045443545417241,1.607871059615509,bullish,bullish,False,False,True,True,2023
132,125858,125859,125860,2023-02-09 15:24:00+00:00,2023-02-09 15:25:00+00:00,2023-02-09 15:26:00+00:00,long,12668.0,12668.25,12668.5,12643.5,12693.5,12718.5,12743.5,12768.5,70.0,near_trigger,19.0,25.0,False,False,False,False,True,stop,12643.5,12643.25,-25.25,0.0,-25.25,-1.01,0.0,26.5,0.0,1.06,2,1.0,0,2023-02-09,1.7971758664955069,0.8768898488120951,0.945835760046593,partial_bearish,1.8140864870045847,1.7947056499407348,bullish,neutral,True,True,True,False,2023
133,127222,127223,127224,2023-02-10 15:08:00+00:00,2023-02-10 15:09:00+00:00,2023-02-10 15:10:00+00:00,short,12339.25,12339.0,12338.75,12363.75,12313.75,12288.75,12263.75,12238.75,71.0,near_trigger,-24.82074554294977,25.0,False,False,False,False,True,stop,12363.75,12364.0,-25.25,0.0,-25.25,-1.01,14.0,39.5,0.56,1.58,2,1.0,0,2023-02-10,2.257698541329012,1.6424581005586592,0.2357185808779314,partial_bullish,1.3101069737534343,1.638495730494795,bearish,bearish,False,True,True,False,2023
134,131329,131330,131334,2023-02-15 14:35:00+00:00,2023-02-15 14:36:00+00:00,2023-02-15 14:40:00+00:00,long,12592.75,12593.25,12593.5,12568.5,12618.5,12643.5,12668.5,12693.5,75.57202022407654,near_trigger,62.57202022407654,25.0,False,False,False,False,True,stop,12568.5,12568.25,-25.25,0.0,-25.25,-1.01,16.5,29.25,0.66,1.17,5,4.0,0,2023-02-15,1.5099648300117232,0.6098319850653391,0.7348066298342542,partial_bullish,2.267780634104541,0.9001317971174695,bullish,bullish,False,True,True,True,2023
135,131343,131344,131345,2023-02-15 14:49:00+00:00,2023-02-15 14:50:00+00:00,2023-02-15 14:51:00+00:00,long,12628.0,12628.0,12628.25,12603.25,12653.25,12678.25,12703.25,12728.25,70.69687851247866,near_trigger,67.69687851247866,25.0,False,False,False,False,True,stop,12603.25,12603.0,-25.25,0.0,-25.25,-1.01,3.25,25.75,0.13,1.03,2,1.0,0,2023-02-15,1.5665198237885465,0.9747899159663864,0.4954240390482001,strong_bullish,0.9188428006378264,1.1136209622769369,bullish,bullish,True,True,True,False,2023
136,131347,131348,131361,2023-02-15 14:53:00+00:00,2023-02-15 14:54:00+00:00,2023-02-15 15:07:00+00:00,long,12564.25,12564.25,12564.5,12539.5,12589.5,12614.5,12639.5,12664.5,71.0,near_trigger,40.0,25.0,True,False,False,False,True,stop,12539.5,12539.25,-25.25,0.0,-25.25,-1.01,25.5,25.0,1.02,1.0,14,13.0,1,2023-02-15,2.304526748971193,2.636197440585009,0.4954240390482001,partial_bullish,1.974370937815345,2.10397298922344,bullish,bullish,False,False,True,False,2023
137,131367,131368,131427,2023-02-15 15:13:00+00:00,2023-02-15 15:14:00+00:00,2023-02-15 16:13:00+00:00,long,12562.25,12561.75,12562.0,12537.0,12587.0,12612.0,12637.0,12662.0,83.53532485101664,high_probability,76.53532485101664,25.0,True,True,False,False,False,max_holding_time,12601.25,12601.0,39.0,0.0,39.0,1.56,56.75,6.0,2.27,0.24,60,59.0,2,2023-02-15,1.1538461538461535,1.3776223776223775,0.5845360824742267,partial_bearish,1.1036419521040175,1.4473798683409216,bullish,bullish,True,True,True,False,2023
138,132712,132713,132766,2023-02-16 14:38:00+00:00,2023-02-16 14:39:00+00:00,2023-02-16 15:32:00+00:00,long,12528.25,12528.5,12528.75,12503.75,12553.75,12578.75,12603.75,12628.75,76.56728858526944,near_trigger,65.56728858526944,25.0,True,True,True,True,False,tp4,12628.75,12628.5,99.75,0.0,99.75,3.99,101.5,2.0,4.06,0.08,54,53.0,4,2023-02-16,1.1211498973305956,0.1918951132300357,5.380427738172392,strong_bearish,1.7764948453608247,1.1568330486901042,neutral,bullish,True,True,True,False,2023
139,134085,134086,134087,2023-02-17 14:31:00+00:00,2023-02-17 14:32:00+00:00,2023-02-17 14:33:00+00:00,short,12385.0,12385.25,12385.0,12410.0,12360.0,12335.0,12310.0,12285.0,87.49348150560496,high_probability,-62.49348150560496,25.0,False,False,False,False,True,stop,12410.0,12410.25,-25.25,0.0,-25.25,-1.01,0.25,25.5,0.01,1.02,2,1.0,0,2023-02-17,3.3180873180873185,0.375,0.7652733118971061,partial_bearish,3.903432228039558,0.6416929655586978,bearish,bearish,True,True,True,True,2023
140,134088,134089,134103,2023-02-17 14:34:00+00:00,2023-02-17 14:35:00+00:00,2023-02-17 14:49:00+00:00,short,12414.25,12415.0,12414.75,12439.75,12389.75,12364.75,12339.75,12314.75,79.0,near_trigger,-52.999370529327614,25.0,True,True,True,True,False,tp4,12314.75,12315.0,99.75,0.0,99.75,3.99,103.0,8.75,4.12,0.35,15,14.0,4,2023-02-17,2.1728,0.375,0.7652733118971061,partial_bullish,1.7045848250375333,0.5630901287553648,bearish,bearish,True,True,True,True,2023
141,134107,134108,134114,2023-02-17 14:53:00+00:00,2023-02-17 14:54:00+00:00,2023-02-17 15:00:00+00:00,short,12310.0,12310.25,12310.0,12332.0,12285.0,12260.0,12235.0,12210.0,71.33459736421695,near_trigger,-71.33459736421695,22.0,False,False,False,False,True,stop,12332.0,12332.25,-22.25,0.0,-22.25,-1.0113636363636365,14.0,28.25,0.6363636363636364,1.2840909090909092,7,6.0,0,2023-02-17,0.3935135135135135,3.795180722891566,0.7593220338983051,strong_bearish,0.9117911791179116,0.8699012451696007,bearish,bearish,False,True,True,False,2023
142,135466,135467,135526,2023-02-20 14:32:00+00:00,2023-02-20 14:33:00+00:00,2023-02-20 15:32:00+00:00,short,12386.5,12386.75,12386.5,12411.5,12361.5,12336.5,12311.5,12286.5,83.52615790250479,high_probability,-83.52615790250479,25.0,False,False,False,False,False,max_holding_time,12377.75,12378.0,8.5,0.0,8.5,0.34,15.5,6.5,0.62,0.26,60,59.0,0,2023-02-20,2.817073170731708,0.224,1.0059880239520955,strong_bearish,4.62848751835536,0.1182730335982469,bearish,bearish,False,True,True,False,2023
143,136622,136623,136682,2023-02-21 14:48:00+00:00,2023-02-21 14:49:00+00:00,2023-02-21 15:48:00+00:00,short,12252.5,12253.0,12252.75,12277.75,12227.75,12202.75,12177.75,12152.75,82.11204564385633,high_probability,-69.11204564385633,25.0,True,True,False,False,False,max_holding_time,12189.75,12190.0,62.75,0.0,62.75,2.51,71.75,16.25,2.87,0.65,60,59.0,2,2023-02-21,1.7230769230769232,2.6162402669632927,1.4220472440944882,partial_bullish,1.5599013767439012,1.1521581757307031,bearish,bearish,False,True,True,False,2023
144,139409,139410,139425,2023-02-23 15:15:00+00:00,2023-02-23 15:16:00+00:00,2023-02-23 15:31:00+00:00,long,12192.0,12191.75,12192.0,12167.0,12217.0,12242.0,12267.0,12292.0,82.32542285155496,high_probability,51.32542285155496,25.0,False,False,False,False,True,stop,12167.0,12166.75,-25.25,0.0,-25.25,-1.01,8.0,41.0,0.32,1.64,16,15.0,0,2023-02-23,1.336870026525199,1.896305897602074,1.0329171396140748,partial_bearish,0.9232679700811506,0.9525795926880504,bullish,bullish,True,False,True,False,2023
145,140778,140779,140838,2023-02-24 15:04:00+00:00,2023-02-24 15:05:00+00:00,2023-02-24 16:04:00+00:00,short,11980.25,11980.25,11980.0,12005.0,11955.0,11930.0,11905.0,11880.0,73.4682723016979,near_trigger,-49.46827230169789,25.0,True,True,False,False,False,max_holding_time,11926.25,11926.5,53.5,0.0,53.5,2.14,57.25,8.5,2.29,0.34,60,59.0,2,2023-02-24,0.3452914798206278,1.6686046511627906,0.0980163360560093,partial_bearish,0.8335207057547582,0.920241815367542,bearish,bearish,True,False,True,False,2023
146,142126,142127,142186,2023-02-27 14:32:00+00:00,2023-02-27 14:33:00+00:00,2023-02-27 15:32:00+00:00,long,12128.0,12127.75,12128.0,12103.0,12153.0,12178.0,12203.0,12228.0,70.8057508162295,near_trigger,55.80575081622951,25.0,True,True,False,False,False,max_holding_time,12151.25,12151.0,23.0,0.0,23.0,0.92,61.5,21.5,2.46,0.86,60,59.0,2,2023-02-27,0.1145194274028629,0.4471744471744471,3.401500938086304,partial_bearish,4.192991366175724,0.6776489128561227,bullish,bullish,True,True,False,False,2023
147,143510,143511,143570,2023-02-28 14:36:00+00:00,2023-02-28 14:37:00+00:00,2023-02-28 15:36:00+00:00,long,12063.5,12063.75,12064.0,12039.25,12089.0,12114.0,12139.0,12164.0,70.82834083493294,near_trigger,41.82834083493295,24.75,True,True,False,False,False,max_holding_time,12074.5,12074.25,10.25,0.0,10.25,0.4141414141414141,60.25,8.25,2.4343434343434343,0.3333333333333333,60,59.0,2,2023-02-28,0.1906614785992217,2.7573062261753494,3.0114942528735638,strong_bearish,1.7568804540184293,0.628952801232127,bullish,bullish,True,True,False,False,2023
148,150456,150457,150493,2023-03-07 15:22:00+00:00,2023-03-07 15:23:00+00:00,2023-03-07 15:59:00+00:00,long,12245.25,12245.0,12245.25,12220.25,12270.25,12295.25,12320.25,12345.25,71.0,near_trigger,25.0,25.0,True,True,False,False,True,stop,12220.25,12220.0,-25.25,0.0,-25.25,-1.01,73.75,32.5,2.95,1.3,37,36.0,2,2023-03-07,1.9683168316831685,5.228710462287104,4.753196930946292,partial_bearish,1.7596760127108872,3.261673386722161,neutral,bullish,True,True,False,False,2023
149,151789,151790,151814,2023-03-08 14:35:00+00:00,2023-03-08 14:36:00+00:00,2023-03-08 15:00:00+00:00,long,12178.0,12177.25,12177.5,12152.5,12202.5,12227.5,12252.5,12277.5,79.0,near_trigger,74.14946311732277,25.0,False,False,False,False,True,stop,12152.5,12152.25,-25.25,0.0,-25.25,-1.01,12.0,52.5,0.48,2.1,25,24.0,0,2023-03-08,2.771573604060914,0.3181818181818182,0.7012302284710017,partial_bullish,2.4581305788578085,0.9221430811270884,bullish,bullish,True,True,True,False,2023
150,151825,151826,151832,2023-03-08 15:11:00+00:00,2023-03-08 15:12:00+00:00,2023-03-08 15:18:00+00:00,long,12176.5,12176.5,12176.75,12151.75,12201.75,12226.75,12251.75,12276.75,72.0,near_trigger,48.84620655898189,25.0,False,False,False,False,True,stop,12151.75,12151.5,-25.25,0.0,-25.25,-1.01,11.25,29.25,0.45,1.17,7,6.0,0,2023-03-08,1.120411160058737,0.434589800443459,0.4506217995610826,partial_bullish,1.3486292300679417,1.5700693681058338,bullish,bullish,True,True,True,True,2023
151,153169,153170,153229,2023-03-09 14:35:00+00:00,2023-03-09 14:36:00+00:00,2023-03-09 15:35:00+00:00,long,12281.75,12281.5,12281.75,12256.75,12306.75,12331.75,12356.75,12381.75,73.21194864505308,near_trigger,52.21194864505309,25.0,True,True,False,False,False,max_holding_time,12337.25,12337.0,55.25,0.0,55.25,2.21,72.0,20.75,2.88,0.83,60,59.0,2,2023-03-09,3.004878048780488,0.7427652733118971,4.015420200462606,strong_bullish,2.3620827382537337,1.0905717734364522,bullish,bullish,True,True,False,False,2023
152,154590,154591,154592,2023-03-10 15:16:00+00:00,2023-03-10 15:17:00+00:00,2023-03-10 15:18:00+00:00,short,11936.75,11937.25,11937.0,11962.0,11912.0,11887.0,11862.0,11837.0,70.00740740740741,near_trigger,-57.00740740740741,25.0,False,False,False,False,True,stop,11962.0,11962.25,-25.25,0.0,-25.25,-1.01,4.75,29.0,0.19,1.16,2,1.0,0,2023-03-10,0.9222222222222224,1.8101872006965607,1.8346859032161107,partial_bearish,0.9385925675737354,1.602830909289311,bearish,bearish,False,False,True,False,2023
153,154595,154596,154605,2023-03-10 15:21:00+00:00,2023-03-10 15:22:00+00:00,2023-03-10 15:31:00+00:00,short,11923.75,11923.5,11923.25,11948.25,11898.25,11873.25,11848.25,11823.25,75.17818181818183,near_trigger,-67.17818181818183,25.0,False,False,False,False,True,stop,11948.25,11948.5,-25.25,0.0,-25.25,-1.01,23.75,27.25,0.95,1.09,10,9.0,0,2023-03-10,0.5515151515151515,0.8242320819112628,1.8346859032161107,partial_bearish,1.0646252094840496,1.748961472672477,bearish,bearish,False,False,True,False,2023
154,155505,155506,155522,2023-03-13 13:31:00+00:00,2023-03-13 13:32:00+00:00,2023-03-13 13:48:00+00:00,short,11914.75,11914.5,11914.25,11939.25,11889.25,11864.25,11839.25,11814.25,71.0,near_trigger,-41.86666666666667,25.0,True,True,True,False,True,stop,11939.25,11939.5,-25.25,0.0,-25.25,-1.01,93.0,45.0,3.72,1.8,17,16.0,3,2023-03-13,1.382562277580071,0.1550802139037433,1.9004016064257028,partial_bearish,6.051000953288847,1.522288729227664,bearish,bearish,False,True,True,False,2023
155,158298,158299,158301,2023-03-15 14:04:00+00:00,2023-03-15 14:05:00+00:00,2023-03-15 14:07:00+00:00,short,12240.5,12239.5,12239.25,12264.25,12214.25,12189.25,12164.25,12139.25,70.0,near_trigger,-59.0,25.0,False,False,False,False,True,stop,12264.25,12264.5,-25.25,0.0,-25.25,-1.01,11.25,29.5,0.45,1.18,3,2.0,0,2023-03-15,1.2907063197026023,1.0452094566569887,1.4196925089957475,partial_bullish,1.6075148049826424,1.818377812341192,bearish,neutral,True,False,True,False,2023
156,158302,158303,158362,2023-03-15 14:08:00+00:00,2023-03-15 14:09:00+00:00,2023-03-15 15:08:00+00:00,short,12245.5,12245.25,12245.0,12270.0,12220.0,12195.0,12170.0,12145.0,78.91693905417944,near_trigger,-61.91693905417944,25.0,True,True,True,False,False,max_holding_time,12243.0,12243.25,1.75,0.0,1.75,0.07,93.5,9.5,3.74,0.38,60,59.0,3,2023-03-15,1.6488888888888888,0.3522012578616352,1.4196925089957475,strong_bullish,1.0265148933269717,0.9444848606477184,bearish,bearish,True,False,True,False,2023
157,159660,159661,159664,2023-03-16 13:46:00+00:00,2023-03-16 13:47:00+00:00,2023-03-16 13:50:00+00:00,short,12342.25,12342.5,12342.25,12367.25,12317.25,12292.25,12267.25,12242.25,73.62447552146651,near_trigger,-38.62447552146651,25.0,False,False,False,False,True,stop,12367.25,12367.5,-25.25,0.0,-25.25,-1.01,7.5,28.75,0.3,1.15,4,3.0,0,2023-03-16,1.482824427480916,0.5539246968730057,1.259850905218317,partial_bearish,1.5090928590032326,1.2247587784740874,bearish,bearish,True,True,False,False,2023
158,162405,162406,162465,2023-03-20 13:31:00+00:00,2023-03-20 13:32:00+00:00,2023-03-20 14:31:00+00:00,short,12605.75,12604.5,12604.25,12629.25,12579.25,12554.25,12529.25,12504.25,81.5487224657137,high_probability,-72.5487224657137,25.0,True,True,True,False,False,max_holding_time,12620.0,12620.25,-16.0,0.0,-16.0,-0.64,75.0,22.25,3.0,0.89,60,59.0,3,2023-03-20,2.167741935483871,1.2349344978165937,0.0869115364718054,strong_bearish,6.10510691590519,1.3967802527830544,bearish,bearish,False,True,True,False,2023
159,166545,166546,166555,2023-03-23 13:31:00+00:00,2023-03-23 13:32:00+00:00,2023-03-23 13:41:00+00:00,long,12872.25,12871.75,12872.0,12847.0,12897.0,12922.0,12947.0,12972.0,74.0,near_trigger,40.34331685569688,25.0,False,False,False,False,True,stop,12847.0,12846.75,-25.25,0.0,-25.25,-1.01,16.5,25.0,0.66,1.0,10,9.0,0,2023-03-23,4.893518518518518,3.1601941747572817,1.84652278177458,strong_bullish,5.049100937177705,1.1387885959323198,bullish,bullish,False,True,True,False,2023
160,166575,166576,166578,2023-03-23 14:01:00+00:00,2023-03-23 14:02:00+00:00,2023-03-23 14:04:00+00:00,long,12917.25,12917.25,12917.5,12892.5,12942.5,12967.5,12992.5,13017.5,71.76752232574405,near_trigger,57.76752232574405,25.0,False,False,False,False,True,stop,12892.5,12892.25,-25.25,0.0,-25.25,-1.01,2.75,30.25,0.11,1.21,3,2.0,0,2023-03-23,2.877871825876663,0.8874801901743266,2.339779005524862,strong_bullish,1.7914423187077555,1.3051779361287026,bullish,bullish,False,True,False,False,2023
161,166584,166585,166644,2023-03-23 14:10:00+00:00,2023-03-23 14:11:00+00:00,2023-03-23 15:10:00+00:00,long,12932.0,12932.5,12932.75,12907.75,12957.75,12982.75,13007.75,13032.75,87.33333333333334,high_probability,81.33333333333334,25.0,True,True,True,False,False,max_holding_time,13013.5,13013.25,80.5,0.0,80.5,3.22,98.75,19.75,3.95,0.79,60,59.0,3,2023-03-23,2.009732360097324,1.4637268847795164,2.339779005524862,strong_bullish,2.190642095290486,2.0470641992232124,bullish,bullish,False,True,True,False,2023
162,167926,167927,167950,2023-03-24 13:32:00+00:00,2023-03-24 13:33:00+00:00,2023-03-24 13:56:00+00:00,short,12801.25,12801.25,12801.0,12826.0,12776.0,12751.0,12726.0,12701.0,73.03122730250705,near_trigger,-56.03122730250705,25.0,True,True,False,False,True,stop,12826.0,12826.25,-25.25,0.0,-25.25,-1.01,65.0,28.25,2.6,1.13,24,23.0,2,2023-03-24,0.4908835904628331,1.344493392070485,1.376,partial_bullish,4.73099975174664,1.3044158485547777,bearish,bearish,True,True,False,False,2023
163,167962,167963,167967,2023-03-24 14:08:00+00:00,2023-03-24 14:09:00+00:00,2023-03-24 14:13:00+00:00,short,12790.5,12791.25,12791.0,12816.0,12766.0,12741.0,12716.0,12691.0,76.40183908045977,near_trigger,-60.401839080459766,25.0,False,False,False,False,True,stop,12816.0,12816.25,-25.25,0.0,-25.25,-1.01,7.75,40.25,0.31,1.61,5,4.0,0,2023-03-24,0.6517241379310345,0.6898954703832753,0.7802050824788229,partial_bullish,1.525894311741355,1.7219057483169342,bearish,bearish,False,False,True,False,2023
164,167968,167969,167985,2023-03-24 14:14:00+00:00,2023-03-24 14:15:00+00:00,2023-03-24 14:31:00+00:00,short,12812.25,12812.0,12811.75,12836.75,12786.75,12761.75,12736.75,12711.75,82.73134851138354,high_probability,-76.73134851138354,25.0,True,True,False,False,True,stop,12836.75,12837.0,-25.25,0.0,-25.25,-1.01,55.25,28.25,2.21,1.13,17,16.0,2,2023-03-24,1.115586690017513,0.3767981438515081,0.7802050824788229,strong_bullish,1.6408637956313212,2.3491532659741,bearish,bearish,True,False,True,False,2023
165,169304,169305,169318,2023-03-27 13:30:00+00:00,2023-03-27 13:31:00+00:00,2023-03-27 13:44:00+00:00,short,12915.25,12915.0,12914.75,12939.0,12889.75,12864.75,12839.75,12814.75,76.96218198269993,near_trigger,-75.96218198269993,24.25,True,False,False,False,True,stop,12939.0,12939.25,-24.5,0.0,-24.5,-1.0103092783505154,33.0,26.0,1.3608247422680413,1.0721649484536082,14,13.0,1,2023-03-27,0.7777777777777778,0.5823627287853577,1.3125,strong_bearish,9.394586894586894,0.8479520415297209,bearish,neutral,True,True,True,True,2023
166,169321,169322,169324,2023-03-27 13:47:00+00:00,2023-03-27 13:48:00+00:00,2023-03-27 13:50:00+00:00,short,12937.75,12938.0,12937.75,12962.75,12912.75,12887.75,12862.75,12837.75,74.35919646818313,near_trigger,-70.35919646818313,25.0,False,False,False,False,True,stop,12962.75,12963.0,-25.25,0.0,-25.25,-1.01,0.0,27.5,0.0,1.1,3,2.0,0,2023-03-27,0.7121387283236994,0.1669980119284294,0.328695652173913,strong_bullish,0.7482626495141247,0.6707062264939406,bearish,bearish,True,False,True,False,2023
167,169330,169331,169390,2023-03-27 13:56:00+00:00,2023-03-27 13:57:00+00:00,2023-03-27 14:56:00+00:00,short,12928.0,12927.75,12927.5,12952.5,12902.5,12877.5,12852.5,12827.5,72.85679012345679,near_trigger,-61.85679012345679,25.0,True,True,False,False,False,max_holding_time,12895.25,12895.5,32.0,0.0,32.0,1.28,61.0,21.0,2.44,0.84,60,59.0,2,2023-03-27,2.333333333333333,0.8873239436619719,0.328695652173913,partial_bullish,1.2693677778099568,1.5078696138298788,bearish,bearish,True,False,False,True,2023
168,170739,170740,170799,2023-03-28 14:25:00+00:00,2023-03-28 14:26:00+00:00,2023-03-28 15:25:00+00:00,short,12707.25,12707.25,12707.0,12732.0,12682.0,12657.0,12632.0,12607.0,70.0513183271227,near_trigger,-67.0513183271227,25.0,True,True,False,False,False,max_holding_time,12694.75,12695.0,12.0,0.0,12.0,0.48,57.0,3.5,2.28,0.14,60,59.0,2,2023-03-28,1.9051546391752576,0.6772633033863165,2.2142857142857144,partial_bearish,0.8639077067543095,0.6417964986878384,bearish,bearish,False,True,True,False,2023
169,172064,172065,172124,2023-03-29 13:30:00+00:00,2023-03-29 13:31:00+00:00,2023-03-29 14:30:00+00:00,long,12892.25,12892.5,12892.75,12867.75,12917.75,12942.75,12967.75,12992.75,72.49450749202714,near_trigger,72.49450749202714,25.0,True,False,False,False,False,max_holding_time,12891.5,12891.25,-1.5,0.0,-1.5,-0.06,40.25,10.25,1.61,0.41,60,59.0,1,2023-03-29,1.6184971098265897,2.559139784946237,2.9013732833957557,strong_bullish,6.984057415219416,1.01923661192574,bullish,bullish,False,True,True,False,2023
170,173494,173495,173554,2023-03-30 14:20:00+00:00,2023-03-30 14:21:00+00:00,2023-03-30 15:20:00+00:00,long,13056.0,13055.75,13056.0,13031.0,13081.0,13106.0,13131.0,13156.0,80.41084037019397,high_probability,78.41084037019397,25.0,True,True,False,False,False,max_holding_time,13101.25,13101.0,45.0,0.0,45.0,1.8,56.0,1.75,2.24,0.07,60,59.0,2,2023-03-30,1.1784511784511784,0.436026936026936,0.361731843575419,partial_bearish,0.8031099527322525,1.063614025508015,bullish,bullish,True,True,True,True,2023
171,176256,176257,176271,2023-04-03 14:22:00+00:00,2023-04-03 14:23:00+00:00,2023-04-03 14:37:00+00:00,long,13264.75,13265.0,13265.25,13240.25,13290.25,13315.25,13340.25,13365.25,70.33333333333334,near_trigger,49.33333333333334,25.0,False,False,False,False,True,stop,13240.25,13240.0,-25.25,0.0,-25.25,-1.01,3.0,26.75,0.12,1.07,15,14.0,0,2023-04-03,2.8973509933774837,0.6211996713229252,1.0130869899923016,strong_bullish,1.7379068929423271,1.512906309751434,bullish,bullish,True,True,True,True,2023
172,177593,177594,177612,2023-04-04 13:39:00+00:00,2023-04-04 13:40:00+00:00,2023-04-04 13:58:00+00:00,short,13266.75,13267.5,13267.25,13288.5,13242.25,13217.25,13192.25,13167.25,77.02896734519533,near_trigger,-52.028967345195326,21.25,True,False,False,False,True,stop,13288.5,13288.75,-21.5,0.0,-21.5,-1.011764705882353,37.25,23.25,1.7529411764705882,1.0941176470588236,19,18.0,1,2023-04-04,1.133709981167608,1.5525291828793777,2.904564315352697,strong_bearish,1.6590984605161148,0.8671992590019683,neutral,bearish,True,True,True,False,2023
173,177631,177632,177685,2023-04-04 14:17:00+00:00,2023-04-04 14:18:00+00:00,2023-04-04 15:17:00+00:00,short,13294.5,13294.5,13294.25,13319.25,13269.25,13244.25,13219.25,13194.25,72.706964469816,near_trigger,-45.706964469816,25.0,True,True,False,False,False,max_holding_time,13221.0,13221.25,73.0,0.0,73.0,2.92,74.0,9.25,2.96,0.37,54,59.0,2,2023-04-04,2.0855172413793106,2.707718993928881,0.5649717514124294,partial_bullish,1.110732828325815,1.1120895352800817,neutral,bearish,True,True,True,True,2023
174,178989,178990,179033,2023-04-05 14:01:00+00:00,2023-04-05 14:02:00+00:00,2023-04-05 14:45:00+00:00,short,13147.25,13147.0,13146.75,13171.75,13121.75,13096.75,13071.75,13046.75,70.8734987282259,near_trigger,-70.8734987282259,25.0,True,True,True,True,False,tp4,13046.75,13047.0,99.75,0.0,99.75,3.99,101.25,2.25,4.05,0.09,44,43.0,4,2023-04-05,0.557840616966581,1.5233949945593035,3.344028520499109,partial_bearish,2.0450156797923777,1.3923305075832475,bearish,bearish,True,False,False,False,2023
175,180387,180388,180432,2023-04-06 14:19:00+00:00,2023-04-06 14:20:00+00:00,2023-04-06 15:04:00+00:00,short,13025.75,13025.5,13025.25,13050.25,13000.25,12975.25,12950.25,12925.25,77.92681107016051,near_trigger,-46.92681107016051,25.0,False,False,False,False,True,stop,13050.25,13050.5,-25.25,0.0,-25.25,-1.01,17.75,25.25,0.71,1.01,45,44.0,0,2023-04-06,1.8762886597938144,3.890848026868178,0.9833101529902644,partial_bullish,0.8206564733040242,1.087098436694726,bearish,bearish,False,True,True,False,2023
176,184019,184020,184079,2023-04-11 13:36:00+00:00,2023-04-11 13:37:00+00:00,2023-04-11 14:36:00+00:00,short,13138.25,13138.5,13138.25,13162.25,13113.25,13088.25,13063.25,13038.25,74.05707366351506,near_trigger,-58.057073663515055,24.0,True,True,False,False,False,max_holding_time,13073.0,13073.25,65.0,0.0,65.0,2.708333333333333,70.25,4.0,2.927083333333333,0.1666666666666666,60,59.0,2,2023-04-11,0.6323987538940811,0.7466666666666667,0.9387755102040816,strong_bullish,1.7553662314671388,0.7602822604799387,bearish,bearish,False,True,True,False,2023
177,185418,185419,185423,2023-04-12 13:55:00+00:00,2023-04-12 13:56:00+00:00,2023-04-12 14:00:00+00:00,long,13074.0,13074.0,13074.25,13049.25,13099.25,13124.25,13149.25,13174.25,72.99312750514571,near_trigger,59.99312750514571,25.0,False,False,False,False,True,stop,13049.25,13049.0,-25.25,0.0,-25.25,-1.01,5.0,29.25,0.2,1.17,5,4.0,0,2023-04-12,0.3712707182320442,3.13022113022113,1.0946773433820067,partial_bullish,0.9403560968806656,1.808784605479648,bullish,bullish,True,True,False,False,2023
178,185426,185427,185460,2023-04-12 14:03:00+00:00,2023-04-12 14:04:00+00:00,2023-04-12 14:37:00+00:00,long,13082.0,13082.25,13082.5,13057.5,13107.5,13132.5,13157.5,13182.5,75.91345183234584,near_trigger,41.91345183234584,25.0,True,False,False,False,True,stop,13057.5,13057.25,-25.25,0.0,-25.25,-1.01,46.5,42.5,1.86,1.7,34,33.0,1,2023-04-12,0.922043010752688,2.9830295411690764,3.177433247200689,partial_bearish,1.0716444517298964,1.759757738896366,bullish,bullish,True,False,False,False,2023
179,186773,186774,186820,2023-04-13 13:30:00+00:00,2023-04-13 13:31:00+00:00,2023-04-13 14:17:00+00:00,long,13035.25,13034.75,13035.0,13010.0,13060.0,13085.0,13110.0,13135.0,70.35468350563005,near_trigger,41.35468350563005,25.0,True,True,True,True,False,tp4,13135.0,13134.75,99.75,0.0,99.75,3.99,102.25,0.5,4.09,0.02,47,46.0,4,2023-04-13,4.041237113402062,0.1440598690364826,2.754471544715447,partial_bullish,6.32726386943548,0.9040364050848784,bullish,bullish,True,True,True,True,2023
180,188183,188184,188191,2023-04-14 14:00:00+00:00,2023-04-14 14:01:00+00:00,2023-04-14 14:08:00+00:00,long,13221.0,13220.75,13221.0,13196.0,13246.0,13271.0,13296.0,13321.0,76.0,near_trigger,27.60646468131016,25.0,True,False,False,False,True,stop,13196.0,13195.75,-25.25,0.0,-25.25,-1.01,34.0,34.25,1.36,1.37,8,7.0,1,2023-04-14,1.2145110410094635,4.055172413793104,3.872514619883041,partial_bullish,1.9535219399538104,1.269772765654026,bullish,bullish,False,True,True,False,2023
181,189533,189534,189537,2023-04-17 13:30:00+00:00,2023-04-17 13:31:00+00:00,2023-04-17 13:34:00+00:00,short,13153.25,13153.0,13152.75,13177.75,13127.75,13102.75,13077.75,13052.75,70.88707106250496,near_trigger,-33.88707106250496,25.0,False,False,False,False,True,stop,13177.75,13178.0,-25.25,0.0,-25.25,-1.01,7.25,27.5,0.29,1.1,4,3.0,0,2023-04-17,1.6690997566909975,1.134684147794994,1.5120540019286404,strong_bearish,11.458770498173624,1.3075906595599385,bearish,bearish,True,False,True,False,2023
182,192315,192316,192326,2023-04-19 13:52:00+00:00,2023-04-19 13:53:00+00:00,2023-04-19 14:03:00+00:00,short,13099.5,13099.25,13099.0,13124.0,13074.0,13049.0,13024.0,12999.0,78.95882169714768,near_trigger,-57.95882169714768,25.0,False,False,False,False,True,stop,13124.0,13124.25,-25.25,0.0,-25.25,-1.01,10.5,26.0,0.42,1.04,11,10.0,0,2023-04-19,1.8091042584434651,2.2761290322580647,1.1774358974358976,partial_bullish,1.2333912951139547,1.657302869780798,bearish,neutral,True,False,True,False,2023
183,192346,192347,192355,2023-04-19 14:23:00+00:00,2023-04-19 14:24:00+00:00,2023-04-19 14:32:00+00:00,short,13098.25,13098.5,13098.25,13123.25,13073.25,13048.25,13023.25,12998.25,82.70371772570387,high_probability,-82.70371772570387,25.0,False,False,False,False,True,stop,13123.25,13123.5,-25.25,0.0,-25.25,-1.01,7.0,27.0,0.28,1.08,9,8.0,0,2023-04-19,1.5555555555555556,0.8503521126760564,1.6547619047619049,partial_bullish,1.010498971750189,0.971225266837276,bearish,bearish,True,True,True,False,2023
184,195053,195054,195055,2023-04-21 13:30:00+00:00,2023-04-21 13:31:00+00:00,2023-04-21 13:32:00+00:00,short,13047.0,13047.0,13046.75,13071.75,13021.75,12996.75,12971.75,12946.75,92.53496283038842,a_plus_plus,-63.53496283038842,25.0,False,False,False,False,True,stop,13071.75,13072.0,-25.25,0.0,-25.25,-1.01,3.75,27.25,0.15,1.09,2,1.0,0,2023-04-21,4.022988505747127,0.2245989304812834,0.7375231053604435,partial_bullish,8.047243049565392,1.0640276534891473,bearish,bearish,True,True,True,True,2023
185,195057,195058,195109,2023-04-21 13:34:00+00:00,2023-04-21 13:35:00+00:00,2023-04-21 14:26:00+00:00,short,13051.25,13051.25,13051.0,13076.0,13026.0,13001.0,12976.0,12951.0,74.44041711806902,near_trigger,-70.44041711806902,25.0,True,True,False,False,True,stop,13076.0,13076.25,-25.25,0.0,-25.25,-1.01,68.25,27.75,2.73,1.11,52,51.0,2,2023-04-21,0.6210720887245841,0.2245989304812834,0.7375231053604435,partial_bullish,2.553555562868143,1.0378910481897097,bearish,bearish,False,True,True,False,2023
186,196464,196465,196524,2023-04-24 14:01:00+00:00,2023-04-24 14:02:00+00:00,2023-04-24 15:01:00+00:00,short,13087.75,13087.75,13087.5,13112.5,13062.5,13037.5,13012.5,12987.5,73.22118066949443,near_trigger,-49.22118066949443,25.0,True,True,True,False,False,max_holding_time,13015.5,13015.75,71.75,0.0,71.75,2.87,79.0,14.5,3.16,0.58,60,59.0,3,2023-04-24,2.139622641509434,0.612691466083151,0.4417177914110429,partial_bullish,1.8059622508378903,1.2785832927453695,neutral,bearish,True,False,True,False,2023
187,197854,197855,197914,2023-04-25 14:11:00+00:00,2023-04-25 14:12:00+00:00,2023-04-25 15:11:00+00:00,short,12948.5,12948.75,12948.5,12973.5,12923.5,12898.5,12873.5,12848.5,71.34462659380692,near_trigger,-50.34462659380692,25.0,False,False,False,False,False,max_holding_time,12961.5,12961.75,-13.25,0.0,-13.25,-0.53,18.5,17.5,0.74,0.7,60,59.0,0,2023-04-25,2.333333333333333,2.1193232413178986,0.9853372434017597,strong_bearish,2.90957781978576,3.4369184964644584,bearish,bearish,True,True,True,False,2023
188,199195,199196,199214,2023-04-26 13:32:00+00:00,2023-04-26 13:33:00+00:00,2023-04-26 13:51:00+00:00,short,12919.75,12920.25,12920.0,12945.0,12895.0,12870.0,12845.0,12820.0,74.54522315213885,near_trigger,-73.54522315213885,25.0,False,False,False,False,True,stop,12945.0,12945.25,-25.25,0.0,-25.25,-1.01,21.0,25.5,0.84,1.02,19,18.0,0,2023-04-26,1.4065934065934067,0.4412121212121212,1.054732775273664,partial_bullish,4.60033373687138,1.4911127136978746,bearish,bearish,True,True,False,False,2023
189,199238,199239,199284,2023-04-26 14:15:00+00:00,2023-04-26 14:16:00+00:00,2023-04-26 15:01:00+00:00,short,12928.25,12928.25,12928.0,12953.0,12903.0,12878.0,12853.0,12828.0,85.3542757417103,high_probability,-61.354275741710296,25.0,True,False,False,False,True,stop,12953.0,12953.25,-25.25,0.0,-25.25,-1.01,31.75,28.25,1.27,1.13,46,45.0,1,2023-04-26,1.594240837696335,0.3463541666666667,0.180226570545829,partial_bearish,1.3210824896175457,1.7072400729619754,bearish,bearish,True,True,True,False,2023
190,201956,201957,201965,2023-04-28 13:33:00+00:00,2023-04-28 13:34:00+00:00,2023-04-28 13:42:00+00:00,long,13203.75,13203.25,13203.5,13178.5,13228.5,13253.5,13278.5,13303.5,79.0,near_trigger,30.9155349781295,25.0,False,False,False,False,True,stop,13178.5,13178.25,-25.25,0.0,-25.25,-1.01,11.5,31.0,0.46,1.24,9,8.0,0,2023-04-28,1.1104199066874028,0.248612652608213,1.781021897810219,partial_bullish,3.323869263783427,1.2666859580035983,bullish,bullish,True,True,True,False,2023
191,202007,202008,202020,2023-04-28 14:24:00+00:00,2023-04-28 14:25:00+00:00,2023-04-28 14:37:00+00:00,long,13285.25,13285.0,13285.25,13261.0,13310.25,13335.25,13360.25,13385.25,83.12608414239483,high_probability,83.12608414239483,24.25,False,False,False,False,True,stop,13261.0,13260.75,-24.5,0.0,-24.5,-1.0103092783505154,8.0,45.0,0.3298969072164948,1.855670103092784,13,12.0,0,2023-04-28,1.4135922330097088,2.6462745098039218,1.995,strong_bullish,1.1295244611700308,1.814863676341249,bullish,bullish,False,False,True,False,2023
192,203385,203386,203439,2023-05-01 14:22:00+00:00,2023-05-01 14:23:00+00:00,2023-05-01 15:16:00+00:00,long,13291.25,13291.25,13291.5,13266.5,13316.5,13341.5,13366.5,13391.5,86.16581196581197,high_probability,71.16581196581197,25.0,True,False,False,False,True,stop,13266.5,13266.25,-25.25,0.0,-25.25,-1.01,41.0,28.5,1.64,1.14,54,53.0,1,2023-05-01,2.266025641025641,1.2453987730061349,0.3729189789123196,strong_bearish,2.02359231894792,2.0629074435564068,bullish,bullish,True,True,True,False,2023
193,206115,206116,206132,2023-05-03 13:52:00+00:00,2023-05-03 13:53:00+00:00,2023-05-03 14:09:00+00:00,long,13232.25,13232.25,13232.5,13207.5,13257.5,13282.5,13307.5,13332.5,77.57485768054576,near_trigger,69.57485768054576,25.0,False,False,False,False,True,stop,13207.5,13207.25,-25.25,0.0,-25.25,-1.01,9.5,26.0,0.38,1.04,17,16.0,0,2023-05-03,1.5198776758409789,0.2251461988304093,0.0,mixed,2.145931219647017,1.5726273148148149,bullish,bullish,False,True,True,False,2023
194,207480,207481,207540,2023-05-04 13:37:00+00:00,2023-05-04 13:38:00+00:00,2023-05-04 14:37:00+00:00,short,13077.75,13077.75,13077.5,13102.5,13052.5,13027.5,13002.5,12977.5,71.0,near_trigger,-46.720918701840986,25.0,True,True,True,False,False,max_holding_time,13023.0,13023.25,54.25,0.0,54.25,2.17,75.75,2.5,3.03,0.1,60,59.0,3,2023-05-04,2.4646464646464645,1.226725082146769,0.0613496932515337,partial_bearish,1.731258375953833,0.8238861917715505,bearish,bearish,False,True,True,False,2023
195,208855,208856,208915,2023-05-05 13:32:00+00:00,2023-05-05 13:33:00+00:00,2023-05-05 14:32:00+00:00,long,13152.75,13152.5,13152.75,13127.75,13177.75,13202.75,13227.75,13252.75,73.38528364855077,near_trigger,64.38528364855077,25.0,True,True,True,False,False,max_holding_time,13247.75,13247.5,94.75,0.0,94.75,3.79,96.0,6.25,3.84,0.25,60,59.0,3,2023-05-05,2.274599542334096,1.4553014553014554,0.5974781765276431,strong_bullish,4.974480569063216,1.3697326487252126,bullish,bullish,True,True,False,False,2023
196,210241,210242,210301,2023-05-08 13:38:00+00:00,2023-05-08 13:39:00+00:00,2023-05-08 14:38:00+00:00,short,13280.5,13280.5,13280.25,13305.25,13255.25,13230.25,13205.25,13180.25,70.09096776982149,near_trigger,-61.09096776982149,25.0,True,False,False,False,False,max_holding_time,13265.0,13265.25,15.0,0.0,15.0,0.6,25.75,15.25,1.03,0.61,60,59.0,1,2023-05-08,2.45,0.2485207100591716,1.122641509433962,strong_bearish,2.806850316143996,1.2727822842076448,bearish,bearish,True,True,True,False,2023
197,213020,213021,213067,2023-05-10 13:57:00+00:00,2023-05-10 13:58:00+00:00,2023-05-10 14:44:00+00:00,long,13368.75,13368.25,13368.5,13343.5,13393.5,13418.5,13443.5,13468.5,71.1366788352788,near_trigger,64.1366788352788,25.0,True,True,False,False,True,stop,13343.5,13343.25,-25.25,0.0,-25.25,-1.01,65.5,35.0,2.62,1.4,47,46.0,2,2023-05-10,1.9901960784313728,0.7665982203969883,3.2641165755919856,partial_bullish,0.8747639321912679,1.338920721799367,bullish,bullish,True,False,True,False,2023
198,214375,214376,214429,2023-05-11 13:32:00+00:00,2023-05-11 13:33:00+00:00,2023-05-11 14:26:00+00:00,short,13395.25,13395.0,13394.75,13419.75,13369.75,13344.75,13319.75,13294.75,91.46153846153848,a_plus_plus,-54.46153846153847,25.0,False,False,False,False,True,stop,13419.75,13420.0,-25.25,0.0,-25.25,-1.01,22.5,25.0,0.9,1.0,54,53.0,0,2023-05-11,3.829885057471264,0.2716688227684347,0.461961503208066,partial_bearish,5.866509727895867,1.9205313024162476,bearish,bearish,True,True,True,False,2023
199,215784,215785,215844,2023-05-12 14:01:00+00:00,2023-05-12 14:02:00+00:00,2023-05-12 15:01:00+00:00,short,13425.5,13425.0,13424.75,13449.75,13399.75,13374.75,13349.75,13324.75,87.33333333333334,high_probability,-61.33333333333334,25.0,True,False,False,False,False,max_holding_time,13400.25,13400.5,24.25,0.0,24.25,0.97,42.25,12.0,1.69,0.48,60,59.0,1,2023-05-12,2.7186544342507646,2.8034825870646767,2.3273195876288657,strong_bearish,2.782800286778464,2.088396630009711,bearish,bearish,False,True,True,False,2023
200,218513,218514,218525,2023-05-16 13:30:00+00:00,2023-05-16 13:31:00+00:00,2023-05-16 13:42:00+00:00,short,13454.0,13453.75,13453.5,13478.5,13428.5,13403.5,13378.5,13353.5,71.0,near_trigger,-21.981840312053748,25.0,False,False,False,False,True,stop,13478.5,13478.75,-25.25,0.0,-25.25,-1.01,4.25,32.75,0.17,1.31,12,11.0,0,2023-05-16,4.621794871794872,0.0,1.782493368700265,mixed,10.281276962899051,1.1420247074496124,bearish,bearish,False,True,True,False,2023
201,219929,219930,219989,2023-05-17 14:06:00+00:00,2023-05-17 14:07:00+00:00,2023-05-17 15:06:00+00:00,long,13497.75,13498.0,13498.25,13473.25,13523.25,13548.25,13573.25,13598.25,73.47444578248928,near_trigger,50.47444578248928,25.0,True,False,False,False,False,max_holding_time,13528.25,13528.0,29.75,0.0,29.75,1.19,44.5,12.0,1.78,0.48,60,59.0,1,2023-05-17,2.0528846153846154,2.88659793814433,1.6592592592592592,partial_bearish,1.2792798405183154,1.2669083056990822,neutral,bullish,True,True,True,False,2023
202,222712,222713,222772,2023-05-19 14:29:00+00:00,2023-05-19 14:30:00+00:00,2023-05-19 15:29:00+00:00,short,13899.25,13898.75,13898.5,13923.5,13873.5,13848.5,13823.5,13798.5,73.52223302445908,near_trigger,-73.52223302445908,25.0,True,False,False,False,False,max_holding_time,13854.25,13854.5,44.0,0.0,44.0,1.76,44.75,10.0,1.79,0.4,60,59.0,1,2023-05-19,1.2333333333333334,0.5511811023622047,1.1081504702194358,partial_bearish,1.172223680756104,1.0790671446409152,bearish,bearish,False,True,True,False,2023
203,224060,224061,224120,2023-05-22 13:57:00+00:00,2023-05-22 13:58:00+00:00,2023-05-22 14:57:00+00:00,short,13925.0,13924.5,13924.25,13948.75,13899.25,13874.25,13849.25,13824.25,97.33333333333334,a_plus_plus,-83.33333333333334,24.5,True,True,False,False,False,max_holding_time,13890.75,13891.0,33.25,0.0,33.25,1.3571428571428572,62.25,14.0,2.5408163265306123,0.5714285714285714,60,59.0,2,2023-05-22,1.7818181818181815,5.651672433679354,2.8000000000000003,partial_bullish,1.3080461765471747,1.7450882001003591,bearish,bearish,True,True,True,False,2023
204,225415,225416,225475,2023-05-23 13:32:00+00:00,2023-05-23 13:33:00+00:00,2023-05-23 14:32:00+00:00,short,13862.25,13862.0,13861.75,13886.75,13836.75,13811.75,13786.75,13761.75,76.0,near_trigger,-20.814856361051117,25.0,False,False,False,False,False,max_holding_time,13851.75,13852.0,9.75,0.0,9.75,0.39,22.25,18.25,0.89,0.73,60,59.0,0,2023-05-23,4.244343891402715,1.6809210526315788,1.893503727369542,partial_bearish,4.924657534246576,1.236072161514575,bearish,bearish,False,False,True,False,2023
205,226797,226798,226857,2023-05-24 13:34:00+00:00,2023-05-24 13:35:00+00:00,2023-05-24 14:34:00+00:00,short,13660.25,13660.25,13660.0,13685.0,13635.0,13610.0,13585.0,13560.0,79.0,near_trigger,-28.09477000630119,25.0,True,True,False,False,False,max_holding_time,13598.25,13598.5,61.5,0.0,61.5,2.46,74.0,15.0,2.96,0.6,60,59.0,2,2023-05-24,1.8525519848771268,0.0755395683453237,2.087443946188341,partial_bullish,3.794890781192151,1.811914442283896,bearish,bearish,True,True,True,False,2023
206,228187,228188,228191,2023-05-25 13:44:00+00:00,2023-05-25 13:45:00+00:00,2023-05-25 13:48:00+00:00,long,13897.75,13897.25,13897.5,13872.5,13922.5,13947.5,13972.5,13997.5,71.77015489516519,near_trigger,64.77015489516519,25.0,False,False,False,False,True,stop,13872.5,13872.25,-25.25,0.0,-25.25,-1.01,7.75,26.25,0.31,1.05,4,3.0,0,2023-05-25,1.5090715048025614,4.539898132427844,0.4921369102682701,partial_bullish,0.8611732997152608,1.3722637849819896,bullish,bullish,False,True,True,False,2023
207,228192,228193,228252,2023-05-25 13:49:00+00:00,2023-05-25 13:50:00+00:00,2023-05-25 14:49:00+00:00,long,13866.25,13866.5,13866.75,13841.75,13891.75,13916.75,13941.75,13966.75,79.0,near_trigger,71.32298325722984,25.0,True,True,False,False,False,max_holding_time,13925.75,13925.5,58.75,0.0,58.75,2.35,68.25,15.5,2.73,0.62,60,59.0,2,2023-05-25,2.0136986301369864,3.0285714285714285,1.743910925539318,strong_bearish,1.616872673804163,2.693302717183314,bullish,bullish,True,True,True,False,2023
208,232082,232083,232086,2023-05-30 13:39:00+00:00,2023-05-30 13:40:00+00:00,2023-05-30 13:43:00+00:00,long,14540.75,14540.75,14541.0,14516.0,14566.0,14591.0,14616.0,14641.0,83.25840947546531,high_probability,62.258409475465314,25.0,False,False,False,False,True,stop,14516.0,14515.75,-25.25,0.0,-25.25,-1.01,18.75,35.0,0.75,1.4,4,3.0,0,2023-05-30,1.563451776649746,1.0995575221238938,2.217142857142857,partial_bearish,1.7836439262437362,1.597067448680352,bullish,bullish,False,True,True,False,2023
209,232089,232090,232094,2023-05-30 13:46:00+00:00,2023-05-30 13:47:00+00:00,2023-05-30 13:51:00+00:00,long,14508.5,14508.5,14508.75,14483.75,14533.75,14558.75,14583.75,14608.75,74.0,near_trigger,71.12195731802606,25.0,False,False,False,False,True,stop,14483.75,14483.5,-25.25,0.0,-25.25,-1.01,17.5,27.5,0.7,1.1,5,4.0,0,2023-05-30,1.5302619692863595,0.391125718981101,0.550098231827112,strong_bearish,1.1475252895937709,1.7002096105656332,bullish,bullish,True,True,True,False,2023
210,232110,232111,232165,2023-05-30 14:07:00+00:00,2023-05-30 14:08:00+00:00,2023-05-30 15:02:00+00:00,short,14448.5,14448.75,14448.5,14473.5,14423.5,14398.5,14373.5,14348.5,75.82369145214474,near_trigger,-49.82369145214474,25.0,True,False,False,False,True,stop,14473.5,14473.75,-25.25,0.0,-25.25,-1.01,39.75,25.5,1.59,1.02,55,54.0,1,2023-05-30,2.16921508664628,4.002382370458606,2.567292225201072,partial_bearish,1.130883820932197,2.051076719530665,neutral,bearish,True,True,True,False,2023
211,233475,233476,233509,2023-05-31 13:52:00+00:00,2023-05-31 13:53:00+00:00,2023-05-31 14:26:00+00:00,short,14387.0,14386.75,14386.5,14411.5,14361.5,14336.5,14311.5,14286.5,71.29147633278971,near_trigger,-43.29147633278971,25.0,True,True,True,True,False,tp4,14286.5,14286.75,99.75,0.0,99.75,3.99,111.25,7.0,4.45,0.28,34,33.0,4,2023-05-31,1.0229007633587786,3.824596774193548,2.7857142857142856,partial_bullish,1.1502792059235936,1.397781962753714,bearish,bearish,True,False,False,False,2023
212,234845,234846,234860,2023-06-01 13:42:00+00:00,2023-06-01 13:43:00+00:00,2023-06-01 13:57:00+00:00,short,14292.25,14292.0,14291.75,14316.75,14266.75,14241.75,14216.75,14191.75,75.96725127398388,near_trigger,-67.96725127398388,25.0,False,False,False,False,True,stop,14316.75,14317.0,-25.25,0.0,-25.25,-1.01,19.75,27.5,0.79,1.1,15,14.0,0,2023-06-01,1.841392649903288,0.8880597014925373,0.2471315092674316,partial_bullish,1.289403271005842,1.1124315316422844,bearish,bearish,True,True,True,False,2023
213,234881,234882,234904,2023-06-01 14:18:00+00:00,2023-06-01 14:19:00+00:00,2023-06-01 14:41:00+00:00,short,14309.0,14309.5,14309.25,14334.25,14284.25,14259.25,14234.25,14209.25,85.93835369197275,high_probability,-85.93835369197275,25.0,True,False,False,False,True,stop,14334.25,14334.5,-25.25,0.0,-25.25,-1.01,36.5,34.75,1.46,1.39,23,22.0,1,2023-06-01,0.486404833836858,1.1751085383502171,1.0824742268041236,partial_bullish,1.334291070271028,1.1281960122063224,bearish,bearish,True,True,True,True,2023
214,236228,236229,236229,2023-06-02 13:45:00+00:00,2023-06-02 13:46:00+00:00,2023-06-02 13:46:00+00:00,long,14587.5,14588.0,14588.25,14563.25,14613.25,14638.25,14663.25,14688.25,72.0,near_trigger,14.0,25.0,False,False,False,False,True,stop,14563.25,14563.0,-25.25,0.0,-25.25,-1.01,0.5,37.0,0.02,1.48,1,0.0,0,2023-06-02,2.3240371845949537,3.250414593698176,2.725228390723823,partial_bullish,1.8015516537362188,1.6205098068023214,bullish,bullish,True,False,True,False,2023
215,236231,236232,236233,2023-06-02 13:48:00+00:00,2023-06-02 13:49:00+00:00,2023-06-02 13:50:00+00:00,long,14554.25,14554.5,14554.75,14529.75,14579.75,14604.75,14629.75,14654.75,71.69481262084001,near_trigger,31.69481262084001,25.0,False,False,False,False,True,stop,14529.75,14529.5,-25.25,0.0,-25.25,-1.01,0.75,37.25,0.03,1.49,2,1.0,0,2023-06-02,4.225225225225225,3.250414593698176,2.725228390723823,partial_bullish,1.4679219325893451,2.067649057858888,bullish,bullish,True,False,True,False,2023
216,236264,236265,236282,2023-06-02 14:21:00+00:00,2023-06-02 14:22:00+00:00,2023-06-02 14:39:00+00:00,short,14511.0,14510.75,14510.5,14535.5,14485.5,14460.5,14435.5,14410.5,73.30599848139711,near_trigger,-65.30599848139711,25.0,True,False,False,False,True,stop,14535.5,14535.75,-25.25,0.0,-25.25,-1.01,27.5,34.25,1.1,1.37,18,17.0,1,2023-06-02,0.8929384965831435,0.1601664066562662,0.5243445692883895,partial_bearish,1.183608087484076,1.6075925513507956,bearish,bearish,True,True,True,False,2023
217,237613,237614,237620,2023-06-05 13:50:00+00:00,2023-06-05 13:51:00+00:00,2023-06-05 13:57:00+00:00,long,14606.5,14606.5,14606.75,14581.75,14631.75,14656.75,14681.75,14706.75,70.0,near_trigger,59.51232562439391,25.0,False,False,False,False,True,stop,14581.75,14581.5,-25.25,0.0,-25.25,-1.01,4.25,27.75,0.17,1.11,7,6.0,0,2023-06-05,2.5534591194968552,4.495412844036697,4.931979695431472,partial_bullish,1.2777332264100507,1.0821947271307124,bullish,bullish,False,True,True,False,2023
218,237624,237625,237638,2023-06-05 14:01:00+00:00,2023-06-05 14:02:00+00:00,2023-06-05 14:15:00+00:00,long,14620.0,14619.75,14620.0,14595.0,14645.0,14670.0,14695.0,14720.0,72.6581560283688,near_trigger,35.65815602836879,25.0,False,False,False,False,True,stop,14595.0,14594.75,-25.25,0.0,-25.25,-1.01,21.5,30.0,0.86,1.2,14,13.0,0,2023-06-05,1.956331877729257,0.4666666666666666,1.3781788351107465,partial_bullish,2.9490287955975703,2.9425756031260617,bullish,neutral,False,True,True,False,2023
219,238990,238991,239050,2023-06-06 13:47:00+00:00,2023-06-06 13:48:00+00:00,2023-06-06 14:47:00+00:00,long,14550.25,14550.0,14550.25,14525.25,14575.25,14600.25,14625.25,14650.25,70.49280464668038,near_trigger,63.49280464668038,25.0,True,False,False,False,False,max_holding_time,14592.5,14592.25,42.0,0.0,42.0,1.68,48.5,24.5,1.94,0.98,60,59.0,1,2023-06-06,1.1650485436893203,3.454068241469816,2.266075388026608,partial_bearish,1.2065992260167018,1.2289946475249989,neutral,bullish,True,False,True,False,2023
220,240353,240354,240386,2023-06-07 13:30:00+00:00,2023-06-07 13:31:00+00:00,2023-06-07 14:03:00+00:00,long,14626.25,14626.25,14626.5,14601.5,14651.5,14676.5,14701.5,14726.5,74.33333333333334,near_trigger,61.33333333333334,25.0,True,False,False,False,True,stop,14601.5,14601.25,-25.25,0.0,-25.25,-1.01,49.0,39.0,1.96,1.56,33,32.0,1,2023-06-07,3.88,0.2434782608695652,0.9183673469387756,partial_bearish,20.79411421230877,1.5976671152983402,bullish,bullish,True,True,False,False,2023
221,240393,240394,240397,2023-06-07 14:10:00+00:00,2023-06-07 14:11:00+00:00,2023-06-07 14:14:00+00:00,long,14621.25,14620.5,14620.75,14595.75,14645.75,14670.75,14695.75,14720.75,75.01762504561103,near_trigger,44.01762504561103,25.0,False,False,False,False,True,stop,14595.75,14595.5,-25.25,0.0,-25.25,-1.01,1.75,25.5,0.07,1.02,4,3.0,0,2023-06-07,0.7386091127098322,2.2705314009661834,1.8529411764705883,partial_bullish,1.2371778834125595,1.3087896673106951,bullish,bullish,False,True,True,False,2023
222,241734,241735,241737,2023-06-08 13:31:00+00:00,2023-06-08 13:32:00+00:00,2023-06-08 13:34:00+00:00,long,14365.0,14365.0,14365.25,14342.0,14390.25,14415.25,14440.25,14465.25,70.67207207207207,near_trigger,33.67207207207207,23.25,False,False,False,False,True,stop,14342.0,14341.75,-23.5,0.0,-23.5,-1.010752688172043,8.75,34.25,0.3763440860215054,1.4731182795698925,3,2.0,0,2023-06-08,1.8028169014084507,1.0790513833992097,1.849270664505673,partial_bullish,10.379402318872136,1.7820560747663552,bullish,bullish,True,True,True,False,2023
223,241739,241740,241799,2023-06-08 13:36:00+00:00,2023-06-08 13:37:00+00:00,2023-06-08 14:36:00+00:00,long,14359.5,14359.75,14360.0,14335.0,14385.0,14410.0,14435.0,14460.0,83.65547394193774,high_probability,46.65547394193774,25.0,True,True,False,False,False,max_holding_time,14411.5,14411.25,51.25,0.0,51.25,2.05,67.75,18.5,2.71,0.74,60,59.0,2,2023-06-08,0.323189926547744,0.9650959860383944,1.849270664505673,partial_bearish,2.1294363256784967,1.564835536038509,bullish,bullish,True,True,True,False,2023
224,243134,243135,243183,2023-06-09 13:51:00+00:00,2023-06-09 13:52:00+00:00,2023-06-09 14:40:00+00:00,long,14654.0,14653.75,14654.0,14631.0,14679.0,14704.0,14729.0,14754.0,81.23273118126062,high_probability,81.23273118126062,23.0,True,False,False,False,True,stop,14631.0,14630.75,-23.25,0.0,-23.25,-1.0108695652173914,34.0,23.0,1.4782608695652173,1.0,49,48.0,1,2023-06-09,1.184174624829468,4.703247480403135,4.168539325842697,strong_bullish,1.3107110477917367,1.350774159103043,bullish,bullish,False,True,True,False,2023
225,245458,245459,245459,2023-06-13 13:35:00+00:00,2023-06-13 13:36:00+00:00,2023-06-13 13:36:00+00:00,long,15116.0,15115.75,15116.0,15091.0,15141.0,15166.0,15191.0,15216.0,71.81798979082845,near_trigger,50.81798979082845,25.0,False,False,False,False,True,stop,15091.0,15090.75,-25.25,0.0,-25.25,-1.01,0.75,28.25,0.03,1.13,1,0.0,0,2023-06-13,1.8441926345609063,1.0299943406904355,2.5543859649122806,partial_bullish,2.37745879851143,0.9843932289946952,bullish,bullish,True,True,False,False,2023
226,245502,245503,245561,2023-06-13 14:19:00+00:00,2023-06-13 14:20:00+00:00,2023-06-13 15:18:00+00:00,long,15001.75,15001.75,15002.0,14977.0,15027.0,15052.0,15077.0,15102.0,92.91200768491836,a_plus_plus,83.91200768491835,25.0,True,True,True,True,False,tp4,15102.0,15101.75,99.75,0.0,99.75,3.99,100.0,23.5,4.0,0.94,59,58.0,4,2023-06-13,1.0355427473583092,1.4986619090098128,2.9900662251655628,partial_bearish,1.1072654892679792,1.5935580406363208,bullish,bullish,True,True,True,True,2023
227,246839,246840,246843,2023-06-14 13:36:00+00:00,2023-06-14 13:37:00+00:00,2023-06-14 13:40:00+00:00,short,15057.5,15057.75,15057.5,15082.5,15032.5,15007.5,14982.5,14957.5,77.88755768385982,near_trigger,-36.88755768385983,25.0,False,False,False,False,True,stop,15082.5,15082.75,-25.25,0.0,-25.25,-1.01,4.5,37.25,0.18,1.49,4,3.0,0,2023-06-14,2.4647887323943665,0.7296969696969696,1.532258064516129,strong_bearish,2.840731450176319,1.0195853286185883,neutral,bearish,True,True,True,False,2023
228,248216,248217,248222,2023-06-15 13:33:00+00:00,2023-06-15 13:34:00+00:00,2023-06-15 13:39:00+00:00,short,15117.75,15117.75,15117.5,15142.5,15092.5,15067.5,15042.5,15017.5,91.0105628266198,a_plus_plus,-70.0105628266198,25.0,False,False,False,False,True,stop,15142.5,15142.75,-25.25,0.0,-25.25,-1.01,1.5,38.0,0.06,1.52,6,5.0,0,2023-06-15,2.04031007751938,0.2728813559322033,1.6234939759036144,partial_bullish,3.305940994207194,1.1349026499560653,bearish,bearish,True,True,True,False,2023
229,249595,249596,249598,2023-06-16 13:32:00+00:00,2023-06-16 13:33:00+00:00,2023-06-16 13:35:00+00:00,long,15415.75,15416.0,15416.25,15391.25,15441.25,15466.25,15491.25,15516.25,79.0,near_trigger,50.5188542650299,25.0,False,False,False,False,True,stop,15391.25,15391.0,-25.25,0.0,-25.25,-1.01,21.5,31.25,0.86,1.25,3,2.0,0,2023-06-16,2.4721435316336167,2.5855855855855854,1.8961881589618816,partial_bullish,3.0019112845424862,1.5768337830206436,bullish,bullish,True,True,True,False,2023
230,249599,249600,249606,2023-06-16 13:36:00+00:00,2023-06-16 13:37:00+00:00,2023-06-16 13:43:00+00:00,long,15387.75,15388.25,15388.5,15363.5,15413.5,15438.5,15463.5,15488.5,79.0,near_trigger,33.6166277506545,25.0,False,False,False,False,True,stop,15363.5,15363.25,-25.25,0.0,-25.25,-1.01,8.75,37.5,0.35,1.5,7,6.0,0,2023-06-16,1.5289747399702824,0.4378801042571677,1.8961881589618816,partial_bearish,1.926290719735196,1.8615416623322585,bullish,bullish,True,True,True,False,2023
231,249614,249615,249616,2023-06-16 13:51:00+00:00,2023-06-16 13:52:00+00:00,2023-06-16 13:53:00+00:00,long,15369.75,15370.25,15370.5,15345.5,15395.5,15420.5,15445.5,15470.5,72.15323040300663,near_trigger,72.15323040300663,25.0,False,False,False,False,True,stop,15345.5,15345.25,-25.25,0.0,-25.25,-1.01,7.25,25.5,0.29,1.02,2,1.0,0,2023-06-16,1.1257731958762889,4.100709219858156,2.429682824655895,partial_bearish,1.0059563203176705,1.3705864925094355,bullish,bullish,True,True,True,False,2023
232,252114,252115,252143,2023-06-20 13:31:00+00:00,2023-06-20 13:32:00+00:00,2023-06-20 14:00:00+00:00,long,15242.75,15242.5,15242.75,15217.75,15267.75,15292.75,15317.75,15342.75,72.91932721251263,near_trigger,37.91932721251263,25.0,True,True,False,False,True,stop,15217.75,15217.5,-25.25,0.0,-25.25,-1.01,67.5,29.0,2.7,1.16,29,28.0,2,2023-06-20,1.2839506172839503,2.431578947368421,1.366183574879227,partial_bearish,8.049780794795643,1.46860003096135,bullish,bullish,True,True,True,True,2023
233,254906,254907,254946,2023-06-22 14:03:00+00:00,2023-06-22 14:04:00+00:00,2023-06-22 14:43:00+00:00,long,15088.75,15088.5,15088.75,15063.75,15113.75,15138.75,15163.75,15188.75,70.25534130885522,near_trigger,70.25534130885522,25.0,True,True,False,False,True,stop,15063.75,15063.5,-25.25,0.0,-25.25,-1.01,60.5,28.75,2.42,1.15,40,39.0,2,2023-06-22,0.3846153846153846,3.505862646566164,3.317108088761632,partial_bullish,0.5837989195757551,0.6288055539748478,bullish,bullish,False,True,True,False,2023
234,256258,256259,256318,2023-06-23 13:35:00+00:00,2023-06-23 13:36:00+00:00,2023-06-23 14:35:00+00:00,short,15075.75,15075.5,15075.25,15100.25,15050.25,15025.25,15000.25,14975.25,74.69379230525851,near_trigger,-34.69379230525851,25.0,True,True,True,False,False,max_holding_time,15052.75,15053.0,22.25,0.0,22.25,0.89,90.5,8.5,3.62,0.34,60,59.0,3,2023-06-23,2.2857142857142856,1.585570469798658,3.2550000000000003,partial_bullish,3.38192581118088,1.402981306588022,bearish,bearish,True,False,False,False,2023
235,259013,259014,259015,2023-06-27 13:30:00+00:00,2023-06-27 13:31:00+00:00,2023-06-27 13:32:00+00:00,long,14928.75,14928.75,14929.0,14904.0,14954.0,14979.0,15004.0,15029.0,70.41696095498632,near_trigger,70.41696095498632,25.0,False,False,False,False,True,stop,14904.0,14903.75,-25.25,0.0,-25.25,-1.01,7.0,31.0,0.28,1.24,2,1.0,0,2023-06-27,1.7916666666666667,0.716374269005848,1.0831408775981526,strong_bullish,13.089331195170269,1.0784008952996766,bullish,bullish,True,True,True,True,2023
236,259016,259017,259076,2023-06-27 13:33:00+00:00,2023-06-27 13:34:00+00:00,2023-06-27 14:33:00+00:00,long,14905.75,14906.0,14906.25,14881.25,14931.25,14956.25,14981.25,15006.25,84.34901425255657,high_probability,69.34901425255657,25.0,True,True,False,False,False,max_holding_time,14927.5,14927.25,21.0,0.0,21.0,0.84,73.25,18.0,2.93,0.72,60,59.0,2,2023-06-27,1.1072056239015815,0.716374269005848,1.0831408775981526,partial_bullish,3.634380886289284,1.21900666142029,bullish,bullish,True,True,True,False,2023
237,260395,260396,260455,2023-06-28 13:32:00+00:00,2023-06-28 13:33:00+00:00,2023-06-28 14:32:00+00:00,long,15050.5,15050.5,15050.75,15029.75,15075.75,15100.75,15125.75,15150.75,72.82150759866813,near_trigger,51.82150759866813,21.0,True,True,True,True,False,tp4,15150.75,15150.5,99.75,0.0,99.75,4.75,105.0,13.0,5.0,0.6190476190476191,60,59.0,4,2023-06-28,2.101313320825516,1.7238805970149254,1.5588865096359743,partial_bearish,6.4084989718985605,1.2526915163404948,bullish,bullish,True,True,False,False,2023
238,261773,261774,261774,2023-06-29 13:30:00+00:00,2023-06-29 13:31:00+00:00,2023-06-29 13:31:00+00:00,long,15121.0,15121.25,15121.5,15101.0,15146.5,15171.5,15196.5,15221.5,75.77892281706139,near_trigger,75.77892281706139,20.5,False,False,False,False,True,stop,15101.0,15100.75,-20.75,0.0,-20.75,-1.0121951219512195,8.5,27.75,0.4146341463414634,1.353658536585366,1,0.0,0,2023-06-29,1.3719376391982183,0.2864768683274021,2.5716639209225702,partial_bearish,5.153379549393415,0.9075786710618684,bullish,bullish,True,False,True,False,2023
239,261776,261777,261787,2023-06-29 13:33:00+00:00,2023-06-29 13:34:00+00:00,2023-06-29 13:44:00+00:00,long,15125.25,15125.5,15125.75,15101.0,15150.75,15175.75,15200.75,15225.75,81.3785093544808,high_probability,69.3785093544808,24.75,False,False,False,False,True,stop,15101.0,15100.75,-25.0,0.0,-25.0,-1.0101010101010102,19.0,42.0,0.7676767676767676,1.696969696969697,11,10.0,0,2023-06-29,0.8863309352517985,0.2864768683274021,2.5716639209225702,partial_bearish,2.4956729194929133,1.1865971241423026,bullish,bullish,True,True,True,False,2023
240,261810,261811,261824,2023-06-29 14:07:00+00:00,2023-06-29 14:08:00+00:00,2023-06-29 14:21:00+00:00,short,15065.75,15065.25,15065.0,15090.0,15040.0,15015.0,14990.0,14965.0,90.86666666666666,a_plus_plus,-61.86666666666666,25.0,True,False,False,False,True,stop,15090.0,15090.25,-25.25,0.0,-25.25,-1.01,29.75,31.5,1.19,1.26,14,13.0,1,2023-06-29,2.8228105906313647,0.1779661016949152,2.350032530904359,strong_bearish,3.649666451474069,3.8164429799887487,bearish,bearish,True,True,True,False,2023
241,264588,264589,264648,2023-07-03 14:25:00+00:00,2023-07-03 14:26:00+00:00,2023-07-03 15:25:00+00:00,short,15360.5,15360.5,15360.25,15385.25,15335.25,15310.25,15285.25,15260.25,76.13560482453582,near_trigger,-76.13560482453582,25.0,True,True,False,False,False,max_holding_time,15323.5,15323.75,36.5,0.0,36.5,1.46,51.25,8.75,2.05,0.35,60,59.0,2,2023-07-03,0.821917808219178,0.2449355432780847,0.5476429287863591,partial_bullish,1.0764998471670326,0.7298692490297298,bearish,bearish,True,False,True,False,2023
242,270997,270998,271057,2023-07-10 14:00:00+00:00,2023-07-10 14:01:00+00:00,2023-07-10 15:00:00+00:00,long,15123.0,15122.5,15122.75,15097.75,15147.75,15172.75,15197.75,15222.75,75.95603052343533,near_trigger,43.95603052343533,25.0,True,True,True,False,False,max_holding_time,15143.0,15142.75,20.0,0.0,20.0,0.8,81.25,0.25,3.25,0.01,60,59.0,3,2023-07-10,1.9267480577136515,2.7719799857040743,1.736,partial_bearish,1.008594300621693,1.2959733992944324,neutral,bullish,True,False,True,False,2023
243,272381,272382,272397,2023-07-11 14:04:00+00:00,2023-07-11 14:05:00+00:00,2023-07-11 14:20:00+00:00,short,15132.75,15133.0,15132.75,15157.75,15107.75,15082.75,15057.75,15032.75,75.33333333333334,near_trigger,-69.33333333333334,25.0,False,False,False,False,True,stop,15157.75,15158.0,-25.25,0.0,-25.25,-1.01,23.75,27.25,0.95,1.09,16,15.0,0,2023-07-11,2.2386634844868736,2.2246256239600664,3.2746536267318667,strong_bearish,1.495357028498239,2.1634559703509244,bearish,bearish,False,True,True,False,2023
244,273733,273734,273793,2023-07-12 13:36:00+00:00,2023-07-12 13:37:00+00:00,2023-07-12 14:36:00+00:00,long,15421.0,15421.25,15421.5,15396.5,15446.5,15471.5,15496.5,15521.5,71.0,near_trigger,71.0,25.0,True,True,True,False,False,max_holding_time,15487.0,15486.75,65.25,0.0,65.25,2.61,86.25,13.5,3.45,0.54,60,59.0,3,2023-07-12,0.2153846153846153,0.7837150127226463,5.003843197540354,partial_bullish,2.165783274440518,1.4394930948856894,bullish,bullish,False,True,True,False,2023
245,276487,276488,276493,2023-07-14 13:30:00+00:00,2023-07-14 13:31:00+00:00,2023-07-14 13:36:00+00:00,short,15747.5,15748.0,15747.75,15772.75,15722.75,15697.75,15672.75,15647.75,71.0,near_trigger,-64.0,25.0,False,False,False,False,True,stop,15772.75,15773.0,-25.25,0.0,-25.25,-1.01,4.75,28.5,0.19,1.14,6,5.0,0,2023-07-14,5.07808564231738,1.4679611650485438,0.0193637621023513,partial_bullish,23.75711220968193,1.9789902254821212,bearish,bearish,False,False,True,False,2023
246,277881,277882,277887,2023-07-17 13:44:00+00:00,2023-07-17 13:45:00+00:00,2023-07-17 13:50:00+00:00,long,15739.25,15739.25,15739.5,15714.5,15764.5,15789.5,15814.5,15839.5,76.0,near_trigger,29.293383270911363,25.0,False,False,False,False,True,stop,15714.5,15714.25,-25.25,0.0,-25.25,-1.01,2.5,27.75,0.1,1.11,6,5.0,0,2023-07-17,1.8701622971285887,3.6654545454545455,2.8301435406698565,partial_bullish,1.9025295158112716,1.913840990626085,bullish,bullish,False,False,True,False,2023
247,277896,277897,277956,2023-07-17 13:59:00+00:00,2023-07-17 14:00:00+00:00,2023-07-17 14:59:00+00:00,long,15739.75,15740.0,15740.25,15715.25,15765.25,15790.25,15815.25,15840.25,74.90508474576271,near_trigger,45.90508474576271,25.0,True,False,False,False,False,max_holding_time,15755.75,15755.5,15.25,0.0,15.25,0.61,32.0,12.0,1.28,0.48,60,59.0,1,2023-07-17,1.0847457627118644,0.3307086614173228,2.344693281402142,partial_bullish,1.4534043930866165,2.4266112266112265,bullish,bullish,True,False,False,False,2023
248,279303,279304,279317,2023-07-18 14:26:00+00:00,2023-07-18 14:27:00+00:00,2023-07-18 14:40:00+00:00,short,15758.25,15758.25,15758.0,15783.0,15733.0,15708.0,15683.0,15658.0,72.11331953071084,near_trigger,-72.11331953071084,25.0,False,False,False,False,True,stop,15783.0,15783.25,-25.25,0.0,-25.25,-1.01,6.25,26.0,0.25,1.04,14,13.0,0,2023-07-18,1.738095238095238,0.2161764705882353,1.821998320738875,strong_bearish,1.744333125865842,1.6771229465474973,bearish,bearish,True,True,False,False,2023
249,280683,280684,280686,2023-07-19 14:26:00+00:00,2023-07-19 14:27:00+00:00,2023-07-19 14:29:00+00:00,long,16009.5,16009.75,16010.0,15985.0,16035.0,16060.0,16085.0,16110.0,72.2605741066198,near_trigger,51.2605741066198,25.0,False,False,False,False,True,stop,15985.0,15984.75,-25.25,0.0,-25.25,-1.01,0.0,27.0,0.0,1.08,3,2.0,0,2023-07-19,1.4270650263620386,0.1079414032382421,1.2657534246575344,partial_bullish,1.394136114510722,1.5337183890103028,bullish,neutral,False,True,True,True,2023
250,282011,282012,282028,2023-07-20 13:34:00+00:00,2023-07-20 13:35:00+00:00,2023-07-20 13:51:00+00:00,short,15869.75,15869.75,15869.5,15894.5,15844.5,15819.5,15794.5,15769.5,71.37838951114908,near_trigger,-71.37838951114908,25.0,False,False,False,False,True,stop,15894.5,15894.75,-25.25,0.0,-25.25,-1.01,16.0,25.5,0.64,1.02,17,16.0,0,2023-07-20,3.406040268456376,0.2020997375328083,1.5064935064935066,partial_bullish,2.782721242517392,1.415142851266018,bearish,bearish,True,True,False,False,2023
251,282037,282038,282067,2023-07-20 14:00:00+00:00,2023-07-20 14:01:00+00:00,2023-07-20 14:30:00+00:00,short,15843.5,15843.0,15842.75,15867.75,15817.75,15792.75,15767.75,15742.75,78.4,near_trigger,-49.400000000000006,25.0,True,True,True,True,False,tp4,15742.75,15743.0,99.75,0.0,99.75,3.99,102.25,4.25,4.09,0.17,30,29.0,4,2023-07-20,2.5096296296296297,0.4175438596491228,1.739457831325301,partial_bearish,2.166145600714605,1.8220068372215332,neutral,bearish,True,True,True,False,2023
252,283428,283429,283439,2023-07-21 14:11:00+00:00,2023-07-21 14:12:00+00:00,2023-07-21 14:22:00+00:00,long,15633.5,15633.5,15633.75,15608.75,15658.75,15683.75,15708.75,15733.75,84.71432594156987,high_probability,38.71432594156987,25.0,False,False,False,False,True,stop,15608.75,15608.5,-25.25,0.0,-25.25,-1.01,14.25,25.25,0.57,1.01,11,10.0,0,2023-07-21,1.41921858500528,2.193333333333333,2.891970802919708,partial_bearish,1.032045341895998,1.5927496466284194,neutral,bullish,True,True,True,True,2023
253,287530,287531,287539,2023-07-26 13:33:00+00:00,2023-07-26 13:34:00+00:00,2023-07-26 13:42:00+00:00,short,15579.75,15579.25,15579.0,15604.0,15554.0,15529.0,15504.0,15479.0,88.0,high_probability,-68.0,25.0,False,False,False,False,True,stop,15604.0,15604.25,-25.25,0.0,-25.25,-1.01,13.25,30.75,0.53,1.23,9,8.0,0,2023-07-26,3.0297029702970297,0.1975308641975308,0.1084070796460177,partial_bullish,4.389994895354773,1.606259014454256,bearish,bearish,True,True,True,False,2023
254,288950,288951,288961,2023-07-27 14:13:00+00:00,2023-07-27 14:14:00+00:00,2023-07-27 14:24:00+00:00,long,15843.5,15843.25,15843.5,15818.5,15868.5,15893.5,15918.5,15943.5,71.21900709219858,near_trigger,71.21900709219858,25.0,False,False,False,False,True,stop,15818.5,15818.25,-25.25,0.0,-25.25,-1.01,10.25,25.75,0.41,1.03,11,10.0,0,2023-07-27,0.3773049645390071,2.3410596026490063,1.6387596899224808,partial_bearish,1.267129228100607,1.704320099545048,bullish,bullish,True,False,False,False,2023
255,290288,290289,290311,2023-07-28 13:31:00+00:00,2023-07-28 13:32:00+00:00,2023-07-28 13:54:00+00:00,long,15717.0,15717.25,15717.5,15692.5,15742.5,15767.5,15792.5,15817.5,70.0,near_trigger,22.77114046021765,25.0,True,True,True,True,False,tp4,15817.5,15817.25,99.75,0.0,99.75,3.99,100.0,1.0,4.0,0.04,23,22.0,4,2023-07-28,1.9130434782608696,1.12,1.0615521855486174,partial_bearish,5.356992860142797,0.7145558185459587,bullish,neutral,True,True,True,False,2023
256,290314,290315,290374,2023-07-28 13:57:00+00:00,2023-07-28 13:58:00+00:00,2023-07-28 14:57:00+00:00,long,15795.0,15795.0,15795.25,15770.25,15820.25,15845.25,15870.25,15895.25,71.0,near_trigger,28.706324786324785,25.0,True,False,False,False,False,max_holding_time,15799.25,15799.0,3.75,0.0,3.75,0.15,42.5,13.75,1.7,0.55,60,59.0,1,2023-07-28,1.0948717948717948,3.3789392774788625,1.317528735632184,partial_bullish,0.9164245810055864,1.5047884636553772,bullish,bullish,False,False,True,False,2023
257,291667,291668,291692,2023-07-31 13:30:00+00:00,2023-07-31 13:31:00+00:00,2023-07-31 13:55:00+00:00,long,15866.75,15867.0,15867.25,15842.25,15892.25,15917.25,15942.25,15967.25,71.3407890470212,near_trigger,71.3407890470212,25.0,True,False,False,False,True,stop,15842.25,15842.0,-25.25,0.0,-25.25,-1.01,37.75,52.25,1.51,2.09,25,24.0,1,2023-07-31,0.259946949602122,2.171532846715328,1.0892857142857142,strong_bearish,10.722571840169838,0.905696628134106,bullish,bullish,True,True,False,False,2023
258,293047,293048,293062,2023-08-01 13:30:00+00:00,2023-08-01 13:31:00+00:00,2023-08-01 13:45:00+00:00,short,15780.75,15781.5,15781.25,15806.25,15756.25,15731.25,15706.25,15681.25,70.38003696079545,near_trigger,-33.38003696079545,25.0,False,False,False,False,True,stop,15806.25,15806.5,-25.25,0.0,-25.25,-1.01,16.25,27.75,0.65,1.11,15,14.0,0,2023-08-01,1.7082228116710876,1.146551724137931,0.9124513618677044,partial_bullish,12.039329934450109,1.043784650745741,bearish,bearish,True,True,True,False,2023
259,294431,294432,294473,2023-08-02 13:34:00+00:00,2023-08-02 13:35:00+00:00,2023-08-02 14:16:00+00:00,short,15625.25,15625.25,15625.0,15650.0,15600.0,15575.0,15550.0,15525.0,82.68557172879379,high_probability,-69.68557172879379,25.0,True,True,True,True,False,tp4,15525.0,15525.25,99.75,0.0,99.75,3.99,100.5,6.75,4.02,0.27,42,41.0,4,2023-08-02,3.607361963190184,0.0640732265446224,1.502283105022831,strong_bearish,3.712349579183447,1.3578308577073703,bearish,bearish,False,True,True,False,2023
260,297187,297188,297190,2023-08-04 13:30:00+00:00,2023-08-04 13:31:00+00:00,2023-08-04 13:33:00+00:00,short,15518.5,15518.5,15518.25,15543.25,15493.25,15468.25,15443.25,15418.25,71.0,near_trigger,-26.64439178321632,25.0,False,False,False,False,True,stop,15543.25,15543.5,-25.25,0.0,-25.25,-1.01,0.25,33.0,0.01,1.32,3,2.0,0,2023-08-04,1.916058394160584,0.4633569739952718,2.0823045267489717,partial_bullish,8.631184483719046,1.0665031411908992,bearish,bearish,False,False,True,False,2023
261,297198,297199,297219,2023-08-04 13:41:00+00:00,2023-08-04 13:42:00+00:00,2023-08-04 14:02:00+00:00,short,15529.25,15529.5,15529.25,15554.25,15504.25,15479.25,15454.25,15429.25,81.06666666666666,high_probability,-63.06666666666666,25.0,True,True,True,True,False,tp4,15429.25,15429.5,99.75,0.0,99.75,3.99,107.25,12.5,4.29,0.5,21,20.0,4,2023-08-04,2.763358778625954,1.525179856115108,2.0823045267489717,partial_bullish,1.9763057386819765,1.9762817004196316,bearish,bearish,True,True,False,False,2023
262,297223,297224,297225,2023-08-04 14:06:00+00:00,2023-08-04 14:07:00+00:00,2023-08-04 14:08:00+00:00,short,15396.0,15396.0,15395.75,15420.75,15370.75,15345.75,15320.75,15295.75,81.44469067405356,high_probability,-80.44469067405356,25.0,False,False,False,False,True,stop,15420.75,15421.0,-25.25,0.0,-25.25,-1.01,1.5,27.0,0.06,1.08,2,1.0,0,2023-08-04,2.585410895660203,4.0272108843537415,0.591715976331361,strong_bearish,1.2478279668137802,1.9385582479975667,bearish,bearish,False,True,True,False,2023
263,297238,297239,297242,2023-08-04 14:21:00+00:00,2023-08-04 14:22:00+00:00,2023-08-04 14:25:00+00:00,short,15452.25,15453.0,15452.75,15477.75,15427.75,15402.75,15377.75,15352.75,72.84211277658815,near_trigger,-72.84211277658815,25.0,False,False,False,False,True,stop,15477.75,15478.0,-25.25,0.0,-25.25,-1.01,12.25,27.25,0.49,1.09,4,3.0,0,2023-08-04,0.7194860813704498,0.2057044079515989,1.824644549763033,partial_bearish,0.9105571992598384,1.5164549035118076,bearish,bearish,True,True,False,False,2023
264,298567,298568,298568,2023-08-07 13:30:00+00:00,2023-08-07 13:31:00+00:00,2023-08-07 13:31:00+00:00,long,15462.25,15462.25,15462.5,15437.5,15487.5,15512.5,15537.5,15562.5,70.44303462567858,near_trigger,41.44303462567858,25.0,False,False,False,False,True,stop,15437.5,15437.25,-25.25,0.0,-25.25,-1.01,10.75,32.0,0.43,1.28,1,0.0,0,2023-08-07,4.379679144385027,0.0694214876033057,0.8846153846153846,partial_bullish,15.244565217391305,1.1028449615736673,bullish,bullish,True,True,True,False,2023
265,298572,298573,298579,2023-08-07 13:35:00+00:00,2023-08-07 13:36:00+00:00,2023-08-07 13:42:00+00:00,long,15427.25,15427.25,15427.5,15402.5,15452.5,15477.5,15502.5,15527.5,74.57500058933941,near_trigger,39.57500058933941,25.0,False,False,False,False,True,stop,15402.5,15402.25,-25.25,0.0,-25.25,-1.01,21.0,26.25,0.84,1.05,7,6.0,0,2023-08-07,2.596026490066225,1.2475247524752475,0.8846153846153846,partial_bearish,2.7302441838108056,1.1906359001878186,bullish,bullish,True,True,True,False,2023
266,298604,298605,298617,2023-08-07 14:07:00+00:00,2023-08-07 14:08:00+00:00,2023-08-07 14:20:00+00:00,short,15404.75,15405.0,15404.75,15429.75,15379.75,15354.75,15329.75,15304.75,73.0,near_trigger,-30.507978447147863,25.0,False,False,False,False,True,stop,15429.75,15430.0,-25.25,0.0,-25.25,-1.01,12.0,25.25,0.48,1.01,13,12.0,0,2023-08-07,1.9194776931447224,1.2669683257918551,1.4346952444742131,partial_bearish,1.1553764692780415,1.4828289653200972,bearish,bearish,True,True,True,True,2023
267,299950,299951,299991,2023-08-08 13:33:00+00:00,2023-08-08 13:34:00+00:00,2023-08-08 14:14:00+00:00,short,15357.25,15357.0,15356.75,15381.75,15331.75,15306.75,15281.75,15256.75,70.70294921844459,near_trigger,-69.70294921844459,25.0,True,True,True,True,False,tp4,15256.75,15257.0,99.75,0.0,99.75,3.99,102.75,17.75,4.11,0.71,41,40.0,4,2023-08-08,1.348747591522158,0.5988200589970502,1.469387755102041,partial_bullish,3.396701575504438,0.9269580522147256,bearish,bearish,True,True,False,False,2023
268,301347,301348,301358,2023-08-09 13:50:00+00:00,2023-08-09 13:51:00+00:00,2023-08-09 14:01:00+00:00,short,15272.75,15272.5,15272.25,15297.25,15247.25,15222.25,15197.25,15172.25,74.8635477582846,near_trigger,-48.8635477582846,25.0,False,False,False,False,True,stop,15297.25,15297.5,-25.25,0.0,-25.25,-1.01,9.0,29.25,0.36,1.17,11,10.0,0,2023-08-09,1.6046783625730994,4.364319248826291,3.446319018404908,strong_bearish,1.4579214637360935,1.661402540033131,neutral,bearish,False,True,True,False,2023
269,301377,301378,301434,2023-08-09 14:20:00+00:00,2023-08-09 14:21:00+00:00,2023-08-09 15:17:00+00:00,short,15266.5,15267.0,15266.75,15291.75,15241.75,15216.75,15191.75,15166.75,82.86666666666666,high_probability,-69.86666666666666,25.0,True,True,True,True,False,tp4,15166.75,15167.0,99.75,0.0,99.75,3.99,108.25,23.75,4.33,0.95,57,56.0,4,2023-08-09,2.305637982195845,0.2899408284023668,2.9362577107607954,partial_bearish,1.9949618641102795,1.8789955842615167,bearish,bearish,False,True,True,False,2023
270,302709,302710,302731,2023-08-10 13:32:00+00:00,2023-08-10 13:33:00+00:00,2023-08-10 13:54:00+00:00,long,15294.75,15295.0,15295.25,15271.25,15320.25,15345.25,15370.25,15395.25,74.0,near_trigger,52.09001624642252,24.0,True,True,True,True,False,tp4,15395.25,15395.0,99.75,0.0,99.75,4.15625,100.75,10.5,4.197916666666667,0.4375,22,21.0,4,2023-08-10,0.7581227436823105,0.9808917197452228,0.4484256243213897,partial_bearish,4.325486130427087,1.2906097689788896,bullish,bullish,True,True,True,False,2023
271,302735,302736,302765,2023-08-10 13:58:00+00:00,2023-08-10 13:59:00+00:00,2023-08-10 14:28:00+00:00,long,15413.75,15413.25,15413.5,15388.5,15438.5,15463.5,15488.5,15513.5,74.21690590111643,near_trigger,60.216905901116434,25.0,True,False,False,False,True,stop,15388.5,15388.25,-25.25,0.0,-25.25,-1.01,28.25,28.0,1.13,1.12,30,29.0,1,2023-08-10,2.110047846889952,2.746376811594203,1.7736943907156673,strong_bullish,1.2976010279753023,1.9857021446782983,bullish,bullish,False,True,True,False,2023
272,306848,306849,306850,2023-08-15 13:31:00+00:00,2023-08-15 13:32:00+00:00,2023-08-15 13:33:00+00:00,short,15216.75,15216.75,15216.5,15241.5,15191.5,15166.5,15141.5,15116.5,74.65996741682623,near_trigger,-74.65996741682623,25.0,False,False,False,False,True,stop,15241.5,15241.75,-25.25,0.0,-25.25,-1.01,3.5,28.5,0.14,1.14,2,1.0,0,2023-08-15,0.6100217864923747,1.527027027027027,1.352168199737188,partial_bullish,4.860150154570882,0.8936377539281897,bearish,bearish,True,True,False,False,2023
273,306861,306862,306921,2023-08-15 13:44:00+00:00,2023-08-15 13:45:00+00:00,2023-08-15 14:44:00+00:00,short,15208.0,15208.0,15207.75,15232.75,15182.75,15157.75,15132.75,15107.75,91.27615615615616,a_plus_plus,-57.27615615615616,25.0,True,True,True,False,False,max_holding_time,15137.25,15137.5,70.25,0.0,70.25,2.81,99.75,9.5,3.99,0.38,60,59.0,3,2023-08-15,2.497297297297297,1.7853107344632768,1.352168199737188,partial_bullish,1.721018046292664,1.5809448730221296,bearish,bearish,True,True,True,True,2023
274,309608,309609,309668,2023-08-17 13:31:00+00:00,2023-08-17 13:32:00+00:00,2023-08-17 14:31:00+00:00,short,14977.25,14977.25,14977.0,15002.0,14952.0,14927.0,14902.0,14877.0,71.70765774658435,near_trigger,-67.70765774658435,25.0,True,True,True,False,False,max_holding_time,14889.75,14890.0,87.0,0.0,87.0,3.48,95.0,12.0,3.8,0.48,60,59.0,3,2023-08-17,1.4770642201834865,0.3435582822085889,0.577319587628866,partial_bearish,7.797536029753603,0.91342913742282,neutral,bearish,True,True,True,False,2023
275,310988,310989,311005,2023-08-18 13:31:00+00:00,2023-08-18 13:32:00+00:00,2023-08-18 13:48:00+00:00,short,14653.75,14654.25,14654.0,14679.0,14629.0,14604.0,14579.0,14554.0,74.0,near_trigger,-54.47676495185771,25.0,True,False,False,False,True,stop,14679.0,14679.25,-25.25,0.0,-25.25,-1.01,26.0,29.5,1.04,1.18,17,16.0,1,2023-08-18,1.3873873873873874,0.6575028636884307,0.8387096774193549,partial_bearish,4.191797882750644,0.9730779026784424,bearish,bearish,True,True,True,False,2023
276,311036,311037,311040,2023-08-18 14:19:00+00:00,2023-08-18 14:20:00+00:00,2023-08-18 14:23:00+00:00,short,14647.5,14647.5,14647.25,14672.25,14622.25,14597.25,14572.25,14547.25,74.0,near_trigger,-67.56444444444445,25.0,False,False,False,False,True,stop,14672.25,14672.5,-25.25,0.0,-25.25,-1.01,2.25,25.5,0.09,1.02,4,3.0,0,2023-08-18,0.1666666666666666,0.9820289855072464,0.0327293980128579,partial_bearish,1.1285916156382478,1.5862822337713929,bearish,bearish,True,True,True,True,2023
277,312410,312411,312413,2023-08-21 14:13:00+00:00,2023-08-21 14:14:00+00:00,2023-08-21 14:16:00+00:00,long,14905.75,14905.5,14905.75,14880.75,14930.75,14955.75,14980.75,15005.75,82.22829077142428,high_probability,82.22829077142428,25.0,False,False,False,False,True,stop,14880.75,14880.5,-25.25,0.0,-25.25,-1.01,0.0,26.5,0.0,1.06,3,2.0,0,2023-08-21,1.447415329768271,2.3537653239929948,3.476009139375476,partial_bullish,0.713177386772843,0.7429887301175788,bullish,bullish,True,True,True,False,2023
278,313764,313765,313767,2023-08-22 13:47:00+00:00,2023-08-22 13:48:00+00:00,2023-08-22 13:50:00+00:00,long,15054.0,15053.5,15053.75,15028.75,15078.75,15103.75,15128.75,15153.75,72.09142182342636,near_trigger,68.09142182342636,25.0,False,False,False,False,True,stop,15028.75,15028.5,-25.25,0.0,-25.25,-1.01,0.25,28.0,0.01,1.12,3,2.0,0,2023-08-22,1.705128205128205,2.994219653179191,2.9453894359892567,partial_bearish,0.8788025108643167,1.1325028312570782,bullish,bullish,True,True,False,False,2023
279,316508,316509,316527,2023-08-24 13:31:00+00:00,2023-08-24 13:32:00+00:00,2023-08-24 13:50:00+00:00,short,15293.5,15293.25,15293.0,15318.0,15268.0,15243.0,15218.0,15193.0,80.0,high_probability,-39.0,25.0,True,True,True,True,False,tp4,15193.0,15193.25,99.75,0.0,99.75,3.99,107.0,4.25,4.28,0.17,19,18.0,4,2023-08-24,4.805642633228841,0.6932367149758454,0.2276422764227642,strong_bearish,8.226720111306191,1.797728407931027,neutral,bearish,True,True,True,True,2023
280,316535,316536,316540,2023-08-24 13:58:00+00:00,2023-08-24 13:59:00+00:00,2023-08-24 14:03:00+00:00,long,15227.25,15227.25,15227.5,15202.5,15252.5,15277.5,15302.5,15327.5,73.19220466516177,near_trigger,31.192204665161768,25.0,False,False,False,False,True,stop,15202.5,15202.25,-25.25,0.0,-25.25,-1.01,7.25,28.25,0.29,1.13,5,4.0,0,2023-08-24,1.674943566591422,4.614195361911455,4.591349257585539,partial_bearish,1.0975498452577517,1.978018691588785,neutral,bullish,False,True,True,False,2023
281,316543,316544,316562,2023-08-24 14:06:00+00:00,2023-08-24 14:07:00+00:00,2023-08-24 14:25:00+00:00,short,15193.5,15193.75,15193.5,15218.5,15168.5,15143.5,15118.5,15093.5,70.26596818005433,near_trigger,-41.26596818005433,25.0,True,True,True,True,False,tp4,15093.5,15093.75,99.75,0.0,99.75,3.99,101.25,7.25,4.05,0.29,19,18.0,4,2023-08-24,1.5320139697322468,0.5296803652968036,3.917625681405209,strong_bearish,1.3418914673010458,1.703204047217538,bearish,bearish,True,True,True,False,2023
282,316565,316566,316625,2023-08-24 14:28:00+00:00,2023-08-24 14:29:00+00:00,2023-08-24 15:28:00+00:00,short,15087.0,15086.75,15086.5,15111.5,15061.5,15036.5,15011.5,14986.5,73.5874643874644,near_trigger,-67.5874643874644,25.0,True,True,True,False,False,max_holding_time,15011.5,15011.75,74.75,0.0,74.75,2.99,98.0,5.0,3.92,0.2,60,59.0,3,2023-08-24,2.3076923076923075,3.5,5.413427561837456,strong_bearish,1.0816396830864623,1.9870515504064643,bearish,bearish,False,True,True,False,2023
283,317887,317888,317924,2023-08-25 13:30:00+00:00,2023-08-25 13:31:00+00:00,2023-08-25 14:07:00+00:00,long,14921.0,14921.25,14921.5,14896.5,14946.5,14971.5,14996.5,15021.5,92.67098441276984,a_plus_plus,79.67098441276985,25.0,True,True,False,False,True,stop,14896.5,14896.25,-25.25,0.0,-25.25,-1.01,74.0,26.25,2.96,1.05,37,36.0,2,2023-08-25,4.231237322515213,0.4869565217391304,0.2922465208747514,strong_bullish,13.884032634032634,1.1915478869717429,bullish,bullish,True,True,True,True,2023
284,317927,317928,317932,2023-08-25 14:10:00+00:00,2023-08-25 14:11:00+00:00,2023-08-25 14:15:00+00:00,long,14908.0,14908.0,14908.25,14883.25,14933.25,14958.25,14983.25,15008.25,70.93338086251485,near_trigger,70.93338086251485,25.0,True,True,True,True,False,tp4,15008.25,15008.0,99.75,0.0,99.75,3.99,119.0,1.5,4.76,0.06,5,4.0,4,2023-08-25,1.199203187250996,1.5070821529745042,1.5879899916597164,partial_bearish,1.5176193272233711,2.1741356609938074,bullish,bullish,True,True,False,False,2023
285,317933,317934,317935,2023-08-25 14:16:00+00:00,2023-08-25 14:17:00+00:00,2023-08-25 14:18:00+00:00,long,15033.0,15032.75,15033.0,15008.0,15058.0,15083.0,15108.0,15133.0,78.13864239666287,near_trigger,52.13864239666288,25.0,False,False,False,False,True,stop,15008.0,15007.75,-25.25,0.0,-25.25,-1.01,16.0,54.25,0.64,2.17,2,1.0,0,2023-08-25,3.0420932878270763,1.3636363636363635,3.4226044226044223,strong_bullish,1.3175332588605666,2.933329565045361,bullish,bullish,True,True,False,False,2023
286,319267,319268,319279,2023-08-28 13:30:00+00:00,2023-08-28 13:31:00+00:00,2023-08-28 13:42:00+00:00,long,15065.25,15065.5,15065.75,15040.75,15090.75,15115.75,15140.75,15165.75,71.0,near_trigger,22.38041850955861,25.0,True,True,False,False,True,stop,15040.75,15040.5,-25.25,0.0,-25.25,-1.01,61.0,30.5,2.44,1.22,12,11.0,2,2023-08-28,1.794871794871795,1.111395646606914,3.0405405405405403,partial_bullish,11.46375131135774,1.2683576472888107,bullish,bullish,False,True,True,False,2023
287,320673,320674,320677,2023-08-29 13:56:00+00:00,2023-08-29 13:57:00+00:00,2023-08-29 14:00:00+00:00,short,15146.25,15146.25,15146.0,15171.0,15121.0,15096.0,15071.0,15046.0,77.68250683672868,near_trigger,-77.68250683672868,25.0,False,False,False,False,True,stop,15171.0,15171.25,-25.25,0.0,-25.25,-1.01,1.75,58.5,0.07,2.34,4,3.0,0,2023-08-29,1.094972067039106,3.847682119205298,3.252187748607796,partial_bullish,0.8085956481831434,0.9579367516119128,bearish,bearish,True,True,True,False,2023
288,324821,324822,324822,2023-09-01 14:04:00+00:00,2023-09-01 14:05:00+00:00,2023-09-01 14:05:00+00:00,long,15563.5,15563.25,15563.5,15538.5,15588.5,15613.5,15638.5,15663.5,78.7449088960343,near_trigger,65.7449088960343,25.0,False,False,False,False,True,stop,15538.5,15538.25,-25.25,0.0,-25.25,-1.01,4.25,32.75,0.17,1.31,1,0.0,0,2023-09-01,0.1913183279742765,1.7777777777777777,1.924170616113744,partial_bearish,1.22936910461203,1.676665287546545,bullish,bullish,False,True,True,False,2023
289,324826,324827,324850,2023-09-01 14:09:00+00:00,2023-09-01 14:10:00+00:00,2023-09-01 14:33:00+00:00,long,15566.5,15566.25,15566.5,15541.5,15591.5,15616.5,15641.5,15666.5,72.23608195902048,near_trigger,72.23608195902048,25.0,True,False,False,False,True,stop,15541.5,15541.25,-25.25,0.0,-25.25,-1.01,27.0,31.25,1.08,1.25,24,23.0,1,2023-09-01,0.1304347826086956,0.2398753894080996,1.924170616113744,partial_bullish,1.1389735176939302,1.632563641940148,bullish,bullish,False,True,True,False,2023
290,330074,330075,330078,2023-09-07 13:37:00+00:00,2023-09-07 13:38:00+00:00,2023-09-07 13:41:00+00:00,short,15198.5,15198.75,15198.5,15223.5,15173.5,15148.5,15123.5,15098.5,71.0,near_trigger,-65.92076590193403,25.0,False,False,False,False,True,stop,15223.5,15223.75,-25.25,0.0,-25.25,-1.01,20.5,28.75,0.82,1.15,4,3.0,0,2023-09-07,1.82,0.8354430379746836,3.000805801772764,partial_bearish,1.852911297652783,1.3831708558257416,bearish,bearish,False,True,True,False,2023
291,330108,330109,330137,2023-09-07 14:11:00+00:00,2023-09-07 14:12:00+00:00,2023-09-07 14:40:00+00:00,short,15216.25,15216.5,15216.25,15241.25,15191.25,15166.25,15141.25,15116.25,77.64133685136323,near_trigger,-66.64133685136323,25.0,True,False,False,False,True,stop,15241.25,15241.5,-25.25,0.0,-25.25,-1.01,29.5,39.0,1.18,1.56,29,28.0,1,2023-09-07,3.4353562005277043,1.2802631578947368,0.582995951417004,partial_bearish,1.314142960028808,1.527754156909431,bearish,bearish,False,True,True,False,2023
292,331452,331453,331459,2023-09-08 13:35:00+00:00,2023-09-08 13:36:00+00:00,2023-09-08 13:42:00+00:00,short,15334.5,15334.0,15333.75,15358.75,15308.75,15283.75,15258.75,15233.75,74.275115779052,near_trigger,-47.275115779052,25.0,False,False,False,False,True,stop,15358.75,15359.0,-25.25,0.0,-25.25,-1.01,0.0,25.25,0.0,1.01,7,6.0,0,2023-09-08,3.608024691358025,4.20158550396376,0.6693794506612412,strong_bullish,2.825679792395352,0.9816864749600176,neutral,bearish,True,False,True,False,2023
293,332414,332415,332416,2023-09-11 13:37:00+00:00,2023-09-11 13:38:00+00:00,2023-09-11 13:39:00+00:00,long,15607.75,15607.5,15607.75,15582.75,15632.75,15657.75,15682.75,15707.75,74.0,near_trigger,46.03288197818188,25.0,False,False,False,False,True,stop,15582.75,15582.5,-25.25,0.0,-25.25,-1.01,3.5,25.0,0.14,1.0,2,1.0,0,2023-09-11,2.0082758620689654,0.3896103896103896,0.1534713763702801,partial_bullish,3.179705654531371,0.9800352144200064,bullish,bullish,True,True,True,False,2023
294,333787,333788,333789,2023-09-12 13:30:00+00:00,2023-09-12 13:31:00+00:00,2023-09-12 13:32:00+00:00,short,15588.5,15588.75,15588.5,15613.5,15563.5,15538.5,15513.5,15488.5,83.23940014615485,high_probability,-54.23940014615485,25.0,False,False,False,False,True,stop,15613.5,15613.75,-25.25,0.0,-25.25,-1.01,4.75,27.75,0.19,1.11,2,1.0,0,2023-09-12,2.6538461538461537,1.025,1.3585798816568049,strong_bearish,6.712421623453651,0.5225145600970893,bearish,bearish,False,True,True,False,2023
295,333793,333794,333799,2023-09-12 13:36:00+00:00,2023-09-12 13:37:00+00:00,2023-09-12 13:42:00+00:00,short,15617.0,15617.0,15616.75,15641.75,15591.75,15566.75,15541.75,15516.75,79.0,near_trigger,-51.94040124231765,25.0,False,False,False,False,True,stop,15641.75,15642.0,-25.25,0.0,-25.25,-1.01,13.5,28.0,0.54,1.12,6,5.0,0,2023-09-12,1.5777460770328104,0.3439306358381502,1.3585798816568049,partial_bullish,1.9499072840763665,0.6418224801203525,bearish,bearish,True,True,True,False,2023
296,335190,335191,335194,2023-09-13 13:53:00+00:00,2023-09-13 13:54:00+00:00,2023-09-13 13:57:00+00:00,short,15524.75,15525.25,15525.0,15550.0,15500.0,15475.0,15450.0,15425.0,70.31630073186959,near_trigger,-61.31630073186959,25.0,False,False,False,False,True,stop,15550.0,15550.25,-25.25,0.0,-25.25,-1.01,18.5,25.0,0.74,1.0,4,3.0,0,2023-09-13,1.620758483033932,1.6585987261146498,1.8798328108672933,partial_bullish,1.1724679944571983,1.5329700788253269,bearish,bearish,True,True,True,False,2023
297,335195,335196,335255,2023-09-13 13:58:00+00:00,2023-09-13 13:59:00+00:00,2023-09-13 14:58:00+00:00,short,15548.0,15548.0,15547.75,15572.75,15522.75,15497.75,15472.75,15447.75,75.9711940119556,near_trigger,-62.9711940119556,25.0,True,True,True,False,False,max_holding_time,15554.75,15555.0,-7.25,0.0,-7.25,-0.29,93.75,24.25,3.75,0.97,60,59.0,3,2023-09-13,1.331288343558282,0.509090909090909,1.8798328108672933,strong_bullish,0.8336866825402002,1.147457576392422,bearish,bearish,True,True,True,False,2023
298,337927,337928,337943,2023-09-15 13:30:00+00:00,2023-09-15 13:31:00+00:00,2023-09-15 13:46:00+00:00,short,15619.0,15619.0,15618.75,15643.75,15593.75,15568.75,15543.75,15518.75,79.0,near_trigger,-75.08258176800891,25.0,True,True,True,True,False,tp4,15518.75,15519.0,99.75,0.0,99.75,3.99,102.25,9.0,4.09,0.36,16,15.0,4,2023-09-15,1.1375,1.1142490372272142,3.1777301927194865,partial_bearish,5.4864116937486695,1.00591292582498,bearish,bearish,True,True,True,False,2023
299,337986,337987,338046,2023-09-15 14:29:00+00:00,2023-09-15 14:30:00+00:00,2023-09-15 15:29:00+00:00,short,15496.0,15496.25,15496.0,15516.75,15471.0,15446.0,15421.0,15396.0,73.0,near_trigger,-35.61226280926155,20.75,True,True,True,False,False,max_holding_time,15430.5,15430.75,65.25,0.0,65.25,3.144578313253012,82.0,10.75,3.9518072289156634,0.5180722891566265,60,59.0,3,2023-09-15,0.3744427934621099,0.392,4.658166363084396,strong_bearish,0.6728685191047902,0.9351519664252352,bearish,bearish,True,False,True,False,2023
300,339316,339317,339349,2023-09-18 13:39:00+00:00,2023-09-18 13:40:00+00:00,2023-09-18 14:12:00+00:00,short,15409.75,15409.75,15409.5,15434.5,15384.5,15359.5,15334.5,15309.5,73.55121538155116,near_trigger,-73.55121538155116,25.0,True,False,False,False,True,stop,15434.5,15434.75,-25.25,0.0,-25.25,-1.01,39.25,29.25,1.57,1.17,33,32.0,1,2023-09-18,0.1962616822429906,3.859375,0.4950135992747053,strong_bullish,1.7470561892468586,1.4922317099238358,bearish,bearish,True,True,False,False,2023
301,339360,339361,339420,2023-09-18 14:23:00+00:00,2023-09-18 14:24:00+00:00,2023-09-18 15:23:00+00:00,short,15413.5,15413.5,15413.25,15438.25,15388.25,15363.25,15338.25,15313.25,85.50305982459992,high_probability,-78.50305982459992,25.0,True,False,False,False,False,max_holding_time,15416.5,15416.75,-3.5,0.0,-3.5,-0.14,49.0,14.5,1.96,0.58,60,59.0,1,2023-09-18,1.5295902883156298,0.6115591397849462,1.7328727691421992,partial_bullish,0.8391981944685567,0.9416489345760782,bearish,bearish,True,False,True,False,2023
302,342069,342070,342114,2023-09-20 13:32:00+00:00,2023-09-20 13:33:00+00:00,2023-09-20 14:17:00+00:00,long,15386.5,15387.0,15387.25,15362.25,15412.25,15437.25,15462.25,15487.25,71.23814672589916,near_trigger,64.23814672589916,25.0,True,False,False,False,True,stop,15362.25,15362.0,-25.25,0.0,-25.25,-1.01,48.0,25.25,1.92,1.01,45,44.0,1,2023-09-20,4.800959232613909,1.8032786885245904,1.409271523178808,partial_bearish,4.727694859038143,1.0732625555304571,bullish,bullish,True,False,False,False,2023
303,343484,343485,343495,2023-09-21 14:07:00+00:00,2023-09-21 14:08:00+00:00,2023-09-21 14:18:00+00:00,short,14971.75,14971.25,14971.0,14996.0,14946.0,14921.0,14896.0,14871.0,70.0,near_trigger,-20.684740606288955,25.0,False,False,False,False,True,stop,14996.0,14996.25,-25.25,0.0,-25.25,-1.01,24.75,26.5,0.99,1.06,11,10.0,0,2023-09-21,2.8434886499402627,2.6105428796223444,0.9722222222222222,partial_bearish,0.9758919205090246,1.3243041881751902,bearish,bearish,False,False,True,False,2023
304,346212,346213,346215,2023-09-25 13:35:00+00:00,2023-09-25 13:36:00+00:00,2023-09-25 13:38:00+00:00,short,14810.75,14810.75,14810.5,14835.5,14785.5,14760.5,14735.5,14710.5,74.0,near_trigger,-50.79138786227655,25.0,False,False,False,False,True,stop,14835.5,14835.75,-25.25,0.0,-25.25,-1.01,7.75,27.75,0.31,1.11,3,2.0,0,2023-09-25,1.3167358229598891,0.2627986348122867,0.1361111111111111,partial_bearish,3.110708339480284,1.1404552549025668,bearish,bearish,True,True,True,True,2023
305,346217,346218,346233,2023-09-25 13:40:00+00:00,2023-09-25 13:41:00+00:00,2023-09-25 13:56:00+00:00,short,14858.25,14858.0,14857.75,14882.75,14832.75,14807.75,14782.75,14757.75,79.0,near_trigger,-53.92604166666666,25.0,False,False,False,False,True,stop,14882.75,14883.0,-25.25,0.0,-25.25,-1.01,15.5,34.5,0.62,1.38,16,15.0,0,2023-09-25,2.59765625,1.860759493670886,0.1361111111111111,partial_bullish,2.3065650210939235,1.538051525022209,bearish,bearish,True,True,True,False,2023
306,347597,347598,347635,2023-09-26 13:40:00+00:00,2023-09-26 13:41:00+00:00,2023-09-26 14:18:00+00:00,short,14829.25,14829.5,14829.25,14854.25,14804.25,14779.25,14754.25,14729.25,72.08859825950009,near_trigger,-61.08859825950009,25.0,True,True,True,True,False,tp4,14729.25,14729.5,99.75,0.0,99.75,3.99,104.5,11.25,4.18,0.45,38,37.0,4,2023-09-26,0.9839704069050554,0.2790152403282532,2.716595744680851,partial_bullish,1.8051715274207667,1.2492908312899658,bearish,bearish,True,True,False,False,2023
307,348969,348970,348999,2023-09-27 13:32:00+00:00,2023-09-27 13:33:00+00:00,2023-09-27 14:02:00+00:00,long,14766.75,14766.75,14767.0,14742.0,14792.0,14817.0,14842.0,14867.0,74.0,near_trigger,52.38883709937412,25.0,True,False,False,False,True,stop,14742.0,14741.75,-25.25,0.0,-25.25,-1.01,39.25,29.0,1.57,1.16,30,29.0,1,2023-09-27,1.0523917995444192,0.4963325183374082,0.090982940698619,partial_bearish,4.167133858787059,0.9483923263982708,bullish,bullish,True,True,True,True,2023
308,349017,349018,349049,2023-09-27 14:20:00+00:00,2023-09-27 14:21:00+00:00,2023-09-27 14:52:00+00:00,long,14727.5,14727.25,14727.5,14703.25,14752.5,14777.5,14802.5,14827.5,86.23387724199969,high_probability,86.23387724199969,24.25,True,False,False,False,True,stop,14703.25,14703.0,-24.5,0.0,-24.5,-1.0103092783505154,44.5,29.25,1.8350515463917525,1.2061855670103092,32,31.0,1,2023-09-27,1.1746575342465753,2.486842105263158,2.1296969696969694,partial_bearish,1.1361719493946405,1.2306604190610908,bullish,bullish,True,False,True,False,2023
309,350351,350352,350370,2023-09-28 13:34:00+00:00,2023-09-28 13:35:00+00:00,2023-09-28 13:53:00+00:00,short,14708.0,14708.25,14708.0,14733.0,14683.0,14658.0,14633.0,14608.0,70.0,near_trigger,-49.87114252061249,25.0,True,True,False,False,True,stop,14733.0,14733.25,-25.25,0.0,-25.25,-1.01,51.75,26.75,2.07,1.07,19,18.0,2,2023-09-28,0.8409893992932862,0.5458276333789329,1.246451612903226,partial_bearish,3.783249962429421,1.5586965751485988,bearish,neutral,True,True,True,False,2023
310,350394,350395,350397,2023-09-28 14:17:00+00:00,2023-09-28 14:18:00+00:00,2023-09-28 14:20:00+00:00,short,14724.5,14724.25,14724.0,14749.0,14699.0,14674.0,14649.0,14624.0,72.93709172259508,near_trigger,-54.937091722595085,25.0,False,False,False,False,True,stop,14749.0,14749.25,-25.25,0.0,-25.25,-1.01,11.0,35.5,0.44,1.42,3,2.0,0,2023-09-28,2.5369127516778525,2.33998859098688,1.651105651105651,partial_bullish,1.5038698675062312,1.8159353714557265,bearish,bearish,False,True,False,False,2023
311,353107,353108,353108,2023-10-02 13:30:00+00:00,2023-10-02 13:31:00+00:00,2023-10-02 13:31:00+00:00,short,14854.0,14854.25,14854.0,14879.0,14829.0,14804.0,14779.0,14754.0,83.75826874289245,high_probability,-54.75826874289245,25.0,False,False,False,False,True,stop,14879.0,14879.25,-25.25,0.0,-25.25,-1.01,1.75,30.25,0.07,1.21,1,0.0,0,2023-10-02,1.418103448275862,2.497863247863248,0.3050847457627119,partial_bullish,8.476050671451096,0.9819049838448604,bearish,bearish,False,False,True,False,2023
312,353123,353124,353137,2023-10-02 13:46:00+00:00,2023-10-02 13:47:00+00:00,2023-10-02 14:00:00+00:00,short,14931.25,14931.25,14931.0,14956.0,14906.0,14881.0,14856.0,14831.0,72.51677567910914,near_trigger,-57.516775679109145,25.0,True,False,False,False,True,stop,14956.0,14956.25,-25.25,0.0,-25.25,-1.01,26.75,33.0,1.07,1.32,14,13.0,1,2023-10-02,0.6674418604651162,4.329787234042553,3.32367758186398,partial_bullish,1.0778244527968164,0.9934888270718064,bearish,bearish,True,True,True,False,2023
313,354517,354518,354532,2023-10-03 14:00:00+00:00,2023-10-03 14:01:00+00:00,2023-10-03 14:15:00+00:00,short,14897.0,14897.5,14897.25,14922.25,14872.25,14847.25,14822.25,14797.25,70.0,near_trigger,-52.0,25.0,True,True,True,True,False,tp4,14797.25,14797.5,99.75,0.0,99.75,3.99,115.5,20.25,4.62,0.81,15,14.0,4,2023-10-03,3.716216216216216,1.813849590469099,2.479389312977099,partial_bullish,3.148109268201647,2.1230403763106764,bearish,bearish,False,True,False,False,2023
314,355872,355873,355897,2023-10-04 13:35:00+00:00,2023-10-04 13:36:00+00:00,2023-10-04 14:00:00+00:00,long,14806.5,14806.5,14806.75,14781.75,14831.75,14856.75,14881.75,14906.75,74.0918087184263,near_trigger,65.0918087184263,25.0,True,False,False,False,True,stop,14781.75,14781.5,-25.25,0.0,-25.25,-1.01,27.75,28.75,1.11,1.15,25,24.0,1,2023-10-04,2.715151515151515,1.273972602739726,0.2768361581920904,strong_bullish,2.655189776296545,0.8883434007973753,bullish,neutral,False,True,True,False,2023
315,355910,355911,355913,2023-10-04 14:13:00+00:00,2023-10-04 14:14:00+00:00,2023-10-04 14:16:00+00:00,long,14786.0,14786.5,14786.75,14761.75,14811.75,14836.75,14861.75,14886.75,88.37902753368482,high_probability,67.37902753368482,25.0,False,False,False,False,True,stop,14761.75,14761.5,-25.25,0.0,-25.25,-1.01,4.25,28.5,0.17,1.14,3,2.0,0,2023-10-04,2.12829525483304,1.655006031363088,0.2370289459311851,partial_bullish,1.2377548182408142,1.6470201217171994,bullish,bullish,True,False,True,False,2023
316,357256,357257,357282,2023-10-05 13:39:00+00:00,2023-10-05 13:40:00+00:00,2023-10-05 14:05:00+00:00,short,14882.0,14882.5,14882.25,14907.25,14857.25,14832.25,14807.25,14782.25,91.02212493749887,a_plus_plus,-78.02212493749887,25.0,True,True,True,True,False,tp4,14782.25,14782.5,99.75,0.0,99.75,3.99,108.5,1.25,4.34,0.05,26,25.0,4,2023-10-05,2.0510543840177577,0.7789634146341464,0.6431980906921242,partial_bearish,2.089083323480229,1.3111139380061907,bearish,bearish,True,True,True,True,2023
317,357284,357285,357304,2023-10-05 14:07:00+00:00,2023-10-05 14:08:00+00:00,2023-10-05 14:27:00+00:00,short,14773.0,14773.5,14773.25,14798.25,14748.25,14723.25,14698.25,14673.25,71.07308000258834,near_trigger,-71.07308000258834,25.0,False,False,False,False,True,stop,14798.25,14798.5,-25.25,0.0,-25.25,-1.01,9.75,36.5,0.39,1.46,20,19.0,0,2023-10-05,1.280701754385965,3.2129688493324857,0.9131961866532864,strong_bearish,1.0440659410068005,1.3222237035061992,bearish,bearish,False,True,True,True,2023
318,358631,358632,358643,2023-10-06 13:34:00+00:00,2023-10-06 13:35:00+00:00,2023-10-06 13:46:00+00:00,short,14766.25,14766.0,14765.75,14790.75,14740.75,14715.75,14690.75,14665.75,74.1684971521199,near_trigger,-67.1684971521199,25.0,True,True,False,False,True,stop,14790.75,14791.0,-25.25,0.0,-25.25,-1.01,63.75,33.0,2.55,1.32,12,11.0,2,2023-10-06,1.6617210682492582,1.2554186145346364,3.6022005924672027,partial_bullish,2.1818084062529404,1.4509309663636445,bearish,bearish,True,True,False,False,2023
319,361401,361402,361416,2023-10-10 13:44:00+00:00,2023-10-10 13:45:00+00:00,2023-10-10 13:59:00+00:00,short,15207.25,15207.25,15207.0,15232.0,15182.0,15157.0,15132.0,15107.0,77.46326932601367,near_trigger,-73.46326932601367,25.0,False,False,False,False,True,stop,15232.0,15232.25,-25.25,0.0,-25.25,-1.01,13.5,34.75,0.54,1.39,15,14.0,0,2023-10-10,0.6492753623188405,0.4156945917285259,0.3822525597269625,partial_bullish,1.271650408122636,1.2597376984518291,bearish,bearish,True,True,True,False,2023
320,362821,362822,362827,2023-10-11 14:24:00+00:00,2023-10-11 14:25:00+00:00,2023-10-11 14:30:00+00:00,long,15328.75,15328.5,15328.75,15305.75,15353.75,15378.75,15403.75,15428.75,75.88385273466444,near_trigger,60.88385273466445,23.0,False,False,False,False,True,stop,15305.75,15305.5,-23.25,0.0,-23.25,-1.0108695652173914,3.25,28.5,0.1413043478260869,1.2391304347826086,6,5.0,0,2023-10-11,1.55810147299509,0.996214988644966,1.19859649122807,partial_bearish,0.9634646570638176,0.7659929467976185,bullish,bullish,True,True,True,True,2023
321,364153,364154,364185,2023-10-12 13:36:00+00:00,2023-10-12 13:37:00+00:00,2023-10-12 14:08:00+00:00,short,15403.0,15403.25,15403.0,15428.0,15378.0,15353.0,15328.0,15303.0,70.4232967032967,near_trigger,-43.4232967032967,25.0,True,False,False,False,True,stop,15428.0,15428.25,-25.25,0.0,-25.25,-1.01,37.5,26.0,1.5,1.04,32,31.0,1,2023-10-12,1.3333333333333333,0.2048192771084337,2.161579892280072,partial_bullish,3.0406019864125104,1.550069085884663,bearish,bearish,True,True,False,False,2023
322,364193,364194,364204,2023-10-12 14:16:00+00:00,2023-10-12 14:17:00+00:00,2023-10-12 14:27:00+00:00,short,15423.5,15423.0,15422.75,15447.75,15397.75,15372.75,15347.75,15322.75,81.06666666666666,high_probability,-81.06666666666666,25.0,False,False,False,False,True,stop,15447.75,15448.0,-25.25,0.0,-25.25,-1.01,5.5,38.25,0.22,1.53,11,10.0,0,2023-10-12,1.9130434782608696,3.4236760124610592,1.985203452527744,partial_bullish,1.7343378902032978,1.8564877324867108,bearish,bearish,True,True,False,False,2023
323,364205,364206,364254,2023-10-12 14:28:00+00:00,2023-10-12 14:29:00+00:00,2023-10-12 15:17:00+00:00,short,15428.5,15428.75,15428.5,15453.5,15403.5,15378.5,15353.5,15328.5,71.93333333333334,near_trigger,-71.93333333333334,25.0,True,False,False,False,True,stop,15453.5,15453.75,-25.25,0.0,-25.25,-1.01,31.75,30.0,1.27,1.2,49,48.0,1,2023-10-12,0.8556566970091027,1.7389473684210526,1.985203452527744,partial_bullish,1.5441867101023672,1.777254751707057,bearish,bearish,True,True,False,False,2023
324,365534,365535,365564,2023-10-13 13:37:00+00:00,2023-10-13 13:38:00+00:00,2023-10-13 14:07:00+00:00,long,15317.0,15317.25,15317.5,15292.5,15342.5,15367.5,15392.5,15417.5,73.76288947172303,near_trigger,34.76288947172303,25.0,True,False,False,False,True,stop,15292.5,15292.25,-25.25,0.0,-25.25,-1.01,45.0,31.75,1.8,1.27,30,29.0,1,2023-10-13,1.9001280409731116,0.5011547344110855,3.8013964313421256,partial_bearish,1.8709541971377583,1.0142645775636403,neutral,bullish,True,True,True,False,2023
325,366936,366937,366996,2023-10-16 13:59:00+00:00,2023-10-16 14:00:00+00:00,2023-10-16 14:59:00+00:00,long,15227.0,15227.0,15227.25,15202.25,15252.25,15277.25,15302.25,15327.25,81.76090584028606,high_probability,80.76090584028606,25.0,True,True,True,False,False,max_holding_time,15308.25,15308.0,80.75,0.0,80.75,3.23,98.0,18.25,3.92,0.73,60,59.0,3,2023-10-16,1.8855780691299164,1.053763440860215,2.53840830449827,strong_bullish,1.2297508036026863,1.8716396221845484,bullish,bullish,False,True,True,False,2023
326,368315,368316,368324,2023-10-17 13:58:00+00:00,2023-10-17 13:59:00+00:00,2023-10-17 14:07:00+00:00,short,15084.25,15084.25,15084.0,15109.0,15059.0,15034.0,15009.0,14984.0,70.0,near_trigger,-33.92736362865834,25.0,False,False,False,False,True,stop,15109.0,15109.25,-25.25,0.0,-25.25,-1.01,12.5,51.75,0.5,2.07,9,8.0,0,2023-10-17,1.8383838383838385,3.480225988700565,4.816559600285511,partial_bearish,0.6738533908271266,1.0777767328129408,bearish,bearish,False,True,True,False,2023
327,369670,369671,369672,2023-10-18 13:33:00+00:00,2023-10-18 13:34:00+00:00,2023-10-18 13:35:00+00:00,short,15171.5,15171.5,15171.25,15196.25,15146.25,15121.25,15096.25,15071.25,71.0,near_trigger,-46.13333333333333,25.0,False,False,False,False,True,stop,15196.25,15196.5,-25.25,0.0,-25.25,-1.01,2.75,27.75,0.11,1.11,2,1.0,0,2023-10-18,3.862876254180602,0.8615384615384616,1.7353215284249768,partial_bearish,6.565174308620844,1.7690608539456756,bearish,bearish,False,True,True,False,2023
328,369673,369674,369716,2023-10-18 13:36:00+00:00,2023-10-18 13:37:00+00:00,2023-10-18 14:19:00+00:00,short,15171.25,15171.5,15171.25,15196.25,15146.25,15121.25,15096.25,15071.25,70.72326258843113,near_trigger,-54.723262588431126,25.0,True,False,False,False,True,stop,15196.25,15196.5,-25.25,0.0,-25.25,-1.01,49.75,35.0,1.99,1.4,43,42.0,1,2023-10-18,2.9013732833957557,3.086729362591431,1.7353215284249768,partial_bullish,2.7757949905147745,1.501365193648806,bearish,bearish,False,True,False,False,2023
329,369723,369724,369783,2023-10-18 14:26:00+00:00,2023-10-18 14:27:00+00:00,2023-10-18 15:26:00+00:00,short,15182.0,15182.25,15182.0,15207.0,15157.0,15132.0,15107.0,15082.0,74.44257767548908,near_trigger,-61.44257767548908,25.0,True,True,True,False,False,max_holding_time,15142.75,15143.0,39.0,0.0,39.0,1.56,88.75,11.75,3.55,0.47,60,59.0,3,2023-10-18,1.7399309551208286,1.5149253731343284,1.07958050586058,partial_bullish,1.2180997343795463,1.6683163862143435,bearish,bearish,True,True,False,False,2023
330,371049,371050,371051,2023-10-19 13:32:00+00:00,2023-10-19 13:33:00+00:00,2023-10-19 13:34:00+00:00,long,15107.5,15107.25,15107.5,15082.5,15132.5,15157.5,15182.5,15207.5,71.81201199968635,near_trigger,50.81201199968635,25.0,False,False,False,False,True,stop,15082.5,15082.25,-25.25,0.0,-25.25,-1.01,1.75,34.5,0.07,1.38,2,1.0,0,2023-10-19,2.5719237435008666,0.126,2.232994526974198,partial_bullish,4.3795476892822025,1.033466622322941,bullish,neutral,False,True,True,True,2023
331,371052,371053,371054,2023-10-19 13:35:00+00:00,2023-10-19 13:36:00+00:00,2023-10-19 13:37:00+00:00,long,15076.0,15076.0,15076.25,15051.25,15101.25,15126.25,15151.25,15176.25,71.0,near_trigger,44.40877265289789,25.0,False,False,False,False,True,stop,15051.25,15051.0,-25.25,0.0,-25.25,-1.01,1.25,40.0,0.05,1.6,2,1.0,0,2023-10-19,2.137551581843191,1.29014598540146,2.232994526974198,partial_bearish,2.775434670339129,0.960215598106072,bullish,bullish,False,True,True,False,2023
332,371055,371056,371105,2023-10-19 13:38:00+00:00,2023-10-19 13:39:00+00:00,2023-10-19 14:28:00+00:00,long,15045.5,15045.5,15045.75,15020.75,15070.75,15095.75,15120.75,15145.75,80.71716229204634,high_probability,56.71716229204634,25.0,True,True,False,False,True,stop,15020.75,15020.5,-25.25,0.0,-25.25,-1.01,61.25,26.75,2.45,1.07,50,49.0,2,2023-10-19,2.816374269005848,1.29014598540146,2.232994526974198,partial_bearish,1.8490072595554088,1.1395911107817436,bullish,bullish,False,True,True,False,2023
333,373811,373812,373827,2023-10-23 13:34:00+00:00,2023-10-23 13:35:00+00:00,2023-10-23 13:50:00+00:00,short,14581.25,14581.0,14580.75,14605.75,14555.75,14530.75,14505.75,14480.75,77.0,near_trigger,-44.02705717084551,25.0,True,True,False,False,True,stop,14605.75,14606.0,-25.25,0.0,-25.25,-1.01,66.5,28.75,2.66,1.15,16,15.0,2,2023-10-23,1.4980891719745224,0.981549815498155,0.8671641791044776,partial_bearish,2.7644440565543724,1.057754921440617,bearish,bearish,True,True,True,False,2023
334,375197,375198,375201,2023-10-24 13:40:00+00:00,2023-10-24 13:41:00+00:00,2023-10-24 13:44:00+00:00,long,14828.75,14829.0,14829.25,14804.25,14854.25,14879.25,14904.25,14929.25,90.63256076879593,a_plus_plus,69.63256076879593,25.0,False,False,False,False,True,stop,14804.25,14804.0,-25.25,0.0,-25.25,-1.01,8.0,26.5,0.32,1.06,4,3.0,0,2023-10-24,1.734061930783242,1.6338329764453965,0.5666337611056268,partial_bullish,2.4457370196907893,1.5817930135982412,bullish,bullish,True,True,True,False,2023
335,376570,376571,376630,2023-10-25 13:33:00+00:00,2023-10-25 13:34:00+00:00,2023-10-25 14:33:00+00:00,short,14684.75,14684.5,14684.25,14709.25,14659.25,14634.25,14609.25,14584.25,86.57353041001294,high_probability,-80.57353041001294,25.0,True,True,True,False,False,max_holding_time,14641.5,14641.75,42.5,0.0,42.5,1.7,87.25,2.0,3.49,0.08,60,59.0,3,2023-10-25,5.073170731707317,0.8839941262848752,2.51006711409396,strong_bearish,3.0800035205069527,1.0803676862163976,bearish,bearish,False,True,True,False,2023
336,377959,377960,377964,2023-10-26 13:42:00+00:00,2023-10-26 13:43:00+00:00,2023-10-26 13:47:00+00:00,long,14413.0,14413.0,14413.25,14388.25,14438.25,14463.25,14488.25,14513.25,73.05216867181052,near_trigger,54.05216867181052,25.0,False,False,False,False,True,stop,14388.25,14388.0,-25.25,0.0,-25.25,-1.01,16.25,35.0,0.65,1.4,5,4.0,0,2023-10-26,0.2920592193808883,1.593103448275862,3.119314436387607,partial_bearish,1.7282899537825347,1.887709110231812,bullish,bullish,True,True,False,False,2023
337,378005,378006,378008,2023-10-26 14:28:00+00:00,2023-10-26 14:29:00+00:00,2023-10-26 14:31:00+00:00,long,14330.25,14330.0,14330.25,14305.25,14355.25,14380.25,14405.25,14430.25,97.86666666666666,a_plus_plus,75.86666666666666,25.0,False,False,False,False,True,stop,14305.25,14305.0,-25.25,0.0,-25.25,-1.01,0.0,26.25,0.0,1.05,3,2.0,0,2023-10-26,2.8606403013182677,1.3970401691331924,2.5494018608772704,partial_bearish,2.3064312042691317,2.67048856615071,bullish,bullish,True,True,True,False,2023
338,379348,379349,379351,2023-10-27 13:51:00+00:00,2023-10-27 13:52:00+00:00,2023-10-27 13:54:00+00:00,long,14323.5,14324.0,14324.25,14299.25,14349.25,14374.25,14399.25,14424.25,75.54544586833251,near_trigger,62.54544586833251,25.0,False,False,False,False,True,stop,14299.25,14299.0,-25.25,0.0,-25.25,-1.01,0.25,32.0,0.01,1.28,3,2.0,0,2023-10-27,0.6737357259380098,0.606145251396648,1.7613882863340562,partial_bearish,1.0526974366307962,1.1873342943839027,bullish,bullish,False,True,True,False,2023
339,379362,379363,379365,2023-10-27 14:05:00+00:00,2023-10-27 14:06:00+00:00,2023-10-27 14:08:00+00:00,long,14348.25,14348.0,14348.25,14323.25,14373.25,14398.25,14423.25,14448.25,75.62926708097751,near_trigger,60.62926708097751,25.0,False,False,False,False,True,stop,14323.25,14323.0,-25.25,0.0,-25.25,-1.01,10.5,26.25,0.42,1.05,3,2.0,0,2023-10-27,2.2839506172839505,0.9288702928870292,0.7354430379746835,strong_bullish,1.3732501441828764,1.4007166158618107,bullish,bullish,False,True,True,False,2023
340,379366,379367,379399,2023-10-27 14:09:00+00:00,2023-10-27 14:10:00+00:00,2023-10-27 14:42:00+00:00,long,14309.25,14309.5,14309.75,14284.75,14334.75,14359.75,14384.75,14409.75,71.0,near_trigger,49.79457840002304,25.0,True,True,False,False,True,stop,14284.75,14284.5,-25.25,0.0,-25.25,-1.01,60.5,35.5,2.42,1.42,33,32.0,2,2023-10-27,1.4827586206896552,0.9288702928870292,0.7354430379746835,partial_bullish,1.8799386470619348,2.06097575117997,bullish,bullish,False,True,True,True,2023
341,383503,383504,383563,2023-11-01 14:06:00+00:00,2023-11-01 14:07:00+00:00,2023-11-01 15:06:00+00:00,long,14552.25,14552.75,14553.0,14528.0,14578.0,14603.0,14628.0,14653.0,71.32481827622014,near_trigger,64.32481827622014,25.0,True,True,True,False,False,max_holding_time,14637.5,14637.25,84.25,0.0,84.25,3.37,96.5,23.0,3.86,0.92,60,59.0,3,2023-11-01,1.0176531671858773,0.7357357357357358,2.121495327102804,partial_bullish,1.955938407342681,1.5301475891617238,bullish,bullish,True,True,False,False,2023
342,386263,386264,386283,2023-11-03 14:06:00+00:00,2023-11-03 14:07:00+00:00,2023-11-03 14:26:00+00:00,long,15096.75,15097.25,15097.5,15072.5,15122.5,15147.5,15172.5,15197.5,70.0,near_trigger,33.822460167634205,25.0,False,False,False,False,True,stop,15072.5,15072.25,-25.25,0.0,-25.25,-1.01,19.25,37.25,0.77,1.49,20,19.0,0,2023-11-03,2.6941045606229146,2.353569046030687,2.3375224416517053,partial_bullish,0.8304554835809306,0.8715325806071134,bullish,bullish,False,True,True,False,2023
343,387622,387623,387629,2023-11-06 14:45:00+00:00,2023-11-06 14:46:00+00:00,2023-11-06 14:52:00+00:00,long,15225.25,15225.5,15225.75,15200.75,15250.75,15275.75,15300.75,15325.75,71.87637141530776,near_trigger,58.87637141530776,25.0,False,False,False,False,True,stop,15200.75,15200.5,-25.25,0.0,-25.25,-1.01,6.5,25.5,0.26,1.02,7,6.0,0,2023-11-06,0.8035714285714286,0.7532163742690059,1.45,partial_bullish,1.0236561151583894,0.6519553447081692,bullish,bullish,False,True,True,False,2023
344,387659,387660,387719,2023-11-06 15:22:00+00:00,2023-11-06 15:23:00+00:00,2023-11-06 16:22:00+00:00,long,15224.0,15223.75,15224.0,15199.0,15249.0,15274.0,15299.0,15324.0,77.8648373303588,near_trigger,77.8648373303588,25.0,False,False,False,False,False,max_holding_time,15227.5,15227.25,3.25,0.0,3.25,0.13,22.25,24.0,0.89,0.96,60,59.0,0,2023-11-06,1.1555555555555554,0.1738495252008765,0.9659735349716446,partial_bearish,1.2046891381008356,0.9399516638780444,bullish,bullish,True,True,True,False,2023
345,389024,389025,389072,2023-11-07 15:07:00+00:00,2023-11-07 15:08:00+00:00,2023-11-07 15:55:00+00:00,long,15291.75,15291.75,15292.0,15267.0,15317.0,15342.0,15367.0,15392.0,70.0,near_trigger,32.79184411324743,25.0,True,True,True,True,False,tp4,15392.0,15391.75,99.75,0.0,99.75,3.99,104.25,19.0,4.17,0.76,48,47.0,4,2023-11-07,1.5254833040421791,3.3956953642384105,2.496750902527076,partial_bullish,1.0099742801580829,0.7571126263813779,bullish,bullish,False,True,True,True,2023
346,393134,393135,393194,2023-11-10 14:37:00+00:00,2023-11-10 14:38:00+00:00,2023-11-10 15:37:00+00:00,long,15335.75,15336.0,15336.25,15311.25,15361.25,15386.25,15411.25,15436.25,72.41797049880502,near_trigger,51.41797049880502,25.0,True,True,False,False,False,max_holding_time,15331.75,15331.5,-4.75,0.0,-4.75,-0.19,52.75,14.25,2.11,0.57,60,59.0,2,2023-11-10,1.5348837209302326,0.6845425867507886,2.354228855721393,strong_bullish,3.190671289000945,1.2683008310017956,bullish,bullish,True,True,False,False,2023
347,394540,394541,394551,2023-11-13 15:03:00+00:00,2023-11-13 15:04:00+00:00,2023-11-13 15:14:00+00:00,short,15497.25,15497.25,15497.0,15522.0,15472.0,15447.0,15422.0,15397.0,71.0,near_trigger,-48.16737339726473,25.0,False,False,False,False,True,stop,15522.0,15522.25,-25.25,0.0,-25.25,-1.01,7.75,27.25,0.31,1.09,11,10.0,0,2023-11-13,0.5972696245733788,1.2828054298642533,2.546594982078853,partial_bearish,1.7147519098123565,1.2534969963783045,bearish,bearish,False,False,True,False,2023
348,395924,395925,395984,2023-11-14 15:07:00+00:00,2023-11-14 15:08:00+00:00,2023-11-14 16:07:00+00:00,long,15856.25,15856.25,15856.5,15831.5,15881.5,15906.5,15931.5,15956.5,71.0,near_trigger,28.457193501453432,25.0,True,False,False,False,False,max_holding_time,15871.25,15871.0,14.5,0.0,14.5,0.58,46.25,9.25,1.85,0.37,60,59.0,1,2023-11-14,2.5312,1.95,1.7414177440927328,partial_bullish,1.7307742799380368,1.1963810923874083,bullish,bullish,False,True,True,True,2023
349,397273,397274,397288,2023-11-15 14:36:00+00:00,2023-11-15 14:37:00+00:00,2023-11-15 14:51:00+00:00,long,15951.0,15951.25,15951.5,15926.5,15976.5,16001.5,16026.5,16051.5,72.0,near_trigger,65.83678062222373,25.0,False,False,False,False,True,stop,15926.5,15926.25,-25.25,0.0,-25.25,-1.01,22.5,25.0,0.9,1.0,15,14.0,0,2023-11-15,0.3370786516853932,0.3578274760383386,1.4614220877458397,partial_bearish,1.978633668029716,0.7780181666652637,bullish,bullish,True,True,True,False,2023
350,398694,398695,398702,2023-11-16 15:17:00+00:00,2023-11-16 15:18:00+00:00,2023-11-16 15:25:00+00:00,short,15858.25,15858.5,15858.25,15883.25,15833.25,15808.25,15783.25,15758.25,72.29039987639929,near_trigger,-37.29039987639929,25.0,False,False,False,False,True,stop,15883.25,15883.5,-25.25,0.0,-25.25,-1.01,12.75,27.25,0.51,1.09,8,7.0,0,2023-11-16,2.325503355704698,0.5865921787709497,0.1150112023898431,partial_bearish,1.4422198703915798,1.397249884124331,neutral,bearish,True,True,True,False,2023
351,400037,400038,400049,2023-11-17 14:40:00+00:00,2023-11-17 14:41:00+00:00,2023-11-17 14:52:00+00:00,short,15839.5,15840.0,15839.75,15864.75,15814.75,15789.75,15764.75,15739.75,72.52770611841771,near_trigger,-38.52770611841771,25.0,False,False,False,False,True,stop,15864.75,15865.0,-25.25,0.0,-25.25,-1.01,8.25,41.0,0.33,1.64,12,11.0,0,2023-11-17,1.70487106017192,3.299727520435967,3.2534174553101995,strong_bearish,1.9380469023451168,0.9984852310022724,neutral,bearish,False,True,True,False,2023
352,400070,400071,400072,2023-11-17 15:13:00+00:00,2023-11-17 15:14:00+00:00,2023-11-17 15:15:00+00:00,short,15837.5,15837.5,15837.25,15862.25,15812.25,15787.25,15762.25,15737.25,73.35568696390196,near_trigger,-73.35568696390196,25.0,False,False,False,False,True,stop,15862.25,15862.5,-25.25,0.0,-25.25,-1.01,10.25,26.5,0.41,1.06,2,1.0,0,2023-11-17,2.5352564102564106,0.589041095890411,0.8358208955223881,partial_bearish,0.8580443724910379,0.7549308876324472,bearish,bearish,False,True,True,False,2023
353,401431,401432,401491,2023-11-20 14:54:00+00:00,2023-11-20 14:55:00+00:00,2023-11-20 15:54:00+00:00,short,15982.5,15982.0,15981.75,16006.75,15956.75,15931.75,15906.75,15881.75,73.76348858905124,near_trigger,-63.76348858905124,25.0,True,False,False,False,False,max_holding_time,15981.75,15982.0,-0.25,0.0,-0.25,-0.01,44.25,21.25,1.77,0.85,60,59.0,1,2023-11-20,1.8039927404718692,3.929545454545455,3.3950617283950617,strong_bullish,0.916591346265267,1.042284328840047,neutral,bearish,True,True,True,False,2023
354,402787,402788,402796,2023-11-21 14:30:00+00:00,2023-11-21 14:31:00+00:00,2023-11-21 14:39:00+00:00,short,15994.25,15994.25,15994.0,16015.0,15969.0,15944.0,15919.0,15894.0,76.77392670539662,near_trigger,-55.77392670539662,21.0,False,False,False,False,True,stop,16015.0,16015.25,-21.25,0.0,-21.25,-1.011904761904762,13.5,27.25,0.6428571428571429,1.2976190476190477,9,8.0,0,2023-11-21,1.9310344827586208,0.9204152249134948,1.5333333333333334,partial_bearish,12.042396451928138,0.975556286309328,neutral,bearish,True,True,True,False,2023
355,404209,404210,404214,2023-11-22 15:12:00+00:00,2023-11-22 15:13:00+00:00,2023-11-22 15:17:00+00:00,long,16043.75,16043.5,16043.75,16018.75,16068.75,16093.75,16118.75,16143.75,86.76985791260977,high_probability,63.769857912609766,25.0,False,False,False,False,True,stop,16018.75,16018.5,-25.25,0.0,-25.25,-1.01,0.25,30.0,0.01,1.2,5,4.0,0,2023-11-22,1.2684031710079275,4.266747133373567,0.4424567680381633,partial_bullish,0.936024490219478,1.4803063457330417,bullish,bullish,True,False,True,False,2023
356,404218,404219,404278,2023-11-22 15:21:00+00:00,2023-11-22 15:22:00+00:00,2023-11-22 16:21:00+00:00,long,16044.75,16044.5,16044.75,16019.75,16069.75,16094.75,16119.75,16144.75,89.0,high_probability,76.0,25.0,True,True,False,False,False,max_holding_time,16053.0,16052.75,8.0,0.0,8.0,0.32,54.25,17.75,2.17,0.71,60,59.0,2,2023-11-22,1.5,0.836283185840708,0.8961807423345886,partial_bearish,1.3074759027809804,1.5786396413954396,bullish,bullish,True,True,True,False,2023
357,406695,406696,406755,2023-11-24 14:38:00+00:00,2023-11-24 14:39:00+00:00,2023-11-24 15:38:00+00:00,short,16019.25,16019.25,16019.0,16044.0,15994.0,15969.0,15944.0,15919.0,72.2226414866801,near_trigger,-51.2226414866801,25.0,True,False,False,False,False,max_holding_time,15997.5,15997.75,21.25,0.0,21.25,0.85,29.0,18.25,1.16,0.73,60,59.0,1,2023-11-24,2.590308370044053,0.6688632619439868,0.6189856957087125,partial_bearish,1.9266535690897184,0.9647377740856524,bearish,bearish,True,True,False,False,2023
358,407853,407854,407880,2023-11-27 14:41:00+00:00,2023-11-27 14:42:00+00:00,2023-11-27 15:08:00+00:00,short,16003.5,16003.75,16003.5,16028.5,15978.5,15953.5,15928.5,15903.5,76.59635801152507,near_trigger,-76.59635801152507,25.0,False,False,False,False,True,stop,16028.5,16028.75,-25.25,0.0,-25.25,-1.01,19.75,30.25,0.79,1.21,27,26.0,0,2023-11-27,1.4563758389261745,1.608982826948481,1.3500660501981507,partial_bullish,1.3710278432761969,1.3895320761258527,bearish,bearish,True,True,True,True,2023
359,412012,412013,412028,2023-11-30 15:00:00+00:00,2023-11-30 15:01:00+00:00,2023-11-30 15:16:00+00:00,short,15956.25,15955.75,15955.5,15980.5,15930.5,15905.5,15880.5,15855.5,76.12628299573063,near_trigger,-58.12628299573064,25.0,True,False,False,False,True,stop,15980.5,15980.75,-25.25,0.0,-25.25,-1.01,36.75,36.5,1.47,1.46,16,15.0,1,2023-11-30,1.1305518169582771,2.765564950038432,4.016058394160583,strong_bearish,1.560451028881276,1.243390308497465,bearish,bearish,True,True,True,False,2023
360,413367,413368,413369,2023-12-01 14:35:00+00:00,2023-12-01 14:36:00+00:00,2023-12-01 14:37:00+00:00,short,15882.25,15882.0,15881.75,15906.75,15856.75,15831.75,15806.75,15781.75,74.84998447654573,near_trigger,-53.84998447654573,25.0,False,False,False,False,True,stop,15906.75,15907.0,-25.25,0.0,-25.25,-1.01,0.5,27.25,0.02,1.09,2,1.0,0,2023-12-01,3.5522388059701493,3.170860927152318,0.0167664670658682,partial_bearish,2.737645608873693,1.2190847127555988,bearish,bearish,True,True,False,False,2023
361,413382,413383,413392,2023-12-01 14:50:00+00:00,2023-12-01 14:51:00+00:00,2023-12-01 15:00:00+00:00,short,15912.5,15912.5,15912.25,15937.25,15887.25,15862.25,15837.25,15812.25,92.53846153846152,a_plus_plus,-79.53846153846153,25.0,False,False,False,False,True,stop,15937.25,15937.5,-25.25,0.0,-25.25,-1.01,7.5,28.75,0.3,1.15,10,9.0,0,2023-12-01,2.0,0.0817916260954235,0.4804575786463298,partial_bearish,1.17960492875046,1.785406359017894,bearish,bearish,True,True,True,False,2023
362,416122,416123,416129,2023-12-05 14:30:00+00:00,2023-12-05 14:31:00+00:00,2023-12-05 14:37:00+00:00,short,15807.5,15807.5,15807.25,15832.25,15782.25,15757.25,15732.25,15707.25,71.0,near_trigger,-41.24814693957639,25.0,False,False,False,False,True,stop,15832.25,15832.5,-25.25,0.0,-25.25,-1.01,24.0,26.25,0.96,1.05,7,6.0,0,2023-12-05,4.553097345132744,0.9320652173913044,0.408673894912427,partial_bearish,6.610938376064019,0.8298622441471357,bearish,bearish,False,False,True,False,2023
363,416152,416153,416179,2023-12-05 15:00:00+00:00,2023-12-05 15:01:00+00:00,2023-12-05 15:27:00+00:00,long,15894.5,15894.75,15895.0,15870.0,15920.0,15945.0,15970.0,15995.0,87.86666666666666,high_probability,61.86666666666666,25.0,True,False,False,False,True,stop,15870.0,15869.75,-25.25,0.0,-25.25,-1.01,41.75,26.0,1.67,1.04,27,26.0,1,2023-12-05,2.2222222222222223,2.890688259109312,1.696969696969697,strong_bullish,2.720379271055699,1.8731063338623573,bullish,bullish,False,True,True,False,2023
364,416180,416181,416240,2023-12-05 15:28:00+00:00,2023-12-05 15:29:00+00:00,2023-12-05 16:28:00+00:00,long,15877.25,15877.25,15877.5,15852.5,15902.5,15927.5,15952.5,15977.5,77.35340463890591,near_trigger,71.35340463890591,25.0,True,True,True,False,False,max_holding_time,15886.5,15886.25,8.75,0.0,8.75,0.35,84.25,19.75,3.37,0.79,60,59.0,3,2023-12-05,2.7454545454545456,1.998843930635838,3.3391506689936006,partial_bullish,0.8733245118736174,1.4983623035197475,bullish,bullish,False,True,True,False,2023
365,417502,417503,417505,2023-12-06 14:30:00+00:00,2023-12-06 14:31:00+00:00,2023-12-06 14:33:00+00:00,long,16009.75,16009.5,16009.75,15984.75,16034.75,16059.75,16084.75,16109.75,71.0,near_trigger,38.77537415053514,25.0,False,False,False,False,True,stop,15984.75,15984.5,-25.25,0.0,-25.25,-1.01,0.75,30.25,0.03,1.21,3,2.0,0,2023-12-06,3.180327868852459,0.5397590361445783,4.90138067061144,partial_bullish,11.142329778506973,1.3980867338733023,bullish,bullish,False,True,True,False,2023
366,417554,417555,417555,2023-12-06 15:22:00+00:00,2023-12-06 15:23:00+00:00,2023-12-06 15:23:00+00:00,long,15938.5,15938.25,15938.5,15913.5,15963.5,15988.5,16013.5,16038.5,71.33530249886589,near_trigger,71.33530249886589,25.0,False,False,False,False,True,stop,15913.5,15913.25,-25.25,0.0,-25.25,-1.01,0.25,29.5,0.01,1.18,1,0.0,0,2023-12-06,2.3296,0.073829927488464,1.9486850545221293,partial_bearish,0.94346646811679,1.0165460926867702,bullish,bullish,False,True,True,False,2023
367,417560,417561,417620,2023-12-06 15:28:00+00:00,2023-12-06 15:29:00+00:00,2023-12-06 16:28:00+00:00,long,15901.5,15901.5,15901.75,15876.75,15926.75,15951.75,15976.75,16001.75,73.01290322580645,near_trigger,62.01290322580645,25.0,True,False,False,False,False,max_holding_time,15919.0,15918.75,17.0,0.0,17.0,0.68,48.0,10.0,1.92,0.4,60,59.0,1,2023-12-06,0.7741935483870968,1.79570516540917,1.9486850545221293,strong_bearish,0.987975592246949,1.616591722492429,bullish,bullish,True,False,False,False,2023
368,418884,418885,418899,2023-12-07 14:32:00+00:00,2023-12-07 14:33:00+00:00,2023-12-07 14:47:00+00:00,long,15950.0,15950.0,15950.25,15925.25,15975.25,16000.25,16025.25,16050.25,84.46666666666667,high_probability,42.46666666666667,25.0,True,False,False,False,True,stop,15925.25,15925.0,-25.25,0.0,-25.25,-1.01,31.75,30.75,1.27,1.23,15,14.0,1,2023-12-07,1.8022988505747128,1.74,4.424870466321243,strong_bullish,6.097332966730822,1.726954855892408,neutral,bullish,True,True,True,False,2023
369,418933,418934,418987,2023-12-07 15:21:00+00:00,2023-12-07 15:22:00+00:00,2023-12-07 16:15:00+00:00,long,15990.75,15990.75,15991.0,15966.0,16016.0,16041.0,16066.0,16091.0,71.07515151515152,near_trigger,50.07515151515152,25.0,False,False,False,False,True,stop,15966.0,15965.75,-25.25,0.0,-25.25,-1.01,20.25,34.5,0.81,1.38,54,53.0,0,2023-12-07,1.1454545454545455,1.7734967892586109,1.7510835913312692,strong_bullish,1.7284418894091151,2.1440649306729798,neutral,bullish,False,True,True,False,2023
370,420289,420290,420292,2023-12-08 14:57:00+00:00,2023-12-08 14:58:00+00:00,2023-12-08 15:00:00+00:00,short,15979.75,15979.25,15979.0,16003.75,15954.0,15929.0,15904.0,15879.0,72.80685731727439,near_trigger,-65.80685731727439,24.75,False,False,False,False,True,stop,16003.75,16004.0,-25.0,0.0,-25.0,-1.0101010101010102,2.25,71.0,0.0909090909090909,2.8686868686868685,3,2.0,0,2023-12-08,1.247863247863248,1.2392099487929773,1.312733084709643,partial_bullish,0.7360449971761506,1.2623048033208144,bearish,bearish,False,False,True,False,2023
371,420293,420294,420299,2023-12-08 15:01:00+00:00,2023-12-08 15:02:00+00:00,2023-12-08 15:07:00+00:00,short,16032.5,16033.0,16032.75,16057.75,16007.75,15982.75,15957.75,15932.75,73.0,near_trigger,-61.07871479602184,25.0,False,False,False,False,True,stop,16057.75,16058.0,-25.25,0.0,-25.25,-1.01,22.75,40.25,0.91,1.61,6,5.0,0,2023-12-08,2.61123595505618,1.2222222222222223,0.753208292201382,strong_bullish,1.4248766648816782,1.346570047268851,bearish,bearish,True,False,True,False,2023
372,420318,420319,420378,2023-12-08 15:26:00+00:00,2023-12-08 15:27:00+00:00,2023-12-08 16:26:00+00:00,short,16092.0,16092.25,16092.0,16115.25,16067.0,16042.0,16017.0,15992.0,80.00839409947284,high_probability,-80.00839409947284,23.25,True,True,False,False,False,max_holding_time,16055.0,16055.25,36.75,0.0,36.75,1.5806451612903225,71.75,20.0,3.086021505376344,0.8602150537634409,60,59.0,2,2023-12-08,0.4188034188034187,3.596330275229358,2.8301724137931035,partial_bullish,0.8948678310254471,1.1188025166888271,bearish,bearish,True,False,True,False,2023
373,423022,423023,423050,2023-12-12 14:30:00+00:00,2023-12-12 14:31:00+00:00,2023-12-12 14:58:00+00:00,short,16437.75,16437.5,16437.25,16459.25,16412.25,16387.25,16362.25,16337.25,70.3823866446647,near_trigger,-70.3823866446647,22.0,True,False,False,False,True,stop,16459.25,16459.5,-22.25,0.0,-22.25,-1.0113636363636365,40.75,22.5,1.8522727272727275,1.0227272727272727,28,27.0,1,2023-12-12,1.6610169491525424,0.5192727272727273,2.16260162601626,strong_bearish,10.133020998912407,0.7224402638767938,bearish,bearish,True,True,False,True,2023
374,427207,427208,427267,2023-12-15 15:15:00+00:00,2023-12-15 15:16:00+00:00,2023-12-15 16:15:00+00:00,long,16847.0,16846.5,16846.75,16821.75,16871.75,16896.75,16921.75,16946.75,71.80284433498093,near_trigger,50.80284433498093,25.0,True,False,False,False,False,max_holding_time,16854.75,16854.5,7.75,0.0,7.75,0.31,30.0,11.5,1.2,0.46,60,59.0,1,2023-12-15,2.040752351097179,1.2635046113306982,1.935483870967742,strong_bullish,1.5406396340799362,1.1292339621637442,bullish,bullish,True,True,False,True,2023
375,431306,431307,431366,2023-12-20 14:34:00+00:00,2023-12-20 14:35:00+00:00,2023-12-20 15:34:00+00:00,long,16991.0,16991.5,16991.75,16968.75,17016.75,17041.75,17066.75,17091.75,84.42155877930037,high_probability,84.42155877930037,23.0,True,True,True,False,False,max_holding_time,17063.5,17063.25,71.5,0.0,71.5,3.108695652173913,81.75,1.75,3.5543478260869565,0.0760869565217391,60,59.0,3,2023-12-20,0.7492957746478873,0.9915014164305948,0.6858108108108109,strong_bullish,2.7820205105825875,0.7041022006645252,bullish,bullish,True,True,True,False,2023
376,432682,432683,432685,2023-12-21 14:30:00+00:00,2023-12-21 14:31:00+00:00,2023-12-21 14:33:00+00:00,long,16945.5,16945.25,16945.5,16920.5,16970.5,16995.5,17020.5,17045.5,81.05490706857698,high_probability,80.05490706857698,25.0,False,False,False,False,True,stop,16920.5,16920.25,-25.25,0.0,-25.25,-1.01,13.25,27.0,0.53,1.08,3,2.0,0,2023-12-21,3.5244755244755246,0.5522935779816514,2.032450896669513,partial_bullish,12.84134739007457,1.2389753767909195,bullish,neutral,True,True,True,False,2023
377,432686,432687,432688,2023-12-21 14:34:00+00:00,2023-12-21 14:35:00+00:00,2023-12-21 14:36:00+00:00,long,16932.5,16932.5,16932.75,16909.25,16957.75,16982.75,17007.75,17032.75,74.06610793125623,near_trigger,74.06610793125623,23.5,False,False,False,False,True,stop,16909.25,16909.0,-23.75,0.0,-23.75,-1.0106382978723405,4.25,26.5,0.1808510638297872,1.127659574468085,2,1.0,0,2023-12-21,0.8696969696969696,0.5522935779816514,2.032450896669513,partial_bullish,2.895131691327532,1.219173155249677,bullish,neutral,True,True,True,False,2023
378,432689,432690,432710,2023-12-21 14:37:00+00:00,2023-12-21 14:38:00+00:00,2023-12-21 14:58:00+00:00,long,16918.0,16918.25,16918.5,16893.5,16943.5,16968.5,16993.5,17018.5,81.8601585314977,high_probability,81.8601585314977,25.0,False,False,False,False,True,stop,16893.5,16893.25,-25.25,0.0,-25.25,-1.01,20.25,29.0,0.81,1.16,21,20.0,0,2023-12-21,1.156445556946183,0.1908580593424218,2.032450896669513,partial_bearish,2.292315141453966,1.5368206269708773,bullish,bullish,True,True,True,False,2023
379,432722,432723,432782,2023-12-21 15:10:00+00:00,2023-12-21 15:11:00+00:00,2023-12-21 16:10:00+00:00,long,16866.5,16866.25,16866.5,16841.5,16891.5,16916.5,16941.5,16966.5,73.47284396309666,near_trigger,73.47284396309666,25.0,True,True,False,False,False,max_holding_time,16874.5,16874.25,7.75,0.0,7.75,0.31,67.0,12.75,2.68,0.51,60,59.0,2,2023-12-21,0.6401925391095067,3.411589895988113,2.25496915695682,strong_bearish,1.2387090758633552,1.6076722938222303,bullish,bullish,True,True,False,False,2023
380,434076,434077,434093,2023-12-22 14:44:00+00:00,2023-12-22 14:45:00+00:00,2023-12-22 15:01:00+00:00,long,17032.75,17032.5,17032.75,17007.75,17057.75,17082.75,17107.75,17132.75,75.27536231884058,near_trigger,54.27536231884058,25.0,False,False,False,False,True,stop,17007.75,17007.5,-25.25,0.0,-25.25,-1.01,8.5,26.5,0.34,1.06,17,16.0,0,2023-12-22,2.0543478260869565,0.3085399449035812,2.663716814159292,strong_bullish,1.8350527688841456,1.7464168829703193,bullish,bullish,True,True,False,False,2023
381,438237,438238,438268,2023-12-28 15:05:00+00:00,2023-12-28 15:06:00+00:00,2023-12-28 15:36:00+00:00,short,17110.5,17110.75,17110.5,17135.5,17085.5,17060.5,17035.5,17010.5,90.55655842964592,a_plus_plus,-90.55655842964592,25.0,False,False,False,False,True,stop,17135.5,17135.75,-25.25,0.0,-25.25,-1.01,7.75,25.0,0.31,1.0,31,30.0,0,2023-12-28,1.4177215189873418,0.9531914893617022,3.130434782608696,strong_bearish,4.390172820796782,1.61778446007625,bearish,bearish,True,True,True,True,2023
382,439612,439613,439672,2023-12-29 15:00:00+00:00,2023-12-29 15:01:00+00:00,2023-12-29 16:00:00+00:00,short,17091.25,17091.0,17090.75,17115.75,17065.75,17040.75,17015.75,16990.75,71.96775820905209,near_trigger,-71.96775820905209,25.0,True,True,True,False,False,max_holding_time,17022.75,17023.0,67.75,0.0,67.75,2.71,89.75,14.75,3.59,0.59,60,59.0,3,2023-12-29,2.026315789473684,0.6205673758865249,0.5869297163995068,partial_bullish,1.843103109288543,0.5779970051968643,bearish,bearish,True,False,True,False,2023
1,930,931,931,2023-10-02 13:30:00+00:00,2023-10-02 13:31:00+00:00,2023-10-02 13:31:00+00:00,short,14854.0,14854.25,14854.0,14879.0,14829.0,14804.0,14779.0,14754.0,92.01211491865698,a_plus_plus,-83.01211491865698,25.0,False,False,False,False,True,stop,14879.0,14879.25,-25.25,0.0,-25.25,-1.01,1.75,30.25,0.07,1.21,1,0.0,0,2023-10-02,1.418103448275862,2.497863247863248,0.3050847457627119,partial_bullish,8.476050671451096,,bearish,bearish,True,False,True,False,2024
2,935,936,939,2023-10-02 13:35:00+00:00,2023-10-02 13:36:00+00:00,2023-10-02 13:39:00+00:00,short,14916.5,14916.75,14916.5,14941.5,14891.5,14866.5,14841.5,14816.5,72.0,near_trigger,-19.69821673525377,25.0,False,False,False,False,True,stop,14941.5,14941.75,-25.25,0.0,-25.25,-1.01,2.25,40.5,0.09,1.62,4,3.0,0,2023-10-02,4.801097393689987,3.972451790633608,0.3050847457627119,strong_bullish,3.007933622735924,,bearish,bearish,True,False,True,False,2024
3,946,947,960,2023-10-02 13:46:00+00:00,2023-10-02 13:47:00+00:00,2023-10-02 14:00:00+00:00,short,14931.25,14931.25,14931.0,14956.0,14906.0,14881.0,14856.0,14831.0,72.61894918173988,near_trigger,-57.61894918173988,25.0,True,False,False,False,True,stop,14956.0,14956.25,-25.25,0.0,-25.25,-1.01,26.75,33.0,1.07,1.32,14,13.0,1,2023-10-02,0.6674418604651162,4.329787234042553,3.32367758186398,partial_bullish,1.0778244527968164,,bearish,bearish,True,True,True,False,2024
4,3690,3691,3728,2023-10-04 13:30:00+00:00,2023-10-04 13:31:00+00:00,2023-10-04 14:08:00+00:00,long,14774.5,14774.75,14775.0,14751.25,14800.0,14825.0,14850.0,14875.0,90.03703703703704,a_plus_plus,89.03703703703704,23.75,True,True,False,False,True,stop,14751.25,14751.0,-24.0,0.0,-24.0,-1.0105263157894735,59.5,34.5,2.5052631578947366,1.4526315789473685,38,37.0,2,2023-10-04,2.23728813559322,1.370411568409344,0.2768361581920904,partial_bullish,10.049597423510466,,bullish,bullish,True,True,True,False,2024
5,3733,3734,3736,2023-10-04 14:13:00+00:00,2023-10-04 14:14:00+00:00,2023-10-04 14:16:00+00:00,long,14786.0,14786.5,14786.75,14761.75,14811.75,14836.75,14861.75,14886.75,81.8655861485387,high_probability,66.8655861485387,25.0,False,False,False,False,True,stop,14761.75,14761.5,-25.25,0.0,-25.25,-1.01,4.25,28.5,0.17,1.14,3,2.0,0,2023-10-04,2.12829525483304,1.655006031363088,0.2370289459311851,partial_bullish,1.2377548182408142,,bullish,bullish,True,False,True,False,2024
6,5079,5080,5105,2023-10-05 13:39:00+00:00,2023-10-05 13:40:00+00:00,2023-10-05 14:05:00+00:00,short,14882.0,14882.5,14882.25,14907.25,14857.25,14832.25,14807.25,14782.25,91.02622600402844,a_plus_plus,-78.02622600402844,25.0,True,True,True,True,False,tp4,14782.25,14782.5,99.75,0.0,99.75,3.99,108.5,1.25,4.34,0.05,26,25.0,4,2023-10-05,2.0510543840177577,0.7789634146341464,0.6431980906921242,partial_bearish,2.089083323480229,,bearish,bearish,True,True,True,True,2024
7,5107,5108,5127,2023-10-05 14:07:00+00:00,2023-10-05 14:08:00+00:00,2023-10-05 14:27:00+00:00,short,14773.0,14773.5,14773.25,14798.25,14748.25,14723.25,14698.25,14673.25,70.4030089468686,near_trigger,-70.4030089468686,25.0,False,False,False,False,True,stop,14798.25,14798.5,-25.25,0.0,-25.25,-1.01,9.75,36.5,0.39,1.46,20,19.0,0,2023-10-05,1.280701754385965,3.2129688493324857,0.9131961866532864,strong_bearish,1.0440659410068005,,bearish,bearish,False,True,True,True,2024
8,6453,6454,6504,2023-10-06 13:33:00+00:00,2023-10-06 13:34:00+00:00,2023-10-06 14:24:00+00:00,short,14786.25,14786.25,14786.0,14811.0,14761.0,14736.0,14711.0,14686.0,74.99998202957931,near_trigger,-42.999982029579314,25.0,True,True,True,False,True,stop,14811.0,14811.25,-25.25,0.0,-25.25,-1.01,84.0,38.75,3.36,1.55,51,50.0,3,2023-10-06,3.163755458515284,1.2554186145346364,3.6022005924672027,partial_bullish,2.0571183165127764,,bearish,bearish,True,True,False,False,2024
9,10601,10602,10610,2023-10-11 13:41:00+00:00,2023-10-11 13:42:00+00:00,2023-10-11 13:50:00+00:00,long,15360.0,15359.75,15360.0,15335.0,15385.0,15410.0,15435.0,15460.0,73.0,near_trigger,51.68748256740581,25.0,False,False,False,False,True,stop,15335.0,15334.75,-25.25,0.0,-25.25,-1.01,0.0,28.0,0.0,1.12,9,8.0,0,2023-10-11,0.963226571767497,2.3481717011128773,0.2597402597402597,partial_bearish,1.2623568178252,1.0982935153583615,bullish,bullish,True,False,True,False,2024
10,10644,10645,10650,2023-10-11 14:24:00+00:00,2023-10-11 14:25:00+00:00,2023-10-11 14:30:00+00:00,long,15328.75,15328.5,15328.75,15305.75,15353.75,15378.75,15403.75,15428.75,75.66169235554723,near_trigger,60.66169235554723,23.0,False,False,False,False,True,stop,15305.75,15305.5,-23.25,0.0,-23.25,-1.0108695652173914,3.25,28.5,0.1413043478260869,1.2391304347826086,6,5.0,0,2023-10-11,1.55810147299509,0.996214988644966,1.19859649122807,partial_bearish,0.9634646570638176,0.55771759137523,bullish,bullish,True,True,True,True,2024
11,11976,11977,12008,2023-10-12 13:36:00+00:00,2023-10-12 13:37:00+00:00,2023-10-12 14:08:00+00:00,short,15403.0,15403.25,15403.0,15428.0,15378.0,15353.0,15328.0,15303.0,70.4232967032967,near_trigger,-63.4232967032967,25.0,True,False,False,False,True,stop,15428.0,15428.25,-25.25,0.0,-25.25,-1.01,37.5,26.0,1.5,1.04,32,31.0,1,2023-10-12,1.3333333333333333,0.2048192771084337,2.161579892280072,partial_bullish,3.0406019864125104,1.5526519462781698,bearish,bearish,True,True,False,False,2024
12,12016,12017,12027,2023-10-12 14:16:00+00:00,2023-10-12 14:17:00+00:00,2023-10-12 14:27:00+00:00,short,15423.5,15423.0,15422.75,15447.75,15397.75,15372.75,15347.75,15322.75,72.06666666666666,near_trigger,-72.06666666666666,25.0,False,False,False,False,True,stop,15447.75,15448.0,-25.25,0.0,-25.25,-1.01,5.5,38.25,0.22,1.53,11,10.0,0,2023-10-12,1.9130434782608696,3.4236760124610592,1.985203452527744,partial_bullish,1.7343378902032978,1.719129283883867,bearish,neutral,True,True,False,False,2024
13,13357,13358,13387,2023-10-13 13:37:00+00:00,2023-10-13 13:38:00+00:00,2023-10-13 14:07:00+00:00,long,15317.0,15317.25,15317.5,15292.5,15342.5,15367.5,15392.5,15417.5,73.78523648596104,near_trigger,34.78523648596104,25.0,True,False,False,False,True,stop,15292.5,15292.25,-25.25,0.0,-25.25,-1.01,45.0,31.75,1.8,1.27,30,29.0,1,2023-10-13,1.9001280409731116,0.5011547344110855,3.8013964313421256,partial_bearish,1.8709541971377583,1.03521490341178,neutral,bullish,True,True,True,False,2024
14,14731,14732,14787,2023-10-16 13:31:00+00:00,2023-10-16 13:32:00+00:00,2023-10-16 14:27:00+00:00,long,15198.5,15198.25,15198.5,15175.75,15223.5,15248.5,15273.5,15298.5,70.33333333333334,near_trigger,53.33333333333334,22.75,True,True,True,True,False,tp4,15298.5,15298.25,99.75,0.0,99.75,4.384615384615385,102.0,15.5,4.483516483516484,0.6813186813186813,56,55.0,4,2023-10-16,3.035398230088496,0.4301675977653631,2.2056384742951907,strong_bullish,11.79797088663432,1.8532427937915743,bullish,bullish,True,True,True,False,2024
15,16138,16139,16147,2023-10-17 13:58:00+00:00,2023-10-17 13:59:00+00:00,2023-10-17 14:07:00+00:00,short,15084.25,15084.25,15084.0,15109.0,15059.0,15034.0,15009.0,14984.0,70.0,near_trigger,-33.854999474548514,25.0,False,False,False,False,True,stop,15109.0,15109.25,-25.25,0.0,-25.25,-1.01,12.5,51.75,0.5,2.07,9,8.0,0,2023-10-17,1.8383838383838385,3.480225988700565,4.816559600285511,partial_bearish,0.6738533908271266,1.145618127290903,bearish,bearish,False,True,True,False,2024
16,17496,17497,17539,2023-10-18 13:36:00+00:00,2023-10-18 13:37:00+00:00,2023-10-18 14:19:00+00:00,short,15171.25,15171.5,15171.25,15196.25,15146.25,15121.25,15096.25,15071.25,70.67007035449728,near_trigger,-46.67007035449728,25.0,True,False,False,False,True,stop,15196.25,15196.5,-25.25,0.0,-25.25,-1.01,49.75,35.0,1.99,1.4,43,42.0,1,2023-10-18,2.9013732833957557,3.086729362591431,1.7353215284249768,partial_bullish,2.7757949905147745,1.4501322806870196,bearish,bearish,False,True,False,False,2024
17,17546,17547,17606,2023-10-18 14:26:00+00:00,2023-10-18 14:27:00+00:00,2023-10-18 15:26:00+00:00,short,15182.0,15182.25,15182.0,15207.0,15157.0,15132.0,15107.0,15082.0,74.44257767548908,near_trigger,-61.44257767548908,25.0,True,True,True,False,False,max_holding_time,15142.75,15143.0,39.0,0.0,39.0,1.56,88.75,11.75,3.55,0.47,60,59.0,3,2023-10-18,1.7399309551208286,1.5149253731343284,1.07958050586058,partial_bullish,1.2180997343795463,1.643998733241845,bearish,bearish,True,True,False,False,2024
18,18872,18873,18874,2023-10-19 13:32:00+00:00,2023-10-19 13:33:00+00:00,2023-10-19 13:34:00+00:00,long,15107.5,15107.25,15107.5,15082.5,15132.5,15157.5,15182.5,15207.5,88.78897747182445,high_probability,67.78897747182445,25.0,False,False,False,False,True,stop,15082.5,15082.25,-25.25,0.0,-25.25,-1.01,1.75,34.5,0.07,1.38,2,1.0,0,2023-10-19,2.5719237435008666,0.126,2.232994526974198,partial_bullish,4.3795476892822025,1.011871752452408,bullish,bullish,True,True,True,True,2024
19,18875,18876,18877,2023-10-19 13:35:00+00:00,2023-10-19 13:36:00+00:00,2023-10-19 13:37:00+00:00,long,15076.0,15076.0,15076.25,15051.25,15101.25,15126.25,15151.25,15176.25,79.0,near_trigger,52.382956438811874,25.0,False,False,False,False,True,stop,15051.25,15051.0,-25.25,0.0,-25.25,-1.01,1.25,40.0,0.05,1.6,2,1.0,0,2023-10-19,2.137551581843191,1.29014598540146,2.232994526974198,partial_bearish,2.775434670339129,0.9844182988117044,bullish,bullish,True,True,True,True,2024
20,18878,18879,18928,2023-10-19 13:38:00+00:00,2023-10-19 13:39:00+00:00,2023-10-19 14:28:00+00:00,long,15045.5,15045.5,15045.75,15020.75,15070.75,15095.75,15120.75,15145.75,88.7229087109812,high_probability,64.7229087109812,25.0,True,True,False,False,True,stop,15020.75,15020.5,-25.25,0.0,-25.25,-1.01,61.25,26.75,2.45,1.07,50,49.0,2,2023-10-19,2.816374269005848,1.29014598540146,2.232994526974198,partial_bearish,1.8490072595554088,1.1449783785331769,bullish,bullish,True,True,True,True,2024
21,21634,21635,21650,2023-10-23 13:34:00+00:00,2023-10-23 13:35:00+00:00,2023-10-23 13:50:00+00:00,short,14581.25,14581.0,14580.75,14605.75,14555.75,14530.75,14505.75,14480.75,77.0,near_trigger,-44.03514342091633,25.0,True,True,False,False,True,stop,14605.75,14606.0,-25.25,0.0,-25.25,-1.01,66.5,28.75,2.66,1.15,16,15.0,2,2023-10-23,1.4980891719745224,0.981549815498155,0.8671641791044776,partial_bearish,2.7644440565543724,1.0501740619992264,bearish,bearish,True,True,True,False,2024
22,23020,23021,23024,2023-10-24 13:40:00+00:00,2023-10-24 13:41:00+00:00,2023-10-24 13:44:00+00:00,long,14828.75,14829.0,14829.25,14804.25,14854.25,14879.25,14904.25,14929.25,90.63256076879593,a_plus_plus,69.63256076879593,25.0,False,False,False,False,True,stop,14804.25,14804.0,-25.25,0.0,-25.25,-1.01,8.0,26.5,0.32,1.06,4,3.0,0,2023-10-24,1.734061930783242,1.6338329764453965,0.5666337611056268,partial_bullish,2.4457370196907893,1.520105638969042,bullish,bullish,True,True,True,False,2024
23,24393,24394,24453,2023-10-25 13:33:00+00:00,2023-10-25 13:34:00+00:00,2023-10-25 14:33:00+00:00,short,14684.75,14684.5,14684.25,14709.25,14659.25,14634.25,14609.25,14584.25,86.55570759151121,high_probability,-80.55570759151121,25.0,True,True,True,False,False,max_holding_time,14641.5,14641.75,42.5,0.0,42.5,1.7,87.25,2.0,3.49,0.08,60,59.0,3,2023-10-25,5.073170731707317,0.8839941262848752,2.51006711409396,strong_bearish,3.0800035205069527,1.0636587938710196,bearish,bearish,False,True,True,False,2024
24,25782,25783,25787,2023-10-26 13:42:00+00:00,2023-10-26 13:43:00+00:00,2023-10-26 13:47:00+00:00,long,14413.0,14413.0,14413.25,14388.25,14438.25,14463.25,14488.25,14513.25,73.05216867181052,near_trigger,54.05216867181052,25.0,False,False,False,False,True,stop,14388.25,14388.0,-25.25,0.0,-25.25,-1.01,16.25,35.0,0.65,1.4,5,4.0,0,2023-10-26,0.2920592193808883,1.593103448275862,3.119314436387607,partial_bearish,1.7282899537825347,1.8332480085188296,bullish,bullish,True,True,False,False,2024
25,25828,25829,25831,2023-10-26 14:28:00+00:00,2023-10-26 14:29:00+00:00,2023-10-26 14:31:00+00:00,long,14330.25,14330.0,14330.25,14305.25,14355.25,14380.25,14405.25,14430.25,97.86666666666666,a_plus_plus,75.86666666666666,25.0,False,False,False,False,True,stop,14305.25,14305.0,-25.25,0.0,-25.25,-1.01,0.0,26.25,0.0,1.05,3,2.0,0,2023-10-26,2.8606403013182677,1.3970401691331924,2.5494018608772704,partial_bearish,2.3064312042691317,2.647051395378204,bullish,bullish,True,True,True,False,2024
26,27156,27157,27169,2023-10-27 13:36:00+00:00,2023-10-27 13:37:00+00:00,2023-10-27 13:49:00+00:00,long,14323.0,14323.0,14323.25,14298.25,14348.25,14373.25,14398.25,14423.25,70.44000230812748,near_trigger,70.44000230812748,25.0,True,False,False,False,True,stop,14298.25,14298.0,-25.25,0.0,-25.25,-1.01,33.0,32.0,1.32,1.28,13,12.0,1,2023-10-27,0.0155382907880133,0.1822916666666666,0.6511627906976745,partial_bullish,2.407566946658052,1.0159447673259827,bullish,neutral,True,True,True,False,2024
27,27171,27172,27174,2023-10-27 13:51:00+00:00,2023-10-27 13:52:00+00:00,2023-10-27 13:54:00+00:00,long,14323.5,14324.0,14324.25,14299.25,14349.25,14374.25,14399.25,14424.25,75.52673849483529,near_trigger,62.526738494835286,25.0,False,False,False,False,True,stop,14299.25,14299.0,-25.25,0.0,-25.25,-1.01,0.25,32.0,0.01,1.28,3,2.0,0,2023-10-27,0.6737357259380098,0.606145251396648,1.7613882863340562,partial_bearish,1.0526974366307962,1.1697961317302668,bullish,bullish,False,True,True,False,2024
28,27185,27186,27188,2023-10-27 14:05:00+00:00,2023-10-27 14:06:00+00:00,2023-10-27 14:08:00+00:00,long,14348.25,14348.0,14348.25,14323.25,14373.25,14398.25,14423.25,14448.25,75.60101716074657,near_trigger,60.601017160746565,25.0,False,False,False,False,True,stop,14323.25,14323.0,-25.25,0.0,-25.25,-1.01,10.5,26.25,0.42,1.05,3,2.0,0,2023-10-27,2.2839506172839505,0.9288702928870292,0.7354430379746835,strong_bullish,1.3732501441828764,1.374232315645297,bullish,bullish,False,True,True,False,2024
29,27189,27190,27222,2023-10-27 14:09:00+00:00,2023-10-27 14:10:00+00:00,2023-10-27 14:42:00+00:00,long,14309.25,14309.5,14309.75,14284.75,14334.75,14359.75,14384.75,14409.75,71.0,near_trigger,61.79457840002304,25.0,True,True,False,False,True,stop,14284.75,14284.5,-25.25,0.0,-25.25,-1.01,60.5,35.5,2.42,1.42,33,32.0,2,2023-10-27,1.4827586206896552,0.9288702928870292,0.7354430379746835,partial_bullish,1.8799386470619348,2.030816974595843,bullish,bullish,False,True,True,True,2024
30,31326,31327,31386,2023-11-01 14:06:00+00:00,2023-11-01 14:07:00+00:00,2023-11-01 15:06:00+00:00,long,14552.25,14552.75,14553.0,14528.0,14578.0,14603.0,14628.0,14653.0,71.32481827622014,near_trigger,64.32481827622014,25.0,True,True,True,False,False,max_holding_time,14637.5,14637.25,84.25,0.0,84.25,3.37,96.5,23.0,3.86,0.92,60,59.0,3,2023-11-01,1.0176531671858773,0.7357357357357358,2.121495327102804,partial_bullish,1.955938407342681,1.5301475891617238,bullish,bullish,True,True,False,False,2024
31,34065,34066,34095,2023-11-03 13:45:00+00:00,2023-11-03 13:46:00+00:00,2023-11-03 14:15:00+00:00,long,15106.75,15106.25,15106.5,15081.5,15131.5,15156.5,15181.5,15206.5,76.41236604357015,near_trigger,62.41236604357015,25.0,True,True,False,False,True,stop,15081.5,15081.25,-25.25,0.0,-25.25,-1.01,56.75,30.0,2.27,1.2,30,29.0,2,2023-11-03,3.5310519645120406,2.672623883021933,5.04296100462657,strong_bullish,1.796587364687175,1.074013951651823,bullish,bullish,True,True,True,True,2024
32,34097,34098,34103,2023-11-03 14:17:00+00:00,2023-11-03 14:18:00+00:00,2023-11-03 14:23:00+00:00,long,15110.5,15110.5,15110.75,15085.75,15135.75,15160.75,15185.75,15210.75,84.19501172132297,high_probability,84.19501172132297,25.0,False,False,False,False,True,stop,15085.75,15085.5,-25.25,0.0,-25.25,-1.01,6.0,25.0,0.24,1.0,6,5.0,0,2023-11-03,0.8615384615384615,0.7668789808917198,1.4,partial_bullish,0.792896305668593,0.8940414374582284,bullish,bullish,True,True,True,True,2024
33,34104,34105,34106,2023-11-03 14:24:00+00:00,2023-11-03 14:25:00+00:00,2023-11-03 14:26:00+00:00,long,15089.75,15090.0,15090.25,15065.25,15115.25,15140.25,15165.25,15190.25,76.23006571103836,near_trigger,76.23006571103836,25.0,False,False,False,False,True,stop,15065.25,15065.0,-25.25,0.0,-25.25,-1.01,4.0,30.0,0.16,1.2,2,1.0,0,2023-11-03,1.6111111111111112,0.3297101449275362,1.4,partial_bearish,0.9850638131862008,0.8430014189132793,bullish,bullish,True,True,True,True,2024
34,35445,35446,35452,2023-11-06 14:45:00+00:00,2023-11-06 14:46:00+00:00,2023-11-06 14:52:00+00:00,long,15225.25,15225.5,15225.75,15200.75,15250.75,15275.75,15300.75,15325.75,71.87637141530776,near_trigger,58.87637141530776,25.0,False,False,False,False,True,stop,15200.75,15200.5,-25.25,0.0,-25.25,-1.01,6.5,25.5,0.26,1.02,7,6.0,0,2023-11-06,0.8035714285714286,0.7532163742690059,1.45,partial_bullish,1.0236561151583894,0.6519553447081692,bullish,bullish,False,True,True,False,2024
35,35482,35483,35542,2023-11-06 15:22:00+00:00,2023-11-06 15:23:00+00:00,2023-11-06 16:22:00+00:00,long,15224.0,15223.75,15224.0,15199.0,15249.0,15274.0,15299.0,15324.0,77.8648373303588,near_trigger,77.8648373303588,25.0,False,False,False,False,False,max_holding_time,15227.5,15227.25,3.25,0.0,3.25,0.13,22.25,24.0,0.89,0.96,60,59.0,0,2023-11-06,1.1555555555555554,0.1738495252008765,0.9659735349716446,partial_bearish,1.2046891381008356,0.9399516638780444,bullish,bullish,True,True,True,False,2024
36,36847,36848,36895,2023-11-07 15:07:00+00:00,2023-11-07 15:08:00+00:00,2023-11-07 15:55:00+00:00,long,15291.75,15291.75,15292.0,15267.0,15317.0,15342.0,15367.0,15392.0,70.0,near_trigger,32.79184411324743,25.0,True,True,True,True,False,tp4,15392.0,15391.75,99.75,0.0,99.75,3.99,104.25,19.0,4.17,0.76,48,47.0,4,2023-11-07,1.5254833040421791,3.3956953642384105,2.496750902527076,partial_bullish,1.0099742801580829,0.7571126263813779,bullish,bullish,False,True,True,True,2024
37,38228,38229,38240,2023-11-08 15:08:00+00:00,2023-11-08 15:09:00+00:00,2023-11-08 15:20:00+00:00,long,15376.25,15376.25,15376.5,15351.5,15401.5,15426.5,15451.5,15476.5,70.3023089196169,near_trigger,60.302308919616905,25.0,False,False,False,False,True,stop,15351.5,15351.25,-25.25,0.0,-25.25,-1.01,10.5,26.5,0.42,1.06,12,11.0,0,2023-11-08,1.9211678832116788,2.7243947858473,1.4095022624434388,partial_bullish,0.8165858709464866,0.8002029333087354,bullish,bullish,True,False,False,False,2024
38,40957,40958,41017,2023-11-10 14:37:00+00:00,2023-11-10 14:38:00+00:00,2023-11-10 15:37:00+00:00,long,15335.75,15336.0,15336.25,15311.25,15361.25,15386.25,15411.25,15436.25,72.41797049880502,near_trigger,51.41797049880502,25.0,True,True,False,False,False,max_holding_time,15331.75,15331.5,-4.75,0.0,-4.75,-0.19,52.75,14.25,2.11,0.57,60,59.0,2,2023-11-10,1.5348837209302326,0.6845425867507886,2.354228855721393,strong_bullish,3.190671289000945,1.2683008310017956,bullish,bullish,True,True,False,False,2024
39,43748,43749,43808,2023-11-14 15:08:00+00:00,2023-11-14 15:09:00+00:00,2023-11-14 16:08:00+00:00,long,15862.0,15862.25,15862.5,15837.5,15887.5,15912.5,15937.5,15962.5,71.84839596116161,near_trigger,40.848395961161614,25.0,True,False,False,False,False,max_holding_time,15870.0,15869.75,7.25,0.0,7.25,0.29,40.25,15.25,1.61,0.61,60,59.0,1,2023-11-14,1.6629213483146068,1.95,1.7414177440927328,partial_bullish,1.2786202048604138,1.1647532360609247,bullish,bullish,False,True,True,False,2024
40,45096,45097,45111,2023-11-15 14:36:00+00:00,2023-11-15 14:37:00+00:00,2023-11-15 14:51:00+00:00,long,15951.0,15951.25,15951.5,15926.5,15976.5,16001.5,16026.5,16051.5,72.0,near_trigger,65.83678062222373,25.0,False,False,False,False,True,stop,15926.5,15926.25,-25.25,0.0,-25.25,-1.01,22.5,25.0,0.9,1.0,15,14.0,0,2023-11-15,0.3370786516853932,0.3578274760383386,1.4614220877458397,partial_bearish,1.978633668029716,0.7780181666652637,bullish,bullish,True,True,True,False,2024
41,46517,46518,46525,2023-11-16 15:17:00+00:00,2023-11-16 15:18:00+00:00,2023-11-16 15:25:00+00:00,short,15858.25,15858.5,15858.25,15883.25,15833.25,15808.25,15783.25,15758.25,72.29039987639929,near_trigger,-37.29039987639929,25.0,False,False,False,False,True,stop,15883.25,15883.5,-25.25,0.0,-25.25,-1.01,12.75,27.25,0.51,1.09,8,7.0,0,2023-11-16,2.325503355704698,0.5865921787709497,0.1150112023898431,partial_bearish,1.4422198703915798,1.397249884124331,neutral,bearish,True,True,True,False,2024
42,47860,47861,47872,2023-11-17 14:40:00+00:00,2023-11-17 14:41:00+00:00,2023-11-17 14:52:00+00:00,short,15839.5,15840.0,15839.75,15864.75,15814.75,15789.75,15764.75,15739.75,72.52770611841771,near_trigger,-38.52770611841771,25.0,False,False,False,False,True,stop,15864.75,15865.0,-25.25,0.0,-25.25,-1.01,8.25,41.0,0.33,1.64,12,11.0,0,2023-11-17,1.70487106017192,3.299727520435967,3.2534174553101995,strong_bearish,1.9380469023451168,0.9984852310022724,neutral,bearish,False,True,True,False,2024
43,47893,47894,47895,2023-11-17 15:13:00+00:00,2023-11-17 15:14:00+00:00,2023-11-17 15:15:00+00:00,short,15837.5,15837.5,15837.25,15862.25,15812.25,15787.25,15762.25,15737.25,73.35568696390196,near_trigger,-73.35568696390196,25.0,False,False,False,False,True,stop,15862.25,15862.5,-25.25,0.0,-25.25,-1.01,10.25,26.5,0.41,1.06,2,1.0,0,2023-11-17,2.5352564102564106,0.589041095890411,0.8358208955223881,partial_bearish,0.8580443724910379,0.7549308876324472,bearish,bearish,False,True,True,False,2024
44,49254,49255,49314,2023-11-20 14:54:00+00:00,2023-11-20 14:55:00+00:00,2023-11-20 15:54:00+00:00,short,15982.5,15982.0,15981.75,16006.75,15956.75,15931.75,15906.75,15881.75,73.76348858905124,near_trigger,-63.76348858905124,25.0,True,False,False,False,False,max_holding_time,15981.75,15982.0,-0.25,0.0,-0.25,-0.01,44.25,21.25,1.77,0.85,60,59.0,1,2023-11-20,1.8039927404718692,3.929545454545455,3.3950617283950617,strong_bullish,0.916591346265267,1.042284328840047,neutral,bearish,True,True,True,False,2024
45,50610,50611,50619,2023-11-21 14:30:00+00:00,2023-11-21 14:31:00+00:00,2023-11-21 14:39:00+00:00,short,15994.25,15994.25,15994.0,16015.0,15969.0,15944.0,15919.0,15894.0,76.77392670539662,near_trigger,-55.77392670539662,21.0,False,False,False,False,True,stop,16015.0,16015.25,-21.25,0.0,-21.25,-1.011904761904762,13.5,27.25,0.6428571428571429,1.2976190476190477,9,8.0,0,2023-11-21,1.9310344827586208,0.9204152249134948,1.5333333333333334,partial_bearish,12.042396451928138,0.975556286309328,neutral,bearish,True,True,True,False,2024
46,52032,52033,52037,2023-11-22 15:12:00+00:00,2023-11-22 15:13:00+00:00,2023-11-22 15:17:00+00:00,long,16043.75,16043.5,16043.75,16018.75,16068.75,16093.75,16118.75,16143.75,86.76985791260977,high_probability,63.769857912609766,25.0,False,False,False,False,True,stop,16018.75,16018.5,-25.25,0.0,-25.25,-1.01,0.25,30.0,0.01,1.2,5,4.0,0,2023-11-22,1.2684031710079275,4.266747133373567,0.4424567680381633,partial_bullish,0.936024490219478,1.4803063457330417,bullish,bullish,True,False,True,False,2024
47,52041,52042,52101,2023-11-22 15:21:00+00:00,2023-11-22 15:22:00+00:00,2023-11-22 16:21:00+00:00,long,16044.75,16044.5,16044.75,16019.75,16069.75,16094.75,16119.75,16144.75,89.0,high_probability,76.0,25.0,True,True,False,False,False,max_holding_time,16053.0,16052.75,8.0,0.0,8.0,0.32,54.25,17.75,2.17,0.71,60,59.0,2,2023-11-22,1.5,0.836283185840708,0.8961807423345886,partial_bearish,1.3074759027809804,1.5786396413954396,bullish,bullish,True,True,True,False,2024
48,54556,54557,54616,2023-11-24 15:16:00+00:00,2023-11-24 15:17:00+00:00,2023-11-24 16:16:00+00:00,short,15997.75,15997.75,15997.5,16022.5,15972.5,15947.5,15922.5,15897.5,74.87631113607523,near_trigger,-71.87631113607523,25.0,False,False,False,False,False,max_holding_time,16007.0,16007.25,-9.75,0.0,-9.75,-0.39,15.75,17.25,0.63,0.69,60,59.0,0,2023-11-24,2.592592592592593,0.2497522299306243,2.49601593625498,strong_bearish,1.4615900531393489,0.8840416900705237,bearish,bearish,False,True,True,True,2024
49,55676,55677,55703,2023-11-27 14:41:00+00:00,2023-11-27 14:42:00+00:00,2023-11-27 15:08:00+00:00,short,16003.5,16003.75,16003.5,16028.5,15978.5,15953.5,15928.5,15903.5,76.59635801152507,near_trigger,-76.59635801152507,25.0,False,False,False,False,True,stop,16028.5,16028.75,-25.25,0.0,-25.25,-1.01,19.75,30.25,0.79,1.21,27,26.0,0,2023-11-27,1.4563758389261745,1.608982826948481,1.3500660501981507,partial_bullish,1.3710278432761969,1.3895320761258527,bearish,bearish,True,True,True,True,2024
50,59835,59836,59851,2023-11-30 15:00:00+00:00,2023-11-30 15:01:00+00:00,2023-11-30 15:16:00+00:00,short,15956.25,15955.75,15955.5,15980.5,15930.5,15905.5,15880.5,15855.5,76.12628299573063,near_trigger,-58.12628299573064,25.0,True,False,False,False,True,stop,15980.5,15980.75,-25.25,0.0,-25.25,-1.01,36.75,36.5,1.47,1.46,16,15.0,1,2023-11-30,1.1305518169582771,2.765564950038432,4.016058394160583,strong_bearish,1.560451028881276,1.243390308497465,bearish,bearish,True,True,True,False,2024
51,61190,61191,61192,2023-12-01 14:35:00+00:00,2023-12-01 14:36:00+00:00,2023-12-01 14:37:00+00:00,short,15882.25,15882.0,15881.75,15906.75,15856.75,15831.75,15806.75,15781.75,74.84998447654573,near_trigger,-53.84998447654573,25.0,False,False,False,False,True,stop,15906.75,15907.0,-25.25,0.0,-25.25,-1.01,0.5,27.25,0.02,1.09,2,1.0,0,2023-12-01,3.5522388059701493,3.170860927152318,0.0167664670658682,partial_bearish,2.737645608873693,1.2190847127555988,bearish,bearish,True,True,False,False,2024
52,61205,61206,61215,2023-12-01 14:50:00+00:00,2023-12-01 14:51:00+00:00,2023-12-01 15:00:00+00:00,short,15912.5,15912.5,15912.25,15937.25,15887.25,15862.25,15837.25,15812.25,92.53846153846152,a_plus_plus,-79.53846153846153,25.0,False,False,False,False,True,stop,15937.25,15937.5,-25.25,0.0,-25.25,-1.01,7.5,28.75,0.3,1.15,10,9.0,0,2023-12-01,2.0,0.0817916260954235,0.4804575786463298,partial_bearish,1.17960492875046,1.785406359017894,bearish,bearish,True,True,True,False,2024
53,63945,63946,63952,2023-12-05 14:30:00+00:00,2023-12-05 14:31:00+00:00,2023-12-05 14:37:00+00:00,short,15807.5,15807.5,15807.25,15832.25,15782.25,15757.25,15732.25,15707.25,71.0,near_trigger,-41.24814693957639,25.0,False,False,False,False,True,stop,15832.25,15832.5,-25.25,0.0,-25.25,-1.01,24.0,26.25,0.96,1.05,7,6.0,0,2023-12-05,4.553097345132744,0.9320652173913044,0.408673894912427,partial_bearish,6.610938376064019,0.8298622441471357,bearish,bearish,False,False,True,False,2024
54,63975,63976,64002,2023-12-05 15:00:00+00:00,2023-12-05 15:01:00+00:00,2023-12-05 15:27:00+00:00,long,15894.5,15894.75,15895.0,15870.0,15920.0,15945.0,15970.0,15995.0,87.86666666666666,high_probability,61.86666666666666,25.0,True,False,False,False,True,stop,15870.0,15869.75,-25.25,0.0,-25.25,-1.01,41.75,26.0,1.67,1.04,27,26.0,1,2023-12-05,2.2222222222222223,2.890688259109312,1.696969696969697,strong_bullish,2.720379271055699,1.8731063338623573,bullish,bullish,False,True,True,False,2024
55,64003,64004,64063,2023-12-05 15:28:00+00:00,2023-12-05 15:29:00+00:00,2023-12-05 16:28:00+00:00,long,15877.25,15877.25,15877.5,15852.5,15902.5,15927.5,15952.5,15977.5,77.35340463890591,near_trigger,71.35340463890591,25.0,True,True,True,False,False,max_holding_time,15886.5,15886.25,8.75,0.0,8.75,0.35,84.25,19.75,3.37,0.79,60,59.0,3,2023-12-05,2.7454545454545456,1.998843930635838,3.3391506689936006,partial_bullish,0.8733245118736174,1.4983623035197475,bullish,bullish,False,True,True,False,2024
56,65325,65326,65328,2023-12-06 14:30:00+00:00,2023-12-06 14:31:00+00:00,2023-12-06 14:33:00+00:00,long,16009.75,16009.5,16009.75,15984.75,16034.75,16059.75,16084.75,16109.75,71.0,near_trigger,38.77537415053514,25.0,False,False,False,False,True,stop,15984.75,15984.5,-25.25,0.0,-25.25,-1.01,0.75,30.25,0.03,1.21,3,2.0,0,2023-12-06,3.180327868852459,0.5397590361445783,4.90138067061144,partial_bullish,11.142329778506973,1.3980867338733023,bullish,bullish,False,True,True,False,2024
57,65377,65378,65378,2023-12-06 15:22:00+00:00,2023-12-06 15:23:00+00:00,2023-12-06 15:23:00+00:00,long,15938.5,15938.25,15938.5,15913.5,15963.5,15988.5,16013.5,16038.5,71.33530249886589,near_trigger,71.33530249886589,25.0,False,False,False,False,True,stop,15913.5,15913.25,-25.25,0.0,-25.25,-1.01,0.25,29.5,0.01,1.18,1,0.0,0,2023-12-06,2.3296,0.073829927488464,1.9486850545221293,partial_bearish,0.94346646811679,1.0165460926867702,bullish,bullish,False,True,True,False,2024
58,65383,65384,65443,2023-12-06 15:28:00+00:00,2023-12-06 15:29:00+00:00,2023-12-06 16:28:00+00:00,long,15901.5,15901.5,15901.75,15876.75,15926.75,15951.75,15976.75,16001.75,73.01290322580645,near_trigger,62.01290322580645,25.0,True,False,False,False,False,max_holding_time,15919.0,15918.75,17.0,0.0,17.0,0.68,48.0,10.0,1.92,0.4,60,59.0,1,2023-12-06,0.7741935483870968,1.79570516540917,1.9486850545221293,strong_bearish,0.987975592246949,1.616591722492429,bullish,bullish,True,False,False,False,2024
59,66707,66708,66722,2023-12-07 14:32:00+00:00,2023-12-07 14:33:00+00:00,2023-12-07 14:47:00+00:00,long,15950.0,15950.0,15950.25,15925.25,15975.25,16000.25,16025.25,16050.25,84.46666666666667,high_probability,42.46666666666667,25.0,True,False,False,False,True,stop,15925.25,15925.0,-25.25,0.0,-25.25,-1.01,31.75,30.75,1.27,1.23,15,14.0,1,2023-12-07,1.8022988505747128,1.74,4.424870466321243,strong_bullish,6.097332966730822,1.726954855892408,neutral,bullish,True,True,True,False,2024
60,66756,66757,66810,2023-12-07 15:21:00+00:00,2023-12-07 15:22:00+00:00,2023-12-07 16:15:00+00:00,long,15990.75,15990.75,15991.0,15966.0,16016.0,16041.0,16066.0,16091.0,71.07515151515152,near_trigger,50.07515151515152,25.0,False,False,False,False,True,stop,15966.0,15965.75,-25.25,0.0,-25.25,-1.01,20.25,34.5,0.81,1.38,54,53.0,0,2023-12-07,1.1454545454545455,1.7734967892586109,1.7510835913312692,strong_bullish,1.7284418894091151,2.1440649306729798,neutral,bullish,False,True,True,False,2024
61,68112,68113,68115,2023-12-08 14:57:00+00:00,2023-12-08 14:58:00+00:00,2023-12-08 15:00:00+00:00,short,15979.75,15979.25,15979.0,16003.75,15954.0,15929.0,15904.0,15879.0,72.80685731727439,near_trigger,-65.80685731727439,24.75,False,False,False,False,True,stop,16003.75,16004.0,-25.0,0.0,-25.0,-1.0101010101010102,2.25,71.0,0.0909090909090909,2.8686868686868685,3,2.0,0,2023-12-08,1.247863247863248,1.2392099487929773,1.312733084709643,partial_bullish,0.7360449971761506,1.2623048033208144,bearish,bearish,False,False,True,False,2024
62,68116,68117,68122,2023-12-08 15:01:00+00:00,2023-12-08 15:02:00+00:00,2023-12-08 15:07:00+00:00,short,16032.5,16033.0,16032.75,16057.75,16007.75,15982.75,15957.75,15932.75,73.0,near_trigger,-61.07871479602184,25.0,False,False,False,False,True,stop,16057.75,16058.0,-25.25,0.0,-25.25,-1.01,22.75,40.25,0.91,1.61,6,5.0,0,2023-12-08,2.61123595505618,1.2222222222222223,0.753208292201382,strong_bullish,1.4248766648816782,1.346570047268851,bearish,bearish,True,False,True,False,2024
63,68141,68142,68201,2023-12-08 15:26:00+00:00,2023-12-08 15:27:00+00:00,2023-12-08 16:26:00+00:00,short,16092.0,16092.25,16092.0,16115.25,16067.0,16042.0,16017.0,15992.0,80.00839409947284,high_probability,-80.00839409947284,23.25,True,True,False,False,False,max_holding_time,16055.0,16055.25,36.75,0.0,36.75,1.5806451612903225,71.75,20.0,3.086021505376344,0.8602150537634409,60,59.0,2,2023-12-08,0.4188034188034187,3.596330275229358,2.8301724137931035,partial_bullish,0.8948678310254471,1.1188025166888271,bearish,bearish,True,False,True,False,2024
64,70845,70846,70873,2023-12-12 14:30:00+00:00,2023-12-12 14:31:00+00:00,2023-12-12 14:58:00+00:00,short,16437.75,16437.5,16437.25,16459.25,16412.25,16387.25,16362.25,16337.25,70.3823866446647,near_trigger,-70.3823866446647,22.0,True,False,False,False,True,stop,16459.25,16459.5,-22.25,0.0,-22.25,-1.0113636363636365,40.75,22.5,1.8522727272727275,1.0227272727272727,28,27.0,1,2023-12-12,1.6610169491525424,0.5192727272727273,2.16260162601626,strong_bearish,10.133020998912407,0.7224402638767938,bearish,bearish,True,True,False,True,2024
65,75030,75031,75090,2023-12-15 15:15:00+00:00,2023-12-15 15:16:00+00:00,2023-12-15 16:15:00+00:00,long,16847.0,16846.5,16846.75,16821.75,16871.75,16896.75,16921.75,16946.75,71.80284433498093,near_trigger,50.80284433498093,25.0,True,False,False,False,False,max_holding_time,16854.75,16854.5,7.75,0.0,7.75,0.31,30.0,11.5,1.2,0.46,60,59.0,1,2023-12-15,2.040752351097179,1.2635046113306982,1.935483870967742,strong_bullish,1.5406396340799362,1.1292339621637442,bullish,bullish,True,True,False,True,2024
66,79129,79130,79189,2023-12-20 14:34:00+00:00,2023-12-20 14:35:00+00:00,2023-12-20 15:34:00+00:00,long,16991.0,16991.5,16991.75,16968.75,17016.75,17041.75,17066.75,17091.75,84.42155877930037,high_probability,84.42155877930037,23.0,True,True,True,False,False,max_holding_time,17063.5,17063.25,71.5,0.0,71.5,3.108695652173913,81.75,1.75,3.5543478260869565,0.0760869565217391,60,59.0,3,2023-12-20,0.7492957746478873,0.9915014164305948,0.6858108108108109,strong_bullish,2.7820205105825875,0.7041022006645252,bullish,bullish,True,True,True,False,2024
67,80505,80506,80508,2023-12-21 14:30:00+00:00,2023-12-21 14:31:00+00:00,2023-12-21 14:33:00+00:00,long,16945.5,16945.25,16945.5,16920.5,16970.5,16995.5,17020.5,17045.5,81.05490706857698,high_probability,80.05490706857698,25.0,False,False,False,False,True,stop,16920.5,16920.25,-25.25,0.0,-25.25,-1.01,13.25,27.0,0.53,1.08,3,2.0,0,2023-12-21,3.5244755244755246,0.5522935779816514,2.032450896669513,partial_bullish,12.84134739007457,1.2389753767909195,bullish,neutral,True,True,True,False,2024
68,80509,80510,80511,2023-12-21 14:34:00+00:00,2023-12-21 14:35:00+00:00,2023-12-21 14:36:00+00:00,long,16932.5,16932.5,16932.75,16909.25,16957.75,16982.75,17007.75,17032.75,74.06610793125623,near_trigger,74.06610793125623,23.5,False,False,False,False,True,stop,16909.25,16909.0,-23.75,0.0,-23.75,-1.0106382978723405,4.25,26.5,0.1808510638297872,1.127659574468085,2,1.0,0,2023-12-21,0.8696969696969696,0.5522935779816514,2.032450896669513,partial_bullish,2.895131691327532,1.219173155249677,bullish,neutral,True,True,True,False,2024
69,80512,80513,80533,2023-12-21 14:37:00+00:00,2023-12-21 14:38:00+00:00,2023-12-21 14:58:00+00:00,long,16918.0,16918.25,16918.5,16893.5,16943.5,16968.5,16993.5,17018.5,81.8601585314977,high_probability,81.8601585314977,25.0,False,False,False,False,True,stop,16893.5,16893.25,-25.25,0.0,-25.25,-1.01,20.25,29.0,0.81,1.16,21,20.0,0,2023-12-21,1.156445556946183,0.1908580593424218,2.032450896669513,partial_bearish,2.292315141453966,1.5368206269708773,bullish,bullish,True,True,True,False,2024
70,80545,80546,80605,2023-12-21 15:10:00+00:00,2023-12-21 15:11:00+00:00,2023-12-21 16:10:00+00:00,long,16866.5,16866.25,16866.5,16841.5,16891.5,16916.5,16941.5,16966.5,73.47284396309666,near_trigger,73.47284396309666,25.0,True,True,False,False,False,max_holding_time,16874.5,16874.25,7.75,0.0,7.75,0.31,67.0,12.75,2.68,0.51,60,59.0,2,2023-12-21,0.6401925391095067,3.411589895988113,2.25496915695682,strong_bearish,1.2387090758633552,1.6076722938222303,bullish,bullish,True,True,False,False,2024
71,81899,81900,81916,2023-12-22 14:44:00+00:00,2023-12-22 14:45:00+00:00,2023-12-22 15:01:00+00:00,long,17032.75,17032.5,17032.75,17007.75,17057.75,17082.75,17107.75,17132.75,75.27536231884058,near_trigger,54.27536231884058,25.0,False,False,False,False,True,stop,17007.75,17007.5,-25.25,0.0,-25.25,-1.01,8.5,26.5,0.34,1.06,17,16.0,0,2023-12-22,2.0543478260869565,0.3085399449035812,2.663716814159292,strong_bullish,1.8350527688841456,1.7464168829703193,bullish,bullish,True,True,False,False,2024
72,86060,86061,86091,2023-12-28 15:05:00+00:00,2023-12-28 15:06:00+00:00,2023-12-28 15:36:00+00:00,short,17110.5,17110.75,17110.5,17135.5,17085.5,17060.5,17035.5,17010.5,90.55655842964592,a_plus_plus,-90.55655842964592,25.0,False,False,False,False,True,stop,17135.5,17135.75,-25.25,0.0,-25.25,-1.01,7.75,25.0,0.31,1.0,31,30.0,0,2023-12-28,1.4177215189873418,0.9531914893617022,3.130434782608696,strong_bearish,4.390172820796782,1.61778446007625,bearish,bearish,True,True,True,True,2024
73,87435,87436,87495,2023-12-29 15:00:00+00:00,2023-12-29 15:01:00+00:00,2023-12-29 16:00:00+00:00,short,17091.25,17091.0,17090.75,17115.75,17065.75,17040.75,17015.75,16990.75,71.96775820905209,near_trigger,-71.96775820905209,25.0,True,True,True,False,False,max_holding_time,17022.75,17023.0,67.75,0.0,67.75,2.71,89.75,14.75,3.59,0.59,60,59.0,3,2023-12-29,2.026315789473684,0.6205673758865249,0.5869297163995068,partial_bullish,1.843103109288543,0.5779970051968643,bearish,bearish,True,False,True,False,2024
74,88788,88789,88803,2024-01-02 14:33:00+00:00,2024-01-02 14:34:00+00:00,2024-01-02 14:48:00+00:00,short,16848.0,16848.25,16848.0,16873.0,16823.0,16798.0,16773.0,16748.0,72.44169745539247,near_trigger,-51.44169745539247,25.0,True,True,True,True,False,tp4,16748.0,16748.25,99.75,0.0,99.75,3.99,101.75,0.75,4.07,0.03,15,14.0,4,2024-01-02,1.3929173693086003,1.8053097345132745,1.5179621162638797,partial_bullish,3.5772864112945086,1.4569284430821263,bearish,bearish,True,True,False,False,2024
75,88813,88814,88815,2024-01-02 14:58:00+00:00,2024-01-02 14:59:00+00:00,2024-01-02 15:00:00+00:00,short,16747.25,16747.75,16747.5,16772.5,16722.5,16697.5,16672.5,16647.5,71.0,near_trigger,-60.49967637540453,25.0,False,False,False,False,True,stop,16772.5,16772.75,-25.25,0.0,-25.25,-1.01,2.25,35.5,0.09,1.42,2,1.0,0,2024-01-02,0.5097087378640777,5.776536312849162,1.6020293122886131,partial_bearish,0.8663865745685869,2.197030497592295,bearish,bearish,False,False,True,False,2024
76,90169,90170,90179,2024-01-03 14:34:00+00:00,2024-01-03 14:35:00+00:00,2024-01-03 14:44:00+00:00,short,16611.5,16611.5,16611.25,16636.25,16586.25,16561.25,16536.25,16511.25,74.0,near_trigger,-74.0,25.0,False,False,False,False,True,stop,16636.25,16636.5,-25.25,0.0,-25.25,-1.01,8.25,30.75,0.33,1.23,10,9.0,0,2024-01-03,0.1129032258064516,0.2575558475689882,0.1793229643183897,partial_bearish,2.913122563880468,1.6245930305577294,bearish,bearish,True,True,True,False,2024
77,90222,90223,90255,2024-01-03 15:27:00+00:00,2024-01-03 15:28:00+00:00,2024-01-03 16:00:00+00:00,short,16585.0,16584.75,16584.5,16609.5,16559.5,16534.5,16509.5,16484.5,79.0,near_trigger,-31.578688302907366,25.0,True,False,False,False,True,stop,16609.5,16609.75,-25.25,0.0,-25.25,-1.01,41.0,29.0,1.64,1.16,33,32.0,1,2024-01-03,2.3655172413793104,1.392583872866392,1.5573770491803278,partial_bearish,1.1351411424761058,2.124155141936155,bearish,bearish,True,False,True,True,2024
78,91601,91602,91608,2024-01-04 15:26:00+00:00,2024-01-04 15:27:00+00:00,2024-01-04 15:33:00+00:00,short,16498.25,16498.25,16498.0,16523.0,16473.0,16448.0,16423.0,16398.0,75.82314106841217,near_trigger,-75.82314106841217,25.0,False,False,False,False,True,stop,16523.0,16523.25,-25.25,0.0,-25.25,-1.01,0.25,25.0,0.01,1.0,7,6.0,0,2024-01-04,1.2581699346405228,1.851898734177215,1.934711643090316,partial_bullish,1.034679144796589,1.0372176274534008,bearish,bearish,False,False,True,False,2024
79,92956,92957,93016,2024-01-05 15:01:00+00:00,2024-01-05 15:02:00+00:00,2024-01-05 16:01:00+00:00,long,16513.0,16513.0,16513.25,16488.25,16538.25,16563.25,16588.25,16613.25,92.94217784117927,a_plus_plus,63.94217784117927,25.0,True,True,False,False,False,max_holding_time,16575.25,16575.0,61.75,0.0,61.75,2.47,62.75,2.5,2.51,0.1,60,59.0,2,2024-01-05,2.9158345221112696,0.5283018867924528,3.1845130066545675,partial_bullish,2.2469026413480195,1.761036410876567,bullish,bullish,True,True,True,False,2024
80,94329,94330,94389,2024-01-08 14:54:00+00:00,2024-01-08 14:55:00+00:00,2024-01-08 15:54:00+00:00,long,16592.75,16592.75,16593.0,16568.0,16618.0,16643.0,16668.0,16693.0,72.74619883040936,near_trigger,66.74619883040936,25.0,True,True,True,False,False,max_holding_time,16660.75,16660.5,67.5,0.0,67.5,2.7,78.25,9.75,3.13,0.39,60,59.0,3,2024-01-08,1.031578947368421,4.7518796992481205,3.5466666666666664,strong_bullish,1.2404144792897782,1.851905045240977,bullish,bullish,True,True,True,False,2024
81,95686,95687,95699,2024-01-09 14:31:00+00:00,2024-01-09 14:32:00+00:00,2024-01-09 14:44:00+00:00,long,16699.75,16700.25,16700.5,16675.5,16725.5,16750.5,16775.5,16800.5,78.99035784809517,near_trigger,45.99035784809517,25.0,False,False,False,False,True,stop,16675.5,16675.25,-25.25,0.0,-25.25,-1.01,14.0,39.75,0.56,1.59,13,12.0,0,2024-01-09,2.8850325379609543,0.1647058823529411,2.4342105263157894,partial_bearish,5.937296416938111,1.053460482589221,neutral,bullish,True,True,True,True,2024
82,95720,95721,95723,2024-01-09 15:05:00+00:00,2024-01-09 15:06:00+00:00,2024-01-09 15:08:00+00:00,short,16687.25,16687.25,16687.0,16712.0,16662.0,16637.0,16612.0,16587.0,70.95954711023731,near_trigger,-27.95954711023731,25.0,False,False,False,False,True,stop,16712.0,16712.25,-25.25,0.0,-25.25,-1.01,0.25,27.0,0.01,1.08,3,2.0,0,2024-01-09,1.175257731958763,0.2050447518307567,1.7566539923954372,partial_bullish,1.325364893835717,1.2131883493057702,neutral,bearish,True,False,True,False,2024
83,97065,97066,97085,2024-01-10 14:30:00+00:00,2024-01-10 14:31:00+00:00,2024-01-10 14:50:00+00:00,long,16862.5,16862.0,16862.25,16837.25,16887.25,16912.25,16937.25,16962.25,71.52695145400794,near_trigger,50.52695145400794,25.0,False,False,False,False,True,stop,16837.25,16837.0,-25.25,0.0,-25.25,-1.01,11.75,35.0,0.47,1.4,20,19.0,0,2024-01-10,3.4790419161676644,2.0135363790186123,0.2448559670781893,partial_bullish,11.775952414672142,1.056516988132449,neutral,bullish,False,True,True,False,2024
84,97094,97095,97097,2024-01-10 14:59:00+00:00,2024-01-10 15:00:00+00:00,2024-01-10 15:02:00+00:00,long,16837.75,16837.25,16837.5,16812.5,16862.5,16887.5,16912.5,16937.5,71.87326110100561,near_trigger,48.87326110100561,25.0,False,False,False,False,True,stop,16812.5,16812.25,-25.25,0.0,-25.25,-1.01,1.75,33.25,0.07,1.33,3,2.0,0,2024-01-10,1.2863705972434916,1.1111111111111112,0.972407231208373,partial_bullish,0.9799261115560494,1.3685482852555428,neutral,bullish,True,False,True,False,2024
85,98478,98479,98538,2024-01-11 15:03:00+00:00,2024-01-11 15:04:00+00:00,2024-01-11 16:03:00+00:00,short,16920.5,16920.75,16920.5,16945.5,16895.5,16870.5,16845.5,16820.5,70.10240759579519,near_trigger,-61.10240759579519,25.0,True,True,True,False,False,max_holding_time,16845.75,16846.0,74.5,0.0,74.5,2.98,96.0,6.25,3.84,0.25,60,59.0,3,2024-01-11,1.737538148524924,2.0025429116338205,0.5773835920177384,partial_bearish,1.5437367768293573,2.3584860595831407,bearish,neutral,False,True,True,False,2024
86,99832,99833,99836,2024-01-12 14:37:00+00:00,2024-01-12 14:38:00+00:00,2024-01-12 14:41:00+00:00,short,17003.25,17003.25,17003.0,17028.0,16978.0,16953.0,16928.0,16903.0,72.17507029877153,near_trigger,-61.17507029877153,25.0,False,False,False,False,True,stop,17028.0,17028.25,-25.25,0.0,-25.25,-1.01,0.0,25.0,0.0,1.0,4,3.0,0,2024-01-12,1.7548209366391183,1.1408227848101264,3.6513879922530665,strong_bullish,1.7477999898265426,1.24573997534624,neutral,bearish,True,True,True,False,2024
87,99853,99854,99913,2024-01-12 14:58:00+00:00,2024-01-12 14:59:00+00:00,2024-01-12 15:58:00+00:00,short,17010.75,17010.75,17010.5,17035.5,16985.5,16960.5,16935.5,16910.5,72.0094623655914,near_trigger,-43.0094623655914,25.0,True,True,True,False,False,max_holding_time,16939.0,16939.25,71.25,0.0,71.25,2.85,97.25,2.0,3.89,0.08,60,59.0,3,2024-01-12,1.3548387096774197,0.5103562551781277,4.096774193548387,partial_bullish,1.3975744078967167,1.580505734608447,neutral,bearish,False,True,True,False,2024
88,102355,102356,102376,2024-01-16 14:40:00+00:00,2024-01-16 14:41:00+00:00,2024-01-16 15:01:00+00:00,short,16896.75,16896.75,16896.5,16921.5,16871.5,16846.5,16821.5,16796.5,72.20224007791576,near_trigger,-57.20224007791576,25.0,True,False,False,False,True,stop,16921.5,16921.75,-25.25,0.0,-25.25,-1.01,41.5,29.0,1.66,1.16,21,20.0,1,2024-01-16,2.6021739130434787,0.817167381974249,0.9545454545454544,partial_bullish,1.441479775730877,1.314600073046019,neutral,bearish,True,True,True,False,2024
89,106509,106510,106522,2024-01-19 14:54:00+00:00,2024-01-19 14:55:00+00:00,2024-01-19 15:07:00+00:00,long,17210.25,17210.0,17210.25,17185.25,17235.25,17260.25,17285.25,17310.25,71.78225546348357,near_trigger,51.782255463483565,25.0,False,False,False,False,True,stop,17185.25,17185.0,-25.25,0.0,-25.25,-1.01,22.75,29.75,0.91,1.19,13,12.0,0,2024-01-19,1.9219380888290716,2.0766902119071644,1.91812865497076,partial_bearish,0.9562601683111532,1.4823550757507031,neutral,bullish,True,True,True,False,2024
90,107880,107881,107924,2024-01-22 14:45:00+00:00,2024-01-22 14:46:00+00:00,2024-01-22 15:29:00+00:00,long,17512.5,17512.75,17513.0,17488.0,17538.0,17563.0,17588.0,17613.0,71.95740936290039,near_trigger,44.95740936290039,25.0,True,False,False,False,True,stop,17488.0,17487.75,-25.25,0.0,-25.25,-1.01,39.75,29.0,1.59,1.16,44,43.0,1,2024-01-22,1.2565997888067582,0.6284622731614136,2.324567993989481,strong_bearish,1.446101776417389,1.773780086658651,bullish,bullish,True,False,False,False,2024
91,109219,109220,109275,2024-01-23 14:35:00+00:00,2024-01-23 14:36:00+00:00,2024-01-23 15:35:00+00:00,long,17428.5,17428.5,17428.75,17403.75,17453.75,17478.75,17503.75,17528.75,71.54122925078511,near_trigger,71.54122925078511,25.0,True,True,False,False,False,max_holding_time,17456.5,17456.25,27.5,0.0,27.5,1.1,58.75,1.75,2.35,0.07,56,59.0,2,2024-01-23,3.693135935397039,3.748387096774193,0.0435233160621761,partial_bearish,3.2747901225894838,1.684570003704139,bullish,bullish,True,True,False,False,2024
92,110596,110597,110656,2024-01-24 14:36:00+00:00,2024-01-24 14:37:00+00:00,2024-01-24 15:36:00+00:00,long,17653.25,17653.75,17654.0,17629.0,17679.0,17704.0,17729.0,17754.0,81.62783882783883,high_probability,71.62783882783883,25.0,True,True,True,False,False,max_holding_time,17733.25,17733.0,79.0,0.0,79.0,3.16,79.5,16.75,3.18,0.67,60,59.0,3,2024-01-24,1.010989010989011,0.6956521739130435,0.4537037037037037,partial_bearish,2.503286796469041,1.6002961658528776,bullish,bullish,True,True,True,False,2024
93,111963,111964,111977,2024-01-25 14:32:00+00:00,2024-01-25 14:33:00+00:00,2024-01-25 14:46:00+00:00,long,17698.5,17698.75,17699.0,17674.0,17724.0,17749.0,17774.0,17799.0,73.93333333333334,near_trigger,73.93333333333334,25.0,False,False,False,False,True,stop,17674.0,17673.75,-25.25,0.0,-25.25,-1.01,15.25,26.75,0.61,1.07,14,13.0,0,2024-01-25,0.8801169590643275,0.7872539831302718,3.2922848664688424,partial_bullish,4.51717811874583,1.5455946131020315,bullish,bullish,True,True,False,False,2024
94,111999,112000,112059,2024-01-25 15:08:00+00:00,2024-01-25 15:09:00+00:00,2024-01-25 16:08:00+00:00,long,17687.5,17687.75,17688.0,17663.0,17713.0,17738.0,17763.0,17788.0,83.25014611960508,high_probability,64.25014611960508,25.0,True,True,False,False,False,max_holding_time,17695.5,17695.25,7.25,0.0,7.25,0.29,50.25,12.0,2.01,0.48,60,59.0,2,2024-01-25,2.6639676113360324,0.9196290571870168,0.9367396593673966,partial_bearish,1.2222291679689945,1.2210841868598552,bullish,bullish,True,True,True,True,2024
95,113341,113342,113343,2024-01-26 14:30:00+00:00,2024-01-26 14:31:00+00:00,2024-01-26 14:32:00+00:00,long,17563.0,17562.75,17563.0,17538.0,17588.0,17613.0,17638.0,17663.0,73.204099776659,near_trigger,45.20409977665901,25.0,False,False,False,False,True,stop,17538.0,17537.75,-25.25,0.0,-25.25,-1.01,2.25,27.75,0.09,1.11,2,1.0,0,2024-01-26,1.3774597495527727,0.3382137628111273,1.0140845070422535,partial_bearish,8.917159511551716,1.126495597862894,neutral,bullish,True,True,True,True,2024
96,113392,113393,113452,2024-01-26 15:21:00+00:00,2024-01-26 15:22:00+00:00,2024-01-26 16:21:00+00:00,long,17553.25,17552.75,17553.0,17528.0,17578.0,17603.0,17628.0,17653.0,80.0,high_probability,47.0,25.0,True,True,True,False,False,max_holding_time,17612.5,17612.25,59.25,0.0,59.25,2.37,76.75,10.5,3.07,0.42,60,59.0,3,2024-01-26,2.020408163265306,0.2368249837345478,1.750968456004427,partial_bullish,1.4730742583611514,2.024234031504241,neutral,bullish,True,True,True,True,2024
97,114725,114726,114755,2024-01-29 14:34:00+00:00,2024-01-29 14:35:00+00:00,2024-01-29 15:04:00+00:00,long,17553.25,17553.5,17553.75,17528.75,17578.75,17603.75,17628.75,17653.75,81.9570944286065,high_probability,69.9570944286065,25.0,True,False,False,False,True,stop,17528.75,17528.5,-25.25,0.0,-25.25,-1.01,31.0,29.0,1.24,1.16,30,29.0,1,2024-01-29,0.5773195876288659,0.5175097276264591,0.8696711327649208,partial_bullish,3.257403189066059,1.025744202524559,bullish,bullish,True,True,True,False,2024
98,114773,114774,114833,2024-01-29 15:22:00+00:00,2024-01-29 15:23:00+00:00,2024-01-29 16:22:00+00:00,long,17538.75,17539.0,17539.25,17514.25,17564.25,17589.25,17614.25,17639.25,71.0,near_trigger,66.4,25.0,True,False,False,False,False,max_holding_time,17539.0,17538.75,-0.5,0.0,-0.5,-0.02,25.0,19.25,1.0,0.77,60,59.0,1,2024-01-29,2.4822695035460995,0.1174277726001864,0.6933101650738489,partial_bearish,2.1326796823485568,2.516023201934622,bullish,bullish,False,False,True,False,2024
99,116131,116132,116191,2024-01-30 15:00:00+00:00,2024-01-30 15:01:00+00:00,2024-01-30 16:00:00+00:00,short,17644.5,17645.0,17644.75,17669.75,17619.75,17594.75,17569.75,17544.75,70.13070064715194,near_trigger,-61.13070064715194,25.0,True,False,False,False,False,max_holding_time,17642.0,17642.25,2.5,0.0,2.5,0.1,28.5,22.75,1.14,0.91,60,59.0,1,2024-01-30,2.602739726027397,0.0769230769230769,0.7818756585879872,partial_bullish,4.301892378673115,1.3100318567049347,bearish,bearish,False,True,True,False,2024
100,117487,117488,117543,2024-01-31 14:36:00+00:00,2024-01-31 14:37:00+00:00,2024-01-31 15:32:00+00:00,short,17407.0,17407.0,17406.75,17428.25,17381.75,17356.75,17331.75,17306.75,72.80519884294914,near_trigger,-72.80519884294914,21.5,True,True,True,True,False,tp4,17306.75,17307.0,99.75,0.0,99.75,4.6395348837209305,104.75,2.75,4.872093023255814,0.127906976744186,56,55.0,4,2024-01-31,1.2115384615384617,0.7068403908794789,1.1835260115606936,partial_bullish,1.9713478611783697,1.0229027614186623,bearish,bearish,True,True,False,False,2024
101,118865,118866,118871,2024-02-01 14:34:00+00:00,2024-02-01 14:35:00+00:00,2024-02-01 14:40:00+00:00,long,17333.75,17333.75,17334.0,17309.0,17359.0,17384.0,17409.0,17434.0,76.40688419085845,near_trigger,27.40688419085845,25.0,False,False,False,False,True,stop,17309.0,17308.75,-25.25,0.0,-25.25,-1.01,3.5,27.25,0.14,1.09,6,5.0,0,2024-02-01,2.1194444444444445,1.0563514804202483,0.4950038431975403,partial_bearish,2.63022463314556,0.9814539289297948,neutral,bullish,True,True,True,False,2024
102,120243,120244,120245,2024-02-02 14:32:00+00:00,2024-02-02 14:33:00+00:00,2024-02-02 14:34:00+00:00,short,17476.0,17476.5,17476.25,17501.25,17451.25,17426.25,17401.25,17376.25,76.07393105962939,near_trigger,-55.07393105962939,25.0,False,False,False,False,True,stop,17501.25,17501.5,-25.25,0.0,-25.25,-1.01,10.5,44.5,0.42,1.78,2,1.0,0,2024-02-02,1.6815642458100557,0.3652912621359223,3.997549019607843,partial_bearish,5.227611170931752,1.4857209829276867,bearish,bearish,True,True,False,False,2024
103,120251,120252,120255,2024-02-02 14:40:00+00:00,2024-02-02 14:41:00+00:00,2024-02-02 14:44:00+00:00,short,17551.5,17551.5,17551.25,17576.25,17526.25,17501.25,17476.25,17451.25,73.50508474576272,near_trigger,-49.50508474576272,25.0,False,False,False,False,True,stop,17576.25,17576.5,-25.25,0.0,-25.25,-1.01,7.0,27.0,0.28,1.08,4,3.0,0,2024-02-02,1.493519441674975,1.36289500509684,3.997549019607843,partial_bullish,1.603025705677472,1.6110466864235706,bearish,bearish,True,True,False,False,2024
104,121630,121631,121640,2024-02-05 14:39:00+00:00,2024-02-05 14:40:00+00:00,2024-02-05 14:49:00+00:00,long,17712.25,17712.75,17713.0,17688.0,17738.0,17763.0,17788.0,17813.0,70.45864557243877,near_trigger,55.45864557243877,25.0,False,False,False,False,True,stop,17688.0,17687.75,-25.25,0.0,-25.25,-1.01,6.75,30.5,0.27,1.22,10,9.0,0,2024-02-05,1.4195183776932827,2.6980273141122915,0.6067653276955602,partial_bearish,1.5813937048230031,1.1550277526784565,bullish,bullish,True,False,False,False,2024
105,121656,121657,121666,2024-02-05 15:05:00+00:00,2024-02-05 15:06:00+00:00,2024-02-05 15:15:00+00:00,long,17670.25,17670.0,17670.25,17645.25,17695.25,17720.25,17745.25,17770.25,77.58812976235305,near_trigger,77.58812976235305,25.0,False,False,False,False,True,stop,17645.25,17645.0,-25.25,0.0,-25.25,-1.01,11.75,37.0,0.47,1.48,10,9.0,0,2024-02-05,0.8761174968071519,2.66,0.1613168724279835,partial_bearish,1.8611205344328177,1.4943793150412252,bullish,bullish,True,True,True,False,2024
106,123006,123007,123019,2024-02-06 14:35:00+00:00,2024-02-06 14:36:00+00:00,2024-02-06 14:48:00+00:00,long,17714.75,17715.0,17715.25,17690.25,17740.25,17765.25,17790.25,17815.25,79.0,near_trigger,44.7816091954023,25.0,False,False,False,False,True,stop,17690.25,17690.0,-25.25,0.0,-25.25,-1.01,17.25,31.75,0.69,1.27,13,12.0,0,2024-02-06,4.514657980456026,0.924924924924925,0.6883116883116883,partial_bearish,4.083036380210491,1.5557064144866672,bullish,bullish,True,True,True,False,2024
107,123031,123032,123091,2024-02-06 15:00:00+00:00,2024-02-06 15:01:00+00:00,2024-02-06 16:00:00+00:00,short,17647.25,17647.0,17646.75,17671.75,17621.75,17596.75,17571.75,17546.75,84.3410782080486,high_probability,-58.3410782080486,25.0,True,False,False,False,False,max_holding_time,17638.25,17638.5,8.25,0.0,8.25,0.33,48.75,12.25,1.95,0.49,60,59.0,1,2024-02-06,1.8337129840546695,3.4570727718724448,2.8233782915863843,strong_bearish,1.8618020376800049,1.648440256009676,bearish,bearish,False,True,True,False,2024
108,124384,124385,124390,2024-02-07 14:33:00+00:00,2024-02-07 14:34:00+00:00,2024-02-07 14:39:00+00:00,long,17749.75,17750.0,17750.25,17725.25,17775.25,17800.25,17825.25,17850.25,75.0,near_trigger,23.051825473146764,25.0,False,False,False,False,True,stop,17725.25,17725.0,-25.25,0.0,-25.25,-1.01,11.5,25.0,0.46,1.0,6,5.0,0,2024-02-07,2.3963963963963963,2.0625,2.256794751640113,partial_bullish,3.298963578717395,1.0572694747807674,bullish,neutral,True,True,True,False,2024
109,124399,124400,124406,2024-02-07 14:48:00+00:00,2024-02-07 14:49:00+00:00,2024-02-07 14:55:00+00:00,long,17749.25,17749.5,17749.75,17724.75,17774.75,17799.75,17824.75,17849.75,80.24062202612592,high_probability,62.24062202612592,25.0,False,False,False,False,True,stop,17724.75,17724.5,-25.25,0.0,-25.25,-1.01,18.25,28.0,0.73,1.12,7,6.0,0,2024-02-07,1.1962616822429906,1.8764568764568763,0.1797752808988764,partial_bearish,0.9599518217404396,1.0737139906145452,bullish,bullish,True,True,True,True,2024
110,124407,124408,124435,2024-02-07 14:56:00+00:00,2024-02-07 14:57:00+00:00,2024-02-07 15:24:00+00:00,long,17728.25,17728.75,17729.0,17704.0,17754.0,17779.0,17804.0,17829.0,70.52749328313965,near_trigger,70.52749328313965,25.0,True,True,True,True,False,tp4,17829.0,17828.75,99.75,0.0,99.75,3.99,108.5,3.75,4.34,0.15,28,27.0,4,2024-02-07,2.3605706874189365,1.815061963775024,0.1797752808988764,strong_bearish,0.9777695021154662,1.3539607506087954,bullish,neutral,True,False,True,False,2024
111,127170,127171,127230,2024-02-09 14:59:00+00:00,2024-02-09 15:00:00+00:00,2024-02-09 15:59:00+00:00,long,17940.25,17940.25,17940.5,17915.5,17965.5,17990.5,18015.5,18040.5,81.58526315789473,high_probability,60.58526315789473,25.0,True,True,False,False,False,max_holding_time,17992.5,17992.25,51.75,0.0,51.75,2.07,56.5,17.75,2.26,0.71,60,59.0,2,2024-02-09,2.825,0.2141176470588235,0.6181818181818182,partial_bullish,1.8385284657684495,2.1337278310082053,bullish,bullish,False,True,True,False,2024
112,128553,128554,128613,2024-02-12 15:02:00+00:00,2024-02-12 15:03:00+00:00,2024-02-12 16:02:00+00:00,long,18030.5,18030.5,18030.75,18005.75,18055.75,18080.75,18105.75,18130.75,74.462926808971,near_trigger,74.462926808971,25.0,True,True,False,False,False,max_holding_time,18066.0,18065.75,35.0,0.0,35.0,1.4,53.25,16.5,2.13,0.66,60,59.0,2,2024-02-12,0.6363636363636364,0.389920424403183,0.6632522407170295,partial_bearish,1.0973824840872732,0.7317211561375835,bullish,bullish,True,False,True,False,2024
113,131330,131331,131351,2024-02-14 15:19:00+00:00,2024-02-14 15:20:00+00:00,2024-02-14 15:40:00+00:00,long,17825.25,17825.75,17826.0,17801.0,17851.0,17876.0,17901.0,17926.0,76.70362116991643,near_trigger,55.70362116991643,25.0,False,False,False,False,True,stop,17801.0,17800.75,-25.25,0.0,-25.25,-1.01,21.0,28.75,0.84,1.15,21,20.0,0,2024-02-14,2.7103064066852367,0.5360360360360361,0.42,strong_bullish,2.0391304896995117,2.4459494265412176,bullish,bullish,True,True,False,False,2024
114,132691,132692,132701,2024-02-15 15:00:00+00:00,2024-02-15 15:01:00+00:00,2024-02-15 15:10:00+00:00,short,17821.5,17821.75,17821.5,17846.5,17796.5,17771.5,17746.5,17721.5,71.0,near_trigger,-69.67367315967854,25.0,False,False,False,False,True,stop,17846.5,17846.75,-25.25,0.0,-25.25,-1.01,24.25,28.25,0.97,1.13,10,9.0,0,2024-02-15,0.2765432098765432,2.6343467543138868,3.875432525951557,strong_bearish,1.2149474211316975,0.987016068886026,bearish,bearish,True,True,True,True,2024
115,132702,132703,132707,2024-02-15 15:11:00+00:00,2024-02-15 15:12:00+00:00,2024-02-15 15:16:00+00:00,short,17838.5,17838.25,17838.0,17863.0,17813.0,17788.0,17763.0,17738.0,72.48461502371111,near_trigger,-43.48461502371112,25.0,False,False,False,False,True,stop,17863.0,17863.25,-25.25,0.0,-25.25,-1.01,0.0,25.25,0.0,1.01,5,4.0,0,2024-02-15,1.1650485436893203,0.1778405081157374,3.875432525951557,partial_bearish,0.7863112811343507,1.03745765269034,bearish,bearish,False,True,True,False,2024
116,134061,134062,134071,2024-02-16 14:50:00+00:00,2024-02-16 14:51:00+00:00,2024-02-16 15:00:00+00:00,short,17843.0,17843.0,17842.75,17867.75,17817.75,17792.75,17767.75,17742.75,77.0,near_trigger,-43.0,25.0,True,True,True,True,False,tp4,17742.75,17743.0,99.75,0.0,99.75,3.99,129.0,5.25,5.16,0.21,10,9.0,4,2024-02-16,2.8464088397790057,2.6774716369529985,4.565671641791045,strong_bearish,1.934676424064385,2.4169643535760432,neutral,bearish,False,True,True,False,2024
117,134072,134073,134074,2024-02-16 15:01:00+00:00,2024-02-16 15:02:00+00:00,2024-02-16 15:03:00+00:00,short,17729.25,17729.75,17729.5,17754.5,17704.5,17679.5,17654.5,17629.5,87.43890126206385,high_probability,-73.43890126206385,25.0,False,False,False,False,True,stop,17754.5,17754.75,-25.25,0.0,-25.25,-1.01,2.25,25.25,0.09,1.01,2,1.0,0,2024-02-16,2.057906458797328,4.832803560076287,4.481798715203427,strong_bearish,1.0978230138535483,1.6463679630277397,bearish,bearish,False,True,True,False,2024
118,134078,134079,134087,2024-02-16 15:07:00+00:00,2024-02-16 15:08:00+00:00,2024-02-16 15:16:00+00:00,short,17756.0,17756.25,17756.0,17781.0,17731.0,17706.0,17681.0,17656.0,70.0,near_trigger,-55.79848208899112,25.0,False,False,False,False,True,stop,17781.0,17781.25,-25.25,0.0,-25.25,-1.01,9.75,26.0,0.39,1.04,9,8.0,0,2024-02-16,0.7843438219493477,4.785838653511318,4.481798715203427,partial_bearish,0.4588119461765671,0.911390424533222,bearish,bearish,False,False,True,False,2024
119,136564,136565,136571,2024-02-20 14:33:00+00:00,2024-02-20 14:34:00+00:00,2024-02-20 14:40:00+00:00,short,17691.75,17692.0,17691.75,17716.75,17666.75,17641.75,17616.75,17591.75,73.89721100906903,near_trigger,-62.89721100906903,25.0,True,True,True,True,False,tp4,17591.75,17592.0,99.75,0.0,99.75,3.99,108.0,4.0,4.32,0.16,7,6.0,4,2024-02-20,2.70653685674548,0.5971563981042655,0.971900826446281,partial_bearish,3.7567817917162896,1.466135321002212,bearish,bearish,True,True,False,False,2024
120,136588,136589,136648,2024-02-20 14:57:00+00:00,2024-02-20 14:58:00+00:00,2024-02-20 15:57:00+00:00,short,17573.25,17574.0,17573.75,17598.75,17548.75,17523.75,17498.75,17473.75,70.0,near_trigger,-45.73222954821867,25.0,True,True,True,False,False,max_holding_time,17572.25,17572.5,1.25,0.0,1.25,0.05,91.75,8.75,3.67,0.35,60,59.0,3,2024-02-20,1.5194942044257111,3.34052757793765,2.9457190822607724,partial_bearish,0.3491966919697495,0.8025363791561662,bearish,bearish,False,True,True,False,2024
121,137943,137944,138003,2024-02-21 14:32:00+00:00,2024-02-21 14:33:00+00:00,2024-02-21 15:32:00+00:00,short,17503.5,17503.25,17503.0,17528.0,17478.0,17453.0,17428.0,17403.0,71.78543667136567,near_trigger,-61.78543667136567,25.0,True,True,False,False,False,max_holding_time,17465.5,17465.75,37.25,0.0,37.25,1.49,54.5,22.75,2.18,0.91,60,59.0,2,2024-02-21,0.462046204620462,0.9174311926605504,0.057471264367816,partial_bullish,4.311034259159192,1.1136469914920049,bearish,bearish,False,False,True,False,2024
122,139322,139323,139382,2024-02-22 14:31:00+00:00,2024-02-22 14:32:00+00:00,2024-02-22 15:31:00+00:00,long,17870.5,17870.25,17870.5,17845.5,17895.5,17920.5,17945.5,17970.5,74.0,near_trigger,68.53333333333333,25.0,True,True,True,False,False,max_holding_time,17958.75,17958.5,88.0,0.0,88.0,3.52,99.75,6.5,3.99,0.26,60,59.0,3,2024-02-22,0.6858108108108109,0.3186077643908969,0.2178046672428695,partial_bearish,7.83777058969893,1.6151878937821675,bullish,bullish,True,True,True,True,2024
123,142081,142082,142086,2024-02-26 14:30:00+00:00,2024-02-26 14:31:00+00:00,2024-02-26 14:35:00+00:00,long,18033.25,18033.25,18033.5,18008.5,18058.5,18083.5,18108.5,18133.5,72.46848941679684,near_trigger,59.46848941679684,25.0,False,False,False,False,True,stop,18008.5,18008.25,-25.25,0.0,-25.25,-1.01,17.25,25.75,0.69,1.03,5,4.0,0,2024-02-26,5.049180327868853,0.663023679417122,1.3037694013303769,strong_bullish,16.25552909152773,1.0017088282470357,bullish,bullish,True,True,True,False,2024
124,142087,142088,142095,2024-02-26 14:36:00+00:00,2024-02-26 14:37:00+00:00,2024-02-26 14:44:00+00:00,long,18020.5,18020.5,18020.75,17995.75,18045.75,18070.75,18095.75,18120.75,79.0,near_trigger,79.0,25.0,False,False,False,False,True,stop,17995.75,17995.5,-25.25,0.0,-25.25,-1.01,13.75,30.0,0.55,1.2,8,7.0,0,2024-02-26,1.8172185430463572,0.6746987951807228,1.3037694013303769,partial_bullish,1.5182302791656608,0.7721300170975696,bullish,bullish,True,True,True,False,2024
125,143469,143470,143491,2024-02-27 14:38:00+00:00,2024-02-27 14:39:00+00:00,2024-02-27 15:00:00+00:00,short,17990.25,17990.5,17990.25,18015.25,17965.25,17940.25,17915.25,17890.25,73.36647834274953,near_trigger,-69.36647834274953,25.0,True,True,False,False,True,stop,18015.25,18015.5,-25.25,0.0,-25.25,-1.01,52.25,27.75,2.09,1.11,22,21.0,2,2024-02-27,1.6807909604519775,0.3605150214592275,0.4188034188034187,partial_bearish,2.747727443467809,1.5851517975166316,bearish,bearish,True,True,True,False,2024
126,144847,144848,144907,2024-02-28 14:36:00+00:00,2024-02-28 14:37:00+00:00,2024-02-28 15:36:00+00:00,short,17940.25,17940.5,17940.25,17965.25,17915.25,17890.25,17865.25,17840.25,74.0,near_trigger,-56.17276305775767,25.0,True,True,False,False,False,max_holding_time,17923.5,17923.75,16.5,0.0,16.5,0.66,64.0,6.25,2.56,0.25,60,59.0,2,2024-02-28,1.179144385026738,0.0534351145038167,0.1596491228070175,partial_bullish,1.8889250423852173,1.0330810729806683,bearish,bearish,True,True,True,False,2024
127,146262,146263,146313,2024-02-29 15:11:00+00:00,2024-02-29 15:12:00+00:00,2024-02-29 16:02:00+00:00,long,18003.5,18003.5,18003.75,17978.75,18028.75,18053.75,18078.75,18103.75,79.0,near_trigger,46.74384468143287,25.0,True,False,False,False,True,stop,17978.75,17978.5,-25.25,0.0,-25.25,-1.01,34.25,37.25,1.37,1.49,51,50.0,1,2024-02-29,4.138364779874214,0.1532447224394058,1.3402537485582469,partial_bullish,2.6171248609526008,2.7456805092452257,bullish,bullish,True,True,True,False,2024
128,147654,147655,147685,2024-03-01 15:23:00+00:00,2024-03-01 15:24:00+00:00,2024-03-01 15:54:00+00:00,short,18166.0,18165.75,18165.5,18190.5,18140.5,18115.5,18090.5,18065.5,75.76041099035979,near_trigger,-19.760410990359787,25.0,False,False,False,False,True,stop,18190.5,18190.75,-25.25,0.0,-25.25,-1.01,21.25,28.0,0.85,1.12,31,30.0,0,2024-03-01,1.4924924924924925,1.9910714285714288,3.6538461538461537,partial_bullish,0.924740067479171,1.1481085702073093,neutral,bearish,True,False,True,False,2024
129,151747,151748,151768,2024-03-06 14:36:00+00:00,2024-03-06 14:37:00+00:00,2024-03-06 14:57:00+00:00,long,18074.0,18074.0,18074.25,18049.25,18099.25,18124.25,18149.25,18174.25,71.0,near_trigger,21.750055005500545,25.0,True,False,False,False,True,stop,18049.25,18049.0,-25.25,0.0,-25.25,-1.01,40.75,30.25,1.63,1.21,21,20.0,1,2024-03-06,2.828488372093023,0.1772151898734177,1.2808988764044944,partial_bullish,2.43655675439481,1.3593234323432344,bullish,bullish,False,True,True,False,2024
130,151782,151783,151784,2024-03-06 15:11:00+00:00,2024-03-06 15:12:00+00:00,2024-03-06 15:13:00+00:00,long,18006.5,18006.75,18007.0,17982.0,18032.0,18057.0,18082.0,18107.0,81.28660204698959,high_probability,50.28660204698959,25.0,False,False,False,False,True,stop,17982.0,17981.75,-25.25,0.0,-25.25,-1.01,0.25,26.0,0.01,1.04,2,1.0,0,2024-03-06,1.0602782071097372,4.298327759197324,0.8062387522495501,partial_bearish,0.8397129384171973,1.4317496972598496,bullish,bullish,True,True,True,False,2024
131,151786,151787,151846,2024-03-06 15:15:00+00:00,2024-03-06 15:16:00+00:00,2024-03-06 16:15:00+00:00,long,18018.5,18018.5,18018.75,17993.75,18043.75,18068.75,18093.75,18118.75,92.09941520467837,a_plus_plus,71.09941520467837,25.0,True,True,True,False,False,max_holding_time,18101.0,18100.75,82.0,0.0,82.0,3.28,89.5,24.25,3.58,0.97,60,59.0,3,2024-03-06,0.8373205741626795,2.864864864864865,2.7885597548518897,partial_bearish,1.09505754230069,1.770647653000594,bullish,bullish,True,True,True,True,2024
132,153126,153127,153132,2024-03-07 14:35:00+00:00,2024-03-07 14:36:00+00:00,2024-03-07 14:41:00+00:00,long,18205.0,18205.0,18205.25,18180.25,18230.25,18255.25,18280.25,18305.25,97.0996043650276,a_plus_plus,71.0996043650276,25.0,False,False,False,False,True,stop,18180.25,18180.0,-25.25,0.0,-25.25,-1.01,20.0,27.25,0.8,1.09,6,5.0,0,2024-03-07,2.149210903873745,2.753072625698324,3.0429553264604814,strong_bullish,4.59253678074315,1.7638771484925333,bullish,bullish,True,True,True,False,2024
133,153134,153135,153136,2024-03-07 14:43:00+00:00,2024-03-07 14:44:00+00:00,2024-03-07 14:45:00+00:00,long,18178.75,18178.75,18179.0,18154.0,18204.0,18229.0,18254.0,18279.0,78.0,near_trigger,78.0,25.0,False,False,False,False,True,stop,18154.0,18153.75,-25.25,0.0,-25.25,-1.01,4.5,37.75,0.18,1.51,2,1.0,0,2024-03-07,1.6666666666666667,3.0821917808219177,3.0429553264604814,partial_bullish,1.1661650902837488,1.302333397349721,bullish,bullish,True,True,True,False,2024
134,153166,153167,153226,2024-03-07 15:15:00+00:00,2024-03-07 15:16:00+00:00,2024-03-07 16:15:00+00:00,long,18228.5,18228.75,18229.0,18204.0,18254.0,18279.0,18304.0,18329.0,74.25431680987002,near_trigger,65.25431680987002,25.0,True,True,False,False,False,max_holding_time,18267.25,18267.0,38.0,0.0,38.0,1.52,53.25,20.5,2.13,0.82,60,59.0,2,2024-03-07,1.7788235294117647,1.8300653594771243,1.9189034837235863,strong_bullish,2.03696752545072,2.397932539735676,bullish,bullish,True,False,False,False,2024
135,155484,155485,155523,2024-03-11 13:53:00+00:00,2024-03-11 13:54:00+00:00,2024-03-11 14:32:00+00:00,short,18191.25,18192.0,18191.75,18216.75,18166.75,18141.75,18116.75,18091.75,75.89194861625616,near_trigger,-65.89194861625616,25.0,True,True,False,False,True,stop,18216.75,18217.0,-25.25,0.0,-25.25,-1.01,54.0,32.25,2.16,1.29,39,38.0,2,2024-03-11,0.7275775356244761,0.526130358191427,0.970754716981132,partial_bearish,0.8009626136418883,0.8051608489009983,bearish,bearish,True,True,True,False,2024
136,156863,156864,156878,2024-03-12 13:52:00+00:00,2024-03-12 13:53:00+00:00,2024-03-12 14:07:00+00:00,long,18225.0,18225.25,18225.5,18200.5,18250.5,18275.5,18300.5,18325.5,70.2541907934164,near_trigger,42.2541907934164,25.0,True,True,True,True,False,tp4,18325.5,18325.25,99.75,0.0,99.75,3.99,103.75,3.25,4.15,0.13,15,14.0,4,2024-03-12,2.242038216560509,2.549949545913219,2.0388349514563107,partial_bearish,0.777362856992584,1.1427624675539847,bullish,bullish,True,True,False,False,2024
137,156894,156895,156923,2024-03-12 14:23:00+00:00,2024-03-12 14:24:00+00:00,2024-03-12 14:52:00+00:00,long,18344.75,18344.5,18344.75,18319.75,18369.75,18394.75,18419.75,18444.75,92.2134946828016,a_plus_plus,71.21349468280161,25.0,True,True,True,True,False,tp4,18444.75,18444.5,99.75,0.0,99.75,3.99,101.25,7.0,4.05,0.28,29,28.0,4,2024-03-12,2.572057205720572,1.9306049822064053,0.258575197889182,partial_bullish,1.7222073399410662,1.915644880141833,bullish,bullish,True,True,True,True,2024
138,158221,158222,158252,2024-03-13 13:30:00+00:00,2024-03-13 13:31:00+00:00,2024-03-13 14:01:00+00:00,short,18410.0,18410.25,18410.0,18435.0,18385.0,18360.0,18335.0,18310.0,83.05479532567497,high_probability,-62.054795325674974,25.0,True,True,True,True,False,tp4,18310.0,18310.25,99.75,0.0,99.75,3.99,104.5,0.75,4.18,0.03,31,30.0,4,2024-03-13,3.7857142857142856,0.4946236559139785,1.5161943319838058,strong_bearish,16.6679208367823,1.1763706178202888,bearish,bearish,False,True,True,False,2024
139,159631,159632,159634,2024-03-14 14:00:00+00:00,2024-03-14 14:01:00+00:00,2024-03-14 14:03:00+00:00,short,18210.75,18211.0,18210.75,18235.75,18185.75,18160.75,18135.75,18110.75,81.76289453425713,high_probability,-59.76289453425713,25.0,False,False,False,False,True,stop,18235.75,18236.0,-25.25,0.0,-25.25,-1.01,7.25,39.75,0.29,1.59,3,2.0,0,2024-03-14,1.5519630484988451,4.063324538258575,4.186309830159547,strong_bearish,1.4255830459090286,1.5677870362128816,bearish,bearish,True,True,False,False,2024
140,161016,161017,161021,2024-03-15 14:05:00+00:00,2024-03-15 14:06:00+00:00,2024-03-15 14:10:00+00:00,short,18054.25,18054.5,18054.25,18079.25,18029.25,18004.25,17979.25,17954.25,70.17276608242341,near_trigger,-61.17276608242341,25.0,True,False,False,False,True,stop,18079.25,18079.5,-25.25,0.0,-25.25,-1.01,25.0,35.75,1.0,1.43,5,4.0,1,2024-03-15,2.3922558922558923,1.1547096144460711,4.18968058968059,strong_bearish,1.7317833408480523,1.9215835553863725,bearish,bearish,True,True,True,False,2024
141,161022,161023,161036,2024-03-15 14:11:00+00:00,2024-03-15 14:12:00+00:00,2024-03-15 14:25:00+00:00,short,18095.25,18095.0,18094.75,18115.25,18069.75,18044.75,18019.75,17994.75,71.0,near_trigger,-64.32035557027896,20.5,False,False,False,False,True,stop,18115.25,18115.5,-20.75,0.0,-20.75,-1.0121951219512195,18.0,31.25,0.8780487804878049,1.524390243902439,14,13.0,0,2024-03-15,2.5334382376081823,0.3342516069788797,4.18968058968059,partial_bearish,1.2996108949416345,1.7490981031071802,bearish,bearish,False,False,True,False,2024
142,162385,162386,162388,2024-03-18 13:54:00+00:00,2024-03-18 13:55:00+00:00,2024-03-18 13:57:00+00:00,long,18315.0,18315.5,18315.75,18290.75,18340.75,18365.75,18390.75,18415.75,70.95605121850475,near_trigger,51.956051218504754,25.0,False,False,False,False,True,stop,18290.75,18290.5,-25.25,0.0,-25.25,-1.01,6.5,26.0,0.26,1.04,3,2.0,0,2024-03-18,1.0408921933085502,2.839556004036327,2.046403712296984,partial_bullish,0.907395430685698,1.6378444414279898,bullish,bullish,True,False,True,False,2024
143,162398,162399,162458,2024-03-18 14:07:00+00:00,2024-03-18 14:08:00+00:00,2024-03-18 15:07:00+00:00,long,18327.0,18327.0,18327.25,18302.25,18352.25,18377.25,18402.25,18427.25,74.62564102564103,near_trigger,53.62564102564103,25.0,True,True,False,False,False,max_holding_time,18347.5,18347.25,20.0,0.0,20.0,0.8,53.5,3.75,2.14,0.15,60,59.0,2,2024-03-18,2.017094017094017,1.024390243902439,0.5758354755784062,partial_bullish,1.4122143888558567,1.9607519399957545,bullish,neutral,False,True,True,False,2024
144,163741,163742,163801,2024-03-19 13:30:00+00:00,2024-03-19 13:31:00+00:00,2024-03-19 14:30:00+00:00,short,18134.0,18134.0,18133.75,18158.75,18108.75,18083.75,18058.75,18033.75,85.91142850898578,high_probability,-77.91142850898578,25.0,True,True,True,False,False,max_holding_time,18073.5,18073.75,60.0,0.0,60.0,2.4,80.5,18.0,3.22,0.72,60,59.0,3,2024-03-19,1.3008849557522124,0.2143540669856459,1.4645873944119558,partial_bullish,15.8252427184466,1.2587783864662017,bearish,bearish,True,True,True,False,2024
145,165122,165123,165125,2024-03-20 13:31:00+00:00,2024-03-20 13:32:00+00:00,2024-03-20 13:34:00+00:00,long,18332.0,18332.0,18332.25,18307.25,18357.25,18382.25,18407.25,18432.25,82.67564641584829,high_probability,73.67564641584829,25.0,False,False,False,False,True,stop,18307.25,18307.0,-25.25,0.0,-25.25,-1.01,0.25,30.0,0.01,1.2,3,2.0,0,2024-03-20,2.333333333333333,2.0522496371552976,0.7170445004198153,strong_bullish,6.0508809418215534,0.7883098192055972,bullish,bullish,False,True,True,False,2024
146,165174,165175,165196,2024-03-20 14:23:00+00:00,2024-03-20 14:24:00+00:00,2024-03-20 14:45:00+00:00,long,18278.5,18278.5,18278.75,18255.0,18303.75,18328.75,18353.75,18378.75,84.54786092887964,high_probability,83.54786092887964,23.75,True,False,False,False,True,stop,18255.0,18254.75,-24.0,0.0,-24.0,-1.0105263157894735,26.0,25.25,1.0947368421052632,1.063157894736842,22,21.0,1,2024-03-20,1.6775599128540306,0.2297174111212397,1.3551465576005453,partial_bearish,1.985960197391284,1.1757928234390431,bullish,bullish,False,True,True,False,2024
147,166539,166540,166561,2024-03-21 14:08:00+00:00,2024-03-21 14:09:00+00:00,2024-03-21 14:30:00+00:00,long,18660.75,18660.5,18660.75,18635.75,18685.75,18710.75,18735.75,18760.75,70.05746420002612,near_trigger,70.05746420002612,25.0,True,False,False,False,True,stop,18635.75,18635.5,-25.25,0.0,-25.25,-1.01,26.75,36.75,1.07,1.47,22,21.0,1,2024-03-21,0.7832167832167832,1.6686656671664166,0.1351724137931034,partial_bearish,1.1713954894305945,1.178872687524491,bullish,bullish,True,True,True,False,2024
148,169318,169319,169378,2024-03-25 14:27:00+00:00,2024-03-25 14:28:00+00:00,2024-03-25 15:27:00+00:00,short,18517.75,18518.25,18518.0,18543.0,18493.0,18468.0,18443.0,18418.0,82.56903957709054,high_probability,-71.56903957709054,25.0,False,False,False,False,False,max_holding_time,18523.25,18523.5,-5.5,0.0,-5.5,-0.22,19.0,23.75,0.76,0.95,60,59.0,0,2024-03-25,1.310756972111554,1.6218905472636815,1.2481927710843377,partial_bullish,0.7627015884564083,1.010815240972568,bearish,bearish,True,False,True,False,2024
149,172023,172024,172027,2024-03-27 13:32:00+00:00,2024-03-27 13:33:00+00:00,2024-03-27 13:36:00+00:00,long,18536.25,18536.25,18536.5,18511.5,18561.5,18586.5,18611.5,18636.5,76.0,near_trigger,20.31330589849108,25.0,False,False,False,False,True,stop,18511.5,18511.25,-25.25,0.0,-25.25,-1.01,3.25,45.75,0.13,1.83,4,3.0,0,2024-03-27,3.7966101694915255,1.6047430830039524,2.982456140350877,partial_bullish,6.234007908816003,1.206275720164609,bullish,bullish,False,True,True,False,2024
150,172037,172038,172044,2024-03-27 13:46:00+00:00,2024-03-27 13:47:00+00:00,2024-03-27 13:53:00+00:00,long,18508.5,18508.75,18509.0,18484.0,18534.0,18559.0,18584.0,18609.0,81.58545244409028,high_probability,81.58545244409028,25.0,False,False,False,False,True,stop,18484.0,18483.75,-25.25,0.0,-25.25,-1.01,5.0,29.0,0.2,1.16,7,6.0,0,2024-03-27,1.002386634844869,4.130081300813008,1.1174311926605505,partial_bearish,0.7862843629914277,0.7143026387495756,bullish,bullish,True,False,True,False,2024
151,172045,172046,172051,2024-03-27 13:54:00+00:00,2024-03-27 13:55:00+00:00,2024-03-27 14:00:00+00:00,long,18467.5,18468.0,18468.25,18443.25,18493.25,18518.25,18543.25,18568.25,71.0,near_trigger,21.179661016949154,25.0,False,False,False,False,True,stop,18443.25,18443.0,-25.25,0.0,-25.25,-1.01,7.75,25.75,0.31,1.03,6,5.0,0,2024-03-27,3.2122015915119366,3.055679287305123,1.1174311926605505,strong_bearish,2.4027829096185216,3.3995945273949024,bullish,bullish,False,False,True,False,2024
152,172059,172060,172092,2024-03-27 14:08:00+00:00,2024-03-27 14:09:00+00:00,2024-03-27 14:41:00+00:00,short,18418.0,18417.25,18417.0,18442.0,18392.0,18367.0,18342.0,18317.0,78.0,near_trigger,-78.0,25.0,True,False,False,False,True,stop,18442.0,18442.25,-25.25,0.0,-25.25,-1.01,38.5,26.25,1.54,1.05,33,32.0,1,2024-03-27,1.5555555555555554,3.6267409470752088,3.7165231010180113,partial_bearish,0.5614446127032201,0.7676305997480297,bearish,bearish,True,True,True,False,2024
153,173409,173410,173417,2024-03-28 13:38:00+00:00,2024-03-28 13:39:00+00:00,2024-03-28 13:46:00+00:00,short,18498.0,18498.5,18498.25,18523.25,18473.25,18448.25,18423.25,18398.25,71.0,near_trigger,-61.89251150891961,25.0,False,False,False,False,True,stop,18523.25,18523.5,-25.25,0.0,-25.25,-1.01,11.75,25.25,0.47,1.01,8,7.0,0,2024-03-28,1.8144853875476488,1.2929936305732483,0.0272373540856031,partial_bullish,2.0115450788699327,1.0888581351019662,bearish,bearish,False,False,True,False,2024
154,173439,173440,173499,2024-03-28 14:08:00+00:00,2024-03-28 14:09:00+00:00,2024-03-28 15:08:00+00:00,short,18505.0,18504.5,18504.25,18529.25,18479.25,18454.25,18429.25,18404.25,90.40603462771092,a_plus_plus,-77.40603462771091,25.0,True,False,False,False,False,max_holding_time,18494.75,18495.0,9.25,0.0,9.25,0.37,28.25,12.25,1.13,0.49,60,59.0,1,2024-03-28,2.2773972602739727,1.904593639575972,1.329608938547486,partial_bullish,1.5871188763275097,1.169580013531663,bearish,bearish,True,True,True,True,2024
155,174784,174785,174786,2024-04-01 13:33:00+00:00,2024-04-01 13:34:00+00:00,2024-04-01 13:35:00+00:00,short,18532.25,18532.25,18532.0,18557.0,18507.0,18482.0,18457.0,18432.0,71.0,near_trigger,-28.44081632653061,25.0,False,False,False,False,True,stop,18557.0,18557.25,-25.25,0.0,-25.25,-1.01,1.0,44.0,0.04,1.76,2,1.0,0,2024-04-01,3.3190730837789664,0.2031930333817126,0.5423037716615698,partial_bearish,5.283170564449384,1.6876279392991758,bearish,bearish,False,True,True,False,2024
156,174787,174788,174789,2024-04-01 13:36:00+00:00,2024-04-01 13:37:00+00:00,2024-04-01 13:38:00+00:00,short,18564.25,18564.5,18564.25,18589.25,18539.25,18514.25,18489.25,18464.25,71.0,near_trigger,-35.43258855043554,25.0,False,False,False,False,True,stop,18589.25,18589.5,-25.25,0.0,-25.25,-1.01,0.25,29.75,0.01,1.19,2,1.0,0,2024-04-01,5.384615384615384,2.4714912280701755,0.5423037716615698,partial_bullish,1.970845823781814,1.0343099073809872,bearish,bearish,False,True,True,False,2024
157,177543,177544,177571,2024-04-03 13:32:00+00:00,2024-04-03 13:33:00+00:00,2024-04-03 14:00:00+00:00,short,18267.0,18267.25,18267.0,18292.0,18242.0,18217.0,18192.0,18167.0,84.0,high_probability,-51.758909894134405,25.0,False,False,False,False,True,stop,18292.0,18292.25,-25.25,0.0,-25.25,-1.01,14.5,62.0,0.58,2.48,28,27.0,0,2024-04-03,2.6764705882352944,1.95213319458897,2.9930286599535245,partial_bearish,3.380432335059671,0.7627866801313441,bearish,bearish,True,True,True,False,2024
158,177580,177581,177584,2024-04-03 14:09:00+00:00,2024-04-03 14:10:00+00:00,2024-04-03 14:13:00+00:00,short,18332.5,18333.0,18332.75,18357.75,18307.75,18282.75,18257.75,18232.75,75.99415204678363,near_trigger,-64.99415204678363,25.0,False,False,False,False,True,stop,18357.75,18358.0,-25.25,0.0,-25.25,-1.01,4.25,26.5,0.17,1.06,4,3.0,0,2024-04-03,1.212719298245614,3.226086956521739,0.2360080917060013,partial_bearish,1.6838517623711118,1.8540686903235,bearish,bearish,True,True,False,False,2024
159,178926,178927,178930,2024-04-04 13:35:00+00:00,2024-04-04 13:36:00+00:00,2024-04-04 13:39:00+00:00,long,18556.75,18556.5,18556.75,18531.75,18581.75,18606.75,18631.75,18656.75,70.74998416345076,near_trigger,56.74998416345076,25.0,False,False,False,False,True,stop,18531.75,18531.5,-25.25,0.0,-25.25,-1.01,11.5,28.75,0.46,1.15,4,3.0,0,2024-04-04,2.462167689161554,0.7549824150058616,4.605089538171536,strong_bullish,4.16057402223249,0.9952991814203884,bullish,bullish,False,True,False,False,2024
160,178951,178952,178973,2024-04-04 14:00:00+00:00,2024-04-04 14:01:00+00:00,2024-04-04 14:22:00+00:00,long,18527.0,18527.5,18527.75,18504.5,18552.75,18577.75,18602.75,18627.75,77.55324855731615,near_trigger,68.55324855731615,23.25,False,False,False,False,True,stop,18504.5,18504.25,-23.5,0.0,-23.5,-1.010752688172043,3.5,29.0,0.1505376344086021,1.2473118279569892,22,21.0,0,2024-04-04,0.646795827123696,1.736220472440945,1.3471901462663587,partial_bullish,1.5689089144968569,0.8622100157774791,bullish,bullish,True,False,True,False,2024
161,180343,180344,180349,2024-04-05 14:12:00+00:00,2024-04-05 14:13:00+00:00,2024-04-05 14:18:00+00:00,long,18250.25,18250.5,18250.75,18225.75,18275.75,18300.75,18325.75,18350.75,90.86666666666666,a_plus_plus,53.86666666666666,25.0,False,False,False,False,True,stop,18225.75,18225.5,-25.25,0.0,-25.25,-1.01,2.25,33.5,0.09,1.34,6,5.0,0,2024-04-05,3.4306306306306302,1.0972423802612483,0.6296296296296297,strong_bullish,1.9322761752230768,2.39954539990602,bullish,bullish,True,True,True,False,2024
162,181682,181683,181685,2024-04-08 13:31:00+00:00,2024-04-08 13:32:00+00:00,2024-04-08 13:34:00+00:00,long,18326.0,18326.0,18326.25,18301.25,18351.25,18376.25,18401.25,18426.25,70.03686660748699,near_trigger,35.036866607486985,25.0,False,False,False,False,True,stop,18301.25,18301.0,-25.25,0.0,-25.25,-1.01,3.75,38.5,0.15,1.54,3,2.0,0,2024-04-08,2.014388489208633,2.022222222222222,0.7973372781065089,partial_bearish,6.772291553626334,1.0719725164614944,bullish,bullish,True,False,False,False,2024
163,181699,181700,181701,2024-04-08 13:48:00+00:00,2024-04-08 13:49:00+00:00,2024-04-08 13:50:00+00:00,long,18298.5,18298.25,18298.5,18273.5,18323.5,18348.5,18373.5,18398.5,82.60258700502034,high_probability,75.60258700502034,25.0,False,False,False,False,True,stop,18273.5,18273.25,-25.25,0.0,-25.25,-1.01,1.5,28.25,0.06,1.13,2,1.0,0,2024-04-08,0.8388429752066117,3.307513555383424,1.564102564102564,partial_bearish,0.662281047108426,0.8092434990247444,bullish,bullish,True,True,True,False,2024
164,181703,181704,181763,2024-04-08 13:52:00+00:00,2024-04-08 13:53:00+00:00,2024-04-08 14:52:00+00:00,long,18284.0,18283.75,18284.0,18259.0,18309.0,18334.0,18359.0,18384.0,73.27993025074481,near_trigger,66.27993025074481,25.0,True,True,True,False,False,max_holding_time,18367.5,18367.25,83.25,0.0,83.25,3.33,90.5,7.75,3.62,0.31,60,59.0,3,2024-04-08,0.0450643776824034,2.943481537302185,1.564102564102564,partial_bearish,0.657499628363312,0.8764750760450623,bullish,bullish,False,True,True,False,2024
165,183065,183066,183118,2024-04-09 13:34:00+00:00,2024-04-09 13:35:00+00:00,2024-04-09 14:27:00+00:00,long,18353.0,18353.5,18353.75,18328.75,18378.75,18403.75,18428.75,18453.75,79.0,near_trigger,44.53333333333333,25.0,True,False,False,False,True,stop,18328.75,18328.5,-25.25,0.0,-25.25,-1.01,49.25,43.25,1.97,1.73,53,52.0,1,2024-04-09,3.2372372372372373,2.1678726483357456,1.1473759884974837,partial_bullish,4.282062902202483,1.794425748816858,bullish,bullish,True,True,True,False,2024
166,184457,184458,184459,2024-04-10 13:46:00+00:00,2024-04-10 13:47:00+00:00,2024-04-10 13:48:00+00:00,short,18116.5,18116.5,18116.25,18141.25,18091.25,18066.25,18041.25,18016.25,90.25463373443108,a_plus_plus,-61.25463373443107,25.0,False,False,False,False,True,stop,18141.25,18141.5,-25.25,0.0,-25.25,-1.01,9.0,25.25,0.36,1.01,2,1.0,0,2024-04-10,1.7555414819506014,1.8159246575342465,3.789808917197452,partial_bearish,1.4949920513944406,1.939206734441031,bearish,bearish,True,True,True,True,2024
167,184460,184461,184461,2024-04-10 13:49:00+00:00,2024-04-10 13:50:00+00:00,2024-04-10 13:50:00+00:00,short,18124.75,18125.0,18124.75,18149.75,18099.75,18074.75,18049.75,18024.75,71.14569146700295,near_trigger,-41.14569146700295,25.0,False,False,False,False,True,stop,18149.75,18150.0,-25.25,0.0,-25.25,-1.01,3.25,29.75,0.13,1.19,1,0.0,0,2024-04-10,2.312736443883985,1.8159246575342465,3.789808917197452,partial_bearish,1.261376245422193,2.155523898413322,bearish,bearish,True,True,True,True,2024
168,184462,184463,184465,2024-04-10 13:51:00+00:00,2024-04-10 13:52:00+00:00,2024-04-10 13:54:00+00:00,short,18176.0,18175.75,18175.5,18198.25,18150.5,18125.5,18100.5,18075.5,70.0,near_trigger,-45.0536546184739,22.75,False,False,False,False,True,stop,18198.25,18198.5,-23.0,0.0,-23.0,-1.010989010989011,23.0,25.0,1.010989010989011,1.098901098901099,3,2.0,0,2024-04-10,2.0072289156626506,0.2294117647058823,3.789808917197452,partial_bullish,0.8020652112913182,1.5391242542376533,bearish,neutral,True,True,True,True,2024
169,184466,184467,184468,2024-04-10 13:55:00+00:00,2024-04-10 13:56:00+00:00,2024-04-10 13:57:00+00:00,short,18182.25,18182.5,18182.25,18207.25,18157.25,18132.25,18107.25,18082.25,77.22672368477133,near_trigger,-48.22672368477133,25.0,False,False,False,False,True,stop,18207.25,18207.5,-25.25,0.0,-25.25,-1.01,5.25,26.0,0.21,1.04,2,1.0,0,2024-04-10,1.1101694915254237,1.1899441340782122,3.789808917197452,partial_bullish,0.8182375291089594,1.3989941324392288,bearish,bearish,True,False,True,False,2024
170,185832,185833,185852,2024-04-11 13:41:00+00:00,2024-04-11 13:42:00+00:00,2024-04-11 14:01:00+00:00,long,18256.5,18256.25,18256.5,18231.5,18281.5,18306.5,18331.5,18356.5,70.32954040097763,near_trigger,69.32954040097763,25.0,False,False,False,False,True,stop,18231.5,18231.25,-25.25,0.0,-25.25,-1.01,17.5,31.5,0.7,1.26,20,19.0,0,2024-04-11,0.0873440285204991,0.7795975666822649,3.584053794428434,partial_bullish,1.9050576408027011,1.729965985795104,bullish,bullish,True,True,False,False,2024
171,185873,185874,185933,2024-04-11 14:22:00+00:00,2024-04-11 14:23:00+00:00,2024-04-11 15:22:00+00:00,long,18202.75,18202.75,18203.0,18178.0,18228.0,18253.0,18278.0,18303.0,71.48410692707996,near_trigger,64.48410692707996,25.0,True,True,False,False,False,max_holding_time,18273.0,18272.75,69.75,0.0,69.75,2.79,74.0,7.5,2.96,0.3,60,59.0,2,2024-04-11,1.081419624217119,2.3902439024390243,0.7576875768757687,partial_bearish,0.6164115923152068,0.9890798892314122,bullish,bullish,False,False,True,False,2024
172,187204,187205,187230,2024-04-12 13:33:00+00:00,2024-04-12 13:34:00+00:00,2024-04-12 13:59:00+00:00,short,18313.25,18313.0,18312.75,18337.75,18287.75,18262.75,18237.75,18212.75,70.27573917349656,near_trigger,-55.27573917349656,25.0,False,False,False,False,True,stop,18337.75,18338.0,-25.25,0.0,-25.25,-1.01,18.0,30.5,0.72,1.22,26,25.0,0,2024-04-12,1.7716643741403026,0.1666666666666666,3.809523809523809,partial_bearish,2.561175715202968,1.009107263323589,bearish,bearish,True,False,False,False,2024
173,188591,188592,188598,2024-04-15 13:40:00+00:00,2024-04-15 13:41:00+00:00,2024-04-15 13:47:00+00:00,long,18310.25,18310.0,18310.25,18285.25,18335.25,18360.25,18385.25,18410.25,70.9286414449952,near_trigger,52.92864144499519,25.0,False,False,False,False,True,stop,18285.25,18285.0,-25.25,0.0,-25.25,-1.01,5.5,34.0,0.22,1.36,7,6.0,0,2024-04-15,2.7336343115124158,2.2198952879581157,2.0161812297734625,partial_bullish,1.99073581088276,1.0585246052473265,bullish,bullish,False,True,False,False,2024
174,188623,188624,188649,2024-04-15 14:12:00+00:00,2024-04-15 14:13:00+00:00,2024-04-15 14:38:00+00:00,long,18217.75,18217.25,18217.5,18192.5,18242.5,18267.5,18292.5,18317.5,72.99555154794109,near_trigger,45.99555154794109,25.0,True,False,False,False,True,stop,18192.5,18192.25,-25.25,0.0,-25.25,-1.01,43.25,27.0,1.73,1.08,26,25.0,1,2024-04-15,2.587917042380523,2.3477722772277225,0.6810344827586207,strong_bearish,1.9204553233519464,2.043857914511412,bullish,bullish,True,True,False,False,2024
175,190006,190007,190008,2024-04-16 14:15:00+00:00,2024-04-16 14:16:00+00:00,2024-04-16 14:17:00+00:00,long,17928.0,17927.5,17927.75,17902.75,17952.75,17977.75,18002.75,18027.75,91.96755162241888,a_plus_plus,74.96755162241888,25.0,False,False,False,False,True,stop,17902.75,17902.5,-25.25,0.0,-25.25,-1.01,2.25,32.25,0.09,1.29,2,1.0,0,2024-04-16,2.183628318584071,1.9588477366255144,0.4967320261437908,strong_bullish,1.9556361383014127,1.645441291481206,bullish,bullish,True,False,True,False,2024
176,190012,190013,190020,2024-04-16 14:21:00+00:00,2024-04-16 14:22:00+00:00,2024-04-16 14:29:00+00:00,long,17890.0,17889.75,17890.0,17865.0,17915.0,17940.0,17965.0,17990.0,71.0,near_trigger,23.587555555555557,25.0,False,False,False,False,True,stop,17865.0,17864.75,-25.25,0.0,-25.25,-1.01,7.25,32.25,0.29,1.29,8,7.0,0,2024-04-16,1.9288888888888889,1.4157303370786518,0.4967320261437908,partial_bullish,1.444578313253012,1.5302736369205636,bullish,bullish,False,False,True,False,2024
177,191374,191375,191434,2024-04-17 14:03:00+00:00,2024-04-17 14:04:00+00:00,2024-04-17 15:03:00+00:00,short,17853.75,17854.0,17853.75,17878.75,17828.75,17803.75,17778.75,17753.75,82.5041720173212,high_probability,-73.5041720173212,25.0,True,True,True,False,False,max_holding_time,17839.75,17840.0,13.75,0.0,13.75,0.55,90.0,18.75,3.6,0.75,60,59.0,3,2024-04-17,1.9027624309392264,1.5070527097253157,0.8690842040565459,strong_bearish,2.046565513877173,2.1966730297245705,bearish,bearish,False,True,True,False,2024
178,192722,192723,192778,2024-04-18 13:31:00+00:00,2024-04-18 13:32:00+00:00,2024-04-18 14:27:00+00:00,short,17643.25,17643.5,17643.25,17668.25,17618.25,17593.25,17568.25,17543.25,70.01899992168211,near_trigger,-61.01899992168211,25.0,True,True,True,False,True,stop,17668.25,17668.5,-25.25,0.0,-25.25,-1.01,92.25,27.25,3.69,1.09,56,55.0,3,2024-04-18,3.58974358974359,0.8325709057639524,0.9224806201550388,strong_bearish,6.890043473650726,1.205312426576972,bearish,bearish,False,True,True,False,2024
179,194123,194124,194140,2024-04-19 13:52:00+00:00,2024-04-19 13:53:00+00:00,2024-04-19 14:09:00+00:00,long,17455.75,17455.75,17456.0,17431.0,17481.0,17506.0,17531.0,17556.0,75.24358144552319,near_trigger,56.24358144552319,25.0,True,False,False,False,True,stop,17431.0,17430.75,-25.25,0.0,-25.25,-1.01,29.0,25.75,1.16,1.03,17,16.0,1,2024-04-19,1.29126213592233,0.9135802469135802,1.1362725450901805,strong_bearish,1.335925900804148,1.7557622401172754,neutral,bullish,True,False,True,False,2024
180,196862,196863,196865,2024-04-23 13:31:00+00:00,2024-04-23 13:32:00+00:00,2024-04-23 13:34:00+00:00,long,17451.0,17450.75,17451.0,17426.0,17476.0,17501.0,17526.0,17551.0,70.23725011720299,near_trigger,45.23725011720299,25.0,False,False,False,False,True,stop,17426.0,17425.75,-25.25,0.0,-25.25,-1.01,13.0,29.5,0.52,1.18,3,2.0,0,2024-04-23,1.8414839797639124,0.7188703465982028,2.517741935483871,strong_bullish,9.059941294608372,1.4099219848778084,bullish,bullish,True,True,True,False,2024
181,196873,196874,196875,2024-04-23 13:42:00+00:00,2024-04-23 13:43:00+00:00,2024-04-23 13:44:00+00:00,long,17475.0,17475.25,17475.5,17450.5,17500.5,17525.5,17550.5,17575.5,72.43109380071405,near_trigger,51.43109380071405,25.0,False,False,False,False,True,stop,17450.5,17450.25,-25.25,0.0,-25.25,-1.01,1.25,34.25,0.05,1.37,2,1.0,0,2024-04-23,1.9221032132424536,0.3664921465968587,2.517741935483871,strong_bullish,1.8657285654109317,1.736274447481618,bullish,bullish,True,True,True,False,2024
182,196881,196882,196919,2024-04-23 13:50:00+00:00,2024-04-23 13:51:00+00:00,2024-04-23 14:28:00+00:00,long,17466.25,17466.25,17466.5,17441.5,17491.5,17516.5,17541.5,17566.5,70.0,near_trigger,45.55553341181713,25.0,True,True,True,True,False,tp4,17566.5,17566.25,99.75,0.0,99.75,3.99,102.75,11.0,4.11,0.44,38,37.0,4,2024-04-23,2.208092485549133,2.6676994577846638,2.379800853485064,partial_bullish,1.1132859939135031,1.4181325131266436,bullish,bullish,False,True,True,False,2024
183,198267,198268,198316,2024-04-24 13:56:00+00:00,2024-04-24 13:57:00+00:00,2024-04-24 14:45:00+00:00,long,17716.75,17716.75,17717.0,17692.0,17742.0,17767.0,17792.0,17817.0,79.0,near_trigger,48.0,25.0,True,True,False,False,True,stop,17692.0,17691.75,-25.25,0.0,-25.25,-1.01,59.0,27.0,2.36,1.08,49,48.0,2,2024-04-24,4.749116607773852,1.4467408585055643,1.305750350631136,partial_bullish,1.9740104158000695,2.6716508658544824,bullish,bullish,True,False,True,False,2024
184,199622,199623,199633,2024-04-25 13:31:00+00:00,2024-04-25 13:32:00+00:00,2024-04-25 13:42:00+00:00,short,17324.5,17324.5,17324.25,17349.25,17299.25,17274.25,17249.25,17224.25,73.86666666666666,near_trigger,-52.86666666666666,25.0,False,False,False,False,True,stop,17349.25,17349.5,-25.25,0.0,-25.25,-1.01,16.25,37.0,0.65,1.48,11,10.0,0,2024-04-25,2.326975476839237,1.0809792843691148,3.322501230920728,strong_bearish,5.915146249637996,1.88998964785352,bearish,neutral,False,True,True,False,2024
185,201003,201004,201004,2024-04-26 13:32:00+00:00,2024-04-26 13:33:00+00:00,2024-04-26 13:33:00+00:00,short,17668.75,17668.75,17668.5,17693.5,17643.5,17618.5,17593.5,17568.5,72.96936837794836,near_trigger,-51.96936837794836,25.0,False,False,False,False,True,stop,17693.5,17693.75,-25.25,0.0,-25.25,-1.01,0.25,50.0,0.01,2.0,1,0.0,0,2024-04-26,3.289910600255428,0.9884937238493724,1.239064089521872,strong_bearish,3.737544216586133,0.9477356001758758,bearish,neutral,False,True,True,False,2024
186,201052,201053,201073,2024-04-26 14:21:00+00:00,2024-04-26 14:22:00+00:00,2024-04-26 14:42:00+00:00,short,17816.25,17816.0,17815.75,17840.75,17790.75,17765.75,17740.75,17715.75,73.3796128322443,near_trigger,-73.3796128322443,25.0,True,False,False,False,True,stop,17840.75,17841.0,-25.25,0.0,-25.25,-1.01,34.5,27.5,1.38,1.1,21,20.0,1,2024-04-26,1.3560209424083771,1.446808510638298,2.134115060461708,partial_bullish,0.8842849446613046,1.2108192053837197,bearish,bearish,True,False,True,False,2024
187,202389,202390,202391,2024-04-29 13:38:00+00:00,2024-04-29 13:39:00+00:00,2024-04-29 13:40:00+00:00,long,17906.0,17905.75,17906.0,17881.0,17931.0,17956.0,17981.0,18006.0,79.0,near_trigger,37.41158538724952,25.0,False,False,False,False,True,stop,17881.0,17880.75,-25.25,0.0,-25.25,-1.01,1.75,34.0,0.07,1.36,2,1.0,0,2024-04-29,2.5251989389920424,1.6644649933949802,0.3876464323748669,partial_bullish,1.6494257554777223,0.9856572670928384,bullish,bullish,True,True,True,False,2024
188,202411,202412,202471,2024-04-29 14:00:00+00:00,2024-04-29 14:01:00+00:00,2024-04-29 15:00:00+00:00,long,17881.0,17881.25,17881.5,17856.5,17906.5,17931.5,17956.5,17981.5,97.19428751908366,a_plus_plus,79.19428751908366,25.0,True,False,False,False,False,max_holding_time,17886.5,17886.25,4.75,0.0,4.75,0.19,35.0,18.25,1.4,0.73,60,59.0,1,2024-04-29,3.368279569892473,2.66990291262136,2.112280701754386,partial_bearish,1.6304136209978584,1.436479595814686,bullish,bullish,True,True,True,True,2024
189,203762,203763,203765,2024-04-30 13:31:00+00:00,2024-04-30 13:32:00+00:00,2024-04-30 13:34:00+00:00,short,17827.0,17826.75,17826.5,17851.5,17801.5,17776.5,17751.5,17726.5,87.4063886578491,high_probability,-66.4063886578491,25.0,False,False,False,False,True,stop,17851.5,17851.75,-25.25,0.0,-25.25,-1.01,1.25,31.5,0.05,1.26,3,2.0,0,2024-04-30,1.2962962962962965,0.7165354330708662,1.895148669796557,partial_bearish,5.837246303698242,0.8177177617952608,bearish,bearish,True,False,True,False,2024
190,203819,203820,203836,2024-04-30 14:28:00+00:00,2024-04-30 14:29:00+00:00,2024-04-30 14:45:00+00:00,short,17843.75,17843.0,17842.75,17867.75,17817.75,17792.75,17767.75,17742.75,73.06512842119825,near_trigger,-73.06512842119825,25.0,True,False,False,False,True,stop,17867.75,17868.0,-25.25,0.0,-25.25,-1.01,25.0,29.5,1.0,1.18,17,16.0,1,2024-04-30,1.6319018404907977,0.4146685472496473,1.3039598438371445,partial_bearish,0.8720678805231215,0.6682664838304194,bearish,bearish,False,False,True,False,2024
191,205142,205143,205202,2024-05-01 13:31:00+00:00,2024-05-01 13:32:00+00:00,2024-05-01 14:31:00+00:00,short,17486.5,17487.0,17486.75,17511.75,17461.75,17436.75,17411.75,17386.75,76.84018655830037,near_trigger,-67.84018655830037,25.0,True,True,False,False,False,max_holding_time,17472.0,17472.25,14.5,0.0,14.5,0.58,61.25,24.25,2.45,0.97,60,59.0,2,2024-05-01,2.606896551724138,0.2461220268872802,1.778102189781022,partial_bullish,6.305426669356466,0.8501748984066021,bearish,bearish,True,True,True,False,2024
192,206547,206548,206550,2024-05-02 13:56:00+00:00,2024-05-02 13:57:00+00:00,2024-05-02 13:59:00+00:00,long,17522.75,17522.5,17522.75,17497.75,17547.75,17572.75,17597.75,17622.75,85.17014236361513,high_probability,62.17014236361513,25.0,False,False,False,False,True,stop,17497.75,17497.5,-25.25,0.0,-25.25,-1.01,4.75,25.75,0.19,1.03,3,2.0,0,2024-05-02,1.2842582106455267,2.889952153110048,1.3013365735115432,partial_bearish,0.8554314174182259,0.9717961216083189,bullish,bullish,True,False,True,False,2024
193,206552,206553,206555,2024-05-02 14:01:00+00:00,2024-05-02 14:02:00+00:00,2024-05-02 14:04:00+00:00,short,17452.75,17452.25,17452.0,17477.0,17427.0,17402.0,17377.0,17352.0,74.0,near_trigger,-32.0,25.0,False,False,False,False,True,stop,17477.0,17477.25,-25.25,0.0,-25.25,-1.01,13.25,26.0,0.53,1.04,3,2.0,0,2024-05-02,3.9043824701195216,1.7139055222887558,3.373404255319149,strong_bearish,2.491219721125018,2.5915364660686357,bearish,bearish,False,True,False,False,2024
194,206565,206566,206566,2024-05-02 14:14:00+00:00,2024-05-02 14:15:00+00:00,2024-05-02 14:15:00+00:00,short,17444.75,17445.0,17444.75,17469.75,17419.75,17394.75,17369.75,17344.75,70.0,near_trigger,-44.329992234611325,25.0,False,False,False,False,True,stop,17469.75,17470.0,-25.25,0.0,-25.25,-1.01,4.25,27.0,0.17,1.08,1,0.0,0,2024-05-02,1.8572536850271528,3.953275774504825,3.373404255319149,partial_bearish,0.8262553509546783,1.3113654065065006,bearish,bearish,False,True,True,True,2024
195,206567,206568,206574,2024-05-02 14:16:00+00:00,2024-05-02 14:17:00+00:00,2024-05-02 14:23:00+00:00,short,17448.75,17448.5,17448.25,17473.25,17423.25,17398.25,17373.25,17348.25,73.43635455642284,near_trigger,-70.43635455642284,25.0,False,False,False,False,True,stop,17473.25,17473.5,-25.25,0.0,-25.25,-1.01,10.25,34.75,0.41,1.39,7,6.0,0,2024-05-02,0.659217877094972,1.2524590163934426,3.2740937223695843,partial_bearish,0.7921781225437262,1.3155069776519956,bearish,bearish,False,True,True,False,2024
196,207904,207905,207931,2024-05-03 13:33:00+00:00,2024-05-03 13:34:00+00:00,2024-05-03 14:00:00+00:00,long,17933.75,17933.25,17933.5,17908.5,17958.5,17983.5,18008.5,18033.5,73.53699249949943,near_trigger,72.53699249949943,25.0,True,True,True,True,False,tp4,18033.5,18033.25,99.75,0.0,99.75,3.99,116.5,8.5,4.66,0.34,27,26.0,4,2024-05-03,1.0968660968660968,0.5342019543973942,5.209143968871596,partial_bullish,3.2834177998945124,0.9453820352322848,bullish,bullish,True,True,True,False,2024
197,207932,207933,207935,2024-05-03 14:01:00+00:00,2024-05-03 14:02:00+00:00,2024-05-03 14:04:00+00:00,long,17955.5,17956.0,17956.25,17931.25,17981.25,18006.25,18031.25,18056.25,84.0,high_probability,28.436893748247822,25.0,True,False,False,False,True,stop,17931.25,17931.0,-25.25,0.0,-25.25,-1.01,34.25,25.0,1.37,1.0,3,2.0,1,2024-05-03,2.708158116063919,2.0916509730069053,2.022881355932203,partial_bullish,2.3811764705882354,1.980394476958504,bullish,bullish,True,False,True,True,2024
198,207959,207960,207963,2024-05-03 14:28:00+00:00,2024-05-03 14:29:00+00:00,2024-05-03 14:32:00+00:00,long,17952.25,17952.0,17952.25,17927.25,17977.25,18002.25,18027.25,18052.25,88.44687471205262,high_probability,88.44687471205262,25.0,False,False,False,False,True,stop,17927.25,17927.0,-25.25,0.0,-25.25,-1.01,14.75,27.75,0.59,1.11,4,3.0,0,2024-05-03,1.391812865497076,1.6126582278481014,0.0488656195462478,partial_bullish,1.4269760516193075,1.4288134636019654,bullish,bullish,True,True,True,True,2024
199,209283,209284,209343,2024-05-06 13:32:00+00:00,2024-05-06 13:33:00+00:00,2024-05-06 14:32:00+00:00,long,18048.5,18048.25,18048.5,18023.5,18073.5,18098.5,18123.5,18148.5,79.0,near_trigger,33.9218367144001,25.0,True,True,False,False,False,max_holding_time,18093.75,18093.5,45.0,0.0,45.0,1.8,68.25,2.5,2.73,0.1,60,59.0,2,2024-05-06,1.943529411764706,1.2581261950286808,1.882506527415144,partial_bullish,4.582052858020898,0.6904775687409551,bullish,bullish,True,False,True,False,2024
200,212083,212084,212091,2024-05-08 14:12:00+00:00,2024-05-08 14:13:00+00:00,2024-05-08 14:20:00+00:00,short,18156.0,18156.25,18156.0,18181.0,18131.0,18106.0,18081.0,18056.0,75.69034472290089,near_trigger,-75.69034472290089,25.0,False,False,False,False,True,stop,18181.0,18181.25,-25.25,0.0,-25.25,-1.01,4.5,25.25,0.18,1.01,8,7.0,0,2024-05-08,0.8719723183391004,2.1516683518705766,3.335324869305452,partial_bullish,1.5408546343798144,1.1030805306607565,bearish,bearish,True,True,False,False,2024
201,214801,214802,214859,2024-05-10 13:30:00+00:00,2024-05-10 13:31:00+00:00,2024-05-10 14:28:00+00:00,long,18259.0,18258.75,18259.0,18234.0,18284.0,18309.0,18334.0,18359.0,71.0,near_trigger,23.386652228255087,25.0,True,True,True,False,True,stop,18234.0,18233.75,-25.25,0.0,-25.25,-1.01,89.0,34.0,3.56,1.36,58,57.0,3,2024-05-10,3.5704697986577183,1.4199683042789224,0.976,partial_bearish,13.921953718725986,0.8250135360108491,bullish,bullish,False,True,True,False,2024
202,216210,216211,216270,2024-05-13 13:59:00+00:00,2024-05-13 14:00:00+00:00,2024-05-13 14:59:00+00:00,long,18286.0,18286.25,18286.5,18261.5,18311.5,18336.5,18361.5,18386.5,85.11970518225358,high_probability,72.11970518225358,25.0,True,False,False,False,False,max_holding_time,18294.0,18293.75,7.25,0.0,7.25,0.29,25.25,9.5,1.01,0.38,60,59.0,1,2024-05-13,0.8764805414551607,3.3268817204301078,1.6338028169014085,partial_bearish,1.396282304456083,1.9350328702739683,bullish,bullish,False,True,True,False,2024
203,217590,217591,217603,2024-05-14 13:59:00+00:00,2024-05-14 14:00:00+00:00,2024-05-14 14:12:00+00:00,short,18290.0,18290.0,18289.75,18314.75,18264.75,18239.75,18214.75,18189.75,74.33333333333334,near_trigger,-61.33333333333334,25.0,False,False,False,False,True,stop,18314.75,18315.0,-25.25,0.0,-25.25,-1.01,17.5,25.25,0.7,1.01,13,12.0,0,2024-05-14,2.574380165289256,2.0056179775280896,0.6059016393442623,partial_bullish,1.5887675146827516,1.5335116162460305,bearish,bearish,True,True,False,False,2024
204,218943,218944,218949,2024-05-15 13:32:00+00:00,2024-05-15 13:33:00+00:00,2024-05-15 13:38:00+00:00,long,18519.25,18519.0,18519.25,18494.25,18544.25,18569.25,18594.25,18619.25,88.46405078461011,high_probability,67.46405078461011,25.0,False,False,False,False,True,stop,18494.25,18494.0,-25.25,0.0,-25.25,-1.01,12.5,28.0,0.5,1.12,6,5.0,0,2024-05-15,1.637735849056604,0.3454657618753855,4.497688751926041,strong_bullish,5.470151519333204,1.2958059560001307,bullish,bullish,True,True,True,False,2024
205,218956,218957,218960,2024-05-15 13:45:00+00:00,2024-05-15 13:46:00+00:00,2024-05-15 13:49:00+00:00,long,18504.5,18504.5,18504.75,18479.75,18529.75,18554.75,18579.75,18604.75,70.52659856223988,near_trigger,70.52659856223988,25.0,False,False,False,False,True,stop,18479.75,18479.5,-25.25,0.0,-25.25,-1.01,5.5,35.0,0.22,1.4,4,3.0,0,2024-05-15,0.7627695800227015,0.0103321033210332,3.6914446002805046,partial_bearish,1.93284440338606,1.7325322990865843,bullish,bullish,True,False,False,False,2024
206,220322,220323,220333,2024-05-16 13:31:00+00:00,2024-05-16 13:32:00+00:00,2024-05-16 13:42:00+00:00,short,18674.75,18675.0,18674.75,18699.75,18649.75,18624.75,18599.75,18574.75,88.31577298887342,high_probability,-88.31577298887342,25.0,False,False,False,False,True,stop,18699.75,18700.0,-25.25,0.0,-25.25,-1.01,2.5,25.25,0.1,1.01,11,10.0,0,2024-05-16,2.050955414012739,1.1827956989247312,2.518828451882845,strong_bearish,6.521674363175927,0.7357035227953821,bearish,bearish,True,True,True,False,2024
207,220357,220358,220373,2024-05-16 14:06:00+00:00,2024-05-16 14:07:00+00:00,2024-05-16 14:22:00+00:00,short,18691.0,18690.75,18690.5,18715.5,18665.5,18640.5,18615.5,18590.5,70.1025414202116,near_trigger,-61.1025414202116,25.0,False,False,False,False,True,stop,18715.5,18715.75,-25.25,0.0,-25.25,-1.01,17.0,25.25,0.68,1.01,16,15.0,0,2024-05-16,2.095444685466377,0.5867052023121387,0.1598173515981735,partial_bullish,2.0255976657050963,1.283632581448368,bearish,bearish,True,True,True,False,2024
208,221733,221734,221741,2024-05-17 14:02:00+00:00,2024-05-17 14:03:00+00:00,2024-05-17 14:10:00+00:00,long,18648.75,18648.75,18649.0,18624.0,18674.0,18699.0,18724.0,18749.0,72.84151366351237,near_trigger,61.84151366351237,25.0,False,False,False,False,True,stop,18624.0,18623.75,-25.25,0.0,-25.25,-1.01,4.5,25.75,0.18,1.03,8,7.0,0,2024-05-17,3.004048582995952,0.2348387096774193,2.753072625698324,partial_bearish,1.1967759632020931,0.9728765494213968,bullish,bullish,True,True,True,False,2024
209,221742,221743,221802,2024-05-17 14:11:00+00:00,2024-05-17 14:12:00+00:00,2024-05-17 15:11:00+00:00,long,18627.0,18626.25,18626.5,18601.5,18651.5,18676.5,18701.5,18726.5,70.22625072381665,near_trigger,70.22625072381665,25.0,True,True,False,False,False,max_holding_time,18644.75,18644.5,18.0,0.0,18.0,0.72,50.5,3.5,2.02,0.14,60,59.0,2,2024-05-17,0.8484848484848485,0.8720800889877642,2.753072625698324,strong_bearish,0.8913031113133497,0.7071858111538593,bullish,bullish,False,True,True,False,2024
210,224461,224462,224464,2024-05-21 13:30:00+00:00,2024-05-21 13:31:00+00:00,2024-05-21 13:33:00+00:00,short,18679.25,18679.5,18679.25,18701.25,18654.25,18629.25,18604.25,18579.25,73.86718503272458,near_trigger,-67.86718503272458,22.0,False,False,False,False,True,stop,18701.25,18701.5,-22.25,0.0,-22.25,-1.0113636363636365,1.25,23.25,0.0568181818181818,1.056818181818182,3,2.0,0,2024-05-21,1.873015873015873,1.9583333333333333,4.437587657784011,strong_bearish,6.423601870509067,0.9032637459570716,bearish,bearish,False,True,True,False,2024
211,224466,224467,224520,2024-05-21 13:35:00+00:00,2024-05-21 13:36:00+00:00,2024-05-21 14:29:00+00:00,short,18707.25,18707.0,18706.75,18731.75,18681.75,18656.75,18631.75,18606.75,75.35816693855554,near_trigger,-60.35816693855554,25.0,True,False,False,False,True,stop,18731.75,18732.0,-25.25,0.0,-25.25,-1.01,26.25,25.0,1.05,1.0,54,53.0,1,2024-05-21,2.825225225225225,0.3969072164948453,4.437587657784011,partial_bearish,2.098081977296874,0.8293851084994289,bearish,bearish,False,True,True,False,2024
212,225844,225845,225904,2024-05-22 13:33:00+00:00,2024-05-22 13:34:00+00:00,2024-05-22 14:33:00+00:00,short,18818.0,18818.25,18818.0,18843.0,18793.0,18768.0,18743.0,18718.0,70.62145885454899,near_trigger,-63.62145885454899,25.0,True,False,False,False,False,max_holding_time,18812.0,18812.25,5.75,0.0,5.75,0.23,29.0,16.25,1.16,0.65,60,59.0,1,2024-05-22,2.3957219251336896,0.0945945945945945,1.2475247524752475,partial_bullish,4.605009633911368,0.8951176761396833,bearish,bearish,True,True,False,False,2024
213,228605,228606,228609,2024-05-24 13:34:00+00:00,2024-05-24 13:35:00+00:00,2024-05-24 13:38:00+00:00,long,18773.0,18773.0,18773.25,18748.25,18798.25,18823.25,18848.25,18873.25,70.3812380136604,near_trigger,54.38123801366039,25.0,False,False,False,False,True,stop,18748.25,18748.0,-25.25,0.0,-25.25,-1.01,4.0,28.0,0.16,1.12,4,3.0,0,2024-05-24,0.8502824858757062,0.2907103825136611,1.0797546012269938,strong_bullish,3.939008894536214,1.164614027637124,bullish,bullish,True,True,False,False,2024
214,228616,228617,228619,2024-05-24 13:45:00+00:00,2024-05-24 13:46:00+00:00,2024-05-24 13:48:00+00:00,long,18780.5,18780.5,18780.75,18755.75,18805.75,18830.75,18855.75,18880.75,73.41316675449465,near_trigger,58.413166754494654,25.0,False,False,False,False,True,stop,18755.75,18755.5,-25.25,0.0,-25.25,-1.01,6.75,25.75,0.27,1.03,3,2.0,0,2024-05-24,2.538952745849297,1.2125984251968505,1.6451104100946372,strong_bullish,1.4179755120607522,0.9711560928751308,bullish,bullish,False,False,True,False,2024
215,228622,228623,228682,2024-05-24 13:51:00+00:00,2024-05-24 13:52:00+00:00,2024-05-24 14:51:00+00:00,long,18756.25,18756.25,18756.5,18731.5,18781.5,18806.5,18831.5,18856.5,72.75215500401853,near_trigger,72.75215500401853,25.0,True,True,True,False,False,max_holding_time,18836.5,18836.25,79.75,0.0,79.75,3.19,89.5,24.75,3.58,0.99,60,59.0,3,2024-05-24,1.9645776566757491,0.4335778321108394,1.6451104100946372,partial_bullish,1.1346491461403416,1.1225499484199668,bullish,bullish,False,False,True,False,2024
216,230033,230034,230093,2024-05-27 14:22:00+00:00,2024-05-27 14:23:00+00:00,2024-05-27 15:22:00+00:00,long,18883.0,18882.75,18883.0,18858.0,18908.0,18933.0,18958.0,18983.0,75.75817759254079,near_trigger,75.75817759254079,25.0,True,False,False,False,False,max_holding_time,18923.75,18923.5,40.5,0.0,40.5,1.62,41.5,5.0,1.66,0.2,60,59.0,1,2024-05-27,0.0721649484536082,0.3297101449275362,1.008,partial_bullish,0.7660347961568423,0.0967451012544068,bullish,bullish,True,True,True,False,2024
217,232504,232505,232509,2024-05-29 13:33:00+00:00,2024-05-29 13:34:00+00:00,2024-05-29 13:38:00+00:00,short,18792.0,18792.25,18792.0,18817.0,18767.0,18742.0,18717.0,18692.0,70.15941235603663,near_trigger,-51.15941235603663,25.0,False,False,False,False,True,stop,18817.0,18817.25,-25.25,0.0,-25.25,-1.01,11.0,25.75,0.44,1.03,5,4.0,0,2024-05-29,3.466918714555766,0.2356241234221598,3.2662397072278133,partial_bearish,2.970041450519993,1.012274869087802,bearish,bearish,True,True,False,False,2024
218,233907,233908,233917,2024-05-30 13:56:00+00:00,2024-05-30 13:57:00+00:00,2024-05-30 14:06:00+00:00,short,18727.25,18728.0,18727.75,18752.75,18702.75,18677.75,18652.75,18627.75,76.5270358306189,near_trigger,-63.5270358306189,25.0,False,False,False,False,True,stop,18752.75,18753.0,-25.25,0.0,-25.25,-1.01,10.25,25.0,0.41,1.0,10,9.0,0,2024-05-30,1.1856677524429968,1.3725490196078431,0.5679939894815929,strong_bearish,1.649181655196345,2.098863569451805,bearish,bearish,True,False,True,False,2024
219,233922,233923,233933,2024-05-30 14:11:00+00:00,2024-05-30 14:12:00+00:00,2024-05-30 14:22:00+00:00,short,18705.75,18705.75,18705.5,18730.5,18680.5,18655.5,18630.5,18605.5,77.0,near_trigger,-48.0,25.0,False,False,False,False,True,stop,18730.5,18730.75,-25.25,0.0,-25.25,-1.01,21.25,28.5,0.85,1.14,11,10.0,0,2024-05-30,2.907006369426752,0.0,1.6827393431167017,partial_bearish,2.492302379787632,2.606105285329562,bearish,bearish,True,True,False,False,2024
220,235276,235277,235278,2024-05-31 13:45:00+00:00,2024-05-31 13:46:00+00:00,2024-05-31 13:47:00+00:00,long,18589.25,18589.0,18589.25,18564.25,18614.25,18639.25,18664.25,18689.25,71.0,near_trigger,42.44264918904799,25.0,False,False,False,False,True,stop,18564.25,18564.0,-25.25,0.0,-25.25,-1.01,18.5,28.0,0.74,1.12,2,1.0,0,2024-05-31,2.1750547045951856,0.4847020933977456,1.4039436619718308,partial_bearish,1.5857529642423678,1.2100163852675072,bullish,bullish,False,True,True,False,2024
221,235279,235280,235281,2024-05-31 13:48:00+00:00,2024-05-31 13:49:00+00:00,2024-05-31 13:50:00+00:00,long,18590.5,18590.5,18590.75,18565.75,18615.75,18640.75,18665.75,18690.75,80.11454450683267,high_probability,51.11454450683267,25.0,False,False,False,False,True,stop,18565.75,18565.5,-25.25,0.0,-25.25,-1.01,1.75,32.0,0.07,1.28,2,1.0,0,2024-05-31,2.084507042253521,0.4847020933977456,1.4039436619718308,partial_bearish,0.8883700457390006,1.205416845194043,bullish,bullish,True,False,True,False,2024
222,235298,235299,235301,2024-05-31 14:07:00+00:00,2024-05-31 14:08:00+00:00,2024-05-31 14:10:00+00:00,long,18544.75,18545.0,18545.25,18520.25,18570.25,18595.25,18620.25,18645.25,80.26322465268774,high_probability,52.26322465268774,25.0,False,False,False,False,True,stop,18520.25,18520.0,-25.25,0.0,-25.25,-1.01,3.5,25.25,0.14,1.01,3,2.0,0,2024-05-31,1.85099685204617,2.8583690987124464,3.121667474551624,partial_bearish,0.8406725380304243,0.972245304969254,bullish,bullish,False,False,True,False,2024
223,235303,235304,235305,2024-05-31 14:12:00+00:00,2024-05-31 14:13:00+00:00,2024-05-31 14:14:00+00:00,long,18516.75,18516.25,18516.5,18491.5,18541.5,18566.5,18591.5,18616.5,70.0,near_trigger,64.10804708157788,25.0,False,False,False,False,True,stop,18491.5,18491.25,-25.25,0.0,-25.25,-1.01,0.5,34.0,0.02,1.36,2,1.0,0,2024-05-31,1.7757644394110983,2.661853188929001,3.121667474551624,strong_bearish,0.9298235850631644,1.2223994381118215,bullish,bullish,False,False,True,False,2024
224,235306,235307,235309,2024-05-31 14:15:00+00:00,2024-05-31 14:16:00+00:00,2024-05-31 14:18:00+00:00,long,18486.25,18486.25,18486.5,18461.5,18511.5,18536.5,18561.5,18586.5,84.0,high_probability,70.68359788359788,25.0,False,False,False,False,True,stop,18461.5,18461.25,-25.25,0.0,-25.25,-1.01,10.75,26.0,0.43,1.04,3,2.0,0,2024-05-31,2.6507936507936507,3.015855658829962,3.936339522546419,strong_bearish,1.7312737423132625,2.3677148064696683,bullish,bullish,True,False,True,False,2024
225,236671,236672,236672,2024-06-03 14:00:00+00:00,2024-06-03 14:01:00+00:00,2024-06-03 14:01:00+00:00,long,18705.0,18704.75,18705.0,18680.0,18730.0,18755.0,18780.0,18805.0,88.86756756756756,high_probability,88.86756756756756,25.0,False,False,False,False,True,stop,18680.0,18679.75,-25.25,0.0,-25.25,-1.01,11.0,29.25,0.44,1.17,1,0.0,0,2024-06-03,1.2297297297297298,1.9021739130434785,0.497986577181208,partial_bearish,2.016334056601138,1.975853918947282,bullish,bullish,True,True,True,False,2024
226,236673,236674,236680,2024-06-03 14:02:00+00:00,2024-06-03 14:03:00+00:00,2024-06-03 14:09:00+00:00,long,18685.75,18686.0,18686.25,18661.25,18711.25,18736.25,18761.25,18786.25,81.50566223535205,high_probability,75.50566223535205,25.0,False,False,False,False,True,stop,18661.25,18661.0,-25.25,0.0,-25.25,-1.01,3.25,33.75,0.13,1.35,7,6.0,0,2024-06-03,0.0,1.9021739130434785,0.497986577181208,partial_bearish,1.4354333566888122,2.3557119503477324,bullish,bullish,True,True,True,False,2024
227,236684,236685,236706,2024-06-03 14:13:00+00:00,2024-06-03 14:14:00+00:00,2024-06-03 14:35:00+00:00,long,18685.5,18685.25,18685.5,18660.5,18710.5,18735.5,18760.5,18785.5,73.244844688071,near_trigger,68.244844688071,25.0,True,False,False,False,True,stop,18660.5,18660.25,-25.25,0.0,-25.25,-1.01,25.0,27.5,1.0,1.1,22,21.0,1,2024-06-03,0.5591229444009398,2.5377643504531724,0.497986577181208,partial_bearish,1.1049713812592246,1.7822615764261869,bullish,bullish,True,True,False,False,2024
228,238026,238027,238065,2024-06-04 13:35:00+00:00,2024-06-04 13:36:00+00:00,2024-06-04 14:14:00+00:00,long,18597.75,18597.5,18597.75,18572.75,18622.75,18647.75,18672.75,18697.75,78.46631162054503,near_trigger,34.46631162054503,25.0,True,True,False,False,True,stop,18572.75,18572.5,-25.25,0.0,-25.25,-1.01,66.5,30.0,2.66,1.2,39,38.0,2,2024-06-04,2.9429429429429432,1.0221238938053097,2.6137820512820515,partial_bearish,3.353212652519334,1.4223398169336383,neutral,bullish,True,True,True,False,2024
229,242161,242162,242178,2024-06-07 13:30:00+00:00,2024-06-07 13:31:00+00:00,2024-06-07 13:47:00+00:00,short,19012.25,19012.25,19012.0,19037.0,18987.0,18962.0,18937.0,18912.0,83.42102295387704,high_probability,-59.42102295387704,25.0,False,False,False,False,True,stop,19037.0,19037.25,-25.25,0.0,-25.25,-1.01,19.75,27.75,0.79,1.11,17,16.0,0,2024-06-07,0.8579970104633782,0.9734675205855444,1.547843331680714,partial_bearish,7.25999109203547,1.1746978084973958,bearish,bearish,True,True,True,False,2024
230,244924,244925,244984,2024-06-11 13:33:00+00:00,2024-06-11 13:34:00+00:00,2024-06-11 14:33:00+00:00,short,19075.0,19075.0,19074.75,19099.75,19049.75,19024.75,18999.75,18974.75,79.0,near_trigger,-30.68467431622005,25.0,True,True,True,False,False,max_holding_time,19084.0,19084.25,-9.5,0.0,-9.5,-0.38,80.0,19.0,3.2,0.76,60,59.0,3,2024-06-11,2.189189189189189,0.8703374777975132,0.479253112033195,partial_bullish,3.714107978914972,0.983117828543696,bearish,bearish,True,True,True,False,2024
231,246304,246305,246355,2024-06-12 13:33:00+00:00,2024-06-12 13:34:00+00:00,2024-06-12 14:24:00+00:00,long,19428.5,19428.25,19428.5,19403.5,19453.5,19478.5,19503.5,19528.5,91.16186903238516,a_plus_plus,54.16186903238517,25.0,True,True,True,True,False,tp4,19528.5,19528.25,99.75,0.0,99.75,3.99,102.0,14.0,4.08,0.56,51,50.0,4,2024-06-12,2.0732484076433124,0.56,4.325272067714631,partial_bullish,3.1973290126184515,1.1534850766096891,bullish,bullish,True,True,True,True,2024
232,247684,247685,247721,2024-06-13 13:33:00+00:00,2024-06-13 13:34:00+00:00,2024-06-13 14:10:00+00:00,long,19639.0,19639.0,19639.25,19614.25,19664.25,19689.25,19714.25,19739.25,72.0,near_trigger,72.0,25.0,False,False,False,False,True,stop,19614.25,19614.0,-25.25,0.0,-25.25,-1.01,24.5,26.75,0.98,1.07,37,36.0,0,2024-06-13,0.5057034220532319,0.7579983593109106,0.1814024390243902,partial_bullish,2.3528367220101214,0.7111357598418506,bullish,bullish,True,True,True,False,2024
233,249064,249065,249124,2024-06-14 13:33:00+00:00,2024-06-14 13:34:00+00:00,2024-06-14 14:33:00+00:00,long,19572.5,19572.75,19573.0,19548.0,19598.0,19623.0,19648.0,19673.0,86.89347799065969,high_probability,69.89347799065969,25.0,True,True,True,False,False,max_holding_time,19605.75,19605.5,32.5,0.0,32.5,1.3,76.0,1.25,3.04,0.05,60,59.0,3,2024-06-14,0.2032667876588021,1.6124661246612466,1.4451019066403683,strong_bullish,4.066531381359617,1.0101628394739448,bullish,bullish,True,True,True,False,2024
234,250027,250028,250038,2024-06-17 13:36:00+00:00,2024-06-17 13:37:00+00:00,2024-06-17 13:47:00+00:00,long,19947.5,19947.75,19948.0,19923.0,19973.0,19998.0,20023.0,20048.0,75.89427284726472,near_trigger,40.89427284726472,25.0,False,False,False,False,True,stop,19923.0,19922.75,-25.25,0.0,-25.25,-1.01,11.25,26.5,0.45,1.06,11,10.0,0,2024-06-17,1.700189753320683,0.9971509971509972,1.5302325581395348,strong_bearish,2.2514335535360988,0.6700933180298418,neutral,bullish,True,True,True,False,2024
235,250077,250078,250087,2024-06-17 14:26:00+00:00,2024-06-17 14:27:00+00:00,2024-06-17 14:36:00+00:00,short,19946.0,19946.25,19946.0,19971.0,19921.0,19896.0,19871.0,19846.0,73.4030828662421,near_trigger,-44.4030828662421,25.0,False,False,False,False,True,stop,19971.0,19971.25,-25.25,0.0,-25.25,-1.01,16.75,26.0,0.67,1.04,10,9.0,0,2024-06-17,2.24,0.4662875710804224,0.7647058823529411,partial_bullish,1.95155433531131,1.3312992780110564,neutral,bearish,False,True,True,False,2024
236,251428,251429,251431,2024-06-18 13:57:00+00:00,2024-06-18 13:58:00+00:00,2024-06-18 14:00:00+00:00,long,20196.5,20196.25,20196.5,20171.5,20221.5,20246.5,20271.5,20296.5,85.2477406794243,high_probability,72.2477406794243,25.0,False,False,False,False,True,stop,20171.5,20171.25,-25.25,0.0,-25.25,-1.01,4.75,28.5,0.19,1.14,3,2.0,0,2024-06-18,2.1462728551336148,0.4375,1.776879547291835,partial_bearish,1.6068559185859668,1.380991064175467,bullish,bullish,True,True,True,True,2024
237,251451,251452,251496,2024-06-18 14:20:00+00:00,2024-06-18 14:21:00+00:00,2024-06-18 15:05:00+00:00,long,20172.5,20173.25,20173.5,20148.5,20198.5,20223.5,20248.5,20273.5,71.0,near_trigger,42.57079907367064,25.0,True,False,False,False,True,stop,20148.5,20148.25,-25.25,0.0,-25.25,-1.01,28.5,31.75,1.14,1.27,45,44.0,1,2024-06-18,3.465618860510806,0.2020850040096231,0.0790960451977401,strong_bearish,1.691391237509608,1.4431637454706432,bullish,bullish,False,False,True,False,2024
238,255301,255302,255303,2024-06-21 13:30:00+00:00,2024-06-21 13:31:00+00:00,2024-06-21 13:32:00+00:00,short,19993.0,19993.25,19993.0,20018.0,19968.0,19943.0,19918.0,19893.0,76.72932330827068,near_trigger,-51.72932330827068,25.0,False,False,False,False,True,stop,20018.0,20018.25,-25.25,0.0,-25.25,-1.01,4.0,28.75,0.16,1.15,2,1.0,0,2024-06-21,2.8636363636363638,0.2770833333333333,1.1944055944055945,partial_bearish,11.247455380391042,1.7407423689570785,bearish,bearish,True,True,False,False,2024
239,255321,255322,255331,2024-06-21 13:50:00+00:00,2024-06-21 13:51:00+00:00,2024-06-21 14:00:00+00:00,short,19941.75,19941.5,19941.25,19966.25,19916.25,19891.25,19866.25,19841.25,70.04407178581936,near_trigger,-61.04407178581936,25.0,True,False,False,False,True,stop,19966.25,19966.5,-25.25,0.0,-25.25,-1.01,27.25,36.75,1.09,1.47,10,9.0,1,2024-06-21,1.4827890556045895,3.2015503875969,0.0532994923857868,strong_bearish,1.7242037384867266,1.829615339522292,bearish,bearish,False,True,True,False,2024
240,256686,256687,256712,2024-06-24 13:35:00+00:00,2024-06-24 13:36:00+00:00,2024-06-24 14:01:00+00:00,short,19940.0,19940.5,19940.25,19965.25,19915.25,19890.25,19865.25,19840.25,73.46963797426884,near_trigger,-38.46963797426884,25.0,True,True,False,False,True,stop,19965.25,19965.5,-25.25,0.0,-25.25,-1.01,73.5,48.5,2.94,1.94,26,25.0,2,2024-06-24,1.9051987767584095,2.277189605389798,0.8252840909090909,partial_bullish,2.647811890723732,1.065285600877027,bearish,bearish,True,True,False,False,2024
241,256726,256727,256759,2024-06-24 14:15:00+00:00,2024-06-24 14:16:00+00:00,2024-06-24 14:48:00+00:00,short,19956.25,19956.25,19956.0,19981.0,19931.0,19906.0,19881.0,19856.0,84.2656096112969,high_probability,-73.2656096112969,25.0,True,True,True,True,False,tp4,19856.0,19856.25,99.75,0.0,99.75,3.99,114.0,10.5,4.56,0.42,33,32.0,4,2024-06-24,1.4499424626006905,2.866304884065121,1.0692599620493357,partial_bullish,1.0033745781777277,1.1167449139280126,bearish,bearish,True,True,True,False,2024
242,258093,258094,258153,2024-06-25 14:02:00+00:00,2024-06-25 14:03:00+00:00,2024-06-25 15:02:00+00:00,long,19857.75,19857.75,19858.0,19833.0,19883.0,19908.0,19933.0,19958.0,70.4095221317925,near_trigger,56.4095221317925,25.0,True,False,False,False,False,max_holding_time,19889.75,19889.5,31.5,0.0,31.5,1.26,43.75,4.75,1.75,0.19,60,59.0,1,2024-06-25,1.4547677261613692,0.7335701598579041,0.7151702786377708,strong_bullish,1.319759432852871,1.3839269985554734,bullish,bullish,False,True,True,False,2024
243,259498,259499,259517,2024-06-26 14:27:00+00:00,2024-06-26 14:28:00+00:00,2024-06-26 14:46:00+00:00,short,19982.25,19982.25,19982.0,20007.0,19957.0,19932.0,19907.0,19882.0,78.32834978843442,near_trigger,-36.32834978843442,25.0,True,False,False,False,True,stop,20007.0,20007.25,-25.25,0.0,-25.25,-1.01,38.0,25.25,1.52,1.01,19,18.0,1,2024-06-26,2.4287729196050774,1.3963963963963963,2.382089552238806,partial_bullish,2.4504881880062834,2.577593468541437,bearish,bearish,True,True,False,False,2024
244,260871,260872,260887,2024-06-27 14:20:00+00:00,2024-06-27 14:21:00+00:00,2024-06-27 14:36:00+00:00,long,20077.0,20076.75,20077.0,20052.0,20102.0,20127.0,20152.0,20177.0,77.432058287796,near_trigger,58.432058287796,25.0,False,False,False,False,True,stop,20052.0,20051.75,-25.25,0.0,-25.25,-1.01,16.5,25.0,0.66,1.0,16,15.0,0,2024-06-27,1.9405940594059403,0.6589884827240862,3.015166835187058,partial_bullish,1.0804876202014082,1.7095962621301066,bullish,bullish,False,True,True,False,2024
245,262201,262202,262207,2024-06-28 13:30:00+00:00,2024-06-28 13:31:00+00:00,2024-06-28 13:36:00+00:00,short,20048.5,20048.75,20048.5,20073.5,20023.5,19998.5,19973.5,19948.5,74.05269887502033,near_trigger,-65.05269887502033,25.0,False,False,False,False,True,stop,20073.5,20073.75,-25.25,0.0,-25.25,-1.01,9.5,30.75,0.38,1.23,6,5.0,0,2024-06-28,2.554744525547445,0.1607875307629204,3.2463768115942027,strong_bearish,7.2047055057618445,1.236905195331552,bearish,bearish,True,True,False,False,2024
246,263583,263584,263589,2024-07-01 13:32:00+00:00,2024-07-01 13:33:00+00:00,2024-07-01 13:38:00+00:00,short,19946.25,19946.5,19946.25,19971.25,19921.25,19896.25,19871.25,19846.25,85.31462419749583,high_probability,-53.31462419749583,25.0,False,False,False,False,True,stop,19971.25,19971.5,-25.25,0.0,-25.25,-1.01,18.25,28.25,0.73,1.13,6,5.0,0,2024-07-01,1.5152439024390243,1.1062176165803108,0.1037037037037037,strong_bearish,5.024796369210423,1.482460185152343,bearish,bearish,True,True,True,False,2024
247,263621,263622,263630,2024-07-01 14:10:00+00:00,2024-07-01 14:11:00+00:00,2024-07-01 14:19:00+00:00,short,19884.25,19884.0,19883.75,19908.75,19858.75,19833.75,19808.75,19783.75,92.86666666666666,a_plus_plus,-71.86666666666666,25.0,True,True,False,False,True,stop,19908.75,19909.0,-25.25,0.0,-25.25,-1.01,72.25,36.25,2.89,1.45,9,8.0,2,2024-07-01,2.07305034550839,0.0318362706083001,2.935768261964736,strong_bearish,2.047922533471666,2.47516002675074,bearish,bearish,True,True,True,False,2024
248,264971,264972,265002,2024-07-02 13:40:00+00:00,2024-07-02 13:41:00+00:00,2024-07-02 14:11:00+00:00,long,20049.0,20049.5,20049.75,20024.75,20074.75,20099.75,20124.75,20149.75,71.67281556439738,near_trigger,37.67281556439738,25.0,True,False,False,False,True,stop,20024.75,20024.5,-25.25,0.0,-25.25,-1.01,46.75,27.75,1.87,1.11,31,30.0,1,2024-07-02,1.8114602587800368,3.5510948905109485,1.6672727272727272,strong_bullish,1.795980280621919,1.907545715041946,neutral,bullish,False,True,True,False,2024
249,266341,266342,266345,2024-07-03 13:30:00+00:00,2024-07-03 13:31:00+00:00,2024-07-03 13:34:00+00:00,short,20242.5,20242.5,20242.25,20267.25,20217.25,20192.25,20167.25,20142.25,70.0,near_trigger,-21.94746151149937,25.0,False,False,False,False,True,stop,20267.25,20267.5,-25.25,0.0,-25.25,-1.01,5.0,25.25,0.2,1.01,4,3.0,0,2024-07-03,3.0852390852390856,0.1112582781456953,1.5589519650655022,partial_bearish,9.995097238110802,1.236754832969344,bearish,neutral,True,True,True,False,2024
250,266346,266347,266360,2024-07-03 13:35:00+00:00,2024-07-03 13:36:00+00:00,2024-07-03 13:49:00+00:00,short,20242.0,20241.5,20241.25,20266.25,20216.25,20191.25,20166.25,20141.25,73.73873873873873,near_trigger,-38.73873873873873,25.0,False,False,False,False,True,stop,20266.25,20266.5,-25.25,0.0,-25.25,-1.01,7.0,28.25,0.28,1.13,14,13.0,0,2024-07-03,0.0357142857142857,2.539890710382513,1.5589519650655022,partial_bearish,2.9913928436095927,1.522901394477209,bearish,bearish,True,True,False,False,2024
251,266371,266372,266373,2024-07-03 14:00:00+00:00,2024-07-03 14:01:00+00:00,2024-07-03 14:02:00+00:00,short,20247.5,20247.5,20247.25,20272.25,20222.25,20197.25,20172.25,20147.25,78.33333333333334,near_trigger,-61.33333333333334,25.0,False,False,False,False,True,stop,20272.25,20272.5,-25.25,0.0,-25.25,-1.01,0.0,27.0,0.0,1.08,2,1.0,0,2024-07-03,1.6851851851851851,0.7488061127029608,3.039864291772689,partial_bullish,3.3713565186792565,2.002298890611122,bearish,bearish,True,True,True,False,2024
252,267540,267541,267600,2024-07-04 14:14:00+00:00,2024-07-04 14:15:00+00:00,2024-07-04 15:14:00+00:00,short,20377.0,20377.5,20377.25,20402.25,20352.25,20327.25,20302.25,20277.25,75.22276725717971,near_trigger,-75.22276725717971,25.0,False,False,False,False,False,max_holding_time,20387.0,20387.25,-10.0,0.0,-10.0,-0.4,7.75,11.5,0.31,0.46,60,59.0,0,2024-07-04,1.435897435897436,2.423076923076924,3.955555555555556,strong_bearish,0.7690083839259902,0.0662160984777765,bearish,bearish,False,False,True,False,2024
253,268651,268652,268711,2024-07-05 13:45:00+00:00,2024-07-05 13:46:00+00:00,2024-07-05 14:45:00+00:00,long,20445.5,20446.0,20446.25,20421.25,20471.25,20496.25,20521.25,20546.25,71.0,near_trigger,40.9957805907173,25.0,True,True,True,False,False,max_holding_time,20534.0,20533.75,87.5,0.0,87.5,3.5,98.25,18.25,3.93,0.73,60,59.0,3,2024-07-05,2.111814345991561,1.9903069466882068,0.9005305039787799,partial_bullish,1.7714721384294096,1.709697027865758,bullish,bullish,False,True,True,False,2024
254,272780,272781,272840,2024-07-10 13:34:00+00:00,2024-07-10 13:35:00+00:00,2024-07-10 14:34:00+00:00,long,20740.5,20741.0,20741.25,20716.25,20766.25,20791.25,20816.25,20841.25,79.0,near_trigger,50.78016875633983,25.0,True,True,False,False,False,max_holding_time,20753.5,20753.25,12.0,0.0,12.0,0.48,54.5,19.75,2.18,0.79,60,59.0,2,2024-07-10,2.3894230769230766,0.0992907801418439,0.4674457429048414,partial_bearish,2.459953644089621,0.9825340986237118,bullish,bullish,True,True,True,False,2024
255,274180,274181,274196,2024-07-11 13:54:00+00:00,2024-07-11 13:55:00+00:00,2024-07-11 14:10:00+00:00,long,20836.25,20836.75,20837.0,20812.0,20862.0,20887.0,20912.0,20937.0,71.01673640167364,near_trigger,52.01673640167364,25.0,True,False,False,False,True,stop,20812.0,20811.75,-25.25,0.0,-25.25,-1.01,35.0,31.0,1.4,1.24,16,15.0,1,2024-07-11,1.3765690376569035,2.0352422907488985,0.0927152317880794,partial_bearish,1.1566577901049695,2.0026565852661693,bullish,bullish,True,False,False,False,2024
256,274214,274215,274227,2024-07-11 14:28:00+00:00,2024-07-11 14:29:00+00:00,2024-07-11 14:41:00+00:00,long,20691.5,20691.5,20691.75,20666.75,20716.75,20741.75,20766.75,20791.75,71.51583779648048,near_trigger,53.51583779648048,25.0,True,False,False,False,True,stop,20666.75,20666.5,-25.25,0.0,-25.25,-1.01,34.75,27.5,1.39,1.1,13,12.0,1,2024-07-11,0.8140780413159908,5.093778178539225,3.376507369361322,partial_bearish,0.6008858530337797,2.077421086176244,bullish,bullish,True,True,False,False,2024
257,275566,275567,275569,2024-07-12 14:00:00+00:00,2024-07-12 14:01:00+00:00,2024-07-12 14:03:00+00:00,long,20569.5,20569.25,20569.5,20544.5,20594.5,20619.5,20644.5,20669.5,88.2685664502712,high_probability,82.2685664502712,25.0,False,False,False,False,True,stop,20544.5,20544.25,-25.25,0.0,-25.25,-1.01,3.0,29.25,0.12,1.17,3,2.0,0,2024-07-12,3.9173553719008254,3.5607940446650126,2.9161230195712955,strong_bullish,1.479743015848564,1.3767810471292472,bullish,bullish,False,True,True,False,2024
258,275576,275577,275582,2024-07-12 14:10:00+00:00,2024-07-12 14:11:00+00:00,2024-07-12 14:16:00+00:00,long,20575.5,20575.5,20575.75,20550.75,20600.75,20625.75,20650.75,20675.75,77.40446599899673,near_trigger,77.40446599899673,25.0,False,False,False,False,True,stop,20550.75,20550.5,-25.25,0.0,-25.25,-1.01,11.0,25.25,0.44,1.01,6,5.0,0,2024-07-12,1.368421052631579,4.063731170336037,2.9161230195712955,strong_bullish,1.054808889411719,1.09112296428499,bullish,bullish,False,True,True,False,2024
259,275590,275591,275615,2024-07-12 14:24:00+00:00,2024-07-12 14:25:00+00:00,2024-07-12 14:49:00+00:00,long,20553.0,20553.25,20553.5,20528.5,20578.5,20603.5,20628.5,20653.5,73.4119489981785,near_trigger,56.4119489981785,25.0,True,True,True,True,False,tp4,20653.5,20653.25,99.75,0.0,99.75,3.99,100.25,8.5,4.01,0.34,25,24.0,4,2024-07-12,0.0306010928961748,1.160938352427714,3.096212451023073,partial_bullish,1.2748666723101667,1.6048165809734396,bullish,bullish,True,True,False,False,2024
260,276933,276934,276982,2024-07-15 13:47:00+00:00,2024-07-15 13:48:00+00:00,2024-07-15 14:36:00+00:00,long,20613.5,20613.25,20613.5,20588.5,20638.5,20663.5,20688.5,20713.5,76.56595623756749,near_trigger,41.56595623756749,25.0,True,True,True,True,False,tp4,20713.5,20713.25,99.75,0.0,99.75,3.99,101.0,20.5,4.04,0.82,49,48.0,4,2024-07-15,2.076726342710997,0.4393063583815029,1.327679259830378,strong_bearish,1.3372620126926564,1.819714602952667,neutral,bullish,True,True,True,False,2024
261,278326,278327,278386,2024-07-16 14:00:00+00:00,2024-07-16 14:01:00+00:00,2024-07-16 15:00:00+00:00,short,20574.75,20575.0,20574.75,20599.75,20549.75,20524.75,20499.75,20474.75,77.88856178775278,near_trigger,-65.88856178775278,25.0,True,True,True,False,False,max_holding_time,20532.0,20532.25,42.5,0.0,42.5,1.7,89.25,5.25,3.57,0.21,60,59.0,3,2024-07-16,2.096045197740113,3.033333333333333,2.503846153846154,strong_bearish,1.191491451347569,1.1867225328920554,bearish,bearish,False,False,True,True,2024
262,279706,279707,279766,2024-07-17 14:00:00+00:00,2024-07-17 14:01:00+00:00,2024-07-17 15:00:00+00:00,short,20180.5,20180.5,20180.25,20205.25,20155.25,20130.25,20105.25,20080.25,72.46666666666667,near_trigger,-59.46666666666667,25.0,True,True,True,False,False,max_holding_time,20116.5,20116.75,63.5,0.0,63.5,2.54,82.25,4.0,3.29,0.16,60,59.0,3,2024-07-17,2.5789473684210527,0.921172638436482,2.333333333333333,strong_bearish,2.654272576424261,2.566636598041016,bearish,bearish,True,True,True,True,2024
263,281076,281077,281077,2024-07-18 13:50:00+00:00,2024-07-18 13:51:00+00:00,2024-07-18 13:51:00+00:00,long,20072.25,20072.0,20072.25,20047.25,20097.25,20122.25,20147.25,20172.25,75.41547822837043,near_trigger,75.41547822837043,25.0,False,False,False,False,True,stop,20047.25,20047.0,-25.25,0.0,-25.25,-1.01,0.0,28.0,0.0,1.12,1,0.0,0,2024-07-18,1.6824034334763949,3.321507760532151,2.03622392974753,partial_bearish,0.909405513974934,1.0898327275092907,bullish,bullish,False,True,True,False,2024
264,281091,281092,281106,2024-07-18 14:05:00+00:00,2024-07-18 14:06:00+00:00,2024-07-18 14:20:00+00:00,long,20092.25,20092.0,20092.25,20067.25,20117.25,20142.25,20167.25,20192.25,75.72788958000862,near_trigger,60.72788958000862,25.0,False,False,False,False,True,stop,20067.25,20067.0,-25.25,0.0,-25.25,-1.01,14.75,39.0,0.59,1.56,15,14.0,0,2024-07-18,1.468615649183147,0.9959839357429718,1.9140911471974853,partial_bearish,1.0047326154708704,1.1918547787645242,bullish,bullish,False,True,True,True,2024
265,282436,282437,282440,2024-07-19 13:30:00+00:00,2024-07-19 13:31:00+00:00,2024-07-19 13:34:00+00:00,short,19853.75,19853.5,19853.25,19878.25,19828.25,19803.25,19778.25,19753.25,74.64375280219693,near_trigger,-57.64375280219693,25.0,False,False,False,False,True,stop,19878.25,19878.5,-25.25,0.0,-25.25,-1.01,17.25,54.75,0.69,2.19,4,3.0,0,2024-07-19,2.1789883268482493,2.2253275109170305,1.616778871051269,strong_bearish,7.542189351530257,1.1126784336419753,bearish,bearish,True,True,False,False,2024
266,282453,282454,282455,2024-07-19 13:47:00+00:00,2024-07-19 13:48:00+00:00,2024-07-19 13:49:00+00:00,short,19862.75,19863.25,19863.0,19888.0,19838.0,19813.0,19788.0,19763.0,75.17183414744642,near_trigger,-73.17183414744642,25.0,False,False,False,False,True,stop,19888.0,19888.25,-25.25,0.0,-25.25,-1.01,4.25,37.0,0.17,1.48,2,1.0,0,2024-07-19,2.506586826347305,0.1327384272169548,0.0430958663148636,strong_bearish,0.8715162805877193,1.150091519219036,bearish,bearish,True,True,True,False,2024
267,283820,283821,283833,2024-07-22 13:34:00+00:00,2024-07-22 13:35:00+00:00,2024-07-22 13:47:00+00:00,long,19911.25,19911.0,19911.25,19886.25,19936.25,19961.25,19986.25,20011.25,70.69763208789065,near_trigger,30.697632087890653,25.0,True,True,True,True,False,tp4,20011.25,20011.0,99.75,0.0,99.75,3.99,113.25,3.5,4.53,0.14,13,12.0,4,2024-07-22,2.784090909090909,2.327365728900256,2.1843971631205674,partial_bullish,3.0675085749922046,1.2790300823974907,bullish,bullish,False,True,False,False,2024
268,285200,285201,285260,2024-07-23 13:34:00+00:00,2024-07-23 13:35:00+00:00,2024-07-23 14:34:00+00:00,long,19977.25,19977.0,19977.25,19952.25,20002.25,20027.25,20052.25,20077.25,70.55314351444699,near_trigger,41.55314351444699,25.0,True,True,False,False,False,max_holding_time,20008.5,20008.25,31.0,0.0,31.0,1.24,70.5,17.0,2.82,0.68,60,59.0,2,2024-07-23,1.4786096256684491,1.034234234234234,0.7843137254901961,partial_bearish,2.570210063064289,0.90928060094379,bullish,bullish,True,True,True,True,2024
269,286580,286581,286618,2024-07-24 13:34:00+00:00,2024-07-24 13:35:00+00:00,2024-07-24 14:12:00+00:00,short,19582.5,19582.0,19581.75,19606.75,19556.75,19531.75,19506.75,19481.75,73.0,near_trigger,-52.0,25.0,True,True,True,True,False,tp4,19481.75,19482.0,99.75,0.0,99.75,3.99,108.25,6.0,4.33,0.24,38,37.0,4,2024-07-24,3.455128205128205,0.2729044834307992,1.2486255345143555,strong_bearish,4.331701368339879,1.9325209821821467,bearish,bearish,True,True,True,True,2024
270,288001,288002,288002,2024-07-25 14:15:00+00:00,2024-07-25 14:16:00+00:00,2024-07-25 14:16:00+00:00,short,18940.5,18940.25,18940.0,18965.0,18915.0,18890.0,18865.0,18840.0,74.0,near_trigger,-47.66349779711573,25.0,False,False,False,False,True,stop,18965.0,18965.25,-25.25,0.0,-25.25,-1.01,2.75,51.0,0.11,2.04,1,0.0,0,2024-07-25,0.2988260405549626,3.459314456035768,4.1723886048210375,partial_bearish,1.1818964392852485,1.8855706485550676,bearish,bearish,False,True,True,True,2024
271,288003,288004,288005,2024-07-25 14:17:00+00:00,2024-07-25 14:18:00+00:00,2024-07-25 14:19:00+00:00,short,18963.25,18963.25,18963.0,18988.0,18938.0,18913.0,18888.0,18863.0,83.91842193246406,high_probability,-65.91842193246406,25.0,False,False,False,False,True,stop,18988.0,18988.25,-25.25,0.0,-25.25,-1.01,1.0,53.75,0.04,2.15,2,1.0,0,2024-07-25,1.6639919759277837,3.459314456035768,4.1723886048210375,partial_bearish,1.0336972900990742,2.1502733663108566,bearish,bearish,False,True,True,False,2024
272,289336,289337,289340,2024-07-26 13:30:00+00:00,2024-07-26 13:31:00+00:00,2024-07-26 13:34:00+00:00,long,19134.0,19133.5,19133.75,19108.75,19158.75,19183.75,19208.75,19233.75,79.0,near_trigger,51.2245045045045,25.0,False,False,False,False,True,stop,19108.75,19108.5,-25.25,0.0,-25.25,-1.01,21.25,44.75,0.85,1.79,4,3.0,0,2024-07-26,4.113846153846153,0.2357658380112269,1.8278052223006356,strong_bearish,14.089145254326167,1.5588936659065988,bullish,bullish,True,True,True,False,2024
273,289341,289342,289346,2024-07-26 13:35:00+00:00,2024-07-26 13:36:00+00:00,2024-07-26 13:40:00+00:00,long,19121.5,19121.0,19121.25,19096.25,19146.25,19171.25,19196.25,19221.25,73.65414620841672,near_trigger,38.65414620841672,25.0,False,False,False,False,True,stop,19096.25,19096.0,-25.25,0.0,-25.25,-1.01,23.0,26.0,0.92,1.04,5,4.0,0,2024-07-26,0.6156552330694811,2.79625918503674,1.8278052223006356,strong_bearish,2.896025967451348,1.283116951657167,bullish,bullish,True,True,False,False,2024
274,290725,290726,290758,2024-07-29 13:39:00+00:00,2024-07-29 13:40:00+00:00,2024-07-29 14:12:00+00:00,long,19313.0,19312.5,19312.75,19287.75,19337.75,19362.75,19387.75,19412.75,75.53031218529708,near_trigger,34.53031218529708,25.0,True,True,False,False,True,stop,19287.75,19287.5,-25.25,0.0,-25.25,-1.01,64.5,44.25,2.58,1.77,33,32.0,2,2024-07-29,2.305135951661632,1.5528169014084507,0.2850678733031674,partial_bearish,2.116903633491312,1.5401922183365533,neutral,bullish,True,True,True,True,2024
275,293477,293478,293480,2024-07-31 13:31:00+00:00,2024-07-31 13:32:00+00:00,2024-07-31 13:34:00+00:00,long,19344.5,19344.25,19344.5,19319.5,19369.5,19394.5,19419.5,19444.5,79.0,near_trigger,28.0,25.0,False,False,False,False,True,stop,19319.5,19319.25,-25.25,0.0,-25.25,-1.01,9.5,34.0,0.38,1.36,3,2.0,0,2024-07-31,1.5698924731182795,0.8477292965271594,3.9637023593466423,partial_bullish,7.9187904472825155,1.6846889106848044,bullish,bullish,True,True,True,True,2024
276,293481,293482,293513,2024-07-31 13:35:00+00:00,2024-07-31 13:36:00+00:00,2024-07-31 14:07:00+00:00,long,19338.75,19338.75,19339.0,19314.0,19364.0,19389.0,19414.0,19439.0,88.88578472516834,high_probability,53.885784725168335,25.0,True,True,True,True,False,tp4,19439.0,19438.75,99.75,0.0,99.75,3.99,100.0,19.0,4.0,0.76,32,31.0,4,2024-07-31,1.221476510067114,2.1865724381625444,3.9637023593466423,partial_bearish,2.9747375888388223,1.4779231798453154,bullish,bullish,True,True,True,True,2024
277,294857,294858,294865,2024-08-01 13:31:00+00:00,2024-08-01 13:32:00+00:00,2024-08-01 13:39:00+00:00,short,19544.75,19545.0,19544.75,19569.75,19519.75,19494.75,19469.75,19444.75,79.0,near_trigger,-68.60745723038806,25.0,True,False,False,False,True,stop,19569.75,19570.0,-25.25,0.0,-25.25,-1.01,39.75,25.0,1.59,1.0,8,7.0,1,2024-08-01,0.6119205298013245,2.651810584958217,1.9919839679358715,partial_bearish,6.868522043936784,1.343753879623773,bearish,bearish,True,True,True,False,2024
278,294908,294909,294910,2024-08-01 14:22:00+00:00,2024-08-01 14:23:00+00:00,2024-08-01 14:24:00+00:00,short,19471.75,19471.75,19471.5,19496.5,19446.5,19421.5,19396.5,19371.5,93.0,a_plus_plus,-72.0,25.0,False,False,False,False,True,stop,19496.5,19496.75,-25.25,0.0,-25.25,-1.01,9.75,40.5,0.39,1.62,2,1.0,0,2024-08-01,2.684715172024817,1.7632623601587876,0.3810483870967742,strong_bearish,1.467078092892188,2.162114172412773,bearish,bearish,True,True,True,True,2024
279,294915,294916,294934,2024-08-01 14:29:00+00:00,2024-08-01 14:30:00+00:00,2024-08-01 14:48:00+00:00,short,19446.0,19447.0,19446.75,19471.75,19421.75,19396.75,19371.75,19346.75,84.77893432465923,high_probability,-63.77893432465923,25.0,True,True,True,True,False,tp4,19346.75,19347.0,99.75,0.0,99.75,3.99,116.5,24.5,4.66,0.98,19,18.0,4,2024-08-01,2.029739776951673,2.480781758957655,0.3810483870967742,strong_bearish,1.25256457835881,2.1079424935187365,bearish,bearish,False,True,True,False,2024
280,296236,296237,296244,2024-08-02 13:30:00+00:00,2024-08-02 13:31:00+00:00,2024-08-02 13:38:00+00:00,short,18635.5,18635.0,18634.75,18659.75,18609.75,18584.75,18559.75,18534.75,70.49862429934674,near_trigger,-57.49862429934674,25.0,True,True,True,False,True,stop,18659.75,18660.0,-25.25,0.0,-25.25,-1.01,93.0,33.75,3.72,1.35,8,7.0,3,2024-08-02,0.6686567164179105,1.349296617779108,0.7448425624321389,partial_bullish,5.500213897207114,1.3844378925778746,bearish,bearish,True,True,False,False,2024
281,296247,296248,296253,2024-08-02 13:41:00+00:00,2024-08-02 13:42:00+00:00,2024-08-02 13:47:00+00:00,short,18727.25,18727.75,18727.5,18752.5,18702.5,18677.5,18652.5,18627.5,70.54909562282789,near_trigger,-51.54909562282789,25.0,True,True,True,True,False,tp4,18627.5,18627.75,99.75,0.0,99.75,3.99,106.0,5.0,4.24,0.2,6,5.0,4,2024-08-02,2.450715746421268,1.1754989676531316,0.7448425624321389,partial_bullish,1.590196981479664,1.5661226159051196,bearish,bearish,True,True,False,False,2024
282,296270,296271,296276,2024-08-02 14:04:00+00:00,2024-08-02 14:05:00+00:00,2024-08-02 14:10:00+00:00,short,18545.75,18545.25,18545.0,18570.0,18520.0,18495.0,18470.0,18445.0,76.4940415704388,near_trigger,-68.4940415704388,25.0,True,True,True,True,False,tp4,18445.0,18445.25,99.75,0.0,99.75,3.99,111.5,4.25,4.46,0.17,6,5.0,4,2024-08-02,0.7371824480369515,0.4149358226371062,0.3303834808259587,partial_bullish,1.0623586767569828,1.5191529526105767,bearish,bearish,False,True,True,False,2024
283,297618,297619,297619,2024-08-05 13:32:00+00:00,2024-08-05 13:33:00+00:00,2024-08-05 13:33:00+00:00,short,17603.5,17603.75,17603.5,17628.5,17578.5,17553.5,17528.5,17503.5,74.11473725800079,near_trigger,-66.11473725800079,25.0,False,False,False,False,True,stop,17628.5,17628.75,-25.25,0.0,-25.25,-1.01,0.75,78.0,0.03,3.12,1,0.0,0,2024-08-05,0.348478862109838,0.4308855291576674,0.1004195425632697,partial_bearish,4.570504416863721,2.1291508281679854,bearish,bearish,False,True,True,False,2024
284,297620,297621,297621,2024-08-05 13:34:00+00:00,2024-08-05 13:35:00+00:00,2024-08-05 13:35:00+00:00,short,17677.25,17678.25,17678.0,17703.0,17653.0,17628.0,17603.0,17578.0,80.10789865871833,high_probability,-80.10789865871833,25.0,False,False,False,False,True,stop,17703.0,17703.25,-25.25,0.0,-25.25,-1.01,32.75,30.0,1.31,1.2,1,0.0,0,2024-08-05,2.357675111773472,0.4308855291576674,0.1004195425632697,partial_bearish,2.46149727848666,1.7262288414004567,bearish,bearish,True,True,True,False,2024
285,297647,297648,297648,2024-08-05 14:01:00+00:00,2024-08-05 14:02:00+00:00,2024-08-05 14:02:00+00:00,long,18102.25,18102.0,18102.25,18077.25,18127.25,18152.25,18177.25,18202.25,75.8839378238342,near_trigger,33.8839378238342,25.0,False,False,False,False,True,stop,18077.25,18077.0,-25.25,0.0,-25.25,-1.01,10.25,50.5,0.41,2.02,1,0.0,0,2024-08-05,3.5770725388601035,1.7861163227016887,2.2836543877436077,strong_bullish,1.7377434519811954,1.6321703134240095,neutral,bullish,False,True,True,False,2024
286,299000,299001,299008,2024-08-06 13:34:00+00:00,2024-08-06 13:35:00+00:00,2024-08-06 13:42:00+00:00,short,18112.0,18111.0,18110.75,18135.75,18085.75,18060.75,18035.75,18010.75,77.04035714925186,near_trigger,-20.04035714925186,25.0,True,True,True,True,False,tp4,18010.75,18011.0,99.75,0.0,99.75,3.99,135.0,20.25,5.4,0.81,8,7.0,4,2024-08-06,1.067471201316511,0.4819277108433735,1.4212368728121354,partial_bearish,3.019127472815407,1.100334827423619,neutral,bearish,True,True,True,False,2024
287,301760,301761,301763,2024-08-08 13:34:00+00:00,2024-08-08 13:35:00+00:00,2024-08-08 13:37:00+00:00,long,18214.5,18213.75,18214.0,18189.0,18239.0,18264.0,18289.0,18314.0,72.32666210048006,near_trigger,59.326662100480064,25.0,False,False,False,False,True,stop,18189.0,18188.75,-25.25,0.0,-25.25,-1.01,15.75,57.0,0.63,2.28,3,2.0,0,2024-08-08,0.4533132530120481,0.826148409893993,4.118935837245696,partial_bullish,2.194956167105286,0.7390107794410182,bullish,bullish,True,False,False,False,2024
288,301785,301786,301801,2024-08-08 13:59:00+00:00,2024-08-08 14:00:00+00:00,2024-08-08 14:15:00+00:00,long,18208.5,18209.0,18209.25,18184.25,18234.25,18259.25,18284.25,18309.25,81.97573639540688,high_probability,80.97573639540688,25.0,True,True,True,True,False,tp4,18309.25,18309.0,99.75,0.0,99.75,3.99,102.5,19.5,4.1,0.78,16,15.0,4,2024-08-08,0.9435846230654018,0.8706896551724138,2.38691159586682,partial_bullish,1.1455308589831583,1.8902319503430247,bullish,bullish,False,True,True,False,2024
289,301803,301804,301804,2024-08-08 14:17:00+00:00,2024-08-08 14:18:00+00:00,2024-08-08 14:18:00+00:00,long,18349.0,18348.75,18349.0,18324.0,18374.0,18399.0,18424.0,18449.0,80.60185794889237,high_probability,72.60185794889237,25.0,False,False,False,False,True,stop,18324.0,18323.75,-25.25,0.0,-25.25,-1.01,0.75,35.5,0.03,1.42,1,0.0,0,2024-08-08,2.330423940149626,3.2329157175398637,1.949658903787344,strong_bullish,0.8898811616623304,0.8497779866875949,bullish,bullish,False,True,True,False,2024
290,301812,301813,301863,2024-08-08 14:26:00+00:00,2024-08-08 14:27:00+00:00,2024-08-08 15:17:00+00:00,long,18352.25,18351.75,18352.0,18327.0,18377.0,18402.0,18427.0,18452.0,72.02344129240811,near_trigger,65.02344129240811,25.0,True,True,True,False,True,stop,18327.0,18326.75,-25.25,0.0,-25.25,-1.01,86.25,28.5,3.45,1.14,51,50.0,3,2024-08-08,1.3542361574382922,1.851891601824524,1.949658903787344,strong_bullish,1.0878243512974053,0.8540726092309989,bullish,bullish,False,False,True,False,2024
291,303193,303194,303194,2024-08-09 14:27:00+00:00,2024-08-09 14:28:00+00:00,2024-08-09 14:28:00+00:00,short,18484.25,18484.25,18484.0,18509.0,18459.0,18434.0,18409.0,18384.0,71.6029705869809,near_trigger,-68.6029705869809,25.0,False,False,False,False,True,stop,18509.0,18509.25,-25.25,0.0,-25.25,-1.01,1.75,27.25,0.07,1.09,1,0.0,0,2024-08-09,1.715824915824916,1.334395919668473,2.04989604989605,partial_bullish,0.7760144463659555,0.8178101778198441,bearish,bearish,False,False,True,False,2024
292,304516,304517,304517,2024-08-12 13:30:00+00:00,2024-08-12 13:31:00+00:00,2024-08-12 13:31:00+00:00,long,18662.75,18662.75,18663.0,18638.0,18688.0,18713.0,18738.0,18763.0,82.44925412602859,high_probability,82.44925412602859,25.0,False,False,False,False,True,stop,18638.0,18637.75,-25.25,0.0,-25.25,-1.01,3.25,29.5,0.13,1.18,1,0.0,0,2024-08-12,0.0496453900709219,1.779527559055118,0.8873974645786725,partial_bearish,8.204696810375044,0.5461757431518036,bullish,bullish,True,True,True,False,2024
293,304520,304521,304522,2024-08-12 13:34:00+00:00,2024-08-12 13:35:00+00:00,2024-08-12 13:36:00+00:00,long,18669.25,18669.5,18669.75,18644.75,18694.75,18719.75,18744.75,18769.75,71.37056305915952,near_trigger,70.37056305915952,25.0,False,False,False,False,True,stop,18644.75,18644.5,-25.25,0.0,-25.25,-1.01,3.0,28.25,0.12,1.13,2,1.0,0,2024-08-12,1.8459743290548425,1.779527559055118,0.8873974645786725,partial_bearish,2.6909801367632693,0.4928229379737248,bullish,bullish,True,True,False,False,2024
294,304544,304545,304559,2024-08-12 13:58:00+00:00,2024-08-12 13:59:00+00:00,2024-08-12 14:13:00+00:00,long,18548.0,18548.25,18548.5,18523.5,18573.5,18598.5,18623.5,18648.5,70.32307692307693,near_trigger,59.323076923076925,25.0,True,True,True,True,False,tp4,18648.5,18648.25,99.75,0.0,99.75,3.99,106.0,17.25,4.24,0.69,15,14.0,4,2024-08-12,0.9333333333333332,2.2361715351149782,4.1786133960047005,strong_bearish,1.1614818658076975,1.5495395027783654,bullish,bullish,True,True,False,False,2024
295,305897,305898,305908,2024-08-13 13:31:00+00:00,2024-08-13 13:32:00+00:00,2024-08-13 13:42:00+00:00,long,18857.0,18856.75,18857.0,18832.0,18882.0,18907.0,18932.0,18957.0,71.25549732439698,near_trigger,46.25549732439698,25.0,True,False,False,False,True,stop,18832.0,18831.75,-25.25,0.0,-25.25,-1.01,34.25,31.0,1.37,1.24,11,10.0,1,2024-08-13,1.090403337969402,0.45841519318926,1.7256719184430027,strong_bullish,4.08441332108115,0.6871991171437254,bullish,bullish,True,True,True,False,2024
296,307281,307282,307287,2024-08-14 13:35:00+00:00,2024-08-14 13:36:00+00:00,2024-08-14 13:41:00+00:00,long,19117.75,19118.0,19118.25,19093.25,19143.25,19168.25,19193.25,19218.25,71.1219355889075,near_trigger,36.12193558890751,25.0,False,False,False,False,True,stop,19093.25,19093.0,-25.25,0.0,-25.25,-1.01,13.0,32.75,0.52,1.31,6,5.0,0,2024-08-14,2.269927536231884,0.7444952222683839,1.11913357400722,partial_bearish,4.401082923894515,1.3461986725718,bullish,bullish,True,True,False,False,2024
297,307332,307333,307335,2024-08-14 14:26:00+00:00,2024-08-14 14:27:00+00:00,2024-08-14 14:29:00+00:00,short,18984.0,18984.5,18984.25,19009.25,18959.25,18934.25,18909.25,18884.25,83.63004014730393,high_probability,-68.63004014730393,25.0,False,False,False,False,True,stop,19009.25,19009.5,-25.25,0.0,-25.25,-1.01,9.0,30.25,0.36,1.21,3,2.0,0,2024-08-14,0.7769929364278506,0.376068376068376,2.739845585767036,strong_bearish,1.200110805685184,1.073508248591878,bearish,bearish,True,True,True,False,2024
298,311441,311442,311449,2024-08-19 13:55:00+00:00,2024-08-19 13:56:00+00:00,2024-08-19 14:03:00+00:00,long,19586.0,19586.25,19586.5,19561.5,19611.5,19636.5,19661.5,19686.5,76.93990168679723,near_trigger,65.93990168679723,25.0,False,False,False,False,True,stop,19561.5,19561.25,-25.25,0.0,-25.25,-1.01,23.0,26.5,0.92,1.06,8,7.0,0,2024-08-19,0.8666666666666667,0.9116279069767442,1.1458333333333333,strong_bearish,0.9935139259824496,0.7943504720650366,bullish,bullish,True,False,True,False,2024
299,311458,311459,311462,2024-08-19 14:12:00+00:00,2024-08-19 14:13:00+00:00,2024-08-19 14:16:00+00:00,long,19613.75,19613.5,19613.75,19588.75,19638.75,19663.75,19688.75,19713.75,70.86545995628302,near_trigger,60.86545995628302,25.0,False,False,False,False,True,stop,19588.75,19588.5,-25.25,0.0,-25.25,-1.01,6.75,36.75,0.27,1.47,4,3.0,0,2024-08-19,0.5885885885885885,0.3166666666666666,1.4528301886792452,partial_bullish,0.7434687819478488,0.501058398705018,bullish,bullish,True,True,True,True,2024
300,312837,312838,312865,2024-08-20 14:11:00+00:00,2024-08-20 14:12:00+00:00,2024-08-20 14:39:00+00:00,short,19862.25,19862.25,19862.0,19887.0,19837.0,19812.0,19787.0,19762.0,92.81045251181266,a_plus_plus,-83.81045251181266,25.0,True,True,True,True,False,tp4,19762.0,19762.25,99.75,0.0,99.75,3.99,100.5,6.5,4.02,0.26,28,27.0,4,2024-08-20,1.944873208379272,1.3989481592787378,2.644556596971882,partial_bullish,1.81957262004639,1.322299229824357,bearish,bearish,True,True,True,True,2024
301,314180,314181,314185,2024-08-21 13:34:00+00:00,2024-08-21 13:35:00+00:00,2024-08-21 13:39:00+00:00,short,19820.25,19821.0,19820.75,19845.75,19795.75,19770.75,19745.75,19720.75,75.1946087476381,near_trigger,-34.1946087476381,25.0,False,False,False,False,True,stop,19845.75,19846.0,-25.25,0.0,-25.25,-1.01,7.5,27.75,0.3,1.11,5,4.0,0,2024-08-21,2.2450450450450448,0.5523520485584219,0.4366471734892787,partial_bearish,3.735730076468669,0.6503511063161282,neutral,bearish,True,True,True,False,2024
302,315561,315562,315576,2024-08-22 13:35:00+00:00,2024-08-22 13:36:00+00:00,2024-08-22 13:50:00+00:00,long,19985.75,19985.75,19986.0,19961.0,20011.0,20036.0,20061.0,20086.0,79.0,near_trigger,54.65019228848472,25.0,False,False,False,False,True,stop,19961.0,19960.75,-25.25,0.0,-25.25,-1.01,21.5,37.0,0.86,1.48,15,14.0,0,2024-08-22,2.556372549019608,0.6975524475524476,0.9984152139461172,partial_bullish,3.625152969970818,1.0177800976550886,bullish,bullish,True,True,True,False,2024
303,315610,315611,315616,2024-08-22 14:24:00+00:00,2024-08-22 14:25:00+00:00,2024-08-22 14:30:00+00:00,long,19918.25,19918.5,19918.75,19893.75,19943.75,19968.75,19993.75,20018.75,75.02992555242865,near_trigger,75.02992555242865,25.0,False,False,False,False,True,stop,19893.75,19893.5,-25.25,0.0,-25.25,-1.01,13.25,33.5,0.53,1.34,6,5.0,0,2024-08-22,1.2322097378277153,2.9453551912568305,2.1123829344432883,partial_bearish,0.9391446850083516,0.9131207484730252,bullish,bullish,True,True,True,False,2024
304,318319,318320,318321,2024-08-26 13:33:00+00:00,2024-08-26 13:34:00+00:00,2024-08-26 13:35:00+00:00,long,19793.75,19793.25,19793.5,19768.5,19818.5,19843.5,19868.5,19893.5,70.87443844250937,near_trigger,54.87443844250937,25.0,False,False,False,False,True,stop,19768.5,19768.25,-25.25,0.0,-25.25,-1.01,8.0,28.0,0.32,1.12,2,1.0,0,2024-08-26,1.9485627836611197,0.2162162162162162,0.8632986627043091,partial_bullish,4.646100472773036,0.9447860398525416,bullish,bullish,True,True,False,False,2024
305,322457,322458,322482,2024-08-29 13:31:00+00:00,2024-08-29 13:32:00+00:00,2024-08-29 13:56:00+00:00,long,19529.5,19530.25,19530.5,19505.5,19555.5,19580.5,19605.5,19630.5,82.03467182628135,high_probability,61.03467182628136,25.0,True,True,True,True,False,tp4,19630.5,19630.25,99.75,0.0,99.75,3.99,121.0,6.5,4.84,0.26,25,24.0,4,2024-08-29,3.6779661016949152,1.1403636363636365,1.037037037037037,strong_bullish,7.253225555728276,1.220004837138767,bullish,bullish,False,True,True,False,2024
306,322494,322495,322495,2024-08-29 14:08:00+00:00,2024-08-29 14:09:00+00:00,2024-08-29 14:09:00+00:00,long,19627.25,19628.0,19628.25,19603.25,19653.25,19678.25,19703.25,19728.25,71.35394628043387,near_trigger,68.35394628043387,25.0,False,False,False,False,True,stop,19603.25,19603.0,-25.25,0.0,-25.25,-1.01,6.25,50.75,0.25,2.03,1,0.0,0,2024-08-29,0.0679199514857489,0.8982078853046596,3.840526700804682,partial_bullish,0.5255807688763177,0.6489107507023886,bullish,bullish,False,False,True,False,2024
307,323839,323840,323868,2024-08-30 13:33:00+00:00,2024-08-30 13:34:00+00:00,2024-08-30 14:02:00+00:00,long,19525.5,19526.0,19526.25,19501.25,19551.25,19576.25,19601.25,19626.25,71.0,near_trigger,23.180834372458165,25.0,True,True,True,True,False,tp4,19626.25,19626.0,99.75,0.0,99.75,3.99,101.75,13.25,4.07,0.53,29,28.0,4,2024-08-30,2.6781002638522424,1.8633540372670807,0.1314553990610328,partial_bullish,3.770825919575556,0.8477830792505529,bullish,bullish,False,True,True,False,2024
308,323871,323872,323881,2024-08-30 14:05:00+00:00,2024-08-30 14:06:00+00:00,2024-08-30 14:15:00+00:00,long,19590.0,19589.75,19590.0,19565.0,19615.0,19640.0,19665.0,19690.0,71.0,near_trigger,40.76165963862439,25.0,False,False,False,False,True,stop,19565.0,19564.75,-25.25,0.0,-25.25,-1.01,12.25,30.75,0.49,1.23,10,9.0,0,2024-08-30,1.2173913043478262,2.2960924600990644,1.3751306165099269,partial_bullish,1.7815684536996013,1.370472303405731,bullish,bullish,False,False,True,True,2024
309,325262,325263,325278,2024-09-02 14:16:00+00:00,2024-09-02 14:17:00+00:00,2024-09-02 14:32:00+00:00,short,19595.75,19596.25,19596.0,19621.0,19571.0,19546.0,19521.0,19496.0,74.90030793989756,near_trigger,-74.90030793989756,25.0,False,False,False,False,True,stop,19621.0,19621.25,-25.25,0.0,-25.25,-1.01,8.25,35.0,0.33,1.4,16,15.0,0,2024-09-02,2.173285198555957,2.689024390243903,0.385593220338983,strong_bearish,1.2269849355942073,0.1565386936539622,bearish,bearish,False,True,True,False,2024
310,326379,326380,326417,2024-09-03 13:53:00+00:00,2024-09-03 13:54:00+00:00,2024-09-03 14:31:00+00:00,short,19363.25,19363.25,19363.0,19388.0,19338.0,19313.0,19288.0,19263.0,74.07803131991051,near_trigger,-48.07803131991051,25.0,True,True,True,True,False,tp4,19263.0,19263.25,99.75,0.0,99.75,3.99,108.25,23.0,4.33,0.92,38,37.0,4,2024-09-03,1.5315436241610738,3.051497005988024,2.860143198090692,strong_bearish,1.5444638549205556,1.9300178801613368,bearish,bearish,True,True,True,True,2024
311,329120,329121,329121,2024-09-05 13:34:00+00:00,2024-09-05 13:35:00+00:00,2024-09-05 13:35:00+00:00,short,18912.5,18912.25,18912.0,18937.0,18887.0,18862.0,18837.0,18812.0,70.44234673914619,near_trigger,-32.44234673914619,25.0,False,False,False,False,True,stop,18937.0,18937.25,-25.25,0.0,-25.25,-1.01,4.75,43.5,0.19,1.74,1,0.0,0,2024-09-05,1.4503171247357294,0.3640661938534278,0.5318077803203661,partial_bearish,2.825040128410915,0.9663649728121292,neutral,bearish,True,True,True,False,2024
312,329166,329167,329191,2024-09-05 14:20:00+00:00,2024-09-05 14:21:00+00:00,2024-09-05 14:45:00+00:00,long,19085.0,19084.5,19084.75,19059.75,19109.75,19134.75,19159.75,19184.75,83.55496355555529,high_probability,76.55496355555529,25.0,True,True,False,False,True,stop,19059.75,19059.5,-25.25,0.0,-25.25,-1.01,65.5,51.5,2.62,2.06,25,24.0,2,2024-09-05,2.283987915407855,0.4659685863874345,2.5675923100396703,strong_bullish,0.9266909396443076,1.3095532578043834,bullish,bullish,True,True,True,False,2024
313,330501,330502,330502,2024-09-06 13:35:00+00:00,2024-09-06 13:36:00+00:00,2024-09-06 13:36:00+00:00,long,18919.25,18919.75,18920.0,18895.0,18945.0,18970.0,18995.0,19020.0,76.2080819982297,near_trigger,41.2080819982297,25.0,False,False,False,False,True,stop,18895.0,18894.75,-25.25,0.0,-25.25,-1.01,13.75,39.75,0.55,1.59,1,0.0,0,2024-09-06,1.468728984532616,0.205158264947245,3.065508505247919,partial_bearish,2.7294012326550288,1.2218505787875518,bullish,bullish,False,True,True,False,2024
314,330512,330513,330514,2024-09-06 13:46:00+00:00,2024-09-06 13:47:00+00:00,2024-09-06 13:48:00+00:00,long,18866.5,18866.5,18866.75,18841.75,18891.75,18916.75,18941.75,18966.75,78.942866014594,near_trigger,65.942866014594,25.0,False,False,False,False,True,stop,18841.75,18841.5,-25.25,0.0,-25.25,-1.01,17.75,26.5,0.71,1.06,2,1.0,0,2024-09-06,1.486725663716814,1.4247231367853936,1.2796561604584529,partial_bullish,1.350596138167476,1.6984769616348565,bullish,bullish,False,False,True,True,2024
315,330518,330519,330520,2024-09-06 13:52:00+00:00,2024-09-06 13:53:00+00:00,2024-09-06 13:54:00+00:00,long,18813.75,18813.75,18814.0,18789.0,18839.0,18864.0,18889.0,18914.0,77.23292584759534,near_trigger,42.23292584759534,25.0,False,False,False,False,True,stop,18789.0,18788.75,-25.25,0.0,-25.25,-1.01,14.5,40.25,0.58,1.61,2,1.0,0,2024-09-06,1.453674121405751,1.9667673716012088,1.2796561604584529,partial_bearish,0.8072872054488638,1.522996511796369,bullish,bullish,False,False,True,False,2024
316,330521,330522,330525,2024-09-06 13:55:00+00:00,2024-09-06 13:56:00+00:00,2024-09-06 13:59:00+00:00,long,18792.75,18792.75,18793.0,18768.0,18818.0,18843.0,18868.0,18893.0,70.07685693309735,near_trigger,41.07685693309735,25.0,True,False,False,False,True,stop,18768.0,18767.75,-25.25,0.0,-25.25,-1.01,26.0,51.5,1.04,2.06,4,3.0,1,2024-09-06,0.8413068844807468,2.556120921879677,1.2796561604584529,partial_bearish,0.6517098514140024,1.0177099179296487,bullish,bullish,False,False,True,False,2024
317,331925,331926,331927,2024-09-09 14:19:00+00:00,2024-09-09 14:20:00+00:00,2024-09-09 14:21:00+00:00,long,18652.75,18652.25,18652.5,18627.5,18677.5,18702.5,18727.5,18752.5,84.0,high_probability,71.94426229508197,25.0,False,False,False,False,True,stop,18627.5,18627.25,-25.25,0.0,-25.25,-1.01,4.5,27.0,0.18,1.08,2,1.0,0,2024-09-09,2.6250000000000004,1.8359375,2.5609756097560976,partial_bullish,1.9778586632073452,1.9790550843719676,bullish,bullish,True,True,True,False,2024
318,333241,333242,333244,2024-09-10 13:31:00+00:00,2024-09-10 13:32:00+00:00,2024-09-10 13:34:00+00:00,long,18799.0,18799.0,18799.25,18774.25,18824.25,18849.25,18874.25,18899.25,72.36848243214703,near_trigger,59.36848243214703,25.0,False,False,False,False,True,stop,18774.25,18774.0,-25.25,0.0,-25.25,-1.01,22.5,37.25,0.9,1.49,3,2.0,0,2024-09-10,2.5789473684210527,0.1242078580481622,1.0482673267326732,partial_bullish,8.436501689893051,1.4079522801378437,bullish,bullish,True,True,True,False,2024
319,333246,333247,333283,2024-09-10 13:36:00+00:00,2024-09-10 13:37:00+00:00,2024-09-10 14:13:00+00:00,long,18742.25,18742.5,18742.75,18717.75,18767.75,18792.75,18817.75,18842.75,79.0,near_trigger,46.6096551724138,25.0,True,True,False,False,True,stop,18717.75,18717.5,-25.25,0.0,-25.25,-1.01,73.75,37.75,2.95,1.51,37,36.0,2,2024-09-10,3.1310344827586207,0.9153846153846154,1.0482673267326732,partial_bullish,2.991625256281058,1.6312957137984614,bullish,bullish,True,True,True,False,2024
320,333284,333285,333321,2024-09-10 14:14:00+00:00,2024-09-10 14:15:00+00:00,2024-09-10 14:51:00+00:00,long,18710.75,18711.25,18711.5,18686.5,18736.5,18761.5,18786.5,18811.5,84.8238683127572,high_probability,65.8238683127572,25.0,True,True,True,False,True,stop,18686.5,18686.25,-25.25,0.0,-25.25,-1.01,77.75,38.0,3.11,1.52,37,36.0,3,2024-09-10,3.274348422496571,0.7511563367252545,0.0067307692307692,partial_bearish,1.3958250383937203,1.9315664601441536,bullish,bullish,True,False,True,False,2024
321,334628,334629,334629,2024-09-11 13:38:00+00:00,2024-09-11 13:39:00+00:00,2024-09-11 13:39:00+00:00,long,18872.0,18871.75,18872.0,18847.0,18897.0,18922.0,18947.0,18972.0,71.57576912785223,near_trigger,34.575769127852226,25.0,False,False,False,False,True,stop,18847.0,18846.75,-25.25,0.0,-25.25,-1.01,1.75,42.25,0.07,1.69,1,0.0,0,2024-09-11,0.7997432605905006,1.064360418342719,1.6841138659320476,partial_bearish,1.7449592160874363,1.2443727743062554,bullish,bullish,True,True,False,False,2024
322,334631,334632,334633,2024-09-11 13:41:00+00:00,2024-09-11 13:42:00+00:00,2024-09-11 13:43:00+00:00,long,18863.0,18863.25,18863.5,18838.5,18888.5,18913.5,18938.5,18963.5,70.91633245785488,near_trigger,57.91633245785488,25.0,False,False,False,False,True,stop,18838.5,18838.25,-25.25,0.0,-25.25,-1.01,5.75,33.75,0.23,1.35,2,1.0,0,2024-09-11,0.6970021413276232,1.4194059405940591,1.6841138659320476,partial_bullish,1.7659111417803492,1.4459192809520085,bullish,bullish,True,True,False,False,2024
323,336001,336002,336002,2024-09-12 13:31:00+00:00,2024-09-12 13:32:00+00:00,2024-09-12 13:32:00+00:00,short,19213.25,19213.75,19213.5,19238.5,19188.5,19163.5,19138.5,19113.5,76.97008021458032,near_trigger,-39.97008021458032,25.0,False,False,False,False,True,stop,19238.5,19238.75,-25.25,0.0,-25.25,-1.01,2.75,26.25,0.11,1.05,1,0.0,0,2024-09-12,4.431654676258993,0.5325530358449159,1.4887892376681615,strong_bearish,8.043640587405626,1.471950201169058,bearish,bearish,True,True,False,False,2024
324,336019,336020,336022,2024-09-12 13:49:00+00:00,2024-09-12 13:50:00+00:00,2024-09-12 13:52:00+00:00,short,19208.75,19209.0,19208.75,19233.75,19183.75,19158.75,19133.75,19108.75,80.68420639591918,high_probability,-79.68420639591918,25.0,False,False,False,False,True,stop,19233.75,19234.0,-25.25,0.0,-25.25,-1.01,23.5,31.25,0.94,1.25,3,2.0,0,2024-09-12,1.9529134785167743,0.1761533852606351,1.3907284768211925,partial_bearish,1.5266437167486984,2.20957165357573,bearish,bearish,False,True,True,False,2024
325,336025,336026,336030,2024-09-12 13:55:00+00:00,2024-09-12 13:56:00+00:00,2024-09-12 14:00:00+00:00,short,19241.0,19240.75,19240.5,19265.5,19215.5,19190.5,19165.5,19140.5,72.47866545924128,near_trigger,-71.47866545924128,25.0,False,False,False,False,True,stop,19265.5,19265.75,-25.25,0.0,-25.25,-1.01,19.75,30.5,0.79,1.22,5,4.0,0,2024-09-12,1.7879948914431671,0.0899209486166007,1.3907284768211925,partial_bullish,0.8063157149431798,1.105437884641519,bearish,bearish,False,True,True,False,2024
326,337437,337438,337439,2024-09-13 14:27:00+00:00,2024-09-13 14:28:00+00:00,2024-09-13 14:29:00+00:00,long,19486.0,19486.0,19486.25,19461.25,19511.25,19536.25,19561.25,19586.25,71.0,near_trigger,63.20220158238734,25.0,False,False,False,False,True,stop,19461.25,19461.0,-25.25,0.0,-25.25,-1.01,5.5,27.5,0.22,1.1,2,1.0,0,2024-09-13,1.3147574819401446,1.4417520969245108,1.0991444388525415,partial_bullish,1.659512362637363,1.555963992004186,bullish,bullish,False,False,True,False,2024
327,339720,339721,339724,2024-09-17 13:30:00+00:00,2024-09-17 13:31:00+00:00,2024-09-17 13:34:00+00:00,long,19809.0,19809.0,19809.25,19784.25,19834.25,19859.25,19884.25,19909.25,70.90662514712827,near_trigger,33.90662514712827,25.0,False,False,False,False,True,stop,19784.25,19784.0,-25.25,0.0,-25.25,-1.01,19.5,38.75,0.78,1.55,4,3.0,0,2024-09-17,2.687140115163148,0.5571428571428572,0.9355877616747182,partial_bullish,10.085995944906664,1.037461075432755,bullish,bullish,True,True,True,False,2024
328,339727,339728,339739,2024-09-17 13:37:00+00:00,2024-09-17 13:38:00+00:00,2024-09-17 13:49:00+00:00,long,19774.0,19774.25,19774.5,19749.5,19799.5,19824.5,19849.5,19874.5,79.0,near_trigger,72.04877761674051,25.0,True,False,False,False,True,stop,19749.5,19749.25,-25.25,0.0,-25.25,-1.01,34.5,28.5,1.38,1.14,12,11.0,1,2024-09-17,2.24,1.7884940778341794,0.9355877616747182,partial_bearish,1.6884834313969757,0.7296368379643049,bullish,bullish,True,True,True,False,2024
329,339740,339741,339743,2024-09-17 13:50:00+00:00,2024-09-17 13:51:00+00:00,2024-09-17 13:53:00+00:00,long,19757.75,19757.75,19758.0,19733.0,19783.0,19808.0,19833.0,19858.0,70.30717788720526,near_trigger,55.307177887205256,25.0,False,False,False,False,True,stop,19733.0,19732.75,-25.25,0.0,-25.25,-1.01,2.75,35.5,0.11,1.42,3,2.0,0,2024-09-17,1.5004219409282702,1.7644411102775694,0.3781228899392302,partial_bearish,1.5753191752449842,1.3418294802253936,bullish,bullish,True,False,False,False,2024
330,339752,339753,339809,2024-09-17 14:02:00+00:00,2024-09-17 14:03:00+00:00,2024-09-17 14:59:00+00:00,long,19771.5,19771.75,19772.0,19747.0,19797.0,19822.0,19847.0,19872.0,76.39484826650082,near_trigger,74.39484826650082,25.0,True,True,True,False,True,stop,19747.0,19746.75,-25.25,0.0,-25.25,-1.01,78.5,27.0,3.14,1.08,57,56.0,3,2024-09-17,1.0374787052810903,0.3994927076727965,0.6463878326996197,partial_bearish,1.0873243741880547,1.0323918113500907,bullish,bullish,True,False,True,False,2024
331,341104,341105,341164,2024-09-18 13:34:00+00:00,2024-09-18 13:35:00+00:00,2024-09-18 14:34:00+00:00,short,19697.75,19698.0,19697.75,19722.75,19672.75,19647.75,19622.75,19597.75,76.7066292408986,near_trigger,-47.70662924089859,25.0,True,True,False,False,False,max_holding_time,19680.25,19680.5,17.25,0.0,17.25,0.69,51.0,19.5,2.04,0.78,60,59.0,2,2024-09-18,2.919431279620853,0.0434108527131782,3.0514631685166496,partial_bearish,4.264346538319141,0.9957982466757732,neutral,bearish,True,True,True,False,2024
332,345242,345243,345302,2024-09-23 13:32:00+00:00,2024-09-23 13:33:00+00:00,2024-09-23 14:32:00+00:00,long,20041.75,20041.75,20042.0,20017.0,20067.0,20092.0,20117.0,20142.0,79.0,near_trigger,38.53114876087968,25.0,True,True,True,False,False,max_holding_time,20100.5,20100.25,58.25,0.0,58.25,2.33,78.25,10.25,3.13,0.41,60,59.0,3,2024-09-23,2.5261382799325465,1.0637254901960784,0.1360323886639676,partial_bearish,5.939994957559458,1.127048036675304,bullish,bullish,True,True,True,True,2024
333,350762,350763,350766,2024-09-27 13:32:00+00:00,2024-09-27 13:33:00+00:00,2024-09-27 13:36:00+00:00,long,20353.75,20353.25,20353.5,20328.5,20378.5,20403.5,20428.5,20453.5,70.39895007888546,near_trigger,43.39895007888546,25.0,False,False,False,False,True,stop,20328.5,20328.25,-25.25,0.0,-25.25,-1.01,15.75,34.75,0.63,1.39,4,3.0,0,2024-09-27,1.8469055374592835,0.1045751633986928,0.8950276243093923,partial_bearish,4.183193771117966,0.9104570670333008,bullish,bullish,True,False,False,False,2024
334,352155,352156,352160,2024-09-30 13:45:00+00:00,2024-09-30 13:46:00+00:00,2024-09-30 13:50:00+00:00,short,20238.75,20238.75,20238.5,20262.0,20213.5,20188.5,20163.5,20138.5,70.90088473560601,near_trigger,-70.90088473560601,23.5,False,False,False,False,True,stop,20262.0,20262.25,-23.75,0.0,-23.75,-1.0106382978723405,8.0,23.75,0.3404255319148936,1.0106382978723405,5,4.0,0,2024-09-30,0.1302998965873836,3.632432432432432,2.734994337485844,partial_bullish,1.6272604991780002,1.104080473756794,bearish,bearish,True,True,False,False,2024
335,352169,352170,352229,2024-09-30 13:59:00+00:00,2024-09-30 14:00:00+00:00,2024-09-30 14:59:00+00:00,short,20203.75,20205.0,20204.75,20229.75,20179.75,20154.75,20129.75,20104.75,71.33062146892655,near_trigger,-57.33062146892655,25.0,True,True,True,False,False,max_holding_time,20180.0,20180.25,24.5,0.0,24.5,0.98,77.25,16.75,3.09,0.67,60,59.0,3,2024-09-30,1.9774011299435028,2.4856687898089174,2.734994337485844,partial_bullish,1.667164327659998,1.5190217802028383,bearish,bearish,False,True,False,False,2024
336,353571,353572,353573,2024-10-01 14:21:00+00:00,2024-10-01 14:22:00+00:00,2024-10-01 14:23:00+00:00,short,19954.0,19954.0,19953.75,19976.75,19928.75,19903.75,19878.75,19853.75,71.0,near_trigger,-48.192307994107765,23.0,False,False,False,False,True,stop,19976.75,19977.0,-23.25,0.0,-23.25,-1.0108695652173914,7.0,31.5,0.3043478260869565,1.3695652173913044,2,1.0,0,2024-10-01,1.0755326016785025,1.4464944649446496,6.460034904013962,partial_bearish,1.23537212000663,2.136815849078242,bearish,bearish,False,False,True,False,2024
337,353574,353575,353618,2024-10-01 14:24:00+00:00,2024-10-01 14:25:00+00:00,2024-10-01 15:08:00+00:00,short,19954.75,19955.25,19955.0,19976.75,19930.0,19905.0,19880.0,19855.0,73.41258270765763,near_trigger,-66.41258270765763,21.75,True,True,True,True,False,tp4,19855.0,19855.25,99.75,0.0,99.75,4.586206896551724,105.5,10.5,4.850574712643678,0.4827586206896552,44,43.0,4,2024-10-01,1.28072625698324,1.4464944649446496,6.460034904013962,partial_bearish,0.97029924073247,1.400064444853618,bearish,bearish,False,False,True,False,2024
338,354907,354908,354909,2024-10-02 13:37:00+00:00,2024-10-02 13:38:00+00:00,2024-10-02 13:39:00+00:00,long,19905.5,19905.75,19906.0,19881.0,19931.0,19956.0,19981.0,20006.0,74.0,near_trigger,34.17842205245694,25.0,False,False,False,False,True,stop,19881.0,19880.75,-25.25,0.0,-25.25,-1.01,3.5,32.75,0.14,1.31,2,1.0,0,2024-10-02,2.8078358208955225,0.0179028132992327,0.1431111111111111,partial_bearish,2.06831030884483,1.0827293258216268,bullish,bullish,True,True,True,False,2024
339,354918,354919,354962,2024-10-02 13:48:00+00:00,2024-10-02 13:49:00+00:00,2024-10-02 14:32:00+00:00,long,19914.75,19915.0,19915.25,19890.25,19940.25,19965.25,19990.25,20015.25,81.6,high_probability,63.6,25.0,True,True,True,True,False,tp4,20015.25,20015.0,99.75,0.0,99.75,3.99,101.75,24.0,4.07,0.96,44,43.0,4,2024-10-02,2.746268656716418,2.975810602161606,2.0128983308042487,partial_bearish,1.8471764013131893,2.233666920270771,bullish,bullish,True,True,False,False,2024
340,356280,356281,356281,2024-10-03 13:30:00+00:00,2024-10-03 13:31:00+00:00,2024-10-03 13:31:00+00:00,long,19921.75,19921.25,19921.5,19896.5,19946.5,19971.5,19996.5,20021.5,84.75175561081636,high_probability,71.75175561081636,25.0,False,False,False,False,True,stop,19896.5,19896.25,-25.25,0.0,-25.25,-1.01,6.25,27.0,0.25,1.08,1,0.0,0,2024-10-03,0.3409436834094368,0.6363636363636364,2.111533586818758,partial_bearish,5.609186260376796,0.7656450376240849,bullish,bullish,True,True,True,False,2024
341,356282,356283,356306,2024-10-03 13:32:00+00:00,2024-10-03 13:33:00+00:00,2024-10-03 13:56:00+00:00,long,19940.5,19940.25,19940.5,19915.5,19965.5,19990.5,20015.5,20040.5,74.33807105843897,near_trigger,61.33807105843897,25.0,True,True,True,True,False,tp4,20040.5,20040.25,99.75,0.0,99.75,3.99,107.5,7.75,4.3,0.31,24,23.0,4,2024-10-03,2.12280701754386,0.6363636363636364,2.111533586818758,partial_bearish,4.927396245854664,1.131634599742676,bullish,bullish,True,True,False,False,2024
342,356314,356315,356323,2024-10-03 14:04:00+00:00,2024-10-03 14:05:00+00:00,2024-10-03 14:13:00+00:00,long,20090.75,20090.75,20091.0,20066.0,20116.0,20141.0,20166.0,20191.0,76.11128755436252,near_trigger,73.11128755436252,25.0,False,False,False,False,True,stop,20066.0,20065.75,-25.25,0.0,-25.25,-1.01,24.0,83.25,0.96,3.33,9,8.0,0,2024-10-03,3.163575042158516,1.5582750582750584,1.811764705882353,strong_bullish,1.2929608527844143,1.3108034144239615,bullish,bullish,False,True,True,False,2024
343,360442,360443,360485,2024-10-08 13:52:00+00:00,2024-10-08 13:53:00+00:00,2024-10-08 14:35:00+00:00,long,20117.5,20117.5,20117.75,20092.75,20142.75,20167.75,20192.75,20217.75,82.01274647163335,high_probability,67.01274647163335,25.0,True,True,True,True,False,tp4,20217.75,20217.5,99.75,0.0,99.75,3.99,100.0,0.25,4.0,0.01,43,42.0,4,2024-10-08,1.5053763440860215,0.9223826714801444,1.2736389684813754,strong_bullish,1.2346674219481908,1.32298354149644,bullish,bullish,True,False,True,False,2024
344,363198,363199,363202,2024-10-10 13:48:00+00:00,2024-10-10 13:49:00+00:00,2024-10-10 13:52:00+00:00,short,20315.25,20315.75,20315.5,20340.5,20290.5,20265.5,20240.5,20215.5,74.51835481890731,near_trigger,-53.51835481890731,25.0,False,False,False,False,True,stop,20340.5,20340.75,-25.25,0.0,-25.25,-1.01,14.25,31.25,0.57,1.25,4,3.0,0,2024-10-10,3.248618784530387,0.6958796599084369,1.7408906882591093,partial_bearish,2.3475159419245597,2.017920554959121,bearish,neutral,False,True,True,False,2024
345,363232,363233,363237,2024-10-10 14:22:00+00:00,2024-10-10 14:23:00+00:00,2024-10-10 14:27:00+00:00,short,20381.5,20381.25,20381.0,20406.0,20356.0,20331.0,20306.0,20281.0,80.98941697208886,high_probability,-80.98941697208886,25.0,False,False,False,False,True,stop,20406.0,20406.25,-25.25,0.0,-25.25,-1.01,9.0,29.25,0.36,1.17,5,4.0,0,2024-10-10,1.553658536585366,1.6969696969696968,1.0344827586206895,partial_bullish,1.2168097022442483,1.1126393869430662,bearish,bearish,True,False,True,False,2024
346,364590,364591,364592,2024-10-11 14:00:00+00:00,2024-10-11 14:01:00+00:00,2024-10-11 14:02:00+00:00,short,20344.5,20344.25,20344.0,20369.0,20319.0,20294.0,20269.0,20244.0,87.30960352824196,high_probability,-58.309603528241965,25.0,False,False,False,False,True,stop,20369.0,20369.25,-25.25,0.0,-25.25,-1.01,7.5,36.5,0.3,1.46,2,1.0,0,2024-10-11,1.4697173620457604,0.7905282331511839,0.9860601614086574,partial_bearish,2.1294696264787984,0.9174403871346452,bearish,bearish,True,False,True,False,2024
347,364595,364596,364596,2024-10-11 14:05:00+00:00,2024-10-11 14:06:00+00:00,2024-10-11 14:06:00+00:00,short,20368.0,20367.25,20367.0,20392.0,20342.0,20317.0,20292.0,20267.0,73.0,near_trigger,-51.74545099444242,25.0,False,False,False,False,True,stop,20392.0,20392.25,-25.25,0.0,-25.25,-1.01,0.0,29.75,0.0,1.19,1,0.0,0,2024-10-11,1.5373831775700937,1.9198075380914197,0.9860601614086574,partial_bullish,1.039205590290548,0.7526583842990177,bearish,bearish,True,False,True,False,2024
348,364597,364598,364601,2024-10-11 14:07:00+00:00,2024-10-11 14:08:00+00:00,2024-10-11 14:11:00+00:00,short,20401.25,20401.5,20401.25,20426.25,20376.25,20351.25,20326.25,20301.25,79.0,near_trigger,-65.98655144358688,25.0,False,False,False,False,True,stop,20426.25,20426.5,-25.25,0.0,-25.25,-1.01,7.5,36.75,0.3,1.47,4,3.0,0,2024-10-11,2.7627811860940694,1.9198075380914197,0.9860601614086574,partial_bullish,2.143454822293247,1.863410329489488,bearish,bearish,True,False,True,False,2024
349,365944,365945,366004,2024-10-14 13:34:00+00:00,2024-10-14 13:35:00+00:00,2024-10-14 14:34:00+00:00,long,20580.75,20580.75,20581.0,20556.0,20606.0,20631.0,20656.0,20681.0,70.40439309227159,near_trigger,49.40439309227159,25.0,True,True,True,False,False,max_holding_time,20642.75,20642.5,61.5,0.0,61.5,2.46,99.0,3.5,3.96,0.14,60,59.0,3,2024-10-14,3.193916349809886,0.3333333333333333,2.236111111111111,strong_bullish,2.8806841234668084,0.8706725780586737,bullish,bullish,True,False,True,False,2024
350,367362,367363,367380,2024-10-15 14:12:00+00:00,2024-10-15 14:13:00+00:00,2024-10-15 14:30:00+00:00,short,20595.5,20595.25,20595.0,20620.0,20570.0,20545.0,20520.0,20495.0,71.24006531086776,near_trigger,-56.24006531086776,25.0,True,True,True,True,False,tp4,20495.0,20495.25,99.75,0.0,99.75,3.99,119.5,6.5,4.78,0.26,18,17.0,4,2024-10-15,2.9232954545454546,0.4110929853181077,0.9270833333333334,partial_bearish,1.487985087731147,1.4125612289385274,neutral,bearish,True,True,True,False,2024
351,368701,368702,368702,2024-10-16 13:31:00+00:00,2024-10-16 13:32:00+00:00,2024-10-16 13:32:00+00:00,short,20304.5,20305.0,20304.75,20329.75,20279.75,20254.75,20229.75,20204.75,85.0,high_probability,-72.0,25.0,False,False,False,False,True,stop,20329.75,20330.0,-25.25,0.0,-25.25,-1.01,4.0,26.25,0.16,1.05,1,0.0,0,2024-10-16,5.8593481989708405,1.11340206185567,0.6633064516129031,strong_bearish,9.981613079560702,1.5499293943345709,bearish,bearish,False,True,True,False,2024
352,368704,368705,368754,2024-10-16 13:34:00+00:00,2024-10-16 13:35:00+00:00,2024-10-16 14:24:00+00:00,short,20302.25,20302.5,20302.25,20327.25,20277.25,20252.25,20227.25,20202.25,81.88684407211987,high_probability,-60.88684407211987,25.0,True,True,True,False,True,stop,20327.25,20327.5,-25.25,0.0,-25.25,-1.01,97.0,30.75,3.88,1.23,50,49.0,3,2024-10-16,3.444848484848485,1.11340206185567,0.6633064516129031,strong_bearish,2.8228437647879256,1.0814163176123732,bearish,bearish,False,True,True,False,2024
353,370111,370112,370114,2024-10-17 14:01:00+00:00,2024-10-17 14:02:00+00:00,2024-10-17 14:04:00+00:00,short,20386.75,20386.75,20386.5,20411.5,20361.5,20336.5,20311.5,20286.5,77.33333333333334,near_trigger,-56.33333333333334,25.0,False,False,False,False,True,stop,20411.5,20411.75,-25.25,0.0,-25.25,-1.01,15.75,26.0,0.63,1.04,3,2.0,0,2024-10-17,2.8092105263157894,1.341188524590164,2.229299363057325,strong_bearish,2.2115840364015544,2.628140137433818,neutral,bearish,True,True,True,False,2024
354,371479,371480,371539,2024-10-18 13:49:00+00:00,2024-10-18 13:50:00+00:00,2024-10-18 14:49:00+00:00,long,20452.75,20453.25,20453.5,20428.5,20478.5,20503.5,20528.5,20553.5,79.0,near_trigger,50.3604938271605,25.0,True,True,False,False,False,max_holding_time,20498.5,20498.25,44.75,0.0,44.75,1.79,69.75,6.0,2.79,0.24,60,59.0,2,2024-10-18,2.135802469135802,0.1663619744058501,1.1351351351351353,partial_bearish,1.1962961032643629,1.5762306433337532,bullish,bullish,True,True,True,False,2024
355,374220,374221,374223,2024-10-22 13:30:00+00:00,2024-10-22 13:31:00+00:00,2024-10-22 13:33:00+00:00,short,20386.5,20385.5,20385.25,20406.25,20360.25,20335.25,20310.25,20285.25,73.9235168374004,near_trigger,-56.9235168374004,21.0,False,False,False,False,True,stop,20406.25,20406.5,-21.25,0.0,-21.25,-1.011904761904762,16.5,26.0,0.7857142857142857,1.238095238095238,3,2.0,0,2024-10-22,1.0337552742616034,1.3664596273291925,1.0775969962453067,partial_bearish,10.3179940436161,1.49079703506288,bearish,bearish,True,True,False,False,2024
356,378360,378361,378378,2024-10-25 13:30:00+00:00,2024-10-25 13:31:00+00:00,2024-10-25 13:48:00+00:00,long,20519.25,20519.0,20519.25,20494.25,20544.25,20569.25,20594.25,20619.25,74.23984778207497,near_trigger,61.239847782074975,25.0,True,True,True,True,False,tp4,20619.25,20619.0,99.75,0.0,99.75,3.99,103.5,4.0,4.14,0.16,18,17.0,4,2024-10-25,2.7377777777777776,0.4278438030560272,1.268882175226586,partial_bullish,10.21188680151828,1.4123572956952806,bullish,bullish,True,True,False,False,2024
357,378412,378413,378416,2024-10-25 14:22:00+00:00,2024-10-25 14:23:00+00:00,2024-10-25 14:26:00+00:00,long,20701.75,20701.75,20702.0,20677.0,20727.0,20752.0,20777.0,20802.0,78.0,near_trigger,60.0,25.0,False,False,False,False,True,stop,20677.0,20676.75,-25.25,0.0,-25.25,-1.01,5.5,29.0,0.22,1.16,4,3.0,0,2024-10-25,3.165217391304348,1.159077468953282,5.464594127806564,strong_bullish,2.5022058823529414,2.408123791102515,bullish,bullish,True,True,True,True,2024
358,381121,381122,381122,2024-10-29 13:31:00+00:00,2024-10-29 13:32:00+00:00,2024-10-29 13:32:00+00:00,long,20479.75,20480.0,20480.25,20455.25,20505.25,20530.25,20555.25,20580.25,79.0,near_trigger,48.89184887997325,25.0,False,False,False,False,True,stop,20455.25,20455.0,-25.25,0.0,-25.25,-1.01,2.0,35.5,0.08,1.42,1,0.0,0,2024-10-29,1.4344262295081969,1.364953886693017,1.181749049429658,partial_bullish,8.547436652916911,1.1638916750250752,bullish,bullish,True,True,True,True,2024
359,381125,381126,381172,2024-10-29 13:35:00+00:00,2024-10-29 13:36:00+00:00,2024-10-29 14:22:00+00:00,long,20456.0,20456.5,20456.75,20431.75,20481.75,20506.75,20531.75,20556.75,76.94612401775545,near_trigger,61.94612401775545,25.0,True,True,True,True,False,tp4,20556.75,20556.5,99.75,0.0,99.75,3.99,107.75,21.75,4.31,0.87,47,46.0,4,2024-10-29,2.508960573476702,3.200376293508937,1.181749049429658,partial_bearish,3.7617864047027263,1.3582427600746427,bullish,bullish,True,True,True,False,2024
360,381175,381176,381177,2024-10-29 14:25:00+00:00,2024-10-29 14:26:00+00:00,2024-10-29 14:27:00+00:00,long,20598.5,20598.75,20599.0,20574.0,20624.0,20649.0,20674.0,20699.0,70.98381877022653,near_trigger,56.98381877022653,25.0,False,False,False,False,True,stop,20574.0,20573.75,-25.25,0.0,-25.25,-1.01,4.0,58.5,0.16,2.34,2,1.0,0,2024-10-29,3.352750809061489,1.9290051377860813,1.1691331923890065,strong_bullish,1.6372363043782705,1.604431524708994,bullish,bullish,False,True,False,False,2024
361,382500,382501,382501,2024-10-30 13:30:00+00:00,2024-10-30 13:31:00+00:00,2024-10-30 13:31:00+00:00,short,20635.75,20635.5,20635.25,20660.25,20610.25,20585.25,20560.25,20535.25,81.7744556119141,high_probability,-60.77445561191411,25.0,False,False,False,False,True,stop,20660.25,20660.5,-25.25,0.0,-25.25,-1.01,0.5,34.25,0.02,1.37,1,0.0,0,2024-10-30,2.4581939799331103,0.4936708860759494,2.149122807017544,partial_bearish,6.321033658714407,0.9760521361694676,bearish,bearish,False,True,True,False,2024
362,382504,382505,382506,2024-10-30 13:34:00+00:00,2024-10-30 13:35:00+00:00,2024-10-30 13:36:00+00:00,short,20617.5,20617.25,20617.0,20642.0,20592.0,20567.0,20542.0,20517.0,83.38818894163184,high_probability,-62.38818894163184,25.0,False,False,False,False,True,stop,20642.0,20642.25,-25.25,0.0,-25.25,-1.01,4.25,25.0,0.17,1.0,2,1.0,0,2024-10-30,2.680525164113785,0.4936708860759494,2.149122807017544,partial_bearish,3.461800593602286,1.4889271327798477,bearish,bearish,False,True,True,False,2024
363,382511,382512,382521,2024-10-30 13:41:00+00:00,2024-10-30 13:42:00+00:00,2024-10-30 13:51:00+00:00,short,20572.5,20572.5,20572.25,20597.25,20547.25,20522.25,20497.25,20472.25,86.97326207912735,high_probability,-72.97326207912735,25.0,True,False,False,False,True,stop,20597.25,20597.5,-25.25,0.0,-25.25,-1.01,29.25,29.25,1.17,1.17,10,9.0,1,2024-10-30,2.220030349013657,2.5407407407407407,2.149122807017544,strong_bearish,2.580389598285022,2.493694829760404,bearish,bearish,False,True,True,False,2024
364,383880,383881,383895,2024-10-31 13:30:00+00:00,2024-10-31 13:31:00+00:00,2024-10-31 13:45:00+00:00,short,20334.0,20333.5,20333.25,20358.25,20308.25,20283.25,20258.25,20233.25,84.82729705619982,high_probability,-83.82729705619982,25.0,True,True,True,True,False,tp4,20233.25,20233.5,99.75,0.0,99.75,3.99,110.25,8.75,4.41,0.35,15,14.0,4,2024-10-31,3.624036979969184,1.011914217633042,0.9577114427860696,strong_bearish,10.760187306964232,1.3380909901873328,bearish,bearish,False,True,True,False,2024
365,383917,383918,383927,2024-10-31 14:07:00+00:00,2024-10-31 14:08:00+00:00,2024-10-31 14:17:00+00:00,short,20170.0,20170.5,20170.25,20195.25,20145.25,20120.25,20095.25,20070.25,70.0,near_trigger,-65.26640585601928,25.0,True,True,False,False,True,stop,20195.25,20195.5,-25.25,0.0,-25.25,-1.01,51.25,26.0,2.05,1.04,10,9.0,2,2024-10-31,0.9698451507742462,3.042613636363636,5.844600526777875,partial_bearish,0.9214528538200036,1.2216687153608936,bearish,bearish,False,False,True,True,2024
366,383928,383929,383958,2024-10-31 14:18:00+00:00,2024-10-31 14:19:00+00:00,2024-10-31 14:48:00+00:00,short,20190.25,20190.5,20190.25,20215.25,20165.25,20140.25,20115.25,20090.25,73.57870188723021,near_trigger,-39.57870188723021,25.0,True,True,True,True,False,tp4,20090.25,20090.5,99.75,0.0,99.75,3.99,100.25,11.25,4.01,0.45,30,29.0,4,2024-10-31,3.0357142857142856,1.083041958041958,5.584238037796542,partial_bearish,0.77986482087809,1.2002711145164142,bearish,bearish,False,True,True,False,2024
367,385261,385262,385269,2024-11-01 13:31:00+00:00,2024-11-01 13:32:00+00:00,2024-11-01 13:39:00+00:00,short,20094.0,20094.5,20094.25,20119.25,20069.25,20044.25,20019.25,19994.25,71.0,near_trigger,-46.56051273391843,25.0,False,False,False,False,True,stop,20119.25,20119.5,-25.25,0.0,-25.25,-1.01,20.25,27.5,0.81,1.1,8,7.0,0,2024-11-01,0.4552845528455284,1.024390243902439,1.9296187683284456,partial_bearish,6.65255566008153,1.0748983495256312,bearish,bearish,False,False,True,False,2024
368,385302,385303,385333,2024-11-01 14:12:00+00:00,2024-11-01 14:13:00+00:00,2024-11-01 14:43:00+00:00,long,20217.25,20217.75,20218.0,20193.0,20243.0,20268.0,20293.0,20318.0,75.5466784765279,near_trigger,46.5466784765279,25.0,True,True,False,False,True,stop,20193.0,20192.75,-25.25,0.0,-25.25,-1.01,59.75,38.75,2.39,1.55,31,30.0,2,2024-11-01,1.7484499557130204,0.7345225603357818,0.9898232458489556,strong_bullish,1.7970888550945037,2.248712128420165,bullish,bullish,True,True,False,False,2024
369,386640,386641,386641,2024-11-04 14:30:00+00:00,2024-11-04 14:31:00+00:00,2024-11-04 14:31:00+00:00,long,20125.0,20125.25,20125.5,20100.5,20150.5,20175.5,20200.5,20225.5,76.947818735908,near_trigger,47.947818735908,25.0,False,False,False,False,True,stop,20100.5,20100.25,-25.25,0.0,-25.25,-1.01,11.25,34.0,0.45,1.36,1,0.0,0,2024-11-04,2.816208393632417,0.5438247011952192,0.9211571185479296,partial_bearish,4.832001272416398,0.732917980977425,bullish,bullish,False,True,True,False,2024
370,386642,386643,386644,2024-11-04 14:32:00+00:00,2024-11-04 14:33:00+00:00,2024-11-04 14:34:00+00:00,long,20090.0,20090.0,20090.25,20065.25,20115.25,20140.25,20165.25,20190.25,74.0,near_trigger,74.0,25.0,False,False,False,False,True,stop,20065.25,20065.0,-25.25,0.0,-25.25,-1.01,2.25,46.25,0.09,1.85,2,1.0,0,2024-11-04,0.8507462686567164,0.5438247011952192,0.9211571185479296,strong_bearish,3.435628943482347,0.8996632239103992,bullish,bullish,True,True,True,False,2024
371,386645,386646,386646,2024-11-04 14:35:00+00:00,2024-11-04 14:36:00+00:00,2024-11-04 14:36:00+00:00,long,20042.75,20042.5,20042.75,20017.75,20067.75,20092.75,20117.75,20142.75,84.0,high_probability,75.78500779489553,25.0,False,False,False,False,True,stop,20017.75,20017.5,-25.25,0.0,-25.25,-1.01,0.0,26.75,0.0,1.07,1,0.0,0,2024-11-04,4.1125,3.4629349470499244,0.9211571185479296,strong_bearish,2.266184499751826,0.8703051922854361,bullish,bullish,True,True,True,False,2024
372,386647,386648,386655,2024-11-04 14:37:00+00:00,2024-11-04 14:38:00+00:00,2024-11-04 14:45:00+00:00,long,20016.25,20016.25,20016.5,19991.5,20041.5,20066.5,20091.5,20116.5,84.0,high_probability,77.00277737788407,25.0,True,True,True,True,False,tp4,20116.5,20116.25,99.75,0.0,99.75,3.99,111.5,0.5,4.46,0.02,8,7.0,4,2024-11-04,3.2908366533864544,3.4629349470499244,0.9211571185479296,strong_bearish,1.7672997162191662,1.4098962082336826,bullish,bullish,True,True,True,False,2024
373,388020,388021,388045,2024-11-05 14:30:00+00:00,2024-11-05 14:31:00+00:00,2024-11-05 14:55:00+00:00,long,20179.75,20179.25,20179.5,20154.5,20204.5,20229.5,20254.5,20279.5,87.05176958804975,high_probability,81.05176958804975,25.0,True,True,True,True,False,tp4,20279.5,20279.25,99.75,0.0,99.75,3.99,115.25,5.5,4.61,0.22,25,24.0,4,2024-11-05,3.974947807933194,2.707894736842105,0.7285342584562012,strong_bullish,11.75370316584374,1.2360339887966476,bullish,bullish,False,True,True,False,2024
374,388057,388058,388061,2024-11-05 15:07:00+00:00,2024-11-05 15:08:00+00:00,2024-11-05 15:11:00+00:00,long,20287.5,20287.5,20287.75,20262.75,20312.75,20337.75,20362.75,20387.75,73.0,near_trigger,73.0,25.0,False,False,False,False,True,stop,20262.75,20262.5,-25.25,0.0,-25.25,-1.01,20.0,27.5,0.8,1.1,4,3.0,0,2024-11-05,0.2317429406037001,2.1044689495066744,4.116266070430408,partial_bullish,0.670112239918371,0.6212853470437018,bullish,bullish,True,True,True,False,2024
375,389446,389447,389470,2024-11-06 15:16:00+00:00,2024-11-06 15:17:00+00:00,2024-11-06 15:40:00+00:00,long,20763.5,20764.0,20764.25,20739.25,20789.25,20814.25,20839.25,20864.25,82.09215229215229,high_probability,61.09215229215229,25.0,True,True,False,False,True,stop,20739.25,20739.0,-25.25,0.0,-25.25,-1.01,57.75,30.0,2.31,1.2,24,23.0,2,2024-11-06,1.4467754467754468,1.3292349726775956,1.1013215859030836,strong_bullish,1.0522202969456051,1.713819293609839,bullish,bullish,False,True,True,False,2024
376,392209,392210,392228,2024-11-08 15:19:00+00:00,2024-11-08 15:20:00+00:00,2024-11-08 15:38:00+00:00,long,21201.5,21202.0,21202.25,21177.25,21227.25,21252.25,21277.25,21302.25,78.68773622838762,near_trigger,61.68773622838762,25.0,False,False,False,False,True,stop,21177.25,21177.0,-25.25,0.0,-25.25,-1.01,9.0,27.0,0.36,1.08,19,18.0,0,2024-11-08,2.347406513872135,1.6566837107377648,0.1797432239657632,partial_bullish,1.1078305670897393,1.646129376190726,neutral,bullish,True,False,True,False,2024
377,393583,393584,393603,2024-11-11 15:13:00+00:00,2024-11-11 15:14:00+00:00,2024-11-11 15:33:00+00:00,short,21194.25,21194.0,21193.75,21218.75,21168.75,21143.75,21118.75,21093.75,73.0,near_trigger,-73.0,25.0,False,False,False,False,True,stop,21218.75,21219.0,-25.25,0.0,-25.25,-1.01,22.75,30.0,0.91,1.2,20,19.0,0,2024-11-11,0.8235294117647058,1.1819505094614264,5.109341057204924,partial_bearish,0.8538426349496798,0.9863267058590396,bearish,bearish,True,True,True,False,2024
378,394932,394933,394942,2024-11-12 14:42:00+00:00,2024-11-12 14:43:00+00:00,2024-11-12 14:52:00+00:00,short,21211.25,21211.25,21211.0,21236.0,21186.0,21161.0,21136.0,21111.0,88.60760541158407,high_probability,-75.60760541158407,25.0,False,False,False,False,True,stop,21236.0,21236.25,-25.25,0.0,-25.25,-1.01,11.0,33.0,0.44,1.32,10,9.0,0,2024-11-12,1.180722891566265,1.3893129770992367,0.6019108280254778,partial_bullish,1.649983979493752,1.2472268239989923,bearish,bearish,True,False,True,False,2024
379,394954,394955,394960,2024-11-12 15:04:00+00:00,2024-11-12 15:05:00+00:00,2024-11-12 15:10:00+00:00,short,21191.75,21192.0,21191.75,21216.75,21166.75,21141.75,21116.75,21091.75,74.87001529924802,near_trigger,-57.87001529924802,25.0,False,False,False,False,True,stop,21216.75,21217.0,-25.25,0.0,-25.25,-1.01,12.75,33.25,0.51,1.33,6,5.0,0,2024-11-12,2.7522727272727274,1.2094240837696335,0.7535667963683528,partial_bullish,1.6095811154825272,1.4201847975904844,bearish,bearish,True,True,False,False,2024
380,396320,396321,396330,2024-11-13 14:50:00+00:00,2024-11-13 14:51:00+00:00,2024-11-13 15:00:00+00:00,long,21139.75,21139.75,21140.0,21115.0,21165.0,21190.0,21215.0,21240.0,70.66844699140401,near_trigger,63.66844699140401,25.0,False,False,False,False,True,stop,21115.0,21114.75,-25.25,0.0,-25.25,-1.01,22.25,30.75,0.89,1.23,10,9.0,0,2024-11-13,1.2168099331423112,1.9888820259419395,0.9989583333333334,partial_bearish,1.7296654640865858,1.5613204055954408,bullish,bullish,True,True,False,False,2024
381,397681,397682,397686,2024-11-14 14:31:00+00:00,2024-11-14 14:32:00+00:00,2024-11-14 14:36:00+00:00,short,21146.25,21146.0,21145.75,21170.75,21120.75,21095.75,21070.75,21045.75,75.43652978236679,near_trigger,-20.43652978236679,25.0,False,False,False,False,True,stop,21170.75,21171.0,-25.25,0.0,-25.25,-1.01,8.75,25.5,0.35,1.02,5,4.0,0,2024-11-14,2.779783393501805,0.3560399636693915,1.5279187817258884,partial_bullish,5.101880584738476,0.8467466709688629,neutral,bearish,True,True,True,False,2024
382,399088,399089,399112,2024-11-15 14:58:00+00:00,2024-11-15 14:59:00+00:00,2024-11-15 15:22:00+00:00,short,20686.25,20687.0,20686.75,20711.75,20661.75,20636.75,20611.75,20586.75,73.20971994829814,near_trigger,-39.209719948298144,25.0,True,True,True,True,False,tp4,20586.75,20587.0,99.75,0.0,99.75,3.99,104.0,11.25,4.16,0.45,24,23.0,4,2024-11-15,2.0170616113744075,1.7392491467576792,4.711111111111111,strong_bearish,1.4591593973037271,2.505260552048521,bearish,bearish,True,True,True,False,2024
383,400440,400441,400449,2024-11-18 14:30:00+00:00,2024-11-18 14:31:00+00:00,2024-11-18 14:39:00+00:00,short,20536.5,20536.25,20536.0,20561.0,20511.0,20486.0,20461.0,20436.0,83.91519663149619,high_probability,-62.91519663149619,25.0,False,False,False,False,True,stop,20561.0,20561.25,-25.25,0.0,-25.25,-1.01,15.75,33.25,0.63,1.33,9,8.0,0,2024-11-18,4.0285714285714285,0.0535372848948374,1.4043887147335423,partial_bearish,8.157523289733696,0.9829968420276788,bearish,bearish,False,True,True,False,2024
384,400456,400457,400471,2024-11-18 14:46:00+00:00,2024-11-18 14:47:00+00:00,2024-11-18 15:01:00+00:00,short,20516.75,20517.25,20517.0,20542.0,20492.0,20467.0,20442.0,20417.0,74.82461451312949,near_trigger,-67.82461451312949,25.0,False,False,False,False,True,stop,20542.0,20542.25,-25.25,0.0,-25.25,-1.01,16.5,32.75,0.66,1.31,15,14.0,0,2024-11-18,1.476038338658147,1.851239669421488,1.012629161882893,partial_bearish,1.428985351719697,1.1883450091472938,bearish,bearish,False,True,True,False,2024
385,401865,401866,401869,2024-11-19 15:15:00+00:00,2024-11-19 15:16:00+00:00,2024-11-19 15:19:00+00:00,short,20540.25,20539.75,20539.5,20564.5,20514.5,20489.5,20464.5,20439.5,88.84684731521855,high_probability,-75.84684731521855,25.0,False,False,False,False,True,stop,20564.5,20564.75,-25.25,0.0,-25.25,-1.01,1.25,36.0,0.05,1.44,4,3.0,0,2024-11-19,1.218,0.0059957173447537,2.584974958263773,partial_bullish,1.832509926348013,1.489419358017392,bearish,bearish,True,True,True,False,2024
386,403229,403230,403231,2024-11-20 14:59:00+00:00,2024-11-20 15:00:00+00:00,2024-11-20 15:01:00+00:00,short,20614.25,20614.0,20613.75,20638.75,20588.75,20563.75,20538.75,20513.75,72.77908629441625,near_trigger,-38.779086294416246,25.0,False,False,False,False,True,stop,20638.75,20639.0,-25.25,0.0,-25.25,-1.01,1.0,32.25,0.04,1.29,2,1.0,0,2024-11-20,1.7766497461928934,4.05510752688172,5.75416133162612,strong_bearish,0.9940402775554782,1.6466258051435614,neutral,bearish,False,False,True,False,2024
387,403232,403233,403246,2024-11-20 15:02:00+00:00,2024-11-20 15:03:00+00:00,2024-11-20 15:16:00+00:00,short,20611.75,20612.0,20611.75,20636.75,20586.75,20561.75,20536.75,20511.75,78.29664616926459,near_trigger,-78.29664616926459,25.0,True,True,True,True,False,tp4,20511.75,20512.0,99.75,0.0,99.75,3.99,103.75,9.0,4.15,0.36,14,13.0,4,2024-11-20,1.4127144298688192,3.872530274059911,5.957101449275362,strong_bearish,1.170563374820674,1.2878181953908991,bearish,bearish,False,True,True,False,2024
388,403250,403251,403251,2024-11-20 15:20:00+00:00,2024-11-20 15:21:00+00:00,2024-11-20 15:21:00+00:00,short,20482.75,20482.25,20482.0,20507.0,20457.0,20432.0,20407.0,20382.0,87.86666666666666,high_probability,-73.86666666666666,25.0,False,False,False,False,True,stop,20507.0,20507.25,-25.25,0.0,-25.25,-1.01,0.25,29.0,0.01,1.16,1,0.0,0,2024-11-20,2.5068870523415976,3.655965500718735,6.836601307189542,strong_bearish,1.6009253711470608,2.752808184875152,bearish,bearish,False,True,True,False,2024
389,403253,403254,403254,2024-11-20 15:23:00+00:00,2024-11-20 15:24:00+00:00,2024-11-20 15:24:00+00:00,short,20500.75,20501.0,20500.75,20525.75,20475.75,20450.75,20425.75,20400.75,74.76392627717694,near_trigger,-66.76392627717694,25.0,False,False,False,False,True,stop,20525.75,20526.0,-25.25,0.0,-25.25,-1.01,1.25,28.5,0.05,1.14,1,0.0,0,2024-11-20,0.7342222222222222,3.655965500718735,6.836601307189542,strong_bearish,0.6768981427886285,1.2245142181867137,bearish,bearish,False,True,True,False,2024
390,403255,403256,403261,2024-11-20 15:25:00+00:00,2024-11-20 15:26:00+00:00,2024-11-20 15:31:00+00:00,short,20527.5,20527.0,20526.75,20551.75,20501.75,20476.75,20451.75,20426.75,76.0,near_trigger,-42.84432132963989,25.0,False,False,False,False,True,stop,20551.75,20552.0,-25.25,0.0,-25.25,-1.01,16.25,25.0,0.65,1.0,6,5.0,0,2024-11-20,2.313942751615881,2.310251798561151,6.836601307189542,partial_bearish,0.8558426783682757,1.5001353141424645,bearish,bearish,False,True,True,False,2024
391,404581,404582,404582,2024-11-21 14:31:00+00:00,2024-11-21 14:32:00+00:00,2024-11-21 14:32:00+00:00,long,20903.0,20903.0,20903.25,20878.25,20928.25,20953.25,20978.25,21003.25,70.27438951547732,near_trigger,45.27438951547733,25.0,False,False,False,False,True,stop,20878.25,20878.0,-25.25,0.0,-25.25,-1.01,3.75,50.25,0.15,2.01,1,0.0,0,2024-11-21,1.4150943396226414,0.7227310574521232,2.2947567312234294,strong_bullish,7.197479405297187,1.4447401707599872,bullish,bullish,True,True,True,False,2024
392,404583,404584,404584,2024-11-21 14:33:00+00:00,2024-11-21 14:34:00+00:00,2024-11-21 14:34:00+00:00,long,20837.0,20837.5,20837.75,20812.75,20862.75,20887.75,20912.75,20937.75,79.0,near_trigger,42.73092979127135,25.0,False,False,False,False,True,stop,20812.75,20812.5,-25.25,0.0,-25.25,-1.01,1.5,57.75,0.06,2.31,1,0.0,0,2024-11-21,1.9525616698292216,0.7227310574521232,2.2947567312234294,partial_bullish,4.0805032448142695,1.61774803286322,bullish,bullish,True,True,True,False,2024
393,404585,404586,404586,2024-11-21 14:35:00+00:00,2024-11-21 14:36:00+00:00,2024-11-21 14:36:00+00:00,long,20758.0,20757.5,20757.75,20732.75,20782.75,20807.75,20832.75,20857.75,84.0,high_probability,28.0,25.0,False,False,False,False,True,stop,20732.75,20732.5,-25.25,0.0,-25.25,-1.01,0.0,37.75,0.0,1.51,1,0.0,0,2024-11-21,4.0312056737588655,2.45360824742268,2.2947567312234294,partial_bearish,3.5241794896432443,1.884316445383887,bullish,bullish,True,True,True,False,2024
394,404587,404588,404588,2024-11-21 14:37:00+00:00,2024-11-21 14:38:00+00:00,2024-11-21 14:38:00+00:00,long,20701.0,20701.5,20701.75,20676.75,20726.75,20751.75,20776.75,20801.75,84.0,high_probability,30.282722382196027,25.0,False,False,False,False,True,stop,20676.75,20676.5,-25.25,0.0,-25.25,-1.01,12.0,55.0,0.48,2.2,1,0.0,0,2024-11-21,5.325993883792049,2.45360824742268,2.2947567312234294,partial_bearish,2.3662918337267187,2.261805069800893,bullish,bullish,True,True,True,False,2024
395,404589,404590,404590,2024-11-21 14:39:00+00:00,2024-11-21 14:40:00+00:00,2024-11-21 14:40:00+00:00,long,20653.25,20653.25,20653.5,20628.5,20678.5,20703.5,20728.5,20753.5,84.0,high_probability,34.932362627838444,25.0,False,False,False,False,True,stop,20628.5,20628.25,-25.25,0.0,-25.25,-1.01,40.5,25.25,1.62,1.01,1,0.0,0,2024-11-21,4.149765990639626,2.45360824742268,2.2947567312234294,partial_bearish,1.873972693257564,2.260031079411882,bullish,bullish,True,True,True,False,2024
396,404597,404598,404604,2024-11-21 14:47:00+00:00,2024-11-21 14:48:00+00:00,2024-11-21 14:54:00+00:00,long,20731.0,20730.5,20730.75,20705.75,20755.75,20780.75,20805.75,20830.75,75.41977894124491,near_trigger,49.419778941244914,25.0,True,True,False,False,True,stop,20705.75,20705.5,-25.25,0.0,-25.25,-1.01,55.25,35.5,2.21,1.42,7,6.0,2,2024-11-21,1.81413612565445,4.001657000828501,2.288903479973736,partial_bearish,0.8645714016726554,1.5960836567985632,bullish,neutral,False,True,True,False,2024
397,404622,404623,404633,2024-11-21 15:12:00+00:00,2024-11-21 15:13:00+00:00,2024-11-21 15:23:00+00:00,long,20650.25,20649.75,20650.0,20625.0,20675.0,20700.0,20725.0,20750.0,73.93333333333334,near_trigger,62.93333333333334,25.0,True,True,False,False,True,stop,20625.0,20624.75,-25.25,0.0,-25.25,-1.01,69.0,36.0,2.76,1.44,11,10.0,2,2024-11-21,2.316029663434113,1.3100113765642776,3.091482649842271,partial_bearish,1.4979002415266225,2.520442285630599,bullish,bullish,True,True,False,False,2024
398,405962,405963,405966,2024-11-22 14:32:00+00:00,2024-11-22 14:33:00+00:00,2024-11-22 14:36:00+00:00,short,20811.25,20812.0,20811.75,20836.75,20786.75,20761.75,20736.75,20711.75,74.0,near_trigger,-74.0,25.0,False,False,False,False,True,stop,20836.75,20837.0,-25.25,0.0,-25.25,-1.01,7.75,25.0,0.31,1.0,4,3.0,0,2024-11-22,2.164627363737486,0.3421309872922776,0.1091781643671265,strong_bullish,3.735840991664885,1.0608369634115091,bearish,bearish,True,False,True,False,2024
399,405981,405982,405985,2024-11-22 14:51:00+00:00,2024-11-22 14:52:00+00:00,2024-11-22 14:55:00+00:00,short,20800.0,20800.0,20799.75,20824.75,20774.75,20749.75,20724.75,20699.75,71.74921083627797,near_trigger,-54.74921083627797,25.0,False,False,False,False,True,stop,20824.75,20825.0,-25.25,0.0,-25.25,-1.01,8.75,26.75,0.35,1.07,4,3.0,0,2024-11-22,1.919434628975265,2.6422535211267606,1.102241662110443,partial_bullish,1.5408199928140844,2.110570350522229,bearish,bearish,True,True,False,False,2024
400,407349,407350,407358,2024-11-25 14:39:00+00:00,2024-11-25 14:40:00+00:00,2024-11-25 14:48:00+00:00,long,21054.75,21053.75,21054.0,21029.0,21079.0,21104.0,21129.0,21154.0,72.07950058892814,near_trigger,59.07950058892814,25.0,True,False,False,False,True,stop,21029.0,21028.75,-25.25,0.0,-25.25,-1.01,27.25,26.25,1.09,1.05,9,8.0,1,2024-11-25,2.07773851590106,0.4228934817170111,2.9992348890589136,partial_bullish,2.164067742290859,1.925486317177712,bullish,bullish,True,True,True,True,2024
401,407384,407385,407444,2024-11-25 15:14:00+00:00,2024-11-25 15:15:00+00:00,2024-11-25 16:14:00+00:00,long,20894.0,20893.75,20894.0,20869.0,20919.0,20944.0,20969.0,20994.0,71.05351515910662,near_trigger,68.05351515910662,25.0,True,True,False,False,False,max_holding_time,20919.0,20918.75,24.75,0.0,24.75,0.99,51.0,21.0,2.04,0.84,60,59.0,2,2024-11-25,1.1233913701741105,3.253399258343634,1.0038643194504078,strong_bearish,1.074787690621861,1.981815120390638,bullish,bullish,True,False,False,False,2024
402,408720,408721,408769,2024-11-26 14:30:00+00:00,2024-11-26 14:31:00+00:00,2024-11-26 15:19:00+00:00,long,20946.0,20946.5,20946.75,20922.25,20971.75,20996.75,21021.75,21046.75,72.44627011077729,near_trigger,45.44627011077729,24.5,True,True,True,False,True,stop,20922.25,20922.0,-24.75,0.0,-24.75,-1.010204081632653,78.25,27.75,3.193877551020408,1.1326530612244898,49,48.0,3,2024-11-26,1.8157894736842104,1.0134969325153371,0.3453333333333333,partial_bullish,5.9539521924035785,0.9479834920116048,bullish,bullish,True,False,False,False,2024
403,410100,410101,410146,2024-11-27 14:30:00+00:00,2024-11-27 14:31:00+00:00,2024-11-27 15:16:00+00:00,short,20892.5,20892.5,20892.25,20917.25,20867.25,20842.25,20817.25,20792.25,82.21311732018471,high_probability,-69.21311732018471,25.0,True,True,True,True,False,tp4,20792.25,20792.5,99.75,0.0,99.75,3.99,103.5,7.5,4.14,0.3,46,45.0,4,2024-11-27,5.704672897196262,0.0349999999999999,0.992337164750958,partial_bearish,12.540592168099332,1.3872974876731627,bearish,bearish,False,True,True,True,2024
404,410152,410153,410212,2024-11-27 15:22:00+00:00,2024-11-27 15:23:00+00:00,2024-11-27 16:22:00+00:00,short,20784.0,20784.75,20784.5,20809.5,20759.5,20734.5,20709.5,20684.5,75.44998194293969,near_trigger,-46.44998194293969,25.0,True,True,True,False,False,max_holding_time,20727.5,20727.75,56.75,0.0,56.75,2.27,88.75,21.75,3.55,0.87,60,59.0,3,2024-11-27,1.1072589382448537,1.030520646319569,4.959950708564387,strong_bearish,1.614488702539017,1.7601645630698124,bearish,bearish,True,True,False,False,2024
405,411480,411481,411540,2024-11-28 14:30:00+00:00,2024-11-28 14:31:00+00:00,2024-11-28 15:30:00+00:00,long,20889.25,20889.5,20889.75,20864.75,20914.75,20939.75,20964.75,20989.75,77.04995545972068,near_trigger,76.04995545972068,25.0,False,False,False,False,False,max_holding_time,20899.0,20898.75,9.0,0.0,9.0,0.36,12.25,15.25,0.49,0.61,60,59.0,0,2024-11-28,4.975903614457831,1.1771771771771773,0.3326133909287257,strong_bullish,15.037768739105172,0.2968332434881346,bullish,bullish,True,True,True,False,2024
406,412626,412627,412634,2024-11-29 14:36:00+00:00,2024-11-29 14:37:00+00:00,2024-11-29 14:44:00+00:00,short,20845.5,20845.75,20845.5,20870.5,20820.5,20795.5,20770.5,20745.5,71.0,near_trigger,-26.11348079380295,25.0,False,False,False,False,True,stop,20870.5,20870.75,-25.25,0.0,-25.25,-1.01,0.75,30.0,0.03,1.2,8,7.0,0,2024-11-29,0.9929078014184396,1.6997219647822055,1.2685337726523889,partial_bearish,1.854538949293367,0.7508812593558356,bearish,bearish,False,True,True,False,2024
407,412658,412659,412718,2024-11-29 15:08:00+00:00,2024-11-29 15:09:00+00:00,2024-11-29 16:08:00+00:00,long,20946.25,20945.25,20945.5,20920.5,20970.5,20995.5,21020.5,21045.5,81.75659368421988,high_probability,73.75659368421988,25.0,True,False,False,False,False,max_holding_time,20971.25,20971.0,25.5,0.0,25.5,1.02,36.75,10.0,1.47,0.4,60,59.0,1,2024-11-29,2.923599320882853,1.827676240208877,3.2458816351433804,strong_bullish,0.9874337623012868,0.7486741511123356,bullish,bullish,False,True,True,False,2024
408,413775,413776,413798,2024-12-02 14:30:00+00:00,2024-12-02 14:31:00+00:00,2024-12-02 14:53:00+00:00,long,21062.0,21062.0,21062.25,21037.25,21087.25,21112.25,21137.25,21162.25,71.30654240341926,near_trigger,42.30654240341926,25.0,True,True,True,True,False,tp4,21162.25,21162.0,99.75,0.0,99.75,3.99,100.75,5.25,4.03,0.21,23,22.0,4,2024-12-02,4.411378555798687,0.3190348525469169,1.0990654205607475,strong_bullish,13.61130576967998,1.4123835032055556,bullish,bullish,True,True,True,True,2024
409,413824,413825,413884,2024-12-02 15:19:00+00:00,2024-12-02 15:20:00+00:00,2024-12-02 16:19:00+00:00,long,21163.75,21164.0,21164.25,21139.25,21189.25,21214.25,21239.25,21264.25,84.0,high_probability,83.56874381800198,25.0,True,False,False,False,False,max_holding_time,21191.5,21191.25,27.0,0.0,27.0,1.08,39.5,23.25,1.58,0.93,60,59.0,1,2024-12-02,2.264094955489614,1.3714285714285714,5.12994980479643,partial_bullish,1.2991513977727378,1.5392279705922314,bullish,bullish,True,False,True,False,2024
410,415162,415163,415164,2024-12-03 14:37:00+00:00,2024-12-03 14:38:00+00:00,2024-12-03 14:39:00+00:00,short,21167.0,21167.0,21166.75,21191.75,21141.75,21116.75,21091.75,21066.75,73.22538219294535,near_trigger,-58.22538219294535,25.0,False,False,False,False,True,stop,21191.75,21192.0,-25.25,0.0,-25.25,-1.01,1.0,28.5,0.04,1.14,2,1.0,0,2024-12-03,0.4165781083953241,1.0440251572327044,2.537216828478964,partial_bullish,1.7432457156796974,1.2584530853761624,bearish,bearish,True,True,False,False,2024
411,415205,415206,415220,2024-12-03 15:20:00+00:00,2024-12-03 15:21:00+00:00,2024-12-03 15:35:00+00:00,short,21188.5,21188.25,21188.0,21213.0,21163.0,21138.0,21113.0,21088.0,83.04293785310735,high_probability,-70.04293785310735,25.0,False,False,False,False,True,stop,21213.0,21213.25,-25.25,0.0,-25.25,-1.01,19.5,26.0,0.78,1.04,15,14.0,0,2024-12-03,2.368064952638701,0.4986301369863013,0.6569435637285986,partial_bullish,2.4489162339128474,2.416083088532168,bearish,bearish,False,True,True,False,2024
412,419297,419298,419308,2024-12-06 14:32:00+00:00,2024-12-06 14:33:00+00:00,2024-12-06 14:43:00+00:00,short,21518.5,21518.25,21518.0,21543.0,21493.0,21468.0,21443.0,21418.0,74.0,near_trigger,-70.27365085915014,25.0,False,False,False,False,True,stop,21543.0,21543.25,-25.25,0.0,-25.25,-1.01,4.75,29.5,0.19,1.18,11,10.0,0,2024-12-06,1.022354694485842,0.5165257494235204,0.6142384105960265,partial_bullish,3.036079761417461,0.7001975711559598,bearish,bearish,True,True,True,True,2024
413,419330,419331,419390,2024-12-06 15:05:00+00:00,2024-12-06 15:06:00+00:00,2024-12-06 16:05:00+00:00,long,21597.25,21597.5,21597.75,21572.75,21622.75,21647.75,21672.75,21697.75,70.0,near_trigger,70.0,25.0,True,False,False,False,False,max_holding_time,21626.75,21626.5,28.75,0.0,28.75,1.15,47.75,4.25,1.91,0.17,60,59.0,1,2024-12-06,1.0724233983286908,2.7478510028653296,3.5274261603375527,partial_bullish,0.7691181933827916,0.7054571738344778,bullish,bullish,False,False,True,False,2024
414,420677,420678,420737,2024-12-09 14:32:00+00:00,2024-12-09 14:33:00+00:00,2024-12-09 15:32:00+00:00,short,21629.75,21630.75,21630.5,21655.5,21605.5,21580.5,21555.5,21530.5,74.0,near_trigger,-53.33321881032615,25.0,True,True,True,False,False,max_holding_time,21563.75,21564.0,66.5,0.0,66.5,2.66,85.5,18.5,3.42,0.74,60,59.0,3,2024-12-09,0.4361370716510904,0.4460176991150443,0.0910780669144981,partial_bullish,4.659022691799736,1.056960947873753,bearish,bearish,True,True,True,False,2024
415,422070,422071,422075,2024-12-10 14:45:00+00:00,2024-12-10 14:46:00+00:00,2024-12-10 14:50:00+00:00,long,21586.25,21586.5,21586.75,21561.75,21611.75,21636.75,21661.75,21686.75,71.78823529411764,near_trigger,57.78823529411764,25.0,False,False,False,False,True,stop,21561.75,21561.5,-25.25,0.0,-25.25,-1.01,3.0,29.5,0.12,1.18,5,4.0,0,2024-12-10,3.0252100840336134,3.3508771929824563,3.230769230769231,strong_bullish,1.8436542297027776,1.7337920181522075,bullish,bullish,False,True,False,False,2024
416,422084,422085,422137,2024-12-10 14:59:00+00:00,2024-12-10 15:00:00+00:00,2024-12-10 15:52:00+00:00,long,21546.75,21546.5,21546.75,21521.75,21571.75,21596.75,21621.75,21646.75,74.46666666666667,near_trigger,39.46666666666667,25.0,True,True,False,False,True,stop,21521.75,21521.5,-25.25,0.0,-25.25,-1.01,60.0,26.75,2.4,1.07,53,52.0,2,2024-12-10,1.4670116429495472,0.3284457478005865,3.230769230769231,partial_bullish,1.499460440896867,2.814157585109461,bullish,bullish,True,True,False,False,2024
417,423440,423441,423472,2024-12-11 14:35:00+00:00,2024-12-11 14:36:00+00:00,2024-12-11 15:07:00+00:00,long,21619.25,21618.75,21619.0,21594.0,21644.0,21669.0,21694.0,21719.0,88.45704557988941,high_probability,74.45704557988941,25.0,True,True,True,True,False,tp4,21719.0,21718.75,99.75,0.0,99.75,3.99,101.5,24.5,4.06,0.98,32,31.0,4,2024-12-11,3.731895223420648,1.456910569105691,6.012539184952979,strong_bullish,2.047339816933638,0.9244355470168952,bullish,bullish,False,True,True,False,2024
418,423487,423488,423521,2024-12-11 15:22:00+00:00,2024-12-11 15:23:00+00:00,2024-12-11 15:56:00+00:00,long,21699.5,21699.75,21700.0,21675.0,21725.0,21750.0,21775.0,21800.0,73.0,near_trigger,56.39757524890168,25.0,True,False,False,False,True,stop,21675.0,21674.75,-25.25,0.0,-25.25,-1.01,29.0,26.25,1.16,1.05,34,33.0,1,2024-12-11,1.596662030598053,0.7741065407956844,6.054852320675106,partial_bullish,1.1168444785347371,1.176153817910338,bullish,bullish,True,True,True,True,2024
419,424816,424817,424868,2024-12-12 14:31:00+00:00,2024-12-12 14:32:00+00:00,2024-12-12 15:23:00+00:00,short,21671.25,21671.5,21671.25,21696.25,21646.25,21621.25,21596.25,21571.25,70.45669851171786,near_trigger,-41.45669851171786,25.0,True,False,False,False,True,stop,21696.25,21696.5,-25.25,0.0,-25.25,-1.01,46.5,29.75,1.86,1.19,52,51.0,1,2024-12-12,2.061818181818182,0.5322314049586777,0.7068575734740015,partial_bearish,4.743715865531395,0.8429275820082219,bearish,bearish,True,True,True,True,2024
420,426195,426196,426214,2024-12-13 14:30:00+00:00,2024-12-13 14:31:00+00:00,2024-12-13 14:49:00+00:00,long,21806.75,21805.75,21806.0,21781.0,21831.0,21856.0,21881.0,21906.0,90.23482377228794,a_plus_plus,77.23482377228794,25.0,True,True,True,True,False,tp4,21906.0,21905.75,99.75,0.0,99.75,3.99,102.0,10.0,4.08,0.4,19,18.0,4,2024-12-13,2.43585237258348,0.4840940525587828,2.237762237762238,partial_bearish,6.710493585871149,1.079110379665821,bullish,bullish,True,True,True,False,2024
421,427582,427583,427637,2024-12-16 14:37:00+00:00,2024-12-16 14:38:00+00:00,2024-12-16 15:32:00+00:00,long,21910.0,21910.5,21910.75,21885.75,21935.75,21960.75,21985.75,22010.75,73.77980793153206,near_trigger,58.77980793153206,25.0,True,True,True,True,False,tp4,22010.75,22010.5,99.75,0.0,99.75,3.99,102.0,13.75,4.08,0.55,55,54.0,4,2024-12-16,0.8923719958202716,1.9429312581063556,0.7631318136769079,partial_bullish,1.1360579410243146,0.4017857142857142,bullish,bullish,True,True,True,True,2024
422,429000,429001,429002,2024-12-17 15:15:00+00:00,2024-12-17 15:16:00+00:00,2024-12-17 15:17:00+00:00,short,22257.0,22257.0,22256.75,22281.75,22231.75,22206.75,22181.75,22156.75,73.9225704419126,near_trigger,-66.9225704419126,25.0,False,False,False,False,True,stop,22281.75,22282.0,-25.25,0.0,-25.25,-1.01,0.25,27.75,0.01,1.11,2,1.0,0,2024-12-17,1.945804195804196,1.7269035532994923,2.038967364831953,strong_bearish,1.1054775716246734,1.1900846144678825,bearish,bearish,False,True,True,False,2024
423,429005,429006,429024,2024-12-17 15:20:00+00:00,2024-12-17 15:21:00+00:00,2024-12-17 15:39:00+00:00,short,22251.75,22252.25,22252.0,22277.0,22227.0,22202.0,22177.0,22152.0,71.770104914019,near_trigger,-68.770104914019,25.0,False,False,False,False,True,stop,22277.0,22277.25,-25.25,0.0,-25.25,-1.01,7.75,36.0,0.31,1.44,19,18.0,0,2024-12-17,0.2670299727520436,1.9803536345776036,2.038967364831953,strong_bearish,1.093930401942271,1.2685343910709594,bearish,bearish,False,True,True,False,2024
424,430336,430337,430347,2024-12-18 14:31:00+00:00,2024-12-18 14:32:00+00:00,2024-12-18 14:42:00+00:00,short,22244.75,22244.75,22244.5,22269.5,22219.5,22194.5,22169.5,22144.5,73.94561830351361,near_trigger,-52.94561830351361,25.0,True,False,False,False,True,stop,22269.5,22269.75,-25.25,0.0,-25.25,-1.01,33.25,29.75,1.33,1.19,11,10.0,1,2024-12-18,3.2527472527472527,0.3555973659454374,3.796416938110749,strong_bearish,7.437893666131998,1.1365171595440062,bearish,bearish,True,True,False,False,2024
425,431716,431717,431717,2024-12-19 14:31:00+00:00,2024-12-19 14:32:00+00:00,2024-12-19 14:32:00+00:00,long,21683.25,21683.5,21683.75,21658.75,21708.75,21733.75,21758.75,21783.75,70.51858135615366,near_trigger,61.51858135615366,25.0,False,False,False,False,True,stop,21658.75,21658.5,-25.25,0.0,-25.25,-1.01,14.25,38.0,0.57,1.52,1,0.0,0,2024-12-19,1.434782608695652,2.5911330049261085,0.0287769784172661,strong_bullish,6.178561662564944,1.0541048040027523,bullish,bullish,True,True,False,False,2024
426,431723,431724,431726,2024-12-19 14:38:00+00:00,2024-12-19 14:39:00+00:00,2024-12-19 14:41:00+00:00,long,21607.75,21607.75,21608.0,21583.0,21633.0,21658.0,21683.0,21708.0,72.06259417633883,near_trigger,53.062594176338834,25.0,False,False,False,False,True,stop,21583.0,21582.75,-25.25,0.0,-25.25,-1.01,34.5,26.5,1.38,1.06,3,2.0,0,2024-12-19,2.7025045815516187,0.7008871989860583,0.0287769784172661,partial_bullish,2.200916757059379,1.795347509633224,bullish,bullish,True,True,False,False,2024
427,431740,431741,431746,2024-12-19 14:55:00+00:00,2024-12-19 14:56:00+00:00,2024-12-19 15:01:00+00:00,long,21581.0,21581.0,21581.25,21556.25,21606.25,21631.25,21656.25,21681.25,70.24082433758586,near_trigger,70.24082433758586,25.0,False,False,False,False,True,stop,21556.25,21556.0,-25.25,0.0,-25.25,-1.01,23.75,35.0,0.95,1.4,6,5.0,0,2024-12-19,0.6594700686947987,2.5725774024929637,1.786857624262847,strong_bearish,1.0813359740242243,1.8612093454693024,bullish,bullish,True,False,False,False,2024
428,431758,431759,431760,2024-12-19 15:13:00+00:00,2024-12-19 15:14:00+00:00,2024-12-19 15:15:00+00:00,long,21637.25,21636.75,21637.0,21612.0,21662.0,21687.0,21712.0,21737.0,76.31745697225149,near_trigger,55.31745697225149,25.0,False,False,False,False,True,stop,21612.0,21611.75,-25.25,0.0,-25.25,-1.01,0.0,33.25,0.0,1.33,2,1.0,0,2024-12-19,3.0094836670179133,0.6387832699619772,1.2203516647961092,partial_bearish,1.2627413042522315,1.9001614568169185,bullish,bullish,True,True,False,False,2024
429,433098,433099,433101,2024-12-20 14:33:00+00:00,2024-12-20 14:34:00+00:00,2024-12-20 14:36:00+00:00,short,21193.75,21193.5,21193.25,21218.25,21168.25,21143.25,21118.25,21093.25,87.49493185897384,high_probability,-78.49493185897384,25.0,False,False,False,False,True,stop,21218.25,21218.5,-25.25,0.0,-25.25,-1.01,5.25,29.5,0.21,1.18,3,2.0,0,2024-12-20,0.8115942028985507,0.2196078431372549,2.504354136429608,partial_bullish,1.894626504971684,1.0271912861596748,bearish,bearish,True,True,True,False,2024
430,433103,433104,433104,2024-12-20 14:38:00+00:00,2024-12-20 14:39:00+00:00,2024-12-20 14:39:00+00:00,short,21252.75,21253.25,21253.0,21278.0,21228.0,21203.0,21178.0,21153.0,71.0,near_trigger,-50.21376811594203,25.0,False,False,False,False,True,stop,21278.0,21278.25,-25.25,0.0,-25.25,-1.01,0.25,56.25,0.01,2.25,1,0.0,0,2024-12-20,2.244565217391304,0.1700167504187604,2.504354136429608,partial_bullish,2.058395597903972,1.8770949720670391,bearish,bearish,False,True,True,False,2024
431,433106,433107,433115,2024-12-20 14:41:00+00:00,2024-12-20 14:42:00+00:00,2024-12-20 14:50:00+00:00,short,21280.0,21280.5,21280.25,21305.25,21255.25,21230.25,21205.25,21180.25,71.5307495646478,near_trigger,-53.530749564647806,25.0,True,True,True,True,False,tp4,21180.25,21180.5,99.75,0.0,99.75,3.99,120.0,4.75,4.8,0.19,9,8.0,4,2024-12-20,2.78167757287329,1.7860498735092158,2.504354136429608,strong_bullish,1.074128145543759,1.3778201320863437,bearish,bearish,True,True,True,False,2024
432,434475,434476,434476,2024-12-23 14:30:00+00:00,2024-12-23 14:31:00+00:00,2024-12-23 14:31:00+00:00,long,21654.25,21654.25,21654.5,21629.5,21679.5,21704.5,21729.5,21754.5,82.50148016577856,high_probability,73.50148016577856,25.0,False,False,False,False,True,stop,21629.5,21629.25,-25.25,0.0,-25.25,-1.01,3.0,37.0,0.12,1.48,1,0.0,0,2024-12-23,4.508474576271187,0.7512626262626263,0.725925925925926,partial_bullish,10.768833582898743,1.1576376554174068,bullish,bullish,False,True,True,True,2024
433,434512,434513,434513,2024-12-23 15:07:00+00:00,2024-12-23 15:08:00+00:00,2024-12-23 15:08:00+00:00,long,21573.75,21574.25,21574.5,21549.5,21599.5,21624.5,21649.5,21674.5,70.37207157351042,near_trigger,59.372071573510425,25.0,False,False,False,False,True,stop,21549.5,21549.25,-25.25,0.0,-25.25,-1.01,2.0,42.5,0.08,1.7,1,0.0,0,2024-12-23,0.3099059214167127,1.646404449741756,1.2866640594446617,partial_bearish,1.4156181123231872,1.864116191922408,bullish,bullish,True,False,False,False,2024
434,434516,434517,434568,2024-12-23 15:11:00+00:00,2024-12-23 15:12:00+00:00,2024-12-23 16:03:00+00:00,long,21503.25,21503.0,21503.25,21478.25,21528.25,21553.25,21578.25,21603.25,70.35234116623151,near_trigger,59.35234116623151,25.0,True,True,True,True,False,tp4,21603.25,21603.0,99.75,0.0,99.75,3.99,101.0,13.0,4.04,0.52,52,51.0,4,2024-12-23,1.593733681462141,2.0389329488103822,1.2866640594446617,partial_bearish,1.5309616086480475,1.958055947631061,bullish,bullish,True,False,False,False,2024
435,438391,438392,438398,2024-12-27 14:31:00+00:00,2024-12-27 14:32:00+00:00,2024-12-27 14:38:00+00:00,short,21820.75,21820.75,21820.5,21845.5,21795.5,21770.5,21745.5,21720.5,86.82693586362305,high_probability,-72.82693586362305,25.0,True,True,True,True,False,tp4,21720.5,21720.75,99.75,0.0,99.75,3.99,100.25,4.75,4.01,0.19,7,6.0,4,2024-12-27,3.555555555555556,1.75,4.120524017467249,strong_bearish,5.515689216517711,1.0252523721466031,bearish,bearish,False,True,True,False,2024
436,438420,438421,438432,2024-12-27 15:00:00+00:00,2024-12-27 15:01:00+00:00,2024-12-27 15:12:00+00:00,short,21655.0,21655.25,21655.0,21680.0,21630.0,21605.0,21580.0,21555.0,87.86666666666666,high_probability,-53.86666666666666,25.0,True,True,True,True,False,tp4,21555.0,21555.25,99.75,0.0,99.75,3.99,102.5,6.75,4.1,0.27,12,11.0,4,2024-12-27,1.7937831690674757,2.138888888888889,5.829931972789115,strong_bearish,1.9973553190922888,2.093484023998884,bearish,bearish,False,True,True,False,2024
437,438436,438437,438442,2024-12-27 15:16:00+00:00,2024-12-27 15:17:00+00:00,2024-12-27 15:22:00+00:00,short,21547.75,21548.25,21548.0,21573.0,21523.0,21498.0,21473.0,21448.0,82.65188660801564,high_probability,-68.65188660801564,25.0,True,False,False,False,True,stop,21573.0,21573.25,-25.25,0.0,-25.25,-1.01,35.25,34.5,1.41,1.38,6,5.0,1,2024-12-27,0.656891495601173,3.0948957584471604,6.686646433990895,strong_bearish,0.9172499349087956,1.81207546028048,bearish,bearish,False,True,True,False,2024
438,438443,438444,438465,2024-12-27 15:23:00+00:00,2024-12-27 15:24:00+00:00,2024-12-27 15:45:00+00:00,short,21577.25,21577.75,21577.5,21602.5,21552.5,21527.5,21502.5,21477.5,90.51996572407884,a_plus_plus,-90.51996572407884,25.0,True,True,False,False,True,stop,21602.5,21602.75,-25.25,0.0,-25.25,-1.01,72.5,28.5,2.9,1.14,22,21.0,2,2024-12-27,1.87146529562982,3.390260173448966,6.686646433990895,partial_bearish,1.5474352908325124,2.777236406158644,bearish,bearish,True,True,True,False,2024
439,441166,441167,441170,2024-12-31 14:46:00+00:00,2024-12-31 14:47:00+00:00,2024-12-31 14:50:00+00:00,long,21437.25,21437.5,21437.75,21412.75,21462.75,21487.75,21512.75,21537.75,72.65448128603497,near_trigger,60.654481286034965,25.0,False,False,False,False,True,stop,21412.75,21412.5,-25.25,0.0,-25.25,-1.01,16.0,35.75,0.64,1.43,4,3.0,0,2024-12-31,1.55837870538415,2.6072526121696376,2.0985772357723573,partial_bearish,1.340104176390419,1.4359446267104103,bullish,bullish,True,True,False,False,2024
440,441194,441195,441242,2024-12-31 15:14:00+00:00,2024-12-31 15:15:00+00:00,2024-12-31 16:02:00+00:00,long,21384.0,21383.75,21384.0,21359.0,21409.0,21434.0,21459.0,21484.0,72.16035312213276,near_trigger,29.16035312213276,25.0,True,True,True,False,True,stop,21359.0,21358.75,-25.25,0.0,-25.25,-1.01,84.75,27.75,3.39,1.11,48,47.0,3,2024-12-31,1.2503259452411994,1.111467522052927,1.39020979020979,partial_bearish,0.9482256551996446,1.333666541713524,neutral,bullish,True,False,True,False,2024
1,862,863,908,2024-10-01 14:22:00+00:00,2024-10-01 14:23:00+00:00,2024-10-01 15:08:00+00:00,short,19965.75,19965.5,19965.25,19990.25,19940.25,19915.25,19890.25,19865.25,70.0,near_trigger,-62.805986356018224,25.0,True,True,True,True,False,tp4,19865.25,19865.5,99.75,0.0,99.75,3.99,115.75,20.0,4.63,0.8,46,45.0,4,2024-10-01,1.8291905672402804,1.4464944649446496,6.460034904013962,partial_bearish,0.8498689629352302,,bearish,bearish,False,False,True,False,2025
2,2197,2198,2199,2024-10-02 13:37:00+00:00,2024-10-02 13:38:00+00:00,2024-10-02 13:39:00+00:00,long,19905.5,19905.75,19906.0,19881.0,19931.0,19956.0,19981.0,20006.0,74.0,near_trigger,34.37037037037037,25.0,False,False,False,False,True,stop,19881.0,19880.75,-25.25,0.0,-25.25,-1.01,3.5,32.75,0.14,1.31,2,1.0,0,2024-10-02,2.8078358208955225,0.0179028132992327,0.1431111111111111,partial_bearish,2.06831030884483,,bullish,bullish,True,True,True,False,2025
3,2208,2209,2252,2024-10-02 13:48:00+00:00,2024-10-02 13:49:00+00:00,2024-10-02 14:32:00+00:00,long,19914.75,19915.0,19915.25,19890.25,19940.25,19965.25,19990.25,20015.25,81.33333333333334,high_probability,63.33333333333334,25.0,True,True,True,True,False,tp4,20015.25,20015.0,99.75,0.0,99.75,3.99,101.75,24.0,4.07,0.96,44,43.0,4,2024-10-02,2.746268656716418,2.975810602161606,2.0128983308042487,partial_bearish,1.8471764013131893,,bullish,bullish,True,True,False,False,2025
4,3571,3572,3595,2024-10-03 13:31:00+00:00,2024-10-03 13:32:00+00:00,2024-10-03 13:55:00+00:00,long,19926.5,19926.0,19926.25,19901.25,19951.25,19976.25,20001.25,20026.25,85.73359408952629,high_probability,64.73359408952629,25.0,True,True,True,True,False,tp4,20026.25,20026.0,99.75,0.0,99.75,3.99,108.75,3.25,4.35,0.13,24,23.0,4,2024-10-03,0.8578878748370274,0.6363636363636364,2.111533586818758,partial_bearish,6.038651249292472,,bullish,bullish,True,True,True,False,2025
5,3604,3605,3613,2024-10-03 14:04:00+00:00,2024-10-03 14:05:00+00:00,2024-10-03 14:13:00+00:00,long,20090.75,20090.75,20091.0,20066.0,20116.0,20141.0,20166.0,20191.0,76.01455249515958,near_trigger,73.01455249515958,25.0,False,False,False,False,True,stop,20066.0,20065.75,-25.25,0.0,-25.25,-1.01,24.0,83.25,0.96,3.33,9,8.0,0,2024-10-03,3.163575042158516,1.5582750582750584,1.811764705882353,strong_bullish,1.2929608527844143,,bullish,bullish,False,True,True,False,2025
6,7732,7733,7775,2024-10-08 13:52:00+00:00,2024-10-08 13:53:00+00:00,2024-10-08 14:35:00+00:00,long,20117.5,20117.5,20117.75,20092.75,20142.75,20167.75,20192.75,20217.75,81.87780758788057,high_probability,66.87780758788057,25.0,True,True,True,True,False,tp4,20217.75,20217.5,99.75,0.0,99.75,3.99,100.0,0.25,4.0,0.01,43,42.0,4,2024-10-08,1.5053763440860215,0.9223826714801444,1.2736389684813754,strong_bullish,1.2346674219481908,1.1964783379782111,bullish,bullish,True,False,True,False,2025
7,9108,9109,9168,2024-10-09 13:48:00+00:00,2024-10-09 13:49:00+00:00,2024-10-09 14:48:00+00:00,long,20270.75,20270.25,20270.5,20245.5,20295.5,20320.5,20345.5,20370.5,73.0,near_trigger,54.9139471875763,25.0,True,True,True,False,False,max_holding_time,20324.0,20323.75,53.25,0.0,53.25,2.13,87.5,24.5,3.5,0.98,60,59.0,3,2024-10-09,1.2761061946902656,2.267256637168142,0.9454841334418226,partial_bearish,1.0695762496828216,0.9436169895233264,bullish,bullish,True,True,True,False,2025
8,10488,10489,10492,2024-10-10 13:48:00+00:00,2024-10-10 13:49:00+00:00,2024-10-10 13:52:00+00:00,short,20315.25,20315.75,20315.5,20340.5,20290.5,20265.5,20240.5,20215.5,74.51835481890731,near_trigger,-53.51835481890731,25.0,False,False,False,False,True,stop,20340.5,20340.75,-25.25,0.0,-25.25,-1.01,14.25,31.25,0.57,1.25,4,3.0,0,2024-10-10,3.248618784530387,0.6958796599084369,1.7408906882591093,partial_bearish,2.3475159419245597,1.7646239554317549,bearish,neutral,False,True,True,False,2025
9,10522,10523,10527,2024-10-10 14:22:00+00:00,2024-10-10 14:23:00+00:00,2024-10-10 14:27:00+00:00,short,20381.5,20381.25,20381.0,20406.0,20356.0,20331.0,20306.0,20281.0,80.65166154518688,high_probability,-80.65166154518688,25.0,False,False,False,False,True,stop,20406.0,20406.25,-25.25,0.0,-25.25,-1.01,9.0,29.25,0.36,1.17,5,4.0,0,2024-10-10,1.553658536585366,1.6969696969696968,1.0344827586206895,partial_bullish,1.2168097022442483,0.7959936742224565,bearish,bearish,True,False,True,False,2025
10,11880,11881,11882,2024-10-11 14:00:00+00:00,2024-10-11 14:01:00+00:00,2024-10-11 14:02:00+00:00,short,20344.5,20344.25,20344.0,20369.0,20319.0,20294.0,20269.0,20244.0,87.21064911423662,high_probability,-58.21064911423662,25.0,False,False,False,False,True,stop,20369.0,20369.25,-25.25,0.0,-25.25,-1.01,7.5,36.5,0.3,1.46,2,1.0,0,2024-10-11,1.4697173620457604,0.7905282331511839,0.9860601614086574,partial_bearish,2.1294696264787984,0.824670624004633,bearish,bearish,True,False,True,False,2025
11,11885,11886,11886,2024-10-11 14:05:00+00:00,2024-10-11 14:06:00+00:00,2024-10-11 14:06:00+00:00,short,20368.0,20367.25,20367.0,20392.0,20342.0,20317.0,20292.0,20267.0,73.0,near_trigger,-71.79612835192611,25.0,False,False,False,False,True,stop,20392.0,20392.25,-25.25,0.0,-25.25,-1.01,0.0,29.75,0.0,1.19,1,0.0,0,2024-10-11,1.5373831775700937,1.9198075380914197,0.9860601614086574,partial_bullish,1.039205590290548,0.7051483616580569,bearish,bearish,True,False,True,False,2025
12,11887,11888,11891,2024-10-11 14:07:00+00:00,2024-10-11 14:08:00+00:00,2024-10-11 14:11:00+00:00,short,20401.25,20401.5,20401.25,20426.25,20376.25,20351.25,20326.25,20301.25,79.0,near_trigger,-65.98655144358688,25.0,False,False,False,False,True,stop,20426.25,20426.5,-25.25,0.0,-25.25,-1.01,7.5,36.75,0.3,1.47,4,3.0,0,2024-10-11,2.7627811860940694,1.9198075380914197,0.9860601614086574,partial_bullish,2.143454822293247,1.5707285200914731,bearish,bearish,True,False,True,False,2025
13,13265,13266,13273,2024-10-14 14:05:00+00:00,2024-10-14 14:06:00+00:00,2024-10-14 14:13:00+00:00,long,20650.0,20650.5,20650.75,20625.75,20675.75,20700.75,20725.75,20750.75,70.0,near_trigger,70.0,25.0,False,False,False,False,True,stop,20625.75,20625.5,-25.25,0.0,-25.25,-1.01,2.5,28.75,0.1,1.15,8,7.0,0,2024-10-14,1.632183908045977,3.4137638062871707,6.619199999999999,partial_bullish,0.8489188430216231,0.6239708276953421,bullish,bullish,False,True,True,False,2025
14,14650,14651,14670,2024-10-15 14:10:00+00:00,2024-10-15 14:11:00+00:00,2024-10-15 14:30:00+00:00,short,20608.5,20608.0,20607.75,20632.75,20582.75,20557.75,20532.75,20507.75,78.8628867973481,near_trigger,-57.8628867973481,25.0,True,True,True,True,False,tp4,20507.75,20508.0,99.75,0.0,99.75,3.99,132.25,6.5,5.29,0.26,20,19.0,4,2024-10-15,2.2222222222222223,0.4110929853181077,0.9270833333333334,partial_bearish,2.0864736215787385,1.2598371313214265,neutral,bearish,True,False,True,False,2025
15,15991,15992,15992,2024-10-16 13:31:00+00:00,2024-10-16 13:32:00+00:00,2024-10-16 13:32:00+00:00,short,20304.5,20305.0,20304.75,20329.75,20279.75,20254.75,20229.75,20204.75,85.0,high_probability,-72.0,25.0,False,False,False,False,True,stop,20329.75,20330.0,-25.25,0.0,-25.25,-1.01,4.0,26.25,0.16,1.05,1,0.0,0,2024-10-16,5.8593481989708405,1.11340206185567,0.6633064516129031,strong_bearish,9.981613079560702,1.5627369433599274,bearish,bearish,False,True,True,False,2025
16,15994,15995,16044,2024-10-16 13:34:00+00:00,2024-10-16 13:35:00+00:00,2024-10-16 14:24:00+00:00,short,20302.25,20302.5,20302.25,20327.25,20277.25,20252.25,20227.25,20202.25,81.88664099628821,high_probability,-60.88664099628821,25.0,True,True,True,False,True,stop,20327.25,20327.5,-25.25,0.0,-25.25,-1.01,97.0,30.75,3.88,1.23,50,49.0,3,2024-10-16,3.444848484848485,1.11340206185567,0.6633064516129031,strong_bearish,2.8228437647879256,1.0812259340201895,bearish,bearish,False,True,True,False,2025
17,17401,17402,17404,2024-10-17 14:01:00+00:00,2024-10-17 14:02:00+00:00,2024-10-17 14:04:00+00:00,short,20386.75,20386.75,20386.5,20411.5,20361.5,20336.5,20311.5,20286.5,77.33333333333334,near_trigger,-56.33333333333334,25.0,False,False,False,False,True,stop,20411.5,20411.75,-25.25,0.0,-25.25,-1.01,15.75,26.0,0.63,1.04,3,2.0,0,2024-10-17,2.8092105263157894,1.341188524590164,2.229299363057325,strong_bearish,2.2115840364015544,2.765965855200759,neutral,bearish,True,True,True,False,2025
18,18761,18762,18769,2024-10-18 13:41:00+00:00,2024-10-18 13:42:00+00:00,2024-10-18 13:49:00+00:00,long,20481.25,20481.75,20482.0,20457.0,20507.0,20532.0,20557.0,20582.0,83.01705758264909,high_probability,76.01705758264909,25.0,True,False,False,False,True,stop,20457.0,20456.75,-25.25,0.0,-25.25,-1.01,29.25,32.25,1.17,1.29,8,7.0,1,2024-10-18,1.224865694551036,2.818481848184818,0.2368159203980099,partial_bearish,1.375352350885105,1.2769277845777234,bullish,bullish,True,True,True,False,2025
19,18770,18771,18830,2024-10-18 13:50:00+00:00,2024-10-18 13:51:00+00:00,2024-10-18 14:50:00+00:00,long,20463.0,20463.25,20463.5,20438.5,20488.5,20513.5,20538.5,20563.5,80.01406326657704,high_probability,51.01406326657704,25.0,True,True,False,False,False,max_holding_time,20490.0,20489.75,26.25,0.0,26.25,1.05,59.75,11.5,2.39,0.46,60,59.0,2,2024-10-18,1.375438596491228,1.9922239502332812,1.1351351351351353,partial_bearish,1.0765339037723678,1.2467369439949183,bullish,bullish,True,True,True,False,2025
20,21510,21511,21513,2024-10-22 13:30:00+00:00,2024-10-22 13:31:00+00:00,2024-10-22 13:33:00+00:00,short,20386.5,20385.5,20385.25,20406.25,20360.25,20335.25,20310.25,20285.25,73.93333333333334,near_trigger,-56.93333333333334,21.0,False,False,False,False,True,stop,20406.25,20406.5,-21.25,0.0,-21.25,-1.011904761904762,16.5,26.0,0.7857142857142857,1.238095238095238,3,2.0,0,2024-10-22,1.0337552742616034,1.3664596273291925,1.0775969962453067,partial_bearish,10.3179940436161,1.5043280947978823,bearish,bearish,True,True,False,False,2025
21,25650,25651,25668,2024-10-25 13:30:00+00:00,2024-10-25 13:31:00+00:00,2024-10-25 13:48:00+00:00,long,20519.25,20519.0,20519.25,20494.25,20544.25,20569.25,20594.25,20619.25,74.21758360066633,near_trigger,61.21758360066633,25.0,True,True,True,True,False,tp4,20619.25,20619.0,99.75,0.0,99.75,3.99,103.5,4.0,4.14,0.16,18,17.0,4,2024-10-25,2.7377777777777776,0.4278438030560272,1.268882175226586,partial_bullish,10.21188680151828,1.3914846256246862,bullish,bullish,True,True,False,False,2025
22,28411,28412,28412,2024-10-29 13:31:00+00:00,2024-10-29 13:32:00+00:00,2024-10-29 13:32:00+00:00,long,20479.75,20480.0,20480.25,20455.25,20505.25,20530.25,20555.25,20580.25,79.0,near_trigger,48.89184887997325,25.0,False,False,False,False,True,stop,20455.25,20455.0,-25.25,0.0,-25.25,-1.01,2.0,35.5,0.08,1.42,1,0.0,0,2024-10-29,1.4344262295081969,1.364953886693017,1.181749049429658,partial_bullish,8.547436652916911,1.1638916750250752,bullish,bullish,True,True,True,True,2025
23,28415,28416,28462,2024-10-29 13:35:00+00:00,2024-10-29 13:36:00+00:00,2024-10-29 14:22:00+00:00,long,20456.0,20456.5,20456.75,20431.75,20481.75,20506.75,20531.75,20556.75,76.94612401775545,near_trigger,61.94612401775545,25.0,True,True,True,True,False,tp4,20556.75,20556.5,99.75,0.0,99.75,3.99,107.75,21.75,4.31,0.87,47,46.0,4,2024-10-29,2.508960573476702,3.200376293508937,1.181749049429658,partial_bearish,3.7617864047027263,1.3582427600746427,bullish,bullish,True,True,True,False,2025
24,28465,28466,28467,2024-10-29 14:25:00+00:00,2024-10-29 14:26:00+00:00,2024-10-29 14:27:00+00:00,long,20598.5,20598.75,20599.0,20574.0,20624.0,20649.0,20674.0,20699.0,70.98381877022653,near_trigger,56.98381877022653,25.0,False,False,False,False,True,stop,20574.0,20573.75,-25.25,0.0,-25.25,-1.01,4.0,58.5,0.16,2.34,2,1.0,0,2024-10-29,3.352750809061489,1.9290051377860813,1.1691331923890065,strong_bullish,1.6372363043782705,1.604431524708994,bullish,bullish,False,True,False,False,2025
25,29790,29791,29791,2024-10-30 13:30:00+00:00,2024-10-30 13:31:00+00:00,2024-10-30 13:31:00+00:00,short,20635.75,20635.5,20635.25,20660.25,20610.25,20585.25,20560.25,20535.25,81.7744556119141,high_probability,-60.77445561191411,25.0,False,False,False,False,True,stop,20660.25,20660.5,-25.25,0.0,-25.25,-1.01,0.5,34.25,0.02,1.37,1,0.0,0,2024-10-30,2.4581939799331103,0.4936708860759494,2.149122807017544,partial_bearish,6.321033658714407,0.9760521361694676,bearish,bearish,False,True,True,False,2025
26,29794,29795,29796,2024-10-30 13:34:00+00:00,2024-10-30 13:35:00+00:00,2024-10-30 13:36:00+00:00,short,20617.5,20617.25,20617.0,20642.0,20592.0,20567.0,20542.0,20517.0,83.38818894163184,high_probability,-62.38818894163184,25.0,False,False,False,False,True,stop,20642.0,20642.25,-25.25,0.0,-25.25,-1.01,4.25,25.0,0.17,1.0,2,1.0,0,2024-10-30,2.680525164113785,0.4936708860759494,2.149122807017544,partial_bearish,3.461800593602286,1.4889271327798477,bearish,bearish,False,True,True,False,2025
27,29801,29802,29811,2024-10-30 13:41:00+00:00,2024-10-30 13:42:00+00:00,2024-10-30 13:51:00+00:00,short,20572.5,20572.5,20572.25,20597.25,20547.25,20522.25,20497.25,20472.25,86.97326207912735,high_probability,-72.97326207912735,25.0,True,False,False,False,True,stop,20597.25,20597.5,-25.25,0.0,-25.25,-1.01,29.25,29.25,1.17,1.17,10,9.0,1,2024-10-30,2.220030349013657,2.5407407407407407,2.149122807017544,strong_bearish,2.580389598285022,2.493694829760404,bearish,bearish,False,True,True,False,2025
28,31170,31171,31185,2024-10-31 13:30:00+00:00,2024-10-31 13:31:00+00:00,2024-10-31 13:45:00+00:00,short,20334.0,20333.5,20333.25,20358.25,20308.25,20283.25,20258.25,20233.25,84.82729705619982,high_probability,-83.82729705619982,25.0,True,True,True,True,False,tp4,20233.25,20233.5,99.75,0.0,99.75,3.99,110.25,8.75,4.41,0.35,15,14.0,4,2024-10-31,3.624036979969184,1.011914217633042,0.9577114427860696,strong_bearish,10.760187306964232,1.3380909901873328,bearish,bearish,False,True,True,False,2025
29,31207,31208,31217,2024-10-31 14:07:00+00:00,2024-10-31 14:08:00+00:00,2024-10-31 14:17:00+00:00,short,20170.0,20170.5,20170.25,20195.25,20145.25,20120.25,20095.25,20070.25,70.0,near_trigger,-57.26640585601928,25.0,True,True,False,False,True,stop,20195.25,20195.5,-25.25,0.0,-25.25,-1.01,51.25,26.0,2.05,1.04,10,9.0,2,2024-10-31,0.9698451507742462,3.042613636363636,5.844600526777875,partial_bearish,0.9214528538200036,1.2216687153608936,bearish,bearish,False,False,True,True,2025
30,31218,31219,31248,2024-10-31 14:18:00+00:00,2024-10-31 14:19:00+00:00,2024-10-31 14:48:00+00:00,short,20190.25,20190.5,20190.25,20215.25,20165.25,20140.25,20115.25,20090.25,73.57870188723021,near_trigger,-39.57870188723021,25.0,True,True,True,True,False,tp4,20090.25,20090.5,99.75,0.0,99.75,3.99,100.25,11.25,4.01,0.45,30,29.0,4,2024-10-31,3.0357142857142856,1.083041958041958,5.584238037796542,partial_bearish,0.77986482087809,1.2002711145164142,bearish,bearish,False,True,True,False,2025
31,32551,32552,32559,2024-11-01 13:31:00+00:00,2024-11-01 13:32:00+00:00,2024-11-01 13:39:00+00:00,short,20094.0,20094.5,20094.25,20119.25,20069.25,20044.25,20019.25,19994.25,71.0,near_trigger,-46.56051273391843,25.0,False,False,False,False,True,stop,20119.25,20119.5,-25.25,0.0,-25.25,-1.01,20.25,27.5,0.81,1.1,8,7.0,0,2024-11-01,0.4552845528455284,1.024390243902439,1.9296187683284456,partial_bearish,6.65255566008153,1.0748983495256312,bearish,bearish,False,False,True,False,2025
32,32592,32593,32623,2024-11-01 14:12:00+00:00,2024-11-01 14:13:00+00:00,2024-11-01 14:43:00+00:00,long,20217.25,20217.75,20218.0,20193.0,20243.0,20268.0,20293.0,20318.0,75.5466784765279,near_trigger,38.5466784765279,25.0,True,True,False,False,True,stop,20193.0,20192.75,-25.25,0.0,-25.25,-1.01,59.75,38.75,2.39,1.55,31,30.0,2,2024-11-01,1.7484499557130204,0.7345225603357818,0.9898232458489556,strong_bullish,1.7970888550945037,2.248712128420165,bullish,bullish,True,True,False,False,2025
33,33932,33933,33934,2024-11-04 14:32:00+00:00,2024-11-04 14:33:00+00:00,2024-11-04 14:34:00+00:00,long,20090.0,20090.0,20090.25,20065.25,20115.25,20140.25,20165.25,20190.25,74.0,near_trigger,69.50006072036622,25.0,False,False,False,False,True,stop,20065.25,20065.0,-25.25,0.0,-25.25,-1.01,2.25,46.25,0.09,1.85,2,1.0,0,2024-11-04,0.8507462686567164,0.5438247011952192,0.9211571185479296,strong_bearish,3.435628943482347,0.8996632239103992,bullish,bullish,True,True,True,False,2025
34,33935,33936,33936,2024-11-04 14:35:00+00:00,2024-11-04 14:36:00+00:00,2024-11-04 14:36:00+00:00,long,20042.75,20042.5,20042.75,20017.75,20067.75,20092.75,20117.75,20142.75,84.0,high_probability,67.78500779489553,25.0,False,False,False,False,True,stop,20017.75,20017.5,-25.25,0.0,-25.25,-1.01,0.0,26.75,0.0,1.07,1,0.0,0,2024-11-04,4.1125,3.4629349470499244,0.9211571185479296,strong_bearish,2.266184499751826,0.8703051922854361,bullish,bullish,True,True,True,False,2025
35,33937,33938,33945,2024-11-04 14:37:00+00:00,2024-11-04 14:38:00+00:00,2024-11-04 14:45:00+00:00,long,20016.25,20016.25,20016.5,19991.5,20041.5,20066.5,20091.5,20116.5,84.0,high_probability,69.00277737788407,25.0,True,True,True,True,False,tp4,20116.5,20116.25,99.75,0.0,99.75,3.99,111.5,0.5,4.46,0.02,8,7.0,4,2024-11-04,3.2908366533864544,3.4629349470499244,0.9211571185479296,strong_bearish,1.7672997162191662,1.4098962082336826,bullish,bullish,True,True,True,False,2025
36,35310,35311,35335,2024-11-05 14:30:00+00:00,2024-11-05 14:31:00+00:00,2024-11-05 14:55:00+00:00,long,20179.75,20179.25,20179.5,20154.5,20204.5,20229.5,20254.5,20279.5,87.05176958804975,high_probability,73.05176958804975,25.0,True,True,True,True,False,tp4,20279.5,20279.25,99.75,0.0,99.75,3.99,115.25,5.5,4.61,0.22,25,24.0,4,2024-11-05,3.974947807933194,2.707894736842105,0.7285342584562012,strong_bullish,11.75370316584374,1.2360339887966476,bullish,bullish,False,True,True,False,2025
37,35347,35348,35351,2024-11-05 15:07:00+00:00,2024-11-05 15:08:00+00:00,2024-11-05 15:11:00+00:00,long,20287.5,20287.5,20287.75,20262.75,20312.75,20337.75,20362.75,20387.75,73.0,near_trigger,73.0,25.0,False,False,False,False,True,stop,20262.75,20262.5,-25.25,0.0,-25.25,-1.01,20.0,27.5,0.8,1.1,4,3.0,0,2024-11-05,0.2317429406037001,2.1044689495066744,4.116266070430408,partial_bullish,0.670112239918371,0.6212853470437018,bullish,bullish,True,True,True,False,2025
38,36736,36737,36760,2024-11-06 15:16:00+00:00,2024-11-06 15:17:00+00:00,2024-11-06 15:40:00+00:00,long,20763.5,20764.0,20764.25,20739.25,20789.25,20814.25,20839.25,20864.25,82.09215229215229,high_probability,61.09215229215229,25.0,True,True,False,False,True,stop,20739.25,20739.0,-25.25,0.0,-25.25,-1.01,57.75,30.0,2.31,1.2,24,23.0,2,2024-11-06,1.4467754467754468,1.3292349726775956,1.1013215859030836,strong_bullish,1.0522202969456051,1.713819293609839,bullish,bullish,False,True,True,False,2025
39,39499,39500,39518,2024-11-08 15:19:00+00:00,2024-11-08 15:20:00+00:00,2024-11-08 15:38:00+00:00,long,21201.5,21202.0,21202.25,21177.25,21227.25,21252.25,21277.25,21302.25,78.68773622838762,near_trigger,61.68773622838762,25.0,False,False,False,False,True,stop,21177.25,21177.0,-25.25,0.0,-25.25,-1.01,9.0,27.0,0.36,1.08,19,18.0,0,2024-11-08,2.347406513872135,1.6566837107377648,0.1797432239657632,partial_bullish,1.1078305670897393,1.646129376190726,neutral,bullish,True,False,True,False,2025
40,40873,40874,40893,2024-11-11 15:13:00+00:00,2024-11-11 15:14:00+00:00,2024-11-11 15:33:00+00:00,short,21194.25,21194.0,21193.75,21218.75,21168.75,21143.75,21118.75,21093.75,73.0,near_trigger,-73.0,25.0,False,False,False,False,True,stop,21218.75,21219.0,-25.25,0.0,-25.25,-1.01,22.75,30.0,0.91,1.2,20,19.0,0,2024-11-11,0.8235294117647058,1.1819505094614264,5.109341057204924,partial_bearish,0.8538426349496798,0.9863267058590396,bearish,bearish,True,True,True,False,2025
41,42222,42223,42232,2024-11-12 14:42:00+00:00,2024-11-12 14:43:00+00:00,2024-11-12 14:52:00+00:00,short,21211.25,21211.25,21211.0,21236.0,21186.0,21161.0,21136.0,21111.0,88.60760541158407,high_probability,-75.60760541158407,25.0,False,False,False,False,True,stop,21236.0,21236.25,-25.25,0.0,-25.25,-1.01,11.0,33.0,0.44,1.32,10,9.0,0,2024-11-12,1.180722891566265,1.3893129770992367,0.6019108280254778,partial_bullish,1.649983979493752,1.2472268239989923,bearish,bearish,True,False,True,False,2025
42,42244,42245,42250,2024-11-12 15:04:00+00:00,2024-11-12 15:05:00+00:00,2024-11-12 15:10:00+00:00,short,21191.75,21192.0,21191.75,21216.75,21166.75,21141.75,21116.75,21091.75,74.87001529924802,near_trigger,-57.87001529924802,25.0,False,False,False,False,True,stop,21216.75,21217.0,-25.25,0.0,-25.25,-1.01,12.75,33.25,0.51,1.33,6,5.0,0,2024-11-12,2.7522727272727274,1.2094240837696335,0.7535667963683528,partial_bullish,1.6095811154825272,1.4201847975904844,bearish,bearish,True,True,False,False,2025
43,43610,43611,43620,2024-11-13 14:50:00+00:00,2024-11-13 14:51:00+00:00,2024-11-13 15:00:00+00:00,long,21139.75,21139.75,21140.0,21115.0,21165.0,21190.0,21215.0,21240.0,70.66844699140401,near_trigger,63.66844699140401,25.0,False,False,False,False,True,stop,21115.0,21114.75,-25.25,0.0,-25.25,-1.01,22.25,30.75,0.89,1.23,10,9.0,0,2024-11-13,1.2168099331423112,1.9888820259419395,0.9989583333333334,partial_bearish,1.7296654640865858,1.5613204055954408,bullish,bullish,True,True,False,False,2025
44,44971,44972,44976,2024-11-14 14:31:00+00:00,2024-11-14 14:32:00+00:00,2024-11-14 14:36:00+00:00,short,21146.25,21146.0,21145.75,21170.75,21120.75,21095.75,21070.75,21045.75,75.43652978236679,near_trigger,-20.43652978236679,25.0,False,False,False,False,True,stop,21170.75,21171.0,-25.25,0.0,-25.25,-1.01,8.75,25.5,0.35,1.02,5,4.0,0,2024-11-14,2.779783393501805,0.3560399636693915,1.5279187817258884,partial_bullish,5.101880584738476,0.8467466709688629,neutral,bearish,True,True,True,False,2025
45,46378,46379,46402,2024-11-15 14:58:00+00:00,2024-11-15 14:59:00+00:00,2024-11-15 15:22:00+00:00,short,20686.25,20687.0,20686.75,20711.75,20661.75,20636.75,20611.75,20586.75,73.20971994829814,near_trigger,-39.209719948298144,25.0,True,True,True,True,False,tp4,20586.75,20587.0,99.75,0.0,99.75,3.99,104.0,11.25,4.16,0.45,24,23.0,4,2024-11-15,2.0170616113744075,1.7392491467576792,4.711111111111111,strong_bearish,1.4591593973037271,2.505260552048521,bearish,bearish,True,True,True,False,2025
46,47730,47731,47739,2024-11-18 14:30:00+00:00,2024-11-18 14:31:00+00:00,2024-11-18 14:39:00+00:00,short,20536.5,20536.25,20536.0,20561.0,20511.0,20486.0,20461.0,20436.0,83.91519663149619,high_probability,-62.91519663149619,25.0,False,False,False,False,True,stop,20561.0,20561.25,-25.25,0.0,-25.25,-1.01,15.75,33.25,0.63,1.33,9,8.0,0,2024-11-18,4.0285714285714285,0.0535372848948374,1.4043887147335423,partial_bearish,8.157523289733696,0.9829968420276788,bearish,bearish,False,True,True,False,2025
47,47746,47747,47761,2024-11-18 14:46:00+00:00,2024-11-18 14:47:00+00:00,2024-11-18 15:01:00+00:00,short,20516.75,20517.25,20517.0,20542.0,20492.0,20467.0,20442.0,20417.0,74.82461451312949,near_trigger,-67.82461451312949,25.0,False,False,False,False,True,stop,20542.0,20542.25,-25.25,0.0,-25.25,-1.01,16.5,32.75,0.66,1.31,15,14.0,0,2024-11-18,1.476038338658147,1.851239669421488,1.012629161882893,partial_bearish,1.428985351719697,1.1883450091472938,bearish,bearish,False,True,True,False,2025
48,49163,49164,49164,2024-11-19 15:23:00+00:00,2024-11-19 15:24:00+00:00,2024-11-19 15:24:00+00:00,short,20553.75,20553.75,20553.5,20577.5,20528.5,20503.5,20478.5,20453.5,71.0,near_trigger,-71.0,24.0,False,False,False,False,True,stop,20577.5,20577.75,-24.25,0.0,-24.25,-1.0104166666666667,2.0,24.0,0.0833333333333333,1.0,1,0.0,0,2024-11-19,0.2837837837837837,0.617169373549884,2.584974958263773,partial_bullish,0.7209168109489653,0.6435468676401318,bearish,bearish,True,True,True,True,2025
49,50519,50520,50521,2024-11-20 14:59:00+00:00,2024-11-20 15:00:00+00:00,2024-11-20 15:01:00+00:00,short,20614.25,20614.0,20613.75,20638.75,20588.75,20563.75,20538.75,20513.75,72.77908629441625,near_trigger,-38.779086294416246,25.0,False,False,False,False,True,stop,20638.75,20639.0,-25.25,0.0,-25.25,-1.01,1.0,32.25,0.04,1.29,2,1.0,0,2024-11-20,1.7766497461928934,4.05510752688172,5.75416133162612,strong_bearish,0.9940402775554782,1.6466258051435614,neutral,bearish,False,False,True,False,2025
50,50522,50523,50536,2024-11-20 15:02:00+00:00,2024-11-20 15:03:00+00:00,2024-11-20 15:16:00+00:00,short,20611.75,20612.0,20611.75,20636.75,20586.75,20561.75,20536.75,20511.75,78.29664616926459,near_trigger,-78.29664616926459,25.0,True,True,True,True,False,tp4,20511.75,20512.0,99.75,0.0,99.75,3.99,103.75,9.0,4.15,0.36,14,13.0,4,2024-11-20,1.4127144298688192,3.872530274059911,5.957101449275362,strong_bearish,1.170563374820674,1.2878181953908991,bearish,bearish,False,True,True,False,2025
51,50540,50541,50541,2024-11-20 15:20:00+00:00,2024-11-20 15:21:00+00:00,2024-11-20 15:21:00+00:00,short,20482.75,20482.25,20482.0,20507.0,20457.0,20432.0,20407.0,20382.0,87.86666666666666,high_probability,-73.86666666666666,25.0,False,False,False,False,True,stop,20507.0,20507.25,-25.25,0.0,-25.25,-1.01,0.25,29.0,0.01,1.16,1,0.0,0,2024-11-20,2.5068870523415976,3.655965500718735,6.836601307189542,strong_bearish,1.6009253711470608,2.752808184875152,bearish,bearish,False,True,True,False,2025
52,50543,50544,50544,2024-11-20 15:23:00+00:00,2024-11-20 15:24:00+00:00,2024-11-20 15:24:00+00:00,short,20500.75,20501.0,20500.75,20525.75,20475.75,20450.75,20425.75,20400.75,74.76392627717694,near_trigger,-66.76392627717694,25.0,False,False,False,False,True,stop,20525.75,20526.0,-25.25,0.0,-25.25,-1.01,1.25,28.5,0.05,1.14,1,0.0,0,2024-11-20,0.7342222222222222,3.655965500718735,6.836601307189542,strong_bearish,0.6768981427886285,1.2245142181867137,bearish,bearish,False,True,True,False,2025
53,50545,50546,50551,2024-11-20 15:25:00+00:00,2024-11-20 15:26:00+00:00,2024-11-20 15:31:00+00:00,short,20527.5,20527.0,20526.75,20551.75,20501.75,20476.75,20451.75,20426.75,76.0,near_trigger,-42.84432132963989,25.0,False,False,False,False,True,stop,20551.75,20552.0,-25.25,0.0,-25.25,-1.01,16.25,25.0,0.65,1.0,6,5.0,0,2024-11-20,2.313942751615881,2.310251798561151,6.836601307189542,partial_bearish,0.8558426783682757,1.5001353141424645,bearish,bearish,False,True,True,False,2025
54,51871,51872,51872,2024-11-21 14:31:00+00:00,2024-11-21 14:32:00+00:00,2024-11-21 14:32:00+00:00,long,20903.0,20903.0,20903.25,20878.25,20928.25,20953.25,20978.25,21003.25,70.27438951547732,near_trigger,45.27438951547733,25.0,False,False,False,False,True,stop,20878.25,20878.0,-25.25,0.0,-25.25,-1.01,3.75,50.25,0.15,2.01,1,0.0,0,2024-11-21,1.4150943396226414,0.7227310574521232,2.2947567312234294,strong_bullish,7.197479405297187,1.4447401707599872,bullish,bullish,True,True,True,False,2025
55,51873,51874,51874,2024-11-21 14:33:00+00:00,2024-11-21 14:34:00+00:00,2024-11-21 14:34:00+00:00,long,20837.0,20837.5,20837.75,20812.75,20862.75,20887.75,20912.75,20937.75,79.0,near_trigger,42.73092979127135,25.0,False,False,False,False,True,stop,20812.75,20812.5,-25.25,0.0,-25.25,-1.01,1.5,57.75,0.06,2.31,1,0.0,0,2024-11-21,1.9525616698292216,0.7227310574521232,2.2947567312234294,partial_bullish,4.0805032448142695,1.61774803286322,bullish,bullish,True,True,True,False,2025
56,51875,51876,51876,2024-11-21 14:35:00+00:00,2024-11-21 14:36:00+00:00,2024-11-21 14:36:00+00:00,long,20758.0,20757.5,20757.75,20732.75,20782.75,20807.75,20832.75,20857.75,84.0,high_probability,28.0,25.0,False,False,False,False,True,stop,20732.75,20732.5,-25.25,0.0,-25.25,-1.01,0.0,37.75,0.0,1.51,1,0.0,0,2024-11-21,4.0312056737588655,2.45360824742268,2.2947567312234294,partial_bearish,3.5241794896432443,1.884316445383887,bullish,bullish,True,True,True,False,2025
57,51877,51878,51878,2024-11-21 14:37:00+00:00,2024-11-21 14:38:00+00:00,2024-11-21 14:38:00+00:00,long,20701.0,20701.5,20701.75,20676.75,20726.75,20751.75,20776.75,20801.75,84.0,high_probability,30.282722382196027,25.0,False,False,False,False,True,stop,20676.75,20676.5,-25.25,0.0,-25.25,-1.01,12.0,55.0,0.48,2.2,1,0.0,0,2024-11-21,5.325993883792049,2.45360824742268,2.2947567312234294,partial_bearish,2.3662918337267187,2.261805069800893,bullish,bullish,True,True,True,False,2025
58,51879,51880,51880,2024-11-21 14:39:00+00:00,2024-11-21 14:40:00+00:00,2024-11-21 14:40:00+00:00,long,20653.25,20653.25,20653.5,20628.5,20678.5,20703.5,20728.5,20753.5,84.0,high_probability,34.932362627838444,25.0,False,False,False,False,True,stop,20628.5,20628.25,-25.25,0.0,-25.25,-1.01,40.5,25.25,1.62,1.01,1,0.0,0,2024-11-21,4.149765990639626,2.45360824742268,2.2947567312234294,partial_bearish,1.873972693257564,2.260031079411882,bullish,bullish,True,True,True,False,2025
59,51887,51888,51894,2024-11-21 14:47:00+00:00,2024-11-21 14:48:00+00:00,2024-11-21 14:54:00+00:00,long,20731.0,20730.5,20730.75,20705.75,20755.75,20780.75,20805.75,20830.75,75.41977894124491,near_trigger,49.419778941244914,25.0,True,True,False,False,True,stop,20705.75,20705.5,-25.25,0.0,-25.25,-1.01,55.25,35.5,2.21,1.42,7,6.0,2,2024-11-21,1.81413612565445,4.001657000828501,2.288903479973736,partial_bearish,0.8645714016726554,1.5960836567985632,bullish,neutral,False,True,True,False,2025
60,51912,51913,51923,2024-11-21 15:12:00+00:00,2024-11-21 15:13:00+00:00,2024-11-21 15:23:00+00:00,long,20650.25,20649.75,20650.0,20625.0,20675.0,20700.0,20725.0,20750.0,73.93333333333334,near_trigger,62.93333333333334,25.0,True,True,False,False,True,stop,20625.0,20624.75,-25.25,0.0,-25.25,-1.01,69.0,36.0,2.76,1.44,11,10.0,2,2024-11-21,2.316029663434113,1.3100113765642776,3.091482649842271,partial_bearish,1.4979002415266225,2.520442285630599,bullish,bullish,True,True,False,False,2025
61,53252,53253,53256,2024-11-22 14:32:00+00:00,2024-11-22 14:33:00+00:00,2024-11-22 14:36:00+00:00,short,20811.25,20812.0,20811.75,20836.75,20786.75,20761.75,20736.75,20711.75,74.0,near_trigger,-74.0,25.0,False,False,False,False,True,stop,20836.75,20837.0,-25.25,0.0,-25.25,-1.01,7.75,25.0,0.31,1.0,4,3.0,0,2024-11-22,2.164627363737486,0.3421309872922776,0.1091781643671265,strong_bullish,3.735840991664885,1.0608369634115091,bearish,bearish,True,False,True,False,2025
62,53271,53272,53275,2024-11-22 14:51:00+00:00,2024-11-22 14:52:00+00:00,2024-11-22 14:55:00+00:00,short,20800.0,20800.0,20799.75,20824.75,20774.75,20749.75,20724.75,20699.75,71.74921083627797,near_trigger,-54.74921083627797,25.0,False,False,False,False,True,stop,20824.75,20825.0,-25.25,0.0,-25.25,-1.01,8.75,26.75,0.35,1.07,4,3.0,0,2024-11-22,1.919434628975265,2.6422535211267606,1.102241662110443,partial_bullish,1.5408199928140844,2.110570350522229,bearish,bearish,True,True,False,False,2025
63,54639,54640,54648,2024-11-25 14:39:00+00:00,2024-11-25 14:40:00+00:00,2024-11-25 14:48:00+00:00,long,21054.75,21053.75,21054.0,21029.0,21079.0,21104.0,21129.0,21154.0,72.07950058892814,near_trigger,59.07950058892814,25.0,True,False,False,False,True,stop,21029.0,21028.75,-25.25,0.0,-25.25,-1.01,27.25,26.25,1.09,1.05,9,8.0,1,2024-11-25,2.07773851590106,0.4228934817170111,2.9992348890589136,partial_bullish,2.164067742290859,1.925486317177712,bullish,bullish,True,True,True,True,2025
64,54674,54675,54734,2024-11-25 15:14:00+00:00,2024-11-25 15:15:00+00:00,2024-11-25 16:14:00+00:00,long,20894.0,20893.75,20894.0,20869.0,20919.0,20944.0,20969.0,20994.0,71.05351515910662,near_trigger,68.05351515910662,25.0,True,True,False,False,False,max_holding_time,20919.0,20918.75,24.75,0.0,24.75,0.99,51.0,21.0,2.04,0.84,60,59.0,2,2024-11-25,1.1233913701741105,3.253399258343634,1.0038643194504078,strong_bearish,1.074787690621861,1.981815120390638,bullish,bullish,True,False,False,False,2025
65,56010,56011,56059,2024-11-26 14:30:00+00:00,2024-11-26 14:31:00+00:00,2024-11-26 15:19:00+00:00,long,20946.0,20946.5,20946.75,20922.25,20971.75,20996.75,21021.75,21046.75,72.44627011077729,near_trigger,45.44627011077729,24.5,True,True,True,False,True,stop,20922.25,20922.0,-24.75,0.0,-24.75,-1.010204081632653,78.25,27.75,3.193877551020408,1.1326530612244898,49,48.0,3,2024-11-26,1.8157894736842104,1.0134969325153371,0.3453333333333333,partial_bullish,5.9539521924035785,0.9479834920116048,bullish,bullish,True,False,False,False,2025
66,57390,57391,57436,2024-11-27 14:30:00+00:00,2024-11-27 14:31:00+00:00,2024-11-27 15:16:00+00:00,short,20892.5,20892.5,20892.25,20917.25,20867.25,20842.25,20817.25,20792.25,82.21311732018471,high_probability,-69.21311732018471,25.0,True,True,True,True,False,tp4,20792.25,20792.5,99.75,0.0,99.75,3.99,103.5,7.5,4.14,0.3,46,45.0,4,2024-11-27,5.704672897196262,0.0349999999999999,0.992337164750958,partial_bearish,12.540592168099332,1.3872974876731627,bearish,bearish,False,True,True,True,2025
67,57442,57443,57502,2024-11-27 15:22:00+00:00,2024-11-27 15:23:00+00:00,2024-11-27 16:22:00+00:00,short,20784.0,20784.75,20784.5,20809.5,20759.5,20734.5,20709.5,20684.5,75.44998194293969,near_trigger,-46.44998194293969,25.0,True,True,True,False,False,max_holding_time,20727.5,20727.75,56.75,0.0,56.75,2.27,88.75,21.75,3.55,0.87,60,59.0,3,2024-11-27,1.1072589382448537,1.030520646319569,4.959950708564387,strong_bearish,1.614488702539017,1.7601645630698124,bearish,bearish,True,True,False,False,2025
68,58770,58771,58830,2024-11-28 14:30:00+00:00,2024-11-28 14:31:00+00:00,2024-11-28 15:30:00+00:00,long,20889.25,20889.5,20889.75,20864.75,20914.75,20939.75,20964.75,20989.75,77.04995545972068,near_trigger,77.04995545972068,25.0,False,False,False,False,False,max_holding_time,20899.0,20898.75,9.0,0.0,9.0,0.36,12.25,15.25,0.49,0.61,60,59.0,0,2024-11-28,4.975903614457831,1.1771771771771773,0.3326133909287257,strong_bullish,15.037768739105172,0.2968332434881346,bullish,bullish,True,True,True,False,2025
69,59916,59917,59924,2024-11-29 14:36:00+00:00,2024-11-29 14:37:00+00:00,2024-11-29 14:44:00+00:00,short,20845.5,20845.75,20845.5,20870.5,20820.5,20795.5,20770.5,20745.5,71.0,near_trigger,-26.11348079380295,25.0,False,False,False,False,True,stop,20870.5,20870.75,-25.25,0.0,-25.25,-1.01,0.75,30.0,0.03,1.2,8,7.0,0,2024-11-29,0.9929078014184396,1.6997219647822055,1.2685337726523889,partial_bearish,1.854538949293367,0.7508812593558356,bearish,bearish,False,True,True,False,2025
70,59948,59949,60008,2024-11-29 15:08:00+00:00,2024-11-29 15:09:00+00:00,2024-11-29 16:08:00+00:00,long,20946.25,20945.25,20945.5,20920.5,20970.5,20995.5,21020.5,21045.5,81.75659368421988,high_probability,73.75659368421988,25.0,True,False,False,False,False,max_holding_time,20971.25,20971.0,25.5,0.0,25.5,1.02,36.75,10.0,1.47,0.4,60,59.0,1,2024-11-29,2.923599320882853,1.827676240208877,3.2458816351433804,strong_bullish,0.9874337623012868,0.7486741511123356,bullish,bullish,False,True,True,False,2025
71,61065,61066,61088,2024-12-02 14:30:00+00:00,2024-12-02 14:31:00+00:00,2024-12-02 14:53:00+00:00,long,21062.0,21062.0,21062.25,21037.25,21087.25,21112.25,21137.25,21162.25,71.30654240341926,near_trigger,42.30654240341926,25.0,True,True,True,True,False,tp4,21162.25,21162.0,99.75,0.0,99.75,3.99,100.75,5.25,4.03,0.21,23,22.0,4,2024-12-02,4.411378555798687,0.3190348525469169,1.0990654205607475,strong_bullish,13.61130576967998,1.4123835032055556,bullish,bullish,True,True,True,True,2025
72,61114,61115,61174,2024-12-02 15:19:00+00:00,2024-12-02 15:20:00+00:00,2024-12-02 16:19:00+00:00,long,21163.75,21164.0,21164.25,21139.25,21189.25,21214.25,21239.25,21264.25,84.0,high_probability,83.56874381800198,25.0,True,False,False,False,False,max_holding_time,21191.5,21191.25,27.0,0.0,27.0,1.08,39.5,23.25,1.58,0.93,60,59.0,1,2024-12-02,2.264094955489614,1.3714285714285714,5.12994980479643,partial_bullish,1.2991513977727378,1.5392279705922314,bullish,bullish,True,False,True,False,2025
73,62452,62453,62454,2024-12-03 14:37:00+00:00,2024-12-03 14:38:00+00:00,2024-12-03 14:39:00+00:00,short,21167.0,21167.0,21166.75,21191.75,21141.75,21116.75,21091.75,21066.75,73.22538219294535,near_trigger,-58.22538219294535,25.0,False,False,False,False,True,stop,21191.75,21192.0,-25.25,0.0,-25.25,-1.01,1.0,28.5,0.04,1.14,2,1.0,0,2024-12-03,0.4165781083953241,1.0440251572327044,2.537216828478964,partial_bullish,1.7432457156796974,1.2584530853761624,bearish,bearish,True,True,False,False,2025
74,62495,62496,62510,2024-12-03 15:20:00+00:00,2024-12-03 15:21:00+00:00,2024-12-03 15:35:00+00:00,short,21188.5,21188.25,21188.0,21213.0,21163.0,21138.0,21113.0,21088.0,83.04293785310735,high_probability,-70.04293785310735,25.0,False,False,False,False,True,stop,21213.0,21213.25,-25.25,0.0,-25.25,-1.01,19.5,26.0,0.78,1.04,15,14.0,0,2024-12-03,2.368064952638701,0.4986301369863013,0.6569435637285986,partial_bullish,2.4489162339128474,2.416083088532168,bearish,bearish,False,True,True,False,2025
75,66587,66588,66598,2024-12-06 14:32:00+00:00,2024-12-06 14:33:00+00:00,2024-12-06 14:43:00+00:00,short,21518.5,21518.25,21518.0,21543.0,21493.0,21468.0,21443.0,21418.0,74.0,near_trigger,-70.27365085915014,25.0,False,False,False,False,True,stop,21543.0,21543.25,-25.25,0.0,-25.25,-1.01,4.75,29.5,0.19,1.18,11,10.0,0,2024-12-06,1.022354694485842,0.5165257494235204,0.6142384105960265,partial_bullish,3.036079761417461,0.7001975711559598,bearish,bearish,True,True,True,True,2025
76,66620,66621,66680,2024-12-06 15:05:00+00:00,2024-12-06 15:06:00+00:00,2024-12-06 16:05:00+00:00,long,21597.25,21597.5,21597.75,21572.75,21622.75,21647.75,21672.75,21697.75,70.0,near_trigger,70.0,25.0,True,False,False,False,False,max_holding_time,21626.75,21626.5,28.75,0.0,28.75,1.15,47.75,4.25,1.91,0.17,60,59.0,1,2024-12-06,1.0724233983286908,2.7478510028653296,3.5274261603375527,partial_bullish,0.7691181933827916,0.7054571738344778,bullish,bullish,False,False,True,False,2025
77,67967,67968,68027,2024-12-09 14:32:00+00:00,2024-12-09 14:33:00+00:00,2024-12-09 15:32:00+00:00,short,21629.75,21630.75,21630.5,21655.5,21605.5,21580.5,21555.5,21530.5,74.0,near_trigger,-53.33321881032615,25.0,True,True,True,False,False,max_holding_time,21563.75,21564.0,66.5,0.0,66.5,2.66,85.5,18.5,3.42,0.74,60,59.0,3,2024-12-09,0.4361370716510904,0.4460176991150443,0.0910780669144981,partial_bullish,4.659022691799736,1.056960947873753,bearish,bearish,True,True,True,False,2025
78,69360,69361,69365,2024-12-10 14:45:00+00:00,2024-12-10 14:46:00+00:00,2024-12-10 14:50:00+00:00,long,21586.25,21586.5,21586.75,21561.75,21611.75,21636.75,21661.75,21686.75,71.78823529411764,near_trigger,57.78823529411764,25.0,False,False,False,False,True,stop,21561.75,21561.5,-25.25,0.0,-25.25,-1.01,3.0,29.5,0.12,1.18,5,4.0,0,2024-12-10,3.0252100840336134,3.3508771929824563,3.230769230769231,strong_bullish,1.8436542297027776,1.7337920181522075,bullish,bullish,False,True,False,False,2025
79,69374,69375,69427,2024-12-10 14:59:00+00:00,2024-12-10 15:00:00+00:00,2024-12-10 15:52:00+00:00,long,21546.75,21546.5,21546.75,21521.75,21571.75,21596.75,21621.75,21646.75,74.46666666666667,near_trigger,39.46666666666667,25.0,True,True,False,False,True,stop,21521.75,21521.5,-25.25,0.0,-25.25,-1.01,60.0,26.75,2.4,1.07,53,52.0,2,2024-12-10,1.4670116429495472,0.3284457478005865,3.230769230769231,partial_bullish,1.499460440896867,2.814157585109461,bullish,bullish,True,True,False,False,2025
80,70730,70731,70762,2024-12-11 14:35:00+00:00,2024-12-11 14:36:00+00:00,2024-12-11 15:07:00+00:00,long,21619.25,21618.75,21619.0,21594.0,21644.0,21669.0,21694.0,21719.0,88.45704557988941,high_probability,74.45704557988941,25.0,True,True,True,True,False,tp4,21719.0,21718.75,99.75,0.0,99.75,3.99,101.5,24.5,4.06,0.98,32,31.0,4,2024-12-11,3.731895223420648,1.456910569105691,6.012539184952979,strong_bullish,2.047339816933638,0.9244355470168952,bullish,bullish,False,True,True,False,2025
81,70777,70778,70811,2024-12-11 15:22:00+00:00,2024-12-11 15:23:00+00:00,2024-12-11 15:56:00+00:00,long,21699.5,21699.75,21700.0,21675.0,21725.0,21750.0,21775.0,21800.0,73.0,near_trigger,56.39757524890168,25.0,True,False,False,False,True,stop,21675.0,21674.75,-25.25,0.0,-25.25,-1.01,29.0,26.25,1.16,1.05,34,33.0,1,2024-12-11,1.596662030598053,0.7741065407956844,6.054852320675106,partial_bullish,1.1168444785347371,1.176153817910338,bullish,bullish,True,True,True,True,2025
82,72106,72107,72158,2024-12-12 14:31:00+00:00,2024-12-12 14:32:00+00:00,2024-12-12 15:23:00+00:00,short,21671.25,21671.5,21671.25,21696.25,21646.25,21621.25,21596.25,21571.25,70.45669851171786,near_trigger,-41.45669851171786,25.0,True,False,False,False,True,stop,21696.25,21696.5,-25.25,0.0,-25.25,-1.01,46.5,29.75,1.86,1.19,52,51.0,1,2024-12-12,2.061818181818182,0.5322314049586777,0.7068575734740015,partial_bearish,4.743715865531395,0.8429275820082219,bearish,bearish,True,True,True,True,2025
83,73485,73486,73504,2024-12-13 14:30:00+00:00,2024-12-13 14:31:00+00:00,2024-12-13 14:49:00+00:00,long,21806.75,21805.75,21806.0,21781.0,21831.0,21856.0,21881.0,21906.0,90.23482377228794,a_plus_plus,77.23482377228794,25.0,True,True,True,True,False,tp4,21906.0,21905.75,99.75,0.0,99.75,3.99,102.0,10.0,4.08,0.4,19,18.0,4,2024-12-13,2.43585237258348,0.4840940525587828,2.237762237762238,partial_bearish,6.710493585871149,1.079110379665821,bullish,bullish,True,True,True,False,2025
84,74872,74873,74927,2024-12-16 14:37:00+00:00,2024-12-16 14:38:00+00:00,2024-12-16 15:32:00+00:00,long,21910.0,21910.5,21910.75,21885.75,21935.75,21960.75,21985.75,22010.75,73.77980793153206,near_trigger,58.77980793153206,25.0,True,True,True,True,False,tp4,22010.75,22010.5,99.75,0.0,99.75,3.99,102.0,13.75,4.08,0.55,55,54.0,4,2024-12-16,0.8923719958202716,1.9429312581063556,0.7631318136769079,partial_bullish,1.1360579410243146,0.4017857142857142,bullish,bullish,True,True,True,True,2025
85,76290,76291,76292,2024-12-17 15:15:00+00:00,2024-12-17 15:16:00+00:00,2024-12-17 15:17:00+00:00,short,22257.0,22257.0,22256.75,22281.75,22231.75,22206.75,22181.75,22156.75,73.9225704419126,near_trigger,-66.9225704419126,25.0,False,False,False,False,True,stop,22281.75,22282.0,-25.25,0.0,-25.25,-1.01,0.25,27.75,0.01,1.11,2,1.0,0,2024-12-17,1.945804195804196,1.7269035532994923,2.038967364831953,strong_bearish,1.1054775716246734,1.1900846144678825,bearish,bearish,False,True,True,False,2025
86,76295,76296,76314,2024-12-17 15:20:00+00:00,2024-12-17 15:21:00+00:00,2024-12-17 15:39:00+00:00,short,22251.75,22252.25,22252.0,22277.0,22227.0,22202.0,22177.0,22152.0,71.770104914019,near_trigger,-68.770104914019,25.0,False,False,False,False,True,stop,22277.0,22277.25,-25.25,0.0,-25.25,-1.01,7.75,36.0,0.31,1.44,19,18.0,0,2024-12-17,0.2670299727520436,1.9803536345776036,2.038967364831953,strong_bearish,1.093930401942271,1.2685343910709594,bearish,bearish,False,True,True,False,2025
87,77626,77627,77637,2024-12-18 14:31:00+00:00,2024-12-18 14:32:00+00:00,2024-12-18 14:42:00+00:00,short,22244.75,22244.75,22244.5,22269.5,22219.5,22194.5,22169.5,22144.5,73.94561830351361,near_trigger,-52.94561830351361,25.0,True,False,False,False,True,stop,22269.5,22269.75,-25.25,0.0,-25.25,-1.01,33.25,29.75,1.33,1.19,11,10.0,1,2024-12-18,3.2527472527472527,0.3555973659454374,3.796416938110749,strong_bearish,7.437893666131998,1.1365171595440062,bearish,bearish,True,True,False,False,2025
88,79006,79007,79007,2024-12-19 14:31:00+00:00,2024-12-19 14:32:00+00:00,2024-12-19 14:32:00+00:00,long,21683.25,21683.5,21683.75,21658.75,21708.75,21733.75,21758.75,21783.75,70.51858135615366,near_trigger,61.51858135615366,25.0,False,False,False,False,True,stop,21658.75,21658.5,-25.25,0.0,-25.25,-1.01,14.25,38.0,0.57,1.52,1,0.0,0,2024-12-19,1.434782608695652,2.5911330049261085,0.0287769784172661,strong_bullish,6.178561662564944,1.0541048040027523,bullish,bullish,True,True,False,False,2025
89,79013,79014,79016,2024-12-19 14:38:00+00:00,2024-12-19 14:39:00+00:00,2024-12-19 14:41:00+00:00,long,21607.75,21607.75,21608.0,21583.0,21633.0,21658.0,21683.0,21708.0,72.06259417633883,near_trigger,53.062594176338834,25.0,False,False,False,False,True,stop,21583.0,21582.75,-25.25,0.0,-25.25,-1.01,34.5,26.5,1.38,1.06,3,2.0,0,2024-12-19,2.7025045815516187,0.7008871989860583,0.0287769784172661,partial_bullish,2.200916757059379,1.795347509633224,bullish,bullish,True,True,False,False,2025
90,79030,79031,79036,2024-12-19 14:55:00+00:00,2024-12-19 14:56:00+00:00,2024-12-19 15:01:00+00:00,long,21581.0,21581.0,21581.25,21556.25,21606.25,21631.25,21656.25,21681.25,70.24082433758586,near_trigger,70.24082433758586,25.0,False,False,False,False,True,stop,21556.25,21556.0,-25.25,0.0,-25.25,-1.01,23.75,35.0,0.95,1.4,6,5.0,0,2024-12-19,0.6594700686947987,2.5725774024929637,1.786857624262847,strong_bearish,1.0813359740242243,1.8612093454693024,bullish,bullish,True,False,False,False,2025
91,79048,79049,79050,2024-12-19 15:13:00+00:00,2024-12-19 15:14:00+00:00,2024-12-19 15:15:00+00:00,long,21637.25,21636.75,21637.0,21612.0,21662.0,21687.0,21712.0,21737.0,76.31745697225149,near_trigger,55.31745697225149,25.0,False,False,False,False,True,stop,21612.0,21611.75,-25.25,0.0,-25.25,-1.01,0.0,33.25,0.0,1.33,2,1.0,0,2024-12-19,3.0094836670179133,0.6387832699619772,1.2203516647961092,partial_bearish,1.2627413042522315,1.9001614568169185,bullish,bullish,True,True,False,False,2025
92,80388,80389,80391,2024-12-20 14:33:00+00:00,2024-12-20 14:34:00+00:00,2024-12-20 14:36:00+00:00,short,21193.75,21193.5,21193.25,21218.25,21168.25,21143.25,21118.25,21093.25,87.49493185897384,high_probability,-78.49493185897384,25.0,False,False,False,False,True,stop,21218.25,21218.5,-25.25,0.0,-25.25,-1.01,5.25,29.5,0.21,1.18,3,2.0,0,2024-12-20,0.8115942028985507,0.2196078431372549,2.504354136429608,partial_bullish,1.894626504971684,1.0271912861596748,bearish,bearish,True,True,True,False,2025
93,80393,80394,80394,2024-12-20 14:38:00+00:00,2024-12-20 14:39:00+00:00,2024-12-20 14:39:00+00:00,short,21252.75,21253.25,21253.0,21278.0,21228.0,21203.0,21178.0,21153.0,71.0,near_trigger,-50.21376811594203,25.0,False,False,False,False,True,stop,21278.0,21278.25,-25.25,0.0,-25.25,-1.01,0.25,56.25,0.01,2.25,1,0.0,0,2024-12-20,2.244565217391304,0.1700167504187604,2.504354136429608,partial_bullish,2.058395597903972,1.8770949720670391,bearish,bearish,False,True,True,False,2025
94,80396,80397,80405,2024-12-20 14:41:00+00:00,2024-12-20 14:42:00+00:00,2024-12-20 14:50:00+00:00,short,21280.0,21280.5,21280.25,21305.25,21255.25,21230.25,21205.25,21180.25,71.5307495646478,near_trigger,-53.530749564647806,25.0,True,True,True,True,False,tp4,21180.25,21180.5,99.75,0.0,99.75,3.99,120.0,4.75,4.8,0.19,9,8.0,4,2024-12-20,2.78167757287329,1.7860498735092158,2.504354136429608,strong_bullish,1.074128145543759,1.3778201320863437,bearish,bearish,True,True,True,False,2025
95,81765,81766,81766,2024-12-23 14:30:00+00:00,2024-12-23 14:31:00+00:00,2024-12-23 14:31:00+00:00,long,21654.25,21654.25,21654.5,21629.5,21679.5,21704.5,21729.5,21754.5,82.50148016577856,high_probability,73.50148016577856,25.0,False,False,False,False,True,stop,21629.5,21629.25,-25.25,0.0,-25.25,-1.01,3.0,37.0,0.12,1.48,1,0.0,0,2024-12-23,4.508474576271187,0.7512626262626263,0.725925925925926,partial_bullish,10.768833582898743,1.1576376554174068,bullish,bullish,False,True,True,True,2025
96,81802,81803,81803,2024-12-23 15:07:00+00:00,2024-12-23 15:08:00+00:00,2024-12-23 15:08:00+00:00,long,21573.75,21574.25,21574.5,21549.5,21599.5,21624.5,21649.5,21674.5,70.37207157351042,near_trigger,59.372071573510425,25.0,False,False,False,False,True,stop,21549.5,21549.25,-25.25,0.0,-25.25,-1.01,2.0,42.5,0.08,1.7,1,0.0,0,2024-12-23,0.3099059214167127,1.646404449741756,1.2866640594446617,partial_bearish,1.4156181123231872,1.864116191922408,bullish,bullish,True,False,False,False,2025
97,81806,81807,81858,2024-12-23 15:11:00+00:00,2024-12-23 15:12:00+00:00,2024-12-23 16:03:00+00:00,long,21503.25,21503.0,21503.25,21478.25,21528.25,21553.25,21578.25,21603.25,70.35234116623151,near_trigger,59.35234116623151,25.0,True,True,True,True,False,tp4,21603.25,21603.0,99.75,0.0,99.75,3.99,101.0,13.0,4.04,0.52,52,51.0,4,2024-12-23,1.593733681462141,2.0389329488103822,1.2866640594446617,partial_bearish,1.5309616086480475,1.958055947631061,bullish,bullish,True,False,False,False,2025
98,85681,85682,85688,2024-12-27 14:31:00+00:00,2024-12-27 14:32:00+00:00,2024-12-27 14:38:00+00:00,short,21820.75,21820.75,21820.5,21845.5,21795.5,21770.5,21745.5,21720.5,86.82693586362305,high_probability,-72.82693586362305,25.0,True,True,True,True,False,tp4,21720.5,21720.75,99.75,0.0,99.75,3.99,100.25,4.75,4.01,0.19,7,6.0,4,2024-12-27,3.555555555555556,1.75,4.120524017467249,strong_bearish,5.515689216517711,1.0252523721466031,bearish,bearish,False,True,True,False,2025
99,85710,85711,85722,2024-12-27 15:00:00+00:00,2024-12-27 15:01:00+00:00,2024-12-27 15:12:00+00:00,short,21655.0,21655.25,21655.0,21680.0,21630.0,21605.0,21580.0,21555.0,87.86666666666666,high_probability,-53.86666666666666,25.0,True,True,True,True,False,tp4,21555.0,21555.25,99.75,0.0,99.75,3.99,102.5,6.75,4.1,0.27,12,11.0,4,2024-12-27,1.7937831690674757,2.138888888888889,5.829931972789115,strong_bearish,1.9973553190922888,2.093484023998884,bearish,bearish,False,True,True,False,2025
100,85726,85727,85732,2024-12-27 15:16:00+00:00,2024-12-27 15:17:00+00:00,2024-12-27 15:22:00+00:00,short,21547.75,21548.25,21548.0,21573.0,21523.0,21498.0,21473.0,21448.0,82.65188660801564,high_probability,-68.65188660801564,25.0,True,False,False,False,True,stop,21573.0,21573.25,-25.25,0.0,-25.25,-1.01,35.25,34.5,1.41,1.38,6,5.0,1,2024-12-27,0.656891495601173,3.0948957584471604,6.686646433990895,strong_bearish,0.9172499349087956,1.81207546028048,bearish,bearish,False,True,True,False,2025
101,85733,85734,85755,2024-12-27 15:23:00+00:00,2024-12-27 15:24:00+00:00,2024-12-27 15:45:00+00:00,short,21577.25,21577.75,21577.5,21602.5,21552.5,21527.5,21502.5,21477.5,90.51996572407884,a_plus_plus,-90.51996572407884,25.0,True,True,False,False,True,stop,21602.5,21602.75,-25.25,0.0,-25.25,-1.01,72.5,28.5,2.9,1.14,22,21.0,2,2024-12-27,1.87146529562982,3.390260173448966,6.686646433990895,partial_bearish,1.5474352908325124,2.777236406158644,bearish,bearish,True,True,True,False,2025
102,88456,88457,88460,2024-12-31 14:46:00+00:00,2024-12-31 14:47:00+00:00,2024-12-31 14:50:00+00:00,long,21437.25,21437.5,21437.75,21412.75,21462.75,21487.75,21512.75,21537.75,72.65448128603497,near_trigger,60.654481286034965,25.0,False,False,False,False,True,stop,21412.75,21412.5,-25.25,0.0,-25.25,-1.01,16.0,35.75,0.64,1.43,4,3.0,0,2024-12-31,1.55837870538415,2.6072526121696376,2.0985772357723573,partial_bearish,1.340104176390419,1.4359446267104103,bullish,bullish,True,True,False,False,2025
103,88484,88485,88532,2024-12-31 15:14:00+00:00,2024-12-31 15:15:00+00:00,2024-12-31 16:02:00+00:00,long,21384.0,21383.75,21384.0,21359.0,21409.0,21434.0,21459.0,21484.0,72.16035312213276,near_trigger,29.16035312213276,25.0,True,True,True,False,True,stop,21359.0,21358.75,-25.25,0.0,-25.25,-1.01,84.75,27.75,3.39,1.11,48,47.0,3,2024-12-31,1.2503259452411994,1.111467522052927,1.39020979020979,partial_bearish,0.9482256551996446,1.333666541713524,neutral,bullish,True,False,True,False,2025
104,89836,89837,89843,2025-01-02 14:46:00+00:00,2025-01-02 14:47:00+00:00,2025-01-02 14:53:00+00:00,long,21240.75,21241.25,21241.5,21216.5,21266.5,21291.5,21316.5,21341.5,94.04897289921628,a_plus_plus,94.04897289921628,25.0,True,True,True,True,False,tp4,21341.5,21341.25,99.75,0.0,99.75,3.99,116.5,5.25,4.66,0.21,7,6.0,4,2025-01-02,1.1230628988149498,3.408196721311476,3.857336037863421,partial_bearish,1.2778568206267134,1.791869823752105,bullish,bullish,True,False,True,False,2025
105,89844,89845,89870,2025-01-02 14:54:00+00:00,2025-01-02 14:55:00+00:00,2025-01-02 15:20:00+00:00,long,21379.5,21379.25,21379.5,21354.5,21404.5,21429.5,21454.5,21479.5,91.63719447396387,a_plus_plus,78.63719447396387,25.0,True,True,False,False,True,stop,21354.5,21354.25,-25.25,0.0,-25.25,-1.01,64.5,66.0,2.58,2.64,26,25.0,2,2025-01-02,2.268862911795962,1.1542689629901064,3.857336037863421,partial_bearish,1.1116995555964908,2.14964714263452,bullish,bullish,True,True,True,False,2025
106,91201,91202,91214,2025-01-03 14:31:00+00:00,2025-01-03 14:32:00+00:00,2025-01-03 14:44:00+00:00,long,21326.5,21326.5,21326.75,21301.75,21351.75,21376.75,21401.75,21426.75,94.96474723839668,a_plus_plus,80.96474723839668,25.0,True,True,True,True,False,tp4,21426.75,21426.5,99.75,0.0,99.75,3.99,104.75,13.0,4.19,0.52,13,12.0,4,2025-01-03,2.4763231197771587,3.54375,1.5971830985915492,strong_bullish,5.973538984010188,1.0084505359968945,bullish,bullish,True,True,True,False,2025
107,91217,91218,91218,2025-01-03 14:47:00+00:00,2025-01-03 14:48:00+00:00,2025-01-03 14:48:00+00:00,long,21372.0,21372.25,21372.5,21347.5,21397.5,21422.5,21447.5,21472.5,76.0,near_trigger,52.53333333333333,25.0,False,False,False,False,True,stop,21347.5,21347.25,-25.25,0.0,-25.25,-1.01,10.75,27.5,0.43,1.1,1,0.0,0,2025-01-03,1.4893617021276595,4.735294117647059,4.762589928057554,partial_bullish,1.7705856588662243,2.2845667114066868,bullish,bullish,False,True,True,False,2025
108,91221,91222,91230,2025-01-03 14:51:00+00:00,2025-01-03 14:52:00+00:00,2025-01-03 15:00:00+00:00,long,21318.0,21318.0,21318.25,21293.25,21343.25,21368.25,21393.25,21418.25,76.0,near_trigger,22.666666666666657,25.0,True,True,True,True,False,tp4,21418.25,21418.0,99.75,0.0,99.75,3.99,111.75,1.0,4.47,0.04,9,8.0,4,2025-01-03,3.162372678250449,2.365902293120638,4.762589928057554,partial_bullish,1.957150211872797,2.9547991071428568,bullish,bullish,False,False,True,True,2025
109,93967,93968,93969,2025-01-07 14:37:00+00:00,2025-01-07 14:38:00+00:00,2025-01-07 14:39:00+00:00,long,21735.75,21736.0,21736.25,21711.25,21761.25,21786.25,21811.25,21836.25,75.93006651673318,near_trigger,71.93006651673318,25.0,False,False,False,False,True,stop,21711.25,21711.0,-25.25,0.0,-25.25,-1.01,11.75,41.25,0.47,1.65,2,1.0,0,2025-01-07,2.6906906906906904,2.199604743083004,1.7184466019417477,partial_bearish,2.2300102745992203,1.286038961038961,bullish,bullish,True,True,False,False,2025
110,93970,93971,93990,2025-01-07 14:40:00+00:00,2025-01-07 14:41:00+00:00,2025-01-07 15:00:00+00:00,long,21718.75,21719.0,21719.25,21694.25,21744.25,21769.25,21794.25,21819.25,71.23482589214188,near_trigger,52.234825892141885,25.0,True,True,True,False,True,stop,21694.25,21694.0,-25.25,0.0,-25.25,-1.01,75.75,69.0,3.03,2.76,20,19.0,3,2025-01-07,0.6629834254143646,4.145973154362416,1.7184466019417477,partial_bearish,1.9197038663094124,1.362414467253177,bullish,bullish,True,False,False,False,2025
111,93991,93992,93993,2025-01-07 15:01:00+00:00,2025-01-07 15:02:00+00:00,2025-01-07 15:03:00+00:00,short,21622.25,21622.5,21622.25,21647.25,21597.25,21572.25,21547.25,21522.25,70.25523083439221,near_trigger,-37.25523083439221,25.0,False,False,False,False,True,stop,21647.25,21647.5,-25.25,0.0,-25.25,-1.01,23.5,27.25,0.94,1.09,2,1.0,0,2025-01-07,3.993646759847522,1.1476655808903364,1.0669902912621358,strong_bearish,2.662571136033526,3.157419172666949,neutral,neutral,True,True,True,True,2025
112,95352,95353,95354,2025-01-08 14:42:00+00:00,2025-01-08 14:43:00+00:00,2025-01-08 14:44:00+00:00,short,21333.25,21333.75,21333.5,21358.5,21308.5,21283.5,21258.5,21233.5,72.0,near_trigger,-48.70030814010766,25.0,True,False,False,False,True,stop,21358.5,21358.75,-25.25,0.0,-25.25,-1.01,26.25,26.5,1.05,1.06,2,1.0,1,2025-01-08,0.0291060291060291,0.9909738717339668,0.7376425855513308,partial_bullish,1.5502678700709491,1.368928894116845,bearish,bearish,True,True,True,False,2025
113,95383,95384,95388,2025-01-08 15:13:00+00:00,2025-01-08 15:14:00+00:00,2025-01-08 15:18:00+00:00,short,21258.0,21257.25,21257.0,21282.0,21232.0,21207.0,21182.0,21157.0,75.36190476190475,near_trigger,-54.36190476190475,25.0,True,False,False,False,True,stop,21282.0,21282.25,-25.25,0.0,-25.25,-1.01,25.75,27.25,1.03,1.09,5,4.0,1,2025-01-08,2.9761904761904763,0.0784588441330998,0.2442452144414829,partial_bearish,1.3127389031905763,1.7994011976047903,bearish,bearish,True,True,False,False,2025
114,97650,97651,97653,2025-01-10 14:30:00+00:00,2025-01-10 14:31:00+00:00,2025-01-10 14:33:00+00:00,short,21159.5,21159.0,21158.75,21180.0,21133.75,21108.75,21083.75,21058.75,73.40130616268503,near_trigger,-64.40130616268503,21.25,True,False,False,False,True,stop,21180.0,21180.25,-21.5,0.0,-21.5,-1.011764705882353,44.75,29.25,2.1058823529411765,1.376470588235294,3,2.0,1,2025-01-10,0.465804066543438,0.4891368173810922,1.809495896834701,partial_bearish,3.5621223952981795,1.0012245275172127,bearish,bearish,True,True,False,False,2025
115,97654,97655,97667,2025-01-10 14:34:00+00:00,2025-01-10 14:35:00+00:00,2025-01-10 14:47:00+00:00,short,21157.75,21158.0,21157.75,21182.75,21132.75,21107.75,21082.75,21057.75,78.48450851522412,near_trigger,-59.48450851522412,25.0,True,True,True,True,False,tp4,21057.75,21058.0,99.75,0.0,99.75,3.99,124.0,11.5,4.96,0.46,13,12.0,4,2025-01-10,1.2095588235294117,0.4891368173810922,1.809495896834701,partial_bearish,2.2501046648820777,1.3382428394651855,bearish,neutral,True,True,True,False,2025
116,97680,97681,97691,2025-01-10 15:00:00+00:00,2025-01-10 15:01:00+00:00,2025-01-10 15:11:00+00:00,short,20979.0,20979.0,20978.75,21003.75,20953.75,20928.75,20903.75,20878.75,70.86666666666666,near_trigger,-49.86666666666666,25.0,True,True,True,True,False,tp4,20878.75,20879.0,99.75,0.0,99.75,3.99,104.0,5.5,4.16,0.22,11,10.0,4,2025-01-10,1.7030411449016098,1.7935323383084576,0.9435897435897436,strong_bearish,1.6288847187440745,1.9202811972466105,bearish,bearish,True,True,True,False,2025
117,99035,99036,99043,2025-01-13 14:35:00+00:00,2025-01-13 14:36:00+00:00,2025-01-13 14:43:00+00:00,short,20744.75,20745.25,20745.0,20770.0,20720.0,20695.0,20670.0,20645.0,81.53267160094468,high_probability,-72.53267160094468,25.0,True,False,False,False,True,stop,20770.0,20770.25,-25.25,0.0,-25.25,-1.01,43.5,31.75,1.74,1.27,8,7.0,1,2025-01-13,1.4751219512195124,0.7953456536618754,1.1959489211800969,strong_bearish,2.4109242426325994,1.212062552714904,bearish,bearish,False,True,True,False,2025
118,99044,99045,99054,2025-01-13 14:44:00+00:00,2025-01-13 14:45:00+00:00,2025-01-13 14:54:00+00:00,short,20781.5,20781.0,20780.75,20805.75,20755.75,20730.75,20705.75,20680.75,71.0,near_trigger,-51.61119189248733,25.0,True,False,False,False,True,stop,20805.75,20806.0,-25.25,0.0,-25.25,-1.01,44.25,45.25,1.77,1.81,10,9.0,1,2025-01-13,2.06345009914078,1.9098660170523751,1.1959489211800969,partial_bearish,1.4344868382135465,1.6925345268319067,bearish,bearish,False,True,True,False,2025
119,99074,99075,99080,2025-01-13 15:14:00+00:00,2025-01-13 15:15:00+00:00,2025-01-13 15:20:00+00:00,short,20772.75,20773.0,20772.75,20797.75,20747.75,20722.75,20697.75,20672.75,78.0710094719188,near_trigger,-55.0710094719188,25.0,False,False,False,False,True,stop,20797.75,20798.0,-25.25,0.0,-25.25,-1.01,17.75,41.75,0.71,1.67,6,5.0,0,2025-01-13,1.2513966480446927,0.4215877982010168,0.4221105527638191,partial_bearish,0.6534787908713565,0.8776747318791772,bearish,bearish,True,True,True,False,2025
120,99084,99085,99091,2025-01-13 15:24:00+00:00,2025-01-13 15:25:00+00:00,2025-01-13 15:31:00+00:00,short,20749.75,20750.25,20750.0,20775.0,20725.0,20700.0,20675.0,20650.0,82.91111111111111,high_probability,-61.91111111111111,25.0,True,False,False,False,True,stop,20775.0,20775.25,-25.25,0.0,-25.25,-1.01,36.0,27.0,1.44,1.08,7,6.0,1,2025-01-13,1.8387681159420288,0.5017341040462427,0.6819085487077534,strong_bearish,1.5039376442381085,1.827307046064547,bearish,bearish,False,True,True,False,2025
121,100410,100411,100414,2025-01-14 14:30:00+00:00,2025-01-14 14:31:00+00:00,2025-01-14 14:34:00+00:00,short,21046.0,21045.5,21045.25,21070.25,21020.25,20995.25,20970.25,20945.25,74.79371307653271,near_trigger,-73.79371307653271,25.0,True,False,False,False,True,stop,21070.25,21070.5,-25.25,0.0,-25.25,-1.01,27.25,32.75,1.09,1.31,4,3.0,1,2025-01-14,2.0592930444697832,0.6419457735247209,1.950513894175866,partial_bullish,5.3417663141944205,0.9316060092494184,bearish,bearish,True,True,False,False,2025
122,100426,100427,100439,2025-01-14 14:46:00+00:00,2025-01-14 14:47:00+00:00,2025-01-14 14:59:00+00:00,short,21082.25,21080.5,21080.25,21105.25,21055.25,21030.25,21005.25,20980.25,80.29330582361446,high_probability,-80.29330582361446,25.0,True,True,True,True,False,tp4,20980.25,20980.5,99.75,0.0,99.75,3.99,114.5,1.5,4.58,0.06,13,12.0,4,2025-01-14,0.9242718446601942,0.9362267493356954,2.7671691792294806,partial_bullish,0.8277844151287043,0.7850470251725313,bearish,bearish,True,True,True,False,2025
123,100444,100445,100446,2025-01-14 15:04:00+00:00,2025-01-14 15:05:00+00:00,2025-01-14 15:06:00+00:00,short,21015.5,21015.0,21014.75,21039.75,20989.75,20964.75,20939.75,20914.75,70.75761591853448,near_trigger,-70.75761591853448,25.0,False,False,False,False,True,stop,21039.75,21040.0,-25.25,0.0,-25.25,-1.01,4.25,31.5,0.17,1.26,2,1.0,0,2025-01-14,1.3850533807829182,1.9496375429225483,1.2963715529753266,partial_bearish,0.6643168466931969,0.809330759925014,bearish,bearish,False,True,True,False,2025
124,101790,101791,101797,2025-01-15 14:30:00+00:00,2025-01-15 14:31:00+00:00,2025-01-15 14:37:00+00:00,long,21237.0,21236.5,21236.75,21211.75,21261.75,21286.75,21311.75,21336.75,76.0,near_trigger,48.43907576053056,25.0,True,False,False,False,True,stop,21211.75,21211.5,-25.25,0.0,-25.25,-1.01,48.25,33.0,1.93,1.32,7,6.0,1,2025-01-15,2.4131812420785805,0.9449294828744124,4.702807357212004,partial_bearish,5.718837962717085,1.2344164665287196,bullish,bullish,False,True,True,False,2025
125,101798,101799,101807,2025-01-15 14:38:00+00:00,2025-01-15 14:39:00+00:00,2025-01-15 14:47:00+00:00,long,21226.75,21226.5,21226.75,21201.75,21251.75,21276.75,21301.75,21326.75,72.0910394265233,near_trigger,72.0910394265233,25.0,True,True,True,True,False,tp4,21326.75,21326.5,99.75,0.0,99.75,3.99,101.0,4.75,4.04,0.19,9,8.0,4,2025-01-15,1.5994623655913978,0.1557533375715193,4.702807357212004,partial_bearish,2.821527455943341,1.760954047880388,bullish,bullish,True,True,False,False,2025
126,104550,104551,104551,2025-01-17 14:30:00+00:00,2025-01-17 14:31:00+00:00,2025-01-17 14:31:00+00:00,long,21599.25,21598.5,21598.75,21573.75,21623.75,21648.75,21673.75,21698.75,79.0,near_trigger,76.53333333333333,25.0,False,False,False,False,True,stop,21573.75,21573.5,-25.25,0.0,-25.25,-1.01,11.25,35.0,0.45,1.4,1,0.0,0,2025-01-17,0.3584637268847795,2.03425012973534,5.791213571117877,partial_bullish,4.72866884419231,1.8681834903925063,bullish,bullish,True,True,True,False,2025
127,104552,104553,104553,2025-01-17 14:32:00+00:00,2025-01-17 14:33:00+00:00,2025-01-17 14:33:00+00:00,long,21587.5,21587.5,21587.75,21562.75,21612.75,21637.75,21662.75,21687.75,88.8966631852303,high_probability,88.8966631852303,25.0,False,False,False,False,True,stop,21562.75,21562.5,-25.25,0.0,-25.25,-1.01,4.0,32.75,0.16,1.31,1,0.0,0,2025-01-17,2.466321243523316,2.03425012973534,5.791213571117877,partial_bullish,1.9268107421935965,1.1538341713865574,bullish,bullish,True,True,True,False,2025
128,104554,104555,104558,2025-01-17 14:34:00+00:00,2025-01-17 14:35:00+00:00,2025-01-17 14:38:00+00:00,long,21556.0,21556.25,21556.5,21531.5,21581.5,21606.5,21631.5,21656.5,84.0,high_probability,58.17328958561186,25.0,True,False,False,False,True,stop,21531.5,21531.25,-25.25,0.0,-25.25,-1.01,30.5,25.75,1.22,1.03,4,3.0,1,2025-01-17,2.9940758293838865,2.03425012973534,5.791213571117877,partial_bullish,2.30818239737872,1.7766693055156615,bullish,bullish,True,True,True,False,2025
129,104587,104588,104589,2025-01-17 15:07:00+00:00,2025-01-17 15:08:00+00:00,2025-01-17 15:09:00+00:00,long,21571.5,21571.75,21572.0,21547.0,21597.0,21622.0,21647.0,21672.0,73.09678895678363,near_trigger,63.09678895678363,25.0,False,False,False,False,True,stop,21547.0,21546.75,-25.25,0.0,-25.25,-1.01,4.0,35.5,0.16,1.42,2,1.0,0,2025-01-17,1.77,0.3745343718252624,0.0266666666666666,strong_bullish,0.7298883269301205,0.8146189573294832,bullish,bullish,True,True,True,True,2025
130,104609,104610,104665,2025-01-17 15:29:00+00:00,2025-01-17 15:30:00+00:00,2025-01-17 16:25:00+00:00,long,21528.0,21528.25,21528.5,21503.5,21553.5,21578.5,21603.5,21628.5,78.34198381598569,near_trigger,68.34198381598569,25.0,True,True,True,True,False,tp4,21628.5,21628.25,99.75,0.0,99.75,3.99,102.0,13.0,4.08,0.52,56,55.0,4,2025-01-17,0.2983257229832572,0.2661596958174905,0.2718446601941747,strong_bullish,1.0451272833759129,1.2709522932400077,bullish,bullish,True,True,True,True,2025
131,107087,107088,107093,2025-01-21 14:47:00+00:00,2025-01-21 14:48:00+00:00,2025-01-21 14:53:00+00:00,long,21652.25,21652.25,21652.5,21627.5,21677.5,21702.5,21727.5,21752.5,76.84304139277812,near_trigger,69.84304139277812,25.0,False,False,False,False,True,stop,21627.5,21627.25,-25.25,0.0,-25.25,-1.01,23.75,58.5,0.95,2.34,6,5.0,0,2025-01-21,1.3315472203616878,3.8947368421052633,2.077511473737889,partial_bearish,1.1525209559282688,1.1894219688239218,bullish,bullish,False,True,True,False,2025
132,107094,107095,107112,2025-01-21 14:54:00+00:00,2025-01-21 14:55:00+00:00,2025-01-21 15:12:00+00:00,long,21583.75,21583.75,21584.0,21559.0,21609.0,21634.0,21659.0,21684.0,79.0,near_trigger,57.27093207903676,25.0,True,True,False,False,True,stop,21559.0,21558.75,-25.25,0.0,-25.25,-1.01,52.75,45.25,2.11,1.81,18,17.0,2,2025-01-21,2.2851941747572817,1.83366077275704,2.077511473737889,strong_bearish,1.8022509952255623,2.248995321125901,bullish,bullish,True,True,True,False,2025
133,108451,108452,108456,2025-01-22 14:31:00+00:00,2025-01-22 14:32:00+00:00,2025-01-22 14:36:00+00:00,long,21953.0,21952.75,21953.0,21928.0,21978.0,22003.0,22028.0,22053.0,70.33333333333334,near_trigger,33.33333333333334,25.0,True,False,False,False,True,stop,21928.0,21927.75,-25.25,0.0,-25.25,-1.01,29.0,26.75,1.16,1.07,5,4.0,1,2025-01-22,4.22940226171244,0.8149253731343284,0.2213438735177865,partial_bearish,9.90399707975908,1.5314796626816134,bullish,bullish,True,True,True,False,2025
134,108457,108458,108517,2025-01-22 14:37:00+00:00,2025-01-22 14:38:00+00:00,2025-01-22 15:37:00+00:00,long,21949.75,21950.25,21950.5,21925.5,21975.5,22000.5,22025.5,22050.5,74.49102780562707,near_trigger,65.49102780562707,25.0,True,True,True,False,False,max_holding_time,22039.25,22039.0,88.5,0.0,88.5,3.54,91.0,20.0,3.64,0.8,60,59.0,3,2025-01-22,1.3252108716026243,2.7106382978723405,0.2213438735177865,partial_bearish,1.9647366889729416,1.115029985997728,bullish,bullish,False,True,True,False,2025
135,109833,109834,109893,2025-01-23 14:33:00+00:00,2025-01-23 14:34:00+00:00,2025-01-23 15:33:00+00:00,short,21894.5,21895.0,21894.75,21919.75,21869.75,21844.75,21819.75,21794.75,74.0,near_trigger,-68.76106830072936,25.0,True,False,False,False,False,max_holding_time,21910.5,21910.75,-16.0,0.0,-16.0,-0.64,27.5,23.5,1.1,0.94,60,59.0,1,2025-01-23,1.1245901639344262,0.5614489003880984,0.2259887005649717,partial_bullish,3.57175794070578,0.8373181401973752,bearish,bearish,True,True,True,False,2025
136,111229,111230,111242,2025-01-24 14:49:00+00:00,2025-01-24 14:50:00+00:00,2025-01-24 15:02:00+00:00,long,22063.5,22063.75,22064.0,22039.0,22089.0,22114.0,22139.0,22164.0,71.0,near_trigger,64.24317749455713,25.0,False,False,False,False,True,stop,22039.0,22038.75,-25.25,0.0,-25.25,-1.01,14.0,32.25,0.56,1.29,13,12.0,0,2025-01-24,1.8747591522158,1.042857142857143,0.5201938610662359,partial_bullish,0.947383255821665,0.9741876086882396,bullish,bullish,True,True,True,True,2025
137,111243,111244,111255,2025-01-24 15:03:00+00:00,2025-01-24 15:04:00+00:00,2025-01-24 15:15:00+00:00,long,22030.25,22030.5,22030.75,22005.75,22055.75,22080.75,22105.75,22130.75,73.0,near_trigger,40.98972054393702,25.0,False,False,False,False,True,stop,22005.75,22005.5,-25.25,0.0,-25.25,-1.01,7.25,27.5,0.29,1.1,12,11.0,0,2025-01-24,1.6752136752136753,1.7305863708399367,2.3095930232558137,partial_bullish,1.435765673175745,1.2708549387769954,bullish,bullish,True,False,True,False,2025
138,112592,112593,112598,2025-01-27 14:32:00+00:00,2025-01-27 14:33:00+00:00,2025-01-27 14:38:00+00:00,short,21240.25,21240.0,21239.75,21264.75,21214.75,21189.75,21164.75,21139.75,71.2491118077325,near_trigger,-52.2491118077325,25.0,True,False,False,False,True,stop,21264.75,21265.0,-25.25,0.0,-25.25,-1.01,37.5,43.5,1.5,1.74,6,5.0,1,2025-01-27,5.650470219435737,0.6458852867830424,0.2548812664907651,partial_bearish,4.745207839758777,2.0082278519472787,bearish,bearish,True,True,False,False,2025
139,112624,112625,112627,2025-01-27 15:04:00+00:00,2025-01-27 15:05:00+00:00,2025-01-27 15:07:00+00:00,short,21277.0,21277.25,21277.0,21302.0,21252.0,21227.0,21202.0,21177.0,82.90417043634575,high_probability,-66.90417043634575,25.0,False,False,False,False,True,stop,21302.0,21302.25,-25.25,0.0,-25.25,-1.01,8.0,51.0,0.32,2.04,3,2.0,0,2025-01-27,2.297872340425532,1.9074681238615665,2.7176887987835787,partial_bullish,1.1817827819617397,1.3676065925847802,bearish,bearish,False,True,True,False,2025
140,112646,112647,112648,2025-01-27 15:26:00+00:00,2025-01-27 15:27:00+00:00,2025-01-27 15:28:00+00:00,short,21308.5,21309.0,21308.75,21333.75,21283.75,21258.75,21233.75,21208.75,70.03776806162816,near_trigger,-70.03776806162816,25.0,False,False,False,False,True,stop,21333.75,21334.0,-25.25,0.0,-25.25,-1.01,3.0,45.5,0.12,1.82,2,1.0,0,2025-01-27,2.054965646470956,0.2706434686550676,1.9457879351581189,partial_bullish,1.269748295667171,1.7300125250778662,bearish,bearish,True,False,False,False,2025
141,113991,113992,114001,2025-01-28 14:51:00+00:00,2025-01-28 14:52:00+00:00,2025-01-28 15:01:00+00:00,long,21236.5,21236.25,21236.5,21211.5,21261.5,21286.5,21311.5,21336.5,85.33333333333334,high_probability,55.33333333333334,25.0,True,True,True,True,False,tp4,21336.5,21336.25,99.75,0.0,99.75,3.99,104.5,4.75,4.18,0.19,10,9.0,4,2025-01-28,1.9947229551451189,2.4311827956989247,3.227368421052631,partial_bearish,1.0901087064691175,1.5742400162310215,bullish,bullish,True,True,True,False,2025
142,114013,114014,114028,2025-01-28 15:13:00+00:00,2025-01-28 15:14:00+00:00,2025-01-28 15:28:00+00:00,long,21373.25,21373.5,21373.75,21348.75,21398.75,21423.75,21448.75,21473.75,81.39279805352798,high_probability,60.39279805352798,25.0,True,True,True,True,False,tp4,21473.75,21473.5,99.75,0.0,99.75,3.99,102.5,14.75,4.1,0.59,15,14.0,4,2025-01-28,1.5737226277372265,2.9774257425742574,0.0703075957313245,partial_bullish,1.3858423086409604,1.7755119238223644,bullish,bullish,False,True,True,False,2025
143,115361,115362,115373,2025-01-29 14:41:00+00:00,2025-01-29 14:42:00+00:00,2025-01-29 14:53:00+00:00,short,21520.75,21521.0,21520.75,21545.75,21495.75,21470.75,21445.75,21420.75,80.93995797545969,high_probability,-71.93995797545969,25.0,True,False,False,False,True,stop,21545.75,21546.0,-25.25,0.0,-25.25,-1.01,26.75,29.25,1.07,1.17,12,11.0,1,2025-01-29,1.419984973703982,2.501358695652174,0.1404682274247491,strong_bearish,2.1666068305789428,1.4023882879438685,bearish,bearish,False,True,True,False,2025
144,115392,115393,115394,2025-01-29 15:12:00+00:00,2025-01-29 15:13:00+00:00,2025-01-29 15:14:00+00:00,short,21511.25,21511.75,21511.5,21536.5,21486.5,21461.5,21436.5,21411.5,72.18367836783679,near_trigger,-59.18367836783679,25.0,False,False,False,False,True,stop,21536.5,21536.75,-25.25,0.0,-25.25,-1.01,3.5,28.5,0.14,1.14,2,1.0,0,2025-01-29,2.0414041404140413,1.3178137651821862,1.5800887136520454,partial_bearish,1.997827540106952,1.6395662795182788,bearish,bearish,True,True,True,True,2025
145,115406,115407,115413,2025-01-29 15:26:00+00:00,2025-01-29 15:27:00+00:00,2025-01-29 15:33:00+00:00,short,21497.5,21497.0,21496.75,21521.75,21471.75,21446.75,21421.75,21396.75,81.28705169698287,high_probability,-68.28705169698287,25.0,False,False,False,False,True,stop,21521.75,21522.0,-25.25,0.0,-25.25,-1.01,16.25,30.25,0.65,1.21,7,6.0,0,2025-01-29,2.4111812443642924,0.171104321257093,1.6896551724137931,partial_bearish,1.6292781795568658,1.4464926540502407,bearish,bearish,False,True,True,False,2025
146,116735,116736,116737,2025-01-30 14:35:00+00:00,2025-01-30 14:36:00+00:00,2025-01-30 14:37:00+00:00,short,21602.25,21602.25,21602.0,21627.0,21577.0,21552.0,21527.0,21502.0,86.49666432588486,high_probability,-78.49666432588486,25.0,False,False,False,False,True,stop,21627.0,21627.25,-25.25,0.0,-25.25,-1.01,1.75,25.5,0.07,1.02,2,1.0,0,2025-01-30,1.63986013986014,1.1544715447154472,0.2007648183556405,partial_bearish,2.9427538415185297,1.1981402880345444,bearish,bearish,True,True,True,True,2025
147,116758,116759,116764,2025-01-30 14:58:00+00:00,2025-01-30 14:59:00+00:00,2025-01-30 15:04:00+00:00,short,21665.5,21665.0,21664.75,21689.75,21639.75,21614.75,21589.75,21564.75,71.46666666666667,near_trigger,-63.46666666666667,25.0,True,True,True,True,False,tp4,21564.75,21565.0,99.75,0.0,99.75,3.99,101.0,13.25,4.04,0.53,6,5.0,4,2025-01-30,0.9549929676511956,1.4423498465585272,0.2809991079393399,partial_bullish,1.184316382267011,1.9902279357700243,bearish,bearish,True,True,False,False,2025
148,116779,116780,116784,2025-01-30 15:19:00+00:00,2025-01-30 15:20:00+00:00,2025-01-30 15:24:00+00:00,short,21573.5,21573.75,21573.5,21598.5,21548.5,21523.5,21498.5,21473.5,74.45798908807483,near_trigger,-53.457989088074825,25.0,True,False,False,False,True,stop,21598.5,21598.75,-25.25,0.0,-25.25,-1.01,25.75,31.25,1.03,1.25,5,4.0,1,2025-01-30,1.0038971161340609,2.630016863406408,1.352112676056338,strong_bearish,0.9145228909285904,1.6522811344019728,bearish,neutral,True,False,True,False,2025
149,116789,116790,116795,2025-01-30 15:29:00+00:00,2025-01-30 15:30:00+00:00,2025-01-30 15:35:00+00:00,short,21532.0,21532.0,21531.75,21556.75,21506.75,21481.75,21456.75,21431.75,82.33333333333334,high_probability,-81.33333333333334,25.0,True,False,False,False,True,stop,21556.75,21557.0,-25.25,0.0,-25.25,-1.01,29.75,38.5,1.19,1.54,6,5.0,1,2025-01-30,2.8327246165084,1.2449297971918878,1.352112676056338,strong_bearish,2.006008178356492,2.311735828084476,bearish,bearish,False,True,True,False,2025
150,120880,120881,120890,2025-02-04 14:40:00+00:00,2025-02-04 14:41:00+00:00,2025-02-04 14:50:00+00:00,short,21498.5,21498.25,21498.0,21523.0,21473.0,21448.0,21423.0,21398.0,72.72241772308574,near_trigger,-56.72241772308574,25.0,False,False,False,False,True,stop,21523.0,21523.25,-25.25,0.0,-25.25,-1.01,14.75,48.0,0.59,1.92,10,9.0,0,2025-02-04,1.352989352989353,3.056338028169014,1.3316008316008316,partial_bullish,1.506110042801315,0.7960968956155652,bearish,bearish,True,False,False,False,2025
151,122259,122260,122280,2025-02-05 14:39:00+00:00,2025-02-05 14:40:00+00:00,2025-02-05 15:00:00+00:00,short,21568.5,21568.75,21568.5,21593.5,21543.5,21518.5,21493.5,21468.5,74.21029626722608,near_trigger,-55.21029626722608,25.0,True,False,False,False,True,stop,21593.5,21593.75,-25.25,0.0,-25.25,-1.01,35.0,40.5,1.4,1.62,21,20.0,1,2025-02-05,1.362704918032787,0.7805755395683454,1.7697516930022572,strong_bullish,2.1899328293190186,1.026046193147402,bearish,bearish,True,True,True,False,2025
152,123680,123681,123740,2025-02-06 15:20:00+00:00,2025-02-06 15:21:00+00:00,2025-02-06 16:20:00+00:00,short,21824.75,21825.25,21825.0,21846.5,21800.0,21775.0,21750.0,21725.0,72.35664481117477,near_trigger,-72.35664481117477,21.5,True,True,True,False,False,max_holding_time,21802.25,21802.5,22.5,0.0,22.5,1.0465116279069768,84.75,15.0,3.941860465116279,0.6976744186046512,60,59.0,3,2025-02-06,1.1989459815546772,1.0699481865284974,1.7933261571582346,partial_bullish,1.4746490312101173,1.359518232091476,bearish,bearish,True,False,True,False,2025
153,125011,125012,125037,2025-02-07 14:31:00+00:00,2025-02-07 14:32:00+00:00,2025-02-07 14:57:00+00:00,long,21928.25,21927.75,21928.0,21903.0,21953.0,21978.0,22003.0,22028.0,72.05704357089382,near_trigger,51.05704357089383,25.0,True,False,False,False,True,stop,21903.0,21902.75,-25.25,0.0,-25.25,-1.01,39.75,34.25,1.59,1.37,26,25.0,1,2025-02-07,4.195783132530121,0.2437608821822403,1.066132264529058,strong_bullish,10.61835337793418,1.3689369275946135,bullish,bullish,True,True,True,False,2025
154,125045,125046,125051,2025-02-07 15:05:00+00:00,2025-02-07 15:06:00+00:00,2025-02-07 15:11:00+00:00,long,21766.75,21766.5,21766.75,21741.75,21791.75,21816.75,21841.75,21866.75,70.17809719370294,near_trigger,63.17809719370294,25.0,True,False,False,False,True,stop,21741.75,21741.5,-25.25,0.0,-25.25,-1.01,28.5,29.0,1.14,1.16,6,5.0,1,2025-02-07,2.0482546201232035,5.01948051948052,0.6490971205466081,partial_bearish,1.631077093463403,1.8745477529314327,bullish,bullish,True,False,False,False,2025
155,125058,125059,125093,2025-02-07 15:18:00+00:00,2025-02-07 15:19:00+00:00,2025-02-07 15:53:00+00:00,long,21738.25,21738.25,21738.5,21713.5,21763.5,21788.5,21813.5,21838.5,95.09446075552944,a_plus_plus,61.094460755529454,25.0,True,True,False,False,True,stop,21713.5,21713.25,-25.25,0.0,-25.25,-1.01,65.75,101.5,2.63,4.06,35,34.0,2,2025-02-07,1.4057545507927187,4.874112812850205,3.1253071253071254,partial_bearish,0.8370157494102984,2.0862376606205317,bullish,bullish,True,True,True,False,2025
156,126410,126411,126411,2025-02-10 14:50:00+00:00,2025-02-10 14:51:00+00:00,2025-02-10 14:51:00+00:00,long,21777.75,21778.25,21778.5,21753.5,21803.5,21828.5,21853.5,21878.5,80.26836832171043,high_probability,80.26836832171043,25.0,False,False,False,False,True,stop,21753.5,21753.25,-25.25,0.0,-25.25,-1.01,0.75,27.0,0.03,1.08,1,0.0,0,2025-02-10,1.1072589382448537,0.5427312775330396,1.8682634730538925,partial_bullish,1.0647988008762828,0.9850053774431812,bullish,bullish,True,False,True,False,2025
157,126412,126413,126448,2025-02-10 14:52:00+00:00,2025-02-10 14:53:00+00:00,2025-02-10 15:28:00+00:00,long,21771.5,21771.75,21772.0,21747.0,21797.0,21822.0,21847.0,21872.0,75.71674871459079,near_trigger,51.71674871459079,25.0,True,True,True,True,False,tp4,21872.0,21871.75,99.75,0.0,99.75,3.99,101.5,4.5,4.06,0.18,36,35.0,4,2025-02-10,0.6184738955823293,0.5427312775330396,1.8682634730538925,partial_bullish,0.9866330292274144,0.9352551327802752,bullish,bullish,True,False,True,False,2025
158,127828,127829,127888,2025-02-11 15:28:00+00:00,2025-02-11 15:29:00+00:00,2025-02-11 16:28:00+00:00,long,21840.5,21840.5,21840.75,21815.75,21865.75,21890.75,21915.75,21940.75,74.86666666666666,near_trigger,32.86666666666666,25.0,True,False,False,False,False,max_holding_time,21826.25,21826.0,-14.75,0.0,-14.75,-0.59,30.5,20.25,1.22,0.81,60,59.0,1,2025-02-11,2.6348314606741576,1.0652173913043477,3.642633228840125,strong_bullish,2.124633779396627,1.6088067057596145,neutral,bullish,False,True,True,False,2025
159,129180,129181,129200,2025-02-12 15:00:00+00:00,2025-02-12 15:01:00+00:00,2025-02-12 15:20:00+00:00,short,21652.25,21651.5,21651.25,21676.25,21626.25,21601.25,21576.25,21551.25,72.92838023025857,near_trigger,-46.92838023025857,25.0,True,True,False,False,True,stop,21676.25,21676.5,-25.25,0.0,-25.25,-1.01,70.75,30.75,2.83,1.23,20,19.0,2,2025-02-12,1.3892100192678227,2.507903055848261,2.266025641025641,partial_bullish,1.7835343450870504,1.1203564658674086,bearish,bearish,False,True,False,False,2025
160,130540,130541,130577,2025-02-13 14:40:00+00:00,2025-02-13 14:41:00+00:00,2025-02-13 15:17:00+00:00,long,21863.25,21863.0,21863.25,21838.25,21888.25,21913.25,21938.25,21963.25,71.39634017552653,near_trigger,71.39634017552653,25.0,True,True,True,True,False,tp4,21963.25,21963.0,99.75,0.0,99.75,3.99,101.0,17.0,4.04,0.68,37,36.0,4,2025-02-13,3.1262135922330097,0.4032403240324032,1.994663820704376,partial_bearish,1.6031544906102844,1.3517780258332004,bullish,bullish,True,True,False,False,2025
161,131941,131942,131947,2025-02-14 15:01:00+00:00,2025-02-14 15:02:00+00:00,2025-02-14 15:07:00+00:00,short,22112.25,22112.25,22112.0,22137.0,22087.0,22062.0,22037.0,22012.0,76.32464951922267,near_trigger,-63.32464951922268,25.0,False,False,False,False,True,stop,22137.0,22137.25,-25.25,0.0,-25.25,-1.01,13.0,30.75,0.52,1.23,6,5.0,0,2025-02-14,1.638095238095238,0.726775956284153,0.9472118959107808,partial_bullish,1.7269675494218577,1.148893556305887,bearish,bearish,True,False,True,False,2025
162,131948,131949,131996,2025-02-14 15:08:00+00:00,2025-02-14 15:09:00+00:00,2025-02-14 15:56:00+00:00,short,22140.5,22140.5,22140.25,22165.25,22115.25,22090.25,22065.25,22040.25,73.0,near_trigger,-73.0,25.0,True,False,False,False,True,stop,22165.25,22165.5,-25.25,0.0,-25.25,-1.01,39.0,25.5,1.56,1.02,48,47.0,1,2025-02-14,1.5878284923928077,1.1454545454545455,0.9472118959107808,strong_bullish,1.2149992618473502,0.9468385983414026,bearish,bearish,True,False,True,False,2025
163,134461,134462,134464,2025-02-18 15:01:00+00:00,2025-02-18 15:02:00+00:00,2025-02-18 15:04:00+00:00,short,22156.25,22156.25,22156.0,22181.0,22131.0,22106.0,22081.0,22056.0,70.0,near_trigger,-44.0,25.0,False,False,False,False,True,stop,22181.0,22181.25,-25.25,0.0,-25.25,-1.01,7.5,29.5,0.3,1.18,3,2.0,0,2025-02-18,3.915766738660907,1.7934272300469485,3.9890933878663937,strong_bearish,2.1944789765563697,2.2265359430350307,bearish,bearish,False,True,True,False,2025
164,134467,134468,134527,2025-02-18 15:07:00+00:00,2025-02-18 15:08:00+00:00,2025-02-18 16:07:00+00:00,short,22190.5,22190.75,22190.5,22215.5,22165.5,22140.5,22115.5,22090.5,70.0,near_trigger,-44.42392489971341,25.0,True,True,False,False,False,max_holding_time,22190.5,22190.75,-0.25,0.0,-0.25,-0.01,65.5,16.75,2.62,0.67,60,59.0,2,2025-02-18,1.5922131147540983,2.251340083382966,3.9890933878663937,partial_bearish,0.7536504945831372,0.7923868712371335,bearish,bearish,False,True,True,False,2025
165,137223,137224,137225,2025-02-20 15:03:00+00:00,2025-02-20 15:04:00+00:00,2025-02-20 15:05:00+00:00,short,22017.0,22017.5,22017.25,22042.25,21992.25,21967.25,21942.25,21917.25,71.0,near_trigger,-39.40130118637581,25.0,False,False,False,False,True,stop,22042.25,22042.5,-25.25,0.0,-25.25,-1.01,5.25,33.0,0.21,1.32,2,1.0,0,2025-02-20,0.4902411021814006,5.220068415051311,5.734317343173432,strong_bearish,1.28287934371299,1.7495646967058769,bearish,bearish,False,True,True,True,2025
166,137226,137227,137235,2025-02-20 15:06:00+00:00,2025-02-20 15:07:00+00:00,2025-02-20 15:15:00+00:00,short,22030.75,22030.75,22030.5,22055.5,22005.5,21980.5,21955.5,21930.5,76.11835571138954,near_trigger,-56.11835571138954,25.0,True,False,False,False,True,stop,22055.5,22055.75,-25.25,0.0,-25.25,-1.01,37.5,33.25,1.5,1.33,9,8.0,1,2025-02-20,1.884459849797805,4.533397870280735,5.734317343173432,partial_bearish,0.6814186049115892,1.1904645452855844,bearish,bearish,False,True,True,False,2025
167,138593,138594,138597,2025-02-21 14:53:00+00:00,2025-02-21 14:54:00+00:00,2025-02-21 14:57:00+00:00,long,22116.0,22116.0,22116.25,22091.25,22141.25,22166.25,22191.25,22216.25,70.13799064607994,near_trigger,60.13799064607994,25.0,False,False,False,False,True,stop,22091.25,22091.0,-25.25,0.0,-25.25,-1.01,1.5,30.75,0.06,1.23,4,3.0,0,2025-02-21,1.308411214953271,3.61134163208852,3.7094821788836585,strong_bearish,0.7129014625743295,0.7742260437840657,bullish,bullish,True,False,False,False,2025
168,138621,138622,138644,2025-02-21 15:21:00+00:00,2025-02-21 15:22:00+00:00,2025-02-21 15:44:00+00:00,short,22044.5,22044.5,22044.25,22069.25,22019.25,21994.25,21969.25,21944.25,73.13933040562875,near_trigger,-47.13933040562876,25.0,True,True,True,True,False,tp4,21944.25,21944.5,99.75,0.0,99.75,3.99,103.75,7.75,4.15,0.31,23,22.0,4,2025-02-21,1.843462246777164,0.977358490566038,4.179959100204499,strong_bearish,1.471373256644487,1.8390264530376357,bearish,bearish,False,True,False,False,2025
169,139953,139954,139957,2025-02-24 14:33:00+00:00,2025-02-24 14:34:00+00:00,2025-02-24 14:37:00+00:00,long,21745.25,21745.25,21745.5,21720.5,21770.5,21795.5,21820.5,21845.5,79.0,near_trigger,41.53962705560353,25.0,False,False,False,False,True,stop,21720.5,21720.25,-25.25,0.0,-25.25,-1.01,5.75,46.5,0.23,1.86,4,3.0,0,2025-02-24,0.6312625250501002,2.1023359288097887,0.5434015525758645,strong_bearish,3.5618400683902864,1.0565996353716878,bullish,bullish,True,True,True,True,2025
170,139958,139959,139963,2025-02-24 14:38:00+00:00,2025-02-24 14:39:00+00:00,2025-02-24 14:43:00+00:00,long,21715.5,21715.75,21716.0,21691.0,21741.0,21766.0,21791.0,21816.0,70.90334402414221,near_trigger,70.90334402414221,25.0,False,False,False,False,True,stop,21691.0,21690.75,-25.25,0.0,-25.25,-1.01,8.75,32.0,0.35,1.28,5,4.0,0,2025-02-24,1.2746748278500382,1.6018018018018017,0.5434015525758645,strong_bearish,1.9857178651966925,1.2420170042706578,bullish,bullish,True,True,True,False,2025
171,139976,139977,139977,2025-02-24 14:56:00+00:00,2025-02-24 14:57:00+00:00,2025-02-24 14:57:00+00:00,long,21610.5,21610.5,21610.75,21585.75,21635.75,21660.75,21685.75,21710.75,76.97069872276484,near_trigger,56.97069872276484,25.0,False,False,False,False,True,stop,21585.75,21585.5,-25.25,0.0,-25.25,-1.01,2.0,37.5,0.08,1.5,1,0.0,0,2025-02-24,2.2509391435011272,4.344561016013253,2.1319796954314723,strong_bearish,1.193055496551822,2.0938699936624707,bullish,bullish,True,True,False,False,2025
172,141380,141381,141381,2025-02-25 15:20:00+00:00,2025-02-25 15:21:00+00:00,2025-02-25 15:21:00+00:00,short,21030.5,21030.5,21030.25,21055.25,21005.25,20980.25,20955.25,20930.25,70.0,near_trigger,-64.0,25.0,False,False,False,False,True,stop,21055.25,21055.5,-25.25,0.0,-25.25,-1.01,2.25,38.5,0.09,1.54,1,0.0,0,2025-02-25,3.848797250859106,2.8539119804400976,5.061686086360521,strong_bearish,1.5832356389214537,3.110102940837805,bearish,bearish,False,True,True,False,2025
173,141383,141384,141396,2025-02-25 15:23:00+00:00,2025-02-25 15:24:00+00:00,2025-02-25 15:36:00+00:00,short,21081.5,21082.25,21082.0,21107.0,21057.0,21032.0,21007.0,20982.0,75.67845303867404,near_trigger,-62.67845303867404,25.0,True,False,False,False,True,stop,21107.0,21107.25,-25.25,0.0,-25.25,-1.01,45.5,26.0,1.82,1.04,13,12.0,1,2025-02-25,0.5646408839779006,2.8539119804400976,5.061686086360521,strong_bearish,1.0399236795698303,1.9298490327149436,bearish,bearish,False,True,True,True,2025
174,142719,142720,142720,2025-02-26 14:39:00+00:00,2025-02-26 14:40:00+00:00,2025-02-26 14:40:00+00:00,long,21265.0,21265.5,21265.75,21240.75,21290.75,21315.75,21340.75,21365.75,75.80582132590717,near_trigger,39.805821325907175,25.0,False,False,False,False,True,stop,21240.75,21240.5,-25.25,0.0,-25.25,-1.01,4.25,26.25,0.17,1.05,1,0.0,0,2025-02-26,2.1985044187627465,2.756062767475036,2.056545789797173,partial_bearish,1.4552358113509192,1.18558799107797,bullish,neutral,True,True,True,True,2025
175,142721,142722,142722,2025-02-26 14:41:00+00:00,2025-02-26 14:42:00+00:00,2025-02-26 14:42:00+00:00,long,21247.5,21247.75,21248.0,21223.0,21273.0,21298.0,21323.0,21348.0,74.23823413591515,near_trigger,59.23823413591515,25.0,False,False,False,False,True,stop,21223.0,21222.75,-25.25,0.0,-25.25,-1.01,0.75,53.75,0.03,2.15,1,0.0,0,2025-02-26,1.1432160804020102,0.5996430696014278,2.056545789797173,partial_bullish,1.1380018308995403,1.243130934581254,bullish,bullish,True,True,True,True,2025
176,142723,142724,142752,2025-02-26 14:43:00+00:00,2025-02-26 14:44:00+00:00,2025-02-26 15:12:00+00:00,long,21230.75,21230.25,21230.5,21205.5,21255.5,21280.5,21305.5,21330.5,86.83378697151153,high_probability,65.83378697151153,25.0,True,True,True,True,False,tp4,21330.5,21330.25,99.75,0.0,99.75,3.99,108.0,14.25,4.32,0.57,29,28.0,4,2025-02-26,0.9069134458356016,0.5996430696014278,2.056545789797173,partial_bearish,1.272199848786434,1.6293500385352646,bullish,bullish,True,True,True,False,2025
177,142759,142760,142764,2025-02-26 15:19:00+00:00,2025-02-26 15:20:00+00:00,2025-02-26 15:24:00+00:00,long,21357.75,21358.0,21358.25,21333.25,21383.25,21408.25,21433.25,21458.25,73.029171663588,near_trigger,70.029171663588,25.0,False,False,False,False,True,stop,21333.25,21333.0,-25.25,0.0,-25.25,-1.01,13.75,39.0,0.55,1.56,5,4.0,0,2025-02-26,1.3589958158995816,1.077325364213672,1.2619240097008892,strong_bullish,0.9548492009045404,1.245855987269593,bullish,bullish,False,False,True,False,2025
178,142768,142769,142769,2025-02-26 15:28:00+00:00,2025-02-26 15:29:00+00:00,2025-02-26 15:29:00+00:00,long,21299.75,21299.75,21300.0,21275.0,21325.0,21350.0,21375.0,21400.0,71.0,near_trigger,20.846819338422392,25.0,False,False,False,False,True,stop,21275.0,21274.75,-25.25,0.0,-25.25,-1.01,5.5,28.75,0.22,1.15,1,0.0,0,2025-02-26,2.551526717557252,0.6275191104933981,1.2619240097008892,partial_bullish,1.6375545851528384,2.1948235745640337,bullish,bullish,False,False,True,False,2025
179,144099,144100,144100,2025-02-27 14:39:00+00:00,2025-02-27 14:40:00+00:00,2025-02-27 14:40:00+00:00,long,21308.0,21308.25,21308.5,21283.5,21333.5,21358.5,21383.5,21408.5,74.0,near_trigger,57.63448275862069,25.0,False,False,False,False,True,stop,21283.5,21283.25,-25.25,0.0,-25.25,-1.01,0.0,36.5,0.0,1.46,1,0.0,0,2025-02-27,1.51867816091954,0.1685185185185185,0.4079650315687226,strong_bearish,3.0081586635793864,1.9768173670583549,bullish,bullish,True,True,True,True,2025
180,145470,145471,145476,2025-02-28 14:30:00+00:00,2025-02-28 14:31:00+00:00,2025-02-28 14:36:00+00:00,short,20552.0,20551.75,20551.5,20576.5,20526.5,20501.5,20476.5,20451.5,82.33333333333334,high_probability,-73.33333333333334,25.0,True,True,True,False,True,stop,20576.5,20576.75,-25.25,0.0,-25.25,-1.01,91.25,37.5,3.65,1.5,6,5.0,3,2025-02-28,3.097480832420592,0.6909702748177229,0.1802575107296137,strong_bearish,8.807661378755757,1.5698947148962783,bearish,bearish,False,True,True,False,2025
181,145477,145478,145483,2025-02-28 14:37:00+00:00,2025-02-28 14:38:00+00:00,2025-02-28 14:43:00+00:00,short,20591.25,20591.0,20590.75,20615.75,20565.75,20540.75,20515.75,20490.75,79.0,near_trigger,-67.93631000933905,25.0,True,True,False,False,True,stop,20615.75,20616.0,-25.25,0.0,-25.25,-1.01,70.0,54.0,2.8,2.16,6,5.0,2,2025-02-28,2.9239280774550487,3.87567084078712,0.1802575107296137,partial_bearish,2.408995616542786,2.1980448046694843,bearish,bearish,True,True,True,True,2025
182,145503,145504,145504,2025-02-28 15:03:00+00:00,2025-02-28 15:04:00+00:00,2025-02-28 15:04:00+00:00,short,20574.75,20574.25,20574.0,20599.0,20549.0,20524.0,20499.0,20474.0,71.79748427672956,near_trigger,-58.79748427672956,25.0,False,False,False,False,True,stop,20599.0,20599.25,-25.25,0.0,-25.25,-1.01,11.5,39.0,0.46,1.56,1,0.0,0,2025-02-28,0.288659793814433,2.311596530677803,0.6208144796380091,partial_bullish,1.395966273896443,1.5610967803573137,bearish,bearish,True,False,False,False,2025
183,146852,146853,146855,2025-03-03 14:32:00+00:00,2025-03-03 14:33:00+00:00,2025-03-03 14:35:00+00:00,long,21095.5,21095.25,21095.5,21070.5,21120.5,21145.5,21170.5,21195.5,71.99536167152871,near_trigger,58.99536167152871,25.0,True,False,False,False,True,stop,21070.5,21070.25,-25.25,0.0,-25.25,-1.01,25.25,41.0,1.01,1.64,3,2.0,1,2025-03-03,2.619883040935673,1.4323432343234324,0.1050938337801608,partial_bullish,4.503383757961784,1.0581515670581634,bullish,bullish,True,True,True,True,2025
184,146856,146857,146857,2025-03-03 14:36:00+00:00,2025-03-03 14:37:00+00:00,2025-03-03 14:37:00+00:00,long,21074.25,21074.25,21074.5,21049.5,21099.5,21124.5,21149.5,21174.5,80.54667677533484,high_probability,64.54667677533484,25.0,False,False,False,False,True,stop,21049.5,21049.25,-25.25,0.0,-25.25,-1.01,5.5,38.75,0.22,1.55,1,0.0,0,2025-03-03,0.4139499620924943,0.056338028169014,0.1050938337801608,strong_bullish,3.387815344247957,1.7979923989671878,bullish,bullish,True,True,True,True,2025
185,146858,146859,146859,2025-03-03 14:38:00+00:00,2025-03-03 14:39:00+00:00,2025-03-03 14:39:00+00:00,long,20999.5,20999.25,20999.5,20974.5,21024.5,21049.5,21074.5,21099.5,74.0,near_trigger,46.28783977110157,25.0,False,False,False,False,True,stop,20974.5,20974.25,-25.25,0.0,-25.25,-1.01,3.0,31.75,0.12,1.27,1,0.0,0,2025-03-03,3.066427289048474,0.056338028169014,0.1050938337801608,partial_bullish,3.461034708578913,2.3611142135948358,bullish,bullish,True,True,True,True,2025
186,146860,146861,146863,2025-03-03 14:40:00+00:00,2025-03-03 14:41:00+00:00,2025-03-03 14:43:00+00:00,long,20975.5,20975.75,20976.0,20951.0,21001.0,21026.0,21051.0,21076.0,79.0,near_trigger,50.46441680310843,25.0,False,False,False,False,True,stop,20951.0,20950.75,-25.25,0.0,-25.25,-1.01,18.25,33.75,0.73,1.35,3,2.0,0,2025-03-03,2.5092250922509227,2.6435045317220545,0.1050938337801608,partial_bearish,1.6214557296550782,1.5324127040397042,bullish,bullish,True,True,True,True,2025
187,146889,146890,146890,2025-03-03 15:09:00+00:00,2025-03-03 15:10:00+00:00,2025-03-03 15:10:00+00:00,short,20815.5,20815.25,20815.0,20840.0,20790.0,20765.0,20740.0,20715.0,92.4403031311227,a_plus_plus,-66.4403031311227,25.0,False,False,False,False,True,stop,20840.0,20840.25,-25.25,0.0,-25.25,-1.01,12.0,41.25,0.48,1.65,1,0.0,0,2025-03-03,1.1887323943661972,2.034263959390863,3.370204603580563,strong_bearish,1.008759522058256,2.0576200767987918,bearish,bearish,True,False,True,False,2025
188,146891,146892,146902,2025-03-03 15:11:00+00:00,2025-03-03 15:12:00+00:00,2025-03-03 15:22:00+00:00,short,20868.5,20869.0,20868.75,20893.75,20843.75,20818.75,20793.75,20768.75,70.0,near_trigger,-39.8422239706268,25.0,True,True,False,False,True,stop,20893.75,20894.0,-25.25,0.0,-25.25,-1.01,63.5,46.25,2.54,1.85,11,10.0,2,2025-03-03,0.4846577498033044,2.514799767846779,3.370204603580563,partial_bearish,0.8473371048531304,1.5723752510502875,bearish,neutral,True,False,True,False,2025
189,148231,148232,148234,2025-03-04 14:31:00+00:00,2025-03-04 14:32:00+00:00,2025-03-04 14:34:00+00:00,short,20300.0,20301.25,20301.0,20326.0,20276.0,20251.0,20226.0,20201.0,82.70155796193711,high_probability,-69.70155796193711,25.0,True,False,False,False,True,stop,20326.0,20326.25,-25.25,0.0,-25.25,-1.01,42.5,37.5,1.7,1.5,3,2.0,1,2025-03-04,2.4705882352941178,0.879162702188392,0.883495145631068,partial_bearish,4.46023776120505,1.345210589316037,bearish,bearish,False,True,True,False,2025
190,148235,148236,148236,2025-03-04 14:35:00+00:00,2025-03-04 14:36:00+00:00,2025-03-04 14:36:00+00:00,short,20315.5,20315.5,20315.25,20340.25,20290.25,20265.25,20240.25,20215.25,71.0,near_trigger,-57.15178960569635,25.0,False,False,False,False,True,stop,20340.25,20340.5,-25.25,0.0,-25.25,-1.01,9.25,90.75,0.37,3.63,1,0.0,0,2025-03-04,0.4867075664621677,1.9900249376558603,0.883495145631068,partial_bearish,1.75864934433207,1.202150209894845,bearish,bearish,False,True,True,False,2025
191,148237,148238,148238,2025-03-04 14:37:00+00:00,2025-03-04 14:38:00+00:00,2025-03-04 14:38:00+00:00,short,20400.25,20400.5,20400.25,20425.25,20375.25,20350.25,20325.25,20300.25,71.0,near_trigger,-24.061843012630405,25.0,False,False,False,False,True,stop,20425.25,20425.5,-25.25,0.0,-25.25,-1.01,9.25,29.75,0.37,1.19,1,0.0,0,2025-03-04,2.9749280723386766,1.9900249376558603,0.883495145631068,partial_bullish,1.686058276001619,1.4190124105045805,bearish,bearish,False,True,True,False,2025
192,148274,148275,148278,2025-03-04 15:14:00+00:00,2025-03-04 15:15:00+00:00,2025-03-04 15:18:00+00:00,short,20206.75,20205.75,20205.5,20230.5,20180.5,20155.5,20130.5,20105.5,81.58150582473613,high_probability,-70.58150582473613,25.0,True,True,True,True,False,tp4,20105.5,20105.75,99.75,0.0,99.75,3.99,108.0,0.25,4.32,0.01,4,3.0,4,2025-03-04,0.4618959107806691,1.832258064516129,1.3535217586361596,partial_bearish,0.7973710621007025,1.237076208831376,bearish,bearish,True,False,True,False,2025
193,149616,149617,149620,2025-03-05 14:36:00+00:00,2025-03-05 14:37:00+00:00,2025-03-05 14:40:00+00:00,short,20363.75,20363.25,20363.0,20388.0,20338.0,20313.0,20288.0,20263.0,70.45416666666667,near_trigger,-69.45416666666667,25.0,True,True,False,False,True,stop,20388.0,20388.25,-25.25,0.0,-25.25,-1.01,50.0,65.75,2.0,2.63,4,3.0,2,2025-03-05,1.853569249542404,0.2050840155105558,1.2042510793756227,partial_bearish,3.5749261462506574,1.7501040077659131,bearish,bearish,False,True,True,False,2025
194,149621,149622,149634,2025-03-05 14:41:00+00:00,2025-03-05 14:42:00+00:00,2025-03-05 14:54:00+00:00,short,20432.75,20432.25,20432.0,20457.0,20407.0,20382.0,20357.0,20332.0,79.0,near_trigger,-70.93212391976354,25.0,True,True,True,True,False,tp4,20332.0,20332.25,99.75,0.0,99.75,3.99,116.25,23.75,4.65,0.95,13,12.0,4,2025-03-05,1.7468354430379749,1.393986723935963,1.2042510793756227,partial_bearish,1.5899433154667797,1.677420404709405,bearish,bearish,True,True,True,False,2025
195,149657,149658,149661,2025-03-05 15:17:00+00:00,2025-03-05 15:18:00+00:00,2025-03-05 15:21:00+00:00,short,20402.0,20402.25,20402.0,20427.0,20377.0,20352.0,20327.0,20302.0,71.33366292134832,near_trigger,-70.33366292134832,25.0,True,True,True,True,False,tp4,20302.0,20302.25,99.75,0.0,99.75,3.99,102.5,13.0,4.1,0.52,4,3.0,4,2025-03-05,1.7303370786516856,1.157970666025487,0.196078431372549,partial_bullish,0.9307044294815664,1.5909982450707134,bearish,bearish,True,False,False,False,2025
196,150998,150999,151001,2025-03-06 14:38:00+00:00,2025-03-06 14:39:00+00:00,2025-03-06 14:41:00+00:00,long,20305.25,20305.5,20305.75,20280.75,20330.75,20355.75,20380.75,20405.75,78.78109582528374,near_trigger,65.78109582528374,25.0,False,False,False,False,True,stop,20280.75,20280.5,-25.25,0.0,-25.25,-1.01,14.0,57.75,0.56,2.31,3,2.0,0,2025-03-06,0.7800114876507754,2.0855457227138645,0.4233983286908078,partial_bearish,1.7445748086661168,1.3142704436130412,neutral,bullish,True,True,True,False,2025
197,152384,152385,152386,2025-03-07 14:44:00+00:00,2025-03-07 14:45:00+00:00,2025-03-07 14:46:00+00:00,short,20149.0,20149.0,20148.75,20173.75,20123.75,20098.75,20073.75,20048.75,70.42445512181801,near_trigger,-51.42445512181801,25.0,False,False,False,False,True,stop,20173.75,20174.0,-25.25,0.0,-25.25,-1.01,6.0,35.0,0.24,1.4,2,1.0,0,2025-03-07,1.360538493899874,0.4893276414087513,1.062126642771804,partial_bullish,1.407684418540661,1.7878417231903163,bearish,bearish,True,True,False,False,2025
198,152398,152399,152404,2025-03-07 14:58:00+00:00,2025-03-07 14:59:00+00:00,2025-03-07 15:04:00+00:00,short,20148.25,20148.25,20148.0,20173.0,20123.0,20098.0,20073.0,20048.0,83.61311018131101,high_probability,-66.61311018131101,25.0,True,True,False,False,True,stop,20173.0,20173.25,-25.25,0.0,-25.25,-1.01,66.25,30.75,2.65,1.23,6,5.0,2,2025-03-07,2.445606694560669,2.9931892212022504,0.5656565656565656,partial_bullish,0.9768148318883236,1.8896053413819915,bearish,bearish,False,True,True,True,2025
199,152413,152414,152431,2025-03-07 15:13:00+00:00,2025-03-07 15:14:00+00:00,2025-03-07 15:31:00+00:00,short,20117.5,20117.0,20116.75,20141.75,20091.75,20066.75,20041.75,20016.75,78.90809987804995,near_trigger,-60.90809987804995,25.0,True,True,True,True,False,tp4,20016.75,20017.0,99.75,0.0,99.75,3.99,142.5,15.25,5.7,0.61,18,17.0,4,2025-03-07,1.423728813559322,0.3335117773019272,0.402375296912114,partial_bearish,1.1535160496652743,1.4030203911197716,bearish,bearish,True,False,True,False,2025
200,153755,153756,153761,2025-03-10 13:35:00+00:00,2025-03-10 13:36:00+00:00,2025-03-10 13:41:00+00:00,short,19849.75,19849.25,19849.0,19874.0,19824.0,19799.0,19774.0,19749.0,71.0,near_trigger,-38.75825635392221,25.0,True,False,False,False,True,stop,19874.0,19874.25,-25.25,0.0,-25.25,-1.01,43.0,37.5,1.72,1.5,6,5.0,1,2025-03-10,1.199438202247191,2.5075800112296465,0.4913169319826339,strong_bearish,2.6053282203945707,1.2891346681979328,bearish,bearish,False,True,True,False,2025
201,155162,155163,155164,2025-03-11 14:02:00+00:00,2025-03-11 14:03:00+00:00,2025-03-11 14:04:00+00:00,short,19458.5,19458.5,19458.25,19483.25,19433.25,19408.25,19383.25,19358.25,90.86666666666666,a_plus_plus,-69.86666666666666,25.0,True,True,True,True,False,tp4,19358.25,19358.5,99.75,0.0,99.75,3.99,104.75,21.75,4.19,0.87,2,1.0,4,2025-03-11,1.368791552600704,1.7906976744186047,0.6476299257567104,partial_bullish,1.382885140025611,1.588401941536474,bearish,bearish,True,True,True,False,2025
202,155169,155170,155174,2025-03-11 14:09:00+00:00,2025-03-11 14:10:00+00:00,2025-03-11 14:14:00+00:00,short,19525.25,19525.75,19525.5,19550.5,19500.5,19475.5,19450.5,19425.5,79.0,near_trigger,-50.476987791115214,25.0,True,True,True,True,False,tp4,19425.5,19425.75,99.75,0.0,99.75,3.99,102.5,10.0,4.1,0.4,5,4.0,4,2025-03-11,2.430286241920591,2.145472786556308,0.6476299257567104,partial_bullish,1.138707933156526,2.068359119226236,bearish,bearish,True,True,True,True,2025
203,155184,155185,155198,2025-03-11 14:24:00+00:00,2025-03-11 14:25:00+00:00,2025-03-11 14:38:00+00:00,short,19387.75,19388.5,19388.25,19413.25,19363.25,19338.25,19313.25,19288.25,71.87074648928308,near_trigger,-55.87074648928308,25.0,True,True,True,True,False,tp4,19288.25,19288.5,99.75,0.0,99.75,3.99,119.25,7.75,4.77,0.31,14,13.0,4,2025-03-11,1.6266075388026606,0.7314263011521653,0.1647431545598551,strong_bearish,1.2790426425305588,1.8320483155547016,bearish,bearish,False,False,True,False,2025
204,156500,156501,156501,2025-03-12 13:33:00+00:00,2025-03-12 13:34:00+00:00,2025-03-12 13:34:00+00:00,long,19754.0,19754.25,19754.5,19729.5,19779.5,19804.5,19829.5,19854.5,82.93146869786537,high_probability,61.93146869786537,25.0,False,False,False,False,True,stop,19729.5,19729.25,-25.25,0.0,-25.25,-1.01,18.75,30.25,0.75,1.21,1,0.0,0,2025-03-12,2.827250608272506,0.5268817204301075,2.5001871958068143,partial_bullish,4.241492785592883,1.3659019448002796,bullish,bullish,False,True,True,False,2025
205,156532,156533,156539,2025-03-12 14:05:00+00:00,2025-03-12 14:06:00+00:00,2025-03-12 14:12:00+00:00,long,19677.75,19677.5,19677.75,19652.75,19702.75,19727.75,19752.75,19777.75,81.75338363510882,high_probability,66.75338363510882,25.0,True,False,False,False,True,stop,19652.75,19652.5,-25.25,0.0,-25.25,-1.01,47.25,38.5,1.89,1.54,7,6.0,1,2025-03-12,1.2689713322091063,1.7665876777251186,0.1935483870967742,partial_bearish,0.9536507191578096,1.3961913536388266,bullish,bullish,True,False,True,False,2025
206,157904,157905,157910,2025-03-13 13:57:00+00:00,2025-03-13 13:58:00+00:00,2025-03-13 14:03:00+00:00,short,19361.0,19361.0,19360.75,19385.75,19335.75,19310.75,19285.75,19260.75,70.69316106804479,near_trigger,-61.69316106804479,25.0,True,False,False,False,True,stop,19385.75,19386.0,-25.25,0.0,-25.25,-1.01,36.75,61.75,1.47,2.47,6,5.0,1,2025-03-13,2.5757105943152454,3.496121167343923,0.7289780077619663,strong_bearish,1.4407571342778978,2.1370834708017155,bearish,bearish,True,True,False,False,2025
207,157918,157919,157919,2025-03-13 14:11:00+00:00,2025-03-13 14:12:00+00:00,2025-03-13 14:12:00+00:00,short,19405.5,19405.0,19404.75,19429.75,19379.75,19354.75,19329.75,19304.75,71.88729203539823,near_trigger,-34.88729203539823,25.0,False,False,False,False,True,stop,19429.75,19430.0,-25.25,0.0,-25.25,-1.01,1.75,57.75,0.07,2.31,1,0.0,0,2025-03-13,0.8827433628318584,0.6794435857805254,2.757750342935529,strong_bearish,1.1356391337533862,1.8980439241582872,bearish,bearish,True,False,False,False,2025
208,157935,157936,157937,2025-03-13 14:28:00+00:00,2025-03-13 14:29:00+00:00,2025-03-13 14:30:00+00:00,short,19489.25,19489.0,19488.75,19513.75,19463.75,19438.75,19413.75,19388.75,93.61843061791748,a_plus_plus,-84.61843061791747,25.0,False,False,False,False,True,stop,19513.75,19514.0,-25.25,0.0,-25.25,-1.01,18.5,42.75,0.74,1.71,2,1.0,0,2025-03-13,0.7453495830660679,2.6749661705006766,1.0391408114558474,partial_bearish,1.058533330155628,1.6094432264961136,bearish,bearish,True,True,True,True,2025
209,159257,159258,159264,2025-03-14 13:30:00+00:00,2025-03-14 13:31:00+00:00,2025-03-14 13:37:00+00:00,long,19486.0,19486.0,19486.25,19462.25,19511.25,19536.25,19561.25,19586.25,70.85534307482057,near_trigger,57.85534307482057,24.0,True,True,True,True,False,tp4,19586.25,19586.0,99.75,0.0,99.75,4.15625,111.25,2.5,4.635416666666667,0.1041666666666666,7,6.0,4,2025-03-14,1.099836333878887,2.013071895424837,0.4705882352941176,partial_bearish,6.845682358337155,0.9208489444282412,bullish,bullish,True,True,True,False,2025
210,159310,159311,159313,2025-03-14 14:23:00+00:00,2025-03-14 14:24:00+00:00,2025-03-14 14:26:00+00:00,long,19510.0,19510.0,19510.25,19485.25,19535.25,19560.25,19585.25,19610.25,72.03685117356711,near_trigger,72.03685117356711,25.0,False,False,False,False,True,stop,19485.25,19485.0,-25.25,0.0,-25.25,-1.01,12.75,27.5,0.51,1.1,3,2.0,0,2025-03-14,0.7070707070707071,2.1205059920106524,0.3063357282821685,partial_bearish,0.9090647000824535,1.2113156519868464,bullish,bullish,True,False,True,False,2025
211,160638,160639,160645,2025-03-17 13:31:00+00:00,2025-03-17 13:32:00+00:00,2025-03-17 13:38:00+00:00,long,19718.25,19717.5,19717.75,19692.75,19742.75,19767.75,19792.75,19817.75,86.28718566105881,high_probability,86.28718566105881,25.0,True,True,True,True,False,tp4,19817.75,19817.5,99.75,0.0,99.75,3.99,100.75,4.25,4.03,0.17,7,6.0,4,2025-03-17,0.7466666666666667,0.5858095815645845,0.7297297297297297,partial_bullish,6.112400733048259,0.5192365572426391,bullish,bullish,True,True,True,False,2025
212,162017,162018,162020,2025-03-18 13:30:00+00:00,2025-03-18 13:31:00+00:00,2025-03-18 13:33:00+00:00,short,19860.0,19861.0,19860.75,19885.75,19835.75,19810.75,19785.75,19760.75,81.82931216343752,high_probability,-80.82931216343752,25.0,False,False,False,False,True,stop,19885.75,19886.0,-25.25,0.0,-25.25,-1.01,8.5,27.75,0.34,1.11,3,2.0,0,2025-03-18,2.2790697674418605,0.1567164179104477,1.425800193986421,partial_bearish,6.4856151662753625,1.0274801532226725,bearish,bearish,False,True,True,False,2025
213,162021,162022,162031,2025-03-18 13:34:00+00:00,2025-03-18 13:35:00+00:00,2025-03-18 13:44:00+00:00,short,19843.75,19844.0,19843.75,19868.75,19818.75,19793.75,19768.75,19743.75,81.45615034329326,high_probability,-80.45615034329326,25.0,True,True,True,True,False,tp4,19743.75,19744.0,99.75,0.0,99.75,3.99,135.25,0.5,5.41,0.02,10,9.0,4,2025-03-18,2.7796917497733453,0.1567164179104477,1.425800193986421,partial_bearish,3.0821138681628013,0.9856645189135864,bearish,bearish,False,True,True,False,2025
214,162032,162033,162036,2025-03-18 13:45:00+00:00,2025-03-18 13:46:00+00:00,2025-03-18 13:49:00+00:00,short,19714.5,19713.75,19713.5,19738.5,19688.5,19663.5,19638.5,19613.5,74.0,near_trigger,-53.981784840270336,25.0,False,False,False,False,True,stop,19738.5,19738.75,-25.25,0.0,-25.25,-1.01,11.5,34.0,0.46,1.36,4,3.0,0,2025-03-18,1.7663911845730027,5.746268656716418,5.219183214687149,strong_bearish,1.7725995870985212,1.2621850562109145,bearish,bearish,False,True,True,False,2025
215,162037,162038,162097,2025-03-18 13:50:00+00:00,2025-03-18 13:51:00+00:00,2025-03-18 14:50:00+00:00,short,19717.5,19717.25,19717.0,19742.0,19692.0,19667.0,19642.0,19617.0,70.33305453860831,near_trigger,-70.33305453860831,25.0,True,True,True,False,False,max_holding_time,19685.0,19685.25,31.75,0.0,31.75,1.27,82.5,20.0,3.3,0.8,60,59.0,3,2025-03-18,0.0955631399317406,4.320825515947467,5.219183214687149,partial_bearish,0.7603479197827983,0.6551709393878312,bearish,bearish,False,True,True,False,2025
216,163409,163410,163412,2025-03-19 13:42:00+00:00,2025-03-19 13:43:00+00:00,2025-03-19 13:45:00+00:00,short,19719.5,19720.0,19719.75,19744.75,19694.75,19669.75,19644.75,19619.75,73.89671378140461,near_trigger,-37.89671378140461,25.0,False,False,False,False,True,stop,19744.75,19745.0,-25.25,0.0,-25.25,-1.01,13.25,25.0,0.53,1.0,3,2.0,0,2025-03-19,1.562363238512035,0.2532894736842105,0.7322780454232621,partial_bullish,2.4378206219153435,1.3396662524884098,neutral,bearish,True,True,True,False,2025
217,163413,163414,163420,2025-03-19 13:46:00+00:00,2025-03-19 13:47:00+00:00,2025-03-19 13:53:00+00:00,short,19783.5,19783.5,19783.25,19808.25,19758.25,19733.25,19708.25,19683.25,71.0,near_trigger,-42.17189409368636,25.0,False,False,False,False,True,stop,19808.25,19808.5,-25.25,0.0,-25.25,-1.01,16.5,27.75,0.66,1.11,7,6.0,0,2025-03-19,1.3876442634080108,1.2560386473429952,0.9328151027207108,partial_bearish,2.20077004631438,1.748394866528257,bearish,bearish,False,True,True,False,2025
218,163428,163429,163469,2025-03-19 14:01:00+00:00,2025-03-19 14:02:00+00:00,2025-03-19 14:42:00+00:00,long,19852.5,19853.0,19853.25,19828.25,19878.25,19903.25,19928.25,19953.25,74.59613483390163,near_trigger,71.59613483390163,25.0,True,False,False,False,True,stop,19828.25,19828.0,-25.25,0.0,-25.25,-1.01,46.75,27.25,1.87,1.09,41,40.0,1,2025-03-19,0.6465598491988689,1.539419087136929,1.5639639639639638,strong_bullish,0.8744253132606149,0.5683603841626139,bullish,bullish,False,True,True,False,2025
219,164780,164781,164807,2025-03-20 13:33:00+00:00,2025-03-20 13:34:00+00:00,2025-03-20 14:00:00+00:00,long,19864.5,19864.0,19864.25,19839.25,19889.25,19914.25,19939.25,19964.25,70.54404372785453,near_trigger,21.54404372785453,25.0,True,True,True,True,False,tp4,19964.25,19964.0,99.75,0.0,99.75,3.99,115.25,12.5,4.61,0.5,27,26.0,4,2025-03-20,4.288032454361055,0.9934162399414778,1.1524241367282877,partial_bearish,4.759397396518941,1.072540994863625,neutral,neutral,True,True,True,True,2025
220,164808,164809,164831,2025-03-20 14:01:00+00:00,2025-03-20 14:02:00+00:00,2025-03-20 14:24:00+00:00,long,19968.5,19968.5,19968.75,19943.75,19993.75,20018.75,20043.75,20068.75,77.0,near_trigger,69.04979963352547,25.0,True,True,True,True,False,tp4,20068.75,20068.5,99.75,0.0,99.75,3.99,103.5,1.5,4.14,0.06,23,22.0,4,2025-03-20,3.2351505288852724,1.8079470198675496,1.6986599058312204,strong_bullish,1.54759967453214,0.9065776930409916,bullish,bullish,True,True,True,False,2025
221,164836,164837,164842,2025-03-20 14:29:00+00:00,2025-03-20 14:30:00+00:00,2025-03-20 14:35:00+00:00,long,20055.0,20054.5,20054.75,20029.75,20079.75,20104.75,20129.75,20154.75,73.0,near_trigger,68.6533827824376,25.0,False,False,False,False,True,stop,20029.75,20029.5,-25.25,0.0,-25.25,-1.01,4.75,32.75,0.19,1.31,6,5.0,0,2025-03-20,0.3820422535211268,2.5796064400715566,3.3244626407369497,partial_bullish,0.8913525498891353,0.7527705428731933,bullish,bullish,True,True,True,False,2025
222,166157,166158,166175,2025-03-21 13:30:00+00:00,2025-03-21 13:31:00+00:00,2025-03-21 13:48:00+00:00,short,19693.5,19692.75,19692.5,19717.5,19667.5,19642.5,19617.5,19592.5,71.0,near_trigger,-38.00358018681297,25.0,True,True,True,False,True,stop,19717.5,19717.75,-25.25,0.0,-25.25,-1.01,85.5,25.5,3.42,1.02,18,17.0,3,2025-03-21,3.108454312553373,0.3672612801678909,3.964391691394659,partial_bearish,4.127450585725213,1.1216435748628442,bearish,bearish,False,True,True,False,2025
223,168930,168931,168988,2025-03-25 13:43:00+00:00,2025-03-25 13:44:00+00:00,2025-03-25 14:41:00+00:00,long,20375.25,20375.0,20375.25,20350.25,20400.25,20425.25,20450.25,20475.25,71.0,near_trigger,31.5344031406619,25.0,True,True,True,True,False,tp4,20475.25,20475.0,99.75,0.0,99.75,3.99,100.75,12.75,4.03,0.51,58,57.0,4,2025-03-25,1.0528200537153087,1.603585657370518,0.4577114427860697,strong_bearish,2.466326664051262,1.4212777181182763,bullish,bullish,False,True,True,False,2025
224,170346,170347,170380,2025-03-26 14:19:00+00:00,2025-03-26 14:20:00+00:00,2025-03-26 14:53:00+00:00,short,20277.5,20278.0,20277.75,20302.75,20252.75,20227.75,20202.75,20177.75,73.97737373737374,near_trigger,-59.97737373737374,25.0,True,True,False,False,True,stop,20302.75,20303.0,-25.25,0.0,-25.25,-1.01,51.75,35.0,2.07,1.4,34,33.0,2,2025-03-26,1.987878787878788,2.1487758945386064,4.591207680646791,strong_bearish,1.5001933470624735,1.5205126101738171,bearish,bearish,False,True,True,False,2025
225,171736,171737,171744,2025-03-27 14:29:00+00:00,2025-03-27 14:30:00+00:00,2025-03-27 14:37:00+00:00,short,20121.25,20120.5,20120.25,20145.25,20095.25,20070.25,20045.25,20020.25,71.0,near_trigger,-48.80776920879749,25.0,False,False,False,False,True,stop,20145.25,20145.5,-25.25,0.0,-25.25,-1.01,14.0,29.5,0.56,1.18,8,7.0,0,2025-03-27,2.627249357326478,0.2133828996282528,0.4808080808080808,partial_bullish,1.651972773638208,1.581321064619461,bearish,bearish,False,True,True,False,2025
226,173057,173058,173064,2025-03-28 13:30:00+00:00,2025-03-28 13:31:00+00:00,2025-03-28 13:37:00+00:00,short,19889.0,19889.0,19888.75,19913.75,19863.75,19838.75,19813.75,19788.75,81.60114317827222,high_probability,-68.60114317827222,25.0,True,False,False,False,True,stop,19913.75,19914.0,-25.25,0.0,-25.25,-1.01,49.25,31.25,1.97,1.25,7,6.0,1,2025-03-28,2.652278177458033,1.784795321637427,0.4836249439210408,partial_bearish,3.102660631952963,0.8135717296302049,bearish,bearish,False,True,True,True,2025
227,174454,174455,174456,2025-03-31 13:47:00+00:00,2025-03-31 13:48:00+00:00,2025-03-31 13:49:00+00:00,short,19009.75,19009.75,19009.5,19034.5,18984.5,18959.5,18934.5,18909.5,73.14840103322939,near_trigger,-65.14840103322939,25.0,False,False,False,False,True,stop,19034.5,19034.75,-25.25,0.0,-25.25,-1.01,13.5,26.0,0.54,1.04,2,1.0,0,2025-03-31,1.23768115942029,5.308500477554919,3.606293450420783,strong_bearish,0.7372198438680433,0.8355631667201827,bearish,bearish,False,True,True,False,2025
228,174457,174458,174458,2025-03-31 13:50:00+00:00,2025-03-31 13:51:00+00:00,2025-03-31 13:51:00+00:00,short,19035.25,19035.5,19035.25,19060.25,19010.25,18985.25,18960.25,18935.25,70.0,near_trigger,-42.48539538506566,25.0,False,False,False,False,True,stop,19060.25,19060.5,-25.25,0.0,-25.25,-1.01,6.75,30.5,0.27,1.22,1,0.0,0,2025-03-31,1.5289079229122058,4.137350465219318,3.606293450420783,partial_bearish,0.858811644352582,0.9641067087279293,bearish,bearish,False,True,True,False,2025
229,174459,174460,174461,2025-03-31 13:52:00+00:00,2025-03-31 13:53:00+00:00,2025-03-31 13:54:00+00:00,short,19054.75,19055.0,19054.75,19079.75,19029.75,19004.75,18979.75,18954.75,83.01464777514816,high_probability,-63.01464777514816,25.0,False,False,False,False,True,stop,19079.75,19080.0,-25.25,0.0,-25.25,-1.01,14.5,27.25,0.58,1.09,2,1.0,0,2025-03-31,1.3592233009708738,4.137350465219318,3.606293450420783,partial_bearish,0.8362058718649709,0.9706192785546258,bearish,bearish,True,True,True,False,2025
230,174483,174484,174501,2025-03-31 14:16:00+00:00,2025-03-31 14:17:00+00:00,2025-03-31 14:34:00+00:00,short,19114.75,19115.0,19114.75,19139.75,19089.75,19064.75,19039.75,19014.75,86.03107662285504,high_probability,-63.03107662285504,25.0,True,True,False,False,True,stop,19139.75,19140.0,-25.25,0.0,-25.25,-1.01,59.0,45.25,2.36,1.81,18,17.0,2,2025-03-31,1.0604515659140568,2.351456310679612,1.0377790497996564,partial_bearish,1.0591879778539417,1.08535246939637,bearish,bearish,True,True,True,False,2025
231,175871,175872,175875,2025-04-01 14:24:00+00:00,2025-04-01 14:25:00+00:00,2025-04-01 14:28:00+00:00,long,19335.25,19335.5,19335.75,19310.75,19360.75,19385.75,19410.75,19435.75,84.22421662336498,high_probability,65.22421662336498,25.0,True,False,False,False,True,stop,19310.75,19310.5,-25.25,0.0,-25.25,-1.01,25.5,26.75,1.02,1.07,4,3.0,1,2025-04-01,1.9324227174694464,2.2642151855635,1.5285245901639344,partial_bearish,1.0201452478686457,1.441086211818441,bullish,bullish,True,True,True,True,2025
232,177199,177200,177200,2025-04-02 13:32:00+00:00,2025-04-02 13:33:00+00:00,2025-04-02 13:33:00+00:00,short,19349.0,19347.75,19347.5,19368.5,19322.5,19297.5,19272.5,19247.5,85.19867415110551,high_probability,-84.19867415110551,21.0,False,False,False,False,True,stop,19368.5,19368.75,-21.25,0.0,-21.25,-1.011904761904762,2.25,47.75,0.1071428571428571,2.273809523809524,1,0.0,0,2025-04-02,1.036480686695279,1.1442307692307692,1.5974736842105264,partial_bearish,4.653779115829504,0.9611650485436892,bearish,bearish,True,True,True,False,2025
233,177221,177222,177223,2025-04-02 13:54:00+00:00,2025-04-02 13:55:00+00:00,2025-04-02 13:56:00+00:00,short,19530.75,19530.5,19530.25,19555.25,19505.25,19480.25,19455.25,19430.25,71.33401807226458,near_trigger,-57.33401807226458,25.0,False,False,False,False,True,stop,19555.25,19555.5,-25.25,0.0,-25.25,-1.01,5.0,27.75,0.2,1.11,2,1.0,0,2025-04-02,1.3002544529262086,5.7092866756393,3.4882154882154883,partial_bullish,0.7757562227927224,0.9618378715012282,bearish,bearish,True,False,False,False,2025
234,177235,177236,177247,2025-04-02 14:08:00+00:00,2025-04-02 14:09:00+00:00,2025-04-02 14:20:00+00:00,short,19551.0,19551.5,19551.25,19576.25,19526.25,19501.25,19476.25,19451.25,71.62231671025779,near_trigger,-59.62231671025779,25.0,True,True,False,False,True,stop,19576.25,19576.5,-25.25,0.0,-25.25,-1.01,59.75,29.5,2.39,1.18,12,11.0,2,2025-04-02,2.333333333333333,2.351341418596104,2.9549849949983327,partial_bullish,1.1522487158845611,1.18163620158097,bearish,bearish,True,True,False,False,2025
235,178587,178588,178588,2025-04-03 13:43:00+00:00,2025-04-03 13:44:00+00:00,2025-04-03 13:44:00+00:00,short,18964.25,18963.75,18963.5,18988.5,18938.5,18913.5,18888.5,18863.5,83.01835869523539,high_probability,-52.01835869523539,25.0,False,False,False,False,True,stop,18988.5,18988.75,-25.25,0.0,-25.25,-1.01,6.0,38.0,0.24,1.52,1,0.0,0,2025-04-03,1.7493251060547628,3.2685185185185186,1.7926600589338333,partial_bearish,0.6503688743022245,0.6323771078668694,bearish,bearish,True,True,True,False,2025
236,178591,178592,178592,2025-04-03 13:47:00+00:00,2025-04-03 13:48:00+00:00,2025-04-03 13:48:00+00:00,short,18953.25,18953.0,18952.75,18977.75,18927.75,18902.75,18877.75,18852.75,76.8882802398766,near_trigger,-62.88828023987659,25.0,False,False,False,False,True,stop,18977.75,18978.0,-25.25,0.0,-25.25,-1.01,9.0,28.75,0.36,1.15,1,0.0,0,2025-04-03,1.10761378136963,1.8666666666666665,0.1587071876507477,partial_bullish,0.714968132026332,0.7895364381977815,bearish,bearish,True,True,True,False,2025
237,178607,178608,178612,2025-04-03 14:03:00+00:00,2025-04-03 14:04:00+00:00,2025-04-03 14:08:00+00:00,short,18926.0,18926.0,18925.75,18950.75,18900.75,18875.75,18850.75,18825.75,74.45918039422216,near_trigger,-59.45918039422216,25.0,True,False,False,False,True,stop,18950.75,18951.0,-25.25,0.0,-25.25,-1.01,34.75,26.5,1.39,1.06,5,4.0,1,2025-04-03,1.6967880085653106,0.9679012345679012,0.9015757022151176,partial_bearish,1.150343912869738,0.8708188786839243,bearish,bearish,False,True,True,False,2025
238,179983,179984,179990,2025-04-04 13:59:00+00:00,2025-04-04 14:00:00+00:00,2025-04-04 14:06:00+00:00,short,18195.0,18194.75,18194.5,18219.5,18169.5,18144.5,18119.5,18094.5,70.61443313787815,near_trigger,-61.61443313787815,25.0,True,True,True,True,False,tp4,18094.5,18094.75,99.75,0.0,99.75,3.99,105.5,6.0,4.22,0.24,7,6.0,4,2025-04-04,1.6295369211514394,0.5784413990591123,0.7225042301184433,partial_bearish,0.8692266710380722,1.3593539703903097,bearish,neutral,True,True,True,False,2025
239,179996,179997,179997,2025-04-04 14:12:00+00:00,2025-04-04 14:13:00+00:00,2025-04-04 14:13:00+00:00,short,17983.25,17983.0,17982.75,18007.75,17957.75,17932.75,17907.75,17882.75,70.8606058658287,near_trigger,-70.8606058658287,25.0,False,False,False,False,True,stop,18007.75,18008.0,-25.25,0.0,-25.25,-1.01,5.75,26.0,0.23,1.04,1,0.0,0,2025-04-04,2.7315634218289087,0.17,0.0309734513274336,partial_bearish,1.2905554945141189,1.2389713915447964,bearish,bearish,False,True,True,False,2025
240,180013,180014,180014,2025-04-04 14:29:00+00:00,2025-04-04 14:30:00+00:00,2025-04-04 14:30:00+00:00,short,17915.5,17916.0,17915.75,17940.75,17890.75,17865.75,17840.75,17815.75,77.13278714712575,near_trigger,-74.13278714712575,25.0,False,False,False,False,True,stop,17940.75,17941.0,-25.25,0.0,-25.25,-1.01,7.75,52.75,0.31,2.11,1,0.0,0,2025-04-04,1.5604494382022474,2.02124128775307,1.2566619915848527,strong_bearish,1.1666884198727054,1.4444317706551082,bearish,bearish,False,True,True,False,2025
241,181351,181352,181352,2025-04-07 13:47:00+00:00,2025-04-07 13:48:00+00:00,2025-04-07 13:48:00+00:00,long,16897.0,16897.25,16897.5,16872.5,16922.5,16947.5,16972.5,16997.5,91.2082314170922,a_plus_plus,63.20823141709221,25.0,False,False,False,False,True,stop,16872.5,16872.25,-25.25,0.0,-25.25,-1.01,41.5,44.75,1.66,1.79,1,0.0,0,2025-04-07,2.4928821470245044,2.918928029664588,2.4057853747345,partial_bearish,1.0577712825915797,1.328457910350077,bullish,bullish,True,True,True,True,2025
242,181353,181354,181355,2025-04-07 13:49:00+00:00,2025-04-07 13:50:00+00:00,2025-04-07 13:51:00+00:00,long,16919.0,16918.75,16919.0,16894.0,16944.0,16969.0,16994.0,17019.0,78.0,near_trigger,44.469577000954295,25.0,True,True,True,True,False,tp4,17019.0,17018.75,99.75,0.0,99.75,3.99,109.5,13.5,4.38,0.54,2,1.0,4,2025-04-07,2.1749822653109483,2.918928029664588,2.4057853747345,partial_bearish,0.8901041051150098,1.282726160801375,bullish,bullish,True,True,True,True,2025
243,181356,181357,181357,2025-04-07 13:52:00+00:00,2025-04-07 13:53:00+00:00,2025-04-07 13:53:00+00:00,long,17066.5,17066.5,17066.75,17041.75,17091.75,17116.75,17141.75,17166.75,84.72691263630637,high_probability,77.72691263630637,25.0,False,False,False,False,True,stop,17041.75,17041.5,-25.25,0.0,-25.25,-1.01,33.75,36.75,1.35,1.47,1,0.0,0,2025-04-07,2.128251121076233,0.7205266307600239,2.4057853747345,partial_bearish,1.103350711272956,1.4983527938466354,bullish,bullish,True,True,True,True,2025
244,181358,181359,181359,2025-04-07 13:54:00+00:00,2025-04-07 13:55:00+00:00,2025-04-07 13:55:00+00:00,long,17120.0,17120.25,17120.5,17095.5,17145.5,17170.5,17195.5,17220.5,73.24420447963055,near_trigger,73.24420447963055,25.0,False,False,False,False,True,stop,17095.5,17095.25,-25.25,0.0,-25.25,-1.01,29.5,43.25,1.18,1.73,1,0.0,0,2025-04-07,2.7554467564259486,0.7205266307600239,2.4057853747345,partial_bearish,0.9285684698865048,1.2671607939008966,bullish,bullish,False,True,True,False,2025
245,181360,181361,181363,2025-04-07 13:56:00+00:00,2025-04-07 13:57:00+00:00,2025-04-07 13:59:00+00:00,long,17165.0,17165.25,17165.5,17140.5,17190.5,17215.5,17240.5,17265.5,74.55562844595009,near_trigger,74.55562844595009,25.0,True,True,True,True,False,tp4,17265.5,17265.25,99.75,0.0,99.75,3.99,131.5,6.5,5.26,0.26,3,2.0,4,2025-04-07,2.3641509433962264,1.4692307692307691,2.4057853747345,partial_bullish,0.8082789338727308,1.203684686946137,bullish,bullish,False,True,True,False,2025
246,181375,181376,181376,2025-04-07 14:11:00+00:00,2025-04-07 14:12:00+00:00,2025-04-07 14:12:00+00:00,long,17720.25,17720.25,17720.5,17695.5,17745.5,17770.5,17795.5,17820.5,76.46666666666667,near_trigger,55.46666666666667,25.0,False,False,False,False,True,stop,17695.5,17695.25,-25.25,0.0,-25.25,-1.01,136.5,105.75,5.46,4.23,1,0.0,0,2025-04-07,4.039096730704416,3.6049288617886175,0.8745544050246138,strong_bullish,2.554762079024686,3.627079142884711,bullish,bullish,True,True,False,False,2025
247,181381,181382,181382,2025-04-07 14:17:00+00:00,2025-04-07 14:18:00+00:00,2025-04-07 14:18:00+00:00,long,18318.25,18320.25,18320.5,18295.5,18345.5,18370.5,18395.5,18420.5,77.11937503167042,near_trigger,71.11937503167042,25.0,False,False,False,False,True,stop,18295.5,18295.25,-25.25,0.0,-25.25,-1.01,5.75,324.75,0.23,12.99,1,0.0,0,2025-04-07,2.90637514882563,5.254277179324704,3.00830383882385,strong_bullish,1.3503407217889738,3.0501222493887528,bullish,bullish,True,True,False,False,2025
248,182744,182745,182787,2025-04-08 14:00:00+00:00,2025-04-08 14:01:00+00:00,2025-04-08 14:43:00+00:00,long,18264.25,18264.25,18264.5,18239.5,18289.5,18314.5,18339.5,18364.5,72.0042002427204,near_trigger,57.0042002427204,25.0,True,True,True,False,True,stop,18239.5,18239.25,-25.25,0.0,-25.25,-1.01,92.75,28.0,3.71,1.12,43,42.0,3,2025-04-08,1.1115311909262762,0.9526717557251908,2.918212329977036,strong_bullish,1.343051940601354,1.120990342547229,bullish,bullish,False,True,True,True,2025
249,184090,184091,184091,2025-04-09 13:38:00+00:00,2025-04-09 13:39:00+00:00,2025-04-09 13:39:00+00:00,long,17372.75,17374.75,17375.0,17350.0,17400.0,17425.0,17450.0,17475.0,75.15942304433119,near_trigger,30.15942304433119,25.0,False,False,False,False,True,stop,17350.0,17349.75,-25.25,0.0,-25.25,-1.01,69.0,32.5,2.76,1.3,1,0.0,0,2025-04-09,0.6802507836990596,0.8012718600953894,1.3538393449878292,strong_bullish,2.095175470641241,1.1194826150322714,neutral,bullish,True,True,True,False,2025
250,184092,184093,184095,2025-04-09 13:40:00+00:00,2025-04-09 13:41:00+00:00,2025-04-09 13:43:00+00:00,long,17476.25,17477.5,17477.75,17452.75,17502.75,17527.75,17552.75,17577.75,77.25613685832502,near_trigger,40.25613685832502,25.0,True,True,True,False,True,stop,17452.75,17452.5,-25.25,0.0,-25.25,-1.01,76.0,57.75,3.04,2.31,3,2.0,3,2025-04-09,2.2188679245283023,2.2697345132743365,1.3538393449878292,strong_bullish,2.0096569250317664,1.2835245310947938,neutral,bullish,True,True,True,False,2025
251,184096,184097,184097,2025-04-09 13:44:00+00:00,2025-04-09 13:45:00+00:00,2025-04-09 13:45:00+00:00,short,17366.75,17366.25,17366.0,17391.0,17341.0,17316.0,17291.0,17266.0,71.0447270328218,near_trigger,-32.0447270328218,25.0,False,False,False,False,True,stop,17391.0,17391.25,-25.25,0.0,-25.25,-1.01,36.0,47.75,1.44,1.91,1,0.0,0,2025-04-09,0.7784137367130007,2.2697345132743365,1.3538393449878292,partial_bullish,1.403461027422479,1.197849418290875,neutral,bearish,True,False,True,False,2025
252,185463,185464,185464,2025-04-10 13:31:00+00:00,2025-04-10 13:32:00+00:00,2025-04-10 13:32:00+00:00,short,18750.75,18750.0,18749.75,18774.75,18724.75,18699.75,18674.75,18649.75,73.82525888386398,near_trigger,-64.82525888386398,25.0,False,False,False,False,True,stop,18774.75,18775.0,-25.25,0.0,-25.25,-1.01,8.0,93.25,0.32,3.73,1,0.0,0,2025-04-10,3.2642487046632125,0.4325932707713436,0.6463906192744595,strong_bearish,3.846465854023013,1.02368020362248,bearish,bearish,True,True,False,False,2025
253,185472,185473,185473,2025-04-10 13:40:00+00:00,2025-04-10 13:41:00+00:00,2025-04-10 13:41:00+00:00,short,18736.75,18736.0,18735.75,18760.75,18710.75,18685.75,18660.75,18635.75,73.57313504092251,near_trigger,-69.57313504092251,25.0,False,False,False,False,True,stop,18760.75,18761.0,-25.25,0.0,-25.25,-1.01,13.5,49.25,0.54,1.97,1,0.0,0,2025-04-10,1.043991416309013,0.2946771908520542,0.6463906192744595,strong_bearish,1.698337169575674,1.0711123841266534,bearish,bearish,False,True,True,False,2025
254,185474,185475,185475,2025-04-10 13:42:00+00:00,2025-04-10 13:43:00+00:00,2025-04-10 13:43:00+00:00,short,18704.25,18704.5,18704.25,18729.25,18679.25,18654.25,18629.25,18604.25,74.89653366835735,near_trigger,-70.89653366835735,25.0,False,False,False,False,True,stop,18729.25,18729.5,-25.25,0.0,-25.25,-1.01,25.0,34.0,1.0,1.36,1,0.0,0,2025-04-10,0.6870942612308492,0.2946771908520542,0.6463906192744595,strong_bearish,1.6369582992641047,1.2857418098004096,bearish,bearish,False,True,True,False,2025
255,185492,185493,185495,2025-04-10 14:00:00+00:00,2025-04-10 14:01:00+00:00,2025-04-10 14:03:00+00:00,short,18647.25,18646.25,18646.0,18671.0,18621.0,18596.0,18571.0,18546.0,73.87816047102402,near_trigger,-70.87816047102402,25.0,True,True,False,False,True,stop,18671.0,18671.25,-25.25,0.0,-25.25,-1.01,57.75,27.25,2.31,1.09,3,2.0,2,2025-04-10,1.3670179789212649,1.7913496195434522,1.222401549386701,strong_bearish,1.0951262895766631,0.7771657081690255,bearish,bearish,False,True,True,True,2025
256,186871,186872,186872,2025-04-11 13:59:00+00:00,2025-04-11 14:00:00+00:00,2025-04-11 14:00:00+00:00,short,18550.25,18550.0,18549.75,18574.75,18524.75,18499.75,18474.75,18449.75,70.50106016357567,near_trigger,-35.50106016357567,25.0,False,False,False,False,True,stop,18574.75,18575.0,-25.25,0.0,-25.25,-1.01,45.5,36.75,1.82,1.47,1,0.0,0,2025-04-11,1.4940517844646606,2.300775193798449,0.3048615800135044,partial_bearish,0.4708997368994352,0.6005171713717864,neutral,bearish,True,False,True,False,2025
257,188224,188225,188227,2025-04-14 13:32:00+00:00,2025-04-14 13:33:00+00:00,2025-04-14 13:35:00+00:00,long,19197.25,19196.5,19196.75,19171.75,19221.75,19246.75,19271.75,19296.75,80.17668677913105,high_probability,60.176686779131046,25.0,False,False,False,False,True,stop,19171.75,19171.5,-25.25,0.0,-25.25,-1.01,24.75,48.5,0.99,1.94,3,2.0,0,2025-04-14,2.883468834688347,1.4131218457101655,2.413793103448276,partial_bullish,4.489560039196965,1.070792906925875,bullish,bullish,False,True,True,True,2025
258,188245,188246,188246,2025-04-14 13:53:00+00:00,2025-04-14 13:54:00+00:00,2025-04-14 13:54:00+00:00,long,19095.75,19095.75,19096.0,19071.0,19121.0,19146.0,19171.0,19196.0,84.35724880165641,high_probability,69.35724880165641,25.0,False,False,False,False,True,stop,19071.0,19070.75,-25.25,0.0,-25.25,-1.01,12.75,29.75,0.51,1.19,1,0.0,0,2025-04-14,0.9433650268706076,3.494565217391304,1.3624429223744292,partial_bearish,1.0327675377076937,1.210773376604561,bullish,bullish,True,True,True,False,2025
259,188247,188248,188248,2025-04-14 13:55:00+00:00,2025-04-14 13:56:00+00:00,2025-04-14 13:56:00+00:00,long,19091.75,19092.5,19092.75,19067.75,19117.75,19142.75,19167.75,19192.75,73.0,near_trigger,66.65611843457279,25.0,False,False,False,False,True,stop,19067.75,19067.5,-25.25,0.0,-25.25,-1.01,5.0,42.0,0.2,1.68,1,0.0,0,2025-04-14,0.2455089820359281,2.781758957654723,1.3624429223744292,partial_bearish,0.6593662342752852,0.8684219017197431,bullish,bullish,True,True,True,False,2025
260,188255,188256,188261,2025-04-14 14:03:00+00:00,2025-04-14 14:04:00+00:00,2025-04-14 14:09:00+00:00,long,19135.0,19135.75,19136.0,19111.0,19161.0,19186.0,19211.0,19236.0,70.0667134502924,near_trigger,37.0667134502924,25.0,True,False,False,False,True,stop,19111.0,19110.75,-25.25,0.0,-25.25,-1.01,41.25,30.75,1.65,1.23,6,5.0,1,2025-04-14,1.6210526315789473,2.635406048250085,1.782949790794979,partial_bearish,1.4260055516246666,1.610511352721964,neutral,bullish,False,True,True,False,2025
261,189614,189615,189616,2025-04-15 13:42:00+00:00,2025-04-15 13:43:00+00:00,2025-04-15 13:44:00+00:00,long,19080.5,19080.5,19080.75,19055.75,19105.75,19130.75,19155.75,19180.75,72.47841730996855,near_trigger,38.47841730996855,25.0,False,False,False,False,True,stop,19055.75,19055.5,-25.25,0.0,-25.25,-1.01,6.0,28.0,0.24,1.12,2,1.0,0,2025-04-15,2.0199370409234,3.063197026022305,1.5350639287098025,strong_bullish,1.5139130893922594,0.9821599846537504,neutral,bullish,False,True,True,False,2025
262,189620,189621,189630,2025-04-15 13:48:00+00:00,2025-04-15 13:49:00+00:00,2025-04-15 13:58:00+00:00,long,19098.75,19098.5,19098.75,19073.75,19123.75,19148.75,19173.75,19198.75,78.85812836044359,near_trigger,78.85812836044359,25.0,False,False,False,False,True,stop,19073.75,19073.5,-25.25,0.0,-25.25,-1.01,19.0,33.25,0.76,1.33,10,9.0,0,2025-04-15,1.0604861503674392,3.357142857142857,4.104863746119351,strong_bullish,1.0885233936317569,0.9666632293799624,bullish,bullish,False,True,True,False,2025
263,190984,190985,190990,2025-04-16 13:32:00+00:00,2025-04-16 13:33:00+00:00,2025-04-16 13:38:00+00:00,short,18644.5,18644.25,18644.0,18669.0,18619.0,18594.0,18569.0,18544.0,72.0,near_trigger,-21.569461154725214,25.0,True,False,False,False,True,stop,18669.0,18669.25,-25.25,0.0,-25.25,-1.01,32.0,34.75,1.28,1.39,6,5.0,1,2025-04-16,2.1557305336832897,1.630012936610608,2.5448997384481253,partial_bearish,2.952771272443404,0.8780074511670013,bearish,bearish,True,True,True,False,2025
264,190997,190998,191001,2025-04-16 13:45:00+00:00,2025-04-16 13:46:00+00:00,2025-04-16 13:49:00+00:00,short,18607.0,18606.75,18606.5,18631.5,18581.5,18556.5,18531.5,18506.5,86.35189657130059,high_probability,-55.351896571300585,25.0,False,False,False,False,True,stop,18631.5,18631.75,-25.25,0.0,-25.25,-1.01,22.5,27.25,0.9,1.09,4,3.0,0,2025-04-16,1.4254545454545453,0.8289473684210527,1.336795844986017,partial_bearish,1.3795319264069263,1.0710393992306582,bearish,bearish,True,True,True,False,2025
265,191004,191005,191010,2025-04-16 13:52:00+00:00,2025-04-16 13:53:00+00:00,2025-04-16 13:58:00+00:00,short,18557.25,18557.5,18557.25,18582.25,18532.25,18507.25,18482.25,18457.25,73.44400078968529,near_trigger,-58.44400078968529,25.0,False,False,False,False,True,stop,18582.25,18582.5,-25.25,0.0,-25.25,-1.01,23.25,25.75,0.93,1.03,6,5.0,0,2025-04-16,1.6213086276780544,0.2340713962946226,1.336795844986017,strong_bearish,1.0420966845147877,1.0444354537057534,bearish,bearish,False,True,True,False,2025
266,191018,191019,191020,2025-04-16 14:06:00+00:00,2025-04-16 14:07:00+00:00,2025-04-16 14:08:00+00:00,short,18575.75,18575.5,18575.25,18600.25,18550.25,18525.25,18500.25,18475.25,70.0,near_trigger,-62.77133363278012,25.0,False,False,False,False,True,stop,18600.25,18600.5,-25.25,0.0,-25.25,-1.01,5.5,27.5,0.22,1.1,2,1.0,0,2025-04-16,1.990726429675425,2.368810916179337,2.534695315251849,partial_bearish,0.9345663932995988,0.8883507625453008,bearish,bearish,False,True,True,False,2025
267,195122,195123,195137,2025-04-22 13:30:00+00:00,2025-04-22 13:31:00+00:00,2025-04-22 13:45:00+00:00,long,18114.0,18114.0,18114.25,18089.25,18139.25,18164.25,18189.25,18214.25,79.0,near_trigger,47.07736450197535,25.0,True,True,True,True,False,tp4,18214.25,18214.0,99.75,0.0,99.75,3.99,129.25,14.0,5.17,0.56,15,14.0,4,2025-04-22,3.079563182527301,0.6908358509566969,2.695059625212947,partial_bullish,9.55980144235272,1.1149707793981103,bullish,bullish,True,True,True,True,2025
268,195162,195163,195165,2025-04-22 14:10:00+00:00,2025-04-22 14:11:00+00:00,2025-04-22 14:13:00+00:00,long,18303.5,18303.5,18303.75,18278.75,18328.75,18353.75,18378.75,18403.75,81.21608235709179,high_probability,73.21608235709179,25.0,False,False,False,False,True,stop,18278.75,18278.5,-25.25,0.0,-25.25,-1.01,2.0,36.0,0.08,1.44,3,2.0,0,2025-04-22,2.9809885931558937,2.2202957674655788,3.8797468354430378,strong_bullish,1.197108678192501,0.8197350044503622,bullish,bullish,False,True,True,False,2025
269,196503,196504,196507,2025-04-23 13:31:00+00:00,2025-04-23 13:32:00+00:00,2025-04-23 13:35:00+00:00,long,18981.0,18981.5,18981.75,18956.75,19006.75,19031.75,19056.75,19081.75,70.90044133859277,near_trigger,49.90044133859277,25.0,True,False,False,False,True,stop,18956.75,18956.5,-25.25,0.0,-25.25,-1.01,25.5,29.5,1.02,1.18,4,3.0,1,2025-04-23,2.543741588156124,0.0975987606506584,1.2309058614564832,partial_bullish,4.107271730030888,0.7816637549307226,bullish,bullish,True,True,True,False,2025
270,196508,196509,196509,2025-04-23 13:36:00+00:00,2025-04-23 13:37:00+00:00,2025-04-23 13:37:00+00:00,long,18926.25,18927.0,18927.25,18902.25,18952.25,18977.25,19002.25,19027.25,79.0,near_trigger,44.31348458337364,25.0,True,True,True,True,False,tp4,19027.25,19027.0,99.75,0.0,99.75,3.99,160.75,10.25,6.43,0.41,1,0.0,4,2025-04-23,2.484602917341977,2.8746666666666667,1.2309058614564832,partial_bullish,2.970018068783878,1.2097548805588474,bullish,bullish,True,True,True,True,2025
271,196510,196511,196511,2025-04-23 13:38:00+00:00,2025-04-23 13:39:00+00:00,2025-04-23 13:39:00+00:00,long,19040.25,19040.5,19040.75,19015.75,19065.75,19090.75,19115.75,19140.75,77.0,near_trigger,60.01832218733031,25.0,False,False,False,False,True,stop,19015.75,19015.5,-25.25,0.0,-25.25,-1.01,7.0,74.0,0.28,2.96,1,0.0,0,2025-04-23,0.9147221043699618,2.8746666666666667,1.2309058614564832,strong_bullish,3.460010477604121,2.129480358966092,bullish,bullish,True,True,True,False,2025
272,196512,196513,196513,2025-04-23 13:40:00+00:00,2025-04-23 13:41:00+00:00,2025-04-23 13:41:00+00:00,long,19006.0,19005.75,19006.0,18981.0,19031.0,19056.0,19081.0,19106.0,83.52764893135104,high_probability,74.52764893135104,25.0,False,False,False,False,True,stop,18981.0,18980.75,-25.25,0.0,-25.25,-1.01,55.5,26.0,2.22,1.04,1,0.0,0,2025-04-23,1.0193457615195216,2.0387736699729486,1.2309058614564832,strong_bullish,1.5872002209239109,1.156911464066677,bullish,bullish,True,True,True,False,2025
273,196555,196556,196568,2025-04-23 14:23:00+00:00,2025-04-23 14:24:00+00:00,2025-04-23 14:36:00+00:00,long,19060.75,19060.0,19060.25,19035.25,19085.25,19110.25,19135.25,19160.25,92.04384766142276,a_plus_plus,63.043847661422745,25.0,True,True,True,True,False,tp4,19160.25,19160.0,99.75,0.0,99.75,3.99,105.5,19.25,4.22,0.77,13,12.0,4,2025-04-23,2.0469973890339426,0.2348555452003728,1.456561922365989,partial_bullish,1.3922439283530623,1.1036071825838234,bullish,bullish,True,True,True,True,2025
274,197883,197884,197884,2025-04-24 13:31:00+00:00,2025-04-24 13:32:00+00:00,2025-04-24 13:32:00+00:00,long,18892.75,18893.0,18893.25,18868.25,18918.25,18943.25,18968.25,18993.25,81.80107435241858,high_probability,60.80107435241858,25.0,False,False,False,False,True,stop,18868.25,18868.0,-25.25,0.0,-25.25,-1.01,1.0,32.5,0.04,1.3,1,0.0,0,2025-04-24,2.87221570926143,1.1694510739856805,1.3694016481547833,strong_bullish,7.370823145884271,1.0010072053924228,bullish,bullish,False,True,True,False,2025
275,197890,197891,197898,2025-04-24 13:38:00+00:00,2025-04-24 13:39:00+00:00,2025-04-24 13:46:00+00:00,long,18884.25,18885.0,18885.25,18860.25,18910.25,18935.25,18960.25,18985.25,77.0,near_trigger,63.000091297447625,25.0,True,True,True,True,False,tp4,18985.25,18985.0,99.75,0.0,99.75,3.99,104.0,8.0,4.16,0.32,8,7.0,4,2025-04-24,0.6591707659873507,1.9041986989946773,1.3694016481547833,strong_bullish,2.35191637630662,1.0273652167946454,bullish,bullish,True,True,True,False,2025
276,197903,197904,197920,2025-04-24 13:51:00+00:00,2025-04-24 13:52:00+00:00,2025-04-24 14:08:00+00:00,long,18994.75,18994.5,18994.75,18969.75,19019.75,19044.75,19069.75,19094.75,76.803540610574,near_trigger,68.803540610574,25.0,True,True,True,True,False,tp4,19094.75,19094.5,99.75,0.0,99.75,3.99,111.5,4.0,4.46,0.16,17,16.0,4,2025-04-24,0.7912584777694046,3.5728777362520026,2.7495170637475854,strong_bullish,0.6307795856256585,0.5935604678539712,bullish,bullish,False,False,True,False,2025
277,197922,197923,197948,2025-04-24 14:10:00+00:00,2025-04-24 14:11:00+00:00,2025-04-24 14:36:00+00:00,long,19061.0,19061.0,19061.25,19036.25,19086.25,19111.25,19136.25,19161.25,76.0,near_trigger,66.74693518976503,25.0,True,True,True,True,False,tp4,19161.25,19161.0,99.75,0.0,99.75,3.99,110.0,11.75,4.4,0.47,26,25.0,4,2025-04-24,0.9936305732484076,3.5476839237057223,3.140792136455623,partial_bullish,1.6731606257008724,1.2997482595952958,bullish,bullish,False,False,True,False,2025
278,199264,199265,199265,2025-04-25 13:32:00+00:00,2025-04-25 13:33:00+00:00,2025-04-25 13:33:00+00:00,short,19262.75,19263.0,19262.75,19287.75,19237.75,19212.75,19187.75,19162.75,93.98589118312898,a_plus_plus,-56.98589118312898,25.0,False,False,False,False,True,stop,19287.75,19288.0,-25.25,0.0,-25.25,-1.01,0.0,46.75,0.0,1.87,1,0.0,0,2025-04-25,2.8918590522478738,1.7075295581829495,0.627378759975445,partial_bullish,5.598929830961937,1.0492729841834176,bearish,bearish,True,True,True,True,2025
279,199266,199267,199267,2025-04-25 13:34:00+00:00,2025-04-25 13:35:00+00:00,2025-04-25 13:35:00+00:00,short,19326.5,19326.5,19326.25,19351.25,19301.25,19276.25,19251.25,19226.25,79.0,near_trigger,-52.6085118795022,25.0,False,False,False,False,True,stop,19351.25,19351.5,-25.25,0.0,-25.25,-1.01,0.0,26.5,0.0,1.06,1,0.0,0,2025-04-25,1.2872037914691945,1.7075295581829495,0.627378759975445,strong_bullish,3.4218044801457497,1.0724111082273553,bearish,bearish,True,True,True,True,2025
280,199268,199269,199283,2025-04-25 13:36:00+00:00,2025-04-25 13:37:00+00:00,2025-04-25 13:51:00+00:00,short,19353.75,19353.5,19353.25,19378.25,19328.25,19303.25,19278.25,19253.25,70.0,near_trigger,-37.36589687843357,25.0,True,True,True,True,False,tp4,19253.25,19253.5,99.75,0.0,99.75,3.99,107.75,10.0,4.31,0.4,15,14.0,4,2025-04-25,2.9089403973509933,2.2747909199522103,0.627378759975445,strong_bullish,2.4106758501937158,0.9682299546142208,bearish,neutral,True,True,True,True,2025
281,199314,199315,199316,2025-04-25 14:22:00+00:00,2025-04-25 14:23:00+00:00,2025-04-25 14:24:00+00:00,short,19271.5,19271.25,19271.0,19296.0,19246.0,19221.0,19196.0,19171.0,73.71191307722157,near_trigger,-55.71191307722157,25.0,False,False,False,False,True,stop,19296.0,19296.25,-25.25,0.0,-25.25,-1.01,18.25,34.5,0.73,1.38,2,1.0,0,2025-04-25,4.0011641443539,2.11340206185567,2.235390946502058,partial_bullish,2.052889815496998,1.9912570798646747,bearish,bearish,False,True,False,False,2025
282,200647,200648,200648,2025-04-28 13:35:00+00:00,2025-04-28 13:36:00+00:00,2025-04-28 13:36:00+00:00,long,19516.0,19516.25,19516.5,19491.5,19541.5,19566.5,19591.5,19616.5,76.91940851494022,near_trigger,36.919408514940216,25.0,False,False,False,False,True,stop,19491.5,19491.25,-25.25,0.0,-25.25,-1.01,6.0,33.75,0.24,1.35,1,0.0,0,2025-04-28,2.4432809773123907,2.544358311800172,2.1363088057901085,partial_bearish,3.281106653954777,1.040828554309681,bullish,bullish,True,True,False,False,2025
283,202057,202058,202058,2025-04-29 14:05:00+00:00,2025-04-29 14:06:00+00:00,2025-04-29 14:06:00+00:00,short,19570.25,19570.25,19570.0,19595.0,19545.0,19520.0,19495.0,19470.0,71.0,near_trigger,-22.22724960639458,25.0,False,False,False,False,True,stop,19595.0,19595.25,-25.25,0.0,-25.25,-1.01,1.0,31.0,0.04,1.24,1,0.0,0,2025-04-29,3.1782729805013927,2.532423208191126,0.5231402125471375,partial_bullish,2.261673818901495,1.782919991040603,bearish,bearish,False,False,True,False,2025
284,202061,202062,202108,2025-04-29 14:09:00+00:00,2025-04-29 14:10:00+00:00,2025-04-29 14:56:00+00:00,short,19575.0,19575.5,19575.25,19600.25,19550.25,19525.25,19500.25,19475.25,72.43867710800343,near_trigger,-43.43867710800343,25.0,True,True,True,False,True,stop,19600.25,19600.5,-25.25,0.0,-25.25,-1.01,99.25,32.75,3.97,1.31,47,46.0,3,2025-04-29,1.2463768115942029,2.532423208191126,0.5231402125471375,partial_bullish,0.8105861928859011,0.8315019702940285,bearish,bearish,False,False,True,False,2025
285,203409,203410,203429,2025-04-30 13:37:00+00:00,2025-04-30 13:38:00+00:00,2025-04-30 13:57:00+00:00,short,19224.25,19224.0,19223.75,19248.75,19198.75,19173.75,19148.75,19123.75,71.76633174610272,near_trigger,-70.76633174610272,25.0,True,True,True,True,False,tp4,19123.75,19124.0,99.75,0.0,99.75,3.99,108.75,14.5,4.35,0.58,20,19.0,4,2025-04-30,1.5636838667537556,1.112927191679049,3.76482617586912,partial_bearish,2.600823249972019,1.3177991733037604,bearish,bearish,True,True,True,False,2025
286,204782,204783,204803,2025-05-01 13:30:00+00:00,2025-05-01 13:31:00+00:00,2025-05-01 13:51:00+00:00,short,19961.25,19961.0,19960.75,19985.75,19935.75,19910.75,19885.75,19860.75,76.7838039047094,near_trigger,-27.7838039047094,25.0,True,True,False,False,True,stop,19985.75,19986.0,-25.25,0.0,-25.25,-1.01,72.25,37.25,2.89,1.49,21,20.0,2,2025-05-01,2.0302114803625377,1.0065359477124185,1.590027700831025,partial_bearish,5.663485221674876,0.817142444652981,neutral,bearish,True,True,True,True,2025
287,206187,206188,206189,2025-05-02 13:55:00+00:00,2025-05-02 13:56:00+00:00,2025-05-02 13:57:00+00:00,long,20094.25,20093.75,20094.0,20069.0,20119.0,20144.0,20169.0,20194.0,81.89820813416904,high_probability,58.89820813416904,25.0,False,False,False,False,True,stop,20069.0,20068.75,-25.25,0.0,-25.25,-1.01,6.0,36.5,0.24,1.46,2,1.0,0,2025-05-02,0.3963855421686747,0.41875,3.734833266372037,partial_bullish,0.8247252019600053,0.8520098848196191,bullish,bullish,True,True,True,False,2025
288,206190,206191,206208,2025-05-02 13:58:00+00:00,2025-05-02 13:59:00+00:00,2025-05-02 14:16:00+00:00,long,20065.5,20066.0,20066.25,20041.25,20091.25,20116.25,20141.25,20166.25,73.0,near_trigger,46.18297560147405,25.0,True,True,True,True,False,tp4,20166.25,20166.0,99.75,0.0,99.75,3.99,105.0,9.75,4.2,0.39,18,17.0,4,2025-05-02,0.1753287413901064,0.41875,3.734833266372037,partial_bullish,0.722860057012841,0.7766444687965383,bullish,bullish,True,True,True,False,2025
289,206212,206213,206272,2025-05-02 14:20:00+00:00,2025-05-02 14:21:00+00:00,2025-05-02 15:20:00+00:00,long,20133.0,20132.75,20133.0,20108.0,20158.0,20183.0,20208.0,20233.0,79.0,near_trigger,70.1918893735218,25.0,True,True,False,False,False,max_holding_time,20175.25,20175.0,42.0,0.0,42.0,1.68,61.25,17.5,2.45,0.7,60,59.0,2,2025-05-02,1.0196078431372548,1.5990547459629776,1.029683377308707,partial_bullish,1.6165614840313636,1.365038352846185,bullish,bullish,True,True,True,False,2025
290,207563,207564,207623,2025-05-05 13:51:00+00:00,2025-05-05 13:52:00+00:00,2025-05-05 14:51:00+00:00,long,20018.0,20019.0,20019.25,19994.25,20044.25,20069.25,20094.25,20119.25,73.0,near_trigger,50.346069678444216,25.0,True,True,True,False,False,max_holding_time,20084.5,20084.25,65.0,0.0,65.0,2.6,91.75,11.0,3.67,0.44,60,59.0,3,2025-05-05,1.0120481927710845,1.6488011283497883,1.4206642066420665,partial_bullish,0.9546204002098478,0.7228488330850535,bullish,bullish,True,True,True,False,2025
291,208923,208924,208924,2025-05-06 13:31:00+00:00,2025-05-06 13:32:00+00:00,2025-05-06 13:32:00+00:00,short,19816.75,19816.75,19816.5,19841.5,19791.5,19766.5,19741.5,19716.5,79.0,near_trigger,-69.79220769315837,25.0,False,False,False,False,True,stop,19841.5,19841.75,-25.25,0.0,-25.25,-1.01,1.0,27.25,0.04,1.09,1,0.0,0,2025-05-06,2.2016129032258065,1.904,1.6402640264026402,partial_bearish,4.771607404447996,0.8198052876640239,bearish,bearish,True,False,True,False,2025
292,208925,208926,208931,2025-05-06 13:33:00+00:00,2025-05-06 13:34:00+00:00,2025-05-06 13:39:00+00:00,short,19828.75,19828.75,19828.5,19853.5,19803.5,19778.5,19753.5,19728.5,82.805322908418,high_probability,-47.805322908418006,25.0,False,False,False,False,True,stop,19853.5,19853.75,-25.25,0.0,-25.25,-1.01,9.5,36.0,0.38,1.44,6,5.0,0,2025-05-06,2.41726618705036,1.904,1.6402640264026402,partial_bearish,2.803480242828026,0.8684494592557893,bearish,bearish,True,False,True,False,2025
293,210303,210304,210329,2025-05-07 13:31:00+00:00,2025-05-07 13:32:00+00:00,2025-05-07 13:57:00+00:00,short,19914.5,19914.25,19914.0,19939.0,19889.0,19864.0,19839.0,19814.0,74.0,near_trigger,-32.703619823520015,25.0,True,True,False,False,True,stop,19939.0,19939.25,-25.25,0.0,-25.25,-1.01,56.0,28.75,2.24,1.15,26,25.0,2,2025-05-07,0.7026348808030113,0.7419354838709677,0.7024835276229093,partial_bearish,6.111171701748646,0.9708457504562572,bearish,bearish,True,True,True,True,2025
294,211722,211723,211734,2025-05-08 14:10:00+00:00,2025-05-08 14:11:00+00:00,2025-05-08 14:22:00+00:00,short,20070.5,20071.25,20071.0,20096.0,20046.0,20021.0,19996.0,19971.0,71.0,near_trigger,-36.03625052083634,25.0,True,False,False,False,True,stop,20096.0,20096.25,-25.25,0.0,-25.25,-1.01,46.0,31.0,1.84,1.24,12,11.0,1,2025-05-08,1.2428198433420363,1.614814814814815,1.8155430711610483,strong_bearish,0.8798101373114088,0.7034128738786817,bearish,bearish,True,False,True,True,2025
295,213063,213064,213084,2025-05-09 13:31:00+00:00,2025-05-09 13:32:00+00:00,2025-05-09 13:52:00+00:00,long,20236.75,20237.0,20237.25,20212.25,20262.25,20287.25,20312.25,20337.25,79.0,near_trigger,67.15876339198337,25.0,True,False,False,False,True,stop,20212.25,20212.0,-25.25,0.0,-25.25,-1.01,42.5,31.25,1.7,1.25,21,20.0,1,2025-05-09,0.3127147766323024,1.7254054054054055,0.5578996718237225,partial_bullish,6.648038571115494,0.7213516277078924,bullish,bullish,True,True,True,False,2025
296,213090,213091,213097,2025-05-09 13:58:00+00:00,2025-05-09 13:59:00+00:00,2025-05-09 14:05:00+00:00,long,20256.0,20256.5,20256.75,20231.75,20281.75,20306.75,20331.75,20356.75,82.2033298066026,high_probability,71.2033298066026,25.0,False,False,False,False,True,stop,20231.75,20231.5,-25.25,0.0,-25.25,-1.01,10.0,25.5,0.4,1.02,7,6.0,0,2025-05-09,2.1346534653465348,0.0715502555366269,0.6346830985915494,strong_bullish,1.3815411155836683,1.2635177332938896,bullish,bullish,True,True,True,False,2025
297,214443,214444,214447,2025-05-12 13:31:00+00:00,2025-05-12 13:32:00+00:00,2025-05-12 13:35:00+00:00,long,20824.25,20824.5,20824.75,20799.75,20849.75,20874.75,20899.75,20924.75,71.0,near_trigger,20.053601177870547,25.0,True,False,False,False,True,stop,20799.75,20799.5,-25.25,0.0,-25.25,-1.01,30.25,34.5,1.21,1.38,4,3.0,1,2025-05-12,5.72210953346856,0.1452031114952463,0.2694610778443114,strong_bearish,7.232334208699327,1.4497488957463545,bullish,bullish,False,True,True,False,2025
298,215825,215826,215853,2025-05-13 13:33:00+00:00,2025-05-13 13:34:00+00:00,2025-05-13 14:01:00+00:00,long,21033.75,21033.75,21034.0,21009.0,21059.0,21084.0,21109.0,21134.0,82.11135576257834,high_probability,61.11135576257834,25.0,True,True,True,True,False,tp4,21134.0,21133.75,99.75,0.0,99.75,3.99,106.5,14.0,4.26,0.56,28,27.0,4,2025-05-13,2.617611580217129,0.0779401530967293,1.223157894736842,strong_bullish,3.08350354439505,0.9178761239189992,bullish,neutral,True,True,True,True,2025
299,215874,215875,215897,2025-05-13 14:22:00+00:00,2025-05-13 14:23:00+00:00,2025-05-13 14:45:00+00:00,long,21211.5,21211.5,21211.75,21186.75,21236.75,21261.75,21286.75,21311.75,71.25581274298382,near_trigger,59.25581274298382,25.0,True,False,False,False,True,stop,21186.75,21186.5,-25.25,0.0,-25.25,-1.01,25.75,25.25,1.03,1.01,23,22.0,1,2025-05-13,1.463768115942029,2.9879759519038074,3.949238578680203,partial_bullish,0.871930369909854,0.80594763495313,bullish,bullish,False,True,True,False,2025
300,218581,218582,218587,2025-05-15 13:46:00+00:00,2025-05-15 13:47:00+00:00,2025-05-15 13:52:00+00:00,short,21269.0,21267.75,21267.5,21292.5,21242.5,21217.5,21192.5,21167.5,78.30083898609098,near_trigger,-78.30083898609098,25.0,False,False,False,False,True,stop,21292.5,21292.75,-25.25,0.0,-25.25,-1.01,19.25,27.25,0.77,1.09,6,5.0,0,2025-05-15,1.1435368754956383,0.690931523750771,1.4537084398976985,partial_bullish,1.6477726329235192,1.1082657326482397,bearish,bearish,False,True,True,False,2025
301,218624,218625,218642,2025-05-15 14:29:00+00:00,2025-05-15 14:30:00+00:00,2025-05-15 14:47:00+00:00,short,21288.5,21287.75,21287.5,21312.5,21262.5,21237.5,21212.5,21187.5,74.0949126687408,near_trigger,-67.0949126687408,25.0,True,False,False,False,True,stop,21312.5,21312.75,-25.25,0.0,-25.25,-1.01,30.75,27.5,1.23,1.1,18,17.0,1,2025-05-15,1.9897013388259528,0.6260949746426925,0.3417508417508417,partial_bullish,1.0941071974605765,0.9408730059352384,bearish,bearish,False,True,True,False,2025
302,219946,219947,219956,2025-05-16 13:31:00+00:00,2025-05-16 13:32:00+00:00,2025-05-16 13:41:00+00:00,long,21425.5,21425.0,21425.25,21400.25,21450.25,21475.25,21500.25,21525.25,79.0,near_trigger,51.80884239125349,25.0,False,False,False,False,True,stop,21400.25,21400.0,-25.25,0.0,-25.25,-1.01,20.25,32.0,0.81,1.28,10,9.0,0,2025-05-16,1.3689516129032258,1.0528200537153087,0.9499341238471674,partial_bearish,3.018636181118171,0.7796343405135339,bullish,bullish,True,False,True,False,2025
303,221356,221357,221416,2025-05-19 14:01:00+00:00,2025-05-19 14:02:00+00:00,2025-05-19 15:01:00+00:00,long,21388.0,21387.75,21388.0,21363.0,21413.0,21438.0,21463.0,21488.0,70.94615099331884,near_trigger,64.94615099331884,25.0,True,True,False,False,False,max_holding_time,21402.75,21402.5,14.5,0.0,14.5,0.58,74.75,11.75,2.99,0.47,60,59.0,2,2025-05-19,1.729032258064516,3.021782178217822,3.535239629480467,strong_bullish,1.6182744236064333,1.137016556236404,bullish,bullish,False,True,False,False,2025
304,222708,222709,222768,2025-05-20 13:33:00+00:00,2025-05-20 13:34:00+00:00,2025-05-20 14:33:00+00:00,short,21431.5,21431.5,21431.25,21456.25,21406.25,21381.25,21356.25,21331.25,71.0,near_trigger,-50.14065664865189,25.0,True,True,True,False,False,max_holding_time,21398.25,21398.5,32.75,0.0,32.75,1.31,77.25,8.5,3.09,0.34,60,59.0,3,2025-05-20,1.6975,2.2151898734177218,2.112206216830933,partial_bearish,2.338344070627535,0.6096754877792726,bearish,bearish,False,True,True,False,2025
305,224085,224086,224087,2025-05-21 13:30:00+00:00,2025-05-21 13:31:00+00:00,2025-05-21 13:32:00+00:00,short,21303.75,21304.0,21303.75,21328.75,21278.75,21253.75,21228.75,21203.75,79.0,near_trigger,-58.78052250034195,25.0,False,False,False,False,True,stop,21328.75,21329.0,-25.25,0.0,-25.25,-1.01,7.0,34.5,0.28,1.38,2,1.0,0,2025-05-21,2.3688212927756656,1.2703941338221814,0.7458710708577516,partial_bearish,8.317611940298507,0.8932601559294214,bearish,bearish,True,False,True,False,2025
306,224088,224089,224099,2025-05-21 13:33:00+00:00,2025-05-21 13:34:00+00:00,2025-05-21 13:44:00+00:00,short,21339.0,21338.75,21338.5,21363.5,21313.5,21288.5,21263.5,21238.5,70.0,near_trigger,-50.009000422969365,25.0,True,False,False,False,True,stop,21363.5,21363.75,-25.25,0.0,-25.25,-1.01,25.25,33.75,1.01,1.35,11,10.0,1,2025-05-21,4.838095238095238,1.2703941338221814,0.7458710708577516,partial_bearish,3.193512463950201,0.893347817751933,bearish,neutral,True,False,True,False,2025
307,225466,225467,225487,2025-05-22 13:31:00+00:00,2025-05-22 13:32:00+00:00,2025-05-22 13:52:00+00:00,short,21203.75,21203.75,21203.5,21228.5,21178.5,21153.5,21128.5,21103.5,79.0,near_trigger,-28.701402774747493,25.0,True,True,True,False,True,stop,21228.5,21228.75,-25.25,0.0,-25.25,-1.01,89.75,36.5,3.59,1.46,21,20.0,3,2025-05-22,1.1316818774445894,1.0473407364114553,2.201460976547482,partial_bullish,3.7756686798964623,0.8424348986742303,bearish,bearish,True,True,True,True,2025
308,225495,225496,225508,2025-05-22 14:00:00+00:00,2025-05-22 14:01:00+00:00,2025-05-22 14:13:00+00:00,long,21290.0,21290.25,21290.5,21265.5,21315.5,21340.5,21365.5,21390.5,74.7257330307141,near_trigger,66.7257330307141,25.0,True,False,False,False,True,stop,21265.5,21265.25,-25.25,0.0,-25.25,-1.01,39.75,27.75,1.59,1.11,13,12.0,1,2025-05-22,1.655813953488372,3.427604362542309,2.6536758193091234,strong_bullish,1.3609971984246214,0.9758511768730258,bullish,bullish,False,False,True,False,2025
309,229391,229392,229443,2025-05-27 13:56:00+00:00,2025-05-27 13:57:00+00:00,2025-05-27 14:48:00+00:00,long,21288.75,21289.25,21289.5,21264.5,21314.5,21339.5,21364.5,21389.5,72.12969328867476,near_trigger,72.12969328867476,25.0,True,True,True,True,False,tp4,21389.5,21389.25,99.75,0.0,99.75,3.99,104.25,5.5,4.17,0.22,52,51.0,4,2025-05-27,0.944963655244029,0.4615384615384615,1.3055126223596083,partial_bullish,0.5007268615732515,0.4523896388179496,bullish,bullish,False,False,True,False,2025
310,230745,230746,230763,2025-05-28 13:30:00+00:00,2025-05-28 13:31:00+00:00,2025-05-28 13:48:00+00:00,long,21509.75,21509.75,21510.0,21486.0,21535.0,21560.0,21585.0,21610.0,85.05615524033105,high_probability,61.05615524033105,24.0,True,True,False,False,True,stop,21486.0,21485.75,-24.25,0.0,-24.25,-1.0104166666666667,54.75,24.0,2.28125,1.0,18,17.0,2,2025-05-28,1.697872340425532,0.1824644549763033,0.4329896907216495,partial_bearish,9.251592356687896,0.980622545360122,bullish,bullish,True,True,True,True,2025
311,232125,232126,232136,2025-05-29 13:30:00+00:00,2025-05-29 13:31:00+00:00,2025-05-29 13:41:00+00:00,short,21649.5,21649.25,21649.0,21674.0,21624.0,21599.0,21574.0,21549.0,82.10773645841587,high_probability,-53.10773645841587,25.0,True,True,True,True,False,tp4,21549.0,21549.25,99.75,0.0,99.75,3.99,114.5,1.75,4.58,0.07,11,10.0,4,2025-05-29,1.467065868263473,0.8120411160058737,0.6275415896487985,partial_bullish,6.709202888918428,1.0080151248868296,bearish,bearish,False,True,True,False,2025
312,232137,232138,232161,2025-05-29 13:42:00+00:00,2025-05-29 13:43:00+00:00,2025-05-29 14:06:00+00:00,short,21549.5,21550.0,21549.75,21574.75,21524.75,21499.75,21474.75,21449.75,71.0,near_trigger,-70.97428418658174,25.0,True,True,True,True,False,tp4,21449.75,21450.0,99.75,0.0,99.75,3.99,110.0,14.25,4.4,0.57,24,23.0,4,2025-05-29,1.230983949755757,3.3255813953488373,0.6275415896487985,partial_bearish,1.0388413873689653,0.9064794752889734,bearish,bearish,True,False,True,False,2025
313,232162,232163,232170,2025-05-29 14:07:00+00:00,2025-05-29 14:08:00+00:00,2025-05-29 14:15:00+00:00,short,21416.5,21415.75,21415.5,21440.5,21390.5,21365.5,21340.5,21315.5,73.75443645083934,near_trigger,-67.75443645083934,25.0,False,False,False,False,True,stop,21440.5,21440.75,-25.25,0.0,-25.25,-1.01,20.0,33.75,0.8,1.35,8,7.0,0,2025-05-29,4.189928057553956,1.814592274678112,2.421164772727273,strong_bearish,1.6599571885378035,2.133049590799497,bearish,bearish,False,True,False,False,2025
314,233505,233506,233507,2025-05-30 13:30:00+00:00,2025-05-30 13:31:00+00:00,2025-05-30 13:32:00+00:00,short,21355.0,21354.75,21354.5,21378.25,21329.5,21304.5,21279.5,21254.5,71.27740661707517,near_trigger,-58.27740661707517,23.75,False,False,False,False,True,stop,21378.25,21378.5,-24.0,0.0,-24.0,-1.0105263157894735,15.5,24.0,0.6526315789473685,1.0105263157894735,2,1.0,0,2025-05-30,0.7107438016528925,1.0441176470588236,2.1189759036144578,partial_bullish,5.103495860165593,0.8850687035079672,bearish,bearish,True,True,False,False,2025
315,233508,233509,233527,2025-05-30 13:33:00+00:00,2025-05-30 13:34:00+00:00,2025-05-30 13:52:00+00:00,short,21337.0,21336.75,21336.5,21361.5,21311.5,21286.5,21261.5,21236.5,84.92916651361418,high_probability,-71.92916651361418,25.0,True,True,True,True,False,tp4,21236.5,21236.75,99.75,0.0,99.75,3.99,101.75,17.75,4.07,0.71,19,18.0,4,2025-05-30,2.097378277153558,1.0441176470588236,2.1189759036144578,partial_bullish,2.2289591453731776,0.8090617713073021,bearish,bearish,True,True,True,False,2025
316,234922,234923,234926,2025-06-02 14:07:00+00:00,2025-06-02 14:08:00+00:00,2025-06-02 14:11:00+00:00,long,21313.0,21313.75,21314.0,21289.0,21339.0,21364.0,21389.0,21414.0,82.98889007833789,high_probability,51.98889007833789,25.0,False,False,False,False,True,stop,21289.0,21288.75,-25.25,0.0,-25.25,-1.01,16.0,33.25,0.64,1.33,4,3.0,0,2025-06-02,1.0733333333333333,3.744435917114352,0.3650851140890981,partial_bullish,0.9619349585044268,1.2179177817751063,bullish,bullish,True,True,True,False,2025
317,236276,236277,236336,2025-06-03 13:41:00+00:00,2025-06-03 13:42:00+00:00,2025-06-03 14:41:00+00:00,long,21559.0,21558.75,21559.0,21534.0,21584.0,21609.0,21634.0,21659.0,70.48370136698212,near_trigger,54.48370136698212,25.0,True,True,True,False,False,max_holding_time,21609.5,21609.25,50.25,0.0,50.25,2.01,79.75,12.75,3.19,0.51,60,59.0,3,2025-06-03,0.9605678233438486,0.5471537807986406,0.8196500672947511,partial_bullish,2.1191911361783458,1.5111890511227175,bullish,bullish,True,True,False,False,2025
318,237658,237659,237663,2025-06-04 13:43:00+00:00,2025-06-04 13:44:00+00:00,2025-06-04 13:48:00+00:00,short,21757.25,21756.75,21756.5,21781.5,21731.5,21706.5,21681.5,21656.5,73.72147856573841,near_trigger,-50.72147856573841,25.0,False,False,False,False,True,stop,21781.5,21781.75,-25.25,0.0,-25.25,-1.01,5.75,26.75,0.23,1.07,5,4.0,0,2025-06-04,1.5899497487437186,3.23347280334728,1.231645569620253,partial_bearish,1.4626391096979332,1.363886155379759,neutral,bearish,True,True,True,False,2025
319,237666,237667,237683,2025-06-04 13:51:00+00:00,2025-06-04 13:52:00+00:00,2025-06-04 14:08:00+00:00,short,21742.5,21742.0,21741.75,21766.75,21716.75,21691.75,21666.75,21641.75,84.13735775824047,high_probability,-46.13735775824047,25.0,True,True,True,True,False,tp4,21641.75,21642.0,99.75,0.0,99.75,3.99,100.75,16.0,4.03,0.64,17,16.0,4,2025-06-04,1.870563674321503,2.3315343099460293,2.596710153148043,partial_bullish,1.8187000490246377,1.634074635580459,neutral,bearish,True,True,True,False,2025
320,239025,239026,239026,2025-06-05 13:30:00+00:00,2025-06-05 13:31:00+00:00,2025-06-05 13:31:00+00:00,long,21831.75,21831.5,21831.75,21806.75,21856.75,21881.75,21906.75,21931.75,81.95086509330359,high_probability,68.95086509330359,25.0,False,False,False,False,True,stop,21806.75,21806.5,-25.25,0.0,-25.25,-1.01,5.75,62.0,0.23,2.48,1,0.0,0,2025-06-05,2.008968609865471,0.1145194274028629,0.9034449296458028,partial_bullish,9.516378987869397,1.1414360249721178,bullish,bullish,False,True,True,False,2025
321,239027,239028,239034,2025-06-05 13:32:00+00:00,2025-06-05 13:33:00+00:00,2025-06-05 13:39:00+00:00,long,21792.0,21792.0,21792.25,21767.25,21817.25,21842.25,21867.25,21892.25,74.0,near_trigger,35.956779841571986,25.0,False,False,False,False,True,stop,21767.25,21767.0,-25.25,0.0,-25.25,-1.01,24.5,52.5,0.98,2.1,7,6.0,0,2025-06-05,0.7945205479452054,0.1145194274028629,0.9034449296458028,partial_bearish,4.769291739795052,1.2288750629098255,bullish,bullish,True,True,True,False,2025
322,239035,239036,239040,2025-06-05 13:40:00+00:00,2025-06-05 13:41:00+00:00,2025-06-05 13:45:00+00:00,long,21774.75,21774.5,21774.75,21749.75,21799.75,21824.75,21849.75,21874.75,73.18526630044866,near_trigger,38.18526630044866,25.0,False,False,False,False,True,stop,21749.75,21749.5,-25.25,0.0,-25.25,-1.01,20.75,50.5,0.83,2.02,5,4.0,0,2025-06-05,0.5983658076681333,1.435313262815297,0.9034449296458028,partial_bearish,2.224210801657557,1.4668204061992138,bullish,bullish,True,True,False,False,2025
323,243166,243167,243174,2025-06-10 13:31:00+00:00,2025-06-10 13:32:00+00:00,2025-06-10 13:39:00+00:00,short,21840.25,21840.25,21840.0,21865.0,21815.0,21790.0,21765.0,21740.0,72.7679707353383,near_trigger,-35.767970735338295,25.0,False,False,False,False,True,stop,21865.0,21865.25,-25.25,0.0,-25.25,-1.01,22.0,44.0,0.88,1.76,8,7.0,0,2025-06-10,0.8278260869565218,1.2616279069767442,1.1209341117598,strong_bearish,6.018542497539753,0.8731983708312668,neutral,bearish,True,True,True,False,2025
324,244602,244603,244644,2025-06-11 14:27:00+00:00,2025-06-11 14:28:00+00:00,2025-06-11 15:09:00+00:00,long,22041.25,22041.25,22041.5,22016.5,22066.5,22091.5,22116.5,22141.5,75.50596901532933,near_trigger,72.50596901532933,25.0,True,False,False,False,True,stop,22016.5,22016.25,-25.25,0.0,-25.25,-1.01,25.25,43.5,1.01,1.74,42,41.0,1,2025-06-11,1.950381679389313,1.6159909909909909,0.3045685279187817,partial_bullish,1.0831886130690913,1.056407020573535,bullish,bullish,False,False,True,False,2025
325,245950,245951,245962,2025-06-12 13:55:00+00:00,2025-06-12 13:56:00+00:00,2025-06-12 14:07:00+00:00,short,21850.25,21850.0,21849.75,21874.75,21824.75,21799.75,21774.75,21749.75,78.0,near_trigger,-56.0,25.0,False,False,False,False,True,stop,21874.75,21875.0,-25.25,0.0,-25.25,-1.01,10.0,53.25,0.4,2.13,12,11.0,0,2025-06-12,1.7969661610268377,1.943313953488372,2.8946444249341527,partial_bullish,2.0995292706884894,2.0847689501418727,bearish,bearish,True,True,True,True,2025
326,247305,247306,247345,2025-06-13 13:30:00+00:00,2025-06-13 13:31:00+00:00,2025-06-13 14:10:00+00:00,long,21721.0,21721.75,21722.0,21697.0,21747.0,21772.0,21797.0,21822.0,83.37062478914319,high_probability,70.37062478914319,25.0,True,True,False,False,True,stop,21697.0,21696.75,-25.25,0.0,-25.25,-1.01,74.25,33.25,2.97,1.33,40,39.0,2,2025-06-13,4.106235565819862,1.2673931265716682,0.4623323013415893,strong_bullish,9.599829714772245,1.4724607398217375,bullish,bullish,False,True,True,False,2025
327,248267,248268,248292,2025-06-16 13:32:00+00:00,2025-06-16 13:33:00+00:00,2025-06-16 13:57:00+00:00,long,22067.0,22067.0,22067.25,22042.25,22092.25,22117.25,22142.25,22167.25,77.0,near_trigger,39.38117068018735,25.0,True,True,True,True,False,tp4,22167.25,22167.0,99.75,0.0,99.75,3.99,100.75,16.75,4.03,0.67,25,24.0,4,2025-06-16,2.5454545454545454,1.6944770857814335,0.973724884080371,partial_bearish,5.598644202970791,0.8528797600516345,bullish,bullish,True,True,True,True,2025
328,251030,251031,251069,2025-06-18 13:35:00+00:00,2025-06-18 13:36:00+00:00,2025-06-18 14:14:00+00:00,long,21949.5,21949.5,21949.75,21924.75,21974.75,21999.75,22024.75,22049.75,73.36914538072153,near_trigger,62.369145380721534,25.0,True,True,True,True,False,tp4,22049.75,22049.5,99.75,0.0,99.75,3.99,102.5,21.25,4.1,0.85,39,38.0,4,2025-06-18,2.2586206896551726,4.040268456375839,0.6280373831775701,strong_bearish,2.91187305185605,0.971073794426437,bullish,bullish,True,True,False,False,2025
329,251075,251076,251135,2025-06-18 14:20:00+00:00,2025-06-18 14:21:00+00:00,2025-06-18 15:20:00+00:00,long,22072.25,22072.5,22072.75,22047.75,22097.75,22122.75,22147.75,22172.75,70.33333333333334,near_trigger,69.33333333333334,25.0,True,False,False,False,False,max_holding_time,22051.0,22050.75,-22.0,0.0,-22.0,-0.88,26.0,23.25,1.04,0.93,60,59.0,1,2025-06-18,2.0697350069735005,1.7489387507580352,1.613254203758655,strong_bullish,1.819364161849711,1.9520590424212356,bullish,bullish,False,True,True,False,2025
330,252405,252406,252423,2025-06-19 13:30:00+00:00,2025-06-19 13:31:00+00:00,2025-06-19 13:48:00+00:00,short,21770.0,21771.0,21770.75,21795.75,21745.75,21720.75,21695.75,21670.75,81.61711057081091,high_probability,-54.61711057081091,25.0,True,True,True,True,False,tp4,21670.75,21671.0,99.75,0.0,99.75,3.99,120.5,8.5,4.82,0.34,18,17.0,4,2025-06-19,1.2444444444444445,1.581920903954802,1.2876391329818395,partial_bearish,7.647610121836927,0.3672579742945136,bearish,bearish,False,False,True,False,2025
331,252464,252465,252524,2025-06-19 14:29:00+00:00,2025-06-19 14:30:00+00:00,2025-06-19 15:29:00+00:00,short,21717.0,21717.5,21717.25,21742.25,21692.25,21667.25,21642.25,21617.25,70.28791902424017,near_trigger,-43.28791902424017,25.0,True,False,False,False,False,max_holding_time,21720.0,21720.25,-3.0,0.0,-3.0,-0.12,39.75,23.75,1.59,0.95,60,59.0,1,2025-06-19,0.1233480176211453,1.3701250919793966,1.365698729582577,partial_bearish,1.9691635304115576,0.5989439090136996,bearish,bearish,True,False,False,False,2025
332,253545,253546,253546,2025-06-20 13:30:00+00:00,2025-06-20 13:31:00+00:00,2025-06-20 13:31:00+00:00,long,22086.5,22086.25,22086.5,22061.5,22111.5,22136.5,22161.5,22186.5,70.90486891385768,near_trigger,52.90486891385768,25.0,False,False,False,False,True,stop,22061.5,22061.25,-25.25,0.0,-25.25,-1.01,11.0,26.75,0.44,1.07,1,0.0,0,2025-06-20,2.453932584269663,1.875207986688852,2.852589641434263,strong_bullish,7.03313344236477,1.516598201398912,bullish,bullish,True,True,True,False,2025
333,253548,253549,253565,2025-06-20 13:33:00+00:00,2025-06-20 13:34:00+00:00,2025-06-20 13:50:00+00:00,long,22073.75,22074.0,22074.25,22049.25,22099.25,22124.25,22149.25,22174.25,71.0,near_trigger,58.1551017273475,25.0,True,True,False,False,True,stop,22049.25,22049.0,-25.25,0.0,-25.25,-1.01,56.5,31.75,2.26,1.27,17,16.0,2,2025-06-20,1.004428697962799,1.875207986688852,2.852589641434263,partial_bullish,1.3585449306681072,0.7515141855275741,bullish,bullish,True,True,True,False,2025
334,253588,253589,253591,2025-06-20 14:13:00+00:00,2025-06-20 14:14:00+00:00,2025-06-20 14:16:00+00:00,long,22001.0,22000.5,22000.75,21975.75,22025.75,22050.75,22075.75,22100.75,71.87322404371585,near_trigger,44.87322404371585,25.0,False,False,False,False,True,stop,21975.75,21975.5,-25.25,0.0,-25.25,-1.01,1.0,27.0,0.04,1.08,3,2.0,0,2025-06-20,1.0471311475409837,3.5488877392653904,0.1765663140764849,partial_bullish,1.0259880315493433,1.7198964942752828,bullish,bullish,True,False,False,False,2025
335,254925,254926,254938,2025-06-23 13:30:00+00:00,2025-06-23 13:31:00+00:00,2025-06-23 13:43:00+00:00,short,21848.75,21848.0,21847.75,21872.75,21822.75,21797.75,21772.75,21747.75,81.02740556867928,high_probability,-80.02740556867928,25.0,True,True,True,False,True,stop,21872.75,21873.0,-25.25,0.0,-25.25,-1.01,89.25,37.75,3.57,1.51,13,12.0,3,2025-06-23,2.2691131498470947,0.6796116504854369,0.7210606833248342,partial_bearish,6.957394489888092,0.9137524221293648,bearish,bearish,False,False,True,False,2025
336,256306,256307,256307,2025-06-24 13:31:00+00:00,2025-06-24 13:32:00+00:00,2025-06-24 13:32:00+00:00,long,22304.5,22304.5,22304.75,22284.0,22329.75,22354.75,22379.75,22404.75,84.3377517227354,high_probability,64.3377517227354,20.75,False,False,False,False,True,stop,22284.0,22283.75,-21.0,0.0,-21.0,-1.0120481927710845,10.25,27.25,0.4939759036144578,1.313253012048193,1,0.0,0,2025-06-24,1.0858085808580855,0.2267206477732793,0.0515970515970515,strong_bullish,5.684016177246351,0.9453551113515728,bullish,bullish,True,True,True,False,2025
337,259068,259069,259071,2025-06-26 13:33:00+00:00,2025-06-26 13:34:00+00:00,2025-06-26 13:36:00+00:00,long,22540.75,22540.75,22541.0,22516.0,22566.0,22591.0,22616.0,22641.0,70.45474860335196,near_trigger,67.45474860335196,25.0,False,False,False,False,True,stop,22516.0,22515.75,-25.25,0.0,-25.25,-1.01,5.25,26.0,0.21,1.04,3,2.0,0,2025-06-26,1.1536312849162011,1.1362725450901805,0.8985736925515055,partial_bearish,4.931099548287495,1.6025271764377962,bullish,bullish,True,False,False,False,2025
338,259093,259094,259153,2025-06-26 13:58:00+00:00,2025-06-26 13:59:00+00:00,2025-06-26 14:58:00+00:00,long,22538.0,22538.25,22538.5,22513.5,22563.5,22588.5,22613.5,22638.5,73.50984385607603,near_trigger,60.50984385607603,25.0,True,True,False,False,False,max_holding_time,22571.5,22571.25,32.75,0.0,32.75,1.31,60.75,1.25,2.43,0.05,60,59.0,2,2025-06-26,2.0529531568228108,1.612121212121212,1.897330595482546,partial_bearish,0.948794059132063,1.6329445370149964,bullish,neutral,False,False,True,False,2025
339,260449,260450,260454,2025-06-27 13:34:00+00:00,2025-06-27 13:35:00+00:00,2025-06-27 13:39:00+00:00,short,22718.0,22717.75,22717.5,22742.5,22692.5,22667.5,22642.5,22617.5,72.66913422276642,near_trigger,-37.66913422276642,25.0,False,False,False,False,True,stop,22742.5,22742.75,-25.25,0.0,-25.25,-1.01,12.0,25.5,0.48,1.02,5,4.0,0,2025-06-27,0.7678571428571429,0.3711558854718981,2.4266666666666667,partial_bearish,2.1753469836471075,1.042030082611987,neutral,bearish,True,True,True,False,2025
340,260492,260493,260506,2025-06-27 14:17:00+00:00,2025-06-27 14:18:00+00:00,2025-06-27 14:31:00+00:00,long,22795.5,22795.5,22795.75,22770.75,22820.75,22845.75,22870.75,22895.75,70.0,near_trigger,66.02459025884178,25.0,False,False,False,False,True,stop,22770.75,22770.5,-25.25,0.0,-25.25,-1.01,20.5,32.25,0.82,1.29,14,13.0,0,2025-06-27,1.6310679611650485,2.76056338028169,2.36104513064133,partial_bullish,0.6502643189315951,0.8917151162790697,bullish,bullish,False,False,True,False,2025
341,261877,261878,261884,2025-06-30 14:22:00+00:00,2025-06-30 14:23:00+00:00,2025-06-30 14:29:00+00:00,short,22817.0,22816.5,22816.25,22840.25,22791.25,22766.25,22741.25,22716.25,71.0,near_trigger,-71.0,24.0,False,False,False,False,True,stop,22840.25,22840.5,-24.25,0.0,-24.25,-1.0104166666666667,4.25,26.75,0.1770833333333333,1.1145833333333333,7,6.0,0,2025-06-30,1.1069767441860463,1.0833889259506335,0.9932785660941,partial_bearish,0.881429011395134,1.0655646152127778,bearish,bearish,True,True,True,True,2025
342,263218,263219,263223,2025-07-01 13:43:00+00:00,2025-07-01 13:44:00+00:00,2025-07-01 13:48:00+00:00,short,22788.5,22788.5,22788.25,22813.25,22763.25,22738.25,22713.25,22688.25,85.34062322756121,high_probability,-85.34062322756121,25.0,False,False,False,False,True,stop,22813.25,22813.5,-25.25,0.0,-25.25,-1.01,8.5,38.25,0.34,1.53,5,4.0,0,2025-07-01,1.4524064171122992,0.1428571428571428,0.1678082191780822,partial_bearish,1.9151119207655425,1.2137861474963836,bearish,bearish,True,True,True,True,2025
343,263224,263225,263250,2025-07-01 13:49:00+00:00,2025-07-01 13:50:00+00:00,2025-07-01 14:15:00+00:00,short,22819.75,22819.25,22819.0,22844.0,22794.0,22769.0,22744.0,22719.0,73.0,near_trigger,-52.45587489118882,25.0,True,False,False,False,True,stop,22844.0,22844.25,-25.25,0.0,-25.25,-1.01,36.75,26.0,1.47,1.04,26,25.0,1,2025-07-01,1.764294049008168,0.2955854126679462,0.7453703703703703,partial_bullish,1.3975381280483083,1.1516721319842291,bearish,bearish,True,True,True,False,2025
344,268263,268264,268267,2025-07-07 13:33:00+00:00,2025-07-07 13:34:00+00:00,2025-07-07 13:37:00+00:00,short,22922.5,22922.0,22921.75,22946.75,22896.75,22871.75,22846.75,22821.75,71.4,near_trigger,-42.400000000000006,25.0,False,False,False,False,True,stop,22946.75,22947.0,-25.25,0.0,-25.25,-1.01,21.5,25.25,0.86,1.01,4,3.0,0,2025-07-07,1.8100263852242744,0.2140127388535032,2.4223918575063617,strong_bearish,4.375749797728984,1.5823723478313507,bearish,bearish,True,True,True,False,2025
345,268270,268271,268281,2025-07-07 13:40:00+00:00,2025-07-07 13:41:00+00:00,2025-07-07 13:51:00+00:00,short,22942.25,22942.25,22942.0,22967.0,22917.0,22892.0,22867.0,22842.0,71.0,near_trigger,-41.81792618629174,25.0,False,False,False,False,True,stop,22967.0,22967.25,-25.25,0.0,-25.25,-1.01,20.75,30.0,0.83,1.2,11,10.0,0,2025-07-07,0.664323374340949,0.9615384615384616,2.4223918575063617,partial_bearish,1.759676536242261,1.5884119682165534,bearish,bearish,False,True,True,False,2025
346,269650,269651,269669,2025-07-08 13:40:00+00:00,2025-07-08 13:41:00+00:00,2025-07-08 13:59:00+00:00,long,22909.75,22909.75,22910.0,22885.0,22935.0,22960.0,22985.0,23010.0,73.22271194035065,near_trigger,62.22271194035065,25.0,False,False,False,False,True,stop,22885.0,22884.75,-25.25,0.0,-25.25,-1.01,15.0,30.0,0.6,1.2,19,18.0,0,2025-07-08,0.034440344403444,3.3169690501600853,0.7207678883071553,strong_bearish,2.0153374831697466,1.2621442275965733,bullish,bullish,True,True,False,False,2025
347,269695,269696,269700,2025-07-08 14:25:00+00:00,2025-07-08 14:26:00+00:00,2025-07-08 14:30:00+00:00,short,22855.25,22855.0,22854.75,22879.75,22829.75,22804.75,22779.75,22754.75,82.16677454153182,high_probability,-81.16677454153182,25.0,False,False,False,False,True,stop,22879.75,22880.0,-25.25,0.0,-25.25,-1.01,5.5,31.0,0.22,1.24,5,4.0,0,2025-07-08,2.1067961165048543,0.8218623481781376,2.323319027181688,strong_bearish,1.7515994525257028,1.6715012529425166,bearish,bearish,False,True,True,False,2025
348,271057,271058,271077,2025-07-09 14:07:00+00:00,2025-07-09 14:08:00+00:00,2025-07-09 14:27:00+00:00,long,23084.5,23084.75,23085.0,23060.0,23110.0,23135.0,23160.0,23185.0,78.0,near_trigger,72.10288400961667,25.0,False,False,False,False,True,stop,23060.0,23059.75,-25.25,0.0,-25.25,-1.01,21.25,37.75,0.85,1.51,20,19.0,0,2025-07-09,1.698224852071006,1.911222780569514,5.572625698324022,partial_bullish,0.6179891266946528,0.7008835190908808,bullish,bullish,True,True,True,True,2025
349,272400,272401,272401,2025-07-10 13:30:00+00:00,2025-07-10 13:31:00+00:00,2025-07-10 13:31:00+00:00,long,23079.5,23080.0,23080.25,23059.25,23105.25,23130.25,23155.25,23180.25,87.71956499151551,high_probability,87.71956499151551,21.0,False,False,False,False,True,stop,23059.25,23059.0,-21.25,0.0,-21.25,-1.011904761904762,0.25,23.75,0.0119047619047619,1.130952380952381,1,0.0,0,2025-07-10,1.698019801980198,1.417283950617284,0.4388270980788675,strong_bullish,11.17867052720473,1.2127478568156531,bullish,bullish,True,True,True,False,2025
350,272403,272404,272418,2025-07-10 13:33:00+00:00,2025-07-10 13:34:00+00:00,2025-07-10 13:48:00+00:00,long,23035.25,23035.5,23035.75,23010.75,23060.75,23085.75,23110.75,23135.75,79.0,near_trigger,67.15662155112273,25.0,False,False,False,False,True,stop,23010.75,23010.5,-25.25,0.0,-25.25,-1.01,7.75,32.75,0.31,1.31,15,14.0,0,2025-07-10,3.716612377850163,1.417283950617284,0.4388270980788675,partial_bullish,3.6829716236840064,1.4239851180653484,bullish,bullish,True,True,True,False,2025
351,272435,272436,272440,2025-07-10 14:05:00+00:00,2025-07-10 14:06:00+00:00,2025-07-10 14:10:00+00:00,short,22915.5,22915.0,22914.75,22939.75,22889.75,22864.75,22839.75,22814.75,78.85383138934003,near_trigger,-69.85383138934003,25.0,False,False,False,False,True,stop,22939.75,22940.0,-25.25,0.0,-25.25,-1.01,13.75,29.25,0.55,1.17,5,4.0,0,2025-07-10,0.8330134357005758,4.189048239895698,3.012313674659754,strong_bearish,1.2514474268450884,1.9687444357699524,bearish,bearish,False,True,True,False,2025
352,272441,272442,272470,2025-07-10 14:11:00+00:00,2025-07-10 14:12:00+00:00,2025-07-10 14:40:00+00:00,short,22944.0,22944.0,22943.75,22968.75,22918.75,22893.75,22868.75,22843.75,74.0,near_trigger,-41.74083645495742,25.0,True,False,False,False,True,stop,22968.75,22969.0,-25.25,0.0,-25.25,-1.01,35.0,34.5,1.4,1.38,29,28.0,1,2025-07-10,1.5992255566311713,3.5,3.012313674659754,partial_bearish,0.8231162697479065,1.6285364550109476,bearish,bearish,False,False,True,False,2025
353,275175,275176,275207,2025-07-14 13:45:00+00:00,2025-07-14 13:46:00+00:00,2025-07-14 14:17:00+00:00,long,22865.25,22865.5,22865.75,22840.75,22890.75,22915.75,22940.75,22965.75,70.73249934844931,near_trigger,51.73249934844931,25.0,True,True,True,True,False,tp4,22965.75,22965.5,99.75,0.0,99.75,3.99,100.0,13.25,4.0,0.53,32,31.0,4,2025-07-14,2.2658326817826424,1.7861356932153392,1.905897114178168,strong_bearish,1.812965601660148,2.13351639694794,bullish,bullish,True,True,False,False,2025
354,275211,275212,275217,2025-07-14 14:21:00+00:00,2025-07-14 14:22:00+00:00,2025-07-14 14:27:00+00:00,long,22979.75,22980.0,22980.25,22955.25,23005.25,23030.25,23055.25,23080.25,70.81441213653603,near_trigger,53.81441213653604,25.0,False,False,False,False,True,stop,22955.25,22955.0,-25.25,0.0,-25.25,-1.01,5.0,36.5,0.2,1.46,6,5.0,0,2025-07-14,1.893805309734513,0.8822103732428502,1.2645607107601184,strong_bullish,2.799992919476749,2.881606033556191,bullish,bullish,True,True,True,False,2025
355,276545,276546,276550,2025-07-15 13:35:00+00:00,2025-07-15 13:36:00+00:00,2025-07-15 13:40:00+00:00,long,23167.5,23167.0,23167.25,23142.25,23192.25,23217.25,23242.25,23267.25,75.54469889737065,near_trigger,51.54469889737065,25.0,False,False,False,False,True,stop,23142.25,23142.0,-25.25,0.0,-25.25,-1.01,18.25,44.5,0.73,1.78,5,4.0,0,2025-07-15,2.778625954198473,1.809968847352025,1.903109182935647,partial_bearish,2.714298935677927,1.5334100177768484,bullish,bullish,True,False,False,False,2025
356,276581,276582,276595,2025-07-15 14:11:00+00:00,2025-07-15 14:12:00+00:00,2025-07-15 14:25:00+00:00,long,23186.75,23187.25,23187.5,23162.5,23212.5,23237.5,23262.5,23287.5,86.95850258861012,high_probability,82.95850258861012,25.0,False,False,False,False,True,stop,23162.5,23162.25,-25.25,0.0,-25.25,-1.01,10.75,26.25,0.43,1.05,14,13.0,0,2025-07-15,1.6391875746714455,0.0455729166666666,0.7806691449814126,partial_bearish,1.7315936126888865,2.2696704184298784,bullish,bullish,True,True,True,False,2025
357,277922,277923,277925,2025-07-16 13:32:00+00:00,2025-07-16 13:33:00+00:00,2025-07-16 13:35:00+00:00,long,23041.5,23041.75,23042.0,23017.0,23067.0,23092.0,23117.0,23142.0,72.0,near_trigger,47.33175810422369,25.0,False,False,False,False,True,stop,23017.0,23016.75,-25.25,0.0,-25.25,-1.01,15.25,25.5,0.61,1.02,3,2.0,0,2025-07-16,2.5662847790507364,0.6459054209919262,2.540592168099331,partial_bullish,6.442130239915634,1.6526047038533722,bullish,bullish,True,False,True,False,2025
358,277960,277961,277965,2025-07-16 14:10:00+00:00,2025-07-16 14:11:00+00:00,2025-07-16 14:15:00+00:00,long,22996.0,22996.25,22996.5,22971.5,23021.5,23046.5,23071.5,23096.5,80.0,high_probability,31.0,25.0,False,False,False,False,True,stop,22971.5,22971.25,-25.25,0.0,-25.25,-1.01,7.5,32.5,0.3,1.3,5,4.0,0,2025-07-16,1.5522066738428415,1.409333333333333,3.467411545623836,partial_bearish,1.9133822424069191,2.9155845203335966,neutral,bullish,True,True,True,True,2025
359,279311,279312,279371,2025-07-17 13:41:00+00:00,2025-07-17 13:42:00+00:00,2025-07-17 14:41:00+00:00,long,23113.5,23113.75,23114.0,23089.0,23139.0,23164.0,23189.0,23214.0,71.10958373668926,near_trigger,58.10958373668926,25.0,True,True,False,False,False,max_holding_time,23169.0,23168.75,54.75,0.0,54.75,2.19,65.75,2.25,2.63,0.09,60,59.0,2,2025-07-17,2.195546950629235,2.83273381294964,0.6588235294117647,partial_bullish,2.187710098157859,2.0670816922881463,bullish,bullish,True,True,True,True,2025
360,280681,280682,280686,2025-07-18 13:31:00+00:00,2025-07-18 13:32:00+00:00,2025-07-18 13:36:00+00:00,long,23294.5,23294.75,23295.0,23270.0,23320.0,23345.0,23370.0,23395.0,78.52375405743722,near_trigger,69.52375405743722,25.0,False,False,False,False,True,stop,23270.0,23269.75,-25.25,0.0,-25.25,-1.01,15.0,25.75,0.6,1.03,5,4.0,0,2025-07-18,1.2,1.8379888268156424,2.5553097345132745,strong_bullish,2.423752093172026,0.9285194288473876,bullish,bullish,False,True,True,False,2025
361,280729,280730,280734,2025-07-18 14:19:00+00:00,2025-07-18 14:20:00+00:00,2025-07-18 14:24:00+00:00,long,23229.75,23229.5,23229.75,23204.75,23254.75,23279.75,23304.75,23329.75,72.77425742574258,near_trigger,45.774257425742576,25.0,False,False,False,False,True,stop,23204.75,23204.5,-25.25,0.0,-25.25,-1.01,9.5,28.75,0.38,1.15,5,4.0,0,2025-07-18,0.0594059405940594,2.06286836935167,1.5387931034482758,strong_bearish,1.1402979932822324,2.061617172728284,bullish,bullish,True,False,False,False,2025
362,280737,280738,280774,2025-07-18 14:27:00+00:00,2025-07-18 14:28:00+00:00,2025-07-18 15:04:00+00:00,long,23211.0,23211.0,23211.25,23186.25,23236.25,23261.25,23286.25,23311.25,73.38719068413391,near_trigger,66.38719068413391,25.0,False,False,False,False,True,stop,23186.25,23186.0,-25.25,0.0,-25.25,-1.01,19.75,30.75,0.79,1.23,37,36.0,0,2025-07-18,0.6419213973799126,1.5466514024041214,1.5387931034482758,strong_bearish,1.1606446581752017,1.6635618479880774,bullish,bullish,True,True,False,False,2025
363,283441,283442,283461,2025-07-22 13:31:00+00:00,2025-07-22 13:32:00+00:00,2025-07-22 13:51:00+00:00,short,23294.25,23294.5,23294.25,23319.25,23269.25,23244.25,23219.25,23194.25,92.46666666666668,a_plus_plus,-55.46666666666667,25.0,True,True,True,True,False,tp4,23194.25,23194.5,99.75,0.0,99.75,3.99,114.0,20.75,4.56,0.83,20,19.0,4,2025-07-22,4.799242424242424,1.10990990990991,0.9949238578680204,partial_bullish,10.69980694980695,1.605788661697921,bearish,bearish,True,True,True,False,2025
364,284850,284851,284859,2025-07-23 14:00:00+00:00,2025-07-23 14:01:00+00:00,2025-07-23 14:09:00+00:00,short,23159.0,23158.75,23158.5,23183.5,23133.5,23108.5,23083.5,23058.5,78.33591004641148,near_trigger,-58.335910046411485,25.0,False,False,False,False,True,stop,23183.5,23183.75,-25.25,0.0,-25.25,-1.01,8.5,26.5,0.34,1.06,9,8.0,0,2025-07-23,2.2721774193548385,2.0039577836411606,3.1296426068675545,strong_bearish,1.4453308305959642,1.0533750678433618,bearish,bearish,False,False,True,False,2025
365,286242,286243,286249,2025-07-24 14:12:00+00:00,2025-07-24 14:13:00+00:00,2025-07-24 14:19:00+00:00,short,23310.75,23310.5,23310.25,23335.25,23285.25,23260.25,23235.25,23210.25,77.86666666666666,near_trigger,-68.86666666666666,25.0,False,False,False,False,True,stop,23335.25,23335.5,-25.25,0.0,-25.25,-1.01,11.75,29.75,0.47,1.19,7,6.0,0,2025-07-24,3.2869565217391306,1.1090909090909091,0.771881461061337,partial_bearish,1.959670833595075,2.3163741126852595,neutral,bearish,True,True,True,False,2025
366,287587,287588,287647,2025-07-25 13:37:00+00:00,2025-07-25 13:38:00+00:00,2025-07-25 14:37:00+00:00,long,23346.0,23346.25,23346.5,23321.5,23371.5,23396.5,23421.5,23446.5,74.0,near_trigger,53.013333333333335,25.0,True,True,True,False,False,max_holding_time,23410.5,23410.25,63.75,0.0,63.75,2.55,76.75,16.25,3.07,0.65,60,59.0,3,2025-07-25,0.8725212464589235,0.131367292225201,0.188034188034188,partial_bearish,3.4813301133197103,1.882778454544313,bullish,bullish,True,True,True,False,2025
367,290361,290362,290395,2025-07-29 13:51:00+00:00,2025-07-29 13:52:00+00:00,2025-07-29 14:25:00+00:00,long,23575.5,23575.75,23576.0,23551.0,23601.0,23626.0,23651.0,23676.0,72.56065573770492,near_trigger,57.56065573770492,25.0,False,False,False,False,True,stop,23551.0,23550.75,-25.25,0.0,-25.25,-1.01,22.0,26.0,0.88,1.04,34,33.0,0,2025-07-29,2.5901639344262297,0.3398058252427184,1.5555555555555554,partial_bearish,1.2948802613743005,1.601022798083328,bullish,bullish,True,True,False,False,2025
368,291756,291757,291762,2025-07-30 14:06:00+00:00,2025-07-30 14:07:00+00:00,2025-07-30 14:12:00+00:00,long,23490.5,23490.5,23490.75,23465.75,23515.75,23540.75,23565.75,23590.75,76.34605834534307,near_trigger,76.34605834534307,25.0,False,False,False,False,True,stop,23465.75,23465.5,-25.25,0.0,-25.25,-1.01,8.25,27.0,0.33,1.08,6,5.0,0,2025-07-30,0.9019033674963396,0.782608695652174,0.6885245901639344,partial_bearish,1.1193452432125726,0.8982531666528687,bullish,bullish,True,True,True,True,2025
369,293101,293102,293124,2025-07-31 13:31:00+00:00,2025-07-31 13:32:00+00:00,2025-07-31 13:54:00+00:00,short,23665.75,23665.5,23665.25,23690.25,23640.25,23615.25,23590.25,23565.25,90.0,a_plus_plus,-76.0,25.0,True,True,False,False,True,stop,23690.25,23690.5,-25.25,0.0,-25.25,-1.01,57.0,27.75,2.28,1.11,23,22.0,2,2025-07-31,7.651376146788991,3.248618784530387,1.634517766497462,strong_bearish,7.975792988313857,1.9447783693018108,bearish,bearish,False,True,True,False,2025
370,293141,293142,293188,2025-07-31 14:11:00+00:00,2025-07-31 14:12:00+00:00,2025-07-31 14:58:00+00:00,short,23657.0,23657.75,23657.5,23682.5,23632.5,23607.5,23582.5,23557.5,74.75182481751824,near_trigger,-53.75182481751824,25.0,True,True,True,True,False,tp4,23557.5,23557.75,99.75,0.0,99.75,3.99,110.5,24.75,4.42,0.99,47,46.0,4,2025-07-31,1.8394160583941608,1.4790794979079496,3.137931034482759,partial_bearish,1.2812451036715935,1.7964791001493892,bearish,bearish,True,True,False,False,2025
371,294513,294514,294514,2025-08-01 14:03:00+00:00,2025-08-01 14:04:00+00:00,2025-08-01 14:04:00+00:00,short,22841.0,22841.0,22840.75,22865.75,22815.75,22790.75,22765.75,22740.75,74.0,near_trigger,-57.34085684430512,25.0,False,False,False,False,True,stop,22865.75,22866.0,-25.25,0.0,-25.25,-1.01,6.75,39.25,0.27,1.57,1,0.0,0,2025-08-01,1.5536050156739811,2.9963310232368525,4.76320814767664,strong_bearish,1.3904217061945838,2.8534011247207456,bearish,bearish,False,True,True,True,2025
372,294515,294516,294516,2025-08-01 14:05:00+00:00,2025-08-01 14:06:00+00:00,2025-08-01 14:06:00+00:00,short,22843.25,22843.25,22843.0,22868.0,22818.0,22793.0,22768.0,22743.0,76.88153448618564,near_trigger,-67.88153448618564,25.0,False,False,False,False,True,stop,22868.0,22868.25,-25.25,0.0,-25.25,-1.01,8.75,34.0,0.35,1.36,1,0.0,0,2025-08-01,0.5426356589147286,2.737313432835821,4.76320814767664,partial_bearish,1.1108350782553147,1.8693933131860911,bearish,bearish,False,True,True,False,2025
373,294517,294518,294519,2025-08-01 14:07:00+00:00,2025-08-01 14:08:00+00:00,2025-08-01 14:09:00+00:00,short,22848.0,22847.75,22847.5,22872.5,22822.5,22797.5,22772.5,22747.5,93.08079568693066,a_plus_plus,-67.08079568693066,25.0,False,False,False,False,True,stop,22872.5,22872.75,-25.25,0.0,-25.25,-1.01,6.25,53.75,0.25,2.15,2,1.0,0,2025-08-01,1.1868377021751253,2.737313432835821,4.76320814767664,partial_bearish,1.2627356133732086,2.659245139153641,bearish,bearish,True,True,True,False,2025
374,294529,294530,294530,2025-08-01 14:19:00+00:00,2025-08-01 14:20:00+00:00,2025-08-01 14:20:00+00:00,short,22933.5,22934.0,22933.75,22958.75,22908.75,22883.75,22858.75,22833.75,70.98565022421525,near_trigger,-57.98565022421525,25.0,False,False,False,False,True,stop,22958.75,22959.0,-25.25,0.0,-25.25,-1.01,1.0,29.5,0.04,1.18,1,0.0,0,2025-08-01,0.9147982062780268,0.8433130154177124,2.583381088825215,partial_bullish,0.8270837491801876,2.229053391996004,bearish,bearish,True,False,False,False,2025
375,294532,294533,294533,2025-08-01 14:22:00+00:00,2025-08-01 14:23:00+00:00,2025-08-01 14:23:00+00:00,short,22928.75,22929.0,22928.75,22953.75,22903.75,22878.75,22853.75,22828.75,86.23111422564821,high_probability,-73.23111422564821,25.0,False,False,False,False,True,stop,22953.75,22954.0,-25.25,0.0,-25.25,-1.01,7.5,35.5,0.3,1.42,1,0.0,0,2025-08-01,0.6180798878766643,1.008879781420765,2.583381088825215,partial_bearish,1.2137022750414352,2.4906961137209445,bearish,bearish,True,False,True,False,2025
376,294534,294535,294540,2025-08-01 14:24:00+00:00,2025-08-01 14:25:00+00:00,2025-08-01 14:30:00+00:00,short,22966.75,22966.0,22965.75,22990.75,22940.75,22915.75,22890.75,22865.75,79.0,near_trigger,-35.39694019471488,25.0,False,False,False,False,True,stop,22990.75,22991.0,-25.25,0.0,-25.25,-1.01,21.0,36.0,0.84,1.44,6,5.0,0,2025-08-01,1.294853963838665,1.008879781420765,2.583381088825215,partial_bullish,0.8996804735470381,2.1751900176222434,bearish,bearish,True,False,True,False,2025
377,297248,297249,297270,2025-08-05 13:38:00+00:00,2025-08-05 13:39:00+00:00,2025-08-05 14:00:00+00:00,long,23362.0,23361.75,23362.0,23337.0,23387.0,23412.0,23437.0,23462.0,91.09689440993787,a_plus_plus,70.09689440993789,25.0,True,False,False,False,True,stop,23337.0,23336.75,-25.25,0.0,-25.25,-1.01,35.25,50.0,1.41,2.0,22,21.0,1,2025-08-05,1.515527950310559,2.175675675675676,2.0435087719298246,partial_bearish,2.1394840918481792,1.5639023127373146,bullish,bullish,True,True,True,True,2025
378,298620,298621,298621,2025-08-06 13:30:00+00:00,2025-08-06 13:31:00+00:00,2025-08-06 13:31:00+00:00,short,23166.75,23166.75,23166.5,23191.5,23141.5,23116.5,23091.5,23066.5,77.39849465192557,near_trigger,-73.39849465192557,25.0,False,False,False,False,True,stop,23191.5,23191.75,-25.25,0.0,-25.25,-1.01,2.5,42.0,0.1,1.68,1,0.0,0,2025-08-06,0.5173913043478261,0.6023255813953489,0.7987987987987988,partial_bearish,12.798685782556747,0.807656241901055,bearish,bearish,True,True,True,True,2025
379,298625,298626,298638,2025-08-06 13:35:00+00:00,2025-08-06 13:36:00+00:00,2025-08-06 13:48:00+00:00,short,23203.75,23203.25,23203.0,23228.0,23178.0,23153.0,23128.0,23103.0,72.16621089295344,near_trigger,-57.16621089295344,25.0,True,True,False,False,True,stop,23228.0,23228.25,-25.25,0.0,-25.25,-1.01,54.25,34.75,2.17,1.39,13,12.0,2,2025-08-06,2.176470588235294,2.171052631578948,0.7987987987987988,strong_bullish,3.016509299542147,1.240381535673273,bearish,bearish,True,True,False,False,2025
380,298645,298646,298646,2025-08-06 13:55:00+00:00,2025-08-06 13:56:00+00:00,2025-08-06 13:56:00+00:00,short,23216.25,23215.75,23215.5,23240.5,23190.5,23165.5,23140.5,23115.5,70.59622326760751,near_trigger,-70.59622326760751,25.0,False,False,False,False,True,stop,23240.5,23240.75,-25.25,0.0,-25.25,-1.01,0.25,25.75,0.01,1.03,1,0.0,0,2025-08-06,0.8252427184466019,1.8927374301675977,1.5884907709011942,strong_bullish,1.4252632937347205,2.201087257387704,bearish,bearish,True,False,False,False,2025
381,301424,301425,301484,2025-08-08 14:14:00+00:00,2025-08-08 14:15:00+00:00,2025-08-08 15:14:00+00:00,long,23640.0,23639.75,23640.0,23615.0,23665.0,23690.0,23715.0,23740.0,78.0,near_trigger,69.20510142492216,25.0,True,True,False,False,False,max_holding_time,23679.5,23679.25,39.25,0.0,39.25,1.57,62.75,13.75,2.51,0.55,60,59.0,2,2025-08-08,1.821686746987952,2.598679383712399,4.36180904522613,partial_bullish,1.174313808443265,1.4272358990339669,bullish,bullish,True,True,True,False,2025
382,302762,302763,302772,2025-08-11 13:32:00+00:00,2025-08-11 13:33:00+00:00,2025-08-11 13:42:00+00:00,short,23697.0,23696.75,23696.5,23721.5,23671.5,23646.5,23621.5,23596.5,77.0,near_trigger,-63.4122668988589,25.0,False,False,False,False,True,stop,23721.5,23721.75,-25.25,0.0,-25.25,-1.01,15.5,32.0,0.62,1.28,10,9.0,0,2025-08-11,1.7439446366782008,0.0544747081712062,1.5205479452054795,strong_bearish,4.367554128250284,0.833871754638115,bearish,bearish,True,True,True,False,2025
383,302793,302794,302807,2025-08-11 14:03:00+00:00,2025-08-11 14:04:00+00:00,2025-08-11 14:17:00+00:00,short,23734.75,23734.75,23734.5,23759.5,23709.5,23684.5,23659.5,23634.5,70.29032258064517,near_trigger,-55.29032258064517,25.0,False,False,False,False,True,stop,23759.5,23759.75,-25.25,0.0,-25.25,-1.01,11.75,28.0,0.47,1.12,14,13.0,0,2025-08-11,0.4516129032258064,2.700331125827814,1.0334110334110334,partial_bullish,1.6594072028046318,1.50807552790919,bearish,bearish,True,False,False,False,2025
384,304143,304144,304154,2025-08-12 13:33:00+00:00,2025-08-12 13:34:00+00:00,2025-08-12 13:44:00+00:00,long,23761.25,23761.0,23761.25,23736.25,23786.25,23811.25,23836.25,23861.25,74.73693353771175,near_trigger,37.73693353771175,25.0,True,False,False,False,True,stop,23736.25,23736.0,-25.25,0.0,-25.25,-1.01,47.25,46.5,1.89,1.86,11,10.0,1,2025-08-12,1.534463276836158,0.4002242152466367,2.2494866529774127,partial_bullish,3.9314884212549246,1.3783751916047635,bullish,bullish,True,True,False,False,2025
385,304172,304173,304191,2025-08-12 14:02:00+00:00,2025-08-12 14:03:00+00:00,2025-08-12 14:21:00+00:00,long,23650.75,23650.25,23650.5,23625.5,23675.5,23700.5,23725.5,23750.5,71.34346518621328,near_trigger,44.34346518621328,25.0,True,True,True,True,False,tp4,23750.5,23750.25,99.75,0.0,99.75,3.99,111.0,17.75,4.44,0.71,19,18.0,4,2025-08-12,0.7675225537820958,3.005515485787017,2.786331205407435,strong_bearish,0.912824658391572,1.7867442513334864,bullish,bullish,True,False,False,False,2025
386,305546,305547,305560,2025-08-13 13:56:00+00:00,2025-08-13 13:57:00+00:00,2025-08-13 14:10:00+00:00,long,24009.75,24010.0,24010.25,23985.25,24035.25,24060.25,24085.25,24110.25,71.0,near_trigger,46.02242990654206,25.0,False,False,False,False,True,stop,23985.25,23985.0,-25.25,0.0,-25.25,-1.01,21.75,26.0,0.87,1.04,14,13.0,0,2025-08-13,3.0257009345794392,0.5720771850170261,2.1927710843373496,partial_bullish,2.066896104055163,1.8042058222949209,bullish,bullish,False,True,True,False,2025
387,306923,306924,306960,2025-08-14 13:53:00+00:00,2025-08-14 13:54:00+00:00,2025-08-14 14:30:00+00:00,short,23931.75,23932.25,23932.0,23957.0,23907.0,23882.0,23857.0,23832.0,73.93333333333334,near_trigger,-58.93333333333334,25.0,True,False,False,False,True,stop,23957.0,23957.25,-25.25,0.0,-25.25,-1.01,34.25,32.0,1.37,1.28,37,36.0,1,2025-08-14,0.0429447852760736,3.678638941398866,0.8480492813141685,partial_bullish,1.5879861378513669,1.6395937933071314,bearish,bearish,True,True,False,False,2025
388,308299,308300,308305,2025-08-15 13:49:00+00:00,2025-08-15 13:50:00+00:00,2025-08-15 13:55:00+00:00,short,23784.0,23784.0,23783.75,23808.75,23758.75,23733.75,23708.75,23683.75,71.09103183736096,near_trigger,-57.09103183736096,25.0,False,False,False,False,True,stop,23808.75,23809.0,-25.25,0.0,-25.25,-1.01,13.25,25.25,0.53,1.01,6,5.0,0,2025-08-15,3.4556962025316458,2.654141759180188,2.1868131868131866,strong_bearish,1.4459699858595996,1.5972348187113288,bearish,bearish,False,True,False,False,2025
389,308331,308332,308338,2025-08-15 14:21:00+00:00,2025-08-15 14:22:00+00:00,2025-08-15 14:28:00+00:00,short,23851.5,23851.75,23851.5,23876.5,23826.5,23801.5,23776.5,23751.5,83.40748233189001,high_probability,-52.40748233189001,25.0,False,False,False,False,True,stop,23876.5,23876.75,-25.25,0.0,-25.25,-1.01,12.5,25.5,0.5,1.02,7,6.0,0,2025-08-15,1.5474642392717814,2.1596474045053866,0.9632695292291774,partial_bearish,1.2706605645596043,1.4119476414433016,bearish,bearish,True,False,True,False,2025
390,309693,309694,309714,2025-08-18 14:03:00+00:00,2025-08-18 14:04:00+00:00,2025-08-18 14:24:00+00:00,short,23780.75,23780.75,23780.5,23805.5,23755.5,23730.5,23705.5,23680.5,71.0,near_trigger,-23.40065717415115,25.0,False,False,False,False,True,stop,23805.5,23805.75,-25.25,0.0,-25.25,-1.01,21.75,39.25,0.87,1.57,21,20.0,0,2025-08-18,2.499452354874042,2.816816816816817,0.6863734679163662,partial_bearish,1.4648882392350326,1.5018795349243814,bearish,bearish,False,False,True,True,2025
391,311041,311042,311098,2025-08-19 13:31:00+00:00,2025-08-19 13:32:00+00:00,2025-08-19 14:28:00+00:00,short,23724.0,23724.5,23724.25,23749.25,23699.25,23674.25,23649.25,23624.25,70.41496007251853,near_trigger,-61.414960072518525,25.0,True,True,True,True,False,tp4,23624.25,23624.5,99.75,0.0,99.75,3.99,100.75,6.75,4.03,0.27,57,56.0,4,2025-08-19,3.840172786177106,0.9166666666666666,0.1087378640776699,partial_bearish,9.447187530254622,1.0765250679861214,bearish,bearish,True,True,True,False,2025
392,312455,312456,312496,2025-08-20 14:05:00+00:00,2025-08-20 14:06:00+00:00,2025-08-20 14:46:00+00:00,short,23143.75,23143.25,23143.0,23168.0,23118.0,23093.0,23068.0,23043.0,76.61142098273572,near_trigger,-70.61142098273572,25.0,True,True,True,True,False,tp4,23043.0,23043.25,99.75,0.0,99.75,3.99,101.0,13.5,4.04,0.54,41,40.0,4,2025-08-20,1.4342629482071714,5.06826923076923,5.66625866993064,strong_bearish,1.4900796172823814,2.660984946192181,bearish,bearish,True,True,True,True,2025
393,313800,313801,313801,2025-08-21 13:30:00+00:00,2025-08-21 13:31:00+00:00,2025-08-21 13:31:00+00:00,short,23200.5,23200.5,23200.25,23225.25,23175.25,23150.25,23125.25,23100.25,90.05117492587887,a_plus_plus,-61.05117492587887,25.0,False,False,False,False,True,stop,23225.25,23225.5,-25.25,0.0,-25.25,-1.01,0.5,44.75,0.02,1.79,1,0.0,0,2025-08-21,3.915080527086384,1.4375987361769351,0.5298165137614679,partial_bullish,11.657954054961394,1.235476493011436,bearish,bearish,True,True,True,False,2025
394,313802,313803,313803,2025-08-21 13:32:00+00:00,2025-08-21 13:33:00+00:00,2025-08-21 13:33:00+00:00,short,23240.5,23240.0,23239.75,23264.75,23214.75,23189.75,23164.75,23139.75,74.0,near_trigger,-33.84450435278323,25.0,False,False,False,False,True,stop,23264.75,23265.0,-25.25,0.0,-25.25,-1.01,0.25,33.75,0.01,1.35,1,0.0,0,2025-08-21,0.6035751840168244,1.4375987361769351,0.5298165137614679,partial_bullish,3.9298369059884894,1.0207771692657166,bearish,bearish,True,True,True,True,2025
395,313804,313805,313806,2025-08-21 13:34:00+00:00,2025-08-21 13:35:00+00:00,2025-08-21 13:36:00+00:00,short,23242.0,23242.0,23241.75,23266.75,23216.75,23191.75,23166.75,23141.75,83.76345010794914,high_probability,-65.76345010794914,25.0,False,False,False,False,True,stop,23266.75,23267.0,-25.25,0.0,-25.25,-1.01,17.5,28.25,0.7,1.13,2,1.0,0,2025-08-21,0.8817946505608283,1.4375987361769351,0.5298165137614679,partial_bullish,2.347494257862659,1.1532344762023226,bearish,bearish,True,True,True,False,2025
396,313807,313808,313816,2025-08-21 13:37:00+00:00,2025-08-21 13:38:00+00:00,2025-08-21 13:46:00+00:00,short,23287.0,23287.0,23286.75,23311.75,23261.75,23236.75,23211.75,23186.75,74.0,near_trigger,-43.653536051601016,25.0,True,True,True,True,False,tp4,23186.75,23187.0,99.75,0.0,99.75,3.99,109.75,3.75,4.39,0.15,9,8.0,4,2025-08-21,1.7995853489979268,0.2501718213058419,0.5298165137614679,partial_bullish,2.0685900925421885,1.5308278064357652,bearish,bearish,True,True,True,False,2025
397,315210,315211,315218,2025-08-22 14:00:00+00:00,2025-08-22 14:01:00+00:00,2025-08-22 14:08:00+00:00,long,23457.75,23457.75,23458.0,23433.0,23483.0,23508.0,23533.0,23558.0,90.86666666666666,a_plus_plus,77.86666666666666,25.0,True,True,True,True,False,tp4,23558.0,23557.75,99.75,0.0,99.75,3.99,121.0,2.25,4.84,0.09,8,7.0,4,2025-08-22,4.493092454835282,0.998876404494382,0.2871396895787139,strong_bullish,4.246759307763375,2.9509715677450097,bullish,bullish,True,True,True,False,2025
398,315219,315220,315221,2025-08-22 14:09:00+00:00,2025-08-22 14:10:00+00:00,2025-08-22 14:11:00+00:00,long,23570.0,23570.5,23570.75,23545.75,23595.75,23620.75,23645.75,23670.75,84.97643074839146,high_probability,83.97643074839146,25.0,False,False,False,False,True,stop,23545.75,23545.5,-25.25,0.0,-25.25,-1.01,13.5,29.5,0.54,1.18,2,1.0,0,2025-08-22,1.5834744327802237,4.165248226950355,0.2871396895787139,strong_bullish,1.2063302478351747,2.7863519246284776,bullish,bullish,True,True,True,True,2025
399,315224,315225,315229,2025-08-22 14:14:00+00:00,2025-08-22 14:15:00+00:00,2025-08-22 14:19:00+00:00,long,23587.25,23587.0,23587.25,23562.25,23612.25,23637.25,23662.25,23687.25,78.54456996535623,near_trigger,65.54456996535623,25.0,True,False,False,False,True,stop,23562.25,23562.0,-25.25,0.0,-25.25,-1.01,46.25,30.25,1.85,1.21,5,4.0,1,2025-08-22,0.4365115228197017,4.347853337511752,0.2871396895787139,strong_bullish,0.835364502548194,2.4990960588164395,bullish,bullish,False,True,True,False,2025
400,315231,315232,315232,2025-08-22 14:21:00+00:00,2025-08-22 14:22:00+00:00,2025-08-22 14:22:00+00:00,long,23541.5,23542.25,23542.5,23517.5,23567.5,23592.5,23617.5,23642.5,84.0,high_probability,77.64515328725855,25.0,False,False,False,False,True,stop,23517.5,23517.25,-25.25,0.0,-25.25,-1.01,0.75,40.0,0.03,1.6,1,0.0,0,2025-08-22,2.6645401382243485,3.979438732981384,6.292698826597132,partial_bullish,1.0839593668792815,2.72761859469742,bullish,bullish,True,True,True,False,2025
401,315234,315235,315256,2025-08-22 14:24:00+00:00,2025-08-22 14:25:00+00:00,2025-08-22 14:46:00+00:00,long,23539.75,23539.75,23540.0,23515.0,23565.0,23590.0,23615.0,23640.0,73.463727091272,near_trigger,44.463727091272006,25.0,True,True,True,True,False,tp4,23640.0,23639.75,99.75,0.0,99.75,3.99,101.75,15.0,4.07,0.6,22,21.0,4,2025-08-22,0.8307022318998366,3.979438732981384,6.292698826597132,partial_bullish,0.9602459357453704,2.516226686164345,bullish,bullish,True,True,False,False,2025
402,316610,316611,316614,2025-08-25 14:20:00+00:00,2025-08-25 14:21:00+00:00,2025-08-25 14:24:00+00:00,short,23523.5,23523.75,23523.5,23548.5,23498.5,23473.5,23448.5,23423.5,81.9076202639421,high_probability,-27.907620263942107,25.0,False,False,False,False,True,stop,23548.5,23548.75,-25.25,0.0,-25.25,-1.01,5.25,26.0,0.21,1.04,4,3.0,0,2025-08-25,2.342273307790549,1.5933609958506223,2.6284224250325945,partial_bullish,1.3094575644935118,1.6777174145527654,neutral,bearish,True,True,True,False,2025
403,319320,319321,319325,2025-08-27 13:30:00+00:00,2025-08-27 13:31:00+00:00,2025-08-27 13:35:00+00:00,short,23533.75,23533.75,23533.5,23558.5,23508.5,23483.5,23458.5,23433.5,87.15366308936903,high_probability,-73.15366308936903,25.0,False,False,False,False,True,stop,23558.5,23558.75,-25.25,0.0,-25.25,-1.01,9.5,31.75,0.38,1.27,5,4.0,0,2025-08-27,2.953846153846154,1.872289156626506,4.506951871657754,strong_bearish,7.647994907702101,0.946943761668087,bearish,bearish,False,True,True,True,2025
404,319326,319327,319366,2025-08-27 13:36:00+00:00,2025-08-27 13:37:00+00:00,2025-08-27 14:16:00+00:00,short,23555.0,23555.5,23555.25,23580.25,23530.25,23505.25,23480.25,23455.25,79.0,near_trigger,-71.55977321226516,25.0,True,True,False,False,True,stop,23580.25,23580.5,-25.25,0.0,-25.25,-1.01,66.75,26.25,2.67,1.05,40,39.0,2,2025-08-27,0.1705237515225335,0.4282700421940928,4.506951871657754,partial_bearish,1.838516826761604,0.942249763318702,bearish,bearish,True,True,True,False,2025
405,320700,320701,320715,2025-08-28 13:30:00+00:00,2025-08-28 13:31:00+00:00,2025-08-28 13:45:00+00:00,long,23705.25,23705.0,23705.25,23680.25,23730.25,23755.25,23780.25,23805.25,70.86666666666666,near_trigger,33.86666666666666,25.0,True,False,False,False,True,stop,23680.25,23680.0,-25.25,0.0,-25.25,-1.01,38.0,40.5,1.52,1.62,15,14.0,1,2025-08-28,5.440536013400335,0.0158910329171396,1.3655640373197626,strong_bullish,23.605620385806144,1.9376026272577995,bullish,bullish,True,True,True,False,2025
406,320735,320736,320795,2025-08-28 14:05:00+00:00,2025-08-28 14:06:00+00:00,2025-08-28 15:05:00+00:00,long,23634.0,23633.75,23634.0,23609.0,23659.0,23684.0,23709.0,23734.0,78.13870108584307,near_trigger,57.13870108584307,25.0,True,True,True,False,False,max_holding_time,23699.5,23699.25,65.25,0.0,65.25,2.61,96.0,10.0,3.84,0.4,60,59.0,3,2025-08-28,1.1788567916410573,3.0579297245963915,0.9409505520883342,partial_bearish,1.1843014209809353,1.5691776017518946,bullish,bullish,True,True,True,False,2025
407,322106,322107,322110,2025-08-29 13:56:00+00:00,2025-08-29 13:57:00+00:00,2025-08-29 14:00:00+00:00,short,23518.75,23518.75,23518.5,23543.5,23493.5,23468.5,23443.5,23418.5,82.21481481481482,high_probability,-69.21481481481482,25.0,False,False,False,False,True,stop,23543.5,23543.75,-25.25,0.0,-25.25,-1.01,18.5,29.75,0.74,1.19,4,3.0,0,2025-08-29,1.9415204678362568,4.02231520223152,1.2832456799398948,strong_bearish,1.4915222594862017,1.869807251876494,bearish,bearish,False,True,True,False,2025
408,322113,322114,322173,2025-08-29 14:03:00+00:00,2025-08-29 14:04:00+00:00,2025-08-29 15:03:00+00:00,short,23498.0,23498.0,23497.75,23522.75,23472.75,23447.75,23422.75,23397.75,85.96991869918699,high_probability,-59.96991869918699,25.0,True,True,True,False,False,max_holding_time,23447.0,23447.25,50.5,0.0,50.5,2.02,84.25,18.0,3.37,0.72,60,59.0,3,2025-08-29,1.2164634146341464,4.212389380530974,4.559710494571773,strong_bearish,1.3515049787009237,2.003489501754664,bearish,bearish,False,True,True,False,2025
409,324600,324601,324602,2025-09-02 13:30:00+00:00,2025-09-02 13:31:00+00:00,2025-09-02 13:32:00+00:00,short,23056.0,23056.25,23056.0,23081.0,23031.0,23006.0,22981.0,22956.0,70.31646522165694,near_trigger,-53.31646522165694,25.0,True,False,False,False,True,stop,23081.0,23081.25,-25.25,0.0,-25.25,-1.01,31.0,25.5,1.24,1.02,2,1.0,1,2025-09-02,4.83248730964467,0.0676737160120845,1.979223125564589,strong_bearish,9.35961219543309,1.484186145303381,bearish,bearish,True,True,True,True,2025
410,324604,324605,324605,2025-09-02 13:34:00+00:00,2025-09-02 13:35:00+00:00,2025-09-02 13:35:00+00:00,short,23082.5,23081.75,23081.5,23106.5,23056.5,23031.5,23006.5,22981.5,80.67461026839734,high_probability,-60.67461026839735,25.0,False,False,False,False,True,stop,23106.5,23106.75,-25.25,0.0,-25.25,-1.01,3.25,50.25,0.13,2.01,1,0.0,0,2025-09-02,0.8083400160384924,0.0676737160120845,1.979223125564589,strong_bearish,2.058707975528989,1.30696597185106,bearish,bearish,True,True,True,True,2025
411,324606,324607,324611,2025-09-02 13:36:00+00:00,2025-09-02 13:37:00+00:00,2025-09-02 13:41:00+00:00,short,23138.25,23138.0,23137.75,23162.75,23112.75,23087.75,23062.75,23037.75,79.0,near_trigger,-47.01971830985916,25.0,False,False,False,False,True,stop,23162.75,23163.0,-25.25,0.0,-25.25,-1.01,11.25,39.75,0.45,1.59,5,4.0,0,2025-09-02,3.624413145539906,0.4965590259396507,1.979223125564589,partial_bearish,1.9354461329683317,1.5269881119397477,bearish,bearish,True,True,True,False,2025
412,324650,324651,324652,2025-09-02 14:20:00+00:00,2025-09-02 14:21:00+00:00,2025-09-02 14:22:00+00:00,short,23229.5,23229.75,23229.5,23254.5,23204.5,23179.5,23154.5,23129.5,70.0,near_trigger,-70.0,25.0,False,False,False,False,True,stop,23254.5,23254.75,-25.25,0.0,-25.25,-1.01,1.0,26.5,0.04,1.06,2,1.0,0,2025-09-02,1.626686656671664,0.5673545966228893,1.9601742377100184,partial_bullish,1.0369192130598577,1.53051515563409,bearish,neutral,True,True,True,False,2025
413,324653,324654,324659,2025-09-02 14:23:00+00:00,2025-09-02 14:24:00+00:00,2025-09-02 14:29:00+00:00,short,23227.5,23227.25,23227.0,23252.0,23202.0,23177.0,23152.0,23127.0,76.98173870991161,near_trigger,-64.98173870991161,25.0,True,False,False,False,True,stop,23252.0,23252.25,-25.25,0.0,-25.25,-1.01,32.0,35.75,1.28,1.43,6,5.0,1,2025-09-02,0.0934025203854707,0.5673545966228893,1.9601742377100184,partial_bearish,0.9469618532290156,1.3555171791633374,bearish,bearish,True,False,True,False,2025
414,326013,326014,326022,2025-09-03 14:03:00+00:00,2025-09-03 14:04:00+00:00,2025-09-03 14:12:00+00:00,long,23433.5,23432.75,23433.0,23408.0,23458.0,23483.0,23508.0,23533.0,72.33484595623395,near_trigger,65.33484595623395,25.0,True,False,False,False,True,stop,23408.0,23407.75,-25.25,0.0,-25.25,-1.01,28.0,34.75,1.12,1.39,9,8.0,1,2025-09-03,2.176470588235294,0.6055045871559633,1.3609022556390975,partial_bearish,1.083654278508729,1.1043592604399108,bullish,bullish,False,True,True,False,2025
415,326023,326024,326052,2025-09-03 14:13:00+00:00,2025-09-03 14:14:00+00:00,2025-09-03 14:42:00+00:00,long,23396.5,23396.75,23397.0,23372.0,23422.0,23447.0,23472.0,23497.0,71.0,near_trigger,26.367543200601048,25.0,True,True,True,True,False,tp4,23497.0,23496.75,99.75,0.0,99.75,3.99,101.0,9.0,4.04,0.36,29,28.0,4,2025-09-03,1.7986476333583772,1.0650577124868836,1.3609022556390975,partial_bearish,1.4312734082397005,1.9950664978660648,bullish,bullish,False,True,True,False,2025
416,327365,327366,327394,2025-09-04 13:35:00+00:00,2025-09-04 13:36:00+00:00,2025-09-04 14:04:00+00:00,short,23530.5,23530.75,23530.5,23555.5,23505.5,23480.5,23455.5,23430.5,75.30336900515259,near_trigger,-71.30336900515259,25.0,True,True,True,True,False,tp4,23430.5,23430.75,99.75,0.0,99.75,3.99,104.5,13.0,4.18,0.52,29,28.0,4,2025-09-04,3.995243757431629,3.0534482758620687,1.339043540328337,partial_bullish,3.820970490626962,1.5201690028262296,bearish,bearish,True,False,False,False,2025
417,327405,327406,327409,2025-09-04 14:15:00+00:00,2025-09-04 14:16:00+00:00,2025-09-04 14:19:00+00:00,short,23419.5,23419.75,23419.5,23444.5,23394.5,23369.5,23344.5,23319.5,91.91374764595103,a_plus_plus,-78.91374764595103,25.0,False,False,False,False,True,stop,23444.5,23444.75,-25.25,0.0,-25.25,-1.01,9.5,28.5,0.38,1.14,4,3.0,0,2025-09-04,1.133709981167608,1.3197278911564625,1.372270187912646,strong_bearish,2.121865834042956,2.351497866182932,bearish,bearish,True,True,True,True,2025
418,327412,327413,327414,2025-09-04 14:22:00+00:00,2025-09-04 14:23:00+00:00,2025-09-04 14:24:00+00:00,short,23446.0,23446.25,23446.0,23471.0,23421.0,23396.0,23371.0,23346.0,77.38408980331575,near_trigger,-77.38408980331575,25.0,False,False,False,False,True,stop,23471.0,23471.25,-25.25,0.0,-25.25,-1.01,0.25,33.75,0.01,1.35,2,1.0,0,2025-09-04,1.2659574468085106,0.8018475750577367,1.372270187912646,partial_bearish,0.4402432793262019,0.6850123102174805,bearish,bearish,True,True,True,True,2025
419,328751,328752,328763,2025-09-05 13:41:00+00:00,2025-09-05 13:42:00+00:00,2025-09-05 13:53:00+00:00,long,23859.0,23858.75,23859.0,23834.0,23884.0,23909.0,23934.0,23959.0,72.42546020222971,near_trigger,61.42546020222972,25.0,True,False,False,False,True,stop,23834.0,23833.75,-25.25,0.0,-25.25,-1.01,34.75,28.0,1.39,1.12,12,11.0,1,2025-09-05,0.6798029556650246,1.3837209302325582,3.145374449339207,partial_bullish,1.7068767438043655,1.57783886052904,bullish,bullish,True,False,False,True,2025
420,332913,332914,332973,2025-09-10 14:03:00+00:00,2025-09-10 14:04:00+00:00,2025-09-10 15:03:00+00:00,long,23967.25,23967.25,23967.5,23942.5,23992.5,24017.5,24042.5,24067.5,71.31155273399229,near_trigger,71.31155273399229,25.0,False,False,False,False,False,max_holding_time,23966.75,23966.5,-1.0,0.0,-1.0,-0.04,23.25,22.25,0.93,0.89,60,59.0,0,2025-09-10,2.001765225066196,1.1249215317011927,2.557846506300115,partial_bearish,0.8985149130589806,1.012568331542307,bullish,bullish,True,False,False,False,2025
421,334297,334298,334300,2025-09-11 14:07:00+00:00,2025-09-11 14:08:00+00:00,2025-09-11 14:10:00+00:00,long,23998.5,23998.25,23998.5,23973.5,24023.5,24048.5,24073.5,24098.5,73.0562640865618,near_trigger,70.0562640865618,25.0,False,False,False,False,True,stop,23973.5,23973.25,-25.25,0.0,-25.25,-1.01,4.75,33.75,0.19,1.35,3,2.0,0,2025-09-11,2.24263839811543,1.669055374592834,1.4772507260406582,strong_bullish,0.7101379898849044,0.704543812011522,bullish,bullish,False,False,True,False,2025
422,335685,335686,335745,2025-09-12 14:15:00+00:00,2025-09-12 14:16:00+00:00,2025-09-12 15:15:00+00:00,long,24033.5,24032.75,24033.0,24008.0,24058.0,24083.0,24108.0,24133.0,70.07719911884658,near_trigger,61.07719911884658,25.0,True,True,True,False,False,max_holding_time,24100.75,24100.5,67.5,0.0,67.5,2.7,82.75,1.75,3.31,0.07,60,59.0,3,2025-09-12,2.4705882352941173,0.2245989304812834,0.478537360890302,partial_bearish,1.252871972318339,0.8452308697885055,bullish,bullish,False,False,True,False,2025
423,339783,339784,339787,2025-09-17 13:33:00+00:00,2025-09-17 13:34:00+00:00,2025-09-17 13:37:00+00:00,long,24507.25,24507.5,24507.75,24482.75,24532.75,24557.75,24582.75,24607.75,71.0,near_trigger,50.45898878326205,25.0,False,False,False,False,True,stop,24482.75,24482.5,-25.25,0.0,-25.25,-1.01,5.0,26.25,0.2,1.05,4,3.0,0,2025-09-17,2.093203883495146,0.3297644539614561,0.7502679528403001,partial_bearish,3.505049400269787,0.8204261710316343,bullish,bullish,False,True,True,False,2025
424,341170,341171,341180,2025-09-18 13:40:00+00:00,2025-09-18 13:41:00+00:00,2025-09-18 13:50:00+00:00,short,24642.75,24642.75,24642.5,24667.5,24617.5,24592.5,24567.5,24542.5,78.29845402766477,near_trigger,-45.298454027664775,25.0,True,False,False,False,True,stop,24667.5,24667.75,-25.25,0.0,-25.25,-1.01,43.75,49.75,1.75,1.99,10,9.0,1,2025-09-18,2.517493897477624,0.3221757322175732,1.9295154185022023,strong_bearish,2.6886753489908863,1.695356649912758,neutral,bearish,True,True,True,True,2025
425,343923,343924,343931,2025-09-22 13:33:00+00:00,2025-09-22 13:34:00+00:00,2025-09-22 13:41:00+00:00,long,24847.5,24847.25,24847.5,24822.5,24872.5,24897.5,24922.5,24947.5,74.0,near_trigger,60.96678773838172,25.0,False,False,False,False,True,stop,24822.5,24822.25,-25.25,0.0,-25.25,-1.01,10.75,26.0,0.43,1.04,8,7.0,0,2025-09-22,3.399558498896248,1.43701399688958,2.2419495213228897,strong_bullish,3.306894447834045,1.0467270029934077,bullish,bullish,False,True,True,False,2025
426,346681,346682,346683,2025-09-24 13:31:00+00:00,2025-09-24 13:32:00+00:00,2025-09-24 13:33:00+00:00,long,24862.5,24862.0,24862.25,24837.25,24887.25,24912.25,24937.25,24962.25,74.0,near_trigger,66.71219964711956,25.0,False,False,False,False,True,stop,24837.25,24837.0,-25.25,0.0,-25.25,-1.01,9.25,32.25,0.37,1.29,2,1.0,0,2025-09-24,2.130434782608696,0.1932938856015779,0.5108323831242874,strong_bearish,6.251360712518555,0.755622009569378,bullish,bullish,True,False,True,False,2025
427,346684,346685,346699,2025-09-24 13:34:00+00:00,2025-09-24 13:35:00+00:00,2025-09-24 13:49:00+00:00,long,24840.25,24840.75,24841.0,24816.0,24866.0,24891.0,24916.0,24941.0,87.27420712325126,high_probability,68.27420712325126,25.0,False,False,False,False,True,stop,24816.0,24815.75,-25.25,0.0,-25.25,-1.01,15.5,36.5,0.62,1.46,15,14.0,0,2025-09-24,3.952153110047847,0.1932938856015779,0.5108323831242874,strong_bearish,2.5549149473483586,1.0102589707115337,bullish,bullish,True,False,True,False,2025
428,346709,346710,346743,2025-09-24 13:59:00+00:00,2025-09-24 14:00:00+00:00,2025-09-24 14:33:00+00:00,long,24820.5,24821.25,24821.5,24796.5,24846.5,24871.5,24896.5,24921.5,70.36752417100053,near_trigger,70.36752417100053,25.0,False,False,False,False,True,stop,24796.5,24796.25,-25.25,0.0,-25.25,-1.01,19.5,27.5,0.78,1.1,34,33.0,0,2025-09-24,1.2342995169082125,4.142086330935252,2.2281167108753315,partial_bearish,0.8432223433354585,1.3047767558794512,bullish,bullish,True,False,False,False,2025
429,349470,349471,349473,2025-09-26 14:00:00+00:00,2025-09-26 14:01:00+00:00,2025-09-26 14:03:00+00:00,long,24722.0,24722.25,24722.5,24697.5,24747.5,24772.5,24797.5,24822.5,83.79323942199129,high_probability,83.79323942199129,25.0,False,False,False,False,True,stop,24697.5,24697.25,-25.25,0.0,-25.25,-1.01,10.75,40.5,0.43,1.62,3,2.0,0,2025-09-26,2.405349794238683,0.3765281173594131,0.4885749896136269,partial_bullish,1.3438037351380676,1.11307447408107,bullish,bullish,True,True,True,False,2025
430,352213,352214,352224,2025-09-30 13:43:00+00:00,2025-09-30 13:44:00+00:00,2025-09-30 13:54:00+00:00,long,24777.5,24777.25,24777.5,24752.5,24802.5,24827.5,24852.5,24877.5,82.6245960918536,high_probability,75.6245960918536,25.0,True,False,False,False,True,stop,24752.5,24752.25,-25.25,0.0,-25.25,-1.01,29.0,47.25,1.16,1.89,11,10.0,1,2025-09-30,1.2251486830926084,3.937937937937938,1.393886462882096,partial_bullish,1.0372922192516194,0.9788787171662778,bullish,bullish,True,False,True,True,2025
431,352233,352234,352235,2025-09-30 14:03:00+00:00,2025-09-30 14:04:00+00:00,2025-09-30 14:05:00+00:00,long,24807.5,24808.5,24808.75,24783.75,24833.75,24858.75,24883.75,24908.75,71.48659051305316,near_trigger,56.48659051305316,25.0,False,False,False,False,True,stop,24783.75,24783.5,-25.25,0.0,-25.25,-1.01,3.5,38.5,0.14,1.54,2,1.0,0,2025-09-30,1.6880382775119618,0.8687350835322196,1.675,partial_bullish,0.9958379082297066,1.2056262558606832,bullish,neutral,True,False,True,False,2025
432,352241,352242,352285,2025-09-30 14:11:00+00:00,2025-09-30 14:12:00+00:00,2025-09-30 14:55:00+00:00,long,24747.5,24747.75,24748.0,24723.0,24773.0,24798.0,24823.0,24848.0,73.0,near_trigger,32.8991732806158,25.0,True,True,True,True,False,tp4,24848.0,24847.75,99.75,0.0,99.75,3.99,106.5,0.75,4.26,0.03,44,43.0,4,2025-09-30,0.8356164383561644,1.2095188825659595,1.675,strong_bearish,1.0750342539842792,1.448120939833647,bullish,bullish,True,False,True,True,2025
433,356358,356359,356379,2025-10-03 13:48:00+00:00,2025-10-03 13:49:00+00:00,2025-10-03 14:09:00+00:00,short,25152.0,25152.25,25152.0,25177.0,25127.0,25102.0,25077.0,25052.0,70.91240761463212,near_trigger,-70.91240761463212,25.0,True,True,True,True,False,tp4,25052.0,25052.25,99.75,0.0,99.75,3.99,101.0,19.0,4.04,0.76,21,20.0,4,2025-10-03,1.3435114503816794,0.52,0.0959634424980959,partial_bullish,0.7932822227115319,0.8029012226870751,bearish,bearish,True,True,True,True,2025
434,356384,356385,356386,2025-10-03 14:14:00+00:00,2025-10-03 14:15:00+00:00,2025-10-03 14:16:00+00:00,short,25076.0,25076.0,25075.75,25100.75,25050.75,25025.75,25000.75,24975.75,72.766543074457,near_trigger,-72.766543074457,25.0,False,False,False,False,True,stop,25100.75,25101.0,-25.25,0.0,-25.25,-1.01,1.5,25.25,0.06,1.01,2,1.0,0,2025-10-03,0.1212121212121212,2.2710280373831777,0.2619354838709677,partial_bearish,0.6849388928828181,1.1656038292731414,bearish,bearish,True,True,True,False,2025
435,357722,357723,357729,2025-10-06 13:32:00+00:00,2025-10-06 13:33:00+00:00,2025-10-06 13:39:00+00:00,long,25173.25,25173.25,25173.5,25148.5,25198.5,25223.5,25248.5,25273.5,79.0,near_trigger,29.761099104035395,25.0,False,False,False,False,True,stop,25148.5,25148.25,-25.25,0.0,-25.25,-1.01,22.0,25.5,0.88,1.02,7,6.0,0,2025-10-06,2.9056603773584904,2.3,0.5821000704721635,partial_bearish,5.133507095279467,1.34896958996682,bullish,bullish,True,True,True,False,2025
436,359103,359104,359163,2025-10-07 13:33:00+00:00,2025-10-07 13:34:00+00:00,2025-10-07 14:33:00+00:00,long,25230.5,25230.5,25230.75,25205.75,25255.75,25280.75,25305.75,25330.75,86.12294446021383,high_probability,85.12294446021383,25.0,True,False,False,False,False,max_holding_time,25226.75,25226.5,-4.25,0.0,-4.25,-0.17,34.75,23.25,1.39,0.93,60,59.0,1,2025-10-07,0.6666666666666666,2.451977401129944,1.9061032863849765,partial_bearish,2.3049668514291923,0.8892988929889298,bullish,bullish,True,True,True,False,2025
437,360481,360482,360512,2025-10-08 13:31:00+00:00,2025-10-08 13:32:00+00:00,2025-10-08 14:02:00+00:00,long,25110.25,25109.75,25110.0,25085.0,25135.0,25160.0,25185.0,25210.0,72.08796897336563,near_trigger,51.08796897336563,25.0,True,True,True,True,False,tp4,25210.0,25209.75,99.75,0.0,99.75,3.99,101.0,0.5,4.04,0.02,31,30.0,4,2025-10-08,1.7192982456140349,1.4037940379403793,1.3274900398406375,strong_bullish,7.082348226808255,1.1449709125302858,bullish,bullish,True,True,True,False,2025
438,360518,360519,360532,2025-10-08 14:08:00+00:00,2025-10-08 14:09:00+00:00,2025-10-08 14:22:00+00:00,long,25214.75,25215.5,25215.75,25193.75,25240.75,25265.75,25290.75,25315.75,76.65307417898185,near_trigger,76.65307417898185,22.0,False,False,False,False,True,stop,25193.75,25193.5,-22.25,0.0,-22.25,-1.0113636363636365,15.25,31.75,0.6931818181818182,1.443181818181818,14,13.0,0,2025-10-08,1.0526315789473684,2.1760113555713274,3.789864029666255,strong_bullish,0.6862236964859542,0.9175202006902192,bullish,bullish,False,True,True,False,2025
439,361870,361871,361881,2025-10-09 13:40:00+00:00,2025-10-09 13:41:00+00:00,2025-10-09 13:51:00+00:00,short,25290.5,25291.0,25290.75,25315.75,25265.75,25240.75,25215.75,25190.75,85.24942513035964,high_probability,-85.24942513035964,25.0,True,False,False,False,True,stop,25315.75,25316.0,-25.25,0.0,-25.25,-1.01,37.0,26.25,1.48,1.05,11,10.0,1,2025-10-09,1.2018561484918795,1.0626506024096385,0.8476286579212916,partial_bearish,1.7475966790474111,1.0559144575629316,bearish,bearish,True,True,True,False,2025
440,363242,363243,363247,2025-10-10 13:32:00+00:00,2025-10-10 13:33:00+00:00,2025-10-10 13:37:00+00:00,short,25335.75,25336.0,25335.75,25360.75,25310.75,25285.75,25260.75,25235.75,71.14596967543403,near_trigger,-56.14596967543403,25.0,False,False,False,False,True,stop,25360.75,25361.0,-25.25,0.0,-25.25,-1.01,15.5,36.75,0.62,1.47,5,4.0,0,2025-10-10,3.2270363951473136,0.2828282828282828,0.899441340782123,partial_bullish,3.338787914207235,0.8469852188996456,bearish,bearish,True,True,False,False,2025
441,363261,363262,363268,2025-10-10 13:51:00+00:00,2025-10-10 13:52:00+00:00,2025-10-10 13:58:00+00:00,short,25329.25,25329.0,25328.75,25353.75,25303.75,25278.75,25253.75,25228.75,73.93683833521212,near_trigger,-53.93683833521212,25.0,False,False,False,False,True,stop,25353.75,25354.0,-25.25,0.0,-25.25,-1.01,3.0,33.75,0.12,1.35,7,6.0,0,2025-10-10,3.109302325581395,2.4585365853658536,1.8718354430379749,partial_bullish,1.1839438744445152,1.1448557067032232,bearish,bearish,True,False,False,False,2025
442,363272,363273,363286,2025-10-10 14:02:00+00:00,2025-10-10 14:03:00+00:00,2025-10-10 14:16:00+00:00,long,25343.75,25343.75,25344.0,25319.0,25369.0,25394.0,25419.0,25444.0,82.02168727651988,high_probability,82.02168727651988,25.0,False,False,False,False,True,stop,25319.0,25318.75,-25.25,0.0,-25.25,-1.01,11.75,42.25,0.47,1.69,14,13.0,0,2025-10-10,0.1354441512752858,1.199098422238918,2.372060857538036,partial_bullish,1.330747455751129,1.4967500275421397,bullish,bullish,True,True,True,False,2025
443,364632,364633,364648,2025-10-13 13:42:00+00:00,2025-10-13 13:43:00+00:00,2025-10-13 13:58:00+00:00,long,24781.25,24780.75,24781.0,24756.0,24806.0,24831.0,24856.0,24881.0,77.9784344219803,near_trigger,20.978434421980296,25.0,True,True,True,True,False,tp4,24881.0,24880.75,99.75,0.0,99.75,3.99,104.5,12.0,4.18,0.48,16,15.0,4,2025-10-13,0.7475375842405392,2.536487166582788,0.2240779401530967,partial_bullish,1.2314913994077248,1.5837773230962462,neutral,bullish,True,True,True,False,2025
444,364655,364656,364657,2025-10-13 14:05:00+00:00,2025-10-13 14:06:00+00:00,2025-10-13 14:07:00+00:00,long,24909.25,24909.5,24909.75,24884.75,24934.75,24959.75,24984.75,25009.75,73.70270308857775,near_trigger,73.70270308857775,25.0,False,False,False,False,True,stop,24884.75,24884.5,-25.25,0.0,-25.25,-1.01,2.0,26.75,0.08,1.07,2,1.0,0,2025-10-13,0.363951473136915,2.869014084507042,1.0363182700304965,strong_bullish,0.9559493827351244,1.352674960099696,bullish,bullish,False,False,True,False,2025
445,364662,364663,364669,2025-10-13 14:12:00+00:00,2025-10-13 14:13:00+00:00,2025-10-13 14:19:00+00:00,long,24886.5,24886.75,24887.0,24862.0,24912.0,24937.0,24962.0,24987.0,79.0,near_trigger,70.71778709773741,25.0,False,False,False,False,True,stop,24862.0,24861.75,-25.25,0.0,-25.25,-1.01,17.5,28.0,0.7,1.12,7,6.0,0,2025-10-13,0.1636060100166945,1.8282469836763664,1.0363182700304965,partial_bullish,1.4853731343283585,2.22488202842324,bullish,bullish,True,False,True,False,2025
446,366017,366018,366023,2025-10-14 13:47:00+00:00,2025-10-14 13:48:00+00:00,2025-10-14 13:53:00+00:00,short,24489.25,24490.0,24489.75,24514.75,24464.75,24439.75,24414.75,24389.75,71.0,near_trigger,-41.83396773608845,25.0,True,False,False,False,True,stop,24514.75,24515.0,-25.25,0.0,-25.25,-1.01,29.25,57.25,1.17,2.29,6,5.0,1,2025-10-14,0.6851549755301795,4.323793250747544,3.2024048096192383,partial_bearish,1.0352116084826255,1.843042628978513,bearish,bearish,False,True,True,False,2025
447,366045,366046,366046,2025-10-14 14:15:00+00:00,2025-10-14 14:16:00+00:00,2025-10-14 14:16:00+00:00,short,24606.75,24607.25,24607.0,24632.0,24582.0,24557.0,24532.0,24507.0,72.53616161616162,near_trigger,-45.53616161616162,25.0,False,False,False,False,True,stop,24632.0,24632.25,-25.25,0.0,-25.25,-1.01,1.0,25.0,0.04,1.0,1,0.0,0,2025-10-14,0.7,2.718578352180937,0.0619773733398917,strong_bullish,1.1846774754714355,1.6639585598573052,bearish,bearish,True,True,False,False,2025
448,368761,368762,368762,2025-10-16 13:31:00+00:00,2025-10-16 13:32:00+00:00,2025-10-16 13:32:00+00:00,long,25105.0,25105.25,25105.5,25080.5,25130.5,25155.5,25180.5,25205.5,72.4112713111972,near_trigger,59.4112713111972,25.0,False,False,False,False,True,stop,25080.5,25080.25,-25.25,0.0,-25.25,-1.01,0.5,35.0,0.02,1.4,1,0.0,0,2025-10-16,3.4505776636713734,1.052722558340536,0.4791537025513379,partial_bullish,7.330344343794797,1.4480668542473776,bullish,bullish,True,True,True,False,2025
449,368767,368768,368770,2025-10-16 13:37:00+00:00,2025-10-16 13:38:00+00:00,2025-10-16 13:40:00+00:00,long,25069.75,25070.25,25070.5,25045.5,25095.5,25120.5,25145.5,25170.5,72.54476967933286,near_trigger,70.54476967933286,25.0,False,False,False,False,True,stop,25045.5,25045.25,-25.25,0.0,-25.25,-1.01,15.5,34.5,0.62,1.38,3,2.0,0,2025-10-16,0.398576512455516,0.5641025641025641,0.4791537025513379,partial_bullish,1.86197276652275,1.0440845636983953,bullish,bullish,False,True,True,True,2025
450,368775,368776,368777,2025-10-16 13:45:00+00:00,2025-10-16 13:46:00+00:00,2025-10-16 13:47:00+00:00,long,25123.25,25123.0,25123.25,25098.25,25148.25,25173.25,25198.25,25223.25,70.3115255858441,near_trigger,57.311525585844095,25.0,False,False,False,False,True,stop,25098.25,25098.0,-25.25,0.0,-25.25,-1.01,2.25,61.0,0.09,2.44,2,1.0,0,2025-10-16,3.314203730272597,0.7609756097560976,1.2119168071950537,strong_bullish,2.1959781922896475,1.7140079172164735,bullish,bullish,True,True,True,True,2025
451,368778,368779,368780,2025-10-16 13:48:00+00:00,2025-10-16 13:49:00+00:00,2025-10-16 13:50:00+00:00,long,25068.0,25068.0,25068.25,25043.25,25093.25,25118.25,25143.25,25168.25,71.5181918408755,near_trigger,63.5181918408755,25.0,False,False,False,False,True,stop,25043.25,25043.0,-25.25,0.0,-25.25,-1.01,3.0,42.25,0.12,1.69,2,1.0,0,2025-10-16,0.8632707774798928,0.7609756097560976,1.2119168071950537,partial_bullish,1.040528397426227,1.3907981484079115,bullish,bullish,True,True,True,True,2025
452,368781,368782,368802,2025-10-16 13:51:00+00:00,2025-10-16 13:52:00+00:00,2025-10-16 14:12:00+00:00,long,25043.0,25042.5,25042.75,25017.75,25067.75,25092.75,25117.75,25142.75,73.0,near_trigger,73.0,25.0,True,True,False,False,True,stop,25017.75,25017.5,-25.25,0.0,-25.25,-1.01,53.75,29.25,2.15,1.17,21,20.0,2,2025-10-16,2.452028332260141,0.626360338573156,1.2119168071950537,partial_bearish,1.1141784386171876,1.486399041342121,bullish,bullish,True,True,True,False,2025
453,370140,370141,370141,2025-10-17 13:30:00+00:00,2025-10-17 13:31:00+00:00,2025-10-17 13:31:00+00:00,short,24704.75,24705.0,24704.75,24729.75,24679.75,24654.75,24629.75,24604.75,72.10904305772648,near_trigger,-44.10904305772648,25.0,False,False,False,False,True,stop,24729.75,24730.0,-25.25,0.0,-25.25,-1.01,3.75,50.5,0.15,2.02,1,0.0,0,2025-10-17,2.020997375328084,0.3876698014629048,0.3077790304396843,strong_bearish,6.768858622774959,1.2897278666185723,neutral,bearish,True,True,True,False,2025
454,370148,370149,370158,2025-10-17 13:38:00+00:00,2025-10-17 13:39:00+00:00,2025-10-17 13:48:00+00:00,short,24758.25,24758.75,24758.5,24783.5,24733.5,24708.5,24683.5,24658.5,71.80310763999579,near_trigger,-37.80310763999579,25.0,True,True,True,False,True,stop,24783.5,24783.75,-25.25,0.0,-25.25,-1.01,86.25,25.5,3.45,1.02,10,9.0,3,2025-10-17,0.0645756457564575,0.3975791433891993,0.3077790304396843,partial_bearish,1.61300648966407,1.3912897962598838,neutral,bearish,True,True,True,False,2025
455,371520,371521,371577,2025-10-20 13:30:00+00:00,2025-10-20 13:31:00+00:00,2025-10-20 14:27:00+00:00,long,25173.25,25172.75,25173.0,25148.0,25198.0,25223.0,25248.0,25273.0,70.07808535403784,near_trigger,49.07808535403784,25.0,True,True,True,True,False,tp4,25273.0,25272.75,99.75,0.0,99.75,3.99,107.0,5.25,4.28,0.21,57,56.0,4,2025-10-20,3.5,1.6470588235294117,1.17,partial_bullish,11.986460168784198,1.260705019410468,bullish,bullish,True,True,True,False,2025
456,372918,372919,372920,2025-10-21 13:48:00+00:00,2025-10-21 13:49:00+00:00,2025-10-21 13:50:00+00:00,short,25225.5,25225.5,25225.25,25250.25,25200.25,25175.25,25150.25,25125.25,73.67063520445011,near_trigger,-70.67063520445011,25.0,False,False,False,False,True,stop,25250.25,25250.5,-25.25,0.0,-25.25,-1.01,6.0,48.25,0.24,1.93,2,1.0,0,2025-10-21,1.324324324324324,1.2151431209602954,2.2777777777777777,strong_bearish,1.0715958189384769,1.0028196032710706,bearish,bearish,False,True,True,False,2025
457,372921,372922,372950,2025-10-21 13:51:00+00:00,2025-10-21 13:52:00+00:00,2025-10-21 14:20:00+00:00,short,25258.25,25258.25,25258.0,25283.0,25233.0,25208.0,25183.0,25158.0,75.74336715142232,near_trigger,-60.74336715142232,25.0,True,False,False,False,True,stop,25283.0,25283.25,-25.25,0.0,-25.25,-1.01,46.0,28.0,1.84,1.12,29,28.0,1,2025-10-21,0.022801302931596,1.7845394736842104,2.2777777777777777,partial_bearish,0.8332864412093345,0.7893334145561427,bearish,bearish,True,True,True,False,2025
458,372958,372959,372964,2025-10-21 14:28:00+00:00,2025-10-21 14:29:00+00:00,2025-10-21 14:34:00+00:00,short,25208.75,25208.75,25208.5,25233.5,25183.5,25158.5,25133.5,25108.5,83.4,high_probability,-70.4,25.0,False,False,False,False,True,stop,25233.5,25233.75,-25.25,0.0,-25.25,-1.01,5.5,25.5,0.22,1.02,6,5.0,0,2025-10-21,2.99290780141844,1.002733734281028,1.8351719662556785,partial_bearish,1.892078865444483,2.419692692002446,bearish,bearish,False,True,True,False,2025
459,374336,374337,374352,2025-10-22 14:26:00+00:00,2025-10-22 14:27:00+00:00,2025-10-22 14:42:00+00:00,short,25177.0,25177.25,25177.0,25202.0,25152.0,25127.0,25102.0,25077.0,82.33333333333334,high_probability,-61.33333333333334,25.0,True,True,True,True,False,tp4,25077.0,25077.25,99.75,0.0,99.75,3.99,100.0,3.5,4.0,0.14,16,15.0,4,2025-10-22,2.4858536585365854,1.6531365313653137,1.2541133455210238,strong_bearish,1.5501965160852056,1.6840263135700428,bearish,bearish,False,True,True,False,2025
460,375714,375715,375774,2025-10-23 14:24:00+00:00,2025-10-23 14:25:00+00:00,2025-10-23 15:24:00+00:00,long,25154.75,25155.25,25155.5,25130.5,25180.5,25205.5,25230.5,25255.5,96.40181097906056,a_plus_plus,62.40181097906056,25.0,True,False,False,False,False,max_holding_time,25165.25,25165.0,9.5,0.0,9.5,0.38,43.75,22.25,1.75,0.89,60,59.0,1,2025-10-23,2.7928692699490663,1.7852789498359118,2.595959595959596,partial_bullish,1.2565084414998728,1.7203287080695135,bullish,bullish,True,True,True,True,2025
461,377042,377043,377102,2025-10-24 13:32:00+00:00,2025-10-24 13:33:00+00:00,2025-10-24 14:32:00+00:00,long,25463.75,25463.5,25463.75,25438.75,25488.75,25513.75,25538.75,25563.75,73.82841981233497,near_trigger,46.82841981233497,25.0,True,True,True,False,False,max_holding_time,25484.75,25484.5,20.75,0.0,20.75,0.83,86.75,2.5,3.47,0.1,60,59.0,3,2025-10-24,0.8944444444444444,0.0931780366056572,2.780249593054802,partial_bearish,3.3745352711119696,0.90164357406404,bullish,bullish,True,True,False,False,2025
462,378426,378427,378486,2025-10-27 13:36:00+00:00,2025-10-27 13:37:00+00:00,2025-10-27 14:36:00+00:00,long,25820.0,25820.5,25820.75,25795.75,25845.75,25870.75,25895.75,25920.75,70.93742082199071,near_trigger,70.93742082199071,25.0,True,True,False,False,False,max_holding_time,25885.25,25885.0,64.25,0.0,64.25,2.57,66.5,12.5,2.66,0.5,60,59.0,2,2025-10-27,1.6038543897216275,1.1366711772665763,1.659378596087457,strong_bearish,1.950744738168483,0.8240943332501212,bullish,bullish,True,True,False,False,2025
463,382564,382565,382570,2025-10-30 13:34:00+00:00,2025-10-30 13:35:00+00:00,2025-10-30 13:40:00+00:00,short,26043.5,26043.75,26043.5,26068.5,26018.5,25993.5,25968.5,25943.5,95.06355588141258,a_plus_plus,-53.06355588141258,25.0,True,True,True,True,False,tp4,25943.5,25943.75,99.75,0.0,99.75,3.99,102.0,0.75,4.08,0.03,6,5.0,4,2025-10-30,4.033480176211454,1.3504566210045663,1.974921630094044,partial_bearish,2.5139324993013203,1.1922378238463158,bearish,bearish,True,True,True,False,2025
464,382599,382600,382604,2025-10-30 14:09:00+00:00,2025-10-30 14:10:00+00:00,2025-10-30 14:14:00+00:00,short,26092.5,26092.5,26092.25,26117.25,26067.25,26042.25,26017.25,25992.25,81.65158740303028,high_probability,-61.65158740303028,25.0,True,False,False,False,True,stop,26117.25,26117.5,-25.25,0.0,-25.25,-1.01,32.5,26.25,1.3,1.05,5,4.0,1,2025-10-30,0.2042730588848358,2.5467105263157896,0.1121281464530892,partial_bullish,1.2098516491430218,2.234904417927126,bearish,bearish,True,False,True,False,2025
465,382607,382608,382608,2025-10-30 14:17:00+00:00,2025-10-30 14:18:00+00:00,2025-10-30 14:18:00+00:00,short,26047.5,26047.0,26046.75,26071.75,26021.75,25996.75,25971.75,25946.75,76.51989327330976,near_trigger,-60.51989327330976,25.0,False,False,False,False,True,stop,26071.75,26072.0,-25.25,0.0,-25.25,-1.01,5.75,35.5,0.23,1.42,1,0.0,0,2025-10-30,0.7395132055929571,0.885009030704395,0.3058339758416859,partial_bullish,1.1683073794024257,2.0510329248594226,bearish,bearish,False,False,True,False,2025
466,382613,382614,382617,2025-10-30 14:23:00+00:00,2025-10-30 14:24:00+00:00,2025-10-30 14:27:00+00:00,short,26022.25,26022.5,26022.25,26047.25,25997.25,25972.25,25947.25,25922.25,81.73058758923668,high_probability,-60.73058758923668,25.0,False,False,False,False,True,stop,26047.25,26047.5,-25.25,0.0,-25.25,-1.01,15.5,26.0,0.62,1.04,4,3.0,0,2025-10-30,1.6068094453596924,1.346693386773547,0.3058339758416859,partial_bearish,1.0378272118873133,1.6258137560147183,bearish,bearish,False,True,True,False,2025
467,383991,383992,383993,2025-10-31 14:21:00+00:00,2025-10-31 14:22:00+00:00,2025-10-31 14:23:00+00:00,short,26068.0,26067.5,26067.25,26092.25,26042.25,26017.25,25992.25,25967.25,90.40092850510678,a_plus_plus,-65.40092850510678,25.0,False,False,False,False,True,stop,26092.25,26092.5,-25.25,0.0,-25.25,-1.01,10.25,32.0,0.41,1.28,2,1.0,0,2025-10-31,1.7158774373259051,0.0,3.4302382109868743,partial_bearish,1.7887748703606017,1.8923870696009264,bearish,bearish,True,True,True,False,2025
468,383994,383995,384001,2025-10-31 14:24:00+00:00,2025-10-31 14:25:00+00:00,2025-10-31 14:31:00+00:00,short,26101.5,26102.0,26101.75,26126.75,26076.75,26051.75,26026.75,26001.75,73.0,near_trigger,-56.27215460803325,25.0,False,False,False,False,True,stop,26126.75,26127.0,-25.25,0.0,-25.25,-1.01,5.5,27.25,0.22,1.09,7,6.0,0,2025-10-31,0.4885215794306703,0.0,3.4302382109868743,partial_bearish,0.8636648737004162,1.1164344856391737,bearish,bearish,True,True,True,False,2025
469,386703,386704,386705,2025-11-04 14:33:00+00:00,2025-11-04 14:34:00+00:00,2025-11-04 14:35:00+00:00,short,25673.0,25672.5,25672.25,25697.25,25647.25,25622.25,25597.25,25572.25,76.46666666666667,near_trigger,-55.46666666666667,25.0,False,False,False,False,True,stop,25697.25,25697.5,-25.25,0.0,-25.25,-1.01,9.25,26.5,0.37,1.06,2,1.0,0,2025-11-04,3.119565217391304,1.8010610079575595,0.0595111583421891,partial_bearish,4.196265938069217,1.6955181772182957,bearish,bearish,True,True,False,False,2025
470,386731,386732,386736,2025-11-04 15:01:00+00:00,2025-11-04 15:02:00+00:00,2025-11-04 15:06:00+00:00,long,25877.75,25877.75,25878.0,25853.0,25903.0,25928.0,25953.0,25978.0,73.40718131116664,near_trigger,73.40718131116664,25.0,False,False,False,False,True,stop,25853.0,25852.75,-25.25,0.0,-25.25,-1.01,8.0,28.0,0.32,1.12,5,4.0,0,2025-11-04,0.9220103986135182,4.223493516399695,3.265831842576029,strong_bullish,0.480604443914579,0.5459162082099027,bullish,bullish,False,False,True,False,2025
471,386756,386757,386760,2025-11-04 15:26:00+00:00,2025-11-04 15:27:00+00:00,2025-11-04 15:30:00+00:00,long,25882.25,25882.75,25883.0,25858.0,25908.0,25933.0,25958.0,25983.0,76.44025449059694,near_trigger,67.44025449059694,25.0,False,False,False,False,True,stop,25858.0,25857.75,-25.25,0.0,-25.25,-1.01,6.5,28.0,0.26,1.12,4,3.0,0,2025-11-04,0.8955223880597015,0.0573343261355175,2.6067646053980185,partial_bullish,1.6505336311739889,1.3744923162779163,bullish,bullish,False,True,True,False,2025
472,388080,388081,388081,2025-11-05 14:30:00+00:00,2025-11-05 14:31:00+00:00,2025-11-05 14:31:00+00:00,long,25569.0,25569.5,25569.75,25544.75,25594.75,25619.75,25644.75,25669.75,70.86946684207928,near_trigger,41.86946684207928,25.0,False,False,False,False,True,stop,25544.75,25544.5,-25.25,0.0,-25.25,-1.01,6.5,46.75,0.26,1.87,1,0.0,0,2025-11-05,2.0340314136125657,0.9977011494252874,0.6192842942345924,partial_bullish,8.709298787114724,0.9757927037163314,bullish,bullish,True,True,True,False,2025
473,388087,388088,388101,2025-11-05 14:37:00+00:00,2025-11-05 14:38:00+00:00,2025-11-05 14:51:00+00:00,long,25533.0,25532.75,25533.0,25508.0,25558.0,25583.0,25608.0,25633.0,81.75323354237555,high_probability,46.753233542375554,25.0,True,True,True,True,False,tp4,25633.0,25632.75,99.75,0.0,99.75,3.99,104.0,24.25,4.16,0.97,14,13.0,4,2025-11-05,0.2028985507246376,2.653896961690885,0.6192842942345924,partial_bearish,2.362211120588116,1.3311564459770815,bullish,bullish,False,True,True,False,2025
474,388116,388117,388117,2025-11-05 15:06:00+00:00,2025-11-05 15:07:00+00:00,2025-11-05 15:07:00+00:00,long,25704.25,25704.75,25705.0,25680.0,25730.0,25755.0,25780.0,25805.0,80.69774014038603,high_probability,67.69774014038603,25.0,False,False,False,False,True,stop,25680.0,25679.75,-25.25,0.0,-25.25,-1.01,0.5,38.25,0.02,1.53,1,0.0,0,2025-11-05,1.439888811674774,2.2633711507293355,1.9455732946298985,strong_bullish,1.574522216284164,2.0008225965355293,bullish,bullish,False,True,True,False,2025
475,388124,388125,388131,2025-11-05 15:14:00+00:00,2025-11-05 15:15:00+00:00,2025-11-05 15:21:00+00:00,long,25648.0,25648.5,25648.75,25623.75,25673.75,25698.75,25723.75,25748.75,73.0,near_trigger,72.1189512308616,25.0,False,False,False,False,True,stop,25623.75,25623.5,-25.25,0.0,-25.25,-1.01,24.75,30.25,0.99,1.21,7,6.0,0,2025-11-05,1.2253618194348723,3.1919792053471965,1.9455732946298985,partial_bullish,0.7693429279630853,1.0897560501506462,bullish,bullish,True,True,True,False,2025
476,388134,388135,388188,2025-11-05 15:24:00+00:00,2025-11-05 15:25:00+00:00,2025-11-05 16:18:00+00:00,long,25684.0,25684.0,25684.25,25659.25,25709.25,25734.25,25759.25,25784.25,77.27192290488175,near_trigger,59.27192290488175,25.0,True,True,False,False,True,stop,25659.25,25659.0,-25.25,0.0,-25.25,-1.01,52.25,26.0,2.09,1.04,54,53.0,2,2025-11-05,1.5191256830601092,0.3746835443037974,1.1796657381615598,partial_bullish,0.8009778031546643,1.0701599637637973,bullish,bullish,True,True,True,True,2025
477,389478,389479,389479,2025-11-06 14:48:00+00:00,2025-11-06 14:49:00+00:00,2025-11-06 14:49:00+00:00,long,25668.5,25668.5,25668.75,25643.75,25693.75,25718.75,25743.75,25768.75,86.03343653979564,high_probability,78.03343653979564,25.0,False,False,False,False,True,stop,25643.75,25643.5,-25.25,0.0,-25.25,-1.01,1.5,40.0,0.06,1.6,1,0.0,0,2025-11-06,2.4775280898876404,3.341935483870968,5.298701298701299,partial_bearish,0.9441438859231128,0.9765714751595378,bullish,bullish,True,True,True,False,2025
478,389480,389481,389481,2025-11-06 14:50:00+00:00,2025-11-06 14:51:00+00:00,2025-11-06 14:51:00+00:00,long,25599.75,25600.0,25600.25,25575.25,25625.25,25650.25,25675.25,25700.25,79.0,near_trigger,53.051805985552114,25.0,False,False,False,False,True,stop,25575.25,25575.0,-25.25,0.0,-25.25,-1.01,5.5,35.5,0.22,1.42,1,0.0,0,2025-11-06,1.4736842105263157,1.6502679006332197,5.298701298701299,strong_bearish,1.7583947971524956,1.7707489430650771,bullish,bullish,True,True,True,False,2025
479,389482,389483,389485,2025-11-06 14:52:00+00:00,2025-11-06 14:53:00+00:00,2025-11-06 14:55:00+00:00,long,25571.5,25572.0,25572.25,25547.25,25597.25,25622.25,25647.25,25672.25,80.11529711418456,high_probability,56.11529711418456,25.0,False,False,False,False,True,stop,25547.25,25547.0,-25.25,0.0,-25.25,-1.01,13.25,25.75,0.53,1.03,3,2.0,0,2025-11-06,2.739308728763913,1.6502679006332197,5.298701298701299,strong_bearish,1.2353321925928775,1.7561473356231154,bullish,neutral,True,True,True,False,2025
480,389486,389487,389487,2025-11-06 14:56:00+00:00,2025-11-06 14:57:00+00:00,2025-11-06 14:57:00+00:00,long,25555.75,25555.75,25556.0,25531.0,25581.0,25606.0,25631.0,25656.0,73.0,near_trigger,56.27190117600999,25.0,False,False,False,False,True,stop,25531.0,25530.75,-25.25,0.0,-25.25,-1.01,1.5,28.75,0.06,1.15,1,0.0,0,2025-11-06,0.4555694618272841,2.744301699129714,5.298701298701299,strong_bearish,0.7530559887318276,1.0852052882916352,bullish,bullish,True,False,True,False,2025
481,389490,389491,389510,2025-11-06 15:00:00+00:00,2025-11-06 15:01:00+00:00,2025-11-06 15:20:00+00:00,short,25485.5,25485.25,25485.0,25510.0,25460.0,25435.0,25410.0,25385.0,71.47073180879555,near_trigger,-57.47073180879555,25.0,True,True,True,False,True,stop,25510.0,25510.25,-25.25,0.0,-25.25,-1.01,80.75,32.25,3.23,1.29,20,19.0,3,2025-11-06,2.5802615933412607,2.866227219852656,5.983703703703704,strong_bearish,1.9087223587223587,2.1826380742998825,bearish,bearish,False,True,False,False,2025
482,389511,389512,389513,2025-11-06 15:21:00+00:00,2025-11-06 15:22:00+00:00,2025-11-06 15:23:00+00:00,short,25513.0,25513.0,25512.75,25537.75,25487.75,25462.75,25437.75,25412.75,73.0,near_trigger,-52.40689738599082,25.0,False,False,False,False,True,stop,25537.75,25538.0,-25.25,0.0,-25.25,-1.01,8.0,25.5,0.32,1.02,2,1.0,0,2025-11-06,1.9391304347826088,1.1428571428571428,6.420560747663552,partial_bearish,0.6207294713267902,0.9377036611079164,bearish,bearish,True,True,True,False,2025
483,390852,390853,390853,2025-11-07 14:42:00+00:00,2025-11-07 14:43:00+00:00,2025-11-07 14:43:00+00:00,short,24942.5,24942.5,24942.25,24967.25,24917.25,24892.25,24867.25,24842.25,71.1979506884406,near_trigger,-67.1979506884406,25.0,False,False,False,False,True,stop,24967.25,24967.5,-25.25,0.0,-25.25,-1.01,0.25,50.5,0.01,2.02,1,0.0,0,2025-11-07,0.228626320845341,4.538669064748201,0.0709085153529598,partial_bearish,1.4613708022091965,1.655757750125872,bearish,bearish,False,True,True,True,2025
484,390881,390882,390885,2025-11-07 15:11:00+00:00,2025-11-07 15:12:00+00:00,2025-11-07 15:15:00+00:00,short,25005.25,25004.5,25004.25,25029.25,24979.25,24954.25,24929.25,24904.25,71.0,near_trigger,-44.024559502780505,25.0,False,False,False,False,True,stop,25029.25,25029.5,-25.25,0.0,-25.25,-1.01,17.5,39.0,0.7,1.56,4,3.0,0,2025-11-07,3.050049067713444,0.0818952910207663,0.7986203236932873,partial_bearish,1.1319834427482929,1.865441432047272,bearish,bearish,False,True,True,False,2025
485,394996,394997,395011,2025-11-12 14:46:00+00:00,2025-11-12 14:47:00+00:00,2025-11-12 15:01:00+00:00,short,25596.5,25596.75,25596.5,25621.5,25571.5,25546.5,25521.5,25496.5,74.33333333333334,near_trigger,-48.33333333333334,25.0,True,False,False,False,True,stop,25621.5,25621.75,-25.25,0.0,-25.25,-1.01,35.0,37.5,1.4,1.5,15,14.0,1,2025-11-12,2.609992542878449,6.36161776367962,3.886309805779252,strong_bearish,2.0512492402188167,2.094517896662393,neutral,bearish,False,True,True,False,2025
486,396365,396366,396373,2025-11-13 14:35:00+00:00,2025-11-13 14:36:00+00:00,2025-11-13 14:43:00+00:00,short,25401.75,25402.25,25402.0,25427.0,25377.0,25352.0,25327.0,25302.0,92.46666666666668,a_plus_plus,-71.46666666666667,25.0,True,True,True,True,False,tp4,25302.0,25302.25,99.75,0.0,99.75,3.99,104.0,2.0,4.16,0.08,8,7.0,4,2025-11-13,2.1153846153846154,0.4076999012833168,2.4486055776892437,strong_bearish,4.16390892592988,1.752615700622633,bearish,bearish,True,True,True,False,2025
487,396383,396384,396387,2025-11-13 14:53:00+00:00,2025-11-13 14:54:00+00:00,2025-11-13 14:57:00+00:00,short,25378.75,25379.0,25378.75,25403.75,25353.75,25328.75,25303.75,25278.75,71.80339750849377,near_trigger,-71.80339750849377,25.0,True,False,False,False,True,stop,25403.75,25404.0,-25.25,0.0,-25.25,-1.01,28.75,39.25,1.15,1.57,4,3.0,1,2025-11-13,1.648924122310306,3.5257652072839982,4.842008007391438,partial_bearish,0.9084473400979584,1.5099393498765952,bearish,bearish,True,False,False,False,2025
488,396391,396392,396397,2025-11-13 15:01:00+00:00,2025-11-13 15:02:00+00:00,2025-11-13 15:07:00+00:00,short,25367.75,25367.75,25367.5,25392.5,25342.5,25317.5,25292.5,25267.5,70.79977298524403,near_trigger,-57.79977298524403,25.0,True,False,False,False,True,stop,25392.5,25392.75,-25.25,0.0,-25.25,-1.01,43.75,38.5,1.75,1.54,6,5.0,1,2025-11-13,0.8263337116912599,0.9908567558415172,2.0691205394773813,strong_bearish,1.1123460959808409,1.593069785849347,bearish,bearish,True,True,False,False,2025
489,396411,396412,396427,2025-11-13 15:21:00+00:00,2025-11-13 15:22:00+00:00,2025-11-13 15:37:00+00:00,short,25413.25,25413.25,25413.0,25438.0,25388.0,25363.0,25338.0,25313.0,81.26066066066066,high_probability,-76.26066066066066,25.0,True,True,True,True,False,tp4,25313.0,25313.25,99.75,0.0,99.75,3.99,120.0,10.5,4.8,0.42,16,15.0,4,2025-11-13,2.4954954954954958,1.2398239823982398,0.4191616766467066,partial_bearish,1.151810603714128,1.7064873654492672,bearish,bearish,False,True,True,True,2025
490,397740,397741,397746,2025-11-14 14:30:00+00:00,2025-11-14 14:31:00+00:00,2025-11-14 14:36:00+00:00,short,24698.0,24697.25,24697.0,24722.0,24672.0,24647.0,24622.0,24597.0,85.67203421625271,high_probability,-69.67203421625271,25.0,True,True,False,False,True,stop,24722.0,24722.25,-25.25,0.0,-25.25,-1.01,71.0,89.5,2.84,3.58,6,5.0,2,2025-11-14,1.9772511848341232,0.6487804878048781,0.4192708333333333,strong_bearish,6.875,1.317532077736925,bearish,bearish,True,True,True,False,2025
491,397747,397748,397748,2025-11-14 14:37:00+00:00,2025-11-14 14:38:00+00:00,2025-11-14 14:38:00+00:00,short,24774.75,24774.5,24774.25,24799.25,24749.25,24724.25,24699.25,24674.25,84.00147011824865,high_probability,-65.00147011824865,25.0,False,False,False,False,True,stop,24799.25,24799.5,-25.25,0.0,-25.25,-1.01,6.0,44.25,0.24,1.77,1,0.0,0,2025-11-14,3.4829931972789114,2.28381190178943,0.4192708333333333,partial_bearish,1.9935728795497685,1.7775303418327582,bearish,bearish,True,True,True,False,2025
492,397749,397750,397751,2025-11-14 14:39:00+00:00,2025-11-14 14:40:00+00:00,2025-11-14 14:41:00+00:00,short,24800.5,24800.25,24800.0,24825.0,24775.0,24750.0,24725.0,24700.0,83.03621399176954,high_probability,-76.03621399176954,25.0,False,False,False,False,True,stop,24825.0,24825.25,-25.25,0.0,-25.25,-1.01,22.75,38.75,0.91,1.55,2,1.0,0,2025-11-14,3.864197530864197,2.28381190178943,0.4192708333333333,partial_bearish,1.4246862517351766,1.646733302225824,bearish,bearish,True,True,True,False,2025
493,397777,397778,397780,2025-11-14 15:07:00+00:00,2025-11-14 15:08:00+00:00,2025-11-14 15:10:00+00:00,short,24928.5,24928.0,24927.75,24952.75,24902.75,24877.75,24852.75,24827.75,73.13333333333333,near_trigger,-60.133333333333326,25.0,False,False,False,False,True,stop,24952.75,24953.0,-25.25,0.0,-25.25,-1.01,15.75,45.0,0.63,1.8,3,2.0,0,2025-11-14,0.0443238353686114,1.7348927875243665,3.3227848101265822,strong_bullish,1.0594972955774735,1.940781599625332,bearish,bearish,True,True,False,False,2025
494,397782,397783,397785,2025-11-14 15:12:00+00:00,2025-11-14 15:13:00+00:00,2025-11-14 15:15:00+00:00,short,24874.75,24874.5,24874.25,24899.25,24849.25,24824.25,24799.25,24774.25,90.79682271896527,a_plus_plus,-77.79682271896527,25.0,False,False,False,False,True,stop,24899.25,24899.5,-25.25,0.0,-25.25,-1.01,11.75,63.5,0.47,2.54,3,2.0,0,2025-11-14,1.2695065373260228,1.5527005768222335,3.3227848101265822,partial_bullish,1.40735591888543,2.206805042176097,bearish,bearish,True,True,True,False,2025
495,397786,397787,397797,2025-11-14 15:16:00+00:00,2025-11-14 15:17:00+00:00,2025-11-14 15:27:00+00:00,short,24970.25,24970.25,24970.0,24995.0,24945.0,24920.0,24895.0,24870.0,79.0,near_trigger,-67.7680879592384,25.0,True,True,False,False,True,stop,24995.0,24995.25,-25.25,0.0,-25.25,-1.01,67.5,43.5,2.7,1.74,11,10.0,2,2025-11-14,1.4022526146419951,0.0,1.97768479776848,partial_bullish,1.307102162967687,2.102428534790586,bearish,bearish,True,True,True,False,2025
496,399122,399123,399124,2025-11-17 14:32:00+00:00,2025-11-17 14:33:00+00:00,2025-11-17 14:34:00+00:00,short,25068.5,25068.0,25067.75,25092.75,25042.75,25017.75,24992.75,24967.75,71.0,near_trigger,-36.53333333333333,25.0,False,False,False,False,True,stop,25092.75,25093.0,-25.25,0.0,-25.25,-1.01,9.75,30.75,0.39,1.23,2,1.0,0,2025-11-17,2.704156479217604,1.9697674418604647,1.4918842625264646,partial_bearish,4.343204504309987,1.788951599110655,bearish,bearish,False,True,True,False,2025
497,399147,399148,399158,2025-11-17 14:57:00+00:00,2025-11-17 14:58:00+00:00,2025-11-17 15:08:00+00:00,short,25203.25,25203.5,25203.25,25228.25,25178.25,25153.25,25128.25,25103.25,73.2029739652742,near_trigger,-58.2029739652742,25.0,True,True,True,True,False,tp4,25103.25,25103.5,99.75,0.0,99.75,3.99,132.25,16.5,5.29,0.66,11,10.0,4,2025-11-17,1.1920614596670935,4.793423874195854,0.9554210236653824,partial_bullish,1.057347312364786,1.353788459899429,bearish,bearish,True,False,True,False,2025
498,399159,399160,399161,2025-11-17 15:09:00+00:00,2025-11-17 15:10:00+00:00,2025-11-17 15:11:00+00:00,short,25081.25,25081.5,25081.25,25106.25,25056.25,25031.25,25006.25,24981.25,77.54906875543952,near_trigger,-64.54906875543952,25.0,False,False,False,False,True,stop,25106.25,25106.5,-25.25,0.0,-25.25,-1.01,3.0,58.5,0.12,2.34,2,1.0,0,2025-11-17,1.0892950391644909,0.9085290482076638,2.4355533046340847,partial_bearish,1.2601888493233004,2.1399802416597007,bearish,bearish,False,True,True,False,2025
499,400503,400504,400512,2025-11-18 14:33:00+00:00,2025-11-18 14:34:00+00:00,2025-11-18 14:42:00+00:00,short,24788.75,24789.25,24789.0,24814.0,24764.0,24739.0,24714.0,24689.0,74.21534772182254,near_trigger,-39.21534772182254,25.0,True,True,True,True,False,tp4,24689.0,24689.25,99.75,0.0,99.75,3.99,114.0,13.0,4.56,0.52,9,8.0,4,2025-11-18,2.1079136690647484,0.646963997850618,0.5343168697883258,partial_bearish,3.870676420121015,2.214071701622068,bearish,bearish,True,True,True,False,2025
500,400535,400536,400536,2025-11-18 15:05:00+00:00,2025-11-18 15:06:00+00:00,2025-11-18 15:06:00+00:00,short,24473.5,24473.0,24472.75,24497.75,24447.75,24422.75,24397.75,24372.75,74.0,near_trigger,-59.25581395348837,25.0,False,False,False,False,True,stop,24497.75,24498.0,-25.25,0.0,-25.25,-1.01,1.75,48.75,0.07,1.95,1,0.0,0,2025-11-18,1.607558139534884,4.284372554135143,2.538760576263435,strong_bearish,1.2093972289740058,1.935561541587034,bearish,bearish,False,False,True,False,2025
501,400537,400538,400538,2025-11-18 15:07:00+00:00,2025-11-18 15:08:00+00:00,2025-11-18 15:08:00+00:00,short,24530.75,24530.75,24530.5,24555.5,24505.5,24480.5,24455.5,24430.5,76.0,near_trigger,-49.73502645502646,25.0,False,False,False,False,True,stop,24555.5,24555.75,-25.25,0.0,-25.25,-1.01,4.25,31.25,0.17,1.25,1,0.0,0,2025-11-18,1.5365079365079366,4.284372554135143,2.538760576263435,partial_bearish,1.1646418892026609,2.361871817046219,bearish,bearish,False,False,True,False,2025
502,400554,400555,400556,2025-11-18 15:24:00+00:00,2025-11-18 15:25:00+00:00,2025-11-18 15:26:00+00:00,short,24555.0,24555.0,24554.75,24579.75,24529.75,24504.75,24479.75,24454.75,71.84199508963106,near_trigger,-36.841995089631055,25.0,False,False,False,False,True,stop,24579.75,24580.0,-25.25,0.0,-25.25,-1.01,17.0,41.5,0.68,1.66,2,1.0,0,2025-11-18,1.2192513368983957,0.9108992954828016,2.382791185729276,partial_bearish,1.0414803813103377,2.3457127252867287,bearish,bearish,True,True,False,False,2025
503,401886,401887,401888,2025-11-19 14:36:00+00:00,2025-11-19 14:37:00+00:00,2025-11-19 14:38:00+00:00,long,24674.75,24674.0,24674.25,24649.25,24699.25,24724.25,24749.25,24774.25,86.86722256068828,high_probability,65.86722256068828,25.0,False,False,False,False,True,stop,24649.25,24649.0,-25.25,0.0,-25.25,-1.01,19.5,68.75,0.78,2.75,2,1.0,0,2025-11-19,2.682741116751269,0.0546875,1.0875706214689265,partial_bullish,2.540373095232672,1.3983637902391624,bullish,bullish,True,True,True,True,2025
504,401889,401890,401899,2025-11-19 14:39:00+00:00,2025-11-19 14:40:00+00:00,2025-11-19 14:49:00+00:00,long,24677.75,24678.0,24678.25,24653.25,24703.25,24728.25,24753.25,24778.25,73.50679977032462,near_trigger,63.50679977032462,25.0,True,True,True,True,False,tp4,24778.25,24778.0,99.75,0.0,99.75,3.99,101.25,17.75,4.05,0.71,10,9.0,4,2025-11-19,1.2658102766798418,0.0546875,1.0875706214689265,partial_bullish,1.3589156516164485,1.136933085074593,bullish,bullish,True,True,True,True,2025
505,401909,401910,401958,2025-11-19 14:59:00+00:00,2025-11-19 15:00:00+00:00,2025-11-19 15:48:00+00:00,long,24894.25,24894.0,24894.25,24869.25,24919.25,24944.25,24969.25,24994.25,72.16790123456789,near_trigger,66.16790123456789,25.0,True,True,True,False,True,stop,24869.25,24869.0,-25.25,0.0,-25.25,-1.01,93.75,31.5,3.75,1.26,49,48.0,3,2025-11-19,2.0,5.08990099009901,1.177810433504776,strong_bullish,1.2748490147202898,2.243096695359976,bullish,bullish,False,True,False,False,2025
506,403286,403287,403287,2025-11-20 14:56:00+00:00,2025-11-20 14:57:00+00:00,2025-11-20 14:57:00+00:00,long,25287.75,25287.25,25287.5,25262.5,25312.5,25337.5,25362.5,25387.5,80.70224948875256,high_probability,59.70224948875256,25.0,False,False,False,False,True,stop,25262.5,25262.25,-25.25,0.0,-25.25,-1.01,3.25,37.75,0.13,1.51,1,0.0,0,2025-11-20,1.17602642756017,0.7575982209043736,1.2775,strong_bullish,1.406335615407311,1.8338423850315244,bullish,bullish,False,True,True,False,2025
507,403313,403314,403340,2025-11-20 15:23:00+00:00,2025-11-20 15:24:00+00:00,2025-11-20 15:50:00+00:00,long,25245.0,25244.5,25244.75,25219.75,25269.75,25294.75,25319.75,25344.75,75.18994917723992,near_trigger,43.18994917723992,25.0,True,True,False,False,True,stop,25219.75,25219.5,-25.25,0.0,-25.25,-1.01,65.25,25.25,2.61,1.01,27,26.0,2,2025-11-20,0.665929203539823,0.5007451564828614,0.6762402088772846,partial_bearish,1.226312559611389,1.5433718571455155,bullish,bullish,False,True,True,False,2025
508,404642,404643,404643,2025-11-21 14:32:00+00:00,2025-11-21 14:33:00+00:00,2025-11-21 14:33:00+00:00,long,24246.0,24246.0,24246.25,24221.25,24271.25,24296.25,24321.25,24346.25,81.16051789859091,high_probability,65.16051789859091,25.0,False,False,False,False,True,stop,24221.25,24221.0,-25.25,0.0,-25.25,-1.01,1.5,88.0,0.06,3.52,1,0.0,0,2025-11-21,1.6057906458797329,0.3850931677018633,0.2071516646115906,partial_bearish,4.010850279787088,1.3941352625492929,bullish,bullish,True,False,True,False,2025
509,404645,404646,404648,2025-11-21 14:35:00+00:00,2025-11-21 14:36:00+00:00,2025-11-21 14:38:00+00:00,long,24207.75,24207.25,24207.5,24182.5,24232.5,24257.5,24282.5,24307.5,74.0,near_trigger,54.99917049196923,25.0,True,True,False,False,True,stop,24182.5,24182.25,-25.25,0.0,-25.25,-1.01,61.5,29.5,2.46,1.18,3,2.0,2,2025-11-21,0.9471947194719472,0.5840286054827175,0.2071516646115906,strong_bearish,1.9858189221444784,0.9279641324257089,bullish,bullish,True,False,True,False,2025
510,404662,404663,404663,2025-11-21 14:52:00+00:00,2025-11-21 14:53:00+00:00,2025-11-21 14:53:00+00:00,long,24238.25,24239.25,24239.5,24214.5,24264.5,24289.5,24314.5,24339.5,75.52270516042476,near_trigger,57.52270516042476,25.0,False,False,False,False,True,stop,24214.5,24214.25,-25.25,0.0,-25.25,-1.01,10.5,29.25,0.42,1.17,1,0.0,0,2025-11-21,1.7604235605559233,0.2210078931390406,0.0769079850892682,partial_bearish,0.9087827174637316,1.2210503168856464,bullish,bullish,True,True,True,False,2025
511,404666,404667,404670,2025-11-21 14:56:00+00:00,2025-11-21 14:57:00+00:00,2025-11-21 15:00:00+00:00,long,24186.0,24184.5,24184.75,24159.75,24209.75,24234.75,24259.75,24284.75,74.0,near_trigger,48.53333333333333,25.0,True,False,False,False,True,stop,24159.75,24159.5,-25.25,0.0,-25.25,-1.01,44.25,27.75,1.77,1.11,4,3.0,1,2025-11-21,0.2952224052718287,1.2025246981339188,0.0769079850892682,partial_bearish,1.4668977384765185,1.796487122950697,bullish,bullish,True,True,True,True,2025
512,404671,404672,404672,2025-11-21 15:01:00+00:00,2025-11-21 15:02:00+00:00,2025-11-21 15:02:00+00:00,long,24130.25,24130.0,24130.25,24105.25,24155.25,24180.25,24205.25,24230.25,71.0,near_trigger,22.91313131313132,25.0,False,False,False,False,True,stop,24105.25,24105.0,-25.25,0.0,-25.25,-1.01,9.25,35.75,0.37,1.43,1,0.0,0,2025-11-21,1.075068870523416,0.6919745222929937,0.7723620782003214,strong_bearish,1.2059831139899282,1.5257689635571277,bullish,bullish,False,False,True,False,2025
513,404694,404695,404696,2025-11-21 15:24:00+00:00,2025-11-21 15:25:00+00:00,2025-11-21 15:26:00+00:00,long,24162.5,24163.75,24164.0,24139.0,24189.0,24214.0,24239.0,24264.0,72.91349899261249,near_trigger,51.91349899261249,25.0,True,False,False,False,True,stop,24139.0,24138.75,-25.25,0.0,-25.25,-1.01,42.5,69.75,1.7,2.79,2,1.0,1,2025-11-21,0.5829415715245131,1.6473829201101928,1.2997840890217571,partial_bearish,1.216154728176132,2.165870734922316,bullish,bullish,True,True,False,True,2025
514,407410,407411,407415,2025-11-25 14:40:00+00:00,2025-11-25 14:41:00+00:00,2025-11-25 14:45:00+00:00,short,24795.25,24795.5,24795.25,24820.25,24770.25,24745.25,24720.25,24695.25,71.46666666666667,near_trigger,-38.46666666666667,25.0,True,True,True,True,False,tp4,24695.25,24695.5,99.75,0.0,99.75,3.99,113.0,13.25,4.52,0.53,5,4.0,4,2025-11-25,2.5583756345177666,0.9311926605504588,1.1971496437054632,strong_bearish,3.797778281568805,2.0613659995200977,neutral,bearish,False,True,True,False,2025
515,407416,407417,407422,2025-11-25 14:46:00+00:00,2025-11-25 14:47:00+00:00,2025-11-25 14:52:00+00:00,short,24685.5,24686.0,24685.75,24710.75,24660.75,24635.75,24610.75,24585.75,81.83573333333334,high_probability,-75.83573333333334,25.0,True,True,True,False,True,stop,24710.75,24711.0,-25.25,0.0,-25.25,-1.01,83.75,43.75,3.35,1.75,6,5.0,3,2025-11-25,3.536,3.645760160561967,3.8338741077222585,strong_bearish,1.4595915298834732,1.5728926155466438,bearish,bearish,False,True,True,False,2025
516,408809,408810,408810,2025-11-26 14:59:00+00:00,2025-11-26 15:00:00+00:00,2025-11-26 15:00:00+00:00,long,25167.5,25167.5,25167.75,25142.75,25192.75,25217.75,25242.75,25267.75,71.0,near_trigger,31.430789704608983,25.0,False,False,False,False,True,stop,25142.75,25142.5,-25.25,0.0,-25.25,-1.01,0.0,33.0,0.0,1.32,1,0.0,0,2025-11-26,2.5518227305218013,0.2649616368286445,0.9747663551401868,partial_bullish,1.9000865854412765,2.224031996814797,bullish,bullish,False,False,True,False,2025
517,410657,410658,410665,2025-11-28 14:32:00+00:00,2025-11-28 14:33:00+00:00,2025-11-28 14:40:00+00:00,long,25379.75,25378.0,25378.25,25353.25,25403.25,25428.25,25453.25,25478.25,81.28423502631516,high_probability,73.28423502631516,25.0,True,False,False,False,True,stop,25353.25,25353.0,-25.25,0.0,-25.25,-1.01,43.25,29.75,1.73,1.19,8,7.0,1,2025-11-28,0.6868686868686869,1.1822742474916388,0.779777206512425,partial_bullish,4.142896199763055,0.25204726024739,bullish,bullish,True,True,True,False,2025
518,410666,410667,410726,2025-11-28 14:41:00+00:00,2025-11-28 14:42:00+00:00,2025-11-28 15:41:00+00:00,long,25342.25,25341.25,25341.5,25316.5,25366.5,25391.5,25416.5,25441.5,74.0,near_trigger,72.06872466453817,25.0,True,True,False,False,False,max_holding_time,25383.75,25383.5,42.0,0.0,42.0,1.68,63.5,2.5,2.54,0.1,60,59.0,2,2025-11-28,2.542259414225941,0.156578947368421,0.779777206512425,partial_bullish,2.385477983491729,0.4520978236481938,bullish,bullish,True,False,True,False,2025
519,415952,415953,415953,2025-12-04 14:32:00+00:00,2025-12-04 14:33:00+00:00,2025-12-04 14:33:00+00:00,long,25657.0,25657.0,25657.25,25632.25,25682.25,25707.25,25732.25,25757.25,71.12598955550435,near_trigger,36.12598955550435,25.0,False,False,False,False,True,stop,25632.25,25632.0,-25.25,0.0,-25.25,-1.01,12.75,41.5,0.51,1.66,1,0.0,0,2025-12-04,2.8179487179487177,1.822485207100592,2.568313021167415,partial_bullish,3.476588719772146,1.0476023877725056,bullish,bullish,True,True,False,False,2025
520,415955,415956,415962,2025-12-04 14:35:00+00:00,2025-12-04 14:36:00+00:00,2025-12-04 14:42:00+00:00,long,25607.75,25608.75,25609.0,25584.0,25634.0,25659.0,25684.0,25709.0,78.13333333333333,near_trigger,78.13333333333333,25.0,True,False,False,False,True,stop,25584.0,25583.75,-25.25,0.0,-25.25,-1.01,33.75,30.5,1.35,1.22,7,6.0,1,2025-12-04,2.4841954022988504,4.192708333333333,2.568313021167415,partial_bearish,3.024476528490863,1.511144778826068,bullish,bullish,True,True,False,False,2025
521,416005,416006,416007,2025-12-04 15:25:00+00:00,2025-12-04 15:26:00+00:00,2025-12-04 15:27:00+00:00,short,25526.75,25526.75,25526.5,25551.5,25501.5,25476.5,25451.5,25426.5,77.0,near_trigger,-64.0,25.0,False,False,False,False,True,stop,25551.5,25551.75,-25.25,0.0,-25.25,-1.01,5.25,33.0,0.21,1.32,2,1.0,0,2025-12-04,2.6597582037996546,0.1399000713775874,1.4911921343711594,partial_bearish,3.0436742343368204,2.1529012987884686,bearish,bearish,True,True,False,False,2025
522,417339,417340,417350,2025-12-05 14:39:00+00:00,2025-12-05 14:40:00+00:00,2025-12-05 14:50:00+00:00,short,25731.25,25731.25,25731.0,25756.0,25706.0,25681.0,25656.0,25631.0,78.81300169585174,near_trigger,-65.81300169585174,25.0,True,True,False,False,True,stop,25756.0,25756.25,-25.25,0.0,-25.25,-1.01,70.5,26.25,2.82,1.05,11,10.0,2,2025-12-05,1.119155354449472,3.940863394441159,0.8973185088293002,partial_bearish,1.752957699540575,1.0992931622591935,neutral,bearish,True,True,True,False,2025
523,418755,418756,418802,2025-12-08 15:15:00+00:00,2025-12-08 15:16:00+00:00,2025-12-08 16:02:00+00:00,short,25728.75,25728.75,25728.5,25753.5,25703.5,25678.5,25653.5,25628.5,86.99685561522702,high_probability,-77.99685561522702,25.0,True,True,True,True,False,tp4,25628.5,25628.75,99.75,0.0,99.75,3.99,100.0,20.25,4.0,0.81,47,46.0,4,2025-12-08,1.206896551724138,0.4638971315529179,2.0988467874794066,strong_bearish,1.5528531337698783,0.9537194173384244,bearish,bearish,True,False,True,False,2025
524,420098,420099,420122,2025-12-09 14:38:00+00:00,2025-12-09 14:39:00+00:00,2025-12-09 15:02:00+00:00,short,25635.0,25634.5,25634.25,25659.25,25609.25,25584.25,25559.25,25534.25,79.0,near_trigger,-34.49973852066083,25.0,True,False,False,False,True,stop,25659.25,25659.5,-25.25,0.0,-25.25,-1.01,38.5,35.25,1.54,1.41,24,23.0,1,2025-12-09,1.872093023255814,1.1538461538461535,1.4583333333333333,partial_bearish,1.5851233094669848,1.0104195554851234,bearish,bearish,True,True,True,False,2025
525,422850,422851,422852,2025-12-11 14:30:00+00:00,2025-12-11 14:31:00+00:00,2025-12-11 14:32:00+00:00,short,25593.0,25592.75,25592.5,25617.5,25567.5,25542.5,25517.5,25492.5,78.1789088342963,near_trigger,-45.17890883429629,25.0,False,False,False,False,True,stop,25617.5,25617.75,-25.25,0.0,-25.25,-1.01,16.5,26.5,0.66,1.06,2,1.0,0,2025-12-11,5.932926829268293,0.5364485981308411,1.1311373523927906,strong_bearish,12.43424401832683,1.2927270321527808,neutral,bearish,True,True,True,True,2025
526,422868,422869,422876,2025-12-11 14:48:00+00:00,2025-12-11 14:49:00+00:00,2025-12-11 14:56:00+00:00,short,25511.75,25511.25,25511.0,25536.0,25486.0,25461.0,25436.0,25411.0,80.69569369997217,high_probability,-72.69569369997217,25.0,True,True,True,True,False,tp4,25411.0,25411.25,99.75,0.0,99.75,3.99,104.5,2.5,4.18,0.1,8,7.0,4,2025-12-11,2.264218009478673,2.598453301606187,2.5535055350553506,strong_bearish,1.0043476136974256,1.1474735072310085,bearish,bearish,False,True,True,False,2025
527,422877,422878,422883,2025-12-11 14:57:00+00:00,2025-12-11 14:58:00+00:00,2025-12-11 15:03:00+00:00,short,25417.75,25419.0,25418.75,25443.75,25393.75,25368.75,25343.75,25318.75,74.0,near_trigger,-53.543223670597975,25.0,True,False,False,False,True,stop,25443.75,25444.0,-25.25,0.0,-25.25,-1.01,28.5,35.5,1.14,1.42,6,5.0,1,2025-12-11,1.5729360645561763,5.278276481149013,2.5535055350553506,strong_bearish,0.9119226133642212,1.595814615974581,bearish,bearish,False,True,True,False,2025
528,424232,424233,424233,2025-12-12 14:32:00+00:00,2025-12-12 14:33:00+00:00,2025-12-12 14:33:00+00:00,short,25553.75,25552.75,25552.5,25577.5,25527.5,25502.5,25477.5,25452.5,78.48442225300583,near_trigger,-69.48442225300583,25.0,False,False,False,False,True,stop,25577.5,25577.75,-25.25,0.0,-25.25,-1.01,3.5,27.5,0.14,1.1,1,0.0,0,2025-12-12,0.7970615243342516,2.903901046622265,0.905511811023622,strong_bearish,3.3543105262151154,0.946755784949952,bearish,bearish,False,True,True,False,2025
529,424248,424249,424252,2025-12-12 14:48:00+00:00,2025-12-12 14:49:00+00:00,2025-12-12 14:52:00+00:00,short,25521.5,25522.0,25521.75,25546.75,25496.75,25471.75,25446.75,25421.75,87.12112541726276,high_probability,-78.12112541726276,25.0,False,False,False,False,True,stop,25546.75,25547.0,-25.25,0.0,-25.25,-1.01,20.25,37.25,0.81,1.49,4,3.0,0,2025-12-12,1.3919885550786837,1.5954653937947494,0.9275084013442152,strong_bearish,1.809582652956147,1.6878546093208653,bearish,bearish,True,False,True,False,2025
530,425615,425616,425619,2025-12-15 14:35:00+00:00,2025-12-15 14:36:00+00:00,2025-12-15 14:39:00+00:00,long,25340.5,25340.0,25340.25,25315.25,25365.25,25390.25,25415.25,25440.25,76.2559482749849,near_trigger,52.2559482749849,25.0,True,False,False,False,True,stop,25315.25,25315.0,-25.25,0.0,-25.25,-1.01,28.75,46.0,1.15,1.84,4,3.0,1,2025-12-15,1.9184735472679963,3.54320987654321,2.7092709270927093,partial_bearish,2.7335810293956944,0.6161557693018215,bullish,bullish,True,True,False,False,2025
531,425640,425641,425645,2025-12-15 15:00:00+00:00,2025-12-15 15:01:00+00:00,2025-12-15 15:05:00+00:00,short,25206.25,25205.5,25205.25,25230.25,25180.25,25155.25,25130.25,25105.25,82.4367905704658,high_probability,-68.4367905704658,25.0,True,False,False,False,True,stop,25230.25,25230.5,-25.25,0.0,-25.25,-1.01,39.25,27.5,1.57,1.1,5,4.0,1,2025-12-15,1.4795986622073578,2.4501669051025274,3.969924812030075,strong_bearish,1.879198273873336,0.8191901564672128,bearish,bearish,False,False,True,False,2025
532,425646,425647,425664,2025-12-15 15:06:00+00:00,2025-12-15 15:07:00+00:00,2025-12-15 15:24:00+00:00,short,25209.75,25209.75,25209.5,25234.5,25184.5,25159.5,25134.5,25109.5,72.18256232910191,near_trigger,-57.18256232910191,25.0,True,True,True,True,False,tp4,25109.5,25109.75,99.75,0.0,99.75,3.99,131.5,18.75,5.26,0.75,18,17.0,4,2025-12-15,0.0264650283553875,2.900955690703736,3.969924812030075,partial_bearish,0.9707197079905838,0.5740743637472822,bearish,bearish,False,True,True,False,2025
533,426996,426997,426997,2025-12-16 14:36:00+00:00,2025-12-16 14:37:00+00:00,2025-12-16 14:37:00+00:00,long,25330.5,25330.75,25331.0,25306.0,25356.0,25381.0,25406.0,25431.0,71.31057371256671,near_trigger,35.31057371256671,25.0,False,False,False,False,True,stop,25306.0,25305.75,-25.25,0.0,-25.25,-1.01,20.0,34.75,0.8,1.39,1,0.0,0,2025-12-16,0.4779411764705882,0.4868378290542736,1.0694444444444444,partial_bullish,2.773302811359897,1.335280502590103,neutral,bullish,True,True,True,False,2025
534,427024,427025,427029,2025-12-16 15:04:00+00:00,2025-12-16 15:05:00+00:00,2025-12-16 15:09:00+00:00,long,25356.25,25356.75,25357.0,25332.0,25382.0,25407.0,25432.0,25457.0,72.87097036134796,near_trigger,51.87097036134796,25.0,True,False,False,False,True,stop,25332.0,25331.75,-25.25,0.0,-25.25,-1.01,47.5,29.0,1.9,1.16,5,4.0,1,2025-12-16,1.3045066991473813,1.838174273858921,1.6679340937896072,partial_bullish,1.12527113088432,1.506084440157305,bullish,neutral,False,True,True,False,2025
535,428396,428397,428402,2025-12-17 14:56:00+00:00,2025-12-17 14:57:00+00:00,2025-12-17 15:02:00+00:00,long,25315.25,25315.0,25315.25,25290.25,25340.25,25365.25,25390.25,25415.25,82.01030250124874,high_probability,75.01030250124874,25.0,True,False,False,False,True,stop,25290.25,25290.0,-25.25,0.0,-25.25,-1.01,34.0,34.75,1.36,1.39,6,5.0,1,2025-12-17,0.344017094017094,3.506517690875233,2.9543397778691896,partial_bearish,0.8574256662081732,1.0566671419292493,bullish,bullish,True,False,True,False,2025
536,429750,429751,429753,2025-12-18 14:30:00+00:00,2025-12-18 14:31:00+00:00,2025-12-18 14:33:00+00:00,long,25306.5,25307.25,25307.5,25282.5,25332.5,25357.5,25382.5,25407.5,87.59736865455636,high_probability,81.59736865455636,25.0,False,False,False,False,True,stop,25282.5,25282.25,-25.25,0.0,-25.25,-1.01,22.0,34.5,0.88,1.38,3,2.0,0,2025-12-18,2.410126582278481,1.149078726968174,4.534090909090909,strong_bullish,9.357937136365202,1.247533113646586,bullish,bullish,False,True,True,False,2025
537,429755,429756,429759,2025-12-18 14:35:00+00:00,2025-12-18 14:36:00+00:00,2025-12-18 14:39:00+00:00,long,25241.25,25241.25,25241.5,25216.5,25266.5,25291.5,25316.5,25341.5,71.0,near_trigger,21.74536058822088,25.0,True,False,False,False,True,stop,25216.5,25216.25,-25.25,0.0,-25.25,-1.01,25.25,53.25,1.01,2.13,4,3.0,1,2025-12-18,3.194055944055944,0.3796844181459566,4.534090909090909,partial_bullish,3.087863703076062,1.363724448542924,bullish,bullish,False,True,True,False,2025
538,431134,431135,431136,2025-12-19 14:34:00+00:00,2025-12-19 14:35:00+00:00,2025-12-19 14:36:00+00:00,long,25454.0,25454.0,25454.25,25429.25,25479.25,25504.25,25529.25,25554.25,84.39929172744291,high_probability,58.39929172744292,25.0,False,False,False,False,True,stop,25429.25,25429.0,-25.25,0.0,-25.25,-1.01,10.25,29.75,0.41,1.19,2,1.0,0,2025-12-19,3.725234996384671,1.601236476043277,1.4461387112641415,strong_bullish,1.7468894418769996,1.044346840464721,bullish,bullish,False,True,True,True,2025
539,431143,431144,431186,2025-12-19 14:43:00+00:00,2025-12-19 14:44:00+00:00,2025-12-19 15:26:00+00:00,long,25510.25,25510.5,25510.75,25485.75,25535.75,25560.75,25585.75,25610.75,70.0,near_trigger,44.0,25.0,True,True,True,False,True,stop,25485.75,25485.5,-25.25,0.0,-25.25,-1.01,90.25,35.25,3.61,1.41,43,42.0,3,2025-12-19,1.829763866007688,3.5134246575342463,1.4461387112641415,strong_bullish,1.9373692132603988,2.226084315495524,bullish,bullish,False,True,True,False,2025
540,432514,432515,432516,2025-12-22 14:34:00+00:00,2025-12-22 14:35:00+00:00,2025-12-22 14:36:00+00:00,long,25706.75,25706.5,25706.75,25681.75,25731.75,25756.75,25781.75,25806.75,79.0,near_trigger,65.4630223368753,25.0,False,False,False,False,True,stop,25681.75,25681.5,-25.25,0.0,-25.25,-1.01,20.5,29.0,0.82,1.16,2,1.0,0,2025-12-22,4.277777777777778,1.6085106382978724,2.090558766859345,partial_bullish,4.628666914222057,1.788686717942831,bullish,bullish,True,True,True,False,2025
541,432517,432518,432522,2025-12-22 14:37:00+00:00,2025-12-22 14:38:00+00:00,2025-12-22 14:42:00+00:00,long,25701.25,25701.5,25701.75,25676.75,25726.75,25751.75,25776.75,25801.75,84.0,high_probability,84.0,25.0,False,False,False,False,True,stop,25676.75,25676.5,-25.25,0.0,-25.25,-1.01,19.0,30.75,0.76,1.23,5,4.0,0,2025-12-22,2.815336463223787,3.1539923954372626,2.090558766859345,partial_bearish,1.8514371913780303,1.1793320371440796,bullish,bullish,True,True,True,False,2025
542,432531,432532,432544,2025-12-22 14:51:00+00:00,2025-12-22 14:52:00+00:00,2025-12-22 15:04:00+00:00,long,25734.5,25734.5,25734.75,25709.75,25759.75,25784.75,25809.75,25834.75,80.06194646201266,high_probability,73.06194646201266,25.0,False,False,False,False,True,stop,25709.75,25709.5,-25.25,0.0,-25.25,-1.01,23.75,29.75,0.95,1.19,13,12.0,0,2025-12-22,1.1096877502001603,2.1366954213669542,2.10945945945946,partial_bearish,1.0629591551884965,1.1823242076564808,bullish,bullish,True,False,True,False,2025
543,433916,433917,433960,2025-12-23 14:56:00+00:00,2025-12-23 14:57:00+00:00,2025-12-23 15:40:00+00:00,short,25683.5,25683.25,25683.0,25708.0,25658.0,25633.0,25608.0,25583.0,83.72001116821312,high_probability,-72.72001116821312,25.0,True,True,False,False,True,stop,25708.0,25708.25,-25.25,0.0,-25.25,-1.01,55.75,33.25,2.23,1.33,44,43.0,2,2025-12-23,2.692836113837095,1.997601918465228,1.910979228486647,partial_bullish,1.2397181070407783,1.0395835810928251,bearish,bearish,True,True,True,True,2025
544,436475,436476,436535,2025-12-26 15:20:00+00:00,2025-12-26 15:21:00+00:00,2025-12-26 16:20:00+00:00,long,25879.0,25879.25,25879.5,25854.5,25904.5,25929.5,25954.5,25979.5,84.00144706479682,high_probability,77.00144706479682,25.0,True,False,False,False,False,max_holding_time,25883.25,25883.0,3.5,0.0,3.5,0.14,31.5,22.75,1.26,0.91,60,59.0,1,2025-12-26,2.9575,0.7671232876712328,2.0790190735694822,partial_bearish,1.4677404192648762,1.2301066232470192,bullish,bullish,True,True,True,True,2025
545,437820,437821,437822,2025-12-29 14:45:00+00:00,2025-12-29 14:46:00+00:00,2025-12-29 14:47:00+00:00,short,25748.5,25748.25,25748.0,25773.0,25723.0,25698.0,25673.0,25648.0,80.33333333333334,high_probability,-59.33333333333334,25.0,False,False,False,False,True,stop,25773.0,25773.25,-25.25,0.0,-25.25,-1.01,2.25,28.0,0.09,1.12,2,1.0,0,2025-12-29,2.099037138927097,3.437125748502994,1.2221144519883609,partial_bullish,1.7800948933855931,1.5599270324902628,bearish,bearish,True,True,True,False,2025
546,437824,437825,437870,2025-12-29 14:49:00+00:00,2025-12-29 14:50:00+00:00,2025-12-29 15:35:00+00:00,short,25747.0,25747.0,25746.75,25771.75,25721.75,25696.75,25671.75,25646.75,73.0,near_trigger,-64.77455532988961,25.0,True,True,True,False,True,stop,25771.75,25772.0,-25.25,0.0,-25.25,-1.01,85.25,26.25,3.41,1.05,46,45.0,3,2025-12-29,1.798611111111111,3.437125748502994,1.2221144519883609,partial_bullish,0.5925388666393365,0.6273266004507136,bearish,bearish,True,True,True,True,2025
547,439185,439186,439205,2025-12-30 14:30:00+00:00,2025-12-30 14:31:00+00:00,2025-12-30 14:50:00+00:00,short,25717.5,25717.25,25717.0,25742.0,25692.0,25667.0,25642.0,25617.0,79.0,near_trigger,-76.38488991196941,25.0,True,False,False,False,True,stop,25742.0,25742.25,-25.25,0.0,-25.25,-1.01,43.5,32.5,1.74,1.3,20,19.0,1,2025-12-30,1.851703406813627,1.1126927639383155,1.9761904761904765,partial_bearish,12.034126627750336,0.827737136100105,bearish,bearish,True,True,True,False,2025
548,440571,440572,440631,2025-12-31 14:36:00+00:00,2025-12-31 14:37:00+00:00,2025-12-31 15:36:00+00:00,short,25635.25,25635.0,25634.75,25659.75,25609.75,25584.75,25559.75,25534.75,73.89824045642249,near_trigger,-35.898240456422485,25.0,True,True,False,False,False,max_holding_time,25593.5,25593.75,41.0,0.0,41.0,1.64,66.5,3.5,2.66,0.14,60,59.0,2,2025-12-31,2.7580645161290325,2.1425576519916145,2.481012658227848,partial_bearish,4.082516473026148,1.0921004278960842,neutral,bearish,False,True,True,False,2025
