trade_id,signal_index,entry_index,exit_index,signal_time,entry_time,exit_time,direction,signal_close,entry_price_raw,entry_price,stop_price,tp1,tp2,tp3,tp4,raw_score,score_band,score_edge,stop_distance_points,tp1_hit,tp2_hit,tp3_hit,tp4_hit,stop_hit,exit_reason,exit_price_raw,exit_price,gross_result_points,commission_cost,net_result_points,net_result_r,mfe_points,mae_points,mfe_r,mae_r,bars_held,minutes_held,maximum_target_reached,session_date,snr_1m,snr_5m,snr_15m,snr_alignment,rvol_rolling,rvol_time_of_day,htf_bias,dol_direction,liquidity_sweep,displacement,structure_shift,fvg_context,research_year
1,972,973,1032,2022-10-03 14:12:00+00:00,2022-10-03 14:13:00+00:00,2022-10-03 15:12:00+00:00,long,11157.75,11158.25,11158.5,11133.5,11183.5,11208.5,11233.5,11258.5,71.0,near_trigger,71.0,25.0,True,True,True,False,False,max_holding_time,11213.25,11213.0,54.5,0.0,54.5,2.18,78.25,23.5,3.13,0.94,60,59.0,3,2022-10-03,0.8114186851211073,2.5643919958953307,0.0893470790378006,partial_bearish,0.6277917557996475,,bullish,bullish,True,False,True,False,2023
2,3691,3692,3693,2022-10-05 13:31:00+00:00,2022-10-05 13:32:00+00:00,2022-10-05 13:33:00+00:00,short,11502.5,11502.75,11502.5,11527.5,11477.5,11452.5,11427.5,11402.5,82.0,high_probability,-27.284967320261444,25.0,False,False,False,False,True,stop,11527.5,11527.75,-25.25,0.0,-25.25,-1.01,0.75,36.5,0.03,1.46,2,1.0,0,2022-10-05,2.440087145969499,2.15625,2.32468495181616,partial_bearish,4.131540697674419,,bearish,bearish,True,False,True,False,2023
3,3694,3695,3725,2022-10-05 13:34:00+00:00,2022-10-05 13:35:00+00:00,2022-10-05 14:05:00+00:00,short,11528.25,11527.75,11527.5,11552.5,11502.5,11477.5,11452.5,11427.5,77.22374429223744,near_trigger,-36.22374429223744,25.0,True,True,True,True,False,tp4,11427.5,11427.75,99.75,0.0,99.75,3.99,102.5,3.75,4.1,0.15,31,30.0,4,2022-10-05,4.027397260273973,2.15625,2.32468495181616,partial_bearish,1.8684258251722887,,bearish,bearish,False,False,True,False,2023
4,3735,3736,3795,2022-10-05 14:15:00+00:00,2022-10-05 14:16:00+00:00,2022-10-05 15:15:00+00:00,short,11417.5,11417.5,11417.25,11442.25,11392.25,11367.25,11342.25,11317.25,83.24615384615385,high_probability,-81.24615384615385,25.0,True,False,False,False,False,max_holding_time,11412.25,11412.5,4.75,0.0,4.75,0.19,49.25,3.75,1.97,0.15,60,59.0,1,2022-10-05,0.7076923076923077,1.965426925091671,2.339368856699431,strong_bearish,1.277489049769648,,bearish,bearish,True,True,True,False,2023
5,5071,5072,5101,2022-10-06 13:31:00+00:00,2022-10-06 13:32:00+00:00,2022-10-06 14:01:00+00:00,long,11626.5,11627.0,11627.25,11602.25,11652.25,11677.25,11702.25,11727.25,81.0,high_probability,47.0,25.0,True,True,True,False,True,stop,11602.25,11602.0,-25.25,0.0,-25.25,-1.01,94.5,58.75,3.78,2.35,30,29.0,3,2022-10-06,4.176666666666667,0.1269841269841269,0.3259701492537313,partial_bullish,6.009862627685805,,bullish,neutral,True,True,True,True,2023
6,6454,6455,6456,2022-10-07 13:34:00+00:00,2022-10-07 13:35:00+00:00,2022-10-07 13:36:00+00:00,short,11329.0,11329.5,11329.25,11350.25,11304.25,11279.25,11254.25,11229.25,76.94502432998009,near_trigger,-76.94502432998009,21.0,False,False,False,False,True,stop,11350.25,11350.5,-21.25,0.0,-21.25,-1.011904761904762,19.0,21.25,0.9047619047619048,1.011904761904762,2,1.0,0,2022-10-07,0.9722222222222222,0.2491277041172365,3.6008,partial_bearish,2.426025097913836,,bearish,bearish,False,True,True,False,2023
7,6457,6458,6460,2022-10-07 13:37:00+00:00,2022-10-07 13:38:00+00:00,2022-10-07 13:40:00+00:00,short,11323.0,11323.0,11322.75,11347.75,11297.75,11272.75,11247.75,11222.75,86.93459059979271,high_probability,-77.93459059979271,25.0,False,False,False,False,True,stop,11347.75,11348.0,-25.25,0.0,-25.25,-1.01,11.25,27.5,0.45,1.1,3,2.0,0,2022-10-07,1.0456942003514935,0.2096505823627288,3.6008,partial_bearish,1.830721003134796,,bearish,bearish,True,True,True,False,2023
8,6464,6465,6524,2022-10-07 13:44:00+00:00,2022-10-07 13:45:00+00:00,2022-10-07 14:44:00+00:00,short,11275.0,11275.0,11274.75,11299.75,11249.75,11224.75,11199.75,11174.75,75.19593107537196,near_trigger,-54.19593107537196,25.0,True,True,False,False,False,max_holding_time,11236.25,11236.5,38.25,0.0,38.25,1.53,70.25,14.0,2.81,0.56,60,59.0,2,2022-10-07,1.8273283480625424,0.7317744154057771,3.6008,strong_bearish,2.4315380468125456,,bearish,bearish,True,False,False,False,2023
9,7837,7838,7853,2022-10-10 13:37:00+00:00,2022-10-10 13:38:00+00:00,2022-10-10 13:53:00+00:00,long,11042.25,11042.0,11042.25,11017.25,11067.25,11092.25,11117.25,11142.25,72.89826574419321,near_trigger,49.89826574419321,25.0,True,False,False,False,True,stop,11017.25,11017.0,-25.25,0.0,-25.25,-1.01,34.75,34.75,1.39,1.39,16,15.0,1,2022-10-10,2.3634408602150536,2.687813021702838,2.096960926193922,partial_bearish,1.88940818148401,0.8942537115588547,bullish,bullish,True,True,False,False,2023
10,7887,7888,7890,2022-10-10 14:27:00+00:00,2022-10-10 14:28:00+00:00,2022-10-10 14:30:00+00:00,long,11050.75,11050.5,11050.75,11025.75,11075.75,11100.75,11125.75,11150.75,71.29316427783903,near_trigger,42.29316427783903,25.0,False,False,False,False,True,stop,11025.75,11025.5,-25.25,0.0,-25.25,-1.01,0.5,29.75,0.02,1.19,3,2.0,0,2022-10-10,1.296582138919515,0.1674975074775673,3.5928605885190543,partial_bullish,3.1323108039777514,2.5940815187046344,neutral,bullish,False,True,True,False,2023
11,10591,10592,10595,2022-10-12 13:31:00+00:00,2022-10-12 13:32:00+00:00,2022-10-12 13:35:00+00:00,short,10822.5,10822.25,10822.0,10847.0,10797.0,10772.0,10747.0,10722.0,81.89620398552805,high_probability,-40.89620398552805,25.0,False,False,False,False,True,stop,10847.0,10847.25,-25.25,0.0,-25.25,-1.01,16.25,63.75,0.65,2.55,4,3.0,0,2022-10-12,2.811965811965812,0.1180012040939193,2.482039397450753,strong_bearish,6.010289293170295,1.0801699879400448,neutral,bearish,True,True,True,False,2023
12,10598,10599,10604,2022-10-12 13:38:00+00:00,2022-10-12 13:39:00+00:00,2022-10-12 13:44:00+00:00,short,10905.0,10904.75,10904.5,10929.5,10879.5,10854.5,10829.5,10804.5,73.40703514107592,near_trigger,-34.40703514107592,25.0,True,False,False,False,True,stop,10929.5,10929.75,-25.25,0.0,-25.25,-1.01,32.0,27.5,1.28,1.1,6,5.0,1,2022-10-12,4.026600166251039,0.5111716621253406,2.482039397450753,partial_bearish,1.6869117105747489,1.2826136623257938,neutral,bearish,True,True,True,False,2023
13,10642,10643,10645,2022-10-12 14:22:00+00:00,2022-10-12 14:23:00+00:00,2022-10-12 14:25:00+00:00,short,10815.25,10815.5,10815.25,10840.25,10790.25,10765.25,10740.25,10715.25,71.46606873837129,near_trigger,-37.46606873837129,25.0,False,False,False,False,True,stop,10840.25,10840.5,-25.25,0.0,-25.25,-1.01,0.5,36.75,0.02,1.47,3,2.0,0,2022-10-12,1.4031531531531531,0.8172429277054333,1.092436974789916,strong_bearish,1.1895402904942238,1.431261071972974,neutral,bearish,True,False,True,False,2023
14,11971,11972,11982,2022-10-13 13:31:00+00:00,2022-10-13 13:32:00+00:00,2022-10-13 13:42:00+00:00,short,10527.5,10527.5,10527.25,10552.25,10502.25,10477.25,10452.25,10427.25,72.39363449691992,near_trigger,-54.39363449691992,25.0,True,False,False,False,True,stop,10552.25,10552.5,-25.25,0.0,-25.25,-1.01,42.75,27.0,1.71,1.08,11,10.0,1,2022-10-13,0.4168377823408624,0.181965881397238,6.464027737648078,partial_bearish,5.012829438090503,1.6717744610281924,bearish,bearish,True,False,True,False,2023
15,13356,13357,13364,2022-10-14 13:36:00+00:00,2022-10-14 13:37:00+00:00,2022-10-14 13:44:00+00:00,long,11131.5,11131.75,11132.0,11107.0,11157.0,11182.0,11207.0,11232.0,72.76247149396005,near_trigger,49.76247149396005,25.0,True,True,False,False,True,stop,11107.0,11106.75,-25.25,0.0,-25.25,-1.01,69.25,32.75,2.77,1.31,8,7.0,2,2022-10-14,1.5726872246696035,2.230406852248394,2.4580514208389714,partial_bearish,1.7764727902297506,1.1345441867414872,bullish,bullish,True,False,False,False,2023
16,13383,13384,13387,2022-10-14 14:03:00+00:00,2022-10-14 14:04:00+00:00,2022-10-14 14:07:00+00:00,long,10992.75,10992.75,10993.0,10968.0,11018.0,11043.0,11068.0,11093.0,70.91440345333986,near_trigger,70.91440345333986,25.0,True,False,False,False,True,stop,10968.0,10967.75,-25.25,0.0,-25.25,-1.01,35.0,29.5,1.4,1.18,4,3.0,1,2022-10-14,1.569089048106448,1.439207650273224,1.0837004405286343,strong_bearish,1.4880067455122372,2.161314966457373,bullish,bullish,True,False,False,False,2023
17,13408,13409,13410,2022-10-14 14:28:00+00:00,2022-10-14 14:29:00+00:00,2022-10-14 14:30:00+00:00,long,10936.75,10936.75,10937.0,10912.0,10962.0,10987.0,11012.0,11037.0,79.0,near_trigger,28.0,25.0,False,False,False,False,True,stop,10912.0,10911.75,-25.25,0.0,-25.25,-1.01,1.0,26.75,0.04,1.07,2,1.0,0,2022-10-14,1.862255232950709,2.6517231717567946,4.720262510254306,partial_bearish,1.566646880690564,2.2544155969501016,bullish,bearish,False,True,True,False,2023
18,16149,16150,16156,2022-10-18 14:09:00+00:00,2022-10-18 14:10:00+00:00,2022-10-18 14:16:00+00:00,long,11336.75,11336.75,11337.0,11312.0,11362.0,11387.0,11412.0,11437.0,80.46582991591069,high_probability,59.46582991591069,25.0,False,False,False,False,True,stop,11312.0,11311.75,-25.25,0.0,-25.25,-1.01,8.75,34.75,0.35,1.39,7,6.0,0,2022-10-18,0.8930041152263374,1.2239142695995489,1.730886850152905,partial_bearish,1.509366551941788,1.4437471521477985,bullish,bullish,False,True,True,False,2023
19,16157,16158,16164,2022-10-18 14:17:00+00:00,2022-10-18 14:18:00+00:00,2022-10-18 14:24:00+00:00,long,11318.0,11318.25,11318.5,11293.5,11343.5,11368.5,11393.5,11418.5,75.19278934287955,near_trigger,75.19278934287955,25.0,False,False,False,False,True,stop,11293.5,11293.25,-25.25,0.0,-25.25,-1.01,11.0,34.75,0.44,1.39,7,6.0,0,2022-10-18,0.994,0.8998393144081414,1.4801762114537445,strong_bearish,1.1791860597836423,1.255561011539406,bullish,bullish,True,True,True,False,2023
20,17516,17517,17525,2022-10-19 13:56:00+00:00,2022-10-19 13:57:00+00:00,2022-10-19 14:05:00+00:00,short,11142.0,11142.0,11141.75,11166.75,11116.75,11091.75,11066.75,11041.75,73.12423883010985,near_trigger,-57.124238830109846,25.0,False,False,False,False,True,stop,11166.75,11167.0,-25.25,0.0,-25.25,-1.01,21.5,46.75,0.86,1.87,9,8.0,0,2022-10-19,1.1104521868050408,1.0578093306288032,0.011093502377179,partial_bearish,1.2522529582321136,1.6987951807228916,bearish,neutral,True,False,True,False,2023
21,18870,18871,18875,2022-10-20 13:30:00+00:00,2022-10-20 13:31:00+00:00,2022-10-20 13:35:00+00:00,long,11133.5,11134.25,11134.5,11109.5,11159.5,11184.5,11209.5,11234.5,90.19642898821331,a_plus_plus,77.19642898821333,25.0,True,False,False,False,True,stop,11109.5,11109.25,-25.25,0.0,-25.25,-1.01,26.75,26.5,1.07,1.06,5,4.0,1,2022-10-20,1.775609756097561,0.5103757711721817,0.8743126472898665,partial_bullish,8.950667756881984,0.8303574901777727,bullish,bullish,True,True,True,False,2023
22,18876,18877,18890,2022-10-20 13:36:00+00:00,2022-10-20 13:37:00+00:00,2022-10-20 13:50:00+00:00,long,11107.0,11107.0,11107.25,11082.25,11132.25,11157.25,11182.25,11207.25,78.0,near_trigger,65.42560895930743,25.0,True,True,True,True,False,tp4,11207.25,11207.0,99.75,0.0,99.75,3.99,100.0,15.75,4.0,0.63,14,13.0,4,2022-10-20,1.80684811237928,0.5833333333333334,0.8743126472898665,partial_bearish,2.325489964812958,0.8765959872321022,bullish,bullish,True,True,True,False,2023
23,18891,18892,18900,2022-10-20 13:51:00+00:00,2022-10-20 13:52:00+00:00,2022-10-20 14:00:00+00:00,long,11221.75,11221.5,11221.75,11196.75,11246.75,11271.75,11296.75,11321.75,71.51089664587398,near_trigger,71.51089664587398,25.0,False,False,False,False,True,stop,11196.75,11196.5,-25.25,0.0,-25.25,-1.01,7.5,28.5,0.3,1.14,9,8.0,0,2022-10-20,0.8246708246708246,2.024266936299292,0.5322230267921796,partial_bullish,1.218523636835808,1.2606397897875732,bullish,bullish,False,False,True,False,2023
24,18902,18903,18962,2022-10-20 14:02:00+00:00,2022-10-20 14:03:00+00:00,2022-10-20 15:02:00+00:00,long,11240.25,11240.0,11240.25,11215.25,11265.25,11290.25,11315.25,11340.25,91.25355439473088,a_plus_plus,70.25355439473087,25.0,True,True,True,False,False,max_holding_time,11297.5,11297.25,57.0,0.0,57.0,2.28,88.75,9.25,3.55,0.37,60,59.0,3,2022-10-20,1.4583333333333337,1.70126582278481,1.7529610829103217,strong_bullish,1.573446760377514,1.232128662275721,bullish,bullish,True,False,True,False,2023
25,20259,20260,20261,2022-10-21 13:39:00+00:00,2022-10-21 13:40:00+00:00,2022-10-21 13:41:00+00:00,long,11059.75,11059.75,11060.0,11035.0,11085.0,11110.0,11135.0,11160.0,73.0247647039226,near_trigger,14.0247647039226,25.0,False,False,False,False,True,stop,11035.0,11034.75,-25.25,0.0,-25.25,-1.01,3.75,40.75,0.15,1.63,2,1.0,0,2022-10-21,0.929237520570488,1.267672756155679,2.103004291845494,partial_bullish,1.6220304603431086,1.2724657411093845,neutral,bullish,True,True,True,True,2023
26,20280,20281,20304,2022-10-21 14:00:00+00:00,2022-10-21 14:01:00+00:00,2022-10-21 14:24:00+00:00,long,11161.25,11160.75,11161.0,11136.0,11186.0,11211.0,11236.0,11261.0,74.26961493997582,near_trigger,68.26961493997582,25.0,True,True,False,False,True,stop,11136.0,11135.75,-25.25,0.0,-25.25,-1.01,63.0,30.5,2.52,1.22,24,23.0,2,2022-10-21,1.6915604128718884,1.9649122807017545,4.056171470805618,strong_bullish,1.2746103281906986,1.0321168822810067,bullish,bullish,False,False,True,False,2023
27,21637,21638,21640,2022-10-24 13:37:00+00:00,2022-10-24 13:38:00+00:00,2022-10-24 13:40:00+00:00,long,11380.75,11380.5,11380.75,11355.75,11405.75,11430.75,11455.75,11480.75,86.29151156934793,high_probability,69.29151156934793,25.0,False,False,False,False,True,stop,11355.75,11355.5,-25.25,0.0,-25.25,-1.01,17.75,52.5,0.71,2.1,3,2.0,0,2022-10-24,3.1421143847487003,2.867865519937451,1.4267942583732058,partial_bearish,2.6316689732385825,1.4160921079054822,bullish,bullish,False,True,True,False,2023
28,23025,23026,23085,2022-10-25 13:45:00+00:00,2022-10-25 13:46:00+00:00,2022-10-25 14:45:00+00:00,long,11582.0,11582.5,11582.75,11557.75,11607.75,11632.75,11657.75,11682.75,76.32282217422606,near_trigger,71.32282217422606,25.0,True,True,True,False,False,max_holding_time,11622.0,11621.75,39.0,0.0,39.0,1.56,82.0,0.5,3.28,0.02,60,59.0,3,2022-10-25,2.28913260219342,1.9721539721539725,3.695431472081218,strong_bullish,2.223631094089639,1.2690184785217182,bullish,bullish,True,True,True,False,2023
29,24445,24446,24463,2022-10-26 14:25:00+00:00,2022-10-26 14:26:00+00:00,2022-10-26 14:43:00+00:00,long,11533.25,11532.75,11533.0,11508.0,11558.0,11583.0,11608.0,11633.0,77.83749574122817,near_trigger,64.83749574122817,25.0,True,True,True,True,False,tp4,11633.0,11632.75,99.75,0.0,99.75,3.99,101.75,1.0,4.07,0.04,18,17.0,4,2022-10-26,1.2394366197183098,0.9601891998423334,1.064516129032258,partial_bullish,0.6124009453635478,0.7155187514929532,bullish,bullish,True,False,True,False,2023
30,25772,25773,25789,2022-10-27 13:32:00+00:00,2022-10-27 13:33:00+00:00,2022-10-27 13:49:00+00:00,short,11443.0,11444.0,11443.75,11468.75,11418.75,11393.75,11368.75,11343.75,70.0,near_trigger,-24.82142311983509,25.0,True,True,True,True,False,tp4,11343.75,11344.0,99.75,0.0,99.75,3.99,122.25,16.5,4.89,0.66,17,16.0,4,2022-10-27,1.7721518987341771,0.9910195456946644,0.7044967880085654,partial_bullish,3.1627803356601816,1.0770841089981806,bearish,bearish,False,False,True,False,2023
31,25790,25791,25805,2022-10-27 13:50:00+00:00,2022-10-27 13:51:00+00:00,2022-10-27 14:05:00+00:00,short,11297.75,11297.5,11297.25,11322.25,11272.25,11247.25,11222.25,11197.25,85.56300578034683,high_probability,-72.56300578034683,25.0,True,False,False,False,True,stop,11322.25,11322.5,-25.25,0.0,-25.25,-1.01,33.75,53.75,1.35,2.15,15,14.0,1,2022-10-27,4.309248554913295,2.269927536231884,0.4453665283540802,partial_bearish,1.3453714108575192,1.649859027022461,bearish,bearish,False,True,True,False,2023
32,27150,27151,27160,2022-10-28 13:30:00+00:00,2022-10-28 13:31:00+00:00,2022-10-28 13:40:00+00:00,long,11234.0,11234.25,11234.5,11209.5,11259.5,11284.5,11309.5,11334.5,82.9351332734204,high_probability,49.935133273420405,25.0,True,True,True,True,False,tp4,11334.5,11334.25,99.75,0.0,99.75,3.99,107.5,10.5,4.3,0.42,10,9.0,4,2022-10-28,1.82529335071708,1.5149253731343284,2.655399061032864,strong_bullish,7.761614911104233,1.157642117084285,neutral,bullish,True,True,True,False,2023
33,27161,27162,27169,2022-10-28 13:41:00+00:00,2022-10-28 13:42:00+00:00,2022-10-28 13:49:00+00:00,long,11350.75,11350.75,11351.0,11326.0,11376.0,11401.0,11426.0,11451.0,74.56825073390019,near_trigger,49.568250733900186,25.0,False,False,False,False,True,stop,11326.0,11325.75,-25.25,0.0,-25.25,-1.01,13.25,25.25,0.53,1.01,8,7.0,0,2022-10-28,1.406791406791407,3.427958833619211,2.655399061032864,strong_bullish,1.56624973500106,1.2401010654274962,neutral,bullish,False,True,True,False,2023
34,27185,27186,27188,2022-10-28 14:05:00+00:00,2022-10-28 14:06:00+00:00,2022-10-28 14:08:00+00:00,long,11330.0,11329.5,11329.75,11304.75,11354.75,11379.75,11404.75,11429.75,84.03635648621494,high_probability,71.03635648621494,25.0,False,False,False,False,True,stop,11304.75,11304.5,-25.25,0.0,-25.25,-1.01,7.0,25.75,0.28,1.03,3,2.0,0,2022-10-28,0.7304347826086957,0.4460294816928197,3.542817196784341,partial_bearish,1.3930154300722255,1.2159211952679454,bullish,bullish,True,False,True,False,2023
35,28531,28532,28532,2022-10-31 13:31:00+00:00,2022-10-31 13:32:00+00:00,2022-10-31 13:32:00+00:00,long,11516.25,11516.25,11516.5,11495.0,11541.5,11566.5,11591.5,11616.5,73.31549851178521,near_trigger,22.315498511785208,21.5,False,False,False,False,True,stop,11495.0,11494.75,-21.75,0.0,-21.75,-1.0116279069767442,0.0,54.0,0.0,2.511627906976744,1,0.0,0,2022-10-31,2.405498281786942,1.6035242290748897,1.2243816254416962,partial_bearish,6.003979659518019,0.8299257357660218,neutral,neutral,True,True,True,True,2023
36,28533,28534,28546,2022-10-31 13:33:00+00:00,2022-10-31 13:34:00+00:00,2022-10-31 13:46:00+00:00,long,11465.75,11466.0,11466.25,11441.25,11491.25,11516.25,11541.25,11566.25,73.72866303254717,near_trigger,43.728663032547175,25.0,True,False,False,False,True,stop,11441.25,11441.0,-25.25,0.0,-25.25,-1.01,46.5,38.25,1.86,1.53,13,12.0,1,2022-10-31,2.044736842105263,1.6035242290748897,1.2243816254416962,strong_bearish,3.638213558958981,0.978271825368256,neutral,bullish,True,True,True,True,2023
37,29961,29962,29966,2022-11-01 14:21:00+00:00,2022-11-01 14:22:00+00:00,2022-11-01 14:26:00+00:00,long,11429.0,11429.25,11429.5,11404.5,11454.5,11479.5,11504.5,11529.5,95.92857142857144,a_plus_plus,78.92857142857143,25.0,False,False,False,False,True,stop,11404.5,11404.25,-25.25,0.0,-25.25,-1.01,3.75,26.5,0.15,1.06,5,4.0,0,2022-11-01,0.4347826086956521,3.1831129196337744,6.030188679245283,partial_bearish,1.2989234717074185,2.0077900730170453,bullish,bullish,True,True,True,False,2023
38,29969,29970,29971,2022-11-01 14:29:00+00:00,2022-11-01 14:30:00+00:00,2022-11-01 14:31:00+00:00,long,11439.75,11439.75,11440.0,11415.0,11465.0,11490.0,11515.0,11540.0,86.6687668110794,high_probability,76.6687668110794,25.0,False,False,False,False,True,stop,11415.0,11414.75,-25.25,0.0,-25.25,-1.01,0.5,26.25,0.02,1.05,2,1.0,0,2022-11-01,1.376597836774828,2.5389940009229357,6.030188679245283,partial_bearish,0.8005787775228703,1.2195475638051043,bullish,bullish,True,True,True,True,2023
39,31292,31293,31296,2022-11-02 13:32:00+00:00,2022-11-02 13:33:00+00:00,2022-11-02 13:36:00+00:00,short,11284.0,11284.25,11284.0,11309.0,11259.0,11234.0,11209.0,11184.0,74.21255866585045,near_trigger,-65.21255866585045,25.0,False,False,False,False,True,stop,11309.0,11309.25,-25.25,0.0,-25.25,-1.01,12.75,30.75,0.51,1.23,4,3.0,0,2022-11-02,5.190114068441065,0.384,0.5873287671232876,strong_bearish,6.529186602870813,0.8437988882087051,bearish,bearish,True,True,True,True,2023
40,31298,31299,31300,2022-11-02 13:38:00+00:00,2022-11-02 13:39:00+00:00,2022-11-02 13:40:00+00:00,short,11296.5,11296.25,11296.0,11316.75,11271.0,11246.0,11221.0,11196.0,78.9342659793382,near_trigger,-64.9342659793382,20.75,False,False,False,False,True,stop,11316.75,11317.0,-21.0,0.0,-21.0,-1.0120481927710845,8.75,30.5,0.4216867469879518,1.4698795180722892,2,1.0,0,2022-11-02,1.147540983606557,2.629107981220657,0.5873287671232876,partial_bearish,1.2299221725451237,0.5428467019915951,bearish,bearish,True,True,True,True,2023
41,34050,34051,34051,2022-11-04 13:30:00+00:00,2022-11-04 13:31:00+00:00,2022-11-04 13:31:00+00:00,long,10945.75,10946.0,10946.25,10921.25,10971.25,10996.25,11021.25,11046.25,80.55289028827316,high_probability,63.55289028827316,25.0,False,False,False,False,True,stop,10921.25,10921.0,-25.25,0.0,-25.25,-1.01,3.5,34.25,0.14,1.37,1,0.0,0,2022-11-04,2.289544235924933,0.822972972972973,3.2585249801744647,strong_bullish,6.545164597334549,1.1772298425511427,bullish,bullish,True,True,True,False,2023
42,34052,34053,34055,2022-11-04 13:32:00+00:00,2022-11-04 13:33:00+00:00,2022-11-04 13:35:00+00:00,long,10879.5,10879.75,10880.0,10855.0,10905.0,10930.0,10955.0,10980.0,74.0,near_trigger,16.175342207117907,25.0,False,False,False,False,True,stop,10855.0,10854.75,-25.25,0.0,-25.25,-1.01,19.25,27.5,0.77,1.1,3,2.0,0,2022-11-04,2.7751479289940826,0.822972972972973,3.2585249801744647,partial_bullish,3.218673706357555,1.0205481607350766,bullish,bullish,False,True,True,False,2023
43,34076,34077,34102,2022-11-04 13:56:00+00:00,2022-11-04 13:57:00+00:00,2022-11-04 14:22:00+00:00,long,10815.5,10815.5,10815.75,10790.75,10840.75,10865.75,10890.75,10915.75,94.2,a_plus_plus,85.2,25.0,True,True,True,True,False,tp4,10915.75,10915.5,99.75,0.0,99.75,3.99,102.75,9.25,4.11,0.37,26,25.0,4,2022-11-04,2.457296570275723,3.131445170660857,0.7946859903381642,partial_bearish,1.3613758382394072,2.331008865683148,bullish,bullish,True,True,True,False,2023
44,35462,35463,35468,2022-11-07 15:02:00+00:00,2022-11-07 15:03:00+00:00,2022-11-07 15:08:00+00:00,long,10924.0,10923.75,10924.0,10899.0,10949.0,10974.0,10999.0,11024.0,81.74085407332828,high_probability,52.74085407332828,25.0,False,False,False,False,True,stop,10899.0,10898.75,-25.25,0.0,-25.25,-1.01,12.0,29.25,0.48,1.17,6,5.0,0,2022-11-07,1.990942028985507,0.9385964912280702,0.98732782369146,partial_bearish,1.6681449569183984,1.467533673943335,neutral,bullish,True,True,True,False,2023
45,35475,35476,35480,2022-11-07 15:15:00+00:00,2022-11-07 15:16:00+00:00,2022-11-07 15:20:00+00:00,long,10939.5,10939.75,10940.0,10915.0,10965.0,10990.0,11015.0,11040.0,72.5506485157627,near_trigger,46.5506485157627,25.0,False,False,False,False,True,stop,10915.0,10914.75,-25.25,0.0,-25.25,-1.01,22.25,32.75,0.89,1.31,5,4.0,0,2022-11-07,1.1827111984282908,1.8257731958762884,0.0636685194542698,partial_bullish,1.21122802207218,1.0916504494486146,neutral,bullish,True,False,True,True,2023
46,36832,36833,36892,2022-11-08 14:52:00+00:00,2022-11-08 14:53:00+00:00,2022-11-08 15:52:00+00:00,long,11063.0,11063.0,11063.25,11038.25,11088.25,11113.25,11138.25,11163.25,95.42091884858522,a_plus_plus,52.42091884858522,25.0,True,True,False,False,False,max_holding_time,11123.5,11123.25,60.0,0.0,60.0,2.4,74.75,22.25,2.99,0.89,60,59.0,2,2022-11-08,2.2694414019715228,2.903901046622265,0.9408327246165084,partial_bearish,1.741696354672712,1.4756397487753816,bullish,bullish,True,True,True,False,2023
47,40950,40951,40965,2022-11-11 14:30:00+00:00,2022-11-11 14:31:00+00:00,2022-11-11 14:45:00+00:00,short,11613.25,11613.0,11612.75,11637.75,11587.75,11562.75,11537.75,11512.75,77.99670064353029,near_trigger,-67.99670064353029,25.0,True,False,False,False,True,stop,11637.75,11638.0,-25.25,0.0,-25.25,-1.01,43.25,45.25,1.73,1.81,15,14.0,1,2022-11-11,0.5685279187817259,3.5421686746987957,3.1935028248587574,strong_bearish,6.216666666666667,0.9892133112329464,neutral,bearish,True,True,True,True,2023
48,40966,40967,40975,2022-11-11 14:46:00+00:00,2022-11-11 14:47:00+00:00,2022-11-11 14:55:00+00:00,long,11665.0,11665.25,11665.5,11640.5,11690.5,11715.5,11740.5,11765.5,73.90683752646137,near_trigger,47.90683752646137,25.0,True,False,False,False,True,stop,11640.5,11640.25,-25.25,0.0,-25.25,-1.01,26.0,31.75,1.04,1.27,9,8.0,1,2022-11-11,2.217494089834516,0.44579226686884,2.596705308114704,partial_bearish,1.0921761855501717,1.0230344241393965,neutral,bullish,True,True,True,False,2023
49,42331,42332,42370,2022-11-14 14:31:00+00:00,2022-11-14 14:32:00+00:00,2022-11-14 15:10:00+00:00,short,11780.25,11779.75,11779.5,11804.5,11754.5,11729.5,11704.5,11679.5,70.0,near_trigger,-37.237116628023145,25.0,True,True,True,False,True,stop,11804.5,11804.75,-25.25,0.0,-25.25,-1.01,77.5,29.25,3.1,1.17,39,38.0,3,2022-11-14,1.5592417061611374,2.42026825633383,2.049800796812749,partial_bearish,6.804134697357204,0.8024028099807097,bearish,bearish,False,True,True,True,2023
50,42384,42385,42401,2022-11-14 15:24:00+00:00,2022-11-14 15:25:00+00:00,2022-11-14 15:41:00+00:00,short,11783.0,11783.75,11783.5,11808.5,11758.5,11733.5,11708.5,11683.5,85.98354107957564,high_probability,-61.983541079575645,25.0,False,False,False,False,True,stop,11808.5,11808.75,-25.25,0.0,-25.25,-1.01,22.5,33.25,0.9,1.33,17,16.0,0,2022-11-14,1.1974842767295597,2.259678379988088,0.77228992944195,partial_bullish,1.115433460330192,1.1759068744891343,bearish,bearish,True,True,True,False,2023
51,43712,43713,43713,2022-11-15 14:32:00+00:00,2022-11-15 14:33:00+00:00,2022-11-15 14:33:00+00:00,long,12055.5,12056.25,12056.5,12031.5,12081.5,12106.5,12131.5,12156.5,72.57918435941566,near_trigger,51.57918435941566,25.0,False,False,False,False,True,stop,12031.5,12031.25,-25.25,0.0,-25.25,-1.01,3.0,25.0,0.12,1.0,1,0.0,0,2022-11-15,1.3311965811965811,0.7670319199618867,2.136599152143193,partial_bullish,3.708484117410535,1.1906098922732349,bullish,bullish,True,False,False,False,2023
52,43750,43751,43760,2022-11-15 15:10:00+00:00,2022-11-15 15:11:00+00:00,2022-11-15 15:20:00+00:00,long,12019.75,12019.5,12019.75,11994.75,12044.75,12069.75,12094.75,12119.75,71.0,near_trigger,71.0,25.0,False,False,False,False,True,stop,11994.75,11994.5,-25.25,0.0,-25.25,-1.01,18.0,25.75,0.72,1.03,10,9.0,0,2022-11-15,2.3056872037914693,0.2616822429906542,0.5916271721958926,partial_bearish,0.910418492093295,0.7690319548872181,bullish,bullish,True,False,True,False,2023
53,43765,43766,43777,2022-11-15 15:25:00+00:00,2022-11-15 15:26:00+00:00,2022-11-15 15:37:00+00:00,long,12043.75,12043.75,12044.0,12019.0,12069.0,12094.0,12119.0,12144.0,82.74147022744118,high_probability,80.74147022744118,25.0,False,False,False,False,True,stop,12019.0,12018.75,-25.25,0.0,-25.25,-1.01,8.25,29.25,0.33,1.17,12,11.0,0,2022-11-15,2.11441647597254,0.1331331331331331,1.1754916792738277,partial_bullish,1.1321369247304822,0.8625524206555993,bullish,bullish,True,True,True,True,2023
54,45091,45092,45094,2022-11-16 14:31:00+00:00,2022-11-16 14:32:00+00:00,2022-11-16 14:34:00+00:00,short,11811.25,11811.5,11811.25,11836.25,11786.25,11761.25,11736.25,11711.25,76.13228082006613,near_trigger,-67.13228082006613,25.0,False,False,False,False,True,stop,11836.25,11836.5,-25.25,0.0,-25.25,-1.01,11.5,25.5,0.46,1.02,3,2.0,0,2022-11-16,0.8456375838926175,0.6172148355493352,1.8490566037735847,strong_bearish,4.710156986742109,1.0745516900998495,bearish,bearish,False,True,True,False,2023
55,45095,45096,45155,2022-11-16 14:35:00+00:00,2022-11-16 14:36:00+00:00,2022-11-16 15:35:00+00:00,short,11811.0,11811.5,11811.25,11836.25,11786.25,11761.25,11736.25,11711.25,87.32405263885789,high_probability,-79.32405263885789,25.0,True,True,True,False,False,max_holding_time,11765.5,11765.75,45.5,0.0,45.5,1.82,87.25,13.25,3.49,0.53,60,59.0,3,2022-11-16,0.5390070921985816,0.7406451612903227,1.8490566037735847,strong_bearish,2.7358521372824347,1.1846468188598942,bearish,bearish,True,True,True,False,2023
56,47875,47876,47879,2022-11-18 14:55:00+00:00,2022-11-18 14:56:00+00:00,2022-11-18 14:59:00+00:00,long,11781.0,11780.5,11780.75,11755.75,11805.75,11830.75,11855.75,11880.75,86.1252303329232,high_probability,58.1252303329232,25.0,False,False,False,False,True,stop,11755.75,11755.5,-25.25,0.0,-25.25,-1.01,4.0,33.75,0.16,1.35,4,3.0,0,2022-11-18,2.3725961538461537,3.0631424375917766,2.629021667760998,partial_bearish,1.17512848286511,1.182884251794973,bullish,bullish,True,True,True,False,2023
57,47880,47881,47883,2022-11-18 15:00:00+00:00,2022-11-18 15:01:00+00:00,2022-11-18 15:03:00+00:00,long,11731.25,11731.0,11731.25,11706.25,11756.25,11781.25,11806.25,11831.25,70.0,near_trigger,63.77672186397116,25.0,False,False,False,False,True,stop,11706.25,11706.0,-25.25,0.0,-25.25,-1.01,6.75,33.0,0.27,1.32,3,2.0,0,2022-11-18,3.1986222732491387,0.6648313833448039,2.3856882959369314,strong_bearish,1.7653203780851572,0.9454413093007268,bullish,neutral,True,True,True,True,2023
58,49234,49235,49240,2022-11-21 14:34:00+00:00,2022-11-21 14:35:00+00:00,2022-11-21 14:40:00+00:00,short,11638.75,11639.5,11639.25,11664.25,11614.25,11589.25,11564.25,11539.25,88.63250533789068,high_probability,-80.63250533789068,25.0,False,False,False,False,True,stop,11664.25,11664.5,-25.25,0.0,-25.25,-1.01,11.0,26.75,0.44,1.07,6,5.0,0,2022-11-21,0.7945945945945947,0.2280130293159609,0.5737704918032788,partial_bullish,3.68224197745013,1.1937544482422304,bearish,bearish,True,True,True,True,2023
59,49242,49243,49247,2022-11-21 14:42:00+00:00,2022-11-21 14:43:00+00:00,2022-11-21 14:47:00+00:00,short,11664.75,11664.25,11664.0,11689.0,11639.0,11614.0,11589.0,11564.0,71.0,near_trigger,-55.17753272873494,25.0,False,False,False,False,True,stop,11689.0,11689.25,-25.25,0.0,-25.25,-1.01,20.75,27.5,0.83,1.1,5,4.0,0,2022-11-21,1.7315010570824525,0.3515981735159817,0.5737704918032788,partial_bullish,1.0656482436823382,0.7160447838413939,bearish,bearish,True,True,True,True,2023
60,49266,49267,49326,2022-11-21 15:06:00+00:00,2022-11-21 15:07:00+00:00,2022-11-21 16:06:00+00:00,short,11621.75,11622.0,11621.75,11646.75,11596.75,11571.75,11546.75,11521.75,81.42659352867658,high_probability,-80.42659352867658,25.0,True,False,False,False,False,max_holding_time,11602.75,11603.0,18.75,0.0,18.75,0.75,46.75,18.25,1.87,0.73,60,59.0,1,2022-11-21,3.287598944591029,0.3352112676056338,0.6032689450222883,partial_bearish,2.023803024512748,1.7367268297824994,bearish,bearish,False,True,True,False,2023
61,50645,50646,50705,2022-11-22 15:05:00+00:00,2022-11-22 15:06:00+00:00,2022-11-22 16:05:00+00:00,long,11594.25,11594.5,11594.75,11569.75,11619.75,11644.75,11669.75,11694.75,72.1276990907147,near_trigger,39.1276990907147,25.0,True,True,False,False,False,max_holding_time,11631.75,11631.5,36.75,0.0,36.75,1.47,59.75,20.0,2.39,0.8,60,59.0,2,2022-11-22,2.282802547770701,0.8031007751937985,2.569562377531025,partial_bullish,1.799155559235036,1.106415908928917,neutral,bullish,False,True,True,False,2023
62,51991,51992,52027,2022-11-23 14:31:00+00:00,2022-11-23 14:32:00+00:00,2022-11-23 15:07:00+00:00,long,11763.75,11763.25,11763.5,11738.5,11788.5,11813.5,11838.5,11863.5,70.29768225235149,near_trigger,31.297682252351493,25.0,True,True,True,True,False,tp4,11863.5,11863.25,99.75,0.0,99.75,3.99,100.75,8.25,4.03,0.33,36,35.0,4,2022-11-23,2.077625570776256,0.6171284634760705,1.4516450648055834,partial_bearish,6.85280202572133,0.647191350643793,bullish,bullish,True,True,True,False,2023
63,57046,57047,57049,2022-11-29 14:31:00+00:00,2022-11-29 14:32:00+00:00,2022-11-29 14:34:00+00:00,short,11601.25,11601.5,11601.25,11626.25,11576.25,11551.25,11526.25,11501.25,83.31478179458263,high_probability,-62.31478179458263,25.0,False,False,False,False,True,stop,11626.25,11626.5,-25.25,0.0,-25.25,-1.01,3.25,26.75,0.13,1.07,3,2.0,0,2022-11-29,4.107438016528926,1.3618677042801557,0.6176470588235294,strong_bearish,5.62251517053777,0.7623181621521941,bearish,bearish,False,True,True,False,2023
64,57088,57089,57092,2022-11-29 15:13:00+00:00,2022-11-29 15:14:00+00:00,2022-11-29 15:17:00+00:00,short,11569.25,11569.25,11569.0,11594.0,11544.0,11519.0,11494.0,11469.0,71.66165680473372,near_trigger,-58.66165680473373,25.0,False,False,False,False,True,stop,11594.0,11594.25,-25.25,0.0,-25.25,-1.01,7.75,36.75,0.31,1.47,4,3.0,0,2022-11-29,2.336094674556213,0.6395939086294417,2.172596517789553,partial_bearish,1.7107182066953972,1.6658422555887091,bearish,bearish,True,True,True,False,2023
65,57093,57094,57103,2022-11-29 15:18:00+00:00,2022-11-29 15:19:00+00:00,2022-11-29 15:28:00+00:00,short,11596.0,11596.25,11596.0,11621.0,11571.0,11546.0,11521.0,11496.0,77.06866738932004,near_trigger,-65.06866738932004,25.0,False,False,False,False,True,stop,11621.0,11621.25,-25.25,0.0,-25.25,-1.01,8.0,26.5,0.32,1.06,10,9.0,0,2022-11-29,1.8608695652173912,0.7730061349693251,2.5078929306794784,partial_bearish,0.6851707247817136,0.8637445635637965,bearish,bearish,True,True,True,True,2023
66,59805,59806,59807,2022-12-01 14:30:00+00:00,2022-12-01 14:31:00+00:00,2022-12-01 14:32:00+00:00,short,12037.0,12036.5,12036.25,12061.25,12011.25,11986.25,11961.25,11936.25,75.94379549768158,near_trigger,-74.94379549768158,25.0,False,False,False,False,True,stop,12061.25,12061.5,-25.25,0.0,-25.25,-1.01,2.0,36.0,0.08,1.44,2,1.0,0,2022-12-01,3.33214920071048,0.7755395683453237,0.2898550724637681,strong_bearish,14.8220302640446,1.453162914734642,bearish,bearish,True,True,False,False,2023
67,59861,59862,59864,2022-12-01 15:26:00+00:00,2022-12-01 15:27:00+00:00,2022-12-01 15:29:00+00:00,long,11991.75,11992.0,11992.25,11967.25,12017.25,12042.25,12067.25,12092.25,91.86193548387097,a_plus_plus,78.86193548387097,25.0,False,False,False,False,True,stop,11967.25,11967.0,-25.25,0.0,-25.25,-1.01,1.25,30.25,0.05,1.21,3,2.0,0,2022-12-01,1.1591397849462366,3.988527724665393,1.7808336914482166,partial_bearish,1.0104549854791869,1.6738025368419365,bullish,bullish,True,True,True,False,2023
68,62575,62576,62635,2022-12-05 14:40:00+00:00,2022-12-05 14:41:00+00:00,2022-12-05 15:40:00+00:00,short,11948.75,11949.0,11948.75,11973.75,11923.75,11898.75,11873.75,11848.75,70.92635819169637,near_trigger,-70.92635819169637,25.0,True,True,True,False,False,max_holding_time,11910.0,11910.25,38.5,0.0,38.5,1.54,87.75,22.75,3.51,0.91,60,59.0,3,2022-12-05,0.6339622641509434,1.851508120649652,1.5476673427991885,partial_bearish,1.763461790413446,1.028568933331878,bearish,bearish,True,True,False,False,2023
69,63964,63965,63982,2022-12-06 14:49:00+00:00,2022-12-06 14:50:00+00:00,2022-12-06 15:07:00+00:00,short,11730.0,11730.0,11729.75,11754.75,11704.75,11679.75,11654.75,11629.75,72.0,near_trigger,-38.30616174582799,25.0,True,True,True,True,False,tp4,11629.75,11630.0,99.75,0.0,99.75,3.99,118.0,1.25,4.72,0.05,18,17.0,4,2022-12-06,0.503209242618742,4.9284332688588,4.0355871886121,partial_bearish,1.0843305380194102,1.520050721191948,bearish,bearish,False,True,True,False,2023
70,65332,65333,65344,2022-12-07 14:37:00+00:00,2022-12-07 14:38:00+00:00,2022-12-07 14:49:00+00:00,short,11577.25,11577.25,11577.0,11602.0,11552.0,11527.0,11502.0,11477.0,72.13428571428571,near_trigger,-58.13428571428571,25.0,True,True,True,True,False,tp4,11477.0,11477.25,99.75,0.0,99.75,3.99,105.75,12.0,4.23,0.48,12,11.0,4,2022-12-07,3.6,2.526994359387591,2.165042235217674,strong_bullish,2.308657854364569,1.5947505325469125,bearish,bearish,True,True,False,False,2023
71,65355,65356,65357,2022-12-07 15:00:00+00:00,2022-12-07 15:01:00+00:00,2022-12-07 15:02:00+00:00,short,11448.75,11448.75,11448.5,11473.5,11423.5,11398.5,11373.5,11348.5,70.82470106314967,near_trigger,-69.82470106314967,25.0,False,False,False,False,True,stop,11473.5,11473.75,-25.25,0.0,-25.25,-1.01,8.25,36.5,0.33,1.46,2,1.0,0,2022-12-07,1.7517241379310344,2.5524437122460184,0.4599722350763535,strong_bearish,1.6627732273542384,1.353917552624725,bearish,bearish,False,True,True,False,2023
72,65363,65364,65406,2022-12-07 15:08:00+00:00,2022-12-07 15:09:00+00:00,2022-12-07 15:51:00+00:00,short,11520.75,11520.5,11520.25,11545.25,11495.25,11470.25,11445.25,11420.25,76.5456142623138,near_trigger,-65.5456142623138,25.0,True,True,False,False,True,stop,11545.25,11545.5,-25.25,0.0,-25.25,-1.01,62.75,40.25,2.51,1.61,43,42.0,2,2022-12-07,2.1816443594646278,1.693548387096774,0.4599722350763535,partial_bearish,1.0192633047401385,1.4936495969378878,bearish,bearish,True,True,True,False,2023
73,66726,66727,66731,2022-12-08 14:51:00+00:00,2022-12-08 14:52:00+00:00,2022-12-08 14:56:00+00:00,short,11540.75,11540.75,11540.5,11565.5,11515.5,11490.5,11465.5,11440.5,74.0,near_trigger,-18.614652139758874,25.0,False,False,False,False,True,stop,11565.5,11565.75,-25.25,0.0,-25.25,-1.01,3.0,35.75,0.12,1.43,5,4.0,0,2022-12-08,1.7299771167048057,2.076788830715532,3.094736842105263,partial_bearish,1.17836912846173,1.530023906623541,bearish,bearish,False,True,True,False,2023
74,66740,66741,66800,2022-12-08 15:05:00+00:00,2022-12-08 15:06:00+00:00,2022-12-08 16:05:00+00:00,long,11628.25,11628.25,11628.5,11603.5,11653.5,11678.5,11703.5,11728.5,85.97468030690537,high_probability,72.97468030690537,25.0,True,False,False,False,False,max_holding_time,11637.0,11636.75,8.25,0.0,8.25,0.33,42.75,21.0,1.71,0.84,60,59.0,1,2022-12-08,1.3248081841432229,3.710280373831776,0.7488738738738738,strong_bullish,1.5720080015030449,2.0339758622662014,bullish,bullish,False,True,True,False,2023
75,68086,68087,68088,2022-12-09 14:31:00+00:00,2022-12-09 14:32:00+00:00,2022-12-09 14:33:00+00:00,short,11569.25,11569.75,11569.5,11594.5,11544.5,11519.5,11494.5,11469.5,72.42578007902983,near_trigger,-59.42578007902984,25.0,False,False,False,False,True,stop,11594.5,11594.75,-25.25,0.0,-25.25,-1.01,19.5,33.0,0.78,1.32,2,1.0,0,2022-12-09,1.8167938931297711,0.1249442213297634,2.9392265193370166,strong_bearish,6.559719994166546,1.0214833991915335,bearish,bearish,True,True,False,False,2023
76,72260,72261,72320,2022-12-14 15:06:00+00:00,2022-12-14 15:07:00+00:00,2022-12-14 16:06:00+00:00,long,12027.0,12027.0,12027.25,12002.25,12052.25,12077.25,12102.25,12127.25,71.87226166667034,near_trigger,69.87226166667034,25.0,True,False,False,False,False,max_holding_time,12034.5,12034.25,7.0,0.0,7.0,0.28,28.5,21.5,1.14,0.86,60,59.0,1,2022-12-14,1.3608521970705725,1.1122031122031122,2.487603305785124,strong_bullish,0.8224994910275426,0.7213365642137483,bullish,bullish,False,False,True,False,2023
77,73606,73607,73633,2022-12-15 14:32:00+00:00,2022-12-15 14:33:00+00:00,2022-12-15 14:59:00+00:00,short,11659.5,11659.5,11659.25,11684.25,11634.25,11609.25,11584.25,11559.25,72.1625850340136,near_trigger,-53.1625850340136,25.0,True,True,True,True,False,tp4,11559.25,11559.5,99.75,0.0,99.75,3.99,102.0,4.5,4.08,0.18,27,26.0,4,2022-12-15,1.4197183098591548,0.6589506172839507,1.204398447606727,strong_bearish,4.1845403899721445,1.1354875283446713,bearish,bearish,True,True,True,False,2023
78,73634,73635,73694,2022-12-15 15:00:00+00:00,2022-12-15 15:01:00+00:00,2022-12-15 16:00:00+00:00,short,11557.25,11557.0,11556.75,11581.75,11531.75,11506.75,11481.75,11456.75,77.42207279061618,near_trigger,-77.42207279061618,25.0,True,True,False,False,False,max_holding_time,11527.5,11527.75,29.0,0.0,29.0,1.16,53.0,18.0,2.12,0.72,60,59.0,2,2022-12-15,3.3711882229232386,2.132295719844358,2.6043498380379453,strong_bearish,1.1896712123618705,0.8985201751454548,bearish,bearish,False,True,True,True,2023
79,74985,74986,74994,2022-12-16 14:31:00+00:00,2022-12-16 14:32:00+00:00,2022-12-16 14:40:00+00:00,long,11437.25,11437.75,11438.0,11413.0,11463.0,11488.0,11513.0,11538.0,71.27288917392269,near_trigger,30.27288917392269,25.0,False,False,False,False,True,stop,11413.0,11412.75,-25.25,0.0,-25.25,-1.01,19.75,31.5,0.79,1.26,9,8.0,0,2022-12-16,4.05592841163311,1.7567567567567568,0.8436911487758945,strong_bullish,3.567819410722488,0.8940743116022464,neutral,neutral,True,True,True,False,2023
80,75001,75002,75003,2022-12-16 14:47:00+00:00,2022-12-16 14:48:00+00:00,2022-12-16 14:49:00+00:00,short,11439.25,11439.25,11439.0,11464.0,11414.0,11389.0,11364.0,11339.0,72.48482446771344,near_trigger,-58.48482446771344,25.0,False,False,False,False,True,stop,11464.0,11464.25,-25.25,0.0,-25.25,-1.01,0.0,48.75,0.0,1.95,2,1.0,0,2022-12-16,0.0115990057995029,2.4279720279720283,1.3132892363199038,partial_bullish,1.415744050213582,1.668109583412816,neutral,bearish,True,False,True,False,2023
81,75038,75039,75098,2022-12-16 15:24:00+00:00,2022-12-16 15:25:00+00:00,2022-12-16 16:24:00+00:00,short,11348.5,11348.25,11348.0,11373.0,11323.0,11298.0,11273.0,11248.0,72.91376146788991,near_trigger,-51.91376146788991,25.0,True,False,False,False,False,max_holding_time,11311.75,11312.0,36.0,0.0,36.0,1.44,41.5,18.5,1.66,0.74,60,59.0,1,2022-12-16,1.853211009174312,2.798689138576779,0.7099132023755139,strong_bearish,1.142343601777423,1.698883746256466,neutral,bearish,False,True,True,False,2023
82,77783,77784,77788,2022-12-20 15:09:00+00:00,2022-12-20 15:10:00+00:00,2022-12-20 15:14:00+00:00,short,11169.25,11169.0,11168.75,11193.75,11143.75,11118.75,11093.75,11068.75,77.39106763239346,near_trigger,-77.39106763239346,25.0,False,False,False,False,True,stop,11193.75,11194.0,-25.25,0.0,-25.25,-1.01,10.75,25.0,0.43,1.0,5,4.0,0,2022-12-20,0.5732758620689654,1.2893642305407012,0.4745762711864407,partial_bullish,0.87521942294855,1.2856598086037518,bearish,bearish,True,True,True,False,2023
83,79125,79126,79174,2022-12-21 14:31:00+00:00,2022-12-21 14:32:00+00:00,2022-12-21 15:20:00+00:00,long,11200.25,11200.5,11200.75,11175.75,11225.75,11250.75,11275.75,11300.75,78.0,near_trigger,45.41950206422212,25.0,True,True,True,True,False,tp4,11300.75,11300.5,99.75,0.0,99.75,3.99,102.0,19.75,4.08,0.79,49,48.0,4,2022-12-21,2.665137614678899,0.7573770491803279,1.501818181818182,strong_bearish,8.15521249329439,1.1504149464815734,bullish,bullish,True,True,True,False,2023
84,80505,80506,80535,2022-12-22 14:31:00+00:00,2022-12-22 14:32:00+00:00,2022-12-22 15:01:00+00:00,short,11180.0,11179.75,11179.5,11204.5,11154.5,11129.5,11104.5,11079.5,85.1072867445909,high_probability,-46.107286744590894,25.0,True,True,True,True,False,tp4,11079.5,11079.75,99.75,0.0,99.75,3.99,101.75,0.25,4.07,0.01,30,29.0,4,2022-12-22,2.919597989949749,0.1620658949243099,3.835137385512073,partial_bearish,8.67712747680678,1.2560722871590817,bearish,neutral,True,True,True,True,2023
85,80536,80537,80596,2022-12-22 15:02:00+00:00,2022-12-22 15:03:00+00:00,2022-12-22 16:02:00+00:00,short,11077.75,11078.75,11078.5,11103.5,11053.5,11028.5,11003.5,10978.5,78.08320357051439,near_trigger,-77.08320357051439,25.0,True,True,True,False,False,max_holding_time,11009.5,11009.75,68.75,0.0,68.75,2.75,80.0,6.25,3.2,0.25,60,59.0,3,2022-12-22,2.8380952380952382,0.8968386023294509,3.421641791044776,strong_bearish,1.9175555957331405,1.428860118285799,bearish,bearish,False,True,True,False,2023
86,81896,81897,81899,2022-12-23 14:42:00+00:00,2022-12-23 14:43:00+00:00,2022-12-23 14:45:00+00:00,long,10996.25,10996.75,10997.0,10972.0,11022.0,11047.0,11072.0,11097.0,70.03760794044665,near_trigger,68.03760794044665,25.0,False,False,False,False,True,stop,10972.0,10971.75,-25.25,0.0,-25.25,-1.01,1.75,30.25,0.07,1.21,3,2.0,0,2022-12-23,1.8933002481389576,2.13510747185261,2.130558955528356,partial_bearish,1.9049448649479384,1.8734413179837268,bullish,bullish,True,True,False,False,2023
87,81915,81916,81922,2022-12-23 15:01:00+00:00,2022-12-23 15:02:00+00:00,2022-12-23 15:08:00+00:00,short,10948.25,10947.25,10947.0,10972.0,10922.0,10897.0,10872.0,10847.0,71.23108595435406,near_trigger,-51.23108595435406,25.0,True,False,False,False,True,stop,10972.0,10972.25,-25.25,0.0,-25.25,-1.01,31.25,31.0,1.25,1.24,7,6.0,1,2022-12-23,0.9246231155778896,1.1755725190839696,3.5092226613965742,partial_bearish,1.6787930246228202,1.4697910591141454,bearish,bearish,True,True,False,False,2023
88,84667,84668,84669,2022-12-28 14:53:00+00:00,2022-12-28 14:54:00+00:00,2022-12-28 14:55:00+00:00,short,10928.25,10928.0,10927.75,10952.75,10902.75,10877.75,10852.75,10827.75,73.29574468085106,near_trigger,-60.29574468085106,25.0,False,False,False,False,True,stop,10952.75,10953.0,-25.25,0.0,-25.25,-1.01,6.5,29.5,0.26,1.18,2,1.0,0,2022-12-28,2.75177304964539,2.6676994577846638,1.2023898431665423,partial_bullish,1.00446807307279,1.5647025655483509,bearish,bearish,True,True,False,False,2023
89,84699,84700,84734,2022-12-28 15:25:00+00:00,2022-12-28 15:26:00+00:00,2022-12-28 16:00:00+00:00,short,10923.5,10923.75,10923.5,10948.5,10898.5,10873.5,10848.5,10823.5,93.9542372881356,a_plus_plus,-62.9542372881356,25.0,True,True,True,True,False,tp4,10823.5,10823.75,99.75,0.0,99.75,3.99,100.5,0.75,4.02,0.03,35,34.0,4,2022-12-28,2.8532608695652173,0.1909758656873032,0.943089430894309,partial_bearish,2.447206147424343,2.222988228400062,bearish,bearish,True,True,True,True,2023
90,86029,86030,86072,2022-12-29 14:35:00+00:00,2022-12-29 14:36:00+00:00,2022-12-29 15:18:00+00:00,long,10906.5,10906.25,10906.5,10881.5,10931.5,10956.5,10981.5,11006.5,73.09076815321158,near_trigger,52.090768153211584,25.0,True,True,True,True,False,tp4,11006.5,11006.25,99.75,0.0,99.75,3.99,104.25,8.0,4.17,0.32,43,42.0,4,2022-12-29,1.6884422110552764,0.5861733203505355,1.603883495145631,strong_bullish,2.8608820834969246,0.963547406003438,bullish,bullish,True,True,False,False,2023
91,86073,86074,86133,2022-12-29 15:19:00+00:00,2022-12-29 15:20:00+00:00,2022-12-29 16:19:00+00:00,long,11011.75,11011.75,11012.0,10987.0,11037.0,11062.0,11087.0,11112.0,73.73985097636177,near_trigger,71.73985097636177,25.0,True,False,False,False,False,max_holding_time,11021.25,11021.0,9.0,0.0,9.0,0.36,26.75,22.25,1.07,0.89,60,59.0,1,2022-12-29,2.0625,0.9295774647887324,3.276595744680851,strong_bullish,0.8825216503210823,1.1373758136348064,bullish,bullish,False,True,True,False,2023
92,88787,88788,88789,2023-01-03 14:33:00+00:00,2023-01-03 14:34:00+00:00,2023-01-03 14:35:00+00:00,long,11134.25,11134.0,11134.25,11109.25,11159.25,11184.25,11209.25,11234.25,84.34248758623568,high_probability,58.34248758623568,25.0,False,False,False,False,True,stop,11109.25,11109.0,-25.25,0.0,-25.25,-1.01,7.5,33.0,0.3,1.32,2,1.0,0,2023-01-03,0.765625,0.7878077373974208,1.1355831853167555,strong_bullish,2.888580931263858,0.9663959051963948,bullish,bullish,True,True,True,False,2023
93,88790,88791,88802,2023-01-03 14:36:00+00:00,2023-01-03 14:37:00+00:00,2023-01-03 14:48:00+00:00,long,11103.5,11103.5,11103.75,11078.75,11128.75,11153.75,11178.75,11203.75,73.0,near_trigger,42.53081957185204,25.0,True,True,True,False,True,stop,11078.75,11078.5,-25.25,0.0,-25.25,-1.01,78.0,44.75,3.12,1.79,12,11.0,3,2023-01-03,0.7494949494949495,0.247787610619469,1.1355831853167555,partial_bullish,1.5733402885059085,0.8392551369863014,bullish,bullish,True,True,True,False,2023
94,90164,90165,90166,2023-01-04 14:30:00+00:00,2023-01-04 14:31:00+00:00,2023-01-04 14:32:00+00:00,long,11006.5,11006.0,11006.25,10981.25,11031.25,11056.25,11081.25,11106.25,70.0,near_trigger,28.50958142517272,25.0,False,False,False,False,True,stop,10981.25,10981.0,-25.25,0.0,-25.25,-1.01,16.5,31.25,0.66,1.25,2,1.0,0,2023-01-04,1.0866425992779785,1.5272727272727271,0.9319826338639652,partial_bullish,12.450364413169138,1.3175269110323595,bullish,bullish,False,True,True,False,2023
95,90167,90168,90194,2023-01-04 14:33:00+00:00,2023-01-04 14:34:00+00:00,2023-01-04 15:00:00+00:00,long,10965.75,10966.0,10966.25,10941.25,10991.25,11016.25,11041.25,11066.25,70.0,near_trigger,42.255149021459474,25.0,True,True,True,False,True,stop,10941.25,10941.0,-25.25,0.0,-25.25,-1.01,80.5,42.75,3.22,1.71,27,26.0,3,2023-01-04,4.885026737967914,1.5272727272727271,0.9319826338639652,partial_bullish,3.437009595842659,1.2873758154504369,bullish,bullish,False,True,True,False,2023
96,92927,92928,92930,2023-01-06 14:33:00+00:00,2023-01-06 14:34:00+00:00,2023-01-06 14:36:00+00:00,long,10920.75,10920.5,10920.75,10895.75,10945.75,10970.75,10995.75,11020.75,75.4,near_trigger,62.400000000000006,25.0,False,False,False,False,True,stop,10895.75,10895.5,-25.25,0.0,-25.25,-1.01,24.25,29.25,0.97,1.17,3,2.0,0,2023-01-06,2.0597014925373136,0.893735130848533,2.5221465076660987,partial_bullish,3.079985072770245,1.621616564216278,bullish,bullish,True,True,False,False,2023
97,92945,92946,92966,2023-01-06 14:51:00+00:00,2023-01-06 14:52:00+00:00,2023-01-06 15:12:00+00:00,long,10812.5,10812.25,10812.5,10787.5,10837.5,10862.5,10887.5,10912.5,81.1552923618144,high_probability,50.1552923618144,25.0,True,True,True,True,False,tp4,10912.5,10912.25,99.75,0.0,99.75,3.99,105.0,11.25,4.2,0.45,21,20.0,4,2023-01-06,0.6863813229571984,1.8269947800149144,0.4768392370572207,partial_bullish,0.8420661091996366,1.525700510640504,bullish,bullish,False,False,True,False,2023
98,92969,92970,92981,2023-01-06 15:15:00+00:00,2023-01-06 15:16:00+00:00,2023-01-06 15:27:00+00:00,long,10909.0,10908.75,10909.0,10884.0,10934.0,10959.0,10984.0,11009.0,74.61671282551954,near_trigger,53.61671282551954,25.0,True,False,False,False,True,stop,10884.0,10883.75,-25.25,0.0,-25.25,-1.01,33.5,25.75,1.34,1.03,12,11.0,1,2023-01-06,0.5707226683137739,1.7949932341001351,0.8195890796509991,partial_bullish,1.2000992273132367,1.899706216003956,bullish,bullish,False,True,True,False,2023
99,95685,95686,95687,2023-01-10 14:31:00+00:00,2023-01-10 14:32:00+00:00,2023-01-10 14:33:00+00:00,short,11181.75,11181.75,11181.5,11206.5,11156.5,11131.5,11106.5,11081.5,70.0,near_trigger,-36.122837989151776,25.0,False,False,False,False,True,stop,11206.5,11206.75,-25.25,0.0,-25.25,-1.01,8.25,29.5,0.33,1.18,2,1.0,0,2023-01-10,2.241573033707865,1.220125786163522,0.8134556574923547,partial_bullish,5.35319041295137,1.2309683423735225,bearish,neutral,True,False,True,False,2023
100,95688,95689,95726,2023-01-10 14:34:00+00:00,2023-01-10 14:35:00+00:00,2023-01-10 15:12:00+00:00,short,11239.25,11240.0,11239.75,11264.75,11214.75,11189.75,11164.75,11139.75,78.0,near_trigger,-44.8,25.0,True,True,True,False,True,stop,11264.75,11265.0,-25.25,0.0,-25.25,-1.01,97.5,27.25,3.9,1.09,38,37.0,3,2023-01-10,5.460992907801418,1.220125786163522,0.8134556574923547,partial_bullish,4.273550168763425,2.032951995183097,bearish,bearish,True,False,True,False,2023
101,95730,95731,95732,2023-01-10 15:16:00+00:00,2023-01-10 15:17:00+00:00,2023-01-10 15:18:00+00:00,long,11282.25,11282.0,11282.25,11257.25,11307.25,11332.25,11357.25,11382.25,87.53808574277168,high_probability,74.53808574277168,25.0,False,False,False,False,True,stop,11257.25,11257.0,-25.25,0.0,-25.25,-1.01,0.25,26.75,0.01,1.07,2,1.0,0,2023-01-10,3.1545363908275177,1.6014975041597337,2.93650143383859,strong_bullish,1.502684981063818,2.2158873051596237,bullish,bullish,False,True,True,False,2023
102,95739,95740,95743,2023-01-10 15:25:00+00:00,2023-01-10 15:26:00+00:00,2023-01-10 15:29:00+00:00,long,11247.75,11247.5,11247.75,11222.75,11272.75,11297.75,11322.75,11347.75,80.64380165289256,high_probability,49.64380165289256,25.0,False,False,False,False,True,stop,11222.75,11222.5,-25.25,0.0,-25.25,-1.01,2.75,49.25,0.11,1.97,4,3.0,0,2023-01-10,0.578512396694215,0.5739549839228295,2.93650143383859,strong_bullish,1.0117357446652937,1.5020263424518745,bullish,bullish,False,True,True,False,2023
103,97071,97072,97075,2023-01-11 14:37:00+00:00,2023-01-11 14:38:00+00:00,2023-01-11 14:41:00+00:00,long,11352.5,11352.5,11352.75,11327.75,11377.75,11402.75,11427.75,11452.75,73.73740932642487,near_trigger,52.73740932642487,25.0,False,False,False,False,True,stop,11327.75,11327.5,-25.25,0.0,-25.25,-1.01,3.5,28.0,0.14,1.12,4,3.0,0,2023-01-11,3.206217616580311,0.3218390804597701,0.6953199617956064,partial_bullish,2.38525390625,1.5179899229796017,bullish,bullish,True,True,False,False,2023
104,98444,98445,98446,2023-01-12 14:30:00+00:00,2023-01-12 14:31:00+00:00,2023-01-12 14:32:00+00:00,long,11515.25,11514.75,11515.0,11490.0,11540.0,11565.0,11590.0,11615.0,73.97670504871567,near_trigger,40.97670504871567,25.0,False,False,False,False,True,stop,11490.0,11489.75,-25.25,0.0,-25.25,-1.01,3.5,60.25,0.14,2.41,2,1.0,0,2023-01-12,1.50044286979628,1.1389713155291792,0.23658464275126,partial_bearish,4.1936086131250585,1.6234122132347184,neutral,bullish,False,True,True,False,2023
105,98457,98458,98475,2023-01-12 14:43:00+00:00,2023-01-12 14:44:00+00:00,2023-01-12 15:01:00+00:00,short,11371.5,11371.5,11371.25,11396.25,11346.25,11321.25,11296.25,11271.25,72.48652849740932,near_trigger,-43.48652849740933,25.0,True,True,False,False,True,stop,11396.25,11396.5,-25.25,0.0,-25.25,-1.01,60.25,30.75,2.41,1.23,18,17.0,2,2023-01-12,2.6295336787564767,0.5059782608695652,0.23658464275126,strong_bearish,1.2130217028380634,2.0130769657006704,neutral,bearish,False,True,True,False,2023
106,98502,98503,98509,2023-01-12 15:28:00+00:00,2023-01-12 15:29:00+00:00,2023-01-12 15:35:00+00:00,short,11461.5,11462.0,11461.75,11486.75,11436.75,11411.75,11386.75,11361.75,90.19368421052631,a_plus_plus,-89.19368421052631,25.0,True,False,False,False,True,stop,11486.75,11487.0,-25.25,0.0,-25.25,-1.01,28.5,26.0,1.14,1.04,7,6.0,1,2023-01-12,0.9087719298245612,2.2875237492083595,0.7911620990014872,partial_bearish,1.111919340730169,2.3790854823775094,bearish,bearish,True,False,True,False,2023
107,101210,101211,101244,2023-01-16 14:36:00+00:00,2023-01-16 14:37:00+00:00,2023-01-16 15:10:00+00:00,long,11607.5,11608.25,11608.5,11586.5,11633.5,11658.5,11683.5,11708.5,78.99858155994106,near_trigger,78.99858155994106,22.0,False,False,False,False,True,stop,11586.5,11586.25,-22.25,0.0,-22.25,-1.0113636363636365,1.25,27.0,0.0568181818181818,1.2272727272727273,34,33.0,0,2023-01-16,1.0996978851963746,0.717948717948718,0.9164345403899722,strong_bullish,1.6684089483587703,0.1548777765917185,bullish,bullish,True,True,True,False,2023
108,103765,103766,103772,2023-01-18 15:11:00+00:00,2023-01-18 15:12:00+00:00,2023-01-18 15:18:00+00:00,long,11727.5,11727.75,11728.0,11703.0,11753.0,11778.0,11803.0,11828.0,75.0,near_trigger,33.959533337942446,25.0,False,False,False,False,True,stop,11703.0,11702.75,-25.25,0.0,-25.25,-1.01,10.0,34.25,0.4,1.37,7,6.0,0,2023-01-18,1.742971887550201,1.8704839809134288,2.0552188552188557,partial_bullish,0.8394068283710772,1.05279852360218,bullish,bullish,True,True,True,True,2023
109,105117,105118,105177,2023-01-19 14:43:00+00:00,2023-01-19 14:44:00+00:00,2023-01-19 15:43:00+00:00,short,11403.5,11404.0,11403.75,11428.75,11378.75,11353.75,11328.75,11303.75,95.16964348053972,a_plus_plus,-78.16964348053972,25.0,True,True,False,False,False,max_holding_time,11366.0,11366.25,37.5,0.0,37.5,1.5,54.75,14.0,2.19,0.56,60,59.0,2,2023-01-19,1.893967093235832,2.6744186046511627,1.9154228855721396,partial_bullish,1.5203375923103972,1.2985907736977798,bearish,bearish,True,True,True,True,2023
110,106484,106485,106489,2023-01-20 14:30:00+00:00,2023-01-20 14:31:00+00:00,2023-01-20 14:35:00+00:00,long,11411.0,11411.0,11411.25,11386.25,11436.25,11461.25,11486.25,11511.25,70.0,near_trigger,35.169622789710985,25.0,False,False,False,False,True,stop,11386.25,11386.0,-25.25,0.0,-25.25,-1.01,8.0,25.75,0.32,1.03,5,4.0,0,2023-01-20,3.579908675799087,0.9290123456790124,0.6932185145317545,partial_bearish,10.821148825065274,1.0253143419075126,bullish,bullish,False,True,True,False,2023
111,106494,106495,106554,2023-01-20 14:40:00+00:00,2023-01-20 14:41:00+00:00,2023-01-20 15:40:00+00:00,long,11421.5,11421.5,11421.75,11396.75,11446.75,11471.75,11496.75,11521.75,70.60048145914739,near_trigger,57.60048145914739,25.0,True,True,True,False,False,max_holding_time,11474.25,11474.0,52.25,0.0,52.25,2.09,76.5,5.75,3.06,0.23,60,59.0,3,2023-01-20,1.9228149829738928,1.0831408775981526,0.6932185145317545,partial_bearish,1.5593209612859336,0.895202455993751,bullish,bullish,True,False,False,False,2023
112,107865,107866,107881,2023-01-23 14:31:00+00:00,2023-01-23 14:32:00+00:00,2023-01-23 14:47:00+00:00,long,11678.75,11679.25,11679.5,11654.5,11704.5,11729.5,11754.5,11779.5,78.0,near_trigger,71.6142223240102,25.0,True,True,True,True,False,tp4,11779.5,11779.25,99.75,0.0,99.75,3.99,106.0,5.0,4.24,0.2,16,15.0,4,2023-01-23,3.1283185840707968,0.9634831460674158,0.0267686424474187,partial_bearish,7.096594392731732,0.9112249864017636,bullish,bullish,True,True,True,False,2023
113,107900,107901,107958,2023-01-23 15:06:00+00:00,2023-01-23 15:07:00+00:00,2023-01-23 16:04:00+00:00,long,11798.5,11798.75,11799.0,11774.0,11824.0,11849.0,11874.0,11899.0,80.8180834889016,high_probability,80.8180834889016,25.0,True,True,True,True,False,tp4,11899.0,11898.75,99.75,0.0,99.75,3.99,117.25,4.75,4.69,0.19,58,57.0,4,2023-01-23,1.589519650655022,3.4975438596491224,3.465,partial_bullish,0.7911699586637145,0.94604640244141,bullish,bullish,True,True,True,False,2023
114,109249,109250,109250,2023-01-24 14:35:00+00:00,2023-01-24 14:36:00+00:00,2023-01-24 14:36:00+00:00,short,11863.5,11863.5,11863.25,11885.5,11838.25,11813.25,11788.25,11763.25,70.19727862058029,near_trigger,-70.19727862058029,22.25,False,False,False,False,True,stop,11885.5,11885.75,-22.5,0.0,-22.5,-1.0112359550561798,0.25,22.75,0.0112359550561797,1.0224719101123596,1,0.0,0,2023-01-24,1.4636363636363636,1.2901023890784984,1.2552742616033756,partial_bullish,1.9227886963038168,0.6250049110896333,bearish,bearish,True,True,False,False,2023
115,109271,109272,109289,2023-01-24 14:57:00+00:00,2023-01-24 14:58:00+00:00,2023-01-24 15:15:00+00:00,short,11906.25,11906.75,11906.5,11931.5,11881.5,11856.5,11831.5,11806.5,91.27523709167544,a_plus_plus,-60.27523709167545,25.0,True,True,False,False,True,stop,11931.5,11931.75,-25.25,0.0,-25.25,-1.01,68.5,30.25,2.74,1.21,18,17.0,2,2023-01-24,1.386722866174921,3.782041442824252,0.7075812274368232,partial_bullish,1.1980543186515975,1.90671031096563,bearish,bearish,True,True,True,True,2023
116,110624,110625,110634,2023-01-25 14:30:00+00:00,2023-01-25 14:31:00+00:00,2023-01-25 14:40:00+00:00,short,11688.0,11688.5,11688.25,11713.25,11663.25,11638.25,11613.25,11588.25,82.45840350163608,high_probability,-81.45840350163608,25.0,True,False,False,False,True,stop,11713.25,11713.5,-25.25,0.0,-25.25,-1.01,29.5,27.25,1.18,1.09,10,9.0,1,2023-01-25,2.5251989389920424,0.6479663394109396,2.124661246612466,partial_bearish,14.355522313637495,1.048669584696733,bearish,bearish,False,True,True,False,2023
117,113443,113444,113460,2023-01-27 15:29:00+00:00,2023-01-27 15:30:00+00:00,2023-01-27 15:46:00+00:00,long,12167.25,12167.25,12167.5,12142.5,12192.5,12217.5,12242.5,12267.5,87.59866587472722,high_probability,87.59866587472722,25.0,False,False,False,False,True,stop,12142.5,12142.25,-25.25,0.0,-25.25,-1.01,14.25,37.0,0.57,1.48,17,16.0,0,2023-01-27,0.9051724137931034,0.8500619578686492,3.679715302491103,strong_bullish,1.1726972035682068,1.4687158151462438,bullish,bullish,True,True,True,True,2023
118,116148,116149,116150,2023-01-31 14:34:00+00:00,2023-01-31 14:35:00+00:00,2023-01-31 14:36:00+00:00,long,12024.25,12024.75,12025.0,12000.0,12050.0,12075.0,12100.0,12125.0,76.40014437287641,near_trigger,51.40014437287641,25.0,False,False,False,False,True,stop,12000.0,11999.75,-25.25,0.0,-25.25,-1.01,3.0,26.0,0.12,1.04,2,1.0,0,2023-01-31,3.495608531994981,1.632340425531915,2.059135708870357,partial_bullish,3.3912429378531077,1.289947080471709,bullish,bullish,True,True,False,False,2023
119,116189,116190,116249,2023-01-31 15:15:00+00:00,2023-01-31 15:16:00+00:00,2023-01-31 16:15:00+00:00,long,12034.25,12034.0,12034.25,12009.25,12059.25,12084.25,12109.25,12134.25,76.92710047552332,near_trigger,70.92710047552332,25.0,True,True,False,False,False,max_holding_time,12076.25,12076.0,41.75,0.0,41.75,1.67,58.0,14.75,2.32,0.59,60,59.0,2,2023-01-31,1.6439393939393938,0.2485604606525911,0.9492833517089304,partial_bullish,0.9168482624154146,1.0239135168368063,bullish,bullish,True,True,True,False,2023
120,117532,117533,117592,2023-02-01 14:38:00+00:00,2023-02-01 14:39:00+00:00,2023-02-01 15:38:00+00:00,long,12128.25,12128.5,12128.75,12103.75,12153.75,12178.75,12203.75,12228.75,70.7260269344348,near_trigger,51.7260269344348,25.0,True,False,False,False,False,max_holding_time,12134.25,12134.0,5.25,0.0,5.25,0.21,29.0,21.25,1.16,0.85,60,59.0,1,2023-02-01,0.3821339950372208,2.3264705882352943,0.3425531914893617,partial_bullish,1.5511702615878844,0.7553532973060827,bullish,bullish,True,True,False,False,2023
121,118926,118927,118933,2023-02-02 14:52:00+00:00,2023-02-02 14:53:00+00:00,2023-02-02 14:59:00+00:00,long,12699.5,12699.5,12699.75,12674.75,12724.75,12749.75,12774.75,12799.75,71.21707236842106,near_trigger,67.21707236842106,25.0,False,False,False,False,True,stop,12674.75,12674.5,-25.25,0.0,-25.25,-1.01,20.25,30.75,0.81,1.23,7,6.0,0,2023-02-02,1.553125,2.351145038167939,3.1149354640442533,partial_bullish,1.219738313469497,1.7148615963450686,bullish,bullish,True,True,False,False,2023
122,118951,118952,118976,2023-02-02 15:17:00+00:00,2023-02-02 15:18:00+00:00,2023-02-02 15:42:00+00:00,long,12711.75,12711.75,12712.0,12687.0,12737.0,12762.0,12787.0,12812.0,83.33943161634103,high_probability,82.33943161634103,25.0,True,True,True,True,False,tp4,12812.0,12811.75,99.75,0.0,99.75,3.99,104.75,6.75,4.19,0.27,25,24.0,4,2023-02-02,1.492007104795737,1.1753086419753087,0.6784140969162996,partial_bullish,1.5412598834403652,1.779301478465824,bullish,bullish,False,True,True,False,2023
123,120285,120286,120300,2023-02-03 14:31:00+00:00,2023-02-03 14:32:00+00:00,2023-02-03 14:46:00+00:00,long,12607.75,12607.75,12608.0,12583.0,12633.0,12658.0,12683.0,12708.0,76.9581081081081,near_trigger,21.958108108108107,25.0,True,True,True,True,False,tp4,12708.0,12707.75,99.75,0.0,99.75,3.99,107.75,12.0,4.31,0.48,15,14.0,4,2023-02-03,2.9954954954954958,0.4907975460122699,4.299915038232795,partial_bearish,5.912300055157198,1.556749691380437,neutral,neutral,True,True,True,False,2023
124,120330,120331,120390,2023-02-03 15:16:00+00:00,2023-02-03 15:17:00+00:00,2023-02-03 16:16:00+00:00,long,12773.0,12772.5,12772.75,12747.75,12797.75,12822.75,12847.75,12872.75,77.96698168930892,near_trigger,48.96698168930892,25.0,True,True,True,False,False,max_holding_time,12830.25,12830.0,57.25,0.0,57.25,2.29,84.5,13.75,3.38,0.55,60,59.0,3,2023-02-03,2.604843473124631,0.582903463522476,2.761563712324679,strong_bullish,1.4773184836153352,2.3971641064850213,neutral,bullish,True,True,True,True,2023
125,121671,121672,121676,2023-02-06 14:37:00+00:00,2023-02-06 14:38:00+00:00,2023-02-06 14:42:00+00:00,short,12524.25,12524.25,12524.0,12549.0,12499.0,12474.0,12449.0,12424.0,74.88798042980065,near_trigger,-43.88798042980065,25.0,False,False,False,False,True,stop,12549.0,12549.25,-25.25,0.0,-25.25,-1.01,5.0,32.75,0.2,1.31,5,4.0,0,2023-02-06,2.2114014251781478,3.1383763837638377,0.3745480838756326,partial_bearish,2.43321475130919,1.1637762489035437,bearish,bearish,True,True,False,False,2023
126,121705,121706,121765,2023-02-06 15:11:00+00:00,2023-02-06 15:12:00+00:00,2023-02-06 16:11:00+00:00,short,12554.75,12555.5,12555.25,12580.25,12530.25,12505.25,12480.25,12455.25,72.87838049566129,near_trigger,-28.87838049566129,25.0,True,True,True,False,False,max_holding_time,12540.5,12540.75,14.5,0.0,14.5,0.58,98.75,22.25,3.95,0.89,60,59.0,3,2023-02-06,0.5,1.752988047808765,1.4148061104582843,partial_bullish,1.25349721418494,1.3996769154773507,neutral,bearish,True,True,True,True,2023
127,123046,123047,123054,2023-02-07 14:32:00+00:00,2023-02-07 14:33:00+00:00,2023-02-07 14:40:00+00:00,short,12509.5,12509.5,12509.25,12534.25,12484.25,12459.25,12434.25,12409.25,86.3979278724137,high_probability,-47.3979278724137,25.0,False,False,False,False,True,stop,12534.25,12534.5,-25.25,0.0,-25.25,-1.01,20.75,27.0,0.83,1.08,8,7.0,0,2023-02-07,0.7521663778162911,0.7170294494238156,2.5045871559633026,partial_bearish,4.81253272119528,0.8457602287445238,bearish,bearish,True,True,True,False,2023
128,125832,125833,125838,2023-02-09 14:58:00+00:00,2023-02-09 14:59:00+00:00,2023-02-09 15:04:00+00:00,long,12671.25,12671.5,12671.75,12650.0,12696.75,12721.75,12746.75,12771.75,70.0,near_trigger,48.77428851815505,21.75,False,False,False,False,True,stop,12650.0,12649.75,-22.0,0.0,-22.0,-1.011494252873563,11.5,25.0,0.5287356321839081,1.1494252873563218,6,5.0,0,2023-02-09,0.6045142296368988,2.3451263537906137,1.6019900497512438,strong_bearish,1.045443545417241,1.607871059615509,bullish,bullish,False,False,True,True,2023
129,125858,125859,125860,2023-02-09 15:24:00+00:00,2023-02-09 15:25:00+00:00,2023-02-09 15:26:00+00:00,long,12668.0,12668.25,12668.5,12643.5,12693.5,12718.5,12743.5,12768.5,70.0,near_trigger,15.0,25.0,False,False,False,False,True,stop,12643.5,12643.25,-25.25,0.0,-25.25,-1.01,0.0,26.5,0.0,1.06,2,1.0,0,2023-02-09,1.7971758664955069,0.8768898488120951,0.945835760046593,partial_bearish,1.8140864870045847,1.7947056499407348,bullish,neutral,True,True,True,False,2023
130,127194,127195,127199,2023-02-10 14:40:00+00:00,2023-02-10 14:41:00+00:00,2023-02-10 14:45:00+00:00,short,12322.5,12322.75,12322.5,12347.5,12297.5,12272.5,12247.5,12222.5,70.94945454545454,near_trigger,-31.949454545454543,25.0,False,False,False,False,True,stop,12347.5,12347.75,-25.25,0.0,-25.25,-1.01,10.75,47.0,0.43,1.88,5,4.0,0,2023-02-10,3.449090909090909,1.2330960854092523,0.5380557648831952,partial_bullish,2.538837236671766,1.560920018451019,bearish,bearish,True,True,True,False,2023
131,127222,127223,127224,2023-02-10 15:08:00+00:00,2023-02-10 15:09:00+00:00,2023-02-10 15:10:00+00:00,short,12339.25,12339.0,12338.75,12363.75,12313.75,12288.75,12263.75,12238.75,70.0,near_trigger,-20.42333873581848,25.0,False,False,False,False,True,stop,12363.75,12364.0,-25.25,0.0,-25.25,-1.01,14.0,39.5,0.56,1.58,2,1.0,0,2023-02-10,2.257698541329012,1.6424581005586592,0.2357185808779314,partial_bullish,1.3101069737534343,1.638495730494795,bearish,bearish,False,True,True,False,2023
132,129955,129956,129957,2023-02-14 14:41:00+00:00,2023-02-14 14:42:00+00:00,2023-02-14 14:43:00+00:00,long,12502.25,12503.0,12503.25,12478.25,12528.25,12553.25,12578.25,12603.25,70.13306772908366,near_trigger,37.13306772908366,25.0,False,False,False,False,True,stop,12478.25,12478.0,-25.25,0.0,-25.25,-1.01,3.5,28.5,0.14,1.14,2,1.0,0,2023-02-14,1.00398406374502,0.1319371727748691,2.380054966627405,partial_bullish,1.7994270442790947,1.9774763353617308,neutral,neutral,True,True,True,False,2023
133,129959,129960,129977,2023-02-14 14:45:00+00:00,2023-02-14 14:46:00+00:00,2023-02-14 15:03:00+00:00,long,12534.25,12534.0,12534.25,12509.25,12559.25,12584.25,12609.25,12634.25,71.75926358854471,near_trigger,30.759263588544712,25.0,True,True,True,True,False,tp4,12634.25,12634.0,99.75,0.0,99.75,3.99,109.75,15.75,4.39,0.63,18,17.0,4,2023-02-14,2.0619520748100526,0.2024421593830334,1.5308808639892002,partial_bullish,1.515629377626576,1.697416312552669,neutral,neutral,True,True,True,True,2023
134,131326,131327,131334,2023-02-15 14:32:00+00:00,2023-02-15 14:33:00+00:00,2023-02-15 14:40:00+00:00,long,12592.5,12593.25,12593.5,12568.5,12618.5,12643.5,12668.5,12693.5,80.26687083263128,high_probability,67.26687083263128,25.0,False,False,False,False,True,stop,12568.5,12568.25,-25.25,0.0,-25.25,-1.01,16.5,29.25,0.66,1.17,8,7.0,0,2023-02-15,3.3980582524271843,0.6648044692737429,0.7348066298342542,partial_bearish,3.225993449465233,0.8066503355607416,bullish,bullish,False,True,True,False,2023
135,131343,131344,131345,2023-02-15 14:49:00+00:00,2023-02-15 14:50:00+00:00,2023-02-15 14:51:00+00:00,long,12628.0,12628.0,12628.25,12603.25,12653.25,12678.25,12703.25,12728.25,70.15898832653849,near_trigger,68.15898832653849,25.0,False,False,False,False,True,stop,12603.25,12603.0,-25.25,0.0,-25.25,-1.01,3.25,25.75,0.13,1.03,2,1.0,0,2023-02-15,1.5665198237885465,0.9747899159663864,0.4954240390482001,strong_bullish,0.9188428006378264,1.1136209622769369,bullish,bullish,True,True,True,False,2023
136,131347,131348,131361,2023-02-15 14:53:00+00:00,2023-02-15 14:54:00+00:00,2023-02-15 15:07:00+00:00,long,12564.25,12564.25,12564.5,12539.5,12589.5,12614.5,12639.5,12664.5,70.0,near_trigger,34.0,25.0,True,False,False,False,True,stop,12539.5,12539.25,-25.25,0.0,-25.25,-1.01,25.5,25.0,1.02,1.0,14,13.0,1,2023-02-15,2.304526748971193,2.636197440585009,0.4954240390482001,partial_bullish,1.974370937815345,2.10397298922344,bullish,bullish,False,False,True,False,2023
137,131367,131368,131427,2023-02-15 15:13:00+00:00,2023-02-15 15:14:00+00:00,2023-02-15 16:13:00+00:00,long,12562.25,12561.75,12562.0,12537.0,12587.0,12612.0,12637.0,12662.0,82.85224045739372,high_probability,76.85224045739372,25.0,True,True,False,False,False,max_holding_time,12601.25,12601.0,39.0,0.0,39.0,1.56,56.75,6.0,2.27,0.24,60,59.0,2,2023-02-15,1.1538461538461535,1.3776223776223775,0.5845360824742267,partial_bearish,1.1036419521040175,1.4473798683409216,bullish,bullish,True,True,True,False,2023
138,132712,132713,132766,2023-02-16 14:38:00+00:00,2023-02-16 14:39:00+00:00,2023-02-16 15:32:00+00:00,long,12528.25,12528.5,12528.75,12503.75,12553.75,12578.75,12603.75,12628.75,78.88819965842812,near_trigger,66.88819965842812,25.0,True,True,True,True,False,tp4,12628.75,12628.5,99.75,0.0,99.75,3.99,101.5,2.0,4.06,0.08,54,53.0,4,2023-02-16,1.1211498973305956,0.1918951132300357,5.380427738172392,strong_bearish,1.7764948453608247,1.1568330486901042,neutral,bullish,True,True,True,False,2023
139,134085,134086,134087,2023-02-17 14:31:00+00:00,2023-02-17 14:32:00+00:00,2023-02-17 14:33:00+00:00,short,12385.0,12385.25,12385.0,12410.0,12360.0,12335.0,12310.0,12285.0,87.80516669380557,high_probability,-60.805166693805575,25.0,False,False,False,False,True,stop,12410.0,12410.25,-25.25,0.0,-25.25,-1.01,0.25,25.5,0.01,1.02,2,1.0,0,2023-02-17,3.3180873180873185,0.375,0.7652733118971061,partial_bearish,3.903432228039558,0.6416929655586978,bearish,bearish,True,True,True,True,2023
140,134088,134089,134103,2023-02-17 14:34:00+00:00,2023-02-17 14:35:00+00:00,2023-02-17 14:49:00+00:00,short,12414.25,12415.0,12414.75,12439.75,12389.75,12364.75,12339.75,12314.75,78.0,near_trigger,-47.62429184549356,25.0,True,True,True,True,False,tp4,12314.75,12315.0,99.75,0.0,99.75,3.99,103.0,8.75,4.12,0.35,15,14.0,4,2023-02-17,2.1728,0.375,0.7652733118971061,partial_bullish,1.7045848250375333,0.5630901287553648,bearish,bearish,True,True,True,True,2023
141,134107,134108,134114,2023-02-17 14:53:00+00:00,2023-02-17 14:54:00+00:00,2023-02-17 15:00:00+00:00,short,12310.0,12310.25,12310.0,12332.0,12285.0,12260.0,12235.0,12210.0,70.37642203474407,near_trigger,-70.37642203474407,22.0,False,False,False,False,True,stop,12332.0,12332.25,-22.25,0.0,-22.25,-1.0113636363636365,14.0,28.25,0.6363636363636364,1.2840909090909092,7,6.0,0,2023-02-17,0.3935135135135135,3.795180722891566,0.7593220338983051,strong_bearish,0.9117911791179116,0.8699012451696007,bearish,bearish,False,True,True,False,2023
142,135466,135467,135526,2023-02-20 14:32:00+00:00,2023-02-20 14:33:00+00:00,2023-02-20 15:32:00+00:00,short,12386.5,12386.75,12386.5,12411.5,12361.5,12336.5,12311.5,12286.5,84.34192764031789,high_probability,-84.34192764031789,25.0,False,False,False,False,False,max_holding_time,12377.75,12378.0,8.5,0.0,8.5,0.34,15.5,6.5,0.62,0.26,60,59.0,0,2023-02-20,2.817073170731708,0.224,1.0059880239520955,strong_bearish,4.62848751835536,0.1182730335982469,bearish,bearish,False,True,True,False,2023
143,136622,136623,136682,2023-02-21 14:48:00+00:00,2023-02-21 14:49:00+00:00,2023-02-21 15:48:00+00:00,short,12252.5,12253.0,12252.75,12277.75,12227.75,12202.75,12177.75,12152.75,82.50105134933838,high_probability,-69.50105134933838,25.0,True,True,False,False,False,max_holding_time,12189.75,12190.0,62.75,0.0,62.75,2.51,71.75,16.25,2.87,0.65,60,59.0,2,2023-02-21,1.7230769230769232,2.6162402669632927,1.4220472440944882,partial_bullish,1.5599013767439012,1.1521581757307031,bearish,bearish,False,True,True,False,2023
144,137984,137985,138016,2023-02-22 14:30:00+00:00,2023-02-22 14:31:00+00:00,2023-02-22 15:02:00+00:00,long,12132.0,12131.75,12132.0,12107.0,12157.0,12182.0,12207.0,12232.0,71.32963201805651,near_trigger,71.32963201805651,25.0,True,False,False,False,True,stop,12107.0,12106.75,-25.25,0.0,-25.25,-1.01,42.5,37.0,1.7,1.48,32,31.0,1,2023-02-22,0.9333333333333332,0.7852564102564102,0.454176804541768,partial_bearish,13.00480161738691,0.6913600150470893,neutral,bullish,True,True,True,False,2023
145,139409,139410,139425,2023-02-23 15:15:00+00:00,2023-02-23 15:16:00+00:00,2023-02-23 15:31:00+00:00,long,12192.0,12191.75,12192.0,12167.0,12217.0,12242.0,12267.0,12292.0,81.49110070799932,high_probability,49.49110070799932,25.0,False,False,False,False,True,stop,12167.0,12166.75,-25.25,0.0,-25.25,-1.01,8.0,41.0,0.32,1.64,16,15.0,0,2023-02-23,1.336870026525199,1.896305897602074,1.0329171396140748,partial_bearish,0.9232679700811506,0.9525795926880504,bullish,bullish,True,False,True,False,2023
146,140778,140779,140838,2023-02-24 15:04:00+00:00,2023-02-24 15:05:00+00:00,2023-02-24 16:04:00+00:00,short,11980.25,11980.25,11980.0,12005.0,11955.0,11930.0,11905.0,11880.0,72.15180633941013,near_trigger,-47.15180633941013,25.0,True,True,False,False,False,max_holding_time,11926.25,11926.5,53.5,0.0,53.5,2.14,57.25,8.5,2.29,0.34,60,59.0,2,2023-02-24,0.3452914798206278,1.6686046511627906,0.0980163360560093,partial_bearish,0.8335207057547582,0.920241815367542,bearish,bearish,True,False,True,False,2023
147,142146,142147,142191,2023-02-27 14:52:00+00:00,2023-02-27 14:53:00+00:00,2023-02-27 15:37:00+00:00,long,12127.25,12127.0,12127.25,12104.5,12152.25,12177.25,12202.25,12227.25,72.1412680984556,near_trigger,58.1412680984556,22.75,True,True,False,False,True,stop,12104.5,12104.25,-23.0,0.0,-23.0,-1.010989010989011,62.25,24.75,2.7362637362637363,1.0879120879120878,45,44.0,2,2023-02-27,0.4739583333333333,1.3290183387270766,1.958041958041958,partial_bullish,1.0764214104832277,0.7987129987129987,bullish,neutral,True,True,True,False,2023
148,143513,143514,143573,2023-02-28 14:39:00+00:00,2023-02-28 14:40:00+00:00,2023-02-28 15:39:00+00:00,long,12073.75,12073.5,12073.75,12048.75,12098.75,12123.75,12148.75,12173.75,83.53785653852078,high_probability,55.53785653852079,25.0,True,True,False,False,False,max_holding_time,12079.25,12079.0,5.25,0.0,5.25,0.21,50.5,14.75,2.02,0.59,60,59.0,2,2023-02-28,2.0,2.7573062261753494,3.0114942528735638,partial_bearish,1.244707654744279,0.588365297252167,bullish,bullish,True,True,True,False,2023
149,146321,146322,146381,2023-03-02 15:27:00+00:00,2023-03-02 15:28:00+00:00,2023-03-02 16:27:00+00:00,long,11915.25,11915.5,11915.75,11890.75,11940.75,11965.75,11990.75,12015.75,72.6,near_trigger,21.599999999999994,25.0,False,False,False,False,False,max_holding_time,11898.0,11897.75,-18.0,0.0,-18.0,-0.72,23.0,19.75,0.92,0.79,60,59.0,0,2023-03-02,2.083449235048678,0.0577319587628865,2.671988388969521,partial_bullish,2.054104277597113,2.0927692419718924,neutral,neutral,True,True,True,False,2023
150,150456,150457,150493,2023-03-07 15:22:00+00:00,2023-03-07 15:23:00+00:00,2023-03-07 15:59:00+00:00,long,12245.25,12245.0,12245.25,12220.25,12270.25,12295.25,12320.25,12345.25,71.0,near_trigger,26.0,25.0,True,True,False,False,True,stop,12220.25,12220.0,-25.25,0.0,-25.25,-1.01,73.75,32.5,2.95,1.3,37,36.0,2,2023-03-07,1.9683168316831685,5.228710462287104,4.753196930946292,partial_bearish,1.7596760127108872,3.261673386722161,neutral,bullish,True,True,False,False,2023
151,151789,151790,151814,2023-03-08 14:35:00+00:00,2023-03-08 14:36:00+00:00,2023-03-08 15:00:00+00:00,long,12178.0,12177.25,12177.5,12152.5,12202.5,12227.5,12252.5,12277.5,78.0,near_trigger,71.41814600698811,25.0,False,False,False,False,True,stop,12152.5,12152.25,-25.25,0.0,-25.25,-1.01,12.0,52.5,0.48,2.1,25,24.0,0,2023-03-08,2.771573604060914,0.3181818181818182,0.7012302284710017,partial_bullish,2.4581305788578085,0.9221430811270884,bullish,bullish,True,True,True,False,2023
152,151825,151826,151832,2023-03-08 15:11:00+00:00,2023-03-08 15:12:00+00:00,2023-03-08 15:18:00+00:00,long,12176.5,12176.5,12176.75,12151.75,12201.75,12226.75,12251.75,12276.75,71.0,near_trigger,46.95198237885462,25.0,False,False,False,False,True,stop,12151.75,12151.5,-25.25,0.0,-25.25,-1.01,11.25,29.25,0.45,1.17,7,6.0,0,2023-03-08,1.120411160058737,0.434589800443459,0.4506217995610826,partial_bullish,1.3486292300679417,1.5700693681058338,bullish,bullish,True,True,True,True,2023
153,153169,153170,153229,2023-03-09 14:35:00+00:00,2023-03-09 14:36:00+00:00,2023-03-09 15:35:00+00:00,long,12281.75,12281.5,12281.75,12256.75,12306.75,12331.75,12356.75,12381.75,71.73844222568472,near_trigger,50.73844222568472,25.0,True,True,False,False,False,max_holding_time,12337.25,12337.0,55.25,0.0,55.25,2.21,72.0,20.75,2.88,0.83,60,59.0,2,2023-03-09,3.004878048780488,0.7427652733118971,4.015420200462606,strong_bullish,2.3620827382537337,1.0905717734364522,bullish,bullish,True,True,False,False,2023
154,154590,154591,154592,2023-03-10 15:16:00+00:00,2023-03-10 15:17:00+00:00,2023-03-10 15:18:00+00:00,short,11936.75,11937.25,11937.0,11962.0,11912.0,11887.0,11862.0,11837.0,70.63333333333334,near_trigger,-57.63333333333334,25.0,False,False,False,False,True,stop,11962.0,11962.25,-25.25,0.0,-25.25,-1.01,4.75,29.0,0.19,1.16,2,1.0,0,2023-03-10,0.9222222222222224,1.8101872006965607,1.8346859032161107,partial_bearish,0.9385925675737354,1.602830909289311,bearish,bearish,False,False,True,False,2023
155,154595,154596,154605,2023-03-10 15:21:00+00:00,2023-03-10 15:22:00+00:00,2023-03-10 15:31:00+00:00,short,11923.75,11923.5,11923.25,11948.25,11898.25,11873.25,11848.25,11823.25,75.57545454545455,near_trigger,-67.57545454545455,25.0,False,False,False,False,True,stop,11948.25,11948.5,-25.25,0.0,-25.25,-1.01,23.75,27.25,0.95,1.09,10,9.0,0,2023-03-10,0.5515151515151515,0.8242320819112628,1.8346859032161107,partial_bearish,1.0646252094840496,1.748961472672477,bearish,bearish,False,False,True,False,2023
156,155505,155506,155522,2023-03-13 13:31:00+00:00,2023-03-13 13:32:00+00:00,2023-03-13 13:48:00+00:00,short,11914.75,11914.5,11914.25,11939.25,11889.25,11864.25,11839.25,11814.25,70.0,near_trigger,-39.6,25.0,True,True,True,False,True,stop,11939.25,11939.5,-25.25,0.0,-25.25,-1.01,93.0,45.0,3.72,1.8,17,16.0,3,2023-03-13,1.382562277580071,0.1550802139037433,1.9004016064257028,partial_bearish,6.051000953288847,1.522288729227664,bearish,bearish,False,True,True,False,2023
157,158298,158299,158301,2023-03-15 14:04:00+00:00,2023-03-15 14:05:00+00:00,2023-03-15 14:07:00+00:00,short,12240.5,12239.5,12239.25,12264.25,12214.25,12189.25,12164.25,12139.25,70.0,near_trigger,-56.5,25.0,False,False,False,False,True,stop,12264.25,12264.5,-25.25,0.0,-25.25,-1.01,11.25,29.5,0.45,1.18,3,2.0,0,2023-03-15,1.2907063197026023,1.0452094566569887,1.4196925089957475,partial_bullish,1.6075148049826424,1.818377812341192,bearish,neutral,True,False,True,False,2023
158,158302,158303,158362,2023-03-15 14:08:00+00:00,2023-03-15 14:09:00+00:00,2023-03-15 15:08:00+00:00,short,12245.5,12245.25,12245.0,12270.0,12220.0,12195.0,12170.0,12145.0,77.65655643595187,near_trigger,-59.65655643595187,25.0,True,True,True,False,False,max_holding_time,12243.0,12243.25,1.75,0.0,1.75,0.07,93.5,9.5,3.74,0.38,60,59.0,3,2023-03-15,1.6488888888888888,0.3522012578616352,1.4196925089957475,strong_bullish,1.0265148933269717,0.9444848606477184,bearish,bearish,True,False,True,False,2023
159,159660,159661,159664,2023-03-16 13:46:00+00:00,2023-03-16 13:47:00+00:00,2023-03-16 13:50:00+00:00,short,12342.25,12342.5,12342.25,12367.25,12317.25,12292.25,12267.25,12242.25,71.95253496164982,near_trigger,-34.95253496164982,25.0,False,False,False,False,True,stop,12367.25,12367.5,-25.25,0.0,-25.25,-1.01,7.5,28.75,0.3,1.15,4,3.0,0,2023-03-16,1.482824427480916,0.5539246968730057,1.259850905218317,partial_bearish,1.5090928590032326,1.2247587784740874,bearish,bearish,True,True,False,False,2023
160,162405,162406,162465,2023-03-20 13:31:00+00:00,2023-03-20 13:32:00+00:00,2023-03-20 14:31:00+00:00,short,12605.75,12604.5,12604.25,12629.25,12579.25,12554.25,12529.25,12504.25,82.1173127739279,high_probability,-73.1173127739279,25.0,True,True,True,False,False,max_holding_time,12620.0,12620.25,-16.0,0.0,-16.0,-0.64,75.0,22.25,3.0,0.89,60,59.0,3,2023-03-20,2.167741935483871,1.2349344978165937,0.0869115364718054,strong_bearish,6.10510691590519,1.3967802527830544,bearish,bearish,False,True,True,False,2023
161,166545,166546,166555,2023-03-23 13:31:00+00:00,2023-03-23 13:32:00+00:00,2023-03-23 13:41:00+00:00,long,12872.25,12871.75,12872.0,12847.0,12897.0,12922.0,12947.0,12972.0,72.0,near_trigger,38.38623146265899,25.0,False,False,False,False,True,stop,12847.0,12846.75,-25.25,0.0,-25.25,-1.01,16.5,25.0,0.66,1.0,10,9.0,0,2023-03-23,4.893518518518518,3.1601941747572817,1.84652278177458,strong_bullish,5.049100937177705,1.1387885959323198,bullish,bullish,False,True,True,False,2023
162,166584,166585,166644,2023-03-23 14:10:00+00:00,2023-03-23 14:11:00+00:00,2023-03-23 15:10:00+00:00,long,12932.0,12932.5,12932.75,12907.75,12957.75,12982.75,13007.75,13032.75,87.0,high_probability,82.0,25.0,True,True,True,False,False,max_holding_time,13013.5,13013.25,80.5,0.0,80.5,3.22,98.75,19.75,3.95,0.79,60,59.0,3,2023-03-23,2.009732360097324,1.4637268847795164,2.339779005524862,strong_bullish,2.190642095290486,2.0470641992232124,bullish,bullish,False,True,True,False,2023
163,167926,167927,167950,2023-03-24 13:32:00+00:00,2023-03-24 13:33:00+00:00,2023-03-24 13:56:00+00:00,short,12801.25,12801.25,12801.0,12826.0,12776.0,12751.0,12726.0,12701.0,71.28513071532043,near_trigger,-51.28513071532044,25.0,True,True,False,False,True,stop,12826.0,12826.25,-25.25,0.0,-25.25,-1.01,65.0,28.25,2.6,1.13,24,23.0,2,2023-03-24,0.4908835904628331,1.344493392070485,1.376,partial_bullish,4.73099975174664,1.3044158485547777,bearish,bearish,True,True,False,False,2023
164,167962,167963,167967,2023-03-24 14:08:00+00:00,2023-03-24 14:09:00+00:00,2023-03-24 14:13:00+00:00,short,12790.5,12791.25,12791.0,12816.0,12766.0,12741.0,12716.0,12691.0,76.70206896551724,near_trigger,-60.70206896551724,25.0,False,False,False,False,True,stop,12816.0,12816.25,-25.25,0.0,-25.25,-1.01,7.75,40.25,0.31,1.61,5,4.0,0,2023-03-24,0.6517241379310345,0.6898954703832753,0.7802050824788229,partial_bullish,1.525894311741355,1.7219057483169342,bearish,bearish,False,False,True,False,2023
165,167968,167969,167985,2023-03-24 14:14:00+00:00,2023-03-24 14:15:00+00:00,2023-03-24 14:31:00+00:00,short,12812.25,12812.0,12811.75,12836.75,12786.75,12761.75,12736.75,12711.75,82.82276707530649,high_probability,-76.82276707530649,25.0,True,True,False,False,True,stop,12836.75,12837.0,-25.25,0.0,-25.25,-1.01,55.25,28.25,2.21,1.13,17,16.0,2,2023-03-24,1.115586690017513,0.3767981438515081,0.7802050824788229,strong_bullish,1.6408637956313212,2.3491532659741,bearish,bearish,True,False,True,False,2023
166,169304,169305,169318,2023-03-27 13:30:00+00:00,2023-03-27 13:31:00+00:00,2023-03-27 13:44:00+00:00,short,12915.25,12915.0,12914.75,12939.0,12889.75,12864.75,12839.75,12814.75,78.08245473053742,near_trigger,-76.08245473053742,24.25,True,False,False,False,True,stop,12939.0,12939.25,-24.5,0.0,-24.5,-1.0103092783505154,33.0,26.0,1.3608247422680413,1.0721649484536082,14,13.0,1,2023-03-27,0.7777777777777778,0.5823627287853577,1.3125,strong_bearish,9.394586894586894,0.8479520415297209,bearish,neutral,True,True,True,True,2023
167,169321,169322,169324,2023-03-27 13:47:00+00:00,2023-03-27 13:48:00+00:00,2023-03-27 13:50:00+00:00,short,12937.75,12938.0,12937.75,12962.75,12912.75,12887.75,12862.75,12837.75,73.15409602670603,near_trigger,-67.15409602670603,25.0,False,False,False,False,True,stop,12962.75,12963.0,-25.25,0.0,-25.25,-1.01,0.0,27.5,0.0,1.1,3,2.0,0,2023-03-27,0.7121387283236994,0.1669980119284294,0.328695652173913,strong_bullish,0.7482626495141247,0.6707062264939406,bearish,bearish,True,False,True,False,2023
168,169330,169331,169390,2023-03-27 13:56:00+00:00,2023-03-27 13:57:00+00:00,2023-03-27 14:56:00+00:00,short,12928.0,12927.75,12927.5,12952.5,12902.5,12877.5,12852.5,12827.5,71.08888888888889,near_trigger,-60.08888888888889,25.0,True,True,False,False,False,max_holding_time,12895.25,12895.5,32.0,0.0,32.0,1.28,61.0,21.0,2.44,0.84,60,59.0,2,2023-03-27,2.333333333333333,0.8873239436619719,0.328695652173913,partial_bullish,1.2693677778099568,1.5078696138298788,bearish,bearish,True,False,False,True,2023
169,170740,170741,170800,2023-03-28 14:26:00+00:00,2023-03-28 14:27:00+00:00,2023-03-28 15:26:00+00:00,short,12704.25,12704.5,12704.25,12729.25,12679.25,12654.25,12629.25,12604.25,71.94142547608004,near_trigger,-47.94142547608004,25.0,True,True,False,False,False,max_holding_time,12699.75,12700.0,4.25,0.0,4.25,0.17,54.25,6.25,2.17,0.25,60,59.0,2,2023-03-28,1.2291220556745184,0.6772633033863165,2.2142857142857144,partial_bearish,0.4112607099143207,0.3323442136498516,bearish,bearish,False,True,True,False,2023
170,172064,172065,172124,2023-03-29 13:30:00+00:00,2023-03-29 13:31:00+00:00,2023-03-29 14:30:00+00:00,long,12892.25,12892.5,12892.75,12867.75,12917.75,12942.75,12967.75,12992.75,71.80632092853054,near_trigger,71.80632092853054,25.0,True,False,False,False,False,max_holding_time,12891.5,12891.25,-1.5,0.0,-1.5,-0.06,40.25,10.25,1.61,0.41,60,59.0,1,2023-03-29,1.6184971098265897,2.559139784946237,2.9013732833957557,strong_bullish,6.984057415219416,1.01923661192574,bullish,bullish,False,True,True,False,2023
171,176256,176257,176271,2023-04-03 14:22:00+00:00,2023-04-03 14:23:00+00:00,2023-04-03 14:37:00+00:00,long,13264.75,13265.0,13265.25,13240.25,13290.25,13315.25,13340.25,13365.25,72.0,near_trigger,51.0,25.0,False,False,False,False,True,stop,13240.25,13240.0,-25.25,0.0,-25.25,-1.01,3.0,26.75,0.12,1.07,15,14.0,0,2023-04-03,2.8973509933774837,0.6211996713229252,1.0130869899923016,strong_bullish,1.7379068929423271,1.512906309751434,bullish,bullish,True,True,True,True,2023
172,177631,177632,177685,2023-04-04 14:17:00+00:00,2023-04-04 14:18:00+00:00,2023-04-04 15:17:00+00:00,short,13294.5,13294.5,13294.25,13319.25,13269.25,13244.25,13219.25,13194.25,74.295335028543,near_trigger,-48.29533502854299,25.0,True,True,False,False,False,max_holding_time,13221.0,13221.25,73.0,0.0,73.0,2.92,74.0,9.25,2.96,0.37,54,59.0,2,2023-04-04,2.0855172413793106,2.707718993928881,0.5649717514124294,partial_bullish,1.110732828325815,1.1120895352800817,neutral,bearish,True,True,True,True,2023
173,180387,180388,180432,2023-04-06 14:19:00+00:00,2023-04-06 14:20:00+00:00,2023-04-06 15:04:00+00:00,short,13025.75,13025.5,13025.25,13050.25,13000.25,12975.25,12950.25,12925.25,77.54266245393057,near_trigger,-45.542662453930575,25.0,False,False,False,False,True,stop,13050.25,13050.5,-25.25,0.0,-25.25,-1.01,17.75,25.25,0.71,1.01,45,44.0,0,2023-04-06,1.8762886597938144,3.890848026868178,0.9833101529902644,partial_bullish,0.8206564733040242,1.087098436694726,bearish,bearish,False,True,True,False,2023
174,184019,184020,184079,2023-04-11 13:36:00+00:00,2023-04-11 13:37:00+00:00,2023-04-11 14:36:00+00:00,short,13138.25,13138.5,13138.25,13162.25,13113.25,13088.25,13063.25,13038.25,74.31420787145443,near_trigger,-58.31420787145443,24.0,True,True,False,False,False,max_holding_time,13073.0,13073.25,65.0,0.0,65.0,2.708333333333333,70.25,4.0,2.927083333333333,0.1666666666666666,60,59.0,2,2023-04-11,0.6323987538940811,0.7466666666666667,0.9387755102040816,strong_bullish,1.7553662314671388,0.7602822604799387,bearish,bearish,False,True,True,False,2023
175,185418,185419,185423,2023-04-12 13:55:00+00:00,2023-04-12 13:56:00+00:00,2023-04-12 14:00:00+00:00,long,13074.0,13074.0,13074.25,13049.25,13099.25,13124.25,13149.25,13174.25,71.24226844328892,near_trigger,58.24226844328892,25.0,False,False,False,False,True,stop,13049.25,13049.0,-25.25,0.0,-25.25,-1.01,5.0,29.25,0.2,1.17,5,4.0,0,2023-04-12,0.3712707182320442,3.13022113022113,1.0946773433820067,partial_bullish,0.9403560968806656,1.808784605479648,bullish,bullish,True,True,False,False,2023
176,185426,185427,185460,2023-04-12 14:03:00+00:00,2023-04-12 14:04:00+00:00,2023-04-12 14:37:00+00:00,long,13082.0,13082.25,13082.5,13057.5,13107.5,13132.5,13157.5,13182.5,73.15263331138907,near_trigger,38.15263331138907,25.0,True,False,False,False,True,stop,13057.5,13057.25,-25.25,0.0,-25.25,-1.01,46.5,42.5,1.86,1.7,34,33.0,1,2023-04-12,0.922043010752688,2.9830295411690764,3.177433247200689,partial_bearish,1.0716444517298964,1.759757738896366,bullish,bullish,True,False,False,False,2023
177,186773,186774,186820,2023-04-13 13:30:00+00:00,2023-04-13 13:31:00+00:00,2023-04-13 14:17:00+00:00,long,13035.25,13034.75,13035.0,13010.0,13060.0,13085.0,13110.0,13135.0,72.02401894383381,near_trigger,41.02401894383381,25.0,True,True,True,True,False,tp4,13135.0,13134.75,99.75,0.0,99.75,3.99,102.25,0.5,4.09,0.02,47,46.0,4,2023-04-13,4.041237113402062,0.1440598690364826,2.754471544715447,partial_bullish,6.32726386943548,0.9040364050848784,bullish,bullish,True,True,True,True,2023
178,188183,188184,188191,2023-04-14 14:00:00+00:00,2023-04-14 14:01:00+00:00,2023-04-14 14:08:00+00:00,long,13221.0,13220.75,13221.0,13196.0,13246.0,13271.0,13296.0,13321.0,74.0,near_trigger,22.80727276647393,25.0,True,False,False,False,True,stop,13196.0,13195.75,-25.25,0.0,-25.25,-1.01,34.0,34.25,1.36,1.37,8,7.0,1,2023-04-14,1.2145110410094635,4.055172413793104,3.872514619883041,partial_bullish,1.9535219399538104,1.269772765654026,bullish,bullish,False,True,True,False,2023
179,189533,189534,189537,2023-04-17 13:30:00+00:00,2023-04-17 13:31:00+00:00,2023-04-17 13:34:00+00:00,short,13153.25,13153.0,13152.75,13177.75,13127.75,13102.75,13077.75,13052.75,72.62295494531809,near_trigger,-33.622954945318085,25.0,False,False,False,False,True,stop,13177.75,13178.0,-25.25,0.0,-25.25,-1.01,7.25,27.5,0.29,1.1,4,3.0,0,2023-04-17,1.6690997566909975,1.134684147794994,1.5120540019286404,strong_bearish,11.458770498173624,1.3075906595599385,bearish,bearish,True,False,True,False,2023
180,192315,192316,192326,2023-04-19 13:52:00+00:00,2023-04-19 13:53:00+00:00,2023-04-19 14:03:00+00:00,short,13099.5,13099.25,13099.0,13124.0,13074.0,13049.0,13024.0,12999.0,80.32867440929115,high_probability,-59.32867440929115,25.0,False,False,False,False,True,stop,13124.0,13124.25,-25.25,0.0,-25.25,-1.01,10.5,26.0,0.42,1.04,11,10.0,0,2023-04-19,1.8091042584434651,2.2761290322580647,1.1774358974358976,partial_bullish,1.2333912951139547,1.657302869780798,bearish,neutral,True,False,True,False,2023
181,192346,192347,192355,2023-04-19 14:23:00+00:00,2023-04-19 14:24:00+00:00,2023-04-19 14:32:00+00:00,short,13098.25,13098.5,13098.25,13123.25,13073.25,13048.25,13023.25,12998.25,82.16668244141685,high_probability,-82.16668244141685,25.0,False,False,False,False,True,stop,13123.25,13123.5,-25.25,0.0,-25.25,-1.01,7.0,27.0,0.28,1.08,9,8.0,0,2023-04-19,1.5555555555555556,0.8503521126760564,1.6547619047619049,partial_bullish,1.010498971750189,0.971225266837276,bearish,bearish,True,True,True,False,2023
182,195053,195054,195055,2023-04-21 13:30:00+00:00,2023-04-21 13:31:00+00:00,2023-04-21 13:32:00+00:00,short,13047.0,13047.0,13046.75,13071.75,13021.75,12996.75,12971.75,12946.75,93.47683318418696,a_plus_plus,-62.47683318418697,25.0,False,False,False,False,True,stop,13071.75,13072.0,-25.25,0.0,-25.25,-1.01,3.75,27.25,0.15,1.09,2,1.0,0,2023-04-21,4.022988505747127,0.2245989304812834,0.7375231053604435,partial_bullish,8.047243049565392,1.0640276534891473,bearish,bearish,True,True,True,True,2023
183,195057,195058,195109,2023-04-21 13:34:00+00:00,2023-04-21 13:35:00+00:00,2023-04-21 14:26:00+00:00,short,13051.25,13051.25,13051.0,13076.0,13026.0,13001.0,12976.0,12951.0,74.74546925782765,near_trigger,-67.74546925782765,25.0,True,True,False,False,True,stop,13076.0,13076.25,-25.25,0.0,-25.25,-1.01,68.25,27.75,2.73,1.11,52,51.0,2,2023-04-21,0.6210720887245841,0.2245989304812834,0.7375231053604435,partial_bullish,2.553555562868143,1.0378910481897097,bearish,bearish,False,True,True,False,2023
184,196464,196465,196524,2023-04-24 14:01:00+00:00,2023-04-24 14:02:00+00:00,2023-04-24 15:01:00+00:00,short,13087.75,13087.75,13087.5,13112.5,13062.5,13037.5,13012.5,12987.5,75.99882825318124,near_trigger,-51.998828253181244,25.0,True,True,True,False,False,max_holding_time,13015.5,13015.75,71.75,0.0,71.75,2.87,79.0,14.5,3.16,0.58,60,59.0,3,2023-04-24,2.139622641509434,0.612691466083151,0.4417177914110429,partial_bullish,1.8059622508378903,1.2785832927453695,neutral,bearish,True,False,True,False,2023
185,197854,197855,197914,2023-04-25 14:11:00+00:00,2023-04-25 14:12:00+00:00,2023-04-25 15:11:00+00:00,short,12948.5,12948.75,12948.5,12973.5,12923.5,12898.5,12873.5,12848.5,73.13770491803278,near_trigger,-52.13770491803278,25.0,False,False,False,False,False,max_holding_time,12961.5,12961.75,-13.25,0.0,-13.25,-0.53,18.5,17.5,0.74,0.7,60,59.0,0,2023-04-25,2.333333333333333,2.1193232413178986,0.9853372434017597,strong_bearish,2.90957781978576,3.4369184964644584,bearish,bearish,True,True,True,False,2023
186,199195,199196,199214,2023-04-26 13:32:00+00:00,2023-04-26 13:33:00+00:00,2023-04-26 13:51:00+00:00,short,12919.75,12920.25,12920.0,12945.0,12895.0,12870.0,12845.0,12820.0,73.2383760461562,near_trigger,-72.2383760461562,25.0,False,False,False,False,True,stop,12945.0,12945.25,-25.25,0.0,-25.25,-1.01,21.0,25.5,0.84,1.02,19,18.0,0,2023-04-26,1.4065934065934067,0.4412121212121212,1.054732775273664,partial_bullish,4.60033373687138,1.4911127136978746,bearish,bearish,True,True,False,False,2023
187,199238,199239,199284,2023-04-26 14:15:00+00:00,2023-04-26 14:16:00+00:00,2023-04-26 15:01:00+00:00,short,12928.25,12928.25,12928.0,12953.0,12903.0,12878.0,12853.0,12828.0,86.02356020942409,high_probability,-60.02356020942409,25.0,True,False,False,False,True,stop,12953.0,12953.25,-25.25,0.0,-25.25,-1.01,31.75,28.25,1.27,1.13,46,45.0,1,2023-04-26,1.594240837696335,0.3463541666666667,0.180226570545829,partial_bearish,1.3210824896175457,1.7072400729619754,bearish,bearish,True,True,True,False,2023
188,201956,201957,201965,2023-04-28 13:33:00+00:00,2023-04-28 13:34:00+00:00,2023-04-28 13:42:00+00:00,long,13203.75,13203.25,13203.5,13178.5,13228.5,13253.5,13278.5,13303.5,78.0,near_trigger,26.279976850395684,25.0,False,False,False,False,True,stop,13178.5,13178.25,-25.25,0.0,-25.25,-1.01,11.5,31.0,0.46,1.24,9,8.0,0,2023-04-28,1.1104199066874028,0.248612652608213,1.781021897810219,partial_bullish,3.323869263783427,1.2666859580035983,bullish,bullish,True,True,True,False,2023
189,202007,202008,202020,2023-04-28 14:24:00+00:00,2023-04-28 14:25:00+00:00,2023-04-28 14:37:00+00:00,long,13285.25,13285.0,13285.25,13261.0,13310.25,13335.25,13360.25,13385.25,83.89184466019418,high_probability,83.89184466019418,24.25,False,False,False,False,True,stop,13261.0,13260.75,-24.5,0.0,-24.5,-1.0103092783505154,8.0,45.0,0.3298969072164948,1.855670103092784,13,12.0,0,2023-04-28,1.4135922330097088,2.6462745098039218,1.995,strong_bullish,1.1295244611700308,1.814863676341249,bullish,bullish,False,False,True,False,2023
190,203385,203386,203439,2023-05-01 14:22:00+00:00,2023-05-01 14:23:00+00:00,2023-05-01 15:16:00+00:00,long,13291.25,13291.25,13291.5,13266.5,13316.5,13341.5,13366.5,13391.5,86.06153846153846,high_probability,68.06153846153846,25.0,True,False,False,False,True,stop,13266.5,13266.25,-25.25,0.0,-25.25,-1.01,41.0,28.5,1.64,1.14,54,53.0,1,2023-05-01,2.266025641025641,1.2453987730061349,0.3729189789123196,strong_bearish,2.02359231894792,2.0629074435564068,bullish,bullish,True,True,True,False,2023
191,206115,206116,206132,2023-05-03 13:52:00+00:00,2023-05-03 13:53:00+00:00,2023-05-03 14:09:00+00:00,long,13232.25,13232.25,13232.5,13207.5,13257.5,13282.5,13307.5,13332.5,78.27171489061398,near_trigger,70.27171489061398,25.0,False,False,False,False,True,stop,13207.5,13207.25,-25.25,0.0,-25.25,-1.01,9.5,26.0,0.38,1.04,17,16.0,0,2023-05-03,1.5198776758409789,0.2251461988304093,0.0,mixed,2.145931219647017,1.5726273148148149,bullish,bullish,False,True,True,False,2023
192,207480,207481,207540,2023-05-04 13:37:00+00:00,2023-05-04 13:38:00+00:00,2023-05-04 14:37:00+00:00,short,13077.75,13077.75,13077.5,13102.5,13052.5,13027.5,13002.5,12977.5,70.0,near_trigger,-45.06103353957111,25.0,True,True,True,False,False,max_holding_time,13023.0,13023.25,54.25,0.0,54.25,2.17,75.75,2.5,3.03,0.1,60,59.0,3,2023-05-04,2.4646464646464645,1.226725082146769,0.0613496932515337,partial_bearish,1.731258375953833,0.8238861917715505,bearish,bearish,False,True,True,False,2023
193,208855,208856,208915,2023-05-05 13:32:00+00:00,2023-05-05 13:33:00+00:00,2023-05-05 14:32:00+00:00,long,13152.75,13152.5,13152.75,13127.75,13177.75,13202.75,13227.75,13252.75,71.93344410461962,near_trigger,62.933444104619625,25.0,True,True,True,False,False,max_holding_time,13247.75,13247.5,94.75,0.0,94.75,3.79,96.0,6.25,3.84,0.25,60,59.0,3,2023-05-05,2.274599542334096,1.4553014553014554,0.5974781765276431,strong_bullish,4.974480569063216,1.3697326487252126,bullish,bullish,True,True,False,False,2023
194,210241,210242,210301,2023-05-08 13:38:00+00:00,2023-05-08 13:39:00+00:00,2023-05-08 14:38:00+00:00,short,13280.5,13280.5,13280.25,13305.25,13255.25,13230.25,13205.25,13180.25,71.72733874104918,near_trigger,-62.72733874104918,25.0,True,False,False,False,False,max_holding_time,13265.0,13265.25,15.0,0.0,15.0,0.6,25.75,15.25,1.03,0.61,60,59.0,1,2023-05-08,2.45,0.2485207100591716,1.122641509433962,strong_bearish,2.806850316143996,1.2727822842076448,bearish,bearish,True,True,True,False,2023
195,213020,213021,213067,2023-05-10 13:57:00+00:00,2023-05-10 13:58:00+00:00,2023-05-10 14:44:00+00:00,long,13368.75,13368.25,13368.5,13343.5,13393.5,13418.5,13443.5,13468.5,70.65376368968866,near_trigger,64.65376368968866,25.0,True,True,False,False,True,stop,13343.5,13343.25,-25.25,0.0,-25.25,-1.01,65.5,35.0,2.62,1.4,47,46.0,2,2023-05-10,1.9901960784313728,0.7665982203969883,3.2641165755919856,partial_bullish,0.8747639321912679,1.338920721799367,bullish,bullish,True,False,True,False,2023
196,214375,214376,214429,2023-05-11 13:32:00+00:00,2023-05-11 13:33:00+00:00,2023-05-11 14:26:00+00:00,short,13395.25,13395.0,13394.75,13419.75,13369.75,13344.75,13319.75,13294.75,92.26923076923076,a_plus_plus,-53.26923076923077,25.0,False,False,False,False,True,stop,13419.75,13420.0,-25.25,0.0,-25.25,-1.01,22.5,25.0,0.9,1.0,54,53.0,0,2023-05-11,3.829885057471264,0.2716688227684347,0.461961503208066,partial_bearish,5.866509727895867,1.9205313024162476,bearish,bearish,True,True,True,False,2023
197,215784,215785,215844,2023-05-12 14:01:00+00:00,2023-05-12 14:02:00+00:00,2023-05-12 15:01:00+00:00,short,13425.5,13425.0,13424.75,13449.75,13399.75,13374.75,13349.75,13324.75,87.0,high_probability,-62.0,25.0,True,False,False,False,False,max_holding_time,13400.25,13400.5,24.25,0.0,24.25,0.97,42.25,12.0,1.69,0.48,60,59.0,1,2023-05-12,2.7186544342507646,2.8034825870646767,2.3273195876288657,strong_bearish,2.782800286778464,2.088396630009711,bearish,bearish,False,True,True,False,2023
198,218513,218514,218525,2023-05-16 13:30:00+00:00,2023-05-16 13:31:00+00:00,2023-05-16 13:42:00+00:00,short,13454.0,13453.75,13453.5,13478.5,13428.5,13403.5,13378.5,13353.5,70.0,near_trigger,-17.22957035106046,25.0,False,False,False,False,True,stop,13478.5,13478.75,-25.25,0.0,-25.25,-1.01,4.25,32.75,0.17,1.31,12,11.0,0,2023-05-16,4.621794871794872,0.0,1.782493368700265,mixed,10.281276962899051,1.1420247074496124,bearish,bearish,False,True,True,False,2023
199,219929,219930,219989,2023-05-17 14:06:00+00:00,2023-05-17 14:07:00+00:00,2023-05-17 15:06:00+00:00,long,13497.75,13498.0,13498.25,13473.25,13523.25,13548.25,13573.25,13598.25,75.15875150530044,near_trigger,50.15875150530045,25.0,True,False,False,False,False,max_holding_time,13528.25,13528.0,29.75,0.0,29.75,1.19,44.5,12.0,1.78,0.48,60,59.0,1,2023-05-17,2.0528846153846154,2.88659793814433,1.6592592592592592,partial_bearish,1.2792798405183154,1.2669083056990822,neutral,bullish,True,True,True,False,2023
200,222712,222713,222772,2023-05-19 14:29:00+00:00,2023-05-19 14:30:00+00:00,2023-05-19 15:29:00+00:00,short,13899.25,13898.75,13898.5,13923.5,13873.5,13848.5,13823.5,13798.5,72.58751215251647,near_trigger,-72.58751215251647,25.0,True,False,False,False,False,max_holding_time,13854.25,13854.5,44.0,0.0,44.0,1.76,44.75,10.0,1.79,0.4,60,59.0,1,2023-05-19,1.2333333333333334,0.5511811023622047,1.1081504702194358,partial_bearish,1.172223680756104,1.0790671446409152,bearish,bearish,False,True,True,False,2023
201,224060,224061,224120,2023-05-22 13:57:00+00:00,2023-05-22 13:58:00+00:00,2023-05-22 14:57:00+00:00,short,13925.0,13924.5,13924.25,13948.75,13899.25,13874.25,13849.25,13824.25,97.0,a_plus_plus,-81.0,24.5,True,True,False,False,False,max_holding_time,13890.75,13891.0,33.25,0.0,33.25,1.3571428571428572,62.25,14.0,2.5408163265306123,0.5714285714285714,60,59.0,2,2023-05-22,1.7818181818181815,5.651672433679354,2.8000000000000003,partial_bullish,1.3080461765471747,1.7450882001003591,bearish,bearish,True,True,True,False,2023
202,225415,225416,225475,2023-05-23 13:32:00+00:00,2023-05-23 13:33:00+00:00,2023-05-23 14:32:00+00:00,short,13862.25,13862.0,13861.75,13886.75,13836.75,13811.75,13786.75,13761.75,74.0,near_trigger,-15.91671340618251,25.0,False,False,False,False,False,max_holding_time,13851.75,13852.0,9.75,0.0,9.75,0.39,22.25,18.25,0.89,0.73,60,59.0,0,2023-05-23,4.244343891402715,1.6809210526315788,1.893503727369542,partial_bearish,4.924657534246576,1.236072161514575,bearish,bearish,False,False,True,False,2023
203,226797,226798,226857,2023-05-24 13:34:00+00:00,2023-05-24 13:35:00+00:00,2023-05-24 14:34:00+00:00,short,13660.25,13660.25,13660.0,13685.0,13635.0,13610.0,13585.0,13560.0,78.0,near_trigger,-23.106616257088845,25.0,True,True,False,False,False,max_holding_time,13598.25,13598.5,61.5,0.0,61.5,2.46,74.0,15.0,2.96,0.6,60,59.0,2,2023-05-24,1.8525519848771268,0.0755395683453237,2.087443946188341,partial_bullish,3.794890781192151,1.811914442283896,bearish,bearish,True,True,True,False,2023
204,228187,228188,228191,2023-05-25 13:44:00+00:00,2023-05-25 13:45:00+00:00,2023-05-25 13:48:00+00:00,long,13897.75,13897.25,13897.5,13872.5,13922.5,13947.5,13972.5,13997.5,70.61642425706084,near_trigger,64.61642425706084,25.0,False,False,False,False,True,stop,13872.5,13872.25,-25.25,0.0,-25.25,-1.01,7.75,26.25,0.31,1.05,4,3.0,0,2023-05-25,1.5090715048025614,4.539898132427844,0.4921369102682701,partial_bullish,0.8611732997152608,1.3722637849819896,bullish,bullish,False,True,True,False,2023
205,228192,228193,228252,2023-05-25 13:49:00+00:00,2023-05-25 13:50:00+00:00,2023-05-25 14:49:00+00:00,long,13866.25,13866.5,13866.75,13841.75,13891.75,13916.75,13941.75,13966.75,78.0,near_trigger,68.23835616438356,25.0,True,True,False,False,False,max_holding_time,13925.75,13925.5,58.75,0.0,58.75,2.35,68.25,15.5,2.73,0.62,60,59.0,2,2023-05-25,2.0136986301369864,3.0285714285714285,1.743910925539318,strong_bearish,1.616872673804163,2.693302717183314,bullish,bullish,True,True,True,False,2023
206,232082,232083,232086,2023-05-30 13:39:00+00:00,2023-05-30 13:40:00+00:00,2023-05-30 13:43:00+00:00,long,14540.75,14540.75,14541.0,14516.0,14566.0,14591.0,14616.0,14641.0,84.04071065989848,high_probability,63.04071065989848,25.0,False,False,False,False,True,stop,14516.0,14515.75,-25.25,0.0,-25.25,-1.01,18.75,35.0,0.75,1.4,4,3.0,0,2023-05-30,1.563451776649746,1.0995575221238938,2.217142857142857,partial_bearish,1.7836439262437362,1.597067448680352,bullish,bullish,False,True,True,False,2023
207,232089,232090,232094,2023-05-30 13:46:00+00:00,2023-05-30 13:47:00+00:00,2023-05-30 13:51:00+00:00,long,14508.5,14508.5,14508.75,14483.75,14533.75,14558.75,14583.75,14608.75,73.0,near_trigger,68.01220198277932,25.0,False,False,False,False,True,stop,14483.75,14483.5,-25.25,0.0,-25.25,-1.01,17.5,27.5,0.7,1.1,5,4.0,0,2023-05-30,1.5302619692863595,0.391125718981101,0.550098231827112,strong_bearish,1.1475252895937709,1.7002096105656332,bullish,bullish,True,True,True,False,2023
208,232110,232111,232165,2023-05-30 14:07:00+00:00,2023-05-30 14:08:00+00:00,2023-05-30 15:02:00+00:00,short,14448.5,14448.75,14448.5,14473.5,14423.5,14398.5,14373.5,14348.5,76.42665288366284,near_trigger,-50.42665288366284,25.0,True,False,False,False,True,stop,14473.5,14473.75,-25.25,0.0,-25.25,-1.01,39.75,25.5,1.59,1.02,55,54.0,1,2023-05-30,2.16921508664628,4.002382370458606,2.567292225201072,partial_bearish,1.130883820932197,2.051076719530665,neutral,bearish,True,True,True,False,2023
209,233481,233482,233486,2023-05-31 13:58:00+00:00,2023-05-31 13:59:00+00:00,2023-05-31 14:03:00+00:00,short,14373.75,14373.5,14373.25,14393.25,14348.25,14323.25,14298.25,14273.25,74.62289499232276,near_trigger,-74.62289499232276,20.0,False,False,False,False,True,stop,14393.25,14393.5,-20.25,0.0,-20.25,-1.0125,8.25,20.25,0.4125,1.0125,5,4.0,0,2023-05-31,0.65311004784689,2.55719557195572,2.7857142857142856,partial_bullish,0.6906855742388697,1.086463530284913,bearish,bearish,False,True,True,False,2023
210,233489,233490,233549,2023-05-31 14:06:00+00:00,2023-05-31 14:07:00+00:00,2023-05-31 15:06:00+00:00,short,14364.5,14364.5,14364.25,14389.25,14339.25,14314.25,14289.25,14264.25,76.39149253188259,near_trigger,-57.39149253188259,25.0,True,True,True,False,False,max_holding_time,14293.25,14293.5,70.75,0.0,70.75,2.83,90.0,4.75,3.6,0.19,60,59.0,3,2023-05-31,1.0191570881226053,0.1980033277870216,2.0062646828504307,partial_bullish,1.3688922044013427,1.3062286105407257,bearish,bearish,True,True,True,False,2023
211,234845,234846,234860,2023-06-01 13:42:00+00:00,2023-06-01 13:43:00+00:00,2023-06-01 13:57:00+00:00,short,14292.25,14292.0,14291.75,14316.75,14266.75,14241.75,14216.75,14191.75,74.96315768323187,near_trigger,-67.96315768323187,25.0,False,False,False,False,True,stop,14316.75,14317.0,-25.25,0.0,-25.25,-1.01,19.75,27.5,0.79,1.1,15,14.0,0,2023-06-01,1.841392649903288,0.8880597014925373,0.2471315092674316,partial_bullish,1.289403271005842,1.1124315316422844,bearish,bearish,True,True,True,False,2023
212,234881,234882,234904,2023-06-01 14:18:00+00:00,2023-06-01 14:19:00+00:00,2023-06-01 14:41:00+00:00,short,14309.0,14309.5,14309.25,14334.25,14284.25,14259.25,14234.25,14209.25,85.55564790346934,high_probability,-85.55564790346934,25.0,True,False,False,False,True,stop,14334.25,14334.5,-25.25,0.0,-25.25,-1.01,36.5,34.75,1.46,1.39,23,22.0,1,2023-06-01,0.486404833836858,1.1751085383502171,1.0824742268041236,partial_bullish,1.334291070271028,1.1281960122063224,bearish,bearish,True,True,True,True,2023
213,236228,236229,236229,2023-06-02 13:45:00+00:00,2023-06-02 13:46:00+00:00,2023-06-02 13:46:00+00:00,long,14587.5,14588.0,14588.25,14563.25,14613.25,14638.25,14663.25,14688.25,70.0,near_trigger,9.0,25.0,False,False,False,False,True,stop,14563.25,14563.0,-25.25,0.0,-25.25,-1.01,0.5,37.0,0.02,1.48,1,0.0,0,2023-06-02,2.3240371845949537,3.250414593698176,2.725228390723823,partial_bullish,1.8015516537362188,1.6205098068023214,bullish,bullish,True,False,True,False,2023
214,236231,236232,236233,2023-06-02 13:48:00+00:00,2023-06-02 13:49:00+00:00,2023-06-02 13:50:00+00:00,long,14554.25,14554.5,14554.75,14529.75,14579.75,14604.75,14629.75,14654.75,71.65666419844501,near_trigger,30.65666419844501,25.0,False,False,False,False,True,stop,14529.75,14529.5,-25.25,0.0,-25.25,-1.01,0.75,37.25,0.03,1.49,2,1.0,0,2023-06-02,4.225225225225225,3.250414593698176,2.725228390723823,partial_bullish,1.4679219325893451,2.067649057858888,bullish,bullish,True,False,True,False,2023
215,236264,236265,236282,2023-06-02 14:21:00+00:00,2023-06-02 14:22:00+00:00,2023-06-02 14:39:00+00:00,short,14511.0,14510.75,14510.5,14535.5,14485.5,14460.5,14435.5,14410.5,73.96924829157176,near_trigger,-65.96924829157176,25.0,True,False,False,False,True,stop,14535.5,14535.75,-25.25,0.0,-25.25,-1.01,27.5,34.25,1.1,1.37,18,17.0,1,2023-06-02,0.8929384965831435,0.1601664066562662,0.5243445692883895,partial_bearish,1.183608087484076,1.6075925513507956,bearish,bearish,True,True,True,False,2023
216,237624,237625,237638,2023-06-05 14:01:00+00:00,2023-06-05 14:02:00+00:00,2023-06-05 14:15:00+00:00,long,14620.0,14619.75,14620.0,14595.0,14645.0,14670.0,14695.0,14720.0,74.2404255319149,near_trigger,35.240425531914894,25.0,False,False,False,False,True,stop,14595.0,14594.75,-25.25,0.0,-25.25,-1.01,21.5,30.0,0.86,1.2,14,13.0,0,2023-06-05,1.956331877729257,0.4666666666666666,1.3781788351107465,partial_bullish,2.9490287955975703,2.9425756031260617,bullish,neutral,False,True,True,False,2023
217,238990,238991,239050,2023-06-06 13:47:00+00:00,2023-06-06 13:48:00+00:00,2023-06-06 14:47:00+00:00,long,14550.25,14550.0,14550.25,14525.25,14575.25,14600.25,14625.25,14650.25,72.05440522751543,near_trigger,65.05440522751543,25.0,True,False,False,False,False,max_holding_time,14592.5,14592.25,42.0,0.0,42.0,1.68,48.5,24.5,1.94,0.98,60,59.0,1,2023-06-06,1.1650485436893203,3.454068241469816,2.266075388026608,partial_bearish,1.2065992260167018,1.2289946475249989,neutral,bullish,True,False,True,False,2023
218,240353,240354,240386,2023-06-07 13:30:00+00:00,2023-06-07 13:31:00+00:00,2023-06-07 14:03:00+00:00,long,14626.25,14626.25,14626.5,14601.5,14651.5,14676.5,14701.5,14726.5,73.0,near_trigger,60.0,25.0,True,False,False,False,True,stop,14601.5,14601.25,-25.25,0.0,-25.25,-1.01,49.0,39.0,1.96,1.56,33,32.0,1,2023-06-07,3.88,0.2434782608695652,0.9183673469387756,partial_bearish,20.79411421230877,1.5976671152983402,bullish,bullish,True,True,False,False,2023
219,240393,240394,240397,2023-06-07 14:10:00+00:00,2023-06-07 14:11:00+00:00,2023-06-07 14:14:00+00:00,long,14621.25,14620.5,14620.75,14595.75,14645.75,14670.75,14695.75,14720.75,74.2698281763124,near_trigger,42.2698281763124,25.0,False,False,False,False,True,stop,14595.75,14595.5,-25.25,0.0,-25.25,-1.01,1.75,25.5,0.07,1.02,4,3.0,0,2023-06-07,0.7386091127098322,2.2705314009661834,1.8529411764705883,partial_bullish,1.2371778834125595,1.3087896673106951,bullish,bullish,False,True,True,False,2023
220,241734,241735,241737,2023-06-08 13:31:00+00:00,2023-06-08 13:32:00+00:00,2023-06-08 13:34:00+00:00,long,14365.0,14365.0,14365.25,14342.0,14390.25,14415.25,14440.25,14465.25,72.38108108108108,near_trigger,33.38108108108108,23.25,False,False,False,False,True,stop,14342.0,14341.75,-23.5,0.0,-23.5,-1.010752688172043,8.75,34.25,0.3763440860215054,1.4731182795698925,3,2.0,0,2023-06-08,1.8028169014084507,1.0790513833992097,1.849270664505673,partial_bullish,10.379402318872136,1.7820560747663552,bullish,bullish,True,True,True,False,2023
221,241739,241740,241799,2023-06-08 13:36:00+00:00,2023-06-08 13:37:00+00:00,2023-06-08 14:36:00+00:00,long,14359.5,14359.75,14360.0,14335.0,14385.0,14410.0,14435.0,14460.0,83.48740818467996,high_probability,44.48740818467997,25.0,True,True,False,False,False,max_holding_time,14411.5,14411.25,51.25,0.0,51.25,2.05,67.75,18.5,2.71,0.74,60,59.0,2,2023-06-08,0.323189926547744,0.9650959860383944,1.849270664505673,partial_bearish,2.1294363256784967,1.564835536038509,bullish,bullish,True,True,True,False,2023
222,243135,243136,243183,2023-06-09 13:52:00+00:00,2023-06-09 13:53:00+00:00,2023-06-09 14:40:00+00:00,long,14656.25,14656.25,14656.5,14631.5,14681.5,14706.5,14731.5,14756.5,78.0040081051647,near_trigger,78.0040081051647,25.0,True,False,False,False,True,stop,14631.5,14631.25,-25.25,0.0,-25.25,-1.01,31.5,25.5,1.26,1.02,48,47.0,1,2023-06-09,1.197241379310345,4.703247480403135,4.168539325842697,strong_bullish,0.791134700903744,0.9163285933843788,bullish,bullish,False,True,True,False,2023
223,245502,245503,245561,2023-06-13 14:19:00+00:00,2023-06-13 14:20:00+00:00,2023-06-13 15:18:00+00:00,long,15001.75,15001.75,15002.0,14977.0,15027.0,15052.0,15077.0,15102.0,93.65100864553314,a_plus_plus,84.65100864553314,25.0,True,True,True,True,False,tp4,15102.0,15101.75,99.75,0.0,99.75,3.99,100.0,23.5,4.0,0.94,59,58.0,4,2023-06-13,1.0355427473583092,1.4986619090098128,2.9900662251655628,partial_bearish,1.1072654892679792,1.5935580406363208,bullish,bullish,True,True,True,True,2023
224,246839,246840,246843,2023-06-14 13:36:00+00:00,2023-06-14 13:37:00+00:00,2023-06-14 13:40:00+00:00,short,15057.5,15057.75,15057.5,15082.5,15032.5,15007.5,14982.5,14957.5,80.62350239434231,high_probability,-39.62350239434231,25.0,False,False,False,False,True,stop,15082.5,15082.75,-25.25,0.0,-25.25,-1.01,4.5,37.25,0.18,1.49,4,3.0,0,2023-06-14,2.4647887323943665,0.7296969696969696,1.532258064516129,strong_bearish,2.840731450176319,1.0195853286185883,neutral,bearish,True,True,True,False,2023
225,248216,248217,248222,2023-06-15 13:33:00+00:00,2023-06-15 13:34:00+00:00,2023-06-15 13:39:00+00:00,short,15117.75,15117.75,15117.5,15142.5,15092.5,15067.5,15042.5,15017.5,91.76188317994728,a_plus_plus,-70.76188317994728,25.0,False,False,False,False,True,stop,15142.5,15142.75,-25.25,0.0,-25.25,-1.01,1.5,38.0,0.06,1.52,6,5.0,0,2023-06-15,2.04031007751938,0.2728813559322033,1.6234939759036144,partial_bullish,3.305940994207194,1.1349026499560653,bearish,bearish,True,True,True,False,2023
226,249595,249596,249598,2023-06-16 13:32:00+00:00,2023-06-16 13:33:00+00:00,2023-06-16 13:35:00+00:00,long,15415.75,15416.0,15416.25,15391.25,15441.25,15466.25,15491.25,15516.25,78.0,near_trigger,44.83371104815864,25.0,False,False,False,False,True,stop,15391.25,15391.0,-25.25,0.0,-25.25,-1.01,21.5,31.25,0.86,1.25,3,2.0,0,2023-06-16,2.4721435316336167,2.5855855855855854,1.8961881589618816,partial_bullish,3.0019112845424862,1.5768337830206436,bullish,bullish,True,True,True,False,2023
227,249599,249600,249606,2023-06-16 13:36:00+00:00,2023-06-16 13:37:00+00:00,2023-06-16 13:43:00+00:00,long,15387.75,15388.25,15388.5,15363.5,15413.5,15438.5,15463.5,15488.5,78.0,near_trigger,29.31870621948632,25.0,False,False,False,False,True,stop,15363.5,15363.25,-25.25,0.0,-25.25,-1.01,8.75,37.5,0.35,1.5,7,6.0,0,2023-06-16,1.5289747399702824,0.4378801042571677,1.8961881589618816,partial_bearish,1.926290719735196,1.8615416623322585,bullish,bullish,True,True,True,False,2023
228,249614,249615,249616,2023-06-16 13:51:00+00:00,2023-06-16 13:52:00+00:00,2023-06-16 13:53:00+00:00,long,15369.75,15370.25,15370.5,15345.5,15395.5,15420.5,15445.5,15470.5,71.54738420338245,near_trigger,71.54738420338245,25.0,False,False,False,False,True,stop,15345.5,15345.25,-25.25,0.0,-25.25,-1.01,7.25,25.5,0.29,1.02,2,1.0,0,2023-06-16,1.1257731958762889,4.100709219858156,2.429682824655895,partial_bearish,1.0059563203176705,1.3705864925094355,bullish,bullish,True,True,True,False,2023
229,252114,252115,252143,2023-06-20 13:31:00+00:00,2023-06-20 13:32:00+00:00,2023-06-20 14:00:00+00:00,long,15242.75,15242.5,15242.75,15217.75,15267.75,15292.75,15317.75,15342.75,74.6592431140767,near_trigger,37.6592431140767,25.0,True,True,False,False,True,stop,15217.75,15217.5,-25.25,0.0,-25.25,-1.01,67.5,29.0,2.7,1.16,29,28.0,2,2023-06-20,1.2839506172839503,2.431578947368421,1.366183574879227,partial_bearish,8.049780794795643,1.46860003096135,bullish,bullish,True,True,True,True,2023
230,253493,253494,253494,2023-06-21 13:30:00+00:00,2023-06-21 13:31:00+00:00,2023-06-21 13:31:00+00:00,short,15179.25,15178.75,15178.5,15203.5,15153.5,15128.5,15103.5,15078.5,90.48490314510951,a_plus_plus,-78.48490314510953,25.0,False,False,False,False,True,stop,15203.5,15203.75,-25.25,0.0,-25.25,-1.01,0.0,29.25,0.0,1.17,1,0.0,0,2023-06-21,3.0223325062034743,0.6810810810810811,0.5793103448275861,partial_bearish,12.503122898049387,1.070752620924606,bearish,bearish,True,True,True,False,2023
231,254907,254908,254908,2023-06-22 14:04:00+00:00,2023-06-22 14:05:00+00:00,2023-06-22 14:05:00+00:00,long,15095.25,15094.75,15095.0,15072.5,15120.0,15145.0,15170.0,15195.0,75.08430937016543,near_trigger,75.08430937016543,22.5,False,False,False,False,True,stop,15072.5,15072.25,-22.75,0.0,-22.75,-1.011111111111111,2.25,23.0,0.1,1.022222222222222,1,0.0,0,2023-06-22,0.9491525423728814,3.505862646566164,3.317108088761632,strong_bullish,0.7714719190129026,1.05613351468588,bullish,bullish,False,True,True,False,2023
232,254914,254915,254944,2023-06-22 14:11:00+00:00,2023-06-22 14:12:00+00:00,2023-06-22 14:41:00+00:00,long,15110.5,15110.5,15110.75,15085.75,15135.75,15160.75,15185.75,15210.75,94.0,a_plus_plus,63.0,25.0,True,False,False,False,True,stop,15085.75,15085.5,-25.25,0.0,-25.25,-1.01,38.5,28.5,1.54,1.14,30,29.0,1,2023-06-22,2.063679245283019,1.293764087152517,3.317108088761632,strong_bullish,2.2272096756596684,2.4590446035242293,bullish,bullish,True,True,True,True,2023
233,256258,256259,256318,2023-06-23 13:35:00+00:00,2023-06-23 13:36:00+00:00,2023-06-23 14:35:00+00:00,short,15075.75,15075.5,15075.25,15100.25,15050.25,15025.25,15000.25,14975.25,71.53051634341583,near_trigger,-30.530516343415822,25.0,True,True,True,False,False,max_holding_time,15052.75,15053.0,22.25,0.0,22.25,0.89,90.5,8.5,3.62,0.34,60,59.0,3,2023-06-23,2.2857142857142856,1.585570469798658,3.2550000000000003,partial_bullish,3.38192581118088,1.402981306588022,bearish,bearish,True,False,False,False,2023
234,257634,257635,257637,2023-06-26 13:31:00+00:00,2023-06-26 13:32:00+00:00,2023-06-26 13:34:00+00:00,short,15031.0,15030.5,15030.25,15055.25,15005.25,14980.25,14955.25,14930.25,70.00423934443643,near_trigger,-37.00423934443643,25.0,False,False,False,False,True,stop,15055.25,15055.5,-25.25,0.0,-25.25,-1.01,6.0,34.25,0.24,1.37,3,2.0,0,2023-06-26,2.126582278481013,1.6343178621659635,0.4676409185803757,strong_bearish,5.541620638118136,0.707119284920648,neutral,neutral,True,True,True,True,2023
235,259013,259014,259015,2023-06-27 13:30:00+00:00,2023-06-27 13:31:00+00:00,2023-06-27 13:32:00+00:00,long,14928.75,14928.75,14929.0,14904.0,14954.0,14979.0,15004.0,15029.0,72.09408107435961,near_trigger,72.09408107435961,25.0,False,False,False,False,True,stop,14904.0,14903.75,-25.25,0.0,-25.25,-1.01,7.0,31.0,0.28,1.24,2,1.0,0,2023-06-27,1.7916666666666667,0.716374269005848,1.0831408775981526,strong_bullish,13.089331195170269,1.0784008952996766,bullish,bullish,True,True,True,True,2023
236,259016,259017,259076,2023-06-27 13:33:00+00:00,2023-06-27 13:34:00+00:00,2023-06-27 14:33:00+00:00,long,14905.75,14906.0,14906.25,14881.25,14931.25,14956.25,14981.25,15006.25,84.01764103412614,high_probability,66.01764103412614,25.0,True,True,False,False,False,max_holding_time,14927.5,14927.25,21.0,0.0,21.0,0.84,73.25,18.0,2.93,0.72,60,59.0,2,2023-06-27,1.1072056239015815,0.716374269005848,1.0831408775981526,partial_bullish,3.634380886289284,1.21900666142029,bullish,bullish,True,True,True,False,2023
237,260393,260394,260453,2023-06-28 13:30:00+00:00,2023-06-28 13:31:00+00:00,2023-06-28 14:30:00+00:00,long,15047.25,15047.5,15047.75,15022.75,15072.75,15097.75,15122.75,15147.75,90.36304045921672,a_plus_plus,90.36304045921672,25.0,True,True,True,True,False,tp4,15147.75,15147.5,99.75,0.0,99.75,3.99,101.5,22.25,4.06,0.89,60,59.0,4,2023-06-28,1.5,1.7238805970149254,1.5588865096359743,partial_bearish,13.725961538461538,0.969200382680616,bullish,bullish,True,True,True,False,2023
238,261773,261774,261774,2023-06-29 13:30:00+00:00,2023-06-29 13:31:00+00:00,2023-06-29 13:31:00+00:00,long,15121.0,15121.25,15121.5,15101.0,15146.5,15171.5,15196.5,15221.5,76.12628816919405,near_trigger,76.12628816919405,20.5,False,False,False,False,True,stop,15101.0,15100.75,-20.75,0.0,-20.75,-1.0121951219512195,8.5,27.75,0.4146341463414634,1.353658536585366,1,0.0,0,2023-06-29,1.3719376391982183,0.2864768683274021,2.5716639209225702,partial_bearish,5.153379549393415,0.9075786710618684,bullish,bullish,True,False,True,False,2023
239,261776,261777,261787,2023-06-29 13:33:00+00:00,2023-06-29 13:34:00+00:00,2023-06-29 13:44:00+00:00,long,15125.25,15125.5,15125.75,15101.0,15150.75,15175.75,15200.75,15225.75,81.55082302379091,high_probability,66.55082302379091,24.75,False,False,False,False,True,stop,15101.0,15100.75,-25.0,0.0,-25.0,-1.0101010101010102,19.0,42.0,0.7676767676767676,1.696969696969697,11,10.0,0,2023-06-29,0.8863309352517985,0.2864768683274021,2.5716639209225702,partial_bearish,2.4956729194929133,1.1865971241423026,bullish,bullish,True,True,True,False,2023
240,261810,261811,261824,2023-06-29 14:07:00+00:00,2023-06-29 14:08:00+00:00,2023-06-29 14:21:00+00:00,short,15065.75,15065.25,15065.0,15090.0,15040.0,15015.0,14990.0,14965.0,91.6,a_plus_plus,-60.6,25.0,True,False,False,False,True,stop,15090.0,15090.25,-25.25,0.0,-25.25,-1.01,29.75,31.5,1.19,1.26,14,13.0,1,2023-06-29,2.8228105906313647,0.1779661016949152,2.350032530904359,strong_bearish,3.649666451474069,3.8164429799887487,bearish,bearish,True,True,True,False,2023
241,264588,264589,264648,2023-07-03 14:25:00+00:00,2023-07-03 14:26:00+00:00,2023-07-03 15:25:00+00:00,short,15360.5,15360.5,15360.25,15385.25,15335.25,15310.25,15285.25,15260.25,75.1525554276028,near_trigger,-75.1525554276028,25.0,True,True,False,False,False,max_holding_time,15323.5,15323.75,36.5,0.0,36.5,1.46,51.25,8.75,2.05,0.35,60,59.0,2,2023-07-03,0.821917808219178,0.2449355432780847,0.5476429287863591,partial_bullish,1.0764998471670326,0.7298692490297298,bearish,bearish,True,False,True,False,2023
242,269610,269611,269632,2023-07-07 13:53:00+00:00,2023-07-07 13:54:00+00:00,2023-07-07 14:15:00+00:00,long,15271.0,15271.0,15271.25,15246.25,15296.25,15321.25,15346.25,15371.25,70.01745283018867,near_trigger,49.017452830188674,25.0,False,False,False,False,True,stop,15246.25,15246.0,-25.25,0.0,-25.25,-1.01,6.75,35.25,0.27,1.41,22,21.0,0,2023-07-07,1.6014150943396226,0.3823529411764705,0.2322274881516587,partial_bullish,1.0383228565046747,1.5414982314300152,neutral,bullish,False,False,True,False,2023
243,270997,270998,271057,2023-07-10 14:00:00+00:00,2023-07-10 14:01:00+00:00,2023-07-10 15:00:00+00:00,long,15123.0,15122.5,15122.75,15097.75,15147.75,15172.75,15197.75,15222.75,76.32553433886476,near_trigger,46.32553433886476,25.0,True,True,True,False,False,max_holding_time,15143.0,15142.75,20.0,0.0,20.0,0.8,81.25,0.25,3.25,0.01,60,59.0,3,2023-07-10,1.9267480577136515,2.7719799857040743,1.736,partial_bearish,1.008594300621693,1.2959733992944324,neutral,bullish,True,False,True,False,2023
244,272381,272382,272397,2023-07-11 14:04:00+00:00,2023-07-11 14:05:00+00:00,2023-07-11 14:20:00+00:00,short,15132.75,15133.0,15132.75,15157.75,15107.75,15082.75,15057.75,15032.75,75.0,near_trigger,-70.0,25.0,False,False,False,False,True,stop,15157.75,15158.0,-25.25,0.0,-25.25,-1.01,23.75,27.25,0.95,1.09,16,15.0,0,2023-07-11,2.2386634844868736,2.2246256239600664,3.2746536267318667,strong_bearish,1.495357028498239,2.1634559703509244,bearish,bearish,False,True,True,False,2023
245,273733,273734,273793,2023-07-12 13:36:00+00:00,2023-07-12 13:37:00+00:00,2023-07-12 14:36:00+00:00,long,15421.0,15421.25,15421.5,15396.5,15446.5,15471.5,15496.5,15521.5,70.0,near_trigger,69.77260828613717,25.0,True,True,True,False,False,max_holding_time,15487.0,15486.75,65.25,0.0,65.25,2.61,86.25,13.5,3.45,0.54,60,59.0,3,2023-07-12,0.2153846153846153,0.7837150127226463,5.003843197540354,partial_bullish,2.165783274440518,1.4394930948856894,bullish,bullish,False,True,True,False,2023
246,276487,276488,276493,2023-07-14 13:30:00+00:00,2023-07-14 13:31:00+00:00,2023-07-14 13:36:00+00:00,short,15747.5,15748.0,15747.75,15772.75,15722.75,15697.75,15672.75,15647.75,70.0,near_trigger,-60.0,25.0,False,False,False,False,True,stop,15772.75,15773.0,-25.25,0.0,-25.25,-1.01,4.75,28.5,0.19,1.14,6,5.0,0,2023-07-14,5.07808564231738,1.4679611650485438,0.0193637621023513,partial_bullish,23.75711220968193,1.9789902254821212,bearish,bearish,False,False,True,False,2023
247,277881,277882,277887,2023-07-17 13:44:00+00:00,2023-07-17 13:45:00+00:00,2023-07-17 13:50:00+00:00,long,15739.25,15739.25,15739.5,15714.5,15764.5,15789.5,15814.5,15839.5,74.0,near_trigger,24.455056179775283,25.0,False,False,False,False,True,stop,15714.5,15714.25,-25.25,0.0,-25.25,-1.01,2.5,27.75,0.1,1.11,6,5.0,0,2023-07-17,1.8701622971285887,3.6654545454545455,2.8301435406698565,partial_bullish,1.9025295158112716,1.913840990626085,bullish,bullish,False,False,True,False,2023
248,277896,277897,277956,2023-07-17 13:59:00+00:00,2023-07-17 14:00:00+00:00,2023-07-17 14:59:00+00:00,long,15739.75,15740.0,15740.25,15715.25,15765.25,15790.25,15815.25,15840.25,73.39322033898306,near_trigger,42.393220338983056,25.0,True,False,False,False,False,max_holding_time,15755.75,15755.5,15.25,0.0,15.25,0.61,32.0,12.0,1.28,0.48,60,59.0,1,2023-07-17,1.0847457627118644,0.3307086614173228,2.344693281402142,partial_bullish,1.4534043930866165,2.4266112266112265,bullish,bullish,True,False,False,False,2023
249,279303,279304,279317,2023-07-18 14:26:00+00:00,2023-07-18 14:27:00+00:00,2023-07-18 14:40:00+00:00,short,15758.25,15758.25,15758.0,15783.0,15733.0,15708.0,15683.0,15658.0,70.50248447204969,near_trigger,-70.50248447204969,25.0,False,False,False,False,True,stop,15783.0,15783.25,-25.25,0.0,-25.25,-1.01,6.25,26.0,0.25,1.04,14,13.0,0,2023-07-18,1.738095238095238,0.2161764705882353,1.821998320738875,strong_bearish,1.744333125865842,1.6771229465474973,bearish,bearish,True,True,False,False,2023
250,280683,280684,280686,2023-07-19 14:26:00+00:00,2023-07-19 14:27:00+00:00,2023-07-19 14:29:00+00:00,long,16009.5,16009.75,16010.0,15985.0,16035.0,16060.0,16085.0,16110.0,73.79314586994728,near_trigger,52.79314586994728,25.0,False,False,False,False,True,stop,15985.0,15984.75,-25.25,0.0,-25.25,-1.01,0.0,27.0,0.0,1.08,3,2.0,0,2023-07-19,1.4270650263620386,0.1079414032382421,1.2657534246575344,partial_bullish,1.394136114510722,1.5337183890103028,bullish,neutral,False,True,True,True,2023
251,282037,282038,282067,2023-07-20 14:00:00+00:00,2023-07-20 14:01:00+00:00,2023-07-20 14:30:00+00:00,short,15843.5,15843.0,15842.75,15867.75,15817.75,15792.75,15767.75,15742.75,81.2,high_probability,-52.2,25.0,True,True,True,True,False,tp4,15742.75,15743.0,99.75,0.0,99.75,3.99,102.25,4.25,4.09,0.17,30,29.0,4,2023-07-20,2.5096296296296297,0.4175438596491228,1.739457831325301,partial_bearish,2.166145600714605,1.8220068372215332,neutral,bearish,True,True,True,False,2023
252,283420,283421,283421,2023-07-21 14:03:00+00:00,2023-07-21 14:04:00+00:00,2023-07-21 14:04:00+00:00,short,15580.5,15580.0,15579.75,15604.75,15554.75,15529.75,15504.75,15479.75,70.01935483870967,near_trigger,-37.01935483870968,25.0,False,False,False,False,True,stop,15604.75,15605.0,-25.25,0.0,-25.25,-1.01,0.5,25.25,0.02,1.01,1,0.0,0,2023-07-21,3.0559139784946234,3.1618920719520323,2.891970802919708,strong_bearish,1.4304187611204555,2.3189685066675074,neutral,neutral,False,True,True,False,2023
253,283428,283429,283439,2023-07-21 14:11:00+00:00,2023-07-21 14:12:00+00:00,2023-07-21 14:22:00+00:00,long,15633.5,15633.5,15633.75,15608.75,15658.75,15683.75,15708.75,15733.75,86.4286166842661,high_probability,41.4286166842661,25.0,False,False,False,False,True,stop,15608.75,15608.5,-25.25,0.0,-25.25,-1.01,14.25,25.25,0.57,1.01,11,10.0,0,2023-07-21,1.41921858500528,2.193333333333333,2.891970802919708,partial_bearish,1.032045341895998,1.5927496466284194,neutral,bullish,True,True,True,True,2023
254,287530,287531,287539,2023-07-26 13:33:00+00:00,2023-07-26 13:34:00+00:00,2023-07-26 13:42:00+00:00,short,15579.75,15579.25,15579.0,15604.0,15554.0,15529.0,15504.0,15479.0,89.0,high_probability,-67.0,25.0,False,False,False,False,True,stop,15604.0,15604.25,-25.25,0.0,-25.25,-1.01,13.25,30.75,0.53,1.23,9,8.0,0,2023-07-26,3.0297029702970297,0.1975308641975308,0.1084070796460177,partial_bullish,4.389994895354773,1.606259014454256,bearish,bearish,True,True,True,False,2023
255,290288,290289,290311,2023-07-28 13:31:00+00:00,2023-07-28 13:32:00+00:00,2023-07-28 13:54:00+00:00,long,15717.0,15717.25,15717.5,15692.5,15742.5,15767.5,15792.5,15817.5,70.0,near_trigger,19.242533017744847,25.0,True,True,True,True,False,tp4,15817.5,15817.25,99.75,0.0,99.75,3.99,100.0,1.0,4.0,0.04,23,22.0,4,2023-07-28,1.9130434782608696,1.12,1.0615521855486174,partial_bearish,5.356992860142797,0.7145558185459587,bullish,neutral,True,True,True,False,2023
256,290314,290315,290374,2023-07-28 13:57:00+00:00,2023-07-28 13:58:00+00:00,2023-07-28 14:57:00+00:00,long,15795.0,15795.0,15795.25,15770.25,15820.25,15845.25,15870.25,15895.25,70.0,near_trigger,24.044615384615383,25.0,True,False,False,False,False,max_holding_time,15799.25,15799.0,3.75,0.0,3.75,0.15,42.5,13.75,1.7,0.55,60,59.0,1,2023-07-28,1.0948717948717948,3.3789392774788625,1.317528735632184,partial_bullish,0.9164245810055864,1.5047884636553772,bullish,bullish,False,False,True,False,2023
257,291668,291669,291671,2023-07-31 13:31:00+00:00,2023-07-31 13:32:00+00:00,2023-07-31 13:34:00+00:00,long,15875.25,15875.0,15875.25,15853.5,15900.25,15925.25,15950.25,15975.25,73.0009351353637,near_trigger,73.0009351353637,21.75,False,False,False,False,True,stop,15853.5,15853.25,-22.0,0.0,-22.0,-1.011494252873563,17.5,30.0,0.8045977011494253,1.3793103448275863,3,2.0,0,2023-07-31,1.544364508393285,2.171532846715328,1.0892857142857142,partial_bearish,4.589998993862562,0.647661773474545,bullish,bullish,True,True,True,False,2023
258,291672,291673,291692,2023-07-31 13:35:00+00:00,2023-07-31 13:36:00+00:00,2023-07-31 13:55:00+00:00,long,15866.5,15866.0,15866.25,15841.25,15891.25,15916.25,15941.25,15966.25,84.65629627478877,high_probability,79.65629627478877,25.0,True,False,False,False,True,stop,15841.25,15841.0,-25.25,0.0,-25.25,-1.01,38.75,51.25,1.55,2.05,20,19.0,1,2023-07-31,0.0192043895747599,1.7352112676056335,1.0892857142857142,strong_bearish,2.4112375877936545,0.9635802289906412,bullish,bullish,True,True,True,False,2023
259,293047,293048,293062,2023-08-01 13:30:00+00:00,2023-08-01 13:31:00+00:00,2023-08-01 13:45:00+00:00,short,15780.75,15781.5,15781.25,15806.25,15756.25,15731.25,15706.25,15681.25,72.05254158089488,near_trigger,-33.05254158089488,25.0,False,False,False,False,True,stop,15806.25,15806.5,-25.25,0.0,-25.25,-1.01,16.25,27.75,0.65,1.11,15,14.0,0,2023-08-01,1.7082228116710876,1.146551724137931,0.9124513618677044,partial_bullish,12.039329934450109,1.043784650745741,bearish,bearish,True,True,True,False,2023
260,294431,294432,294473,2023-08-02 13:34:00+00:00,2023-08-02 13:35:00+00:00,2023-08-02 14:16:00+00:00,short,15625.25,15625.25,15625.0,15650.0,15600.0,15575.0,15550.0,15525.0,83.39626819489301,high_probability,-70.39626819489301,25.0,True,True,True,True,False,tp4,15525.0,15525.25,99.75,0.0,99.75,3.99,100.5,6.75,4.02,0.27,42,41.0,4,2023-08-02,3.607361963190184,0.0640732265446224,1.502283105022831,strong_bearish,3.712349579183447,1.3578308577073703,bearish,bearish,False,True,True,False,2023
261,297187,297188,297190,2023-08-04 13:30:00+00:00,2023-08-04 13:31:00+00:00,2023-08-04 13:33:00+00:00,short,15518.5,15518.5,15518.25,15543.25,15493.25,15468.25,15443.25,15418.25,70.0,near_trigger,-22.47494075611837,25.0,False,False,False,False,True,stop,15543.25,15543.5,-25.25,0.0,-25.25,-1.01,0.25,33.0,0.01,1.32,3,2.0,0,2023-08-04,1.916058394160584,0.4633569739952718,2.0823045267489717,partial_bullish,8.631184483719046,1.0665031411908992,bearish,bearish,False,False,True,False,2023
262,297198,297199,297219,2023-08-04 13:41:00+00:00,2023-08-04 13:42:00+00:00,2023-08-04 14:02:00+00:00,short,15529.25,15529.5,15529.25,15554.25,15504.25,15479.25,15454.25,15429.25,78.7,near_trigger,-61.7,25.0,True,True,True,True,False,tp4,15429.25,15429.5,99.75,0.0,99.75,3.99,107.25,12.5,4.29,0.5,21,20.0,4,2023-08-04,2.763358778625954,1.525179856115108,2.0823045267489717,partial_bullish,1.9763057386819765,1.9762817004196316,bearish,bearish,True,True,False,False,2023
263,297223,297224,297225,2023-08-04 14:06:00+00:00,2023-08-04 14:07:00+00:00,2023-08-04 14:08:00+00:00,short,15396.0,15396.0,15395.75,15420.75,15370.75,15345.75,15320.75,15295.75,82.00027700831025,high_probability,-81.00027700831025,25.0,False,False,False,False,True,stop,15420.75,15421.0,-25.25,0.0,-25.25,-1.01,1.5,27.0,0.06,1.08,2,1.0,0,2023-08-04,2.585410895660203,4.0272108843537415,0.591715976331361,strong_bearish,1.2478279668137802,1.9385582479975667,bearish,bearish,False,True,True,False,2023
264,297238,297239,297242,2023-08-04 14:21:00+00:00,2023-08-04 14:22:00+00:00,2023-08-04 14:25:00+00:00,short,15452.25,15453.0,15452.75,15477.75,15427.75,15402.75,15377.75,15352.75,71.07237687366167,near_trigger,-71.07237687366167,25.0,False,False,False,False,True,stop,15477.75,15478.0,-25.25,0.0,-25.25,-1.01,12.25,27.25,0.49,1.09,4,3.0,0,2023-08-04,0.7194860813704498,0.2057044079515989,1.824644549763033,partial_bearish,0.9105571992598384,1.5164549035118076,bearish,bearish,True,True,False,False,2023
265,298567,298568,298568,2023-08-07 13:30:00+00:00,2023-08-07 13:31:00+00:00,2023-08-07 13:31:00+00:00,long,15462.25,15462.25,15462.5,15437.5,15487.5,15512.5,15537.5,15562.5,72.1234139538884,near_trigger,41.1234139538884,25.0,False,False,False,False,True,stop,15437.5,15437.25,-25.25,0.0,-25.25,-1.01,10.75,32.0,0.43,1.28,1,0.0,0,2023-08-07,4.379679144385027,0.0694214876033057,0.8846153846153846,partial_bullish,15.244565217391305,1.1028449615736673,bullish,bullish,True,True,True,False,2023
266,298572,298573,298579,2023-08-07 13:35:00+00:00,2023-08-07 13:36:00+00:00,2023-08-07 13:42:00+00:00,long,15427.25,15427.25,15427.5,15402.5,15452.5,15477.5,15502.5,15527.5,74.52187566300684,near_trigger,37.52187566300684,25.0,False,False,False,False,True,stop,15402.5,15402.25,-25.25,0.0,-25.25,-1.01,21.0,26.25,0.84,1.05,7,6.0,0,2023-08-07,2.596026490066225,1.2475247524752475,0.8846153846153846,partial_bearish,2.7302441838108056,1.1906359001878186,bullish,bullish,True,True,True,False,2023
267,298604,298605,298617,2023-08-07 14:07:00+00:00,2023-08-07 14:08:00+00:00,2023-08-07 14:20:00+00:00,short,15404.75,15405.0,15404.75,15429.75,15379.75,15354.75,15329.75,15304.75,71.0,near_trigger,-25.82147575304134,25.0,False,False,False,False,True,stop,15429.75,15430.0,-25.25,0.0,-25.25,-1.01,12.0,25.25,0.48,1.01,13,12.0,0,2023-08-07,1.9194776931447224,1.2669683257918551,1.4346952444742131,partial_bearish,1.1553764692780415,1.4828289653200972,bearish,bearish,True,True,True,True,2023
268,299954,299955,299956,2023-08-08 13:37:00+00:00,2023-08-08 13:38:00+00:00,2023-08-08 13:39:00+00:00,short,15348.5,15348.75,15348.5,15373.5,15323.5,15298.5,15273.5,15248.5,74.90158612127895,near_trigger,-58.90158612127895,25.0,False,False,False,False,True,stop,15373.5,15373.75,-25.25,0.0,-25.25,-1.01,6.0,25.25,0.24,1.01,2,1.0,0,2023-08-08,1.129032258064516,0.2064343163538874,1.469387755102041,partial_bearish,2.3935075964895725,1.2684283170970774,bearish,bearish,False,True,True,False,2023
269,299966,299967,300026,2023-08-08 13:49:00+00:00,2023-08-08 13:50:00+00:00,2023-08-08 14:49:00+00:00,short,15286.5,15286.75,15286.5,15311.5,15261.5,15236.5,15211.5,15186.5,70.16092715231788,near_trigger,-45.16092715231788,25.0,True,False,False,False,False,max_holding_time,15261.0,15261.25,25.25,0.0,25.25,1.01,42.0,21.25,1.68,0.85,60,59.0,1,2023-08-08,2.7505518763796912,2.858858858858859,1.250642673521851,strong_bearish,1.6237847967828836,2.061641034538312,bearish,bearish,False,True,True,False,2023
270,301347,301348,301358,2023-08-09 13:50:00+00:00,2023-08-09 13:51:00+00:00,2023-08-09 14:01:00+00:00,short,15272.75,15272.5,15272.25,15297.25,15247.25,15222.25,15197.25,15172.25,76.59649122807018,near_trigger,-51.59649122807018,25.0,False,False,False,False,True,stop,15297.25,15297.5,-25.25,0.0,-25.25,-1.01,9.0,29.25,0.36,1.17,11,10.0,0,2023-08-09,1.6046783625730994,4.364319248826291,3.446319018404908,strong_bearish,1.4579214637360935,1.661402540033131,neutral,bearish,False,True,True,False,2023
271,301377,301378,301434,2023-08-09 14:20:00+00:00,2023-08-09 14:21:00+00:00,2023-08-09 15:17:00+00:00,short,15266.5,15267.0,15266.75,15291.75,15241.75,15216.75,15191.75,15166.75,83.6,high_probability,-70.6,25.0,True,True,True,True,False,tp4,15166.75,15167.0,99.75,0.0,99.75,3.99,108.25,23.75,4.33,0.95,57,56.0,4,2023-08-09,2.305637982195845,0.2899408284023668,2.9362577107607954,partial_bearish,1.9949618641102795,1.8789955842615167,bearish,bearish,False,True,True,False,2023
272,302709,302710,302731,2023-08-10 13:32:00+00:00,2023-08-10 13:33:00+00:00,2023-08-10 13:54:00+00:00,long,15294.75,15295.0,15295.25,15271.25,15320.25,15345.25,15370.25,15395.25,73.0,near_trigger,46.85126827722533,24.0,True,True,True,True,False,tp4,15395.25,15395.0,99.75,0.0,99.75,4.15625,100.75,10.5,4.197916666666667,0.4375,22,21.0,4,2023-08-10,0.7581227436823105,0.9808917197452228,0.4484256243213897,partial_bearish,4.325486130427087,1.2906097689788896,bullish,bullish,True,True,True,False,2023
273,302735,302736,302765,2023-08-10 13:58:00+00:00,2023-08-10 13:59:00+00:00,2023-08-10 14:28:00+00:00,long,15413.75,15413.25,15413.5,15388.5,15438.5,15463.5,15488.5,15513.5,73.74401913875599,near_trigger,60.74401913875599,25.0,True,False,False,False,True,stop,15388.5,15388.25,-25.25,0.0,-25.25,-1.01,28.25,28.0,1.13,1.12,30,29.0,1,2023-08-10,2.110047846889952,2.746376811594203,1.7736943907156673,strong_bullish,1.2976010279753023,1.9857021446782983,bullish,bullish,False,True,True,False,2023
274,305509,305510,305569,2023-08-14 14:12:00+00:00,2023-08-14 14:13:00+00:00,2023-08-14 15:12:00+00:00,long,15149.25,15149.25,15149.5,15124.5,15174.5,15199.5,15224.5,15249.5,71.7762870794907,near_trigger,50.7762870794907,25.0,True,True,True,False,False,max_holding_time,15205.75,15205.5,56.0,0.0,56.0,2.24,99.0,11.5,3.96,0.46,60,59.0,3,2023-08-14,1.5518072289156626,1.3001345895020189,1.457384515289525,strong_bullish,1.6748252824728302,1.4963965450844474,neutral,bullish,False,True,True,False,2023
275,306848,306849,306850,2023-08-15 13:31:00+00:00,2023-08-15 13:32:00+00:00,2023-08-15 13:33:00+00:00,short,15216.75,15216.75,15216.5,15241.5,15191.5,15166.5,15141.5,15116.5,73.11746334392951,near_trigger,-73.11746334392951,25.0,False,False,False,False,True,stop,15241.5,15241.75,-25.25,0.0,-25.25,-1.01,3.5,28.5,0.14,1.14,2,1.0,0,2023-08-15,0.6100217864923747,1.527027027027027,1.352168199737188,partial_bullish,4.860150154570882,0.8936377539281897,bearish,bearish,True,True,False,False,2023
276,306861,306862,306921,2023-08-15 13:44:00+00:00,2023-08-15 13:45:00+00:00,2023-08-15 14:44:00+00:00,short,15208.0,15208.0,15207.75,15232.75,15182.75,15157.75,15132.75,15107.75,90.43567567567568,a_plus_plus,-55.43567567567568,25.0,True,True,True,False,False,max_holding_time,15137.25,15137.5,70.25,0.0,70.25,2.81,99.75,9.5,3.99,0.38,60,59.0,3,2023-08-15,2.497297297297297,1.7853107344632768,1.352168199737188,partial_bullish,1.721018046292664,1.5809448730221296,bearish,bearish,True,True,True,True,2023
277,309608,309609,309668,2023-08-17 13:31:00+00:00,2023-08-17 13:32:00+00:00,2023-08-17 14:31:00+00:00,short,14977.25,14977.25,14977.0,15002.0,14952.0,14927.0,14902.0,14877.0,74.29611496490739,near_trigger,-69.29611496490739,25.0,True,True,True,False,False,max_holding_time,14889.75,14890.0,87.0,0.0,87.0,3.48,95.0,12.0,3.8,0.48,60,59.0,3,2023-08-17,1.4770642201834865,0.3435582822085889,0.577319587628866,partial_bearish,7.797536029753603,0.91342913742282,neutral,bearish,True,True,True,False,2023
278,310988,310989,311005,2023-08-18 13:31:00+00:00,2023-08-18 13:32:00+00:00,2023-08-18 13:48:00+00:00,short,14653.75,14654.25,14654.0,14679.0,14629.0,14604.0,14579.0,14554.0,73.0,near_trigger,-49.286360570839925,25.0,True,False,False,False,True,stop,14679.0,14679.25,-25.25,0.0,-25.25,-1.01,26.0,29.5,1.04,1.18,17,16.0,1,2023-08-18,1.3873873873873874,0.6575028636884307,0.8387096774193549,partial_bearish,4.191797882750644,0.9730779026784424,bearish,bearish,True,True,True,False,2023
279,311036,311037,311040,2023-08-18 14:19:00+00:00,2023-08-18 14:20:00+00:00,2023-08-18 14:23:00+00:00,short,14647.5,14647.5,14647.25,14672.25,14622.25,14597.25,14572.25,14547.25,73.0,near_trigger,-64.00999999999999,25.0,False,False,False,False,True,stop,14672.25,14672.5,-25.25,0.0,-25.25,-1.01,2.25,25.5,0.09,1.02,4,3.0,0,2023-08-18,0.1666666666666666,0.9820289855072464,0.0327293980128579,partial_bearish,1.1285916156382478,1.5862822337713929,bearish,bearish,True,True,True,True,2023
280,312411,312412,312421,2023-08-21 14:14:00+00:00,2023-08-21 14:15:00+00:00,2023-08-21 14:24:00+00:00,long,14894.25,14894.0,14894.25,14869.25,14919.25,14944.25,14969.25,14994.25,75.0,near_trigger,32.717606552033246,25.0,False,False,False,False,True,stop,14869.25,14869.0,-25.25,0.0,-25.25,-1.01,2.75,37.0,0.11,1.48,10,9.0,0,2023-08-21,2.7,2.3537653239929948,3.476009139375476,partial_bullish,1.3840107164411994,1.2769945399722924,bullish,bullish,True,False,True,True,2023
281,316508,316509,316527,2023-08-24 13:31:00+00:00,2023-08-24 13:32:00+00:00,2023-08-24 13:50:00+00:00,short,15293.5,15293.25,15293.0,15318.0,15268.0,15243.0,15218.0,15193.0,83.0,high_probability,-42.0,25.0,True,True,True,True,False,tp4,15193.0,15193.25,99.75,0.0,99.75,3.99,107.0,4.25,4.28,0.17,19,18.0,4,2023-08-24,4.805642633228841,0.6932367149758454,0.2276422764227642,strong_bearish,8.226720111306191,1.797728407931027,neutral,bearish,True,True,True,True,2023
282,316535,316536,316540,2023-08-24 13:58:00+00:00,2023-08-24 13:59:00+00:00,2023-08-24 14:03:00+00:00,long,15227.25,15227.25,15227.5,15202.5,15252.5,15277.5,15302.5,15327.5,74.466230248307,near_trigger,31.466230248307,25.0,False,False,False,False,True,stop,15202.5,15202.25,-25.25,0.0,-25.25,-1.01,7.25,28.25,0.29,1.13,5,4.0,0,2023-08-24,1.674943566591422,4.614195361911455,4.591349257585539,partial_bearish,1.0975498452577517,1.978018691588785,neutral,bullish,False,True,True,False,2023
283,316543,316544,316562,2023-08-24 14:06:00+00:00,2023-08-24 14:07:00+00:00,2023-08-24 14:25:00+00:00,short,15193.5,15193.75,15193.5,15218.5,15168.5,15143.5,15118.5,15093.5,71.92421420256112,near_trigger,-40.92421420256112,25.0,True,True,True,True,False,tp4,15093.5,15093.75,99.75,0.0,99.75,3.99,101.25,7.25,4.05,0.29,19,18.0,4,2023-08-24,1.5320139697322468,0.5296803652968036,3.917625681405209,strong_bearish,1.3418914673010458,1.703204047217538,bearish,bearish,True,True,True,False,2023
284,316565,316566,316625,2023-08-24 14:28:00+00:00,2023-08-24 14:29:00+00:00,2023-08-24 15:28:00+00:00,short,15087.0,15086.75,15086.5,15111.5,15061.5,15036.5,15011.5,14986.5,73.03589743589744,near_trigger,-68.03589743589744,25.0,True,True,True,False,False,max_holding_time,15011.5,15011.75,74.75,0.0,74.75,2.99,98.0,5.0,3.92,0.2,60,59.0,3,2023-08-24,2.3076923076923075,3.5,5.413427561837456,strong_bearish,1.0816396830864623,1.9870515504064643,bearish,bearish,False,True,True,False,2023
285,317887,317888,317924,2023-08-25 13:30:00+00:00,2023-08-25 13:31:00+00:00,2023-08-25 14:07:00+00:00,long,14921.0,14921.25,14921.5,14896.5,14946.5,14971.5,14996.5,15021.5,93.6298574643661,a_plus_plus,80.6298574643661,25.0,True,True,False,False,True,stop,14896.5,14896.25,-25.25,0.0,-25.25,-1.01,74.0,26.25,2.96,1.05,37,36.0,2,2023-08-25,4.231237322515213,0.4869565217391304,0.2922465208747514,strong_bullish,13.884032634032634,1.1915478869717429,bullish,bullish,True,True,True,True,2023
286,317928,317929,317933,2023-08-25 14:11:00+00:00,2023-08-25 14:12:00+00:00,2023-08-25 14:16:00+00:00,long,14937.5,14936.5,14936.75,14911.75,14961.75,14986.75,15011.75,15036.75,74.4374531835206,near_trigger,55.4374531835206,25.0,True,True,True,True,False,tp4,15036.75,15036.5,99.75,0.0,99.75,3.99,104.25,15.75,4.17,0.63,5,4.0,4,2023-08-25,0.8127340823970037,1.5070821529745042,1.5879899916597164,partial_bullish,1.6453168379523646,2.6233497281905254,bullish,bullish,True,True,False,False,2023
287,319267,319268,319279,2023-08-28 13:30:00+00:00,2023-08-28 13:31:00+00:00,2023-08-28 13:42:00+00:00,long,15065.25,15065.5,15065.75,15040.75,15090.75,15115.75,15140.75,15165.75,70.0,near_trigger,17.677970823253432,25.0,True,True,False,False,True,stop,15040.75,15040.5,-25.25,0.0,-25.25,-1.01,61.0,30.5,2.44,1.22,12,11.0,2,2023-08-28,1.794871794871795,1.111395646606914,3.0405405405405403,partial_bullish,11.46375131135774,1.2683576472888107,bullish,bullish,False,True,True,False,2023
288,320673,320674,320677,2023-08-29 13:56:00+00:00,2023-08-29 13:57:00+00:00,2023-08-29 14:00:00+00:00,short,15146.25,15146.25,15146.0,15171.0,15121.0,15096.0,15071.0,15046.0,76.14282019131977,near_trigger,-76.14282019131977,25.0,False,False,False,False,True,stop,15171.0,15171.25,-25.25,0.0,-25.25,-1.01,1.75,58.5,0.07,2.34,4,3.0,0,2023-08-29,1.094972067039106,3.847682119205298,3.252187748607796,partial_bullish,0.8085956481831434,0.9579367516119128,bearish,bearish,True,True,True,False,2023
289,320692,320693,320752,2023-08-29 14:15:00+00:00,2023-08-29 14:16:00+00:00,2023-08-29 15:15:00+00:00,long,15260.75,15261.25,15261.5,15236.5,15286.5,15311.5,15336.5,15361.5,70.15296089385475,near_trigger,65.15296089385475,25.0,True,True,True,False,False,max_holding_time,15333.25,15333.0,71.5,0.0,71.5,2.86,79.5,8.0,3.18,0.32,60,59.0,3,2023-08-29,2.2681564245810053,2.67885435709933,5.5431884057971015,strong_bullish,1.355713240811984,1.5194455386515346,bullish,bullish,False,True,True,False,2023
290,324821,324822,324822,2023-09-01 14:04:00+00:00,2023-09-01 14:05:00+00:00,2023-09-01 14:05:00+00:00,long,15563.5,15563.25,15563.5,15538.5,15588.5,15613.5,15638.5,15663.5,78.96302250803859,near_trigger,65.96302250803859,25.0,False,False,False,False,True,stop,15538.5,15538.25,-25.25,0.0,-25.25,-1.01,4.25,32.75,0.17,1.31,1,0.0,0,2023-09-01,0.1913183279742765,1.7777777777777777,1.924170616113744,partial_bearish,1.22936910461203,1.676665287546545,bullish,bullish,False,True,True,False,2023
291,324826,324827,324850,2023-09-01 14:09:00+00:00,2023-09-01 14:10:00+00:00,2023-09-01 14:33:00+00:00,long,15566.5,15566.25,15566.5,15541.5,15591.5,15616.5,15641.5,15666.5,72.26559220389805,near_trigger,72.26559220389805,25.0,True,False,False,False,True,stop,15541.5,15541.25,-25.25,0.0,-25.25,-1.01,27.0,31.25,1.08,1.25,24,23.0,1,2023-09-01,0.1304347826086956,0.2398753894080996,1.924170616113744,partial_bullish,1.1389735176939302,1.632563641940148,bullish,bullish,False,True,True,False,2023
292,330074,330075,330078,2023-09-07 13:37:00+00:00,2023-09-07 13:38:00+00:00,2023-09-07 13:41:00+00:00,short,15198.5,15198.75,15198.5,15223.5,15173.5,15148.5,15123.5,15098.5,70.0,near_trigger,-63.16086163967578,25.0,False,False,False,False,True,stop,15223.5,15223.75,-25.25,0.0,-25.25,-1.01,20.5,28.75,0.82,1.15,4,3.0,0,2023-09-07,1.82,0.8354430379746836,3.000805801772764,partial_bearish,1.852911297652783,1.3831708558257416,bearish,bearish,False,True,True,False,2023
293,330108,330109,330137,2023-09-07 14:11:00+00:00,2023-09-07 14:12:00+00:00,2023-09-07 14:40:00+00:00,short,15216.25,15216.5,15216.25,15241.25,15191.25,15166.25,15141.25,15116.25,77.47150395778364,near_trigger,-66.47150395778364,25.0,True,False,False,False,True,stop,15241.25,15241.5,-25.25,0.0,-25.25,-1.01,29.5,39.0,1.18,1.56,29,28.0,1,2023-09-07,3.4353562005277043,1.2802631578947368,0.582995951417004,partial_bearish,1.314142960028808,1.527754156909431,bearish,bearish,False,True,True,False,2023
294,331452,331453,331459,2023-09-08 13:35:00+00:00,2023-09-08 13:36:00+00:00,2023-09-08 13:42:00+00:00,short,15334.5,15334.0,15333.75,15358.75,15308.75,15283.75,15258.75,15233.75,76.3095052514335,near_trigger,-46.30950525143351,25.0,False,False,False,False,True,stop,15358.75,15359.0,-25.25,0.0,-25.25,-1.01,0.0,25.25,0.0,1.01,7,6.0,0,2023-09-08,3.608024691358025,4.20158550396376,0.6693794506612412,strong_bullish,2.825679792395352,0.9816864749600176,neutral,bearish,True,False,True,False,2023
295,332407,332408,332414,2023-09-11 13:30:00+00:00,2023-09-11 13:31:00+00:00,2023-09-11 13:37:00+00:00,long,15632.75,15632.5,15632.75,15607.75,15657.75,15682.75,15707.75,15732.75,71.37576109241422,near_trigger,59.37576109241422,25.0,False,False,False,False,True,stop,15607.75,15607.5,-25.25,0.0,-25.25,-1.01,14.25,28.75,0.57,1.15,7,6.0,0,2023-09-11,2.736842105263158,1.580135440180587,0.1534713763702801,partial_bullish,12.220032840722496,0.4798009103451833,bullish,bullish,True,True,True,False,2023
296,332415,332416,332422,2023-09-11 13:38:00+00:00,2023-09-11 13:39:00+00:00,2023-09-11 13:45:00+00:00,long,15595.75,15596.0,15596.25,15571.25,15621.25,15646.25,15671.25,15696.25,78.0,near_trigger,43.41028246870192,25.0,False,False,False,False,True,stop,15571.25,15571.0,-25.25,0.0,-25.25,-1.01,5.25,25.25,0.21,1.01,7,6.0,0,2023-09-11,3.65374677002584,0.3896103896103896,0.1534713763702801,partial_bullish,2.1407173054847832,0.7711470383556394,bullish,bullish,True,True,True,False,2023
297,333787,333788,333789,2023-09-12 13:30:00+00:00,2023-09-12 13:31:00+00:00,2023-09-12 13:32:00+00:00,short,15588.5,15588.75,15588.5,15613.5,15563.5,15538.5,15513.5,15488.5,84.0193251644242,high_probability,-53.0193251644242,25.0,False,False,False,False,True,stop,15613.5,15613.75,-25.25,0.0,-25.25,-1.01,4.75,27.75,0.19,1.11,2,1.0,0,2023-09-12,2.6538461538461537,1.025,1.3585798816568049,strong_bearish,6.712421623453651,0.5225145600970893,bearish,bearish,False,True,True,False,2023
298,333793,333794,333799,2023-09-12 13:36:00+00:00,2023-09-12 13:37:00+00:00,2023-09-12 13:42:00+00:00,short,15617.0,15617.0,15616.75,15641.75,15591.75,15566.75,15541.75,15516.75,78.0,near_trigger,-49.93295139760736,25.0,False,False,False,False,True,stop,15641.75,15642.0,-25.25,0.0,-25.25,-1.01,13.5,28.0,0.54,1.12,6,5.0,0,2023-09-12,1.5777460770328104,0.3439306358381502,1.3585798816568049,partial_bullish,1.9499072840763665,0.6418224801203525,bearish,bearish,True,True,True,False,2023
299,335194,335195,335254,2023-09-13 13:57:00+00:00,2023-09-13 13:58:00+00:00,2023-09-13 14:57:00+00:00,short,15548.75,15549.5,15549.25,15574.25,15524.25,15499.25,15474.25,15449.25,71.0,near_trigger,-47.47370222684574,25.0,True,True,True,False,False,max_holding_time,15556.75,15557.0,-7.75,0.0,-7.75,-0.31,95.25,22.75,3.81,0.91,60,59.0,3,2023-09-13,1.2714570858283434,0.509090909090909,1.8798328108672933,strong_bullish,1.116106850039672,1.2898788828181715,bearish,bearish,True,True,True,False,2023
300,337927,337928,337943,2023-09-15 13:30:00+00:00,2023-09-15 13:31:00+00:00,2023-09-15 13:46:00+00:00,short,15619.0,15619.0,15618.75,15643.75,15593.75,15568.75,15543.75,15518.75,78.0,near_trigger,-71.71790448901002,25.0,True,True,True,True,False,tp4,15518.75,15519.0,99.75,0.0,99.75,3.99,102.25,9.0,4.09,0.36,16,15.0,4,2023-09-15,1.1375,1.1142490372272142,3.1777301927194865,partial_bearish,5.4864116937486695,1.00591292582498,bearish,bearish,True,True,True,False,2023
301,337986,337987,338046,2023-09-15 14:29:00+00:00,2023-09-15 14:30:00+00:00,2023-09-15 15:29:00+00:00,short,15496.0,15496.25,15496.0,15516.75,15471.0,15446.0,15421.0,15396.0,71.0,near_trigger,-31.813795660419245,20.75,True,True,True,False,False,max_holding_time,15430.5,15430.75,65.25,0.0,65.25,3.144578313253012,82.0,10.75,3.9518072289156634,0.5180722891566265,60,59.0,3,2023-09-15,0.3744427934621099,0.392,4.658166363084396,strong_bearish,0.6728685191047902,0.9351519664252352,bearish,bearish,True,False,True,False,2023
302,339316,339317,339349,2023-09-18 13:39:00+00:00,2023-09-18 13:40:00+00:00,2023-09-18 14:12:00+00:00,short,15409.75,15409.75,15409.5,15434.5,15384.5,15359.5,15334.5,15309.5,71.87011730424506,near_trigger,-71.87011730424506,25.0,True,False,False,False,True,stop,15434.5,15434.75,-25.25,0.0,-25.25,-1.01,39.25,29.25,1.57,1.17,33,32.0,1,2023-09-18,0.1962616822429906,3.859375,0.4950135992747053,strong_bullish,1.7470561892468586,1.4922317099238358,bearish,bearish,True,True,False,False,2023
303,339360,339361,339420,2023-09-18 14:23:00+00:00,2023-09-18 14:24:00+00:00,2023-09-18 15:23:00+00:00,short,15413.5,15413.5,15413.25,15438.25,15388.25,15363.25,15338.25,15313.25,85.06594230267491,high_probability,-79.06594230267491,25.0,True,False,False,False,False,max_holding_time,15416.5,15416.75,-3.5,0.0,-3.5,-0.14,49.0,14.5,1.96,0.58,60,59.0,1,2023-09-18,1.5295902883156298,0.6115591397849462,1.7328727691421992,partial_bullish,0.8391981944685567,0.9416489345760782,bearish,bearish,True,False,True,False,2023
304,342097,342098,342110,2023-09-20 14:00:00+00:00,2023-09-20 14:01:00+00:00,2023-09-20 14:13:00+00:00,long,15404.25,15404.0,15404.25,15379.25,15429.25,15454.25,15479.25,15504.25,78.0,near_trigger,29.846168132291453,25.0,False,False,False,False,True,stop,15379.25,15379.0,-25.25,0.0,-25.25,-1.01,16.75,26.25,0.67,1.05,13,12.0,0,2023-09-20,1.9001560062402496,1.456,0.0690335305719921,partial_bearish,1.5072252186490396,0.8841978382750609,bullish,bullish,True,True,True,False,2023
305,346212,346213,346215,2023-09-25 13:35:00+00:00,2023-09-25 13:36:00+00:00,2023-09-25 13:38:00+00:00,short,14810.75,14810.75,14810.5,14835.5,14785.5,14760.5,14735.5,14710.5,73.0,near_trigger,-48.64031134506112,25.0,False,False,False,False,True,stop,14835.5,14835.75,-25.25,0.0,-25.25,-1.01,7.75,27.75,0.31,1.11,3,2.0,0,2023-09-25,1.3167358229598891,0.2627986348122867,0.1361111111111111,partial_bearish,3.110708339480284,1.1404552549025668,bearish,bearish,True,True,True,True,2023
306,346217,346218,346233,2023-09-25 13:40:00+00:00,2023-09-25 13:41:00+00:00,2023-09-25 13:56:00+00:00,short,14858.25,14858.0,14857.75,14882.75,14832.75,14807.75,14782.75,14757.75,78.0,near_trigger,-51.166796875,25.0,False,False,False,False,True,stop,14882.75,14883.0,-25.25,0.0,-25.25,-1.01,15.5,34.5,0.62,1.38,16,15.0,0,2023-09-25,2.59765625,1.860759493670886,0.1361111111111111,partial_bullish,2.3065650210939235,1.538051525022209,bearish,bearish,True,True,True,False,2023
307,346262,346263,346271,2023-09-25 14:25:00+00:00,2023-09-25 14:26:00+00:00,2023-09-25 14:34:00+00:00,short,14830.0,14829.75,14829.5,14854.5,14804.5,14779.5,14754.5,14729.5,70.86440846824408,near_trigger,-41.86440846824408,25.0,False,False,False,False,True,stop,14854.5,14854.75,-25.25,0.0,-25.25,-1.01,15.75,33.0,0.63,1.32,9,8.0,0,2023-09-25,1.6684931506849314,1.1563421828908556,1.2305263157894737,partial_bearish,1.735813199558431,1.6922091898592777,neutral,neutral,True,False,True,False,2023
308,347597,347598,347635,2023-09-26 13:40:00+00:00,2023-09-26 13:41:00+00:00,2023-09-26 14:18:00+00:00,short,14829.25,14829.5,14829.25,14854.25,14804.25,14779.25,14754.25,14729.25,70.22467304193759,near_trigger,-59.22467304193759,25.0,True,True,True,True,False,tp4,14729.25,14729.5,99.75,0.0,99.75,3.99,104.5,11.25,4.18,0.45,38,37.0,4,2023-09-26,0.9839704069050554,0.2790152403282532,2.716595744680851,partial_bullish,1.8051715274207667,1.2492908312899658,bearish,bearish,True,True,False,False,2023
309,348969,348970,348999,2023-09-27 13:32:00+00:00,2023-09-27 13:33:00+00:00,2023-09-27 14:02:00+00:00,long,14766.75,14766.75,14767.0,14742.0,14792.0,14817.0,14842.0,14867.0,73.0,near_trigger,47.18744173679588,25.0,True,False,False,False,True,stop,14742.0,14741.75,-25.25,0.0,-25.25,-1.01,39.25,29.0,1.57,1.16,30,29.0,1,2023-09-27,1.0523917995444192,0.4963325183374082,0.090982940698619,partial_bearish,4.167133858787059,0.9483923263982708,bullish,bullish,True,True,True,True,2023
310,349017,349018,349049,2023-09-27 14:20:00+00:00,2023-09-27 14:21:00+00:00,2023-09-27 14:52:00+00:00,long,14727.5,14727.25,14727.5,14703.25,14752.5,14777.5,14802.5,14827.5,85.88811189724966,high_probability,85.88811189724966,24.25,True,False,False,False,True,stop,14703.25,14703.0,-24.5,0.0,-24.5,-1.0103092783505154,44.5,29.25,1.8350515463917525,1.2061855670103092,32,31.0,1,2023-09-27,1.1746575342465753,2.486842105263158,2.1296969696969694,partial_bearish,1.1361719493946405,1.2306604190610908,bullish,bullish,True,False,True,False,2023
311,350347,350348,350351,2023-09-28 13:30:00+00:00,2023-09-28 13:31:00+00:00,2023-09-28 13:34:00+00:00,short,14677.5,14677.75,14677.5,14702.5,14652.5,14627.5,14602.5,14577.5,90.39122198841643,a_plus_plus,-90.39122198841643,25.0,False,False,False,False,True,stop,14702.5,14702.75,-25.25,0.0,-25.25,-1.01,16.25,34.0,0.65,1.36,4,3.0,0,2023-09-28,1.076923076923077,0.5458276333789329,1.246451612903226,strong_bearish,10.256688554838007,1.2031166450232984,bearish,bearish,True,False,True,False,2023
312,350352,350353,350370,2023-09-28 13:35:00+00:00,2023-09-28 13:36:00+00:00,2023-09-28 13:53:00+00:00,short,14696.75,14696.5,14696.25,14721.25,14671.25,14646.25,14621.25,14596.25,81.45825746385943,high_probability,-81.45825746385943,25.0,True,False,False,False,True,stop,14721.25,14721.5,-25.25,0.0,-25.25,-1.01,40.0,38.5,1.6,1.54,18,17.0,1,2023-09-28,1.1964483906770254,0.1140350877192982,1.246451612903226,partial_bullish,1.875980875214424,0.8102016046405321,bearish,bearish,True,True,True,False,2023
313,350394,350395,350397,2023-09-28 14:17:00+00:00,2023-09-28 14:18:00+00:00,2023-09-28 14:20:00+00:00,short,14724.5,14724.25,14724.0,14749.0,14699.0,14674.0,14649.0,14624.0,70.80422818791946,near_trigger,-53.80422818791946,25.0,False,False,False,False,True,stop,14749.0,14749.25,-25.25,0.0,-25.25,-1.01,11.0,35.5,0.44,1.42,3,2.0,0,2023-09-28,2.5369127516778525,2.33998859098688,1.651105651105651,partial_bullish,1.5038698675062312,1.8159353714557265,bearish,bearish,False,True,False,False,2023
314,353107,353108,353108,2023-10-02 13:30:00+00:00,2023-10-02 13:31:00+00:00,2023-10-02 13:31:00+00:00,short,14854.0,14854.25,14854.0,14879.0,14829.0,14804.0,14779.0,14754.0,84.35305233575401,high_probability,-53.353052335754015,25.0,False,False,False,False,True,stop,14879.0,14879.25,-25.25,0.0,-25.25,-1.01,1.75,30.25,0.07,1.21,1,0.0,0,2023-10-02,1.418103448275862,2.497863247863248,0.3050847457627119,partial_bullish,8.476050671451096,0.9819049838448604,bearish,bearish,False,False,True,False,2023
315,353123,353124,353137,2023-10-02 13:46:00+00:00,2023-10-02 13:47:00+00:00,2023-10-02 14:00:00+00:00,short,14931.25,14931.25,14931.0,14956.0,14906.0,14881.0,14856.0,14831.0,71.95637263899779,near_trigger,-57.95637263899779,25.0,True,False,False,False,True,stop,14956.0,14956.25,-25.25,0.0,-25.25,-1.01,26.75,33.0,1.07,1.32,14,13.0,1,2023-10-02,0.6674418604651162,4.329787234042553,3.32367758186398,partial_bullish,1.0778244527968164,0.9934888270718064,bearish,bearish,True,True,True,False,2023
316,355867,355868,355905,2023-10-04 13:30:00+00:00,2023-10-04 13:31:00+00:00,2023-10-04 14:08:00+00:00,long,14774.5,14774.75,14775.0,14751.25,14800.0,14825.0,14850.0,14875.0,90.3274343317556,a_plus_plus,89.32743433175561,23.75,True,True,False,False,True,stop,14751.25,14751.0,-24.0,0.0,-24.0,-1.0105263157894735,59.5,34.5,2.5052631578947366,1.4526315789473685,38,37.0,2,2023-10-04,2.23728813559322,1.370411568409344,0.2768361581920904,partial_bullish,10.049597423510466,0.9395286097963412,bullish,bullish,True,True,True,False,2023
317,355910,355911,355913,2023-10-04 14:13:00+00:00,2023-10-04 14:14:00+00:00,2023-10-04 14:16:00+00:00,long,14786.0,14786.5,14786.75,14761.75,14811.75,14836.75,14861.75,14886.75,88.80140597539543,high_probability,65.80140597539543,25.0,False,False,False,False,True,stop,14761.75,14761.5,-25.25,0.0,-25.25,-1.01,4.25,28.5,0.17,1.14,3,2.0,0,2023-10-04,2.12829525483304,1.655006031363088,0.2370289459311851,partial_bullish,1.2377548182408142,1.6470201217171994,bullish,bullish,True,False,True,False,2023
318,357256,357257,357282,2023-10-05 13:39:00+00:00,2023-10-05 13:40:00+00:00,2023-10-05 14:05:00+00:00,short,14882.0,14882.5,14882.25,14907.25,14857.25,14832.25,14807.25,14782.25,91.77489055468622,a_plus_plus,-78.77489055468622,25.0,True,True,True,True,False,tp4,14782.25,14782.5,99.75,0.0,99.75,3.99,108.5,1.25,4.34,0.05,26,25.0,4,2023-10-05,2.0510543840177577,0.7789634146341464,0.6431980906921242,partial_bearish,2.089083323480229,1.3111139380061907,bearish,bearish,True,True,True,True,2023
319,357284,357285,357304,2023-10-05 14:07:00+00:00,2023-10-05 14:08:00+00:00,2023-10-05 14:27:00+00:00,short,14773.0,14773.5,14773.25,14798.25,14748.25,14723.25,14698.25,14673.25,70.0822150029119,near_trigger,-70.0822150029119,25.0,False,False,False,False,True,stop,14798.25,14798.5,-25.25,0.0,-25.25,-1.01,9.75,36.5,0.39,1.46,20,19.0,0,2023-10-05,1.280701754385965,3.2129688493324857,0.9131961866532864,strong_bearish,1.0440659410068005,1.3222237035061992,bearish,bearish,False,True,True,True,2023
320,358631,358632,358643,2023-10-06 13:34:00+00:00,2023-10-06 13:35:00+00:00,2023-10-06 13:46:00+00:00,short,14766.25,14766.0,14765.75,14790.75,14740.75,14715.75,14690.75,14665.75,72.56455929613489,near_trigger,-62.56455929613489,25.0,True,True,False,False,True,stop,14790.75,14791.0,-25.25,0.0,-25.25,-1.01,63.75,33.0,2.55,1.32,12,11.0,2,2023-10-06,1.6617210682492582,1.2554186145346364,3.6022005924672027,partial_bullish,2.1818084062529404,1.4509309663636445,bearish,bearish,True,True,False,False,2023
321,361393,361394,361395,2023-10-10 13:36:00+00:00,2023-10-10 13:37:00+00:00,2023-10-10 13:38:00+00:00,short,15186.0,15185.75,15185.5,15210.5,15160.5,15135.5,15110.5,15085.5,70.8940772620703,near_trigger,-57.8940772620703,25.0,False,False,False,False,True,stop,15210.5,15210.75,-25.25,0.0,-25.25,-1.01,4.25,27.5,0.17,1.1,2,1.0,0,2023-10-10,1.4373333333333334,0.8904593639575972,0.3822525597269625,partial_bullish,3.1044092548985724,1.3369431729373675,bearish,bearish,True,True,True,False,2023
322,361401,361402,361416,2023-10-10 13:44:00+00:00,2023-10-10 13:45:00+00:00,2023-10-10 13:59:00+00:00,short,15207.25,15207.25,15207.0,15232.0,15182.0,15157.0,15132.0,15107.0,76.64617799176538,near_trigger,-70.64617799176538,25.0,False,False,False,False,True,stop,15232.0,15232.25,-25.25,0.0,-25.25,-1.01,13.5,34.75,0.54,1.39,15,14.0,0,2023-10-10,0.6492753623188405,0.4156945917285259,0.3822525597269625,partial_bullish,1.271650408122636,1.2597376984518291,bearish,bearish,True,True,True,False,2023
323,361417,361418,361477,2023-10-10 14:00:00+00:00,2023-10-10 14:01:00+00:00,2023-10-10 15:00:00+00:00,long,15254.75,15255.0,15255.25,15230.25,15280.25,15305.25,15330.25,15355.25,70.40723644326928,near_trigger,57.40723644326928,25.0,True,True,False,False,False,max_holding_time,15312.5,15312.25,57.0,0.0,57.0,2.28,71.5,17.75,2.86,0.71,60,59.0,2,2023-10-10,2.528043775649795,1.731244847485573,1.9347980155917788,strong_bullish,2.6478476043020267,1.401037209336347,bullish,bullish,False,False,True,False,2023
324,362821,362822,362827,2023-10-11 14:24:00+00:00,2023-10-11 14:25:00+00:00,2023-10-11 14:30:00+00:00,long,15328.75,15328.5,15328.75,15305.75,15353.75,15378.75,15403.75,15428.75,74.4943343264975,near_trigger,60.49433432649749,23.0,False,False,False,False,True,stop,15305.75,15305.5,-23.25,0.0,-23.25,-1.0108695652173914,3.25,28.5,0.1413043478260869,1.2391304347826086,6,5.0,0,2023-10-11,1.55810147299509,0.996214988644966,1.19859649122807,partial_bearish,0.9634646570638176,0.7659929467976185,bullish,bullish,True,True,True,True,2023
325,364193,364194,364204,2023-10-12 14:16:00+00:00,2023-10-12 14:17:00+00:00,2023-10-12 14:27:00+00:00,short,15423.5,15423.0,15422.75,15447.75,15397.75,15372.75,15347.75,15322.75,78.7,near_trigger,-78.7,25.0,False,False,False,False,True,stop,15447.75,15448.0,-25.25,0.0,-25.25,-1.01,5.5,38.25,0.22,1.53,11,10.0,0,2023-10-12,1.9130434782608696,3.4236760124610592,1.985203452527744,partial_bullish,1.7343378902032978,1.8564877324867108,bearish,bearish,True,True,False,False,2023
326,364205,364206,364254,2023-10-12 14:28:00+00:00,2023-10-12 14:29:00+00:00,2023-10-12 15:17:00+00:00,short,15428.5,15428.75,15428.5,15453.5,15403.5,15378.5,15353.5,15328.5,70.3,near_trigger,-70.3,25.0,True,False,False,False,True,stop,15453.5,15453.75,-25.25,0.0,-25.25,-1.01,31.75,30.0,1.27,1.2,49,48.0,1,2023-10-12,0.8556566970091027,1.7389473684210526,1.985203452527744,partial_bullish,1.5441867101023672,1.777254751707057,bearish,bearish,True,True,False,False,2023
327,365534,365535,365564,2023-10-13 13:37:00+00:00,2023-10-13 13:38:00+00:00,2023-10-13 14:07:00+00:00,long,15317.0,15317.25,15317.5,15292.5,15342.5,15367.5,15392.5,15417.5,75.73325065568841,near_trigger,36.73325065568841,25.0,True,False,False,False,True,stop,15292.5,15292.25,-25.25,0.0,-25.25,-1.01,45.0,31.75,1.8,1.27,30,29.0,1,2023-10-13,1.9001280409731116,0.5011547344110855,3.8013964313421256,partial_bearish,1.8709541971377583,1.0142645775636403,neutral,bullish,True,True,True,False,2023
328,366936,366937,366996,2023-10-16 13:59:00+00:00,2023-10-16 14:00:00+00:00,2023-10-16 14:59:00+00:00,long,15227.0,15227.0,15227.25,15202.25,15252.25,15277.25,15302.25,15327.25,82.3560190703218,high_probability,81.3560190703218,25.0,True,True,True,False,False,max_holding_time,15308.25,15308.0,80.75,0.0,80.75,3.23,98.0,18.25,3.92,0.73,60,59.0,3,2023-10-16,1.8855780691299164,1.053763440860215,2.53840830449827,strong_bullish,1.2297508036026863,1.8716396221845484,bullish,bullish,False,True,True,False,2023
329,368316,368317,368323,2023-10-17 13:59:00+00:00,2023-10-17 14:00:00+00:00,2023-10-17 14:06:00+00:00,short,15079.0,15079.25,15079.0,15104.0,15054.0,15029.0,15004.0,14979.0,73.77867292283524,near_trigger,-45.77867292283524,25.0,False,False,False,False,True,stop,15104.0,15104.25,-25.25,0.0,-25.25,-1.01,7.5,29.5,0.3,1.18,7,6.0,0,2023-10-17,1.1870324189526185,3.480225988700565,4.816559600285511,partial_bearish,0.6749118362886802,1.0397918579736762,bearish,bearish,False,True,True,False,2023
330,369670,369671,369672,2023-10-18 13:33:00+00:00,2023-10-18 13:34:00+00:00,2023-10-18 13:35:00+00:00,short,15171.5,15171.5,15171.25,15196.25,15146.25,15121.25,15096.25,15071.25,70.0,near_trigger,-43.400000000000006,25.0,False,False,False,False,True,stop,15196.25,15196.5,-25.25,0.0,-25.25,-1.01,2.75,27.75,0.11,1.11,2,1.0,0,2023-10-18,3.862876254180602,0.8615384615384616,1.7353215284249768,partial_bearish,6.565174308620844,1.7690608539456756,bearish,bearish,False,True,True,False,2023
331,369723,369724,369783,2023-10-18 14:26:00+00:00,2023-10-18 14:27:00+00:00,2023-10-18 15:26:00+00:00,short,15182.0,15182.25,15182.0,15207.0,15157.0,15132.0,15107.0,15082.0,73.1228998849252,near_trigger,-60.1228998849252,25.0,True,True,True,False,False,max_holding_time,15142.75,15143.0,39.0,0.0,39.0,1.56,88.75,11.75,3.55,0.47,60,59.0,3,2023-10-18,1.7399309551208286,1.5149253731343284,1.07958050586058,partial_bullish,1.2180997343795463,1.6683163862143435,bearish,bearish,True,True,False,False,2023
332,371049,371050,371051,2023-10-19 13:32:00+00:00,2023-10-19 13:33:00+00:00,2023-10-19 13:34:00+00:00,long,15107.5,15107.25,15107.5,15082.5,15132.5,15157.5,15182.5,15207.5,73.28851349964715,near_trigger,52.28851349964715,25.0,False,False,False,False,True,stop,15082.5,15082.25,-25.25,0.0,-25.25,-1.01,1.75,34.5,0.07,1.38,2,1.0,0,2023-10-19,2.5719237435008666,0.126,2.232994526974198,partial_bullish,4.3795476892822025,1.033466622322941,bullish,neutral,False,True,True,True,2023
333,371052,371053,371054,2023-10-19 13:35:00+00:00,2023-10-19 13:36:00+00:00,2023-10-19 13:37:00+00:00,long,15076.0,15076.0,15076.25,15051.25,15101.25,15126.25,15151.25,15176.25,70.0,near_trigger,42.45986923451012,25.0,False,False,False,False,True,stop,15051.25,15051.0,-25.25,0.0,-25.25,-1.01,1.25,40.0,0.05,1.6,2,1.0,0,2023-10-19,2.137551581843191,1.29014598540146,2.232994526974198,partial_bearish,2.775434670339129,0.960215598106072,bullish,bullish,False,True,True,False,2023
334,371056,371057,371061,2023-10-19 13:39:00+00:00,2023-10-19 13:40:00+00:00,2023-10-19 13:44:00+00:00,long,15048.25,15048.25,15048.5,15023.5,15073.5,15098.5,15123.5,15148.5,71.76935473562726,near_trigger,55.76935473562726,25.0,False,False,False,False,True,stop,15023.5,15023.25,-25.25,0.0,-25.25,-1.01,1.0,27.5,0.04,1.1,5,4.0,0,2023-10-19,1.9321637426900584,1.29014598540146,2.232994526974198,partial_bearish,1.2281187680035452,0.8899593557127804,bullish,bullish,False,True,True,False,2023
335,373810,373811,373826,2023-10-23 13:33:00+00:00,2023-10-23 13:34:00+00:00,2023-10-23 13:49:00+00:00,short,14580.0,14580.5,14580.25,14605.25,14555.25,14530.25,14505.25,14480.25,90.59710267427393,a_plus_plus,-59.59710267427391,25.0,True,True,False,False,True,stop,14605.25,14605.5,-25.25,0.0,-25.25,-1.01,66.0,25.0,2.64,1.0,16,15.0,2,2023-10-23,1.7909215955983493,0.981549815498155,0.8671641791044776,partial_bearish,3.8013952418674775,1.1642522285615895,bearish,bearish,True,True,True,False,2023
336,375191,375192,375192,2023-10-24 13:34:00+00:00,2023-10-24 13:35:00+00:00,2023-10-24 13:35:00+00:00,long,14812.25,14812.25,14812.5,14787.5,14837.5,14862.5,14887.5,14912.5,70.75988844234683,near_trigger,49.75988844234684,25.0,False,False,False,False,True,stop,14787.5,14787.25,-25.25,0.0,-25.25,-1.01,3.5,27.25,0.14,1.09,1,0.0,0,2023-10-24,2.6407766990291264,0.772133526850508,0.5666337611056268,partial_bearish,3.89998647247148,1.4301659349653992,bullish,bullish,True,True,True,False,2023
337,375197,375198,375201,2023-10-24 13:40:00+00:00,2023-10-24 13:41:00+00:00,2023-10-24 13:44:00+00:00,long,14828.75,14829.0,14829.25,14804.25,14854.25,14879.25,14904.25,14929.25,91.33663086489544,a_plus_plus,70.33663086489543,25.0,False,False,False,False,True,stop,14804.25,14804.0,-25.25,0.0,-25.25,-1.01,8.0,26.5,0.32,1.06,4,3.0,0,2023-10-24,1.734061930783242,1.6338329764453965,0.5666337611056268,partial_bullish,2.4457370196907893,1.5817930135982412,bullish,bullish,True,True,True,False,2023
338,376570,376571,376630,2023-10-25 13:33:00+00:00,2023-10-25 13:34:00+00:00,2023-10-25 14:33:00+00:00,short,14684.75,14684.5,14684.25,14709.25,14659.25,14634.25,14609.25,14584.25,86.14522171126455,high_probability,-81.14522171126455,25.0,True,True,True,False,False,max_holding_time,14641.5,14641.75,42.5,0.0,42.5,1.7,87.25,2.0,3.49,0.08,60,59.0,3,2023-10-25,5.073170731707317,0.8839941262848752,2.51006711409396,strong_bearish,3.0800035205069527,1.0803676862163976,bearish,bearish,False,True,True,False,2023
339,377959,377960,377964,2023-10-26 13:42:00+00:00,2023-10-26 13:43:00+00:00,2023-10-26 13:47:00+00:00,long,14413.0,14413.0,14413.25,14388.25,14438.25,14463.25,14488.25,14513.25,71.30868975578683,near_trigger,52.30868975578683,25.0,False,False,False,False,True,stop,14388.25,14388.0,-25.25,0.0,-25.25,-1.01,16.25,35.0,0.65,1.4,5,4.0,0,2023-10-26,0.2920592193808883,1.593103448275862,3.119314436387607,partial_bearish,1.7282899537825347,1.887709110231812,bullish,bullish,True,True,False,False,2023
340,378005,378006,378008,2023-10-26 14:28:00+00:00,2023-10-26 14:29:00+00:00,2023-10-26 14:31:00+00:00,long,14330.25,14330.0,14330.25,14305.25,14355.25,14380.25,14405.25,14430.25,97.6,a_plus_plus,74.6,25.0,False,False,False,False,True,stop,14305.25,14305.0,-25.25,0.0,-25.25,-1.01,0.0,26.25,0.0,1.05,3,2.0,0,2023-10-26,2.8606403013182677,1.3970401691331924,2.5494018608772704,partial_bearish,2.3064312042691317,2.67048856615071,bullish,bullish,True,True,True,False,2023
341,379348,379349,379351,2023-10-27 13:51:00+00:00,2023-10-27 13:52:00+00:00,2023-10-27 13:54:00+00:00,long,14323.5,14324.0,14324.25,14299.25,14349.25,14374.25,14399.25,14424.25,74.86362660187406,near_trigger,62.86362660187406,25.0,False,False,False,False,True,stop,14299.25,14299.0,-25.25,0.0,-25.25,-1.01,0.25,32.0,0.01,1.28,3,2.0,0,2023-10-27,0.6737357259380098,0.606145251396648,1.7613882863340562,partial_bearish,1.0526974366307962,1.1873342943839027,bullish,bullish,False,True,True,False,2023
342,379361,379362,379366,2023-10-27 14:04:00+00:00,2023-10-27 14:05:00+00:00,2023-10-27 14:09:00+00:00,long,14341.5,14341.75,14342.0,14317.0,14367.0,14392.0,14417.0,14442.0,80.54457831325301,high_probability,64.54457831325301,25.0,False,False,False,False,True,stop,14317.0,14316.75,-25.25,0.0,-25.25,-1.01,16.75,48.0,0.67,1.92,5,4.0,0,2023-10-27,0.927710843373494,0.0987179487179487,0.7354430379746835,partial_bullish,1.6345806122231914,1.7407457749988673,bullish,bullish,False,True,True,False,2023
343,386274,386275,386280,2023-11-03 14:17:00+00:00,2023-11-03 14:18:00+00:00,2023-11-03 14:23:00+00:00,long,15110.5,15110.5,15110.75,15085.75,15135.75,15160.75,15185.75,15210.75,83.59438818648835,high_probability,83.59438818648835,25.0,False,False,False,False,True,stop,15085.75,15085.5,-25.25,0.0,-25.25,-1.01,6.0,25.0,0.24,1.0,6,5.0,0,2023-11-03,0.8615384615384615,0.7668789808917198,1.4,partial_bullish,0.792896305668593,0.8940414374582284,bullish,bullish,True,True,True,True,2023
344,386281,386282,386283,2023-11-03 14:24:00+00:00,2023-11-03 14:25:00+00:00,2023-11-03 14:26:00+00:00,long,15089.75,15090.0,15090.25,15065.25,15115.25,15140.25,15165.25,15190.25,74.63382392491816,near_trigger,74.63382392491816,25.0,False,False,False,False,True,stop,15065.25,15065.0,-25.25,0.0,-25.25,-1.01,4.0,30.0,0.16,1.2,2,1.0,0,2023-11-03,1.6111111111111112,0.3297101449275362,1.4,partial_bearish,0.9850638131862008,0.8430014189132793,bullish,bullish,True,True,True,True,2023
345,387607,387608,387612,2023-11-06 14:30:00+00:00,2023-11-06 14:31:00+00:00,2023-11-06 14:35:00+00:00,long,15233.0,15233.0,15233.25,15208.25,15258.25,15283.25,15308.25,15333.25,71.47350472844698,near_trigger,62.47350472844698,25.0,False,False,False,False,True,stop,15208.25,15208.0,-25.25,0.0,-25.25,-1.01,5.5,28.0,0.22,1.12,5,4.0,0,2023-11-06,4.920127795527156,1.3407572383073498,0.9079939668174964,partial_bullish,18.45900627507458,1.06125394037248,bullish,bullish,True,True,True,False,2023
346,387622,387623,387629,2023-11-06 14:45:00+00:00,2023-11-06 14:46:00+00:00,2023-11-06 14:52:00+00:00,long,15225.25,15225.5,15225.75,15200.75,15250.75,15275.75,15300.75,15325.75,70.73591784222123,near_trigger,58.73591784222123,25.0,False,False,False,False,True,stop,15200.75,15200.5,-25.25,0.0,-25.25,-1.01,6.5,25.5,0.26,1.02,7,6.0,0,2023-11-06,0.8035714285714286,0.7532163742690059,1.45,partial_bullish,1.0236561151583894,0.6519553447081692,bullish,bullish,False,True,True,False,2023
347,387659,387660,387719,2023-11-06 15:22:00+00:00,2023-11-06 15:23:00+00:00,2023-11-06 16:22:00+00:00,long,15224.0,15223.75,15224.0,15199.0,15249.0,15274.0,15299.0,15324.0,77.34794199665365,near_trigger,77.34794199665365,25.0,False,False,False,False,False,max_holding_time,15227.5,15227.25,3.25,0.0,3.25,0.13,22.25,24.0,0.89,0.96,60,59.0,0,2023-11-06,1.1555555555555554,0.1738495252008765,0.9659735349716446,partial_bearish,1.2046891381008356,0.9399516638780444,bullish,bullish,True,True,True,False,2023
348,393134,393135,393194,2023-11-10 14:37:00+00:00,2023-11-10 14:38:00+00:00,2023-11-10 15:37:00+00:00,long,15335.75,15336.0,15336.25,15311.25,15361.25,15386.25,15411.25,15436.25,70.84521681115564,near_trigger,49.84521681115564,25.0,True,True,False,False,False,max_holding_time,15331.75,15331.5,-4.75,0.0,-4.75,-0.19,52.75,14.25,2.11,0.57,60,59.0,2,2023-11-10,1.5348837209302326,0.6845425867507886,2.354228855721393,strong_bullish,3.190671289000945,1.2683008310017956,bullish,bullish,True,True,False,False,2023
349,394540,394541,394551,2023-11-13 15:03:00+00:00,2023-11-13 15:04:00+00:00,2023-11-13 15:14:00+00:00,short,15497.25,15497.25,15497.0,15522.0,15472.0,15447.0,15422.0,15397.0,70.0,near_trigger,-45.68829507192282,25.0,False,False,False,False,True,stop,15522.0,15522.25,-25.25,0.0,-25.25,-1.01,7.75,27.25,0.31,1.09,11,10.0,0,2023-11-13,0.5972696245733788,1.2828054298642533,2.546594982078853,partial_bearish,1.7147519098123565,1.2534969963783045,bearish,bearish,False,False,True,False,2023
350,395924,395925,395984,2023-11-14 15:07:00+00:00,2023-11-14 15:08:00+00:00,2023-11-14 16:07:00+00:00,long,15856.25,15856.25,15856.5,15831.5,15881.5,15906.5,15931.5,15956.5,70.0,near_trigger,23.764342689135106,25.0,True,False,False,False,False,max_holding_time,15871.25,15871.0,14.5,0.0,14.5,0.58,46.25,9.25,1.85,0.37,60,59.0,1,2023-11-14,2.5312,1.95,1.7414177440927328,partial_bullish,1.7307742799380368,1.1963810923874083,bullish,bullish,False,True,True,True,2023
351,397273,397274,397288,2023-11-15 14:36:00+00:00,2023-11-15 14:37:00+00:00,2023-11-15 14:51:00+00:00,long,15951.0,15951.25,15951.5,15926.5,15976.5,16001.5,16026.5,16051.5,71.0,near_trigger,62.56637820000168,25.0,False,False,False,False,True,stop,15926.5,15926.25,-25.25,0.0,-25.25,-1.01,22.5,25.0,0.9,1.0,15,14.0,0,2023-11-15,0.3370786516853932,0.3578274760383386,1.4614220877458397,partial_bearish,1.978633668029716,0.7780181666652637,bullish,bullish,True,True,True,False,2023
352,398694,398695,398702,2023-11-16 15:17:00+00:00,2023-11-16 15:18:00+00:00,2023-11-16 15:25:00+00:00,short,15858.25,15858.5,15858.25,15883.25,15833.25,15808.25,15783.25,15758.25,74.07669986094919,near_trigger,-40.07669986094919,25.0,False,False,False,False,True,stop,15883.25,15883.5,-25.25,0.0,-25.25,-1.01,12.75,27.25,0.51,1.09,8,7.0,0,2023-11-16,2.325503355704698,0.5865921787709497,0.1150112023898431,partial_bearish,1.4422198703915798,1.397249884124331,neutral,bearish,True,True,True,False,2023
353,400037,400038,400049,2023-11-17 14:40:00+00:00,2023-11-17 14:41:00+00:00,2023-11-17 14:52:00+00:00,short,15839.5,15840.0,15839.75,15864.75,15814.75,15789.75,15764.75,15739.75,73.96866938321992,near_trigger,-40.96866938321992,25.0,False,False,False,False,True,stop,15864.75,15865.0,-25.25,0.0,-25.25,-1.01,8.25,41.0,0.33,1.64,12,11.0,0,2023-11-17,1.70487106017192,3.299727520435967,3.2534174553101995,strong_bearish,1.9380469023451168,0.9984852310022724,neutral,bearish,False,True,True,False,2023
354,400070,400071,400072,2023-11-17 15:13:00+00:00,2023-11-17 15:14:00+00:00,2023-11-17 15:15:00+00:00,short,15837.5,15837.5,15837.25,15862.25,15812.25,15787.25,15762.25,15737.25,72.6501478343897,near_trigger,-72.6501478343897,25.0,False,False,False,False,True,stop,15862.25,15862.5,-25.25,0.0,-25.25,-1.01,10.25,26.5,0.41,1.06,2,1.0,0,2023-11-17,2.5352564102564106,0.589041095890411,0.8358208955223881,partial_bearish,0.8580443724910379,0.7549308876324472,bearish,bearish,False,True,True,False,2023
355,401431,401432,401491,2023-11-20 14:54:00+00:00,2023-11-20 14:55:00+00:00,2023-11-20 15:54:00+00:00,short,15982.5,15982.0,15981.75,16006.75,15956.75,15931.75,15906.75,15881.75,73.85892466268263,near_trigger,-64.85892466268263,25.0,True,False,False,False,False,max_holding_time,15981.75,15982.0,-0.25,0.0,-0.25,-0.01,44.25,21.25,1.77,0.85,60,59.0,1,2023-11-20,1.8039927404718692,3.929545454545455,3.3950617283950617,strong_bullish,0.916591346265267,1.042284328840047,neutral,bearish,True,True,True,False,2023
356,402788,402789,402796,2023-11-21 14:31:00+00:00,2023-11-21 14:32:00+00:00,2023-11-21 14:39:00+00:00,short,15987.5,15988.0,15987.75,16012.75,15962.75,15937.75,15912.75,15887.75,78.91288562925102,near_trigger,-37.91288562925102,25.0,False,False,False,False,True,stop,16012.75,16013.0,-25.25,0.0,-25.25,-1.01,4.25,33.5,0.17,1.34,8,7.0,0,2023-11-21,2.93732970027248,0.9204152249134948,1.5333333333333334,partial_bearish,8.897128826978003,1.1901921091791454,neutral,bearish,True,True,True,False,2023
357,404173,404174,404181,2023-11-22 14:36:00+00:00,2023-11-22 14:37:00+00:00,2023-11-22 14:44:00+00:00,long,16164.5,16165.0,16165.25,16140.25,16190.25,16215.25,16240.25,16265.25,70.7375,near_trigger,45.7375,25.0,False,False,False,False,True,stop,16140.25,16140.0,-25.25,0.0,-25.25,-1.01,8.0,25.25,0.32,1.01,8,7.0,0,2023-11-22,4.3125,4.267543859649123,1.4467168998923572,strong_bullish,2.2888192647081085,1.5167502507522568,bullish,neutral,True,True,True,True,2023
358,404209,404210,404214,2023-11-22 15:12:00+00:00,2023-11-22 15:13:00+00:00,2023-11-22 15:17:00+00:00,long,16043.75,16043.5,16043.75,16018.75,16068.75,16093.75,16118.75,16143.75,86.491090151686,high_probability,62.491090151686,25.0,False,False,False,False,True,stop,16018.75,16018.5,-25.25,0.0,-25.25,-1.01,0.25,30.0,0.01,1.2,5,4.0,0,2023-11-22,1.2684031710079275,4.266747133373567,0.4424567680381633,partial_bullish,0.936024490219478,1.4803063457330417,bullish,bullish,True,False,True,False,2023
359,406695,406696,406755,2023-11-24 14:38:00+00:00,2023-11-24 14:39:00+00:00,2023-11-24 15:38:00+00:00,short,16019.25,16019.25,16019.0,16044.0,15994.0,15969.0,15944.0,15919.0,70.62547167251512,near_trigger,-49.62547167251512,25.0,True,False,False,False,False,max_holding_time,15997.5,15997.75,21.25,0.0,21.25,0.85,29.0,18.25,1.16,0.73,60,59.0,1,2023-11-24,2.590308370044053,0.6688632619439868,0.6189856957087125,partial_bearish,1.9266535690897184,0.9647377740856524,bearish,bearish,True,True,False,False,2023
360,407847,407848,407851,2023-11-27 14:35:00+00:00,2023-11-27 14:36:00+00:00,2023-11-27 14:39:00+00:00,short,15977.0,15977.0,15976.75,16001.75,15951.75,15926.75,15901.75,15876.75,71.60034252513316,near_trigger,-50.60034252513316,25.0,False,False,False,False,True,stop,16001.75,16002.0,-25.25,0.0,-25.25,-1.01,6.5,27.0,0.26,1.08,4,3.0,0,2023-11-27,4.741935483870968,0.7632398753894082,1.3500660501981507,partial_bearish,2.4081739195286573,1.167685242107547,bearish,bearish,True,True,True,False,2023
361,407853,407854,407880,2023-11-27 14:41:00+00:00,2023-11-27 14:42:00+00:00,2023-11-27 15:08:00+00:00,short,16003.5,16003.75,16003.5,16028.5,15978.5,15953.5,15928.5,15903.5,75.29590276296571,near_trigger,-75.29590276296571,25.0,False,False,False,False,True,stop,16028.5,16028.75,-25.25,0.0,-25.25,-1.01,19.75,30.25,0.79,1.21,27,26.0,0,2023-11-27,1.4563758389261745,1.608982826948481,1.3500660501981507,partial_bullish,1.3710278432761969,1.3895320761258527,bearish,bearish,True,True,True,True,2023
362,412012,412013,412028,2023-11-30 15:00:00+00:00,2023-11-30 15:01:00+00:00,2023-11-30 15:16:00+00:00,short,15956.25,15955.75,15955.5,15980.5,15930.5,15905.5,15880.5,15855.5,76.89206837019695,near_trigger,-59.89206837019695,25.0,True,False,False,False,True,stop,15980.5,15980.75,-25.25,0.0,-25.25,-1.01,36.75,36.5,1.47,1.46,16,15.0,1,2023-11-30,1.1305518169582771,2.765564950038432,4.016058394160583,strong_bearish,1.560451028881276,1.243390308497465,bearish,bearish,True,True,True,False,2023
363,413367,413368,413369,2023-12-01 14:35:00+00:00,2023-12-01 14:36:00+00:00,2023-12-01 14:37:00+00:00,short,15882.25,15882.0,15881.75,15906.75,15856.75,15831.75,15806.75,15781.75,73.58123253611394,near_trigger,-52.58123253611394,25.0,False,False,False,False,True,stop,15906.75,15907.0,-25.25,0.0,-25.25,-1.01,0.5,27.25,0.02,1.09,2,1.0,0,2023-12-01,3.5522388059701493,3.170860927152318,0.0167664670658682,partial_bearish,2.737645608873693,1.2190847127555988,bearish,bearish,True,True,False,False,2023
364,413382,413383,413392,2023-12-01 14:50:00+00:00,2023-12-01 14:51:00+00:00,2023-12-01 15:00:00+00:00,short,15912.5,15912.5,15912.25,15937.25,15887.25,15862.25,15837.25,15812.25,93.23076923076924,a_plus_plus,-80.23076923076923,25.0,False,False,False,False,True,stop,15937.25,15937.5,-25.25,0.0,-25.25,-1.01,7.5,28.75,0.3,1.15,10,9.0,0,2023-12-01,2.0,0.0817916260954235,0.4804575786463298,partial_bearish,1.17960492875046,1.785406359017894,bearish,bearish,True,True,True,False,2023
365,414796,414797,414856,2023-12-04 15:24:00+00:00,2023-12-04 15:25:00+00:00,2023-12-04 16:24:00+00:00,short,15764.5,15764.25,15764.0,15789.0,15739.0,15714.0,15689.0,15664.0,70.99864253393665,near_trigger,-65.99864253393665,25.0,True,False,False,False,False,max_holding_time,15754.75,15755.0,9.0,0.0,9.0,0.36,42.75,8.5,1.71,0.34,60,59.0,1,2023-12-04,3.4208144796380093,1.736292428198433,2.979359430604982,strong_bearish,1.887587614231213,2.8867028493894167,bearish,bearish,False,True,True,False,2023
366,416122,416123,416129,2023-12-05 14:30:00+00:00,2023-12-05 14:31:00+00:00,2023-12-05 14:37:00+00:00,short,15807.5,15807.5,15807.25,15832.25,15782.25,15757.25,15732.25,15707.25,70.0,near_trigger,-35.40416530702345,25.0,False,False,False,False,True,stop,15832.25,15832.5,-25.25,0.0,-25.25,-1.01,24.0,26.25,0.96,1.05,7,6.0,0,2023-12-05,4.553097345132744,0.9320652173913044,0.408673894912427,partial_bearish,6.610938376064019,0.8298622441471357,bearish,bearish,False,False,True,False,2023
367,416152,416153,416179,2023-12-05 15:00:00+00:00,2023-12-05 15:01:00+00:00,2023-12-05 15:27:00+00:00,long,15894.5,15894.75,15895.0,15870.0,15920.0,15945.0,15970.0,15995.0,87.6,high_probability,62.6,25.0,True,False,False,False,True,stop,15870.0,15869.75,-25.25,0.0,-25.25,-1.01,41.75,26.0,1.67,1.04,27,26.0,1,2023-12-05,2.2222222222222223,2.890688259109312,1.696969696969697,strong_bullish,2.720379271055699,1.8731063338623573,bullish,bullish,False,True,True,False,2023
368,416180,416181,416240,2023-12-05 15:28:00+00:00,2023-12-05 15:29:00+00:00,2023-12-05 16:28:00+00:00,long,15877.25,15877.25,15877.5,15852.5,15902.5,15927.5,15952.5,15977.5,75.27258021876915,near_trigger,71.27258021876915,25.0,True,True,True,False,False,max_holding_time,15886.5,15886.25,8.75,0.0,8.75,0.35,84.25,19.75,3.37,0.79,60,59.0,3,2023-12-05,2.7454545454545456,1.998843930635838,3.3391506689936006,partial_bullish,0.8733245118736174,1.4983623035197475,bullish,bullish,False,True,True,False,2023
369,417502,417503,417505,2023-12-06 14:30:00+00:00,2023-12-06 14:31:00+00:00,2023-12-06 14:33:00+00:00,long,16009.75,16009.5,16009.75,15984.75,16034.75,16059.75,16084.75,16109.75,70.0,near_trigger,36.122295919352034,25.0,False,False,False,False,True,stop,15984.75,15984.5,-25.25,0.0,-25.25,-1.01,0.75,30.25,0.03,1.21,3,2.0,0,2023-12-06,3.180327868852459,0.5397590361445783,4.90138067061144,partial_bullish,11.142329778506973,1.3980867338733023,bullish,bullish,False,True,True,False,2023
370,417554,417555,417555,2023-12-06 15:22:00+00:00,2023-12-06 15:23:00+00:00,2023-12-06 15:23:00+00:00,long,15938.5,15938.25,15938.5,15913.5,15963.5,15988.5,16013.5,16038.5,70.12721531122412,near_trigger,70.12721531122412,25.0,False,False,False,False,True,stop,15913.5,15913.25,-25.25,0.0,-25.25,-1.01,0.25,29.5,0.01,1.18,1,0.0,0,2023-12-06,2.3296,0.073829927488464,1.9486850545221293,partial_bearish,0.94346646811679,1.0165460926867702,bullish,bullish,False,True,True,False,2023
371,417560,417561,417620,2023-12-06 15:28:00+00:00,2023-12-06 15:29:00+00:00,2023-12-06 16:28:00+00:00,long,15901.5,15901.5,15901.75,15876.75,15926.75,15951.75,15976.75,16001.75,71.26451612903226,near_trigger,60.26451612903226,25.0,True,False,False,False,False,max_holding_time,15919.0,15918.75,17.0,0.0,17.0,0.68,48.0,10.0,1.92,0.4,60,59.0,1,2023-12-06,0.7741935483870968,1.79570516540917,1.9486850545221293,strong_bearish,0.987975592246949,1.616591722492429,bullish,bullish,True,False,False,False,2023
372,418884,418885,418899,2023-12-07 14:32:00+00:00,2023-12-07 14:33:00+00:00,2023-12-07 14:47:00+00:00,long,15950.0,15950.0,15950.25,15925.25,15975.25,16000.25,16025.25,16050.25,86.4,high_probability,43.400000000000006,25.0,True,False,False,False,True,stop,15925.25,15925.0,-25.25,0.0,-25.25,-1.01,31.75,30.75,1.27,1.23,15,14.0,1,2023-12-07,1.8022988505747128,1.74,4.424870466321243,strong_bullish,6.097332966730822,1.726954855892408,neutral,bullish,True,True,True,False,2023
373,418933,418934,418987,2023-12-07 15:21:00+00:00,2023-12-07 15:22:00+00:00,2023-12-07 16:15:00+00:00,long,15990.75,15990.75,15991.0,15966.0,16016.0,16041.0,16066.0,16091.0,73.95954545454545,near_trigger,52.95954545454545,25.0,False,False,False,False,True,stop,15966.0,15965.75,-25.25,0.0,-25.25,-1.01,20.25,34.5,0.81,1.38,54,53.0,0,2023-12-07,1.1454545454545455,1.7734967892586109,1.7510835913312692,strong_bullish,1.7284418894091151,2.1440649306729798,neutral,bullish,False,True,True,False,2023
374,420289,420290,420292,2023-12-08 14:57:00+00:00,2023-12-08 14:58:00+00:00,2023-12-08 15:00:00+00:00,short,15979.75,15979.25,15979.0,16003.75,15954.0,15929.0,15904.0,15879.0,72.0327144819337,near_trigger,-66.0327144819337,24.75,False,False,False,False,True,stop,16003.75,16004.0,-25.0,0.0,-25.0,-1.0101010101010102,2.25,71.0,0.0909090909090909,2.8686868686868685,3,2.0,0,2023-12-08,1.247863247863248,1.2392099487929773,1.312733084709643,partial_bullish,0.7360449971761506,1.2623048033208144,bearish,bearish,False,False,True,False,2023
375,420293,420294,420299,2023-12-08 15:01:00+00:00,2023-12-08 15:02:00+00:00,2023-12-08 15:07:00+00:00,short,16032.5,16033.0,16032.75,16057.75,16007.75,15982.75,15957.75,15932.75,71.0,near_trigger,-55.71355414552457,25.0,False,False,False,False,True,stop,16057.75,16058.0,-25.25,0.0,-25.25,-1.01,22.75,40.25,0.91,1.61,6,5.0,0,2023-12-08,2.61123595505618,1.2222222222222223,0.753208292201382,strong_bullish,1.4248766648816782,1.346570047268851,bearish,bearish,True,False,True,False,2023
376,420318,420319,420378,2023-12-08 15:26:00+00:00,2023-12-08 15:27:00+00:00,2023-12-08 16:26:00+00:00,short,16092.0,16092.25,16092.0,16115.25,16067.0,16042.0,16017.0,15992.0,78.88444336190693,near_trigger,-78.88444336190693,23.25,True,True,False,False,False,max_holding_time,16055.0,16055.25,36.75,0.0,36.75,1.5806451612903225,71.75,20.0,3.086021505376344,0.8602150537634409,60,59.0,2,2023-12-08,0.4188034188034187,3.596330275229358,2.8301724137931035,partial_bullish,0.8948678310254471,1.1188025166888271,bearish,bearish,True,False,True,False,2023
377,423023,423024,423048,2023-12-12 14:31:00+00:00,2023-12-12 14:32:00+00:00,2023-12-12 14:56:00+00:00,short,16427.75,16427.75,16427.5,16452.5,16402.5,16377.5,16352.5,16327.5,72.15503814409729,near_trigger,-63.15503814409729,25.0,True,False,False,False,True,stop,16452.5,16452.75,-25.25,0.0,-25.25,-1.01,31.0,28.0,1.24,1.12,25,24.0,1,2023-12-12,2.8624535315985127,0.5192727272727273,2.16260162601626,strong_bearish,6.601048340128131,0.7586903988914847,bearish,bearish,True,True,False,False,2023
378,425814,425815,425874,2023-12-14 15:02:00+00:00,2023-12-14 15:03:00+00:00,2023-12-14 16:02:00+00:00,short,16816.25,16816.25,16816.0,16841.0,16791.0,16766.0,16741.0,16716.0,71.31466666666667,near_trigger,-50.31466666666667,25.0,True,False,False,False,False,max_holding_time,16796.5,16796.75,19.25,0.0,19.25,0.77,49.5,24.75,1.98,0.99,60,59.0,1,2023-12-14,3.1577777777777776,0.1304347826086956,0.1872213967310549,partial_bullish,1.4829568602598344,1.5342465753424657,bearish,bearish,True,True,True,False,2023
379,427207,427208,427267,2023-12-15 15:15:00+00:00,2023-12-15 15:16:00+00:00,2023-12-15 16:15:00+00:00,long,16847.0,16846.5,16846.75,16821.75,16871.75,16896.75,16921.75,16946.75,70.15319987685355,near_trigger,49.15319987685355,25.0,True,False,False,False,False,max_holding_time,16854.75,16854.5,7.75,0.0,7.75,0.31,30.0,11.5,1.2,0.46,60,59.0,1,2023-12-15,2.040752351097179,1.2635046113306982,1.935483870967742,strong_bullish,1.5406396340799362,1.1292339621637442,bullish,bullish,True,True,False,True,2023
380,431306,431307,431366,2023-12-20 14:34:00+00:00,2023-12-20 14:35:00+00:00,2023-12-20 15:34:00+00:00,long,16991.0,16991.5,16991.75,16968.75,17016.75,17041.75,17066.75,17091.75,84.34925362671292,high_probability,84.34925362671292,23.0,True,True,True,False,False,max_holding_time,17063.5,17063.25,71.5,0.0,71.5,3.108695652173913,81.75,1.75,3.5543478260869565,0.0760869565217391,60,59.0,3,2023-12-20,0.7492957746478873,0.9915014164305948,0.6858108108108109,strong_bullish,2.7820205105825875,0.7041022006645252,bullish,bullish,True,True,True,False,2023
381,432682,432683,432685,2023-12-21 14:30:00+00:00,2023-12-21 14:31:00+00:00,2023-12-21 14:33:00+00:00,long,16945.5,16945.25,16945.5,16920.5,16970.5,16995.5,17020.5,17045.5,82.6867704521491,high_probability,80.6867704521491,25.0,False,False,False,False,True,stop,16920.5,16920.25,-25.25,0.0,-25.25,-1.01,13.25,27.0,0.53,1.08,3,2.0,0,2023-12-21,3.5244755244755246,0.5522935779816514,2.032450896669513,partial_bullish,12.84134739007457,1.2389753767909195,bullish,neutral,True,True,True,False,2023
382,432686,432687,432688,2023-12-21 14:34:00+00:00,2023-12-21 14:35:00+00:00,2023-12-21 14:36:00+00:00,long,16932.5,16932.5,16932.75,16909.25,16957.75,16982.75,17007.75,17032.75,75.19937142266325,near_trigger,75.19937142266325,23.5,False,False,False,False,True,stop,16909.25,16909.0,-23.75,0.0,-23.75,-1.0106382978723405,4.25,26.5,0.1808510638297872,1.127659574468085,2,1.0,0,2023-12-21,0.8696969696969696,0.5522935779816514,2.032450896669513,partial_bullish,2.895131691327532,1.219173155249677,bullish,neutral,True,True,True,False,2023
383,432689,432690,432710,2023-12-21 14:37:00+00:00,2023-12-21 14:38:00+00:00,2023-12-21 14:58:00+00:00,long,16918.0,16918.25,16918.5,16893.5,16943.5,16968.5,16993.5,17018.5,81.84267834793492,high_probability,81.84267834793492,25.0,False,False,False,False,True,stop,16893.5,16893.25,-25.25,0.0,-25.25,-1.01,20.25,29.0,0.81,1.16,21,20.0,0,2023-12-21,1.156445556946183,0.1908580593424218,2.032450896669513,partial_bearish,2.292315141453966,1.5368206269708773,bullish,bullish,True,True,True,False,2023
384,432722,432723,432782,2023-12-21 15:10:00+00:00,2023-12-21 15:11:00+00:00,2023-12-21 16:10:00+00:00,long,16866.5,16866.25,16866.5,16841.5,16891.5,16916.5,16941.5,16966.5,71.78194945848375,near_trigger,71.78194945848375,25.0,True,True,False,False,False,max_holding_time,16874.5,16874.25,7.75,0.0,7.75,0.31,67.0,12.75,2.68,0.51,60,59.0,2,2023-12-21,0.6401925391095067,3.411589895988113,2.25496915695682,strong_bearish,1.2387090758633552,1.6076722938222303,bullish,bullish,True,True,False,False,2023
385,434076,434077,434093,2023-12-22 14:44:00+00:00,2023-12-22 14:45:00+00:00,2023-12-22 15:01:00+00:00,long,17032.75,17032.5,17032.75,17007.75,17057.75,17082.75,17107.75,17132.75,74.05978260869566,near_trigger,53.059782608695656,25.0,False,False,False,False,True,stop,17007.75,17007.5,-25.25,0.0,-25.25,-1.01,8.5,26.5,0.34,1.06,17,16.0,0,2023-12-22,2.0543478260869565,0.3085399449035812,2.663716814159292,strong_bullish,1.8350527688841456,1.7464168829703193,bullish,bullish,True,True,False,False,2023
386,438237,438238,438268,2023-12-28 15:05:00+00:00,2023-12-28 15:06:00+00:00,2023-12-28 15:36:00+00:00,short,17110.5,17110.75,17110.5,17135.5,17085.5,17060.5,17035.5,17010.5,91.25112823335168,a_plus_plus,-91.25112823335168,25.0,False,False,False,False,True,stop,17135.5,17135.75,-25.25,0.0,-25.25,-1.01,7.75,25.0,0.31,1.0,31,30.0,0,2023-12-28,1.4177215189873418,0.9531914893617022,3.130434782608696,strong_bearish,4.390172820796782,1.61778446007625,bearish,bearish,True,True,True,True,2023
387,439612,439613,439672,2023-12-29 15:00:00+00:00,2023-12-29 15:01:00+00:00,2023-12-29 16:00:00+00:00,short,17091.25,17091.0,17090.75,17115.75,17065.75,17040.75,17015.75,16990.75,73.58872798518361,near_trigger,-73.58872798518361,25.0,True,True,True,False,False,max_holding_time,17022.75,17023.0,67.75,0.0,67.75,2.71,89.75,14.75,3.59,0.59,60,59.0,3,2023-12-29,2.026315789473684,0.6205673758865249,0.5869297163995068,partial_bullish,1.843103109288543,0.5779970051968643,bearish,bearish,True,False,True,False,2023
1,930,931,931,2023-10-02 13:30:00+00:00,2023-10-02 13:31:00+00:00,2023-10-02 13:31:00+00:00,short,14854.0,14854.25,14854.0,14879.0,14829.0,14804.0,14779.0,14754.0,92.6386292834891,a_plus_plus,-80.6386292834891,25.0,False,False,False,False,True,stop,14879.0,14879.25,-25.25,0.0,-25.25,-1.01,1.75,30.25,0.07,1.21,1,0.0,0,2023-10-02,1.418103448275862,2.497863247863248,0.3050847457627119,partial_bullish,8.476050671451096,,bearish,bearish,True,False,True,False,2024
2,935,936,939,2023-10-02 13:35:00+00:00,2023-10-02 13:36:00+00:00,2023-10-02 13:39:00+00:00,short,14916.5,14916.75,14916.5,14941.5,14891.5,14866.5,14841.5,14816.5,70.0,near_trigger,-15.160493827160494,25.0,False,False,False,False,True,stop,14941.5,14941.75,-25.25,0.0,-25.25,-1.01,2.25,40.5,0.09,1.62,4,3.0,0,2023-10-02,4.801097393689987,3.972451790633608,0.3050847457627119,strong_bullish,3.007933622735924,,bearish,bearish,True,False,True,False,2024
3,946,947,960,2023-10-02 13:46:00+00:00,2023-10-02 13:47:00+00:00,2023-10-02 14:00:00+00:00,short,14931.25,14931.25,14931.0,14956.0,14906.0,14881.0,14856.0,14831.0,72.07131782945737,near_trigger,-58.07131782945737,25.0,True,False,False,False,True,stop,14956.0,14956.25,-25.25,0.0,-25.25,-1.01,26.75,33.0,1.07,1.32,14,13.0,1,2023-10-02,0.6674418604651162,4.329787234042553,3.32367758186398,partial_bullish,1.0778244527968164,,bearish,bearish,True,True,True,False,2024
4,3690,3691,3728,2023-10-04 13:30:00+00:00,2023-10-04 13:31:00+00:00,2023-10-04 14:08:00+00:00,long,14774.5,14774.75,14775.0,14751.25,14800.0,14825.0,14850.0,14875.0,90.66666666666669,a_plus_plus,89.66666666666667,23.75,True,True,False,False,True,stop,14751.25,14751.0,-24.0,0.0,-24.0,-1.0105263157894735,59.5,34.5,2.5052631578947366,1.4526315789473685,38,37.0,2,2023-10-04,2.23728813559322,1.370411568409344,0.2768361581920904,partial_bullish,10.049597423510466,,bullish,bullish,True,True,True,False,2024
5,3733,3734,3736,2023-10-04 14:13:00+00:00,2023-10-04 14:14:00+00:00,2023-10-04 14:16:00+00:00,long,14786.0,14786.5,14786.75,14761.75,14811.75,14836.75,14861.75,14886.75,81.22378441710603,high_probability,65.22378441710603,25.0,False,False,False,False,True,stop,14761.75,14761.5,-25.25,0.0,-25.25,-1.01,4.25,28.5,0.17,1.14,3,2.0,0,2023-10-04,2.12829525483304,1.655006031363088,0.2370289459311851,partial_bullish,1.2377548182408142,,bullish,bullish,True,False,True,False,2024
6,5079,5080,5105,2023-10-05 13:39:00+00:00,2023-10-05 13:40:00+00:00,2023-10-05 14:05:00+00:00,short,14882.0,14882.5,14882.25,14907.25,14857.25,14832.25,14807.25,14782.25,91.779504254532,a_plus_plus,-78.779504254532,25.0,True,True,True,True,False,tp4,14782.25,14782.5,99.75,0.0,99.75,3.99,108.5,1.25,4.34,0.05,26,25.0,4,2023-10-05,2.0510543840177577,0.7789634146341464,0.6431980906921242,partial_bearish,2.089083323480229,,bearish,bearish,True,True,True,True,2024
7,5110,5111,5118,2023-10-05 14:10:00+00:00,2023-10-05 14:11:00+00:00,2023-10-05 14:18:00+00:00,short,14768.0,14767.5,14767.25,14792.25,14742.25,14717.25,14692.25,14667.25,70.91123739936404,near_trigger,-70.91123739936404,25.0,False,False,False,False,True,stop,14792.25,14792.5,-25.25,0.0,-25.25,-1.01,1.25,28.0,0.05,1.12,8,7.0,0,2023-10-05,0.5910290237467019,3.3870967741935485,0.9131961866532864,strong_bearish,0.9077452264570888,,bearish,bearish,False,True,True,False,2024
8,6453,6454,6504,2023-10-06 13:33:00+00:00,2023-10-06 13:34:00+00:00,2023-10-06 14:24:00+00:00,short,14786.25,14786.25,14786.0,14811.0,14761.0,14736.0,14711.0,14686.0,71.87497978327673,near_trigger,-38.87497978327673,25.0,True,True,True,False,True,stop,14811.0,14811.25,-25.25,0.0,-25.25,-1.01,84.0,38.75,3.36,1.55,51,50.0,3,2023-10-06,3.163755458515284,1.2554186145346364,3.6022005924672027,partial_bullish,2.0571183165127764,,bearish,bearish,True,True,False,False,2024
9,9216,9217,9218,2023-10-10 13:36:00+00:00,2023-10-10 13:37:00+00:00,2023-10-10 13:38:00+00:00,short,15186.0,15185.75,15185.5,15210.5,15160.5,15135.5,15110.5,15085.5,70.94649485406507,near_trigger,-57.946494854065065,25.0,False,False,False,False,True,stop,15210.5,15210.75,-25.25,0.0,-25.25,-1.01,4.25,27.5,0.17,1.1,2,1.0,0,2023-10-10,1.4373333333333334,0.8904593639575972,0.3822525597269625,partial_bullish,3.1044092548985724,1.3806244995996797,bearish,bearish,True,True,True,False,2024
10,10601,10602,10610,2023-10-11 13:41:00+00:00,2023-10-11 13:42:00+00:00,2023-10-11 13:50:00+00:00,long,15360.0,15359.75,15360.0,15335.0,15385.0,15410.0,15435.0,15460.0,71.0,near_trigger,49.89841788833153,25.0,False,False,False,False,True,stop,15335.0,15334.75,-25.25,0.0,-25.25,-1.01,0.0,28.0,0.0,1.12,9,8.0,0,2023-10-11,0.963226571767497,2.3481717011128773,0.2597402597402597,partial_bearish,1.2623568178252,1.0982935153583615,bullish,bullish,True,False,True,False,2024
11,10644,10645,10650,2023-10-11 14:24:00+00:00,2023-10-11 14:25:00+00:00,2023-10-11 14:30:00+00:00,long,15328.75,15328.5,15328.75,15305.75,15353.75,15378.75,15403.75,15428.75,74.24440389999063,near_trigger,60.24440389999063,23.0,False,False,False,False,True,stop,15305.75,15305.5,-23.25,0.0,-23.25,-1.0108695652173914,3.25,28.5,0.1413043478260869,1.2391304347826086,6,5.0,0,2023-10-11,1.55810147299509,0.996214988644966,1.19859649122807,partial_bearish,0.9634646570638176,0.55771759137523,bullish,bullish,True,True,True,True,2024
12,12016,12017,12027,2023-10-12 14:16:00+00:00,2023-10-12 14:17:00+00:00,2023-10-12 14:27:00+00:00,short,15423.5,15423.0,15422.75,15447.75,15397.75,15372.75,15347.75,15322.75,70.7,near_trigger,-70.7,25.0,False,False,False,False,True,stop,15447.75,15448.0,-25.25,0.0,-25.25,-1.01,5.5,38.25,0.22,1.53,11,10.0,0,2023-10-12,1.9130434782608696,3.4236760124610592,1.985203452527744,partial_bullish,1.7343378902032978,1.719129283883867,bearish,neutral,True,True,False,False,2024
13,12029,12030,12073,2023-10-12 14:29:00+00:00,2023-10-12 14:30:00+00:00,2023-10-12 15:13:00+00:00,short,15418.0,15418.5,15418.25,15443.25,15393.25,15368.25,15343.25,15318.25,71.61129209457846,near_trigger,-50.61129209457846,25.0,False,False,False,False,True,stop,15443.25,15443.5,-25.25,0.0,-25.25,-1.01,21.5,30.25,0.86,1.21,44,43.0,0,2023-10-12,0.8452830188679246,1.7389473684210526,1.985203452527744,partial_bullish,1.6065550808880174,1.6992592592592592,bearish,bearish,True,True,True,True,2024
14,13357,13358,13387,2023-10-13 13:37:00+00:00,2023-10-13 13:38:00+00:00,2023-10-13 14:07:00+00:00,long,15317.0,15317.25,15317.5,15292.5,15342.5,15367.5,15392.5,15417.5,75.75839104670618,near_trigger,36.75839104670618,25.0,True,False,False,False,True,stop,15292.5,15292.25,-25.25,0.0,-25.25,-1.01,45.0,31.75,1.8,1.27,30,29.0,1,2023-10-13,1.9001280409731116,0.5011547344110855,3.8013964313421256,partial_bearish,1.8709541971377583,1.03521490341178,neutral,bullish,True,True,True,False,2024
15,14731,14732,14787,2023-10-16 13:31:00+00:00,2023-10-16 13:32:00+00:00,2023-10-16 14:27:00+00:00,long,15198.5,15198.25,15198.5,15175.75,15223.5,15248.5,15273.5,15298.5,72.0,near_trigger,52.0,22.75,True,True,True,True,False,tp4,15298.5,15298.25,99.75,0.0,99.75,4.384615384615385,102.0,15.5,4.483516483516484,0.6813186813186813,56,55.0,4,2023-10-16,3.035398230088496,0.4301675977653631,2.2056384742951907,strong_bullish,11.79797088663432,1.8532427937915743,bullish,bullish,True,True,True,False,2024
16,16139,16140,16146,2023-10-17 13:59:00+00:00,2023-10-17 14:00:00+00:00,2023-10-17 14:06:00+00:00,short,15079.0,15079.25,15079.0,15104.0,15054.0,15029.0,15004.0,14979.0,81.7598981907179,high_probability,-72.7598981907179,25.0,False,False,False,False,True,stop,15104.0,15104.25,-25.25,0.0,-25.25,-1.01,7.5,29.5,0.3,1.18,7,6.0,0,2023-10-17,1.1870324189526185,3.480225988700565,4.816559600285511,partial_bearish,0.6749118362886802,1.0241462478758976,bearish,bearish,True,True,True,False,2024
17,17546,17547,17606,2023-10-18 14:26:00+00:00,2023-10-18 14:27:00+00:00,2023-10-18 15:26:00+00:00,short,15182.0,15182.25,15182.0,15207.0,15157.0,15132.0,15107.0,15082.0,73.1228998849252,near_trigger,-60.1228998849252,25.0,True,True,True,False,False,max_holding_time,15142.75,15143.0,39.0,0.0,39.0,1.56,88.75,11.75,3.55,0.47,60,59.0,3,2023-10-18,1.7399309551208286,1.5149253731343284,1.07958050586058,partial_bullish,1.2180997343795463,1.643998733241845,bearish,bearish,True,True,False,False,2024
18,18870,18871,18874,2023-10-19 13:30:00+00:00,2023-10-19 13:31:00+00:00,2023-10-19 13:34:00+00:00,long,15103.75,15103.75,15104.0,15079.0,15129.0,15154.0,15179.0,15204.0,71.3358651271472,near_trigger,50.3358651271472,25.0,False,False,False,False,True,stop,15079.0,15078.75,-25.25,0.0,-25.25,-1.01,5.25,31.0,0.21,1.24,4,3.0,0,2023-10-19,2.0704225352112675,0.126,2.232994526974198,partial_bullish,10.12392039053699,1.01345568107337,bullish,bullish,True,True,True,False,2024
19,18875,18876,18877,2023-10-19 13:35:00+00:00,2023-10-19 13:36:00+00:00,2023-10-19 13:37:00+00:00,long,15076.0,15076.0,15076.25,15051.25,15101.25,15126.25,15151.25,15176.25,78.0,near_trigger,50.43082599366336,25.0,False,False,False,False,True,stop,15051.25,15051.0,-25.25,0.0,-25.25,-1.01,1.25,40.0,0.05,1.6,2,1.0,0,2023-10-19,2.137551581843191,1.29014598540146,2.232994526974198,partial_bearish,2.775434670339129,0.9844182988117044,bullish,bullish,True,True,True,True,2024
20,18878,18879,18928,2023-10-19 13:38:00+00:00,2023-10-19 13:39:00+00:00,2023-10-19 14:28:00+00:00,long,15045.5,15045.5,15045.75,15020.75,15070.75,15095.75,15120.75,15145.75,87.31327229985385,high_probability,64.31327229985385,25.0,True,True,False,False,True,stop,15020.75,15020.5,-25.25,0.0,-25.25,-1.01,61.25,26.75,2.45,1.07,50,49.0,2,2023-10-19,2.816374269005848,1.29014598540146,2.232994526974198,partial_bearish,1.8490072595554088,1.1449783785331769,bullish,bullish,True,True,True,True,2024
21,21633,21634,21649,2023-10-23 13:33:00+00:00,2023-10-23 13:34:00+00:00,2023-10-23 13:49:00+00:00,short,14580.0,14580.5,14580.25,14605.25,14555.25,14530.25,14505.25,14480.25,90.57450849545712,a_plus_plus,-59.57450849545711,25.0,True,True,False,False,True,stop,14605.25,14605.5,-25.25,0.0,-25.25,-1.01,66.0,25.0,2.64,1.0,16,15.0,2,2023-10-23,1.7909215955983493,0.981549815498155,0.8671641791044776,partial_bearish,3.8013952418674775,1.14542374621426,bearish,bearish,True,True,True,False,2024
22,23014,23015,23015,2023-10-24 13:34:00+00:00,2023-10-24 13:35:00+00:00,2023-10-24 13:35:00+00:00,long,14812.25,14812.25,14812.5,14787.5,14837.5,14862.5,14887.5,14912.5,70.75883908283413,near_trigger,49.75883908283413,25.0,False,False,False,False,True,stop,14787.5,14787.25,-25.25,0.0,-25.25,-1.01,3.5,27.25,0.14,1.09,1,0.0,0,2023-10-24,2.6407766990291264,0.772133526850508,0.5666337611056268,partial_bearish,3.89998647247148,1.429291468704813,bullish,bullish,True,True,True,False,2024
23,23020,23021,23024,2023-10-24 13:40:00+00:00,2023-10-24 13:41:00+00:00,2023-10-24 13:44:00+00:00,long,14828.75,14829.0,14829.25,14804.25,14854.25,14879.25,14904.25,14929.25,91.33663086489544,a_plus_plus,70.33663086489543,25.0,False,False,False,False,True,stop,14804.25,14804.0,-25.25,0.0,-25.25,-1.01,8.0,26.5,0.32,1.06,4,3.0,0,2023-10-24,1.734061930783242,1.6338329764453965,0.5666337611056268,partial_bullish,2.4457370196907893,1.520105638969042,bullish,bullish,True,True,True,False,2024
24,24393,24394,24453,2023-10-25 13:33:00+00:00,2023-10-25 13:34:00+00:00,2023-10-25 14:33:00+00:00,short,14684.75,14684.5,14684.25,14709.25,14659.25,14634.25,14609.25,14584.25,86.1251710404501,high_probability,-81.1251710404501,25.0,True,True,True,False,False,max_holding_time,14641.5,14641.75,42.5,0.0,42.5,1.7,87.25,2.0,3.49,0.08,60,59.0,3,2023-10-25,5.073170731707317,0.8839941262848752,2.51006711409396,strong_bearish,3.0800035205069527,1.0636587938710196,bearish,bearish,False,True,True,False,2024
25,25782,25783,25787,2023-10-26 13:42:00+00:00,2023-10-26 13:43:00+00:00,2023-10-26 13:47:00+00:00,long,14413.0,14413.0,14413.25,14388.25,14438.25,14463.25,14488.25,14513.25,71.30868975578683,near_trigger,52.30868975578683,25.0,False,False,False,False,True,stop,14388.25,14388.0,-25.25,0.0,-25.25,-1.01,16.25,35.0,0.65,1.4,5,4.0,0,2023-10-26,0.2920592193808883,1.593103448275862,3.119314436387607,partial_bearish,1.7282899537825347,1.8332480085188296,bullish,bullish,True,True,False,False,2024
26,25828,25829,25831,2023-10-26 14:28:00+00:00,2023-10-26 14:29:00+00:00,2023-10-26 14:31:00+00:00,long,14330.25,14330.0,14330.25,14305.25,14355.25,14380.25,14405.25,14430.25,97.6,a_plus_plus,74.6,25.0,False,False,False,False,True,stop,14305.25,14305.0,-25.25,0.0,-25.25,-1.01,0.0,26.25,0.0,1.05,3,2.0,0,2023-10-26,2.8606403013182677,1.3970401691331924,2.5494018608772704,partial_bearish,2.3064312042691317,2.647051395378204,bullish,bullish,True,True,True,False,2024
27,27156,27157,27169,2023-10-27 13:36:00+00:00,2023-10-27 13:37:00+00:00,2023-10-27 13:49:00+00:00,long,14323.0,14323.0,14323.25,14298.25,14348.25,14373.25,14398.25,14423.25,71.1200025966434,near_trigger,71.1200025966434,25.0,True,False,False,False,True,stop,14298.25,14298.0,-25.25,0.0,-25.25,-1.01,33.0,32.0,1.32,1.28,13,12.0,1,2023-10-27,0.0155382907880133,0.1822916666666666,0.6511627906976745,partial_bullish,2.407566946658052,1.0159447673259827,bullish,neutral,True,True,True,False,2024
28,27171,27172,27174,2023-10-27 13:51:00+00:00,2023-10-27 13:52:00+00:00,2023-10-27 13:54:00+00:00,long,14323.5,14324.0,14324.25,14299.25,14349.25,14374.25,14399.25,14424.25,74.8425808066897,near_trigger,62.842580806689696,25.0,False,False,False,False,True,stop,14299.25,14299.0,-25.25,0.0,-25.25,-1.01,0.25,32.0,0.01,1.28,3,2.0,0,2023-10-27,0.6737357259380098,0.606145251396648,1.7613882863340562,partial_bearish,1.0526974366307962,1.1697961317302668,bullish,bullish,False,True,True,False,2024
29,27184,27185,27189,2023-10-27 14:04:00+00:00,2023-10-27 14:05:00+00:00,2023-10-27 14:09:00+00:00,long,14341.5,14341.75,14342.0,14317.0,14367.0,14392.0,14417.0,14442.0,80.54457831325301,high_probability,64.54457831325301,25.0,False,False,False,False,True,stop,14317.0,14316.75,-25.25,0.0,-25.25,-1.01,16.75,48.0,0.67,1.92,5,4.0,0,2023-10-27,0.927710843373494,0.0987179487179487,0.7354430379746835,partial_bullish,1.6345806122231914,1.7188132799623266,bullish,bullish,False,True,True,False,2024
30,31340,31341,31400,2023-11-01 14:20:00+00:00,2023-11-01 14:21:00+00:00,2023-11-01 15:20:00+00:00,long,14591.25,14591.75,14592.0,14567.0,14617.0,14642.0,14667.0,14692.0,74.5,near_trigger,65.5,25.0,True,True,False,False,False,max_holding_time,14587.25,14587.0,-5.0,0.0,-5.0,-0.2,57.5,7.0,2.3,0.28,60,59.0,2,2023-11-01,1.2280701754385963,0.0862422997946611,2.1180811808118083,strong_bullish,1.5068297897612544,1.5572522832171267,bullish,bullish,True,True,True,True,2024
31,34065,34066,34095,2023-11-03 13:45:00+00:00,2023-11-03 13:46:00+00:00,2023-11-03 14:15:00+00:00,long,15106.75,15106.25,15106.5,15081.5,15131.5,15156.5,15181.5,15206.5,77.21391179901642,near_trigger,64.21391179901642,25.0,True,True,False,False,True,stop,15081.5,15081.25,-25.25,0.0,-25.25,-1.01,56.75,30.0,2.27,1.2,30,29.0,2,2023-11-03,3.5310519645120406,2.672623883021933,5.04296100462657,strong_bullish,1.796587364687175,1.074013951651823,bullish,bullish,True,True,True,True,2024
32,34097,34098,34103,2023-11-03 14:17:00+00:00,2023-11-03 14:18:00+00:00,2023-11-03 14:23:00+00:00,long,15110.5,15110.5,15110.75,15085.75,15135.75,15160.75,15185.75,15210.75,83.59438818648835,high_probability,83.59438818648835,25.0,False,False,False,False,True,stop,15085.75,15085.5,-25.25,0.0,-25.25,-1.01,6.0,25.0,0.24,1.0,6,5.0,0,2023-11-03,0.8615384615384615,0.7668789808917198,1.4,partial_bullish,0.792896305668593,0.8940414374582284,bullish,bullish,True,True,True,True,2024
33,34104,34105,34106,2023-11-03 14:24:00+00:00,2023-11-03 14:25:00+00:00,2023-11-03 14:26:00+00:00,long,15089.75,15090.0,15090.25,15065.25,15115.25,15140.25,15165.25,15190.25,74.63382392491816,near_trigger,74.63382392491816,25.0,False,False,False,False,True,stop,15065.25,15065.0,-25.25,0.0,-25.25,-1.01,4.0,30.0,0.16,1.2,2,1.0,0,2023-11-03,1.6111111111111112,0.3297101449275362,1.4,partial_bearish,0.9850638131862008,0.8430014189132793,bullish,bullish,True,True,True,True,2024
34,35430,35431,35435,2023-11-06 14:30:00+00:00,2023-11-06 14:31:00+00:00,2023-11-06 14:35:00+00:00,long,15233.0,15233.0,15233.25,15208.25,15258.25,15283.25,15308.25,15333.25,71.47350472844698,near_trigger,62.47350472844698,25.0,False,False,False,False,True,stop,15208.25,15208.0,-25.25,0.0,-25.25,-1.01,5.5,28.0,0.22,1.12,5,4.0,0,2023-11-06,4.920127795527156,1.3407572383073498,0.9079939668174964,partial_bullish,18.45900627507458,1.06125394037248,bullish,bullish,True,True,True,False,2024
35,35445,35446,35452,2023-11-06 14:45:00+00:00,2023-11-06 14:46:00+00:00,2023-11-06 14:52:00+00:00,long,15225.25,15225.5,15225.75,15200.75,15250.75,15275.75,15300.75,15325.75,70.73591784222123,near_trigger,58.73591784222123,25.0,False,False,False,False,True,stop,15200.75,15200.5,-25.25,0.0,-25.25,-1.01,6.5,25.5,0.26,1.02,7,6.0,0,2023-11-06,0.8035714285714286,0.7532163742690059,1.45,partial_bullish,1.0236561151583894,0.6519553447081692,bullish,bullish,False,True,True,False,2024
36,35482,35483,35542,2023-11-06 15:22:00+00:00,2023-11-06 15:23:00+00:00,2023-11-06 16:22:00+00:00,long,15224.0,15223.75,15224.0,15199.0,15249.0,15274.0,15299.0,15324.0,77.34794199665365,near_trigger,77.34794199665365,25.0,False,False,False,False,False,max_holding_time,15227.5,15227.25,3.25,0.0,3.25,0.13,22.25,24.0,0.89,0.96,60,59.0,0,2023-11-06,1.1555555555555554,0.1738495252008765,0.9659735349716446,partial_bearish,1.2046891381008356,0.9399516638780444,bullish,bullish,True,True,True,False,2024
37,40957,40958,41017,2023-11-10 14:37:00+00:00,2023-11-10 14:38:00+00:00,2023-11-10 15:37:00+00:00,long,15335.75,15336.0,15336.25,15311.25,15361.25,15386.25,15411.25,15436.25,70.84521681115564,near_trigger,49.84521681115564,25.0,True,True,False,False,False,max_holding_time,15331.75,15331.5,-4.75,0.0,-4.75,-0.19,52.75,14.25,2.11,0.57,60,59.0,2,2023-11-10,1.5348837209302326,0.6845425867507886,2.354228855721393,strong_bullish,3.190671289000945,1.2683008310017956,bullish,bullish,True,True,False,False,2024
38,43748,43749,43808,2023-11-14 15:08:00+00:00,2023-11-14 15:09:00+00:00,2023-11-14 16:08:00+00:00,long,15862.0,15862.25,15862.5,15837.5,15887.5,15912.5,15937.5,15962.5,70.70444545630681,near_trigger,38.704445456306814,25.0,True,False,False,False,False,max_holding_time,15870.0,15869.75,7.25,0.0,7.25,0.29,40.25,15.25,1.61,0.61,60,59.0,1,2023-11-14,1.6629213483146068,1.95,1.7414177440927328,partial_bullish,1.2786202048604138,1.1647532360609247,bullish,bullish,False,True,True,False,2024
39,45096,45097,45111,2023-11-15 14:36:00+00:00,2023-11-15 14:37:00+00:00,2023-11-15 14:51:00+00:00,long,15951.0,15951.25,15951.5,15926.5,15976.5,16001.5,16026.5,16051.5,71.0,near_trigger,62.56637820000168,25.0,False,False,False,False,True,stop,15926.5,15926.25,-25.25,0.0,-25.25,-1.01,22.5,25.0,0.9,1.0,15,14.0,0,2023-11-15,0.3370786516853932,0.3578274760383386,1.4614220877458397,partial_bearish,1.978633668029716,0.7780181666652637,bullish,bullish,True,True,True,False,2024
40,46517,46518,46525,2023-11-16 15:17:00+00:00,2023-11-16 15:18:00+00:00,2023-11-16 15:25:00+00:00,short,15858.25,15858.5,15858.25,15883.25,15833.25,15808.25,15783.25,15758.25,74.07669986094919,near_trigger,-40.07669986094919,25.0,False,False,False,False,True,stop,15883.25,15883.5,-25.25,0.0,-25.25,-1.01,12.75,27.25,0.51,1.09,8,7.0,0,2023-11-16,2.325503355704698,0.5865921787709497,0.1150112023898431,partial_bearish,1.4422198703915798,1.397249884124331,neutral,bearish,True,True,True,False,2024
41,47860,47861,47872,2023-11-17 14:40:00+00:00,2023-11-17 14:41:00+00:00,2023-11-17 14:52:00+00:00,short,15839.5,15840.0,15839.75,15864.75,15814.75,15789.75,15764.75,15739.75,73.96866938321992,near_trigger,-40.96866938321992,25.0,False,False,False,False,True,stop,15864.75,15865.0,-25.25,0.0,-25.25,-1.01,8.25,41.0,0.33,1.64,12,11.0,0,2023-11-17,1.70487106017192,3.299727520435967,3.2534174553101995,strong_bearish,1.9380469023451168,0.9984852310022724,neutral,bearish,False,True,True,False,2024
42,47893,47894,47895,2023-11-17 15:13:00+00:00,2023-11-17 15:14:00+00:00,2023-11-17 15:15:00+00:00,short,15837.5,15837.5,15837.25,15862.25,15812.25,15787.25,15762.25,15737.25,72.6501478343897,near_trigger,-72.6501478343897,25.0,False,False,False,False,True,stop,15862.25,15862.5,-25.25,0.0,-25.25,-1.01,10.25,26.5,0.41,1.06,2,1.0,0,2023-11-17,2.5352564102564106,0.589041095890411,0.8358208955223881,partial_bearish,0.8580443724910379,0.7549308876324472,bearish,bearish,False,True,True,False,2024
43,49254,49255,49314,2023-11-20 14:54:00+00:00,2023-11-20 14:55:00+00:00,2023-11-20 15:54:00+00:00,short,15982.5,15982.0,15981.75,16006.75,15956.75,15931.75,15906.75,15881.75,73.85892466268263,near_trigger,-64.85892466268263,25.0,True,False,False,False,False,max_holding_time,15981.75,15982.0,-0.25,0.0,-0.25,-0.01,44.25,21.25,1.77,0.85,60,59.0,1,2023-11-20,1.8039927404718692,3.929545454545455,3.3950617283950617,strong_bullish,0.916591346265267,1.042284328840047,neutral,bearish,True,True,True,False,2024
44,50611,50612,50619,2023-11-21 14:31:00+00:00,2023-11-21 14:32:00+00:00,2023-11-21 14:39:00+00:00,short,15987.5,15988.0,15987.75,16012.75,15962.75,15937.75,15912.75,15887.75,78.91288562925102,near_trigger,-37.91288562925102,25.0,False,False,False,False,True,stop,16012.75,16013.0,-25.25,0.0,-25.25,-1.01,4.25,33.5,0.17,1.34,8,7.0,0,2023-11-21,2.93732970027248,0.9204152249134948,1.5333333333333334,partial_bearish,8.897128826978003,1.1901921091791454,neutral,bearish,True,True,True,False,2024
45,51996,51997,52004,2023-11-22 14:36:00+00:00,2023-11-22 14:37:00+00:00,2023-11-22 14:44:00+00:00,long,16164.5,16165.0,16165.25,16140.25,16190.25,16215.25,16240.25,16265.25,70.7375,near_trigger,45.7375,25.0,False,False,False,False,True,stop,16140.25,16140.0,-25.25,0.0,-25.25,-1.01,8.0,25.25,0.32,1.01,8,7.0,0,2023-11-22,4.3125,4.267543859649123,1.4467168998923572,strong_bullish,2.2888192647081085,1.5167502507522568,bullish,neutral,True,True,True,True,2024
46,52032,52033,52037,2023-11-22 15:12:00+00:00,2023-11-22 15:13:00+00:00,2023-11-22 15:17:00+00:00,long,16043.75,16043.5,16043.75,16018.75,16068.75,16093.75,16118.75,16143.75,86.491090151686,high_probability,62.491090151686,25.0,False,False,False,False,True,stop,16018.75,16018.5,-25.25,0.0,-25.25,-1.01,0.25,30.0,0.01,1.2,5,4.0,0,2023-11-22,1.2684031710079275,4.266747133373567,0.4424567680381633,partial_bullish,0.936024490219478,1.4803063457330417,bullish,bullish,True,False,True,False,2024
47,54556,54557,54616,2023-11-24 15:16:00+00:00,2023-11-24 15:17:00+00:00,2023-11-24 16:16:00+00:00,short,15997.75,15997.75,15997.5,16022.5,15972.5,15947.5,15922.5,15897.5,74.36085002808463,near_trigger,-72.36085002808463,25.0,False,False,False,False,False,max_holding_time,16007.0,16007.25,-9.75,0.0,-9.75,-0.39,15.75,17.25,0.63,0.69,60,59.0,0,2023-11-24,2.592592592592593,0.2497522299306243,2.49601593625498,strong_bearish,1.4615900531393489,0.8840416900705237,bearish,bearish,False,True,True,True,2024
48,55670,55671,55674,2023-11-27 14:35:00+00:00,2023-11-27 14:36:00+00:00,2023-11-27 14:39:00+00:00,short,15977.0,15977.0,15976.75,16001.75,15951.75,15926.75,15901.75,15876.75,71.60034252513316,near_trigger,-50.60034252513316,25.0,False,False,False,False,True,stop,16001.75,16002.0,-25.25,0.0,-25.25,-1.01,6.5,27.0,0.26,1.08,4,3.0,0,2023-11-27,4.741935483870968,0.7632398753894082,1.3500660501981507,partial_bearish,2.4081739195286573,1.167685242107547,bearish,bearish,True,True,True,False,2024
49,55676,55677,55703,2023-11-27 14:41:00+00:00,2023-11-27 14:42:00+00:00,2023-11-27 15:08:00+00:00,short,16003.5,16003.75,16003.5,16028.5,15978.5,15953.5,15928.5,15903.5,75.29590276296571,near_trigger,-75.29590276296571,25.0,False,False,False,False,True,stop,16028.5,16028.75,-25.25,0.0,-25.25,-1.01,19.75,30.25,0.79,1.21,27,26.0,0,2023-11-27,1.4563758389261745,1.608982826948481,1.3500660501981507,partial_bullish,1.3710278432761969,1.3895320761258527,bearish,bearish,True,True,True,True,2024
50,59835,59836,59851,2023-11-30 15:00:00+00:00,2023-11-30 15:01:00+00:00,2023-11-30 15:16:00+00:00,short,15956.25,15955.75,15955.5,15980.5,15930.5,15905.5,15880.5,15855.5,76.89206837019695,near_trigger,-59.89206837019695,25.0,True,False,False,False,True,stop,15980.5,15980.75,-25.25,0.0,-25.25,-1.01,36.75,36.5,1.47,1.46,16,15.0,1,2023-11-30,1.1305518169582771,2.765564950038432,4.016058394160583,strong_bearish,1.560451028881276,1.243390308497465,bearish,bearish,True,True,True,False,2024
51,61190,61191,61192,2023-12-01 14:35:00+00:00,2023-12-01 14:36:00+00:00,2023-12-01 14:37:00+00:00,short,15882.25,15882.0,15881.75,15906.75,15856.75,15831.75,15806.75,15781.75,73.58123253611394,near_trigger,-52.58123253611394,25.0,False,False,False,False,True,stop,15906.75,15907.0,-25.25,0.0,-25.25,-1.01,0.5,27.25,0.02,1.09,2,1.0,0,2023-12-01,3.5522388059701493,3.170860927152318,0.0167664670658682,partial_bearish,2.737645608873693,1.2190847127555988,bearish,bearish,True,True,False,False,2024
52,61205,61206,61215,2023-12-01 14:50:00+00:00,2023-12-01 14:51:00+00:00,2023-12-01 15:00:00+00:00,short,15912.5,15912.5,15912.25,15937.25,15887.25,15862.25,15837.25,15812.25,93.23076923076924,a_plus_plus,-80.23076923076923,25.0,False,False,False,False,True,stop,15937.25,15937.5,-25.25,0.0,-25.25,-1.01,7.5,28.75,0.3,1.15,10,9.0,0,2023-12-01,2.0,0.0817916260954235,0.4804575786463298,partial_bearish,1.17960492875046,1.785406359017894,bearish,bearish,True,True,True,False,2024
53,62619,62620,62679,2023-12-04 15:24:00+00:00,2023-12-04 15:25:00+00:00,2023-12-04 16:24:00+00:00,short,15764.5,15764.25,15764.0,15789.0,15739.0,15714.0,15689.0,15664.0,70.99864253393665,near_trigger,-65.99864253393665,25.0,True,False,False,False,False,max_holding_time,15754.75,15755.0,9.0,0.0,9.0,0.36,42.75,8.5,1.71,0.34,60,59.0,1,2023-12-04,3.4208144796380093,1.736292428198433,2.979359430604982,strong_bearish,1.887587614231213,2.8867028493894167,bearish,bearish,False,True,True,False,2024
54,63945,63946,63952,2023-12-05 14:30:00+00:00,2023-12-05 14:31:00+00:00,2023-12-05 14:37:00+00:00,short,15807.5,15807.5,15807.25,15832.25,15782.25,15757.25,15732.25,15707.25,70.0,near_trigger,-35.40416530702345,25.0,False,False,False,False,True,stop,15832.25,15832.5,-25.25,0.0,-25.25,-1.01,24.0,26.25,0.96,1.05,7,6.0,0,2023-12-05,4.553097345132744,0.9320652173913044,0.408673894912427,partial_bearish,6.610938376064019,0.8298622441471357,bearish,bearish,False,False,True,False,2024
55,63975,63976,64002,2023-12-05 15:00:00+00:00,2023-12-05 15:01:00+00:00,2023-12-05 15:27:00+00:00,long,15894.5,15894.75,15895.0,15870.0,15920.0,15945.0,15970.0,15995.0,87.6,high_probability,62.6,25.0,True,False,False,False,True,stop,15870.0,15869.75,-25.25,0.0,-25.25,-1.01,41.75,26.0,1.67,1.04,27,26.0,1,2023-12-05,2.2222222222222223,2.890688259109312,1.696969696969697,strong_bullish,2.720379271055699,1.8731063338623573,bullish,bullish,False,True,True,False,2024
56,64003,64004,64063,2023-12-05 15:28:00+00:00,2023-12-05 15:29:00+00:00,2023-12-05 16:28:00+00:00,long,15877.25,15877.25,15877.5,15852.5,15902.5,15927.5,15952.5,15977.5,75.27258021876915,near_trigger,71.27258021876915,25.0,True,True,True,False,False,max_holding_time,15886.5,15886.25,8.75,0.0,8.75,0.35,84.25,19.75,3.37,0.79,60,59.0,3,2023-12-05,2.7454545454545456,1.998843930635838,3.3391506689936006,partial_bullish,0.8733245118736174,1.4983623035197475,bullish,bullish,False,True,True,False,2024
57,65325,65326,65328,2023-12-06 14:30:00+00:00,2023-12-06 14:31:00+00:00,2023-12-06 14:33:00+00:00,long,16009.75,16009.5,16009.75,15984.75,16034.75,16059.75,16084.75,16109.75,70.0,near_trigger,36.122295919352034,25.0,False,False,False,False,True,stop,15984.75,15984.5,-25.25,0.0,-25.25,-1.01,0.75,30.25,0.03,1.21,3,2.0,0,2023-12-06,3.180327868852459,0.5397590361445783,4.90138067061144,partial_bullish,11.142329778506973,1.3980867338733023,bullish,bullish,False,True,True,False,2024
58,65377,65378,65378,2023-12-06 15:22:00+00:00,2023-12-06 15:23:00+00:00,2023-12-06 15:23:00+00:00,long,15938.5,15938.25,15938.5,15913.5,15963.5,15988.5,16013.5,16038.5,70.12721531122412,near_trigger,70.12721531122412,25.0,False,False,False,False,True,stop,15913.5,15913.25,-25.25,0.0,-25.25,-1.01,0.25,29.5,0.01,1.18,1,0.0,0,2023-12-06,2.3296,0.073829927488464,1.9486850545221293,partial_bearish,0.94346646811679,1.0165460926867702,bullish,bullish,False,True,True,False,2024
59,65383,65384,65443,2023-12-06 15:28:00+00:00,2023-12-06 15:29:00+00:00,2023-12-06 16:28:00+00:00,long,15901.5,15901.5,15901.75,15876.75,15926.75,15951.75,15976.75,16001.75,71.26451612903226,near_trigger,60.26451612903226,25.0,True,False,False,False,False,max_holding_time,15919.0,15918.75,17.0,0.0,17.0,0.68,48.0,10.0,1.92,0.4,60,59.0,1,2023-12-06,0.7741935483870968,1.79570516540917,1.9486850545221293,strong_bearish,0.987975592246949,1.616591722492429,bullish,bullish,True,False,False,False,2024
60,66707,66708,66722,2023-12-07 14:32:00+00:00,2023-12-07 14:33:00+00:00,2023-12-07 14:47:00+00:00,long,15950.0,15950.0,15950.25,15925.25,15975.25,16000.25,16025.25,16050.25,86.4,high_probability,43.400000000000006,25.0,True,False,False,False,True,stop,15925.25,15925.0,-25.25,0.0,-25.25,-1.01,31.75,30.75,1.27,1.23,15,14.0,1,2023-12-07,1.8022988505747128,1.74,4.424870466321243,strong_bullish,6.097332966730822,1.726954855892408,neutral,bullish,True,True,True,False,2024
61,66756,66757,66810,2023-12-07 15:21:00+00:00,2023-12-07 15:22:00+00:00,2023-12-07 16:15:00+00:00,long,15990.75,15990.75,15991.0,15966.0,16016.0,16041.0,16066.0,16091.0,73.95954545454545,near_trigger,52.95954545454545,25.0,False,False,False,False,True,stop,15966.0,15965.75,-25.25,0.0,-25.25,-1.01,20.25,34.5,0.81,1.38,54,53.0,0,2023-12-07,1.1454545454545455,1.7734967892586109,1.7510835913312692,strong_bullish,1.7284418894091151,2.1440649306729798,neutral,bullish,False,True,True,False,2024
62,68112,68113,68115,2023-12-08 14:57:00+00:00,2023-12-08 14:58:00+00:00,2023-12-08 15:00:00+00:00,short,15979.75,15979.25,15979.0,16003.75,15954.0,15929.0,15904.0,15879.0,72.0327144819337,near_trigger,-66.0327144819337,24.75,False,False,False,False,True,stop,16003.75,16004.0,-25.0,0.0,-25.0,-1.0101010101010102,2.25,71.0,0.0909090909090909,2.8686868686868685,3,2.0,0,2023-12-08,1.247863247863248,1.2392099487929773,1.312733084709643,partial_bullish,0.7360449971761506,1.2623048033208144,bearish,bearish,False,False,True,False,2024
63,68116,68117,68122,2023-12-08 15:01:00+00:00,2023-12-08 15:02:00+00:00,2023-12-08 15:07:00+00:00,short,16032.5,16033.0,16032.75,16057.75,16007.75,15982.75,15957.75,15932.75,71.0,near_trigger,-55.71355414552457,25.0,False,False,False,False,True,stop,16057.75,16058.0,-25.25,0.0,-25.25,-1.01,22.75,40.25,0.91,1.61,6,5.0,0,2023-12-08,2.61123595505618,1.2222222222222223,0.753208292201382,strong_bullish,1.4248766648816782,1.346570047268851,bearish,bearish,True,False,True,False,2024
64,68141,68142,68201,2023-12-08 15:26:00+00:00,2023-12-08 15:27:00+00:00,2023-12-08 16:26:00+00:00,short,16092.0,16092.25,16092.0,16115.25,16067.0,16042.0,16017.0,15992.0,78.88444336190693,near_trigger,-78.88444336190693,23.25,True,True,False,False,False,max_holding_time,16055.0,16055.25,36.75,0.0,36.75,1.5806451612903225,71.75,20.0,3.086021505376344,0.8602150537634409,60,59.0,2,2023-12-08,0.4188034188034187,3.596330275229358,2.8301724137931035,partial_bullish,0.8948678310254471,1.1188025166888271,bearish,bearish,True,False,True,False,2024
65,70846,70847,70871,2023-12-12 14:31:00+00:00,2023-12-12 14:32:00+00:00,2023-12-12 14:56:00+00:00,short,16427.75,16427.75,16427.5,16452.5,16402.5,16377.5,16352.5,16327.5,72.15503814409729,near_trigger,-63.15503814409729,25.0,True,False,False,False,True,stop,16452.5,16452.75,-25.25,0.0,-25.25,-1.01,31.0,28.0,1.24,1.12,25,24.0,1,2023-12-12,2.8624535315985127,0.5192727272727273,2.16260162601626,strong_bearish,6.601048340128131,0.7586903988914847,bearish,bearish,True,True,False,False,2024
66,73637,73638,73697,2023-12-14 15:02:00+00:00,2023-12-14 15:03:00+00:00,2023-12-14 16:02:00+00:00,short,16816.25,16816.25,16816.0,16841.0,16791.0,16766.0,16741.0,16716.0,71.31466666666667,near_trigger,-50.31466666666667,25.0,True,False,False,False,False,max_holding_time,16796.5,16796.75,19.25,0.0,19.25,0.77,49.5,24.75,1.98,0.99,60,59.0,1,2023-12-14,3.1577777777777776,0.1304347826086956,0.1872213967310549,partial_bullish,1.4829568602598344,1.5342465753424657,bearish,bearish,True,True,True,False,2024
67,75030,75031,75090,2023-12-15 15:15:00+00:00,2023-12-15 15:16:00+00:00,2023-12-15 16:15:00+00:00,long,16847.0,16846.5,16846.75,16821.75,16871.75,16896.75,16921.75,16946.75,70.15319987685355,near_trigger,49.15319987685355,25.0,True,False,False,False,False,max_holding_time,16854.75,16854.5,7.75,0.0,7.75,0.31,30.0,11.5,1.2,0.46,60,59.0,1,2023-12-15,2.040752351097179,1.2635046113306982,1.935483870967742,strong_bullish,1.5406396340799362,1.1292339621637442,bullish,bullish,True,True,False,True,2024
68,79129,79130,79189,2023-12-20 14:34:00+00:00,2023-12-20 14:35:00+00:00,2023-12-20 15:34:00+00:00,long,16991.0,16991.5,16991.75,16968.75,17016.75,17041.75,17066.75,17091.75,84.34925362671292,high_probability,84.34925362671292,23.0,True,True,True,False,False,max_holding_time,17063.5,17063.25,71.5,0.0,71.5,3.108695652173913,81.75,1.75,3.5543478260869565,0.0760869565217391,60,59.0,3,2023-12-20,0.7492957746478873,0.9915014164305948,0.6858108108108109,strong_bullish,2.7820205105825875,0.7041022006645252,bullish,bullish,True,True,True,False,2024
69,80505,80506,80508,2023-12-21 14:30:00+00:00,2023-12-21 14:31:00+00:00,2023-12-21 14:33:00+00:00,long,16945.5,16945.25,16945.5,16920.5,16970.5,16995.5,17020.5,17045.5,82.6867704521491,high_probability,80.6867704521491,25.0,False,False,False,False,True,stop,16920.5,16920.25,-25.25,0.0,-25.25,-1.01,13.25,27.0,0.53,1.08,3,2.0,0,2023-12-21,3.5244755244755246,0.5522935779816514,2.032450896669513,partial_bullish,12.84134739007457,1.2389753767909195,bullish,neutral,True,True,True,False,2024
70,80509,80510,80511,2023-12-21 14:34:00+00:00,2023-12-21 14:35:00+00:00,2023-12-21 14:36:00+00:00,long,16932.5,16932.5,16932.75,16909.25,16957.75,16982.75,17007.75,17032.75,75.19937142266325,near_trigger,75.19937142266325,23.5,False,False,False,False,True,stop,16909.25,16909.0,-23.75,0.0,-23.75,-1.0106382978723405,4.25,26.5,0.1808510638297872,1.127659574468085,2,1.0,0,2023-12-21,0.8696969696969696,0.5522935779816514,2.032450896669513,partial_bullish,2.895131691327532,1.219173155249677,bullish,neutral,True,True,True,False,2024
71,80512,80513,80533,2023-12-21 14:37:00+00:00,2023-12-21 14:38:00+00:00,2023-12-21 14:58:00+00:00,long,16918.0,16918.25,16918.5,16893.5,16943.5,16968.5,16993.5,17018.5,81.84267834793492,high_probability,81.84267834793492,25.0,False,False,False,False,True,stop,16893.5,16893.25,-25.25,0.0,-25.25,-1.01,20.25,29.0,0.81,1.16,21,20.0,0,2023-12-21,1.156445556946183,0.1908580593424218,2.032450896669513,partial_bearish,2.292315141453966,1.5368206269708773,bullish,bullish,True,True,True,False,2024
72,80545,80546,80605,2023-12-21 15:10:00+00:00,2023-12-21 15:11:00+00:00,2023-12-21 16:10:00+00:00,long,16866.5,16866.25,16866.5,16841.5,16891.5,16916.5,16941.5,16966.5,71.78194945848375,near_trigger,71.78194945848375,25.0,True,True,False,False,False,max_holding_time,16874.5,16874.25,7.75,0.0,7.75,0.31,67.0,12.75,2.68,0.51,60,59.0,2,2023-12-21,0.6401925391095067,3.411589895988113,2.25496915695682,strong_bearish,1.2387090758633552,1.6076722938222303,bullish,bullish,True,True,False,False,2024
73,81899,81900,81916,2023-12-22 14:44:00+00:00,2023-12-22 14:45:00+00:00,2023-12-22 15:01:00+00:00,long,17032.75,17032.5,17032.75,17007.75,17057.75,17082.75,17107.75,17132.75,74.05978260869566,near_trigger,53.059782608695656,25.0,False,False,False,False,True,stop,17007.75,17007.5,-25.25,0.0,-25.25,-1.01,8.5,26.5,0.34,1.06,17,16.0,0,2023-12-22,2.0543478260869565,0.3085399449035812,2.663716814159292,strong_bullish,1.8350527688841456,1.7464168829703193,bullish,bullish,True,True,False,False,2024
74,86060,86061,86091,2023-12-28 15:05:00+00:00,2023-12-28 15:06:00+00:00,2023-12-28 15:36:00+00:00,short,17110.5,17110.75,17110.5,17135.5,17085.5,17060.5,17035.5,17010.5,91.25112823335168,a_plus_plus,-91.25112823335168,25.0,False,False,False,False,True,stop,17135.5,17135.75,-25.25,0.0,-25.25,-1.01,7.75,25.0,0.31,1.0,31,30.0,0,2023-12-28,1.4177215189873418,0.9531914893617022,3.130434782608696,strong_bearish,4.390172820796782,1.61778446007625,bearish,bearish,True,True,True,True,2024
75,87435,87436,87495,2023-12-29 15:00:00+00:00,2023-12-29 15:01:00+00:00,2023-12-29 16:00:00+00:00,short,17091.25,17091.0,17090.75,17115.75,17065.75,17040.75,17015.75,16990.75,73.58872798518361,near_trigger,-73.58872798518361,25.0,True,True,True,False,False,max_holding_time,17022.75,17023.0,67.75,0.0,67.75,2.71,89.75,14.75,3.59,0.59,60,59.0,3,2023-12-29,2.026315789473684,0.6205673758865249,0.5869297163995068,partial_bullish,1.843103109288543,0.5779970051968643,bearish,bearish,True,False,True,False,2024
76,88788,88789,88803,2024-01-02 14:33:00+00:00,2024-01-02 14:34:00+00:00,2024-01-02 14:48:00+00:00,short,16848.0,16848.25,16848.0,16873.0,16823.0,16798.0,16773.0,16748.0,70.87190963731653,near_trigger,-49.87190963731653,25.0,True,True,True,True,False,tp4,16748.0,16748.25,99.75,0.0,99.75,3.99,101.75,0.75,4.07,0.03,15,14.0,4,2024-01-02,1.3929173693086003,1.8053097345132745,1.5179621162638797,partial_bullish,3.5772864112945086,1.4569284430821263,bearish,bearish,True,True,False,False,2024
77,88813,88814,88815,2024-01-02 14:58:00+00:00,2024-01-02 14:59:00+00:00,2024-01-02 15:00:00+00:00,short,16747.25,16747.75,16747.5,16772.5,16722.5,16697.5,16672.5,16647.5,70.0,near_trigger,-57.3121359223301,25.0,False,False,False,False,True,stop,16772.5,16772.75,-25.25,0.0,-25.25,-1.01,2.25,35.5,0.09,1.42,2,1.0,0,2024-01-02,0.5097087378640777,5.776536312849162,1.6020293122886131,partial_bearish,0.8663865745685869,2.197030497592295,bearish,bearish,False,False,True,False,2024
78,90169,90170,90179,2024-01-03 14:34:00+00:00,2024-01-03 14:35:00+00:00,2024-01-03 14:44:00+00:00,short,16611.5,16611.5,16611.25,16636.25,16586.25,16561.25,16536.25,16511.25,73.0,near_trigger,-73.0,25.0,False,False,False,False,True,stop,16636.25,16636.5,-25.25,0.0,-25.25,-1.01,8.25,30.75,0.33,1.23,10,9.0,0,2024-01-03,0.1129032258064516,0.2575558475689882,0.1793229643183897,partial_bearish,2.913122563880468,1.6245930305577294,bearish,bearish,True,True,True,False,2024
79,90222,90223,90255,2024-01-03 15:27:00+00:00,2024-01-03 15:28:00+00:00,2024-01-03 16:00:00+00:00,short,16585.0,16584.75,16584.5,16609.5,16559.5,16534.5,16509.5,16484.5,78.0,near_trigger,-27.27602434077079,25.0,True,False,False,False,True,stop,16609.5,16609.75,-25.25,0.0,-25.25,-1.01,41.0,29.0,1.64,1.16,33,32.0,1,2024-01-03,2.3655172413793104,1.392583872866392,1.5573770491803278,partial_bearish,1.1351411424761058,2.124155141936155,bearish,bearish,True,False,True,True,2024
80,91601,91602,91608,2024-01-04 15:26:00+00:00,2024-01-04 15:27:00+00:00,2024-01-04 15:33:00+00:00,short,16498.25,16498.25,16498.0,16523.0,16473.0,16448.0,16423.0,16398.0,75.17603370196369,near_trigger,-75.17603370196369,25.0,False,False,False,False,True,stop,16523.0,16523.25,-25.25,0.0,-25.25,-1.01,0.25,25.0,0.01,1.0,7,6.0,0,2024-01-04,1.2581699346405228,1.851898734177215,1.934711643090316,partial_bullish,1.034679144796589,1.0372176274534008,bearish,bearish,False,False,True,False,2024
81,92955,92956,93015,2024-01-05 15:00:00+00:00,2024-01-05 15:01:00+00:00,2024-01-05 16:00:00+00:00,long,16498.0,16498.25,16498.5,16474.25,16523.5,16548.5,16573.5,16598.5,90.05068493150685,a_plus_plus,59.05068493150685,24.25,True,True,False,False,False,max_holding_time,16566.5,16566.25,67.75,0.0,67.75,2.7938144329896906,71.0,0.5,2.927835051546392,0.0206185567010309,60,59.0,2,2024-01-05,1.4490106544901065,0.5283018867924528,3.1845130066545675,partial_bullish,2.883958252802474,1.5811067408110675,bullish,bullish,True,True,True,False,2024
82,94329,94330,94389,2024-01-08 14:54:00+00:00,2024-01-08 14:55:00+00:00,2024-01-08 15:54:00+00:00,long,16592.75,16592.75,16593.0,16568.0,16618.0,16643.0,16668.0,16693.0,73.08947368421053,near_trigger,68.08947368421053,25.0,True,True,True,False,False,max_holding_time,16660.75,16660.5,67.5,0.0,67.5,2.7,78.25,9.75,3.13,0.39,60,59.0,3,2024-01-08,1.031578947368421,4.7518796992481205,3.5466666666666664,strong_bullish,1.2404144792897782,1.851905045240977,bullish,bullish,True,True,True,False,2024
83,95686,95687,95699,2024-01-09 14:31:00+00:00,2024-01-09 14:32:00+00:00,2024-01-09 14:44:00+00:00,long,16699.75,16700.25,16700.5,16675.5,16725.5,16750.5,16775.5,16800.5,81.86415257910707,high_probability,48.86415257910707,25.0,False,False,False,False,True,stop,16675.5,16675.25,-25.25,0.0,-25.25,-1.01,14.0,39.75,0.56,1.59,13,12.0,0,2024-01-09,2.8850325379609543,0.1647058823529411,2.4342105263157894,partial_bearish,5.937296416938111,1.053460482589221,neutral,bullish,True,True,True,True,2024
84,95719,95720,95724,2024-01-09 15:04:00+00:00,2024-01-09 15:05:00+00:00,2024-01-09 15:09:00+00:00,short,16691.25,16692.0,16691.75,16714.25,16666.75,16641.75,16616.75,16591.75,70.91158036578402,near_trigger,-45.91158036578402,22.5,False,False,False,False,True,stop,16714.25,16714.5,-22.75,0.0,-22.75,-1.011111111111111,8.75,29.0,0.3888888888888889,1.288888888888889,5,4.0,0,2024-01-09,1.154422788605697,0.2857142857142857,1.7566539923954372,partial_bearish,0.581107946913116,0.7099251673887357,neutral,bearish,True,False,True,False,2024
85,97065,97066,97085,2024-01-10 14:30:00+00:00,2024-01-10 14:31:00+00:00,2024-01-10 14:50:00+00:00,long,16862.5,16862.0,16862.25,16837.25,16887.25,16912.25,16937.25,16962.25,74.46782038575894,near_trigger,53.46782038575894,25.0,False,False,False,False,True,stop,16837.25,16837.0,-25.25,0.0,-25.25,-1.01,11.75,35.0,0.47,1.4,20,19.0,0,2024-01-10,3.4790419161676644,2.0135363790186123,0.2448559670781893,partial_bullish,11.775952414672142,1.056516988132449,neutral,bullish,False,True,True,False,2024
86,97094,97095,97097,2024-01-10 14:59:00+00:00,2024-01-10 15:00:00+00:00,2024-01-10 15:02:00+00:00,long,16837.75,16837.25,16837.5,16812.5,16862.5,16887.5,16912.5,16937.5,73.35741873863131,near_trigger,48.35741873863131,25.0,False,False,False,False,True,stop,16812.5,16812.25,-25.25,0.0,-25.25,-1.01,1.75,33.25,0.07,1.33,3,2.0,0,2024-01-10,1.2863705972434916,1.1111111111111112,0.972407231208373,partial_bullish,0.9799261115560494,1.3685482852555428,neutral,bullish,True,False,True,False,2024
87,98478,98479,98538,2024-01-11 15:03:00+00:00,2024-01-11 15:04:00+00:00,2024-01-11 16:03:00+00:00,short,16920.5,16920.75,16920.5,16945.5,16895.5,16870.5,16845.5,16820.5,71.36520854526958,near_trigger,-62.36520854526958,25.0,True,True,True,False,False,max_holding_time,16845.75,16846.0,74.5,0.0,74.5,2.98,96.0,6.25,3.84,0.25,60,59.0,3,2024-01-11,1.737538148524924,2.0025429116338205,0.5773835920177384,partial_bearish,1.5437367768293573,2.3584860595831407,bearish,neutral,False,True,True,False,2024
88,99832,99833,99836,2024-01-12 14:37:00+00:00,2024-01-12 14:38:00+00:00,2024-01-12 14:41:00+00:00,short,17003.25,17003.25,17003.0,17028.0,16978.0,16953.0,16928.0,16903.0,73.94695408611797,near_trigger,-61.94695408611797,25.0,False,False,False,False,True,stop,17028.0,17028.25,-25.25,0.0,-25.25,-1.01,0.0,25.0,0.0,1.0,4,3.0,0,2024-01-12,1.7548209366391183,1.1408227848101264,3.6513879922530665,strong_bullish,1.7477999898265426,1.24573997534624,neutral,bearish,True,True,True,False,2024
89,99853,99854,99913,2024-01-12 14:58:00+00:00,2024-01-12 14:59:00+00:00,2024-01-12 15:58:00+00:00,short,17010.75,17010.75,17010.5,17035.5,16985.5,16960.5,16935.5,16910.5,74.76064516129033,near_trigger,-45.76064516129033,25.0,True,True,True,False,False,max_holding_time,16939.0,16939.25,71.25,0.0,71.25,2.85,97.25,2.0,3.89,0.08,60,59.0,3,2024-01-12,1.3548387096774197,0.5103562551781277,4.096774193548387,partial_bullish,1.3975744078967167,1.580505734608447,neutral,bearish,False,True,True,False,2024
90,102355,102356,102376,2024-01-16 14:40:00+00:00,2024-01-16 14:41:00+00:00,2024-01-16 15:01:00+00:00,short,16896.75,16896.75,16896.5,16921.5,16871.5,16846.5,16821.5,16796.5,73.72752008765522,near_trigger,-58.72752008765522,25.0,True,False,False,False,True,stop,16921.5,16921.75,-25.25,0.0,-25.25,-1.01,41.5,29.0,1.66,1.16,21,20.0,1,2024-01-16,2.6021739130434787,0.817167381974249,0.9545454545454544,partial_bullish,1.441479775730877,1.314600073046019,neutral,bearish,True,True,True,False,2024
91,103776,103777,103780,2024-01-17 15:21:00+00:00,2024-01-17 15:22:00+00:00,2024-01-17 15:25:00+00:00,short,16722.75,16722.25,16722.0,16747.0,16697.0,16672.0,16647.0,16622.0,77.76919739989216,near_trigger,-45.76919739989216,25.0,False,False,False,False,True,stop,16747.0,16747.25,-25.25,0.0,-25.25,-1.01,5.5,29.5,0.22,1.18,4,3.0,0,2024-01-17,0.7506234413965087,0.4555490993608367,2.1556039173014145,partial_bearish,0.9383252705134498,1.4789030701512054,bearish,bearish,True,False,True,False,2024
92,106509,106510,106522,2024-01-19 14:54:00+00:00,2024-01-19 14:55:00+00:00,2024-01-19 15:07:00+00:00,long,17210.25,17210.0,17210.25,17185.25,17235.25,17260.25,17285.25,17310.25,71.88003739641901,near_trigger,53.88003739641901,25.0,False,False,False,False,True,stop,17185.25,17185.0,-25.25,0.0,-25.25,-1.01,22.75,29.75,0.91,1.19,13,12.0,0,2024-01-19,1.9219380888290716,2.0766902119071644,1.91812865497076,partial_bearish,0.9562601683111532,1.4823550757507031,neutral,bullish,True,True,True,False,2024
93,107880,107881,107924,2024-01-22 14:45:00+00:00,2024-01-22 14:46:00+00:00,2024-01-22 15:29:00+00:00,long,17512.5,17512.75,17513.0,17488.0,17538.0,17563.0,17588.0,17613.0,70.07708553326293,near_trigger,41.07708553326293,25.0,True,False,False,False,True,stop,17488.0,17487.75,-25.25,0.0,-25.25,-1.01,39.75,29.0,1.59,1.16,44,43.0,1,2024-01-22,1.2565997888067582,0.6284622731614136,2.324567993989481,strong_bearish,1.446101776417389,1.773780086658651,bullish,bullish,True,False,False,False,2024
94,110596,110597,110656,2024-01-24 14:36:00+00:00,2024-01-24 14:37:00+00:00,2024-01-24 15:36:00+00:00,long,17653.25,17653.75,17654.0,17629.0,17679.0,17704.0,17729.0,17754.0,81.58131868131868,high_probability,68.58131868131868,25.0,True,True,True,False,False,max_holding_time,17733.25,17733.0,79.0,0.0,79.0,3.16,79.5,16.75,3.18,0.67,60,59.0,3,2024-01-24,1.010989010989011,0.6956521739130435,0.4537037037037037,partial_bearish,2.503286796469041,1.6002961658528776,bullish,bullish,True,True,True,False,2024
95,111963,111964,111977,2024-01-25 14:32:00+00:00,2024-01-25 14:33:00+00:00,2024-01-25 14:46:00+00:00,long,17698.5,17698.75,17699.0,17674.0,17724.0,17749.0,17774.0,17799.0,72.3,near_trigger,72.3,25.0,False,False,False,False,True,stop,17674.0,17673.75,-25.25,0.0,-25.25,-1.01,15.25,26.75,0.61,1.07,14,13.0,0,2024-01-25,0.8801169590643275,0.7872539831302718,3.2922848664688424,partial_bullish,4.51717811874583,1.5455946131020315,bullish,bullish,True,True,False,False,2024
96,111999,112000,112059,2024-01-25 15:08:00+00:00,2024-01-25 15:09:00+00:00,2024-01-25 16:08:00+00:00,long,17687.5,17687.75,17688.0,17663.0,17713.0,17738.0,17763.0,17788.0,82.78141438455572,high_probability,62.78141438455572,25.0,True,True,False,False,False,max_holding_time,17695.5,17695.25,7.25,0.0,7.25,0.29,50.25,12.0,2.01,0.48,60,59.0,2,2024-01-25,2.6639676113360324,0.9196290571870168,0.9367396593673966,partial_bearish,1.2222291679689945,1.2210841868598552,bullish,bullish,True,True,True,True,2024
97,113341,113342,113343,2024-01-26 14:30:00+00:00,2024-01-26 14:31:00+00:00,2024-01-26 14:32:00+00:00,long,17563.0,17562.75,17563.0,17538.0,17588.0,17613.0,17638.0,17663.0,75.72961224874138,near_trigger,47.729612248741375,25.0,False,False,False,False,True,stop,17538.0,17537.75,-25.25,0.0,-25.25,-1.01,2.25,27.75,0.09,1.11,2,1.0,0,2024-01-26,1.3774597495527727,0.3382137628111273,1.0140845070422535,partial_bearish,8.917159511551716,1.126495597862894,neutral,bullish,True,True,True,True,2024
98,113392,113393,113452,2024-01-26 15:21:00+00:00,2024-01-26 15:22:00+00:00,2024-01-26 16:21:00+00:00,long,17553.25,17552.75,17553.0,17528.0,17578.0,17603.0,17628.0,17653.0,83.0,high_probability,50.0,25.0,True,True,True,False,False,max_holding_time,17612.5,17612.25,59.25,0.0,59.25,2.37,76.75,10.5,3.07,0.42,60,59.0,3,2024-01-26,2.020408163265306,0.2368249837345478,1.750968456004427,partial_bullish,1.4730742583611514,2.024234031504241,neutral,bullish,True,True,True,True,2024
99,114725,114726,114755,2024-01-29 14:34:00+00:00,2024-01-29 14:35:00+00:00,2024-01-29 15:04:00+00:00,long,17553.25,17553.5,17553.75,17528.75,17578.75,17603.75,17628.75,17653.75,82.20173123218231,high_probability,67.20173123218231,25.0,True,False,False,False,True,stop,17528.75,17528.5,-25.25,0.0,-25.25,-1.01,31.0,29.0,1.24,1.16,30,29.0,1,2024-01-29,0.5773195876288659,0.5175097276264591,0.8696711327649208,partial_bullish,3.257403189066059,1.025744202524559,bullish,bullish,True,True,True,False,2024
100,114773,114774,114833,2024-01-29 15:22:00+00:00,2024-01-29 15:23:00+00:00,2024-01-29 16:22:00+00:00,long,17538.75,17539.0,17539.25,17514.25,17564.25,17589.25,17614.25,17639.25,70.0,near_trigger,62.7,25.0,True,False,False,False,False,max_holding_time,17539.0,17538.75,-0.5,0.0,-0.5,-0.02,25.0,19.25,1.0,0.77,60,59.0,1,2024-01-29,2.4822695035460995,0.1174277726001864,0.6933101650738489,partial_bearish,2.1326796823485568,2.516023201934622,bullish,bullish,False,False,True,False,2024
101,116131,116132,116191,2024-01-30 15:00:00+00:00,2024-01-30 15:01:00+00:00,2024-01-30 16:00:00+00:00,short,17644.5,17645.0,17644.75,17669.75,17619.75,17594.75,17569.75,17544.75,70.77203822804593,near_trigger,-61.77203822804593,25.0,True,False,False,False,False,max_holding_time,17642.0,17642.25,2.5,0.0,2.5,0.1,28.5,22.75,1.14,0.91,60,59.0,1,2024-01-30,2.602739726027397,0.0769230769230769,0.7818756585879872,partial_bullish,4.301892378673115,1.3100318567049347,bearish,bearish,False,True,True,False,2024
102,117487,117488,117543,2024-01-31 14:36:00+00:00,2024-01-31 14:37:00+00:00,2024-01-31 15:32:00+00:00,short,17407.0,17407.0,17406.75,17428.25,17381.75,17356.75,17331.75,17306.75,71.03084869831778,near_trigger,-71.03084869831778,21.5,True,True,True,True,False,tp4,17306.75,17307.0,99.75,0.0,99.75,4.6395348837209305,104.75,2.75,4.872093023255814,0.127906976744186,56,55.0,4,2024-01-31,1.2115384615384617,0.7068403908794789,1.1835260115606936,partial_bullish,1.9713478611783697,1.0229027614186623,bearish,bearish,True,True,False,False,2024
103,118865,118866,118871,2024-02-01 14:34:00+00:00,2024-02-01 14:35:00+00:00,2024-02-01 14:40:00+00:00,long,17333.75,17333.75,17334.0,17309.0,17359.0,17384.0,17409.0,17434.0,78.95774471471576,near_trigger,27.95774471471576,25.0,False,False,False,False,True,stop,17309.0,17308.75,-25.25,0.0,-25.25,-1.01,3.5,27.25,0.14,1.09,6,5.0,0,2024-02-01,2.1194444444444445,1.0563514804202483,0.4950038431975403,partial_bearish,2.63022463314556,0.9814539289297948,neutral,bullish,True,True,True,False,2024
104,118920,118921,118932,2024-02-01 15:29:00+00:00,2024-02-01 15:30:00+00:00,2024-02-01 15:41:00+00:00,long,17368.5,17368.25,17368.5,17343.5,17393.5,17418.5,17443.5,17468.5,71.61489361702128,near_trigger,38.61489361702128,25.0,False,False,False,False,True,stop,17343.5,17343.25,-25.25,0.0,-25.25,-1.01,2.75,27.5,0.11,1.1,12,11.0,0,2024-02-01,2.6808510638297878,1.1064094586185438,0.2429501084598698,strong_bullish,1.4029421344045163,2.012301942616888,neutral,neutral,True,True,True,True,2024
105,120243,120244,120245,2024-02-02 14:32:00+00:00,2024-02-02 14:33:00+00:00,2024-02-02 14:34:00+00:00,short,17476.0,17476.5,17476.25,17501.25,17451.25,17426.25,17401.25,17376.25,74.95817244208305,near_trigger,-53.958172442083054,25.0,False,False,False,False,True,stop,17501.25,17501.5,-25.25,0.0,-25.25,-1.01,10.5,44.5,0.42,1.78,2,1.0,0,2024-02-02,1.6815642458100557,0.3652912621359223,3.997549019607843,partial_bearish,5.227611170931752,1.4857209829276867,bearish,bearish,True,True,False,False,2024
106,120251,120252,120255,2024-02-02 14:40:00+00:00,2024-02-02 14:41:00+00:00,2024-02-02 14:44:00+00:00,short,17551.5,17551.5,17551.25,17576.25,17526.25,17501.25,17476.25,17451.25,70.19322033898305,near_trigger,-47.19322033898305,25.0,False,False,False,False,True,stop,17576.25,17576.5,-25.25,0.0,-25.25,-1.01,7.0,27.0,0.28,1.08,4,3.0,0,2024-02-02,1.493519441674975,1.36289500509684,3.997549019607843,partial_bullish,1.603025705677472,1.6110466864235706,bearish,bearish,True,True,False,False,2024
107,121656,121657,121666,2024-02-05 15:05:00+00:00,2024-02-05 15:06:00+00:00,2024-02-05 15:15:00+00:00,long,17670.25,17670.0,17670.25,17645.25,17695.25,17720.25,17745.25,17770.25,77.91164598264717,near_trigger,77.91164598264717,25.0,False,False,False,False,True,stop,17645.25,17645.0,-25.25,0.0,-25.25,-1.01,11.75,37.0,0.47,1.48,10,9.0,0,2024-02-05,0.8761174968071519,2.66,0.1613168724279835,partial_bearish,1.8611205344328177,1.4943793150412252,bullish,bullish,True,True,True,False,2024
108,123006,123007,123019,2024-02-06 14:35:00+00:00,2024-02-06 14:36:00+00:00,2024-02-06 14:48:00+00:00,long,17714.75,17715.0,17715.25,17690.25,17740.25,17765.25,17790.25,17815.25,78.0,near_trigger,41.87931034482759,25.0,False,False,False,False,True,stop,17690.25,17690.0,-25.25,0.0,-25.25,-1.01,17.25,31.75,0.69,1.27,13,12.0,0,2024-02-06,4.514657980456026,0.924924924924925,0.6883116883116883,partial_bearish,4.083036380210491,1.5557064144866672,bullish,bullish,True,True,True,False,2024
109,123031,123032,123091,2024-02-06 15:00:00+00:00,2024-02-06 15:01:00+00:00,2024-02-06 16:00:00+00:00,short,17647.25,17647.0,17646.75,17671.75,17621.75,17596.75,17571.75,17546.75,83.63371298405467,high_probability,-58.63371298405467,25.0,True,False,False,False,False,max_holding_time,17638.25,17638.5,8.25,0.0,8.25,0.33,48.75,12.25,1.95,0.49,60,59.0,1,2024-02-06,1.8337129840546695,3.4570727718724448,2.8233782915863843,strong_bearish,1.8618020376800049,1.648440256009676,bearish,bearish,False,True,True,False,2024
110,124384,124385,124390,2024-02-07 14:33:00+00:00,2024-02-07 14:34:00+00:00,2024-02-07 14:39:00+00:00,long,17749.75,17750.0,17750.25,17725.25,17775.25,17800.25,17825.25,17850.25,74.0,near_trigger,19.55830365729011,25.0,False,False,False,False,True,stop,17725.25,17725.0,-25.25,0.0,-25.25,-1.01,11.5,25.0,0.46,1.0,6,5.0,0,2024-02-07,2.3963963963963963,2.0625,2.256794751640113,partial_bullish,3.298963578717395,1.0572694747807674,bullish,neutral,True,True,True,False,2024
111,124405,124406,124436,2024-02-07 14:54:00+00:00,2024-02-07 14:55:00+00:00,2024-02-07 15:25:00+00:00,long,17739.75,17740.0,17740.25,17717.5,17765.25,17790.25,17815.25,17840.25,73.0,near_trigger,55.1,22.75,True,True,True,True,False,tp4,17840.25,17840.0,99.75,0.0,99.75,4.384615384615385,100.25,22.0,4.406593406593407,0.967032967032967,31,30.0,4,2024-02-07,1.3315217391304348,0.7665289256198348,0.1797752808988764,strong_bearish,1.4069648527907852,2.1134504058730315,bullish,bullish,True,True,True,True,2024
112,127170,127171,127230,2024-02-09 14:59:00+00:00,2024-02-09 15:00:00+00:00,2024-02-09 15:59:00+00:00,long,17940.25,17940.25,17940.5,17915.5,17965.5,17990.5,18015.5,18040.5,82.15842105263158,high_probability,61.15842105263158,25.0,True,True,False,False,False,max_holding_time,17992.5,17992.25,51.75,0.0,51.75,2.07,56.5,17.75,2.26,0.71,60,59.0,2,2024-02-09,2.825,0.2141176470588235,0.6181818181818182,partial_bullish,1.8385284657684495,2.1337278310082053,bullish,bullish,False,True,True,False,2024
113,128553,128554,128613,2024-02-12 15:02:00+00:00,2024-02-12 15:03:00+00:00,2024-02-12 16:02:00+00:00,long,18030.5,18030.5,18030.75,18005.75,18055.75,18080.75,18105.75,18130.75,73.27079266009237,near_trigger,73.27079266009237,25.0,True,True,False,False,False,max_holding_time,18066.0,18065.75,35.0,0.0,35.0,1.4,53.25,16.5,2.13,0.66,60,59.0,2,2024-02-12,0.6363636363636364,0.389920424403183,0.6632522407170295,partial_bearish,1.0973824840872732,0.7317211561375835,bullish,bullish,True,False,True,False,2024
114,131330,131331,131351,2024-02-14 15:19:00+00:00,2024-02-14 15:20:00+00:00,2024-02-14 15:40:00+00:00,long,17825.25,17825.75,17826.0,17801.0,17851.0,17876.0,17901.0,17926.0,75.66657381615599,near_trigger,54.66657381615599,25.0,False,False,False,False,True,stop,17801.0,17800.75,-25.25,0.0,-25.25,-1.01,21.0,28.75,0.84,1.15,21,20.0,0,2024-02-14,2.7103064066852367,0.5360360360360361,0.42,strong_bullish,2.0391304896995117,2.4459494265412176,bullish,bullish,True,True,False,False,2024
115,132692,132693,132701,2024-02-15 15:01:00+00:00,2024-02-15 15:02:00+00:00,2024-02-15 15:10:00+00:00,short,17821.5,17822.0,17821.75,17846.75,17796.75,17771.75,17746.75,17721.75,71.91392829769956,near_trigger,-71.91392829769956,25.0,False,False,False,False,True,stop,17846.75,17847.0,-25.25,0.0,-25.25,-1.01,24.5,28.0,0.98,1.12,9,8.0,0,2024-02-15,0.1747815230961298,2.6343467543138868,3.875432525951557,partial_bearish,0.8020583615772505,0.8096718336010681,bearish,bearish,True,True,True,True,2024
116,132702,132703,132707,2024-02-15 15:11:00+00:00,2024-02-15 15:12:00+00:00,2024-02-15 15:16:00+00:00,short,17838.5,17838.25,17838.0,17863.0,17813.0,17788.0,17763.0,17738.0,71.42019190167501,near_trigger,-41.42019190167501,25.0,False,False,False,False,True,stop,17863.0,17863.25,-25.25,0.0,-25.25,-1.01,0.0,25.25,0.0,1.01,5,4.0,0,2024-02-15,1.1650485436893203,0.1778405081157374,3.875432525951557,partial_bearish,0.7863112811343507,1.03745765269034,bearish,bearish,False,True,True,False,2024
117,134061,134062,134071,2024-02-16 14:50:00+00:00,2024-02-16 14:51:00+00:00,2024-02-16 15:00:00+00:00,short,17843.0,17843.0,17842.75,17867.75,17817.75,17792.75,17767.75,17742.75,79.0,near_trigger,-46.0,25.0,True,True,True,True,False,tp4,17742.75,17743.0,99.75,0.0,99.75,3.99,129.0,5.25,5.16,0.21,10,9.0,4,2024-02-16,2.8464088397790057,2.6774716369529985,4.565671641791045,strong_bearish,1.934676424064385,2.4169643535760432,neutral,bearish,False,True,True,False,2024
118,134072,134073,134074,2024-02-16 15:01:00+00:00,2024-02-16 15:02:00+00:00,2024-02-16 15:03:00+00:00,short,17729.25,17729.75,17729.5,17754.5,17704.5,17679.5,17654.5,17629.5,87.11876391982183,high_probability,-74.11876391982183,25.0,False,False,False,False,True,stop,17754.5,17754.75,-25.25,0.0,-25.25,-1.01,2.25,25.25,0.09,1.01,2,1.0,0,2024-02-16,2.057906458797328,4.832803560076287,4.481798715203427,strong_bearish,1.0978230138535483,1.6463679630277397,bearish,bearish,False,True,True,False,2024
119,136564,136565,136571,2024-02-20 14:33:00+00:00,2024-02-20 14:34:00+00:00,2024-02-20 14:40:00+00:00,short,17691.75,17692.0,17691.75,17716.75,17666.75,17641.75,17616.75,17591.75,72.25936238520265,near_trigger,-61.25936238520265,25.0,True,True,True,True,False,tp4,17591.75,17592.0,99.75,0.0,99.75,3.99,108.0,4.0,4.32,0.16,7,6.0,4,2024-02-20,2.70653685674548,0.5971563981042655,0.971900826446281,partial_bearish,3.7567817917162896,1.466135321002212,bearish,bearish,True,True,False,False,2024
120,137943,137944,138003,2024-02-21 14:32:00+00:00,2024-02-21 14:33:00+00:00,2024-02-21 15:32:00+00:00,short,17503.5,17503.25,17503.0,17528.0,17478.0,17453.0,17428.0,17403.0,71.50861625528638,near_trigger,-58.508616255286384,25.0,True,True,False,False,False,max_holding_time,17465.5,17465.75,37.25,0.0,37.25,1.49,54.5,22.75,2.18,0.91,60,59.0,2,2024-02-21,0.462046204620462,0.9174311926605504,0.057471264367816,partial_bullish,4.311034259159192,1.1136469914920049,bearish,bearish,False,False,True,False,2024
121,139322,139323,139382,2024-02-22 14:31:00+00:00,2024-02-22 14:32:00+00:00,2024-02-22 15:31:00+00:00,long,17870.5,17870.25,17870.5,17845.5,17895.5,17920.5,17945.5,17970.5,73.0,near_trigger,65.1,25.0,True,True,True,False,False,max_holding_time,17958.75,17958.5,88.0,0.0,88.0,3.52,99.75,6.5,3.99,0.26,60,59.0,3,2024-02-22,0.6858108108108109,0.3186077643908969,0.2178046672428695,partial_bearish,7.83777058969893,1.6151878937821675,bullish,bullish,True,True,True,True,2024
122,142081,142082,142086,2024-02-26 14:30:00+00:00,2024-02-26 14:31:00+00:00,2024-02-26 14:35:00+00:00,long,18033.25,18033.25,18033.5,18008.5,18058.5,18083.5,18108.5,18133.5,74.40205059389643,near_trigger,61.40205059389643,25.0,False,False,False,False,True,stop,18008.5,18008.25,-25.25,0.0,-25.25,-1.01,17.25,25.75,0.69,1.03,5,4.0,0,2024-02-26,5.049180327868853,0.663023679417122,1.3037694013303769,strong_bullish,16.25552909152773,1.0017088282470357,bullish,bullish,True,True,True,False,2024
123,142087,142088,142095,2024-02-26 14:36:00+00:00,2024-02-26 14:37:00+00:00,2024-02-26 14:44:00+00:00,long,18020.5,18020.5,18020.75,17995.75,18045.75,18070.75,18095.75,18120.75,78.0,near_trigger,78.0,25.0,False,False,False,False,True,stop,17995.75,17995.5,-25.25,0.0,-25.25,-1.01,13.75,30.0,0.55,1.2,8,7.0,0,2024-02-26,1.8172185430463572,0.6746987951807228,1.3037694013303769,partial_bullish,1.5182302791656608,0.7721300170975696,bullish,bullish,True,True,True,False,2024
124,143469,143470,143491,2024-02-27 14:38:00+00:00,2024-02-27 14:39:00+00:00,2024-02-27 15:00:00+00:00,short,17990.25,17990.5,17990.25,18015.25,17965.25,17940.25,17915.25,17890.25,74.03728813559322,near_trigger,-70.03728813559322,25.0,True,True,False,False,True,stop,18015.25,18015.5,-25.25,0.0,-25.25,-1.01,52.25,27.75,2.09,1.11,22,21.0,2,2024-02-27,1.6807909604519775,0.3605150214592275,0.4188034188034187,partial_bearish,2.747727443467809,1.5851517975166316,bearish,bearish,True,True,True,False,2024
125,144847,144848,144907,2024-02-28 14:36:00+00:00,2024-02-28 14:37:00+00:00,2024-02-28 15:36:00+00:00,short,17940.25,17940.5,17940.25,17965.25,17915.25,17890.25,17865.25,17840.25,73.0,near_trigger,-51.19435843997738,25.0,True,True,False,False,False,max_holding_time,17923.5,17923.75,16.5,0.0,16.5,0.66,64.0,6.25,2.56,0.25,60,59.0,2,2024-02-28,1.179144385026738,0.0534351145038167,0.1596491228070175,partial_bullish,1.8889250423852173,1.0330810729806683,bearish,bearish,True,True,True,False,2024
126,146262,146263,146313,2024-02-29 15:11:00+00:00,2024-02-29 15:12:00+00:00,2024-02-29 16:02:00+00:00,long,18003.5,18003.5,18003.75,17978.75,18028.75,18053.75,18078.75,18103.75,78.0,near_trigger,44.08682526661198,25.0,True,False,False,False,True,stop,17978.75,17978.5,-25.25,0.0,-25.25,-1.01,34.25,37.25,1.37,1.49,51,50.0,1,2024-02-29,4.138364779874214,0.1532447224394058,1.3402537485582469,partial_bullish,2.6171248609526008,2.7456805092452257,bullish,bullish,True,True,True,False,2024
127,147654,147655,147685,2024-03-01 15:23:00+00:00,2024-03-01 15:24:00+00:00,2024-03-01 15:54:00+00:00,short,18166.0,18165.75,18165.5,18190.5,18140.5,18115.5,18090.5,18065.5,76.10546236415476,near_trigger,-20.10546236415476,25.0,False,False,False,False,True,stop,18190.5,18190.75,-25.25,0.0,-25.25,-1.01,21.25,28.0,0.85,1.12,31,30.0,0,2024-03-01,1.4924924924924925,1.9910714285714288,3.6538461538461537,partial_bullish,0.924740067479171,1.1481085702073093,neutral,bearish,True,False,True,False,2024
128,151747,151748,151768,2024-03-06 14:36:00+00:00,2024-03-06 14:37:00+00:00,2024-03-06 14:57:00+00:00,long,18074.0,18074.0,18074.25,18049.25,18099.25,18124.25,18149.25,18174.25,70.0,near_trigger,16.968811881188117,25.0,True,False,False,False,True,stop,18049.25,18049.0,-25.25,0.0,-25.25,-1.01,40.75,30.25,1.63,1.21,21,20.0,1,2024-03-06,2.828488372093023,0.1772151898734177,1.2808988764044944,partial_bullish,2.43655675439481,1.3593234323432344,bullish,bullish,False,True,True,False,2024
129,151782,151783,151784,2024-03-06 15:11:00+00:00,2024-03-06 15:12:00+00:00,2024-03-06 15:13:00+00:00,long,18006.5,18006.75,18007.0,17982.0,18032.0,18057.0,18082.0,18107.0,80.32242730286329,high_probability,48.32242730286329,25.0,False,False,False,False,True,stop,17982.0,17981.75,-25.25,0.0,-25.25,-1.01,0.25,26.0,0.01,1.04,2,1.0,0,2024-03-06,1.0602782071097372,4.298327759197324,0.8062387522495501,partial_bearish,0.8397129384171973,1.4317496972598496,bullish,bullish,True,True,True,False,2024
130,151786,151787,151846,2024-03-06 15:15:00+00:00,2024-03-06 15:16:00+00:00,2024-03-06 16:15:00+00:00,long,18018.5,18018.5,18018.75,17993.75,18043.75,18068.75,18093.75,18118.75,92.73684210526316,a_plus_plus,71.73684210526315,25.0,True,True,True,False,False,max_holding_time,18101.0,18100.75,82.0,0.0,82.0,3.28,89.5,24.25,3.58,0.97,60,59.0,3,2024-03-06,0.8373205741626795,2.864864864864865,2.7885597548518897,partial_bearish,1.09505754230069,1.770647653000594,bullish,bullish,True,True,True,True,2024
131,153126,153127,153132,2024-03-07 14:35:00+00:00,2024-03-07 14:36:00+00:00,2024-03-07 14:41:00+00:00,long,18205.0,18205.0,18205.25,18180.25,18230.25,18255.25,18280.25,18305.25,96.98705491065606,a_plus_plus,71.98705491065606,25.0,False,False,False,False,True,stop,18180.25,18180.0,-25.25,0.0,-25.25,-1.01,20.0,27.25,0.8,1.09,6,5.0,0,2024-03-07,2.149210903873745,2.753072625698324,3.0429553264604814,strong_bullish,4.59253678074315,1.7638771484925333,bullish,bullish,True,True,True,False,2024
132,153134,153135,153136,2024-03-07 14:43:00+00:00,2024-03-07 14:44:00+00:00,2024-03-07 14:45:00+00:00,long,18178.75,18178.75,18179.0,18154.0,18204.0,18229.0,18254.0,18279.0,75.0,near_trigger,75.0,25.0,False,False,False,False,True,stop,18154.0,18153.75,-25.25,0.0,-25.25,-1.01,4.5,37.75,0.18,1.51,2,1.0,0,2024-03-07,1.6666666666666667,3.0821917808219177,3.0429553264604814,partial_bullish,1.1661650902837488,1.302333397349721,bullish,bullish,True,True,True,False,2024
133,153166,153167,153226,2024-03-07 15:15:00+00:00,2024-03-07 15:16:00+00:00,2024-03-07 16:15:00+00:00,long,18228.5,18228.75,18229.0,18204.0,18254.0,18279.0,18304.0,18329.0,72.91110641110377,near_trigger,63.91110641110377,25.0,True,True,False,False,False,max_holding_time,18267.25,18267.0,38.0,0.0,38.0,1.52,53.25,20.5,2.13,0.82,60,59.0,2,2024-03-07,1.7788235294117647,1.8300653594771243,1.9189034837235863,strong_bullish,2.03696752545072,2.397932539735676,bullish,bullish,True,False,False,False,2024
134,155484,155485,155523,2024-03-11 13:53:00+00:00,2024-03-11 13:54:00+00:00,2024-03-11 14:32:00+00:00,short,18191.25,18192.0,18191.75,18216.75,18166.75,18141.75,18116.75,18091.75,75.12844219328818,near_trigger,-66.12844219328818,25.0,True,True,False,False,True,stop,18216.75,18217.0,-25.25,0.0,-25.25,-1.01,54.0,32.25,2.16,1.29,39,38.0,2,2024-03-11,0.7275775356244761,0.526130358191427,0.970754716981132,partial_bearish,0.8009626136418883,0.8051608489009983,bearish,bearish,True,True,True,False,2024
135,156841,156842,156842,2024-03-12 13:30:00+00:00,2024-03-12 13:31:00+00:00,2024-03-12 13:31:00+00:00,long,18329.25,18329.75,18330.0,18305.0,18355.0,18380.0,18405.0,18430.0,71.41323154507036,near_trigger,55.41323154507036,25.0,False,False,False,False,True,stop,18305.0,18304.75,-25.25,0.0,-25.25,-1.01,6.0,27.25,0.24,1.09,1,0.0,0,2024-03-12,1.7833089311859445,0.0552813425468904,0.5443668993020937,partial_bullish,6.951751301167534,1.006640322646352,bullish,neutral,False,True,True,False,2024
136,156866,156867,156895,2024-03-12 13:55:00+00:00,2024-03-12 13:56:00+00:00,2024-03-12 14:24:00+00:00,long,18256.75,18256.75,18257.0,18232.0,18282.0,18307.0,18332.0,18357.0,73.79736842105264,near_trigger,60.79736842105264,25.0,True,True,True,True,False,tp4,18357.0,18356.75,99.75,0.0,99.75,3.99,101.0,4.25,4.04,0.17,29,28.0,4,2024-03-12,2.263157894736842,2.219681908548708,2.0388349514563107,partial_bearish,1.2061643780839884,1.6844997431143476,bullish,bullish,True,True,False,False,2024
137,158221,158222,158252,2024-03-13 13:30:00+00:00,2024-03-13 13:31:00+00:00,2024-03-13 14:01:00+00:00,short,18410.0,18410.25,18410.0,18435.0,18385.0,18360.0,18335.0,18310.0,83.81164474138434,high_probability,-62.81164474138434,25.0,True,True,True,True,False,tp4,18310.0,18310.25,99.75,0.0,99.75,3.99,104.5,0.75,4.18,0.03,31,30.0,4,2024-03-13,3.7857142857142856,0.4946236559139785,1.5161943319838058,strong_bearish,16.6679208367823,1.1763706178202888,bearish,bearish,False,True,True,False,2024
138,161016,161017,161021,2024-03-15 14:05:00+00:00,2024-03-15 14:06:00+00:00,2024-03-15 14:10:00+00:00,short,18054.25,18054.5,18054.25,18079.25,18029.25,18004.25,17979.25,17954.25,71.81936184272632,near_trigger,-62.81936184272632,25.0,True,False,False,False,True,stop,18079.25,18079.5,-25.25,0.0,-25.25,-1.01,25.0,35.75,1.0,1.43,5,4.0,1,2024-03-15,2.3922558922558923,1.1547096144460711,4.18968058968059,strong_bearish,1.7317833408480523,1.9215835553863725,bearish,bearish,True,True,True,False,2024
139,161022,161023,161036,2024-03-15 14:11:00+00:00,2024-03-15 14:12:00+00:00,2024-03-15 14:25:00+00:00,short,18095.25,18095.0,18094.75,18115.25,18069.75,18044.75,18019.75,17994.75,70.0,near_trigger,-61.36040001656383,20.5,False,False,False,False,True,stop,18115.25,18115.5,-20.75,0.0,-20.75,-1.0121951219512195,18.0,31.25,0.8780487804878049,1.524390243902439,14,13.0,0,2024-03-15,2.5334382376081823,0.3342516069788797,4.18968058968059,partial_bearish,1.2996108949416345,1.7490981031071802,bearish,bearish,False,False,True,False,2024
140,162385,162386,162388,2024-03-18 13:54:00+00:00,2024-03-18 13:55:00+00:00,2024-03-18 13:57:00+00:00,long,18315.0,18315.5,18315.75,18290.75,18340.75,18365.75,18390.75,18415.75,70.45055762081785,near_trigger,51.45055762081785,25.0,False,False,False,False,True,stop,18290.75,18290.5,-25.25,0.0,-25.25,-1.01,6.5,26.0,0.26,1.04,3,2.0,0,2024-03-18,1.0408921933085502,2.839556004036327,2.046403712296984,partial_bullish,0.907395430685698,1.6378444414279898,bullish,bullish,True,False,True,False,2024
141,162398,162399,162458,2024-03-18 14:07:00+00:00,2024-03-18 14:08:00+00:00,2024-03-18 15:07:00+00:00,long,18327.0,18327.0,18327.25,18302.25,18352.25,18377.25,18402.25,18427.25,76.45384615384616,near_trigger,55.45384615384616,25.0,True,True,False,False,False,max_holding_time,18347.5,18347.25,20.0,0.0,20.0,0.8,53.5,3.75,2.14,0.15,60,59.0,2,2024-03-18,2.017094017094017,1.024390243902439,0.5758354755784062,partial_bullish,1.4122143888558567,1.9607519399957545,bullish,neutral,False,True,True,False,2024
142,163741,163742,163801,2024-03-19 13:30:00+00:00,2024-03-19 13:31:00+00:00,2024-03-19 14:30:00+00:00,short,18134.0,18134.0,18133.75,18158.75,18108.75,18083.75,18058.75,18033.75,86.650357072609,high_probability,-78.650357072609,25.0,True,True,True,False,False,max_holding_time,18073.5,18073.75,60.0,0.0,60.0,2.4,80.5,18.0,3.22,0.72,60,59.0,3,2024-03-19,1.3008849557522124,0.2143540669856459,1.4645873944119558,partial_bullish,15.8252427184466,1.2587783864662017,bearish,bearish,True,True,True,False,2024
143,165122,165123,165125,2024-03-20 13:31:00+00:00,2024-03-20 13:32:00+00:00,2024-03-20 13:34:00+00:00,long,18332.0,18332.0,18332.25,18307.25,18357.25,18382.25,18407.25,18432.25,83.38510221782933,high_probability,74.38510221782933,25.0,False,False,False,False,True,stop,18307.25,18307.0,-25.25,0.0,-25.25,-1.01,0.25,30.0,0.01,1.2,3,2.0,0,2024-03-20,2.333333333333333,2.0522496371552976,0.7170445004198153,strong_bullish,6.0508809418215534,0.7883098192055972,bullish,bullish,False,True,True,False,2024
144,165174,165175,165196,2024-03-20 14:23:00+00:00,2024-03-20 14:24:00+00:00,2024-03-20 14:45:00+00:00,long,18278.5,18278.5,18278.75,18255.0,18303.75,18328.75,18353.75,18378.75,85.49134354498959,high_probability,84.49134354498959,23.75,True,False,False,False,True,stop,18255.0,18254.75,-24.0,0.0,-24.0,-1.0105263157894735,26.0,25.25,1.0947368421052632,1.063157894736842,22,21.0,1,2024-03-20,1.6775599128540306,0.2297174111212397,1.3551465576005453,partial_bearish,1.985960197391284,1.1757928234390431,bullish,bullish,False,True,True,False,2024
145,166540,166541,166545,2024-03-21 14:09:00+00:00,2024-03-21 14:10:00+00:00,2024-03-21 14:14:00+00:00,long,18662.25,18662.25,18662.5,18637.5,18687.5,18712.5,18737.5,18762.5,81.73263004871522,high_probability,75.73263004871522,25.0,False,False,False,False,True,stop,18637.5,18637.25,-25.25,0.0,-25.25,-1.01,4.5,25.25,0.18,1.01,5,4.0,0,2024-03-21,1.6340057636887608,1.6686656671664166,0.1351724137931034,partial_bearish,1.2473021293045132,1.4409765295489505,bullish,bullish,True,True,True,True,2024
146,166552,166553,166561,2024-03-21 14:21:00+00:00,2024-03-21 14:22:00+00:00,2024-03-21 14:30:00+00:00,long,18676.5,18676.25,18676.5,18651.5,18701.5,18726.5,18751.5,18776.5,78.47319587628866,near_trigger,70.47319587628866,25.0,False,False,False,False,True,stop,18651.5,18651.25,-25.25,0.0,-25.25,-1.01,11.0,52.5,0.44,2.1,9,8.0,0,2024-03-21,1.9793814432989687,0.4803493449781659,0.4516129032258065,partial_bullish,1.4275504958688048,1.898932621747832,bullish,bullish,False,True,True,False,2024
147,169318,169319,169378,2024-03-25 14:27:00+00:00,2024-03-25 14:28:00+00:00,2024-03-25 15:27:00+00:00,short,18517.75,18518.25,18518.0,18543.0,18493.0,18468.0,18443.0,18418.0,81.76516952422685,high_probability,-68.76516952422685,25.0,False,False,False,False,False,max_holding_time,18523.25,18523.5,-5.5,0.0,-5.5,-0.22,19.0,23.75,0.76,0.95,60,59.0,0,2024-03-25,1.310756972111554,1.6218905472636815,1.2481927710843377,partial_bullish,0.7627015884564083,1.010815240972568,bearish,bearish,True,False,True,False,2024
148,172023,172024,172027,2024-03-27 13:32:00+00:00,2024-03-27 13:33:00+00:00,2024-03-27 13:36:00+00:00,long,18536.25,18536.25,18536.5,18511.5,18561.5,18586.5,18611.5,18636.5,74.0,near_trigger,15.352469135802464,25.0,False,False,False,False,True,stop,18511.5,18511.25,-25.25,0.0,-25.25,-1.01,3.25,45.75,0.13,1.83,4,3.0,0,2024-03-27,3.7966101694915255,1.6047430830039524,2.982456140350877,partial_bullish,6.234007908816003,1.206275720164609,bullish,bullish,False,True,True,False,2024
149,172037,172038,172044,2024-03-27 13:46:00+00:00,2024-03-27 13:47:00+00:00,2024-03-27 13:53:00+00:00,long,18508.5,18508.75,18509.0,18484.0,18534.0,18559.0,18584.0,18609.0,80.65863399960156,high_probability,80.65863399960156,25.0,False,False,False,False,True,stop,18484.0,18483.75,-25.25,0.0,-25.25,-1.01,5.0,29.0,0.2,1.16,7,6.0,0,2024-03-27,1.002386634844869,4.130081300813008,1.1174311926605505,partial_bearish,0.7862843629914277,0.7143026387495756,bullish,bullish,True,False,True,False,2024
150,172045,172046,172051,2024-03-27 13:54:00+00:00,2024-03-27 13:55:00+00:00,2024-03-27 14:00:00+00:00,long,18467.5,18468.0,18468.25,18443.25,18493.25,18518.25,18543.25,18568.25,70.0,near_trigger,16.327118644067795,25.0,False,False,False,False,True,stop,18443.25,18443.0,-25.25,0.0,-25.25,-1.01,7.75,25.75,0.31,1.03,6,5.0,0,2024-03-27,3.2122015915119366,3.055679287305123,1.1174311926605505,strong_bearish,2.4027829096185216,3.3995945273949024,bullish,bullish,False,False,True,False,2024
151,172053,172054,172066,2024-03-27 14:02:00+00:00,2024-03-27 14:03:00+00:00,2024-03-27 14:15:00+00:00,short,18400.0,18400.0,18399.75,18424.75,18374.75,18349.75,18324.75,18299.75,70.4,near_trigger,-65.4,25.0,False,False,False,False,True,stop,18424.75,18425.0,-25.25,0.0,-25.25,-1.01,21.25,29.25,0.85,1.17,13,12.0,0,2024-03-27,3.25050916496945,3.3129770992366416,3.7165231010180113,strong_bearish,2.5501846257133267,3.2174658803350025,bearish,bearish,False,True,True,False,2024
152,172075,172076,172089,2024-03-27 14:24:00+00:00,2024-03-27 14:25:00+00:00,2024-03-27 14:38:00+00:00,short,18413.75,18414.0,18413.75,18438.75,18388.75,18363.75,18338.75,18313.75,77.60266976247458,near_trigger,-77.60266976247458,25.0,False,False,False,False,True,stop,18438.75,18439.0,-25.25,0.0,-25.25,-1.01,11.0,26.75,0.44,1.07,14,13.0,0,2024-03-27,0.9655172413793104,1.3242117787031529,4.917948717948718,strong_bearish,0.471152797469735,0.6832592848207739,bearish,bearish,True,False,True,False,2024
153,173409,173410,173417,2024-03-28 13:38:00+00:00,2024-03-28 13:39:00+00:00,2024-03-28 13:46:00+00:00,short,18498.0,18498.5,18498.25,18523.25,18473.25,18448.25,18423.25,18398.25,70.0,near_trigger,-58.62907544753457,25.0,False,False,False,False,True,stop,18523.25,18523.5,-25.25,0.0,-25.25,-1.01,11.75,25.25,0.47,1.01,8,7.0,0,2024-03-28,1.8144853875476488,1.2929936305732483,0.0272373540856031,partial_bullish,2.0115450788699327,1.0888581351019662,bearish,bearish,False,False,True,False,2024
154,173439,173440,173499,2024-03-28 14:08:00+00:00,2024-03-28 14:09:00+00:00,2024-03-28 15:08:00+00:00,short,18505.0,18504.5,18504.25,18529.25,18479.25,18454.25,18429.25,18404.25,91.08178895617478,a_plus_plus,-78.08178895617478,25.0,True,False,False,False,False,max_holding_time,18494.75,18495.0,9.25,0.0,9.25,0.37,28.25,12.25,1.13,0.49,60,59.0,1,2024-03-28,2.2773972602739727,1.904593639575972,1.329608938547486,partial_bullish,1.5871188763275097,1.169580013531663,bearish,bearish,True,True,True,True,2024
155,174784,174785,174786,2024-04-01 13:33:00+00:00,2024-04-01 13:34:00+00:00,2024-04-01 13:35:00+00:00,short,18532.25,18532.25,18532.0,18557.0,18507.0,18482.0,18457.0,18432.0,70.0,near_trigger,-23.495918367346945,25.0,False,False,False,False,True,stop,18557.0,18557.25,-25.25,0.0,-25.25,-1.01,1.0,44.0,0.04,1.76,2,1.0,0,2024-04-01,3.3190730837789664,0.2031930333817126,0.5423037716615698,partial_bearish,5.283170564449384,1.6876279392991758,bearish,bearish,False,True,True,False,2024
156,174787,174788,174789,2024-04-01 13:36:00+00:00,2024-04-01 13:37:00+00:00,2024-04-01 13:38:00+00:00,short,18564.25,18564.5,18564.25,18589.25,18539.25,18514.25,18489.25,18464.25,70.0,near_trigger,-31.36166211923998,25.0,False,False,False,False,True,stop,18589.25,18589.5,-25.25,0.0,-25.25,-1.01,0.25,29.75,0.01,1.19,2,1.0,0,2024-04-01,5.384615384615384,2.4714912280701755,0.5423037716615698,partial_bullish,1.970845823781814,1.0343099073809872,bearish,bearish,False,True,True,False,2024
157,176171,176172,176190,2024-04-02 13:40:00+00:00,2024-04-02 13:41:00+00:00,2024-04-02 13:59:00+00:00,short,18229.0,18229.25,18229.0,18254.0,18204.0,18179.0,18154.0,18129.0,70.49390392821971,near_trigger,-57.49390392821971,25.0,False,False,False,False,True,stop,18254.0,18254.25,-25.25,0.0,-25.25,-1.01,5.5,26.0,0.22,1.04,19,18.0,0,2024-04-02,2.694054054054054,1.8530986993114,4.097112860892389,strong_bearish,2.362546727585593,1.4925775978407558,bearish,bearish,False,True,True,False,2024
158,177543,177544,177571,2024-04-03 13:32:00+00:00,2024-04-03 13:33:00+00:00,2024-04-03 14:00:00+00:00,short,18267.0,18267.25,18267.0,18292.0,18242.0,18217.0,18192.0,18167.0,82.0,high_probability,-46.228773630901216,25.0,False,False,False,False,True,stop,18292.0,18292.25,-25.25,0.0,-25.25,-1.01,14.5,62.0,0.58,2.48,28,27.0,0,2024-04-03,2.6764705882352944,1.95213319458897,2.9930286599535245,partial_bearish,3.380432335059671,0.7627866801313441,bearish,bearish,True,True,True,False,2024
159,177580,177581,177584,2024-04-03 14:09:00+00:00,2024-04-03 14:10:00+00:00,2024-04-03 14:13:00+00:00,short,18332.5,18333.0,18332.75,18357.75,18307.75,18282.75,18257.75,18232.75,74.61842105263158,near_trigger,-63.618421052631575,25.0,False,False,False,False,True,stop,18357.75,18358.0,-25.25,0.0,-25.25,-1.01,4.25,26.5,0.17,1.06,4,3.0,0,2024-04-03,1.212719298245614,3.226086956521739,0.2360080917060013,partial_bearish,1.6838517623711118,1.8540686903235,bearish,bearish,True,True,False,False,2024
160,178951,178952,178973,2024-04-04 14:00:00+00:00,2024-04-04 14:01:00+00:00,2024-04-04 14:22:00+00:00,long,18527.0,18527.5,18527.75,18504.5,18552.75,18577.75,18602.75,18627.75,77.87240462698067,near_trigger,65.87240462698067,23.25,False,False,False,False,True,stop,18504.5,18504.25,-23.5,0.0,-23.5,-1.010752688172043,3.5,29.0,0.1505376344086021,1.2473118279569892,22,21.0,0,2024-04-04,0.646795827123696,1.736220472440945,1.3471901462663587,partial_bullish,1.5689089144968569,0.8622100157774791,bullish,bullish,True,False,True,False,2024
161,180343,180344,180349,2024-04-05 14:12:00+00:00,2024-04-05 14:13:00+00:00,2024-04-05 14:18:00+00:00,long,18250.25,18250.5,18250.75,18225.75,18275.75,18300.75,18325.75,18350.75,91.6,a_plus_plus,52.6,25.0,False,False,False,False,True,stop,18225.75,18225.5,-25.25,0.0,-25.25,-1.01,2.25,33.5,0.09,1.34,6,5.0,0,2024-04-05,3.4306306306306302,1.0972423802612483,0.6296296296296297,strong_bullish,1.9322761752230768,2.39954539990602,bullish,bullish,True,True,True,False,2024
162,180352,180353,180357,2024-04-05 14:21:00+00:00,2024-04-05 14:22:00+00:00,2024-04-05 14:26:00+00:00,long,18225.5,18225.5,18225.75,18200.75,18250.75,18275.75,18300.75,18325.75,78.67407804749304,near_trigger,78.67407804749304,25.0,False,False,False,False,True,stop,18200.75,18200.5,-25.25,0.0,-25.25,-1.01,7.0,31.75,0.28,1.27,5,4.0,0,2024-04-05,0.585972850678733,0.1095764272559852,2.101951413779371,partial_bearish,0.6871868289191124,0.9900876640119176,bullish,bullish,True,True,True,False,2024
163,181699,181700,181701,2024-04-08 13:48:00+00:00,2024-04-08 13:49:00+00:00,2024-04-08 13:50:00+00:00,long,18298.5,18298.25,18298.5,18273.5,18323.5,18348.5,18373.5,18398.5,81.80291038064787,high_probability,75.80291038064787,25.0,False,False,False,False,True,stop,18273.5,18273.25,-25.25,0.0,-25.25,-1.01,1.5,28.25,0.06,1.13,2,1.0,0,2024-04-08,0.8388429752066117,3.307513555383424,1.564102564102564,partial_bearish,0.662281047108426,0.8092434990247444,bullish,bullish,True,True,True,False,2024
164,181703,181704,181763,2024-04-08 13:52:00+00:00,2024-04-08 13:53:00+00:00,2024-04-08 14:52:00+00:00,long,18284.0,18283.75,18284.0,18259.0,18309.0,18334.0,18359.0,18384.0,72.31492153208792,near_trigger,66.31492153208792,25.0,True,True,True,False,False,max_holding_time,18367.5,18367.25,83.25,0.0,83.25,3.33,90.5,7.75,3.62,0.31,60,59.0,3,2024-04-08,0.0450643776824034,2.943481537302185,1.564102564102564,partial_bearish,0.657499628363312,0.8764750760450623,bullish,bullish,False,True,True,False,2024
165,183063,183064,183064,2024-04-09 13:32:00+00:00,2024-04-09 13:33:00+00:00,2024-04-09 13:33:00+00:00,long,18399.0,18399.25,18399.5,18376.5,18424.5,18449.5,18474.5,18499.5,70.20954486280479,near_trigger,70.20954486280479,23.0,False,False,False,False,True,stop,18376.5,18376.25,-23.25,0.0,-23.25,-1.0108695652173914,3.25,29.5,0.1413043478260869,1.2826086956521738,1,0.0,0,2024-04-09,1.909090909090909,2.1678726483357456,1.1473759884974837,strong_bullish,2.915054179566564,0.7579540523373185,bullish,bullish,True,True,True,False,2024
166,183065,183066,183118,2024-04-09 13:34:00+00:00,2024-04-09 13:35:00+00:00,2024-04-09 14:27:00+00:00,long,18353.0,18353.5,18353.75,18328.75,18378.75,18403.75,18428.75,18453.75,78.0,near_trigger,41.6,25.0,True,False,False,False,True,stop,18328.75,18328.5,-25.25,0.0,-25.25,-1.01,49.25,43.25,1.97,1.73,53,52.0,1,2024-04-09,3.2372372372372373,2.1678726483357456,1.1473759884974837,partial_bullish,4.282062902202483,1.794425748816858,bullish,bullish,True,True,True,False,2024
167,184457,184458,184459,2024-04-10 13:46:00+00:00,2024-04-10 13:47:00+00:00,2024-04-10 13:48:00+00:00,short,18116.5,18116.5,18116.25,18141.25,18091.25,18066.25,18041.25,18016.25,90.91146295123497,a_plus_plus,-59.91146295123495,25.0,False,False,False,False,True,stop,18141.25,18141.5,-25.25,0.0,-25.25,-1.01,9.0,25.25,0.36,1.01,2,1.0,0,2024-04-10,1.7555414819506014,1.8159246575342465,3.789808917197452,partial_bearish,1.4949920513944406,1.939206734441031,bearish,bearish,True,True,True,True,2024
168,184460,184461,184461,2024-04-10 13:49:00+00:00,2024-04-10 13:50:00+00:00,2024-04-10 13:50:00+00:00,short,18124.75,18125.0,18124.75,18149.75,18099.75,18074.75,18049.75,18024.75,71.2889029003783,near_trigger,-40.288902900378304,25.0,False,False,False,False,True,stop,18149.75,18150.0,-25.25,0.0,-25.25,-1.01,3.25,29.75,0.13,1.19,1,0.0,0,2024-04-10,2.312736443883985,1.8159246575342465,3.789808917197452,partial_bearish,1.261376245422193,2.155523898413322,bearish,bearish,True,True,True,True,2024
169,184462,184463,184465,2024-04-10 13:51:00+00:00,2024-04-10 13:52:00+00:00,2024-04-10 13:54:00+00:00,short,18176.0,18175.75,18175.5,18198.25,18150.5,18125.5,18100.5,18075.5,70.0,near_trigger,-40.81036144578313,22.75,False,False,False,False,True,stop,18198.25,18198.5,-23.0,0.0,-23.0,-1.010989010989011,23.0,25.0,1.010989010989011,1.098901098901099,3,2.0,0,2024-04-10,2.0072289156626506,0.2294117647058823,3.789808917197452,partial_bullish,0.8020652112913182,1.5391242542376533,bearish,neutral,True,True,True,True,2024
170,184466,184467,184468,2024-04-10 13:55:00+00:00,2024-04-10 13:56:00+00:00,2024-04-10 13:57:00+00:00,short,18182.25,18182.5,18182.25,18207.25,18157.25,18132.25,18107.25,18082.25,75.75506414536775,near_trigger,-45.75506414536776,25.0,False,False,False,False,True,stop,18207.25,18207.5,-25.25,0.0,-25.25,-1.01,5.25,26.0,0.21,1.04,2,1.0,0,2024-04-10,1.1101694915254237,1.1899441340782122,3.789808917197452,partial_bullish,0.8182375291089594,1.3989941324392288,bearish,bearish,True,False,True,False,2024
171,185873,185874,185933,2024-04-11 14:22:00+00:00,2024-04-11 14:23:00+00:00,2024-04-11 15:22:00+00:00,long,18202.75,18202.75,18203.0,18178.0,18228.0,18253.0,18278.0,18303.0,70.29462029296496,near_trigger,64.29462029296496,25.0,True,True,False,False,False,max_holding_time,18273.0,18272.75,69.75,0.0,69.75,2.79,74.0,7.5,2.96,0.3,60,59.0,2,2024-04-11,1.081419624217119,2.3902439024390243,0.7576875768757687,partial_bearish,0.6164115923152068,0.9890798892314122,bullish,bullish,False,False,True,False,2024
172,187205,187206,187217,2024-04-12 13:34:00+00:00,2024-04-12 13:35:00+00:00,2024-04-12 13:46:00+00:00,short,18304.5,18305.0,18304.75,18329.75,18279.75,18254.75,18229.75,18204.75,70.05747990416245,near_trigger,-33.05747990416245,25.0,False,False,False,False,True,stop,18329.75,18330.0,-25.25,0.0,-25.25,-1.01,10.0,27.0,0.4,1.08,12,11.0,0,2024-04-12,0.5989304812834224,0.1666666666666666,3.809523809523809,partial_bearish,2.136863635631573,0.937382986089033,bearish,bearish,True,False,False,False,2024
173,188623,188624,188649,2024-04-15 14:12:00+00:00,2024-04-15 14:13:00+00:00,2024-04-15 14:38:00+00:00,long,18217.75,18217.25,18217.5,18192.5,18242.5,18267.5,18292.5,18317.5,71.24499549143373,near_trigger,42.24499549143373,25.0,True,False,False,False,True,stop,18192.5,18192.25,-25.25,0.0,-25.25,-1.01,43.25,27.0,1.73,1.08,26,25.0,1,2024-04-15,2.587917042380523,2.3477722772277225,0.6810344827586207,strong_bearish,1.9204553233519464,2.043857914511412,bullish,bullish,True,True,False,False,2024
174,190006,190007,190008,2024-04-16 14:15:00+00:00,2024-04-16 14:16:00+00:00,2024-04-16 14:17:00+00:00,long,17928.0,17927.5,17927.75,17902.75,17952.75,17977.75,18002.75,18027.75,92.83849557522124,a_plus_plus,73.83849557522123,25.0,False,False,False,False,True,stop,17902.75,17902.5,-25.25,0.0,-25.25,-1.01,2.25,32.25,0.09,1.29,2,1.0,0,2024-04-16,2.183628318584071,1.9588477366255144,0.4967320261437908,strong_bullish,1.9556361383014127,1.645441291481206,bullish,bullish,True,False,True,False,2024
175,190012,190013,190020,2024-04-16 14:21:00+00:00,2024-04-16 14:22:00+00:00,2024-04-16 14:29:00+00:00,long,17890.0,17889.75,17890.0,17865.0,17915.0,17940.0,17965.0,17990.0,70.0,near_trigger,19.036,25.0,False,False,False,False,True,stop,17865.0,17864.75,-25.25,0.0,-25.25,-1.01,7.25,32.25,0.29,1.29,8,7.0,0,2024-04-16,1.9288888888888889,1.4157303370786518,0.4967320261437908,partial_bullish,1.444578313253012,1.5302736369205636,bullish,bullish,False,False,True,False,2024
176,191374,191375,191434,2024-04-17 14:03:00+00:00,2024-04-17 14:04:00+00:00,2024-04-17 15:03:00+00:00,short,17853.75,17854.0,17853.75,17878.75,17828.75,17803.75,17778.75,17753.75,83.19219351948634,high_probability,-74.19219351948634,25.0,True,True,True,False,False,max_holding_time,17839.75,17840.0,13.75,0.0,13.75,0.55,90.0,18.75,3.6,0.75,60,59.0,3,2024-04-17,1.9027624309392264,1.5070527097253157,0.8690842040565459,strong_bearish,2.046565513877173,2.1966730297245705,bearish,bearish,False,True,True,False,2024
177,192722,192723,192778,2024-04-18 13:31:00+00:00,2024-04-18 13:32:00+00:00,2024-04-18 14:27:00+00:00,short,17643.25,17643.5,17643.25,17668.25,17618.25,17593.25,17568.25,17543.25,70.64637491189237,near_trigger,-61.646374911892366,25.0,True,True,True,False,True,stop,17668.25,17668.5,-25.25,0.0,-25.25,-1.01,92.25,27.25,3.69,1.09,56,55.0,3,2024-04-18,3.58974358974359,0.8325709057639524,0.9224806201550388,strong_bearish,6.890043473650726,1.205312426576972,bearish,bearish,False,True,True,False,2024
178,194123,194124,194140,2024-04-19 13:52:00+00:00,2024-04-19 13:53:00+00:00,2024-04-19 14:09:00+00:00,long,17455.75,17455.75,17456.0,17431.0,17481.0,17506.0,17531.0,17556.0,77.39902912621359,near_trigger,57.39902912621359,25.0,True,False,False,False,True,stop,17431.0,17430.75,-25.25,0.0,-25.25,-1.01,29.0,25.75,1.16,1.03,17,16.0,1,2024-04-19,1.29126213592233,0.9135802469135802,1.1362725450901805,strong_bearish,1.335925900804148,1.7557622401172754,neutral,bullish,True,False,True,False,2024
179,196862,196863,196865,2024-04-23 13:31:00+00:00,2024-04-23 13:32:00+00:00,2024-04-23 13:34:00+00:00,long,17451.0,17450.75,17451.0,17426.0,17476.0,17501.0,17526.0,17551.0,71.89190638185337,near_trigger,44.891906381853374,25.0,False,False,False,False,True,stop,17426.0,17425.75,-25.25,0.0,-25.25,-1.01,13.0,29.5,0.52,1.18,3,2.0,0,2024-04-23,1.8414839797639124,0.7188703465982028,2.517741935483871,strong_bullish,9.059941294608372,1.4099219848778084,bullish,bullish,True,True,True,False,2024
180,196873,196874,196875,2024-04-23 13:42:00+00:00,2024-04-23 13:43:00+00:00,2024-04-23 13:44:00+00:00,long,17475.0,17475.25,17475.5,17450.5,17500.5,17525.5,17550.5,17575.5,74.35998052580331,near_trigger,53.35998052580331,25.0,False,False,False,False,True,stop,17450.5,17450.25,-25.25,0.0,-25.25,-1.01,1.25,34.25,0.05,1.37,2,1.0,0,2024-04-23,1.9221032132424536,0.3664921465968587,2.517741935483871,strong_bullish,1.8657285654109317,1.736274447481618,bullish,bullish,True,True,True,False,2024
181,196882,196883,196920,2024-04-23 13:51:00+00:00,2024-04-23 13:52:00+00:00,2024-04-23 14:29:00+00:00,long,17470.25,17470.0,17470.25,17445.25,17495.25,17520.25,17545.25,17570.25,73.993305027313,near_trigger,63.993305027313,25.0,True,True,True,True,False,tp4,17570.25,17570.0,99.75,0.0,99.75,3.99,100.5,1.0,4.02,0.04,38,37.0,4,2024-04-23,1.218372280419017,2.6676994577846638,2.379800853485064,partial_bullish,1.0049773093251355,1.4081329162607046,bullish,bullish,False,True,True,False,2024
182,198267,198268,198316,2024-04-24 13:56:00+00:00,2024-04-24 13:57:00+00:00,2024-04-24 14:45:00+00:00,long,17716.75,17716.75,17717.0,17692.0,17742.0,17767.0,17792.0,17817.0,78.0,near_trigger,42.0,25.0,True,True,False,False,True,stop,17692.0,17691.75,-25.25,0.0,-25.25,-1.01,59.0,27.0,2.36,1.08,49,48.0,2,2024-04-24,4.749116607773852,1.4467408585055643,1.305750350631136,partial_bullish,1.9740104158000695,2.6716508658544824,bullish,bullish,True,False,True,False,2024
183,199622,199623,199633,2024-04-25 13:31:00+00:00,2024-04-25 13:32:00+00:00,2024-04-25 13:42:00+00:00,short,17324.5,17324.5,17324.25,17349.25,17299.25,17274.25,17249.25,17224.25,75.6,near_trigger,-54.6,25.0,False,False,False,False,True,stop,17349.25,17349.5,-25.25,0.0,-25.25,-1.01,16.25,37.0,0.65,1.48,11,10.0,0,2024-04-25,2.326975476839237,1.0809792843691148,3.322501230920728,strong_bearish,5.915146249637996,1.88998964785352,bearish,neutral,False,True,True,False,2024
184,201003,201004,201004,2024-04-26 13:32:00+00:00,2024-04-26 13:33:00+00:00,2024-04-26 13:33:00+00:00,short,17668.75,17668.75,17668.5,17693.5,17643.5,17618.5,17593.5,17568.5,74.59053942519189,near_trigger,-53.59053942519189,25.0,False,False,False,False,True,stop,17693.5,17693.75,-25.25,0.0,-25.25,-1.01,0.25,50.0,0.01,2.0,1,0.0,0,2024-04-26,3.289910600255428,0.9884937238493724,1.239064089521872,strong_bearish,3.737544216586133,0.9477356001758758,bearish,neutral,False,True,True,False,2024
185,201052,201053,201073,2024-04-26 14:21:00+00:00,2024-04-26 14:22:00+00:00,2024-04-26 14:42:00+00:00,short,17816.25,17816.0,17815.75,17840.75,17790.75,17765.75,17740.75,17715.75,71.30206443627483,near_trigger,-71.30206443627483,25.0,True,False,False,False,True,stop,17840.75,17841.0,-25.25,0.0,-25.25,-1.01,34.5,27.5,1.38,1.1,21,20.0,1,2024-04-26,1.3560209424083771,1.446808510638298,2.134115060461708,partial_bullish,0.8842849446613046,1.2108192053837197,bearish,bearish,True,False,True,False,2024
186,202389,202390,202391,2024-04-29 13:38:00+00:00,2024-04-29 13:39:00+00:00,2024-04-29 13:40:00+00:00,long,17906.0,17905.75,17906.0,17881.0,17931.0,17956.0,17981.0,18006.0,78.0,near_trigger,33.5880335606557,25.0,False,False,False,False,True,stop,17881.0,17880.75,-25.25,0.0,-25.25,-1.01,1.75,34.0,0.07,1.36,2,1.0,0,2024-04-29,2.5251989389920424,1.6644649933949802,0.3876464323748669,partial_bullish,1.6494257554777223,0.9856572670928384,bullish,bullish,True,True,True,False,2024
187,202411,202412,202471,2024-04-29 14:00:00+00:00,2024-04-29 14:01:00+00:00,2024-04-29 15:00:00+00:00,long,17881.0,17881.25,17881.5,17856.5,17906.5,17931.5,17956.5,17981.5,97.09357345896912,a_plus_plus,80.09357345896912,25.0,True,False,False,False,False,max_holding_time,17886.5,17886.25,4.75,0.0,4.75,0.19,35.0,18.25,1.4,0.73,60,59.0,1,2024-04-29,3.368279569892473,2.66990291262136,2.112280701754386,partial_bearish,1.6304136209978584,1.436479595814686,bullish,bullish,True,True,True,True,2024
188,203762,203763,203765,2024-04-30 13:31:00+00:00,2024-04-30 13:32:00+00:00,2024-04-30 13:34:00+00:00,short,17827.0,17826.75,17826.5,17851.5,17801.5,17776.5,17751.5,17726.5,87.70718724008024,high_probability,-66.70718724008024,25.0,False,False,False,False,True,stop,17851.5,17851.75,-25.25,0.0,-25.25,-1.01,1.25,31.5,0.05,1.26,3,2.0,0,2024-04-30,1.2962962962962965,0.7165354330708662,1.895148669796557,partial_bearish,5.837246303698242,0.8177177617952608,bearish,bearish,True,False,True,False,2024
189,203819,203820,203836,2024-04-30 14:28:00+00:00,2024-04-30 14:29:00+00:00,2024-04-30 14:45:00+00:00,short,17843.75,17843.0,17842.75,17867.75,17817.75,17792.75,17767.75,17742.75,72.32326947384804,near_trigger,-72.32326947384804,25.0,True,False,False,False,True,stop,17867.75,17868.0,-25.25,0.0,-25.25,-1.01,25.0,29.5,1.0,1.18,17,16.0,1,2024-04-30,1.6319018404907977,0.4146685472496473,1.3039598438371445,partial_bearish,0.8720678805231215,0.6682664838304194,bearish,bearish,False,False,True,False,2024
190,205142,205143,205202,2024-05-01 13:31:00+00:00,2024-05-01 13:32:00+00:00,2024-05-01 14:31:00+00:00,short,17486.5,17487.0,17486.75,17511.75,17461.75,17436.75,17411.75,17386.75,77.32020987808792,near_trigger,-68.32020987808792,25.0,True,True,False,False,False,max_holding_time,17472.0,17472.25,14.5,0.0,14.5,0.58,61.25,24.25,2.45,0.97,60,59.0,2,2024-05-01,2.606896551724138,0.2461220268872802,1.778102189781022,partial_bullish,6.305426669356466,0.8501748984066021,bearish,bearish,True,True,True,False,2024
191,206547,206548,206550,2024-05-02 13:56:00+00:00,2024-05-02 13:57:00+00:00,2024-05-02 13:59:00+00:00,long,17522.75,17522.5,17522.75,17497.75,17547.75,17572.75,17597.75,17622.75,84.69141015906702,high_probability,60.69141015906702,25.0,False,False,False,False,True,stop,17497.75,17497.5,-25.25,0.0,-25.25,-1.01,4.75,25.75,0.19,1.03,3,2.0,0,2024-05-02,1.2842582106455267,2.889952153110048,1.3013365735115432,partial_bearish,0.8554314174182259,0.9717961216083189,bullish,bullish,True,False,True,False,2024
192,206552,206553,206555,2024-05-02 14:01:00+00:00,2024-05-02 14:02:00+00:00,2024-05-02 14:04:00+00:00,short,17452.75,17452.25,17452.0,17477.0,17427.0,17402.0,17377.0,17352.0,72.0,near_trigger,-29.0,25.0,False,False,False,False,True,stop,17477.0,17477.25,-25.25,0.0,-25.25,-1.01,13.25,26.0,0.53,1.04,3,2.0,0,2024-05-02,3.9043824701195216,1.7139055222887558,3.373404255319149,strong_bearish,2.491219721125018,2.5915364660686357,bearish,bearish,False,True,False,False,2024
193,206567,206568,206574,2024-05-02 14:16:00+00:00,2024-05-02 14:17:00+00:00,2024-05-02 14:23:00+00:00,short,17448.75,17448.5,17448.25,17473.25,17423.25,17398.25,17373.25,17348.25,72.49089887597569,near_trigger,-70.49089887597569,25.0,False,False,False,False,True,stop,17473.25,17473.5,-25.25,0.0,-25.25,-1.01,10.25,34.75,0.41,1.39,7,6.0,0,2024-05-02,0.659217877094972,1.2524590163934426,3.2740937223695843,partial_bearish,0.7921781225437262,1.3155069776519956,bearish,bearish,False,True,True,False,2024
194,207904,207905,207931,2024-05-03 13:33:00+00:00,2024-05-03 13:34:00+00:00,2024-05-03 14:00:00+00:00,long,17933.75,17933.25,17933.5,17908.5,17958.5,17983.5,18008.5,18033.5,73.35411656193686,near_trigger,71.35411656193686,25.0,True,True,True,True,False,tp4,18033.5,18033.25,99.75,0.0,99.75,3.99,116.5,8.5,4.66,0.34,27,26.0,4,2024-05-03,1.0968660968660968,0.5342019543973942,5.209143968871596,partial_bullish,3.2834177998945124,0.9453820352322848,bullish,bullish,True,True,True,False,2024
195,207932,207933,207935,2024-05-03 14:01:00+00:00,2024-05-03 14:02:00+00:00,2024-05-03 14:04:00+00:00,long,17955.5,17956.0,17956.25,17931.25,17981.25,18006.25,18031.25,18056.25,82.0,high_probability,23.491505466778804,25.0,True,False,False,False,True,stop,17931.25,17931.0,-25.25,0.0,-25.25,-1.01,34.25,25.0,1.37,1.0,3,2.0,1,2024-05-03,2.708158116063919,2.0916509730069053,2.022881355932203,partial_bullish,2.3811764705882354,1.980394476958504,bullish,bullish,True,False,True,True,2024
196,207959,207960,207963,2024-05-03 14:28:00+00:00,2024-05-03 14:29:00+00:00,2024-05-03 14:32:00+00:00,long,17952.25,17952.0,17952.25,17927.25,17977.25,18002.25,18027.25,18052.25,88.3777340510592,high_probability,88.3777340510592,25.0,False,False,False,False,True,stop,17927.25,17927.0,-25.25,0.0,-25.25,-1.01,14.75,27.75,0.59,1.11,4,3.0,0,2024-05-03,1.391812865497076,1.6126582278481014,0.0488656195462478,partial_bullish,1.4269760516193075,1.4288134636019654,bullish,bullish,True,True,True,True,2024
197,209283,209284,209343,2024-05-06 13:32:00+00:00,2024-05-06 13:33:00+00:00,2024-05-06 14:32:00+00:00,long,18048.5,18048.25,18048.5,18023.5,18073.5,18098.5,18123.5,18148.5,78.0,near_trigger,29.662066303700115,25.0,True,True,False,False,False,max_holding_time,18093.75,18093.5,45.0,0.0,45.0,1.8,68.25,2.5,2.73,0.1,60,59.0,2,2024-05-06,1.943529411764706,1.2581261950286808,1.882506527415144,partial_bullish,4.582052858020898,0.6904775687409551,bullish,bullish,True,False,True,False,2024
198,212083,212084,212091,2024-05-08 14:12:00+00:00,2024-05-08 14:13:00+00:00,2024-05-08 14:20:00+00:00,short,18156.0,18156.25,18156.0,18181.0,18131.0,18106.0,18081.0,18056.0,74.27663781326349,near_trigger,-74.27663781326349,25.0,False,False,False,False,True,stop,18181.0,18181.25,-25.25,0.0,-25.25,-1.01,4.5,25.25,0.18,1.01,8,7.0,0,2024-05-08,0.8719723183391004,2.1516683518705766,3.335324869305452,partial_bullish,1.5408546343798144,1.1030805306607565,bearish,bearish,True,True,False,False,2024
199,214801,214802,214859,2024-05-10 13:30:00+00:00,2024-05-10 13:31:00+00:00,2024-05-10 14:28:00+00:00,long,18259.0,18258.75,18259.0,18234.0,18284.0,18309.0,18334.0,18359.0,70.0,near_trigger,18.809983756786977,25.0,True,True,True,False,True,stop,18234.0,18233.75,-25.25,0.0,-25.25,-1.01,89.0,34.0,3.56,1.36,58,57.0,3,2024-05-10,3.5704697986577183,1.4199683042789224,0.976,partial_bearish,13.921953718725986,0.8250135360108491,bullish,bullish,False,True,True,False,2024
200,216210,216211,216270,2024-05-13 13:59:00+00:00,2024-05-13 14:00:00+00:00,2024-05-13 14:59:00+00:00,long,18286.0,18286.25,18286.5,18261.5,18311.5,18336.5,18361.5,18386.5,85.88466833003528,high_probability,72.88466833003528,25.0,True,False,False,False,False,max_holding_time,18294.0,18293.75,7.25,0.0,7.25,0.29,25.25,9.5,1.01,0.38,60,59.0,1,2024-05-13,0.8764805414551607,3.3268817204301078,1.6338028169014085,partial_bearish,1.396282304456083,1.9350328702739683,bullish,bullish,False,True,True,False,2024
201,217590,217591,217603,2024-05-14 13:59:00+00:00,2024-05-14 14:00:00+00:00,2024-05-14 14:12:00+00:00,short,18290.0,18290.0,18289.75,18314.75,18264.75,18239.75,18214.75,18189.75,73.0,near_trigger,-60.0,25.0,False,False,False,False,True,stop,18314.75,18315.0,-25.25,0.0,-25.25,-1.01,17.5,25.25,0.7,1.01,13,12.0,0,2024-05-14,2.574380165289256,2.0056179775280896,0.6059016393442623,partial_bullish,1.5887675146827516,1.5335116162460305,bearish,bearish,True,True,False,False,2024
202,218943,218944,218949,2024-05-15 13:32:00+00:00,2024-05-15 13:33:00+00:00,2024-05-15 13:38:00+00:00,long,18519.25,18519.0,18519.25,18494.25,18544.25,18569.25,18594.25,18619.25,88.89705713268637,high_probability,67.89705713268637,25.0,False,False,False,False,True,stop,18494.25,18494.0,-25.25,0.0,-25.25,-1.01,12.5,28.0,0.5,1.12,6,5.0,0,2024-05-15,1.637735849056604,0.3454657618753855,4.497688751926041,strong_bullish,5.470151519333204,1.2958059560001307,bullish,bullish,True,True,True,False,2024
203,220322,220323,220333,2024-05-16 13:31:00+00:00,2024-05-16 13:32:00+00:00,2024-05-16 13:42:00+00:00,short,18674.75,18675.0,18674.75,18699.75,18649.75,18624.75,18599.75,18574.75,88.7302446124826,high_probability,-88.7302446124826,25.0,False,False,False,False,True,stop,18699.75,18700.0,-25.25,0.0,-25.25,-1.01,2.5,25.25,0.1,1.01,11,10.0,0,2024-05-16,2.050955414012739,1.1827956989247312,2.518828451882845,strong_bearish,6.521674363175927,0.7357035227953821,bearish,bearish,True,True,True,False,2024
204,220357,220358,220373,2024-05-16 14:06:00+00:00,2024-05-16 14:07:00+00:00,2024-05-16 14:22:00+00:00,short,18691.0,18690.75,18690.5,18715.5,18665.5,18640.5,18615.5,18590.5,71.74035909773804,near_trigger,-62.74035909773804,25.0,False,False,False,False,True,stop,18715.5,18715.75,-25.25,0.0,-25.25,-1.01,17.0,25.25,0.68,1.01,16,15.0,0,2024-05-16,2.095444685466377,0.5867052023121387,0.1598173515981735,partial_bullish,2.0255976657050963,1.283632581448368,bearish,bearish,True,True,True,False,2024
205,221733,221734,221741,2024-05-17 14:02:00+00:00,2024-05-17 14:03:00+00:00,2024-05-17 14:10:00+00:00,long,18648.75,18648.75,18649.0,18624.0,18674.0,18699.0,18724.0,18749.0,72.32170287145142,near_trigger,60.32170287145142,25.0,False,False,False,False,True,stop,18624.0,18623.75,-25.25,0.0,-25.25,-1.01,4.5,25.75,0.18,1.03,8,7.0,0,2024-05-17,3.004048582995952,0.2348387096774193,2.753072625698324,partial_bearish,1.1967759632020931,0.9728765494213968,bullish,bullish,True,True,True,False,2024
206,224461,224462,224464,2024-05-21 13:30:00+00:00,2024-05-21 13:31:00+00:00,2024-05-21 13:33:00+00:00,short,18679.25,18679.5,18679.25,18701.25,18654.25,18629.25,18604.25,18579.25,73.35058316181515,near_trigger,-68.35058316181515,22.0,False,False,False,False,True,stop,18701.25,18701.5,-22.25,0.0,-22.25,-1.0113636363636365,1.25,23.25,0.0568181818181818,1.056818181818182,3,2.0,0,2024-05-21,1.873015873015873,1.9583333333333333,4.437587657784011,strong_bearish,6.423601870509067,0.9032637459570716,bearish,bearish,False,True,True,False,2024
207,224466,224467,224520,2024-05-21 13:35:00+00:00,2024-05-21 13:36:00+00:00,2024-05-21 14:29:00+00:00,short,18707.25,18707.0,18706.75,18731.75,18681.75,18656.75,18631.75,18606.75,74.90293780587498,near_trigger,-56.90293780587498,25.0,True,False,False,False,True,stop,18731.75,18732.0,-25.25,0.0,-25.25,-1.01,26.25,25.0,1.05,1.0,54,53.0,1,2024-05-21,2.825225225225225,0.3969072164948453,4.437587657784011,partial_bearish,2.098081977296874,0.8293851084994289,bearish,bearish,False,True,True,False,2024
208,228616,228617,228619,2024-05-24 13:45:00+00:00,2024-05-24 13:46:00+00:00,2024-05-24 13:48:00+00:00,long,18780.5,18780.5,18780.75,18755.75,18805.75,18830.75,18855.75,18880.75,72.71481259880647,near_trigger,58.71481259880648,25.0,False,False,False,False,True,stop,18755.75,18755.5,-25.25,0.0,-25.25,-1.01,6.75,25.75,0.27,1.03,3,2.0,0,2024-05-24,2.538952745849297,1.2125984251968505,1.6451104100946372,strong_bullish,1.4179755120607522,0.9711560928751308,bullish,bullish,False,False,True,False,2024
209,228622,228623,228682,2024-05-24 13:51:00+00:00,2024-05-24 13:52:00+00:00,2024-05-24 14:51:00+00:00,long,18756.25,18756.25,18756.5,18731.5,18781.5,18806.5,18831.5,18856.5,71.72117437952086,near_trigger,71.72117437952086,25.0,True,True,True,False,False,max_holding_time,18836.5,18836.25,79.75,0.0,79.75,3.19,89.5,24.75,3.58,0.99,60,59.0,3,2024-05-24,1.9645776566757491,0.4335778321108394,1.6451104100946372,partial_bullish,1.1346491461403416,1.1225499484199668,bullish,bullish,False,False,True,False,2024
210,230033,230034,230093,2024-05-27 14:22:00+00:00,2024-05-27 14:23:00+00:00,2024-05-27 15:22:00+00:00,long,18883.0,18882.75,18883.0,18858.0,18908.0,18933.0,18958.0,18983.0,74.97794979160838,near_trigger,74.97794979160838,25.0,True,False,False,False,False,max_holding_time,18923.75,18923.5,40.5,0.0,40.5,1.62,41.5,5.0,1.66,0.2,60,59.0,1,2024-05-27,0.0721649484536082,0.3297101449275362,1.008,partial_bullish,0.7660347961568423,0.0967451012544068,bullish,bullish,True,True,True,False,2024
211,233907,233908,233917,2024-05-30 13:56:00+00:00,2024-05-30 13:57:00+00:00,2024-05-30 14:06:00+00:00,short,18727.25,18728.0,18727.75,18752.75,18702.75,18677.75,18652.75,18627.75,76.71791530944625,near_trigger,-63.717915309446255,25.0,False,False,False,False,True,stop,18752.75,18753.0,-25.25,0.0,-25.25,-1.01,10.25,25.0,0.41,1.0,10,9.0,0,2024-05-30,1.1856677524429968,1.3725490196078431,0.5679939894815929,strong_bearish,1.649181655196345,2.098863569451805,bearish,bearish,True,False,True,False,2024
212,233922,233923,233933,2024-05-30 14:11:00+00:00,2024-05-30 14:12:00+00:00,2024-05-30 14:22:00+00:00,short,18705.75,18705.75,18705.5,18730.5,18680.5,18655.5,18630.5,18605.5,76.0,near_trigger,-45.0,25.0,False,False,False,False,True,stop,18730.5,18730.75,-25.25,0.0,-25.25,-1.01,21.25,28.5,0.85,1.14,11,10.0,0,2024-05-30,2.907006369426752,0.0,1.6827393431167017,partial_bearish,2.492302379787632,2.606105285329562,bearish,bearish,True,True,False,False,2024
213,235276,235277,235278,2024-05-31 13:45:00+00:00,2024-05-31 13:46:00+00:00,2024-05-31 13:47:00+00:00,long,18589.25,18589.0,18589.25,18564.25,18614.25,18639.25,18664.25,18689.25,70.0,near_trigger,36.747980337679,25.0,False,False,False,False,True,stop,18564.25,18564.0,-25.25,0.0,-25.25,-1.01,18.5,28.0,0.74,1.12,2,1.0,0,2024-05-31,2.1750547045951856,0.4847020933977456,1.4039436619718308,partial_bearish,1.5857529642423678,1.2100163852675072,bullish,bullish,False,True,True,False,2024
214,235280,235281,235281,2024-05-31 13:49:00+00:00,2024-05-31 13:50:00+00:00,2024-05-31 13:50:00+00:00,long,18587.0,18587.25,18587.5,18562.5,18612.5,18637.5,18662.5,18687.5,71.0,near_trigger,37.76539430637128,25.0,False,False,False,False,True,stop,18562.5,18562.25,-25.25,0.0,-25.25,-1.01,2.75,28.75,0.11,1.15,1,0.0,0,2024-05-31,1.80269989615784,0.4847020933977456,1.4039436619718308,partial_bearish,0.5778613781974773,0.7271766034652632,bullish,bullish,True,False,True,False,2024
215,235298,235299,235301,2024-05-31 14:07:00+00:00,2024-05-31 14:08:00+00:00,2024-05-31 14:10:00+00:00,long,18544.75,18545.0,18545.25,18520.25,18570.25,18595.25,18620.25,18645.25,78.5461277342737,near_trigger,50.546127734273696,25.0,False,False,False,False,True,stop,18520.25,18520.0,-25.25,0.0,-25.25,-1.01,3.5,25.25,0.14,1.01,3,2.0,0,2024-05-31,1.85099685204617,2.8583690987124464,3.121667474551624,partial_bearish,0.8406725380304243,0.972245304969254,bullish,bullish,False,False,True,False,2024
216,235304,235305,235306,2024-05-31 14:13:00+00:00,2024-05-31 14:14:00+00:00,2024-05-31 14:15:00+00:00,long,18500.5,18500.25,18500.5,18475.5,18525.5,18550.5,18575.5,18600.5,74.0,near_trigger,55.1287459030533,25.0,False,False,False,False,True,stop,18475.5,18475.25,-25.25,0.0,-25.25,-1.01,6.0,27.5,0.24,1.1,2,1.0,0,2024-05-31,2.4256684491978606,2.661853188929001,3.121667474551624,strong_bearish,1.924074300786858,2.569063647036096,bullish,bullish,False,False,True,False,2024
217,235307,235308,235311,2024-05-31 14:16:00+00:00,2024-05-31 14:17:00+00:00,2024-05-31 14:20:00+00:00,long,18484.25,18484.0,18484.25,18459.25,18509.25,18534.25,18559.25,18584.25,82.0,high_probability,66.7456570155902,25.0,False,False,False,False,True,stop,18459.25,18459.0,-25.25,0.0,-25.25,-1.01,2.0,26.5,0.08,1.06,4,3.0,0,2024-05-31,2.369710467706013,3.015855658829962,3.936339522546419,strong_bearish,1.3926868044515104,2.0074514326266297,bullish,bullish,True,False,True,False,2024
218,236672,236673,236680,2024-06-03 14:01:00+00:00,2024-06-03 14:02:00+00:00,2024-06-03 14:09:00+00:00,long,18676.5,18677.25,18677.5,18652.5,18702.5,18727.5,18752.5,18777.5,73.0,near_trigger,71.69999999999999,25.0,False,False,False,False,True,stop,18652.5,18652.25,-25.25,0.0,-25.25,-1.01,12.75,25.0,0.51,1.0,8,7.0,0,2024-06-03,0.0324574961360123,1.9021739130434785,0.497986577181208,strong_bearish,1.5525600817688632,2.0954581898787907,bullish,bullish,True,True,True,False,2024
219,236684,236685,236706,2024-06-03 14:13:00+00:00,2024-06-03 14:14:00+00:00,2024-06-03 14:35:00+00:00,long,18685.5,18685.25,18685.5,18660.5,18710.5,18735.5,18760.5,18785.5,71.52545027407987,near_trigger,66.52545027407987,25.0,True,False,False,False,True,stop,18660.5,18660.25,-25.25,0.0,-25.25,-1.01,25.0,27.5,1.0,1.1,22,21.0,1,2024-06-03,0.5591229444009398,2.5377643504531724,0.497986577181208,partial_bearish,1.1049713812592246,1.7822615764261869,bullish,bullish,True,True,False,False,2024
220,242161,242162,242178,2024-06-07 13:30:00+00:00,2024-06-07 13:31:00+00:00,2024-06-07 13:47:00+00:00,short,19012.25,19012.25,19012.0,19037.0,18987.0,18962.0,18937.0,18912.0,83.84865082311167,high_probability,-57.84865082311167,25.0,False,False,False,False,True,stop,19037.0,19037.25,-25.25,0.0,-25.25,-1.01,19.75,27.75,0.79,1.11,17,16.0,0,2024-06-07,0.8579970104633782,0.9734675205855444,1.547843331680714,partial_bearish,7.25999109203547,1.1746978084973958,bearish,bearish,True,True,True,False,2024
221,244924,244925,244984,2024-06-11 13:33:00+00:00,2024-06-11 13:34:00+00:00,2024-06-11 14:33:00+00:00,short,19075.0,19075.0,19074.75,19099.75,19049.75,19024.75,18999.75,18974.75,78.0,near_trigger,-26.02025860574757,25.0,True,True,True,False,False,max_holding_time,19084.0,19084.25,-9.5,0.0,-9.5,-0.38,80.0,19.0,3.2,0.76,60,59.0,3,2024-06-11,2.189189189189189,0.8703374777975132,0.479253112033195,partial_bullish,3.714107978914972,0.983117828543696,bearish,bearish,True,True,True,False,2024
222,246304,246305,246355,2024-06-12 13:33:00+00:00,2024-06-12 13:34:00+00:00,2024-06-12 14:24:00+00:00,long,19428.5,19428.25,19428.5,19403.5,19453.5,19478.5,19503.5,19528.5,91.93210266143332,a_plus_plus,52.93210266143332,25.0,True,True,True,True,False,tp4,19528.5,19528.25,99.75,0.0,99.75,3.99,102.0,14.0,4.08,0.56,51,50.0,4,2024-06-12,2.0732484076433124,0.56,4.325272067714631,partial_bullish,3.1973290126184515,1.1534850766096891,bullish,bullish,True,True,True,True,2024
223,247684,247685,247721,2024-06-13 13:33:00+00:00,2024-06-13 13:34:00+00:00,2024-06-13 14:10:00+00:00,long,19639.0,19639.0,19639.25,19614.25,19664.25,19689.25,19714.25,19739.25,71.0,near_trigger,71.0,25.0,False,False,False,False,True,stop,19614.25,19614.0,-25.25,0.0,-25.25,-1.01,24.5,26.75,0.98,1.07,37,36.0,0,2024-06-13,0.5057034220532319,0.7579983593109106,0.1814024390243902,partial_bullish,2.3528367220101214,0.7111357598418506,bullish,bullish,True,True,True,False,2024
224,249064,249065,249124,2024-06-14 13:33:00+00:00,2024-06-14 13:34:00+00:00,2024-06-14 14:33:00+00:00,long,19572.5,19572.75,19573.0,19548.0,19598.0,19623.0,19648.0,19673.0,87.13016273949215,high_probability,67.13016273949215,25.0,True,True,True,False,False,max_holding_time,19605.75,19605.5,32.5,0.0,32.5,1.3,76.0,1.25,3.04,0.05,60,59.0,3,2024-06-14,0.2032667876588021,1.6124661246612466,1.4451019066403683,strong_bullish,4.066531381359617,1.0101628394739448,bullish,bullish,True,True,True,False,2024
225,250027,250028,250038,2024-06-17 13:36:00+00:00,2024-06-17 13:37:00+00:00,2024-06-17 13:47:00+00:00,long,19947.5,19947.75,19948.0,19923.0,19973.0,19998.0,20023.0,20048.0,78.13105695317282,near_trigger,40.131056953172816,25.0,False,False,False,False,True,stop,19923.0,19922.75,-25.25,0.0,-25.25,-1.01,11.25,26.5,0.45,1.06,11,10.0,0,2024-06-17,1.700189753320683,0.9971509971509972,1.5302325581395348,strong_bearish,2.2514335535360988,0.6700933180298418,neutral,bullish,True,True,True,False,2024
226,250077,250078,250087,2024-06-17 14:26:00+00:00,2024-06-17 14:27:00+00:00,2024-06-17 14:36:00+00:00,short,19946.0,19946.25,19946.0,19971.0,19921.0,19896.0,19871.0,19846.0,76.32846822452235,near_trigger,-47.328468224522354,25.0,False,False,False,False,True,stop,19971.0,19971.25,-25.25,0.0,-25.25,-1.01,16.75,26.0,0.67,1.04,10,9.0,0,2024-06-17,2.24,0.4662875710804224,0.7647058823529411,partial_bullish,1.95155433531131,1.3312992780110564,neutral,bearish,False,True,True,False,2024
227,251428,251429,251431,2024-06-18 13:57:00+00:00,2024-06-18 13:58:00+00:00,2024-06-18 14:00:00+00:00,long,20196.5,20196.25,20196.5,20171.5,20221.5,20246.5,20271.5,20296.5,85.27870826435233,high_probability,72.27870826435233,25.0,False,False,False,False,True,stop,20171.5,20171.25,-25.25,0.0,-25.25,-1.01,4.75,28.5,0.19,1.14,3,2.0,0,2024-06-18,2.1462728551336148,0.4375,1.776879547291835,partial_bearish,1.6068559185859668,1.380991064175467,bullish,bullish,True,True,True,True,2024
228,251451,251452,251496,2024-06-18 14:20:00+00:00,2024-06-18 14:21:00+00:00,2024-06-18 15:05:00+00:00,long,20172.5,20173.25,20173.5,20148.5,20198.5,20223.5,20248.5,20273.5,70.0,near_trigger,36.89214895787947,25.0,True,False,False,False,True,stop,20148.5,20148.25,-25.25,0.0,-25.25,-1.01,28.5,31.75,1.14,1.27,45,44.0,1,2024-06-18,3.465618860510806,0.2020850040096231,0.0790960451977401,strong_bearish,1.691391237509608,1.4431637454706432,bullish,bullish,False,False,True,False,2024
229,253935,253936,253942,2024-06-20 13:44:00+00:00,2024-06-20 13:45:00+00:00,2024-06-20 13:51:00+00:00,long,20260.25,20260.25,20260.5,20235.5,20285.5,20310.5,20335.5,20360.5,71.21758118701008,near_trigger,38.21758118701008,25.0,False,False,False,False,True,stop,20235.5,20235.25,-25.25,0.0,-25.25,-1.01,3.0,27.25,0.12,1.09,7,6.0,0,2024-06-20,1.7088465845464726,1.2773261065943993,2.0731021555763824,partial_bearish,1.375217515518271,1.6558776620696127,neutral,neutral,True,True,True,True,2024
230,253962,253963,253988,2024-06-20 14:11:00+00:00,2024-06-20 14:12:00+00:00,2024-06-20 14:37:00+00:00,short,20165.75,20165.5,20165.25,20190.25,20140.25,20115.25,20090.25,20065.25,70.46122448979591,near_trigger,-37.46122448979591,25.0,True,False,False,False,True,stop,20190.25,20190.5,-25.25,0.0,-25.25,-1.01,47.0,25.25,1.88,1.01,26,25.0,1,2024-06-20,4.081632653061225,3.053132434575734,1.4693274205469329,strong_bearish,2.091586742149796,2.3871058163980376,neutral,neutral,False,True,True,False,2024
231,255301,255302,255303,2024-06-21 13:30:00+00:00,2024-06-21 13:31:00+00:00,2024-06-21 13:32:00+00:00,short,19993.0,19993.25,19993.0,20018.0,19968.0,19943.0,19918.0,19893.0,75.69548872180451,near_trigger,-48.69548872180451,25.0,False,False,False,False,True,stop,20018.0,20018.25,-25.25,0.0,-25.25,-1.01,4.0,28.75,0.16,1.15,2,1.0,0,2024-06-21,2.8636363636363638,0.2770833333333333,1.1944055944055945,partial_bearish,11.247455380391042,1.7407423689570785,bearish,bearish,True,True,False,False,2024
232,255321,255322,255331,2024-06-21 13:50:00+00:00,2024-06-21 13:51:00+00:00,2024-06-21 14:00:00+00:00,short,19941.75,19941.5,19941.25,19966.25,19916.25,19891.25,19866.25,19841.25,70.67458075904678,near_trigger,-61.674580759046776,25.0,True,False,False,False,True,stop,19966.25,19966.5,-25.25,0.0,-25.25,-1.01,27.25,36.75,1.09,1.47,10,9.0,1,2024-06-21,1.4827890556045895,3.2015503875969,0.0532994923857868,strong_bearish,1.7242037384867266,1.829615339522292,bearish,bearish,False,True,True,False,2024
233,256686,256687,256712,2024-06-24 13:35:00+00:00,2024-06-24 13:36:00+00:00,2024-06-24 14:01:00+00:00,short,19940.0,19940.5,19940.25,19965.25,19915.25,19890.25,19865.25,19840.25,71.77834272105244,near_trigger,-34.77834272105244,25.0,True,True,False,False,True,stop,19965.25,19965.5,-25.25,0.0,-25.25,-1.01,73.5,48.5,2.94,1.94,26,25.0,2,2024-06-24,1.9051987767584095,2.277189605389798,0.8252840909090909,partial_bullish,2.647811890723732,1.065285600877027,bearish,bearish,True,True,False,False,2024
234,256726,256727,256759,2024-06-24 14:15:00+00:00,2024-06-24 14:16:00+00:00,2024-06-24 14:48:00+00:00,short,19956.25,19956.25,19956.0,19981.0,19931.0,19906.0,19881.0,19856.0,83.67381081270901,high_probability,-71.67381081270901,25.0,True,True,True,True,False,tp4,19856.0,19856.25,99.75,0.0,99.75,3.99,114.0,10.5,4.56,0.42,33,32.0,4,2024-06-24,1.4499424626006905,2.866304884065121,1.0692599620493357,partial_bullish,1.0033745781777277,1.1167449139280126,bearish,bearish,True,True,True,False,2024
235,258095,258096,258155,2024-06-25 14:04:00+00:00,2024-06-25 14:05:00+00:00,2024-06-25 15:04:00+00:00,long,19874.5,19874.5,19874.75,19849.75,19899.75,19924.75,19949.75,19974.75,83.06690647482014,high_probability,56.066906474820144,25.0,True,False,False,False,False,max_holding_time,19888.5,19888.25,13.5,0.0,13.5,0.54,27.0,21.5,1.08,0.86,60,59.0,1,2024-06-25,2.887290167865708,0.7335701598579041,0.7151702786377708,strong_bullish,1.8294341675734496,2.4482737697955224,bullish,bullish,False,True,True,False,2024
236,259498,259499,259517,2024-06-26 14:27:00+00:00,2024-06-26 14:28:00+00:00,2024-06-26 14:46:00+00:00,short,19982.25,19982.25,19982.0,20007.0,19957.0,19932.0,19907.0,19882.0,75.86939351198872,near_trigger,-32.86939351198872,25.0,True,False,False,False,True,stop,20007.0,20007.25,-25.25,0.0,-25.25,-1.01,38.0,25.25,1.52,1.01,19,18.0,1,2024-06-26,2.4287729196050774,1.3963963963963963,2.382089552238806,partial_bullish,2.4504881880062834,2.577593468541437,bearish,bearish,True,True,False,False,2024
237,260871,260872,260887,2024-06-27 14:20:00+00:00,2024-06-27 14:21:00+00:00,2024-06-27 14:36:00+00:00,long,20077.0,20076.75,20077.0,20052.0,20102.0,20127.0,20152.0,20177.0,77.23606557377049,near_trigger,58.23606557377049,25.0,False,False,False,False,True,stop,20052.0,20051.75,-25.25,0.0,-25.25,-1.01,16.5,25.0,0.66,1.0,16,15.0,0,2024-06-27,1.9405940594059403,0.6589884827240862,3.015166835187058,partial_bullish,1.0804876202014082,1.7095962621301066,bullish,bullish,False,True,True,False,2024
238,262201,262202,262207,2024-06-28 13:30:00+00:00,2024-06-28 13:31:00+00:00,2024-06-28 13:36:00+00:00,short,20048.5,20048.75,20048.5,20073.5,20023.5,19998.5,19973.5,19948.5,72.68428623439786,near_trigger,-63.68428623439786,25.0,False,False,False,False,True,stop,20073.5,20073.75,-25.25,0.0,-25.25,-1.01,9.5,30.75,0.38,1.23,6,5.0,0,2024-06-28,2.554744525547445,0.1607875307629204,3.2463768115942027,strong_bearish,7.2047055057618445,1.236905195331552,bearish,bearish,True,True,False,False,2024
239,263583,263584,263589,2024-07-01 13:32:00+00:00,2024-07-01 13:33:00+00:00,2024-07-01 13:38:00+00:00,short,19946.25,19946.5,19946.25,19971.25,19921.25,19896.25,19871.25,19846.25,85.97895222218281,high_probability,-51.97895222218281,25.0,False,False,False,False,True,stop,19971.25,19971.5,-25.25,0.0,-25.25,-1.01,18.25,28.25,0.73,1.13,6,5.0,0,2024-07-01,1.5152439024390243,1.1062176165803108,0.1037037037037037,strong_bearish,5.024796369210423,1.482460185152343,bearish,bearish,True,True,True,False,2024
240,263621,263622,263630,2024-07-01 14:10:00+00:00,2024-07-01 14:11:00+00:00,2024-07-01 14:19:00+00:00,short,19884.25,19884.0,19883.75,19908.75,19858.75,19833.75,19808.75,19783.75,93.6,a_plus_plus,-72.6,25.0,True,True,False,False,True,stop,19908.75,19909.0,-25.25,0.0,-25.25,-1.01,72.25,36.25,2.89,1.45,9,8.0,2,2024-07-01,2.07305034550839,0.0318362706083001,2.935768261964736,strong_bearish,2.047922533471666,2.47516002675074,bearish,bearish,True,True,True,False,2024
241,264971,264972,265002,2024-07-02 13:40:00+00:00,2024-07-02 13:41:00+00:00,2024-07-02 14:11:00+00:00,long,20049.0,20049.5,20049.75,20024.75,20074.75,20099.75,20124.75,20149.75,73.00691750994706,near_trigger,40.00691750994706,25.0,True,False,False,False,True,stop,20024.75,20024.5,-25.25,0.0,-25.25,-1.01,46.75,27.75,1.87,1.11,31,30.0,1,2024-07-02,1.8114602587800368,3.5510948905109485,1.6672727272727272,strong_bullish,1.795980280621919,1.907545715041946,neutral,bullish,False,True,True,False,2024
242,266341,266342,266345,2024-07-03 13:30:00+00:00,2024-07-03 13:31:00+00:00,2024-07-03 13:34:00+00:00,short,20242.5,20242.5,20242.25,20267.25,20217.25,20192.25,20167.25,20142.25,70.0,near_trigger,-18.315894200436787,25.0,False,False,False,False,True,stop,20267.25,20267.5,-25.25,0.0,-25.25,-1.01,5.0,25.25,0.2,1.01,4,3.0,0,2024-07-03,3.0852390852390856,0.1112582781456953,1.5589519650655022,partial_bearish,9.995097238110802,1.236754832969344,bearish,neutral,True,True,True,False,2024
243,266346,266347,266360,2024-07-03 13:35:00+00:00,2024-07-03 13:36:00+00:00,2024-07-03 13:49:00+00:00,short,20242.0,20241.5,20241.25,20266.25,20216.25,20191.25,20166.25,20141.25,72.08108108108108,near_trigger,-35.08108108108108,25.0,False,False,False,False,True,stop,20266.25,20266.5,-25.25,0.0,-25.25,-1.01,7.0,28.25,0.28,1.13,14,13.0,0,2024-07-03,0.0357142857142857,2.539890710382513,1.5589519650655022,partial_bearish,2.9913928436095927,1.522901394477209,bearish,bearish,True,True,False,False,2024
244,266371,266372,266373,2024-07-03 14:00:00+00:00,2024-07-03 14:01:00+00:00,2024-07-03 14:02:00+00:00,short,20247.5,20247.5,20247.25,20272.25,20222.25,20197.25,20172.25,20147.25,79.0,near_trigger,-60.0,25.0,False,False,False,False,True,stop,20272.25,20272.5,-25.25,0.0,-25.25,-1.01,0.0,27.0,0.0,1.08,2,1.0,0,2024-07-03,1.6851851851851851,0.7488061127029608,3.039864291772689,partial_bullish,3.3713565186792565,2.002298890611122,bearish,bearish,True,True,True,False,2024
245,267540,267541,267600,2024-07-04 14:14:00+00:00,2024-07-04 14:15:00+00:00,2024-07-04 15:14:00+00:00,short,20377.0,20377.5,20377.25,20402.25,20352.25,20327.25,20302.25,20277.25,73.12561316432718,near_trigger,-73.12561316432718,25.0,False,False,False,False,False,max_holding_time,20387.0,20387.25,-10.0,0.0,-10.0,-0.4,7.75,11.5,0.31,0.46,60,59.0,0,2024-07-04,1.435897435897436,2.423076923076924,3.955555555555556,strong_bearish,0.7690083839259902,0.0662160984777765,bearish,bearish,False,False,True,False,2024
246,268651,268652,268711,2024-07-05 13:45:00+00:00,2024-07-05 13:46:00+00:00,2024-07-05 14:45:00+00:00,long,20445.5,20446.0,20446.25,20421.25,20471.25,20496.25,20521.25,20546.25,70.0,near_trigger,38.62025316455696,25.0,True,True,True,False,False,max_holding_time,20534.0,20533.75,87.5,0.0,87.5,3.5,98.25,18.25,3.93,0.73,60,59.0,3,2024-07-05,2.111814345991561,1.9903069466882068,0.9005305039787799,partial_bullish,1.7714721384294096,1.709697027865758,bullish,bullish,False,True,True,False,2024
247,272780,272781,272840,2024-07-10 13:34:00+00:00,2024-07-10 13:35:00+00:00,2024-07-10 14:34:00+00:00,long,20740.5,20741.0,20741.25,20716.25,20766.25,20791.25,20816.25,20841.25,78.0,near_trigger,48.62768985088231,25.0,True,True,False,False,False,max_holding_time,20753.5,20753.25,12.0,0.0,12.0,0.48,54.5,19.75,2.18,0.79,60,59.0,2,2024-07-10,2.3894230769230766,0.0992907801418439,0.4674457429048414,partial_bearish,2.459953644089621,0.9825340986237118,bullish,bullish,True,True,True,False,2024
248,274183,274184,274193,2024-07-11 13:57:00+00:00,2024-07-11 13:58:00+00:00,2024-07-11 14:07:00+00:00,long,20867.0,20866.25,20866.5,20841.5,20891.5,20916.5,20941.5,20966.5,72.24573804573805,near_trigger,72.24573804573805,25.0,False,False,False,False,True,stop,20841.5,20841.25,-25.25,0.0,-25.25,-1.01,5.5,32.75,0.22,1.31,10,9.0,0,2024-07-11,1.891891891891892,1.9758745476477684,0.0927152317880794,partial_bullish,1.0002149151085322,2.0828857858933048,bullish,bullish,True,True,False,False,2024
249,275563,275564,275608,2024-07-12 13:57:00+00:00,2024-07-12 13:58:00+00:00,2024-07-12 14:42:00+00:00,long,20536.5,20536.75,20537.0,20512.0,20562.0,20587.0,20612.0,20637.0,71.71718061674008,near_trigger,50.71718061674008,25.0,True,True,True,True,False,tp4,20637.0,20636.75,99.75,0.0,99.75,3.99,100.5,15.0,4.02,0.6,45,44.0,4,2024-07-12,1.2334801762114536,2.5454545454545454,0.7384960718294051,strong_bullish,0.988272758987754,1.6010202011419297,neutral,bullish,False,True,True,False,2024
250,276933,276934,276982,2024-07-15 13:47:00+00:00,2024-07-15 13:48:00+00:00,2024-07-15 14:36:00+00:00,long,20613.5,20613.25,20613.5,20588.5,20638.5,20663.5,20688.5,20713.5,78.88670076726342,near_trigger,40.88670076726342,25.0,True,True,True,True,False,tp4,20713.5,20713.25,99.75,0.0,99.75,3.99,101.0,20.5,4.04,0.82,49,48.0,4,2024-07-15,2.076726342710997,0.4393063583815029,1.327679259830378,strong_bearish,1.3372620126926564,1.819714602952667,neutral,bullish,True,True,True,False,2024
251,278310,278311,278329,2024-07-16 13:44:00+00:00,2024-07-16 13:45:00+00:00,2024-07-16 14:03:00+00:00,short,20631.75,20631.75,20631.5,20656.5,20606.5,20581.5,20556.5,20531.5,71.3,near_trigger,-38.3,25.0,True,True,True,True,False,tp4,20531.5,20531.75,99.75,0.0,99.75,3.99,103.5,17.5,4.14,0.7,19,18.0,4,2024-07-16,2.4615384615384617,1.7542168674698797,0.9016949152542372,partial_bullish,1.4858170994469002,1.5666389516705117,neutral,neutral,True,True,True,True,2024
252,279705,279706,279715,2024-07-17 13:59:00+00:00,2024-07-17 14:00:00+00:00,2024-07-17 14:09:00+00:00,short,20209.0,20209.0,20208.75,20233.75,20183.75,20158.75,20133.75,20108.75,70.27456310679612,near_trigger,-57.27456310679612,25.0,True,True,True,True,False,tp4,20108.75,20109.0,99.75,0.0,99.75,3.99,100.75,4.0,4.03,0.16,10,9.0,4,2024-07-17,1.4271844660194175,0.945945945945946,2.7516989022477785,strong_bearish,0.95215518298415,1.9217950833195845,bearish,bearish,True,True,True,False,2024
253,281076,281077,281077,2024-07-18 13:50:00+00:00,2024-07-18 13:51:00+00:00,2024-07-18 13:51:00+00:00,long,20072.25,20072.0,20072.25,20047.25,20097.25,20122.25,20147.25,20172.25,74.71741300691673,near_trigger,74.71741300691673,25.0,False,False,False,False,True,stop,20047.25,20047.0,-25.25,0.0,-25.25,-1.01,0.0,28.0,0.0,1.12,1,0.0,0,2024-07-18,1.6824034334763949,3.321507760532151,2.03622392974753,partial_bearish,0.909405513974934,1.0898327275092907,bullish,bullish,False,True,True,False,2024
254,281091,281092,281106,2024-07-18 14:05:00+00:00,2024-07-18 14:06:00+00:00,2024-07-18 14:20:00+00:00,long,20092.25,20092.0,20092.25,20067.25,20117.25,20142.25,20167.25,20192.25,75.31887577750969,near_trigger,61.31887577750969,25.0,False,False,False,False,True,stop,20067.25,20067.0,-25.25,0.0,-25.25,-1.01,14.75,39.0,0.59,1.56,15,14.0,0,2024-07-18,1.468615649183147,0.9959839357429718,1.9140911471974853,partial_bearish,1.0047326154708704,1.1918547787645242,bullish,bullish,False,True,True,True,2024
255,282436,282437,282440,2024-07-19 13:30:00+00:00,2024-07-19 13:31:00+00:00,2024-07-19 13:34:00+00:00,short,19853.75,19853.5,19853.25,19878.25,19828.25,19803.25,19778.25,19753.25,73.34922190247154,near_trigger,-54.34922190247154,25.0,False,False,False,False,True,stop,19878.25,19878.5,-25.25,0.0,-25.25,-1.01,17.25,54.75,0.69,2.19,4,3.0,0,2024-07-19,2.1789883268482493,2.2253275109170305,1.616778871051269,strong_bearish,7.542189351530257,1.1126784336419753,bearish,bearish,True,True,False,False,2024
256,282453,282454,282455,2024-07-19 13:47:00+00:00,2024-07-19 13:48:00+00:00,2024-07-19 13:49:00+00:00,short,19862.75,19863.25,19863.0,19888.0,19838.0,19813.0,19788.0,19763.0,74.31831341587721,near_trigger,-73.31831341587721,25.0,False,False,False,False,True,stop,19888.0,19888.25,-25.25,0.0,-25.25,-1.01,4.25,37.0,0.17,1.48,2,1.0,0,2024-07-19,2.506586826347305,0.1327384272169548,0.0430958663148636,strong_bearish,0.8715162805877193,1.150091519219036,bearish,bearish,True,True,True,False,2024
257,285200,285201,285260,2024-07-23 13:34:00+00:00,2024-07-23 13:35:00+00:00,2024-07-23 14:34:00+00:00,long,19977.25,19977.0,19977.25,19952.25,20002.25,20027.25,20052.25,20077.25,72.24728645375286,near_trigger,41.247286453752864,25.0,True,True,False,False,False,max_holding_time,20008.5,20008.25,31.0,0.0,31.0,1.24,70.5,17.0,2.82,0.68,60,59.0,2,2024-07-23,1.4786096256684491,1.034234234234234,0.7843137254901961,partial_bearish,2.570210063064289,0.90928060094379,bullish,bullish,True,True,True,True,2024
258,286579,286580,286602,2024-07-24 13:33:00+00:00,2024-07-24 13:34:00+00:00,2024-07-24 13:56:00+00:00,short,19613.25,19612.5,19612.25,19637.25,19587.25,19562.25,19537.25,19512.25,71.57117476584484,near_trigger,-50.571174765844845,25.0,True,True,True,True,False,tp4,19512.25,19512.5,99.75,0.0,99.75,3.99,105.75,2.5,4.23,0.1,23,22.0,4,2024-07-24,2.063337393422655,0.2729044834307992,1.2486255345143555,strong_bearish,5.343678237799033,1.7036884342813277,bearish,bearish,True,True,True,False,2024
259,288001,288002,288002,2024-07-25 14:15:00+00:00,2024-07-25 14:16:00+00:00,2024-07-25 14:16:00+00:00,short,18940.5,18940.25,18940.0,18965.0,18915.0,18890.0,18865.0,18840.0,72.0,near_trigger,-45.62143502175519,25.0,False,False,False,False,True,stop,18965.0,18965.25,-25.25,0.0,-25.25,-1.01,2.75,51.0,0.11,2.04,1,0.0,0,2024-07-25,0.2988260405549626,3.459314456035768,4.1723886048210375,partial_bearish,1.1818964392852485,1.8855706485550676,bearish,bearish,False,True,True,True,2024
260,288003,288004,288005,2024-07-25 14:17:00+00:00,2024-07-25 14:18:00+00:00,2024-07-25 14:19:00+00:00,short,18963.25,18963.25,18963.0,18988.0,18938.0,18913.0,18888.0,18863.0,82.90822467402207,high_probability,-65.90822467402207,25.0,False,False,False,False,True,stop,18988.0,18988.25,-25.25,0.0,-25.25,-1.01,1.0,53.75,0.04,2.15,2,1.0,0,2024-07-25,1.6639919759277837,3.459314456035768,4.1723886048210375,partial_bearish,1.0336972900990742,2.1502733663108566,bearish,bearish,False,True,True,False,2024
261,289336,289337,289340,2024-07-26 13:30:00+00:00,2024-07-26 13:31:00+00:00,2024-07-26 13:34:00+00:00,long,19134.0,19133.5,19133.75,19108.75,19158.75,19183.75,19208.75,19233.75,78.0,near_trigger,45.62756756756757,25.0,False,False,False,False,True,stop,19108.75,19108.5,-25.25,0.0,-25.25,-1.01,21.25,44.75,0.85,1.79,4,3.0,0,2024-07-26,4.113846153846153,0.2357658380112269,1.8278052223006356,strong_bearish,14.089145254326167,1.5588936659065988,bullish,bullish,True,True,True,False,2024
262,289341,289342,289346,2024-07-26 13:35:00+00:00,2024-07-26 13:36:00+00:00,2024-07-26 13:40:00+00:00,long,19121.5,19121.0,19121.25,19096.25,19146.25,19171.25,19196.25,19221.25,71.98591448446881,near_trigger,34.98591448446881,25.0,False,False,False,False,True,stop,19096.25,19096.0,-25.25,0.0,-25.25,-1.01,23.0,26.0,0.92,1.04,5,4.0,0,2024-07-26,0.6156552330694811,2.79625918503674,1.8278052223006356,strong_bearish,2.896025967451348,1.283116951657167,bullish,bullish,True,True,False,False,2024
263,289371,289372,289377,2024-07-26 14:05:00+00:00,2024-07-26 14:06:00+00:00,2024-07-26 14:11:00+00:00,short,19089.5,19090.0,19089.75,19114.75,19064.75,19039.75,19014.75,18989.75,71.00085535311392,near_trigger,-45.00085535311392,25.0,True,False,False,False,True,stop,19114.75,19115.0,-25.25,0.0,-25.25,-1.01,46.25,25.75,1.85,1.03,6,5.0,1,2024-07-26,2.342442833240379,0.5139758030871923,1.3014894709809963,strong_bearish,1.293899039950449,1.4453121621738492,neutral,bearish,True,True,True,True,2024
264,290725,290726,290758,2024-07-29 13:39:00+00:00,2024-07-29 13:40:00+00:00,2024-07-29 14:12:00+00:00,long,19313.0,19312.5,19312.75,19287.75,19337.75,19362.75,19387.75,19412.75,77.97160120845922,near_trigger,36.97160120845922,25.0,True,True,False,False,True,stop,19287.75,19287.5,-25.25,0.0,-25.25,-1.01,64.5,44.25,2.58,1.77,33,32.0,2,2024-07-29,2.305135951661632,1.5528169014084507,0.2850678733031674,partial_bearish,2.116903633491312,1.5401922183365533,neutral,bullish,True,True,True,True,2024
265,292096,292097,292097,2024-07-30 13:30:00+00:00,2024-07-30 13:31:00+00:00,2024-07-30 13:31:00+00:00,short,19258.0,19258.0,19257.75,19280.5,19232.75,19207.75,19182.75,19157.75,71.9718942976356,near_trigger,-12.9718942976356,22.75,False,False,False,False,True,stop,19280.5,19280.75,-23.0,0.0,-23.0,-1.010989010989011,0.0,37.25,0.0,1.637362637362637,1,0.0,0,2024-07-30,1.82,1.9591194968553456,0.893320039880359,partial_bullish,13.289423877659171,0.976578581363004,neutral,neutral,True,True,True,False,2024
266,293477,293478,293480,2024-07-31 13:31:00+00:00,2024-07-31 13:32:00+00:00,2024-07-31 13:34:00+00:00,long,19344.5,19344.25,19344.5,19319.5,19369.5,19394.5,19419.5,19444.5,78.0,near_trigger,23.0,25.0,False,False,False,False,True,stop,19319.5,19319.25,-25.25,0.0,-25.25,-1.01,9.5,34.0,0.38,1.36,3,2.0,0,2024-07-31,1.5698924731182795,0.8477292965271594,3.9637023593466423,partial_bullish,7.9187904472825155,1.6846889106848044,bullish,bullish,True,True,True,True,2024
267,293482,293483,293490,2024-07-31 13:36:00+00:00,2024-07-31 13:37:00+00:00,2024-07-31 13:44:00+00:00,long,19348.0,19348.0,19348.25,19323.25,19373.25,19398.25,19423.25,19448.25,78.68388018294846,near_trigger,41.68388018294846,25.0,True,True,False,False,True,stop,19323.25,19323.0,-25.25,0.0,-25.25,-1.01,63.75,28.25,2.55,1.13,8,7.0,2,2024-07-31,0.1740674955595026,2.1865724381625444,3.9637023593466423,partial_bullish,1.951563819816484,1.2853615412754542,bullish,bullish,False,True,True,False,2024
268,294857,294858,294865,2024-08-01 13:31:00+00:00,2024-08-01 13:32:00+00:00,2024-08-01 13:39:00+00:00,short,19544.75,19545.0,19544.75,19569.75,19519.75,19494.75,19469.75,19444.75,78.0,near_trigger,-65.18338938418657,25.0,True,False,False,False,True,stop,19569.75,19570.0,-25.25,0.0,-25.25,-1.01,39.75,25.0,1.59,1.0,8,7.0,1,2024-08-01,0.6119205298013245,2.651810584958217,1.9919839679358715,partial_bearish,6.868522043936784,1.343753879623773,bearish,bearish,True,True,True,False,2024
269,294908,294909,294910,2024-08-01 14:22:00+00:00,2024-08-01 14:23:00+00:00,2024-08-01 14:24:00+00:00,short,19471.75,19471.75,19471.5,19496.5,19446.5,19421.5,19396.5,19371.5,94.0,a_plus_plus,-73.0,25.0,False,False,False,False,True,stop,19496.5,19496.75,-25.25,0.0,-25.25,-1.01,9.75,40.5,0.39,1.62,2,1.0,0,2024-08-01,2.684715172024817,1.7632623601587876,0.3810483870967742,strong_bearish,1.467078092892188,2.162114172412773,bearish,bearish,True,True,True,True,2024
270,294915,294916,294934,2024-08-01 14:29:00+00:00,2024-08-01 14:30:00+00:00,2024-08-01 14:48:00+00:00,short,19446.0,19447.0,19446.75,19471.75,19421.75,19396.75,19371.75,19346.75,85.75130111524163,high_probability,-64.75130111524163,25.0,True,True,True,True,False,tp4,19346.75,19347.0,99.75,0.0,99.75,3.99,116.5,24.5,4.66,0.98,19,18.0,4,2024-08-01,2.029739776951673,2.480781758957655,0.3810483870967742,strong_bearish,1.25256457835881,2.1079424935187365,bearish,bearish,False,True,True,False,2024
271,296240,296241,296241,2024-08-02 13:34:00+00:00,2024-08-02 13:35:00+00:00,2024-08-02 13:35:00+00:00,short,18542.5,18543.0,18542.75,18567.75,18517.75,18492.75,18467.75,18442.75,73.30745415792717,near_trigger,-60.30745415792717,25.0,False,False,False,False,True,stop,18567.75,18568.0,-25.25,0.0,-25.25,-1.01,0.5,33.5,0.02,1.34,1,0.0,0,2024-08-02,3.718482252141983,1.349296617779108,0.7448425624321389,partial_bearish,2.378473265922016,1.2761016391539102,bearish,bearish,True,True,False,False,2024
272,296252,296253,296256,2024-08-02 13:46:00+00:00,2024-08-02 13:47:00+00:00,2024-08-02 13:50:00+00:00,short,18640.75,18641.0,18640.75,18665.75,18615.75,18590.75,18565.75,18540.75,85.91938813122005,high_probability,-77.91938813122005,25.0,True,False,False,False,True,stop,18665.75,18666.0,-25.25,0.0,-25.25,-1.01,38.25,32.0,1.53,1.28,4,3.0,1,2024-08-02,1.78547733136749,0.3369175627240143,0.3088235294117647,partial_bearish,1.356523590428992,1.53583480636349,bearish,bearish,True,True,True,False,2024
273,296270,296271,296276,2024-08-02 14:04:00+00:00,2024-08-02 14:05:00+00:00,2024-08-02 14:10:00+00:00,short,18545.75,18545.25,18545.0,18570.0,18520.0,18495.0,18470.0,18445.0,77.05579676674365,near_trigger,-69.05579676674365,25.0,True,True,True,True,False,tp4,18445.0,18445.25,99.75,0.0,99.75,3.99,111.5,4.25,4.46,0.17,6,5.0,4,2024-08-02,0.7371824480369515,0.4149358226371062,0.3303834808259587,partial_bullish,1.0623586767569828,1.5191529526105767,bearish,bearish,False,True,True,False,2024
274,297618,297619,297619,2024-08-05 13:32:00+00:00,2024-08-05 13:33:00+00:00,2024-08-05 13:33:00+00:00,short,17603.5,17603.75,17603.5,17628.5,17578.5,17553.5,17528.5,17503.5,74.12907941525089,near_trigger,-66.12907941525089,25.0,False,False,False,False,True,stop,17628.5,17628.75,-25.25,0.0,-25.25,-1.01,0.75,78.0,0.03,3.12,1,0.0,0,2024-08-05,0.348478862109838,0.4308855291576674,0.1004195425632697,partial_bearish,4.570504416863721,2.1291508281679854,bearish,bearish,False,True,True,False,2024
275,297647,297648,297648,2024-08-05 14:01:00+00:00,2024-08-05 14:02:00+00:00,2024-08-05 14:02:00+00:00,long,18102.25,18102.0,18102.25,18077.25,18127.25,18152.25,18177.25,18202.25,77.74443005181347,near_trigger,34.74443005181347,25.0,False,False,False,False,True,stop,18077.25,18077.0,-25.25,0.0,-25.25,-1.01,10.25,50.5,0.41,2.02,1,0.0,0,2024-08-05,3.5770725388601035,1.7861163227016887,2.2836543877436077,strong_bullish,1.7377434519811954,1.6321703134240095,neutral,bullish,False,True,True,False,2024
276,298998,298999,299000,2024-08-06 13:32:00+00:00,2024-08-06 13:33:00+00:00,2024-08-06 13:34:00+00:00,long,18160.5,18159.75,18160.0,18135.0,18185.0,18210.0,18235.0,18260.0,71.7417676734587,near_trigger,24.741767673458696,25.0,False,False,False,False,True,stop,18135.0,18134.75,-25.25,0.0,-25.25,-1.01,12.25,58.0,0.49,2.32,2,1.0,0,2024-08-06,1.4736842105263157,0.4819277108433735,1.4212368728121354,partial_bearish,5.650211294660007,1.2848063945489092,neutral,neutral,True,True,True,False,2024
277,299018,299019,299034,2024-08-06 13:52:00+00:00,2024-08-06 13:53:00+00:00,2024-08-06 14:08:00+00:00,long,18116.25,18116.5,18116.75,18091.75,18141.75,18166.75,18191.75,18216.75,72.6,near_trigger,39.6,25.0,True,True,True,True,False,tp4,18216.75,18216.5,99.75,0.0,99.75,3.99,103.25,15.25,4.13,0.61,16,15.0,4,2024-08-06,1.2221311475409835,0.3168724279835391,2.131672597864769,partial_bearish,1.2819476095959224,1.701522149222663,neutral,neutral,True,True,True,False,2024
278,301760,301761,301763,2024-08-08 13:34:00+00:00,2024-08-08 13:35:00+00:00,2024-08-08 13:37:00+00:00,long,18214.5,18213.75,18214.0,18189.0,18239.0,18264.0,18289.0,18314.0,70.49249486304006,near_trigger,57.49249486304007,25.0,False,False,False,False,True,stop,18189.0,18188.75,-25.25,0.0,-25.25,-1.01,15.75,57.0,0.63,2.28,3,2.0,0,2024-08-08,0.4533132530120481,0.826148409893993,4.118935837245696,partial_bullish,2.194956167105286,0.7390107794410182,bullish,bullish,True,False,False,False,2024
279,301785,301786,301801,2024-08-08 13:59:00+00:00,2024-08-08 14:00:00+00:00,2024-08-08 14:15:00+00:00,long,18208.5,18209.0,18209.25,18184.25,18234.25,18259.25,18284.25,18309.25,82.59770344483275,high_probability,81.59770344483275,25.0,True,True,True,True,False,tp4,18309.25,18309.0,99.75,0.0,99.75,3.99,102.5,19.5,4.1,0.78,16,15.0,4,2024-08-08,0.9435846230654018,0.8706896551724138,2.38691159586682,partial_bullish,1.1455308589831583,1.8902319503430247,bullish,bullish,False,True,True,False,2024
280,301812,301813,301863,2024-08-08 14:26:00+00:00,2024-08-08 14:27:00+00:00,2024-08-08 15:17:00+00:00,long,18352.25,18351.75,18352.0,18327.0,18377.0,18402.0,18427.0,18452.0,71.15137145395911,near_trigger,65.15137145395911,25.0,True,True,True,False,True,stop,18327.0,18326.75,-25.25,0.0,-25.25,-1.01,86.25,28.5,3.45,1.14,51,50.0,3,2024-08-08,1.3542361574382922,1.851891601824524,1.949658903787344,strong_bullish,1.0878243512974053,0.8540726092309989,bullish,bullish,False,False,True,False,2024
281,303193,303194,303194,2024-08-09 14:27:00+00:00,2024-08-09 14:28:00+00:00,2024-08-09 14:28:00+00:00,short,18484.25,18484.25,18484.0,18509.0,18459.0,18434.0,18409.0,18384.0,70.67834191035351,near_trigger,-68.67834191035351,25.0,False,False,False,False,True,stop,18509.0,18509.25,-25.25,0.0,-25.25,-1.01,1.75,27.25,0.07,1.09,1,0.0,0,2024-08-09,1.715824915824916,1.334395919668473,2.04989604989605,partial_bullish,0.7760144463659555,0.8178101778198441,bearish,bearish,False,False,True,False,2024
282,304516,304517,304517,2024-08-12 13:30:00+00:00,2024-08-12 13:31:00+00:00,2024-08-12 13:31:00+00:00,long,18662.75,18662.75,18663.0,18638.0,18688.0,18713.0,18738.0,18763.0,82.75541089178216,high_probability,82.75541089178216,25.0,False,False,False,False,True,stop,18638.0,18637.75,-25.25,0.0,-25.25,-1.01,3.25,29.5,0.13,1.18,1,0.0,0,2024-08-12,0.0496453900709219,1.779527559055118,0.8873974645786725,partial_bearish,8.204696810375044,0.5461757431518036,bullish,bullish,True,True,True,False,2024
283,305897,305898,305908,2024-08-13 13:31:00+00:00,2024-08-13 13:32:00+00:00,2024-08-13 13:42:00+00:00,long,18857.0,18856.75,18857.0,18832.0,18882.0,18907.0,18932.0,18957.0,73.0374344899466,near_trigger,46.037434489946605,25.0,True,False,False,False,True,stop,18832.0,18831.75,-25.25,0.0,-25.25,-1.01,34.25,31.0,1.37,1.24,11,10.0,1,2024-08-13,1.090403337969402,0.45841519318926,1.7256719184430027,strong_bullish,4.08441332108115,0.6871991171437254,bullish,bullish,True,True,True,False,2024
284,305911,305912,305971,2024-08-13 13:45:00+00:00,2024-08-13 13:46:00+00:00,2024-08-13 14:45:00+00:00,long,18879.5,18880.0,18880.25,18855.25,18905.25,18930.25,18955.25,18980.25,70.8848215264435,near_trigger,49.8848215264435,25.0,True,False,False,False,False,max_holding_time,18909.5,18909.25,29.0,0.0,29.0,1.16,41.75,24.5,1.67,0.98,60,59.0,1,2024-08-13,1.4024179620034545,1.6819787985865724,2.6411688869789427,strong_bullish,1.9333208342064343,1.022127634762835,bullish,bullish,True,False,True,False,2024
285,307332,307333,307335,2024-08-14 14:26:00+00:00,2024-08-14 14:27:00+00:00,2024-08-14 14:29:00+00:00,short,18984.0,18984.5,18984.25,19009.25,18959.25,18934.25,18909.25,18884.25,83.20879516571691,high_probability,-69.20879516571691,25.0,False,False,False,False,True,stop,19009.25,19009.5,-25.25,0.0,-25.25,-1.01,9.0,30.25,0.36,1.21,3,2.0,0,2024-08-14,0.7769929364278506,0.376068376068376,2.739845585767036,strong_bearish,1.200110805685184,1.073508248591878,bearish,bearish,True,True,True,False,2024
286,311441,311442,311449,2024-08-19 13:55:00+00:00,2024-08-19 13:56:00+00:00,2024-08-19 14:03:00+00:00,long,19586.0,19586.25,19586.5,19561.5,19611.5,19636.5,19661.5,19686.5,75.43238939764687,near_trigger,62.43238939764687,25.0,False,False,False,False,True,stop,19561.5,19561.25,-25.25,0.0,-25.25,-1.01,23.0,26.5,0.92,1.06,8,7.0,0,2024-08-19,0.8666666666666667,0.9116279069767442,1.1458333333333333,strong_bearish,0.9935139259824496,0.7943504720650366,bullish,bullish,True,False,True,False,2024
287,312837,312838,312865,2024-08-20 14:11:00+00:00,2024-08-20 14:12:00+00:00,2024-08-20 14:39:00+00:00,short,19862.25,19862.25,19862.0,19887.0,19837.0,19812.0,19787.0,19762.0,93.78675907578923,a_plus_plus,-84.78675907578923,25.0,True,True,True,True,False,tp4,19762.0,19762.25,99.75,0.0,99.75,3.99,100.5,6.5,4.02,0.26,28,27.0,4,2024-08-20,1.944873208379272,1.3989481592787378,2.644556596971882,partial_bullish,1.81957262004639,1.322299229824357,bearish,bearish,True,True,True,True,2024
288,314180,314181,314185,2024-08-21 13:34:00+00:00,2024-08-21 13:35:00+00:00,2024-08-21 13:39:00+00:00,short,19820.25,19821.0,19820.75,19845.75,19795.75,19770.75,19745.75,19720.75,77.59393484109286,near_trigger,-36.59393484109286,25.0,False,False,False,False,True,stop,19845.75,19846.0,-25.25,0.0,-25.25,-1.01,7.5,27.75,0.3,1.11,5,4.0,0,2024-08-21,2.2450450450450448,0.5523520485584219,0.4366471734892787,partial_bearish,3.735730076468669,0.6503511063161282,neutral,bearish,True,True,True,False,2024
289,315561,315562,315576,2024-08-22 13:35:00+00:00,2024-08-22 13:36:00+00:00,2024-08-22 13:50:00+00:00,long,19985.75,19985.75,19986.0,19961.0,20011.0,20036.0,20061.0,20086.0,78.0,near_trigger,49.4814663245453,25.0,False,False,False,False,True,stop,19961.0,19960.75,-25.25,0.0,-25.25,-1.01,21.5,37.0,0.86,1.48,15,14.0,0,2024-08-22,2.556372549019608,0.6975524475524476,0.9984152139461172,partial_bullish,3.625152969970818,1.0177800976550886,bullish,bullish,True,True,True,False,2024
290,315610,315611,315616,2024-08-22 14:24:00+00:00,2024-08-22 14:25:00+00:00,2024-08-22 14:30:00+00:00,long,19918.25,19918.5,19918.75,19893.75,19943.75,19968.75,19993.75,20018.75,73.15866624648224,near_trigger,73.15866624648224,25.0,False,False,False,False,True,stop,19893.75,19893.5,-25.25,0.0,-25.25,-1.01,13.25,33.5,0.53,1.34,6,5.0,0,2024-08-22,1.2322097378277153,2.9453551912568305,2.1123829344432883,partial_bearish,0.9391446850083516,0.9131207484730252,bullish,bullish,True,True,True,False,2024
291,316976,316977,316980,2024-08-23 14:10:00+00:00,2024-08-23 14:11:00+00:00,2024-08-23 14:14:00+00:00,long,19883.25,19883.0,19883.25,19858.25,19908.25,19933.25,19958.25,19983.25,72.30753459764223,near_trigger,39.30753459764223,25.0,False,False,False,False,True,stop,19858.25,19858.0,-25.25,0.0,-25.25,-1.01,13.0,33.25,0.52,1.33,4,3.0,0,2024-08-23,2.1670937980522806,3.811915312653865,0.0100286532951289,strong_bullish,1.7354715514473529,1.6269822410214976,neutral,bullish,False,True,True,False,2024
292,322457,322458,322482,2024-08-29 13:31:00+00:00,2024-08-29 13:32:00+00:00,2024-08-29 13:56:00+00:00,long,19529.5,19530.25,19530.5,19505.5,19555.5,19580.5,19605.5,19630.5,82.66400580456653,high_probability,61.66400580456653,25.0,True,True,True,True,False,tp4,19630.5,19630.25,99.75,0.0,99.75,3.99,121.0,6.5,4.84,0.26,25,24.0,4,2024-08-29,3.6779661016949152,1.1403636363636365,1.037037037037037,strong_bullish,7.253225555728276,1.220004837138767,bullish,bullish,False,True,True,False,2024
293,322494,322495,322495,2024-08-29 14:08:00+00:00,2024-08-29 14:09:00+00:00,2024-08-29 14:09:00+00:00,long,19627.25,19628.0,19628.25,19603.25,19653.25,19678.25,19703.25,19728.25,70.14818956548811,near_trigger,68.14818956548811,25.0,False,False,False,False,True,stop,19603.25,19603.0,-25.25,0.0,-25.25,-1.01,6.25,50.75,0.25,2.03,1,0.0,0,2024-08-29,0.0679199514857489,0.8982078853046596,3.840526700804682,partial_bullish,0.5255807688763177,0.6489107507023886,bullish,bullish,False,False,True,False,2024
294,323839,323840,323868,2024-08-30 13:33:00+00:00,2024-08-30 13:34:00+00:00,2024-08-30 14:02:00+00:00,long,19525.5,19526.0,19526.25,19501.25,19551.25,19576.25,19601.25,19626.25,70.0,near_trigger,18.578438669015423,25.0,True,True,True,True,False,tp4,19626.25,19626.0,99.75,0.0,99.75,3.99,101.75,13.25,4.07,0.53,29,28.0,4,2024-08-30,2.6781002638522424,1.8633540372670807,0.1314553990610328,partial_bullish,3.770825919575556,0.8477830792505529,bullish,bullish,False,True,True,False,2024
295,323871,323872,323881,2024-08-30 14:05:00+00:00,2024-08-30 14:06:00+00:00,2024-08-30 14:15:00+00:00,long,19590.0,19589.75,19590.0,19565.0,19615.0,19640.0,19665.0,19690.0,70.0,near_trigger,38.60686709345244,25.0,False,False,False,False,True,stop,19565.0,19564.75,-25.25,0.0,-25.25,-1.01,12.25,30.75,0.49,1.23,10,9.0,0,2024-08-30,1.2173913043478262,2.2960924600990644,1.3751306165099269,partial_bullish,1.7815684536996013,1.370472303405731,bullish,bullish,False,False,True,True,2024
296,325262,325263,325278,2024-09-02 14:16:00+00:00,2024-09-02 14:17:00+00:00,2024-09-02 14:32:00+00:00,short,19595.75,19596.25,19596.0,19621.0,19571.0,19546.0,19521.0,19496.0,74.38784643238476,near_trigger,-74.38784643238476,25.0,False,False,False,False,True,stop,19621.0,19621.25,-25.25,0.0,-25.25,-1.01,8.25,35.0,0.33,1.4,16,15.0,0,2024-09-02,2.173285198555957,2.689024390243903,0.385593220338983,strong_bearish,1.2269849355942073,0.1565386936539622,bearish,bearish,False,True,True,False,2024
297,326379,326380,326417,2024-09-03 13:53:00+00:00,2024-09-03 13:54:00+00:00,2024-09-03 14:31:00+00:00,short,19363.25,19363.25,19363.0,19388.0,19338.0,19313.0,19288.0,19263.0,74.58778523489933,near_trigger,-49.58778523489933,25.0,True,True,True,True,False,tp4,19263.0,19263.25,99.75,0.0,99.75,3.99,108.25,23.0,4.33,0.92,38,37.0,4,2024-09-03,1.5315436241610738,3.051497005988024,2.860143198090692,strong_bearish,1.5444638549205556,1.9300178801613368,bearish,bearish,True,True,True,True,2024
298,329120,329121,329121,2024-09-05 13:34:00+00:00,2024-09-05 13:35:00+00:00,2024-09-05 13:35:00+00:00,short,18912.5,18912.25,18912.0,18937.0,18887.0,18862.0,18837.0,18812.0,72.62264008153946,near_trigger,-32.62264008153946,25.0,False,False,False,False,True,stop,18937.0,18937.25,-25.25,0.0,-25.25,-1.01,4.75,43.5,0.19,1.74,1,0.0,0,2024-09-05,1.4503171247357294,0.3640661938534278,0.5318077803203661,partial_bearish,2.825040128410915,0.9663649728121292,neutral,bearish,True,True,True,False,2024
299,329166,329167,329191,2024-09-05 14:20:00+00:00,2024-09-05 14:21:00+00:00,2024-09-05 14:45:00+00:00,long,19085.0,19084.5,19084.75,19059.75,19109.75,19134.75,19159.75,19184.75,83.1243339999997,high_probability,77.1243339999997,25.0,True,True,False,False,True,stop,19059.75,19059.5,-25.25,0.0,-25.25,-1.01,65.5,51.5,2.62,2.06,25,24.0,2,2024-09-05,2.283987915407855,0.4659685863874345,2.5675923100396703,strong_bullish,0.9266909396443076,1.3095532578043834,bullish,bullish,True,True,True,False,2024
300,330500,330501,330502,2024-09-06 13:34:00+00:00,2024-09-06 13:35:00+00:00,2024-09-06 13:36:00+00:00,long,18917.0,18917.0,18917.25,18892.25,18942.25,18967.25,18992.25,19017.25,70.00803344361272,near_trigger,33.00803344361272,25.0,True,False,False,False,True,stop,18892.25,18892.0,-25.25,0.0,-25.25,-1.01,29.25,37.0,1.17,1.48,2,1.0,1,2024-09-06,0.5074626865671642,0.2771392081736909,3.065508505247919,partial_bullish,1.805232665412008,0.8729712608296082,bullish,neutral,False,True,True,False,2024
301,330512,330513,330514,2024-09-06 13:46:00+00:00,2024-09-06 13:47:00+00:00,2024-09-06 13:48:00+00:00,long,18866.5,18866.5,18866.75,18841.75,18891.75,18916.75,18941.75,18966.75,78.93572426641826,near_trigger,65.93572426641826,25.0,False,False,False,False,True,stop,18841.75,18841.5,-25.25,0.0,-25.25,-1.01,17.75,26.5,0.71,1.06,2,1.0,0,2024-09-06,1.486725663716814,1.4247231367853936,1.2796561604584529,partial_bullish,1.350596138167476,1.6984769616348565,bullish,bullish,False,False,True,True,2024
302,330518,330519,330520,2024-09-06 13:52:00+00:00,2024-09-06 13:53:00+00:00,2024-09-06 13:54:00+00:00,long,18813.75,18813.75,18814.0,18789.0,18839.0,18864.0,18889.0,18914.0,77.01204157854475,near_trigger,40.01204157854475,25.0,False,False,False,False,True,stop,18789.0,18788.75,-25.25,0.0,-25.25,-1.01,14.5,40.25,0.58,1.61,2,1.0,0,2024-09-06,1.453674121405751,1.9667673716012088,1.2796561604584529,partial_bearish,0.8072872054488638,1.522996511796369,bullish,bullish,False,False,True,False,2024
303,331925,331926,331927,2024-09-09 14:19:00+00:00,2024-09-09 14:20:00+00:00,2024-09-09 14:21:00+00:00,long,18652.75,18652.25,18652.5,18627.5,18677.5,18702.5,18727.5,18752.5,82.0,high_probability,68.93729508196722,25.0,False,False,False,False,True,stop,18627.5,18627.25,-25.25,0.0,-25.25,-1.01,4.5,27.0,0.18,1.08,2,1.0,0,2024-09-09,2.6250000000000004,1.8359375,2.5609756097560976,partial_bullish,1.9778586632073452,1.9790550843719676,bullish,bullish,True,True,True,False,2024
304,333241,333242,333244,2024-09-10 13:31:00+00:00,2024-09-10 13:32:00+00:00,2024-09-10 13:34:00+00:00,long,18799.0,18799.0,18799.25,18774.25,18824.25,18849.25,18874.25,18899.25,74.2895427361654,near_trigger,61.2895427361654,25.0,False,False,False,False,True,stop,18774.25,18774.0,-25.25,0.0,-25.25,-1.01,22.5,37.25,0.9,1.49,3,2.0,0,2024-09-10,2.5789473684210527,0.1242078580481622,1.0482673267326732,partial_bullish,8.436501689893051,1.4079522801378437,bullish,bullish,True,True,True,False,2024
305,333246,333247,333283,2024-09-10 13:36:00+00:00,2024-09-10 13:37:00+00:00,2024-09-10 14:13:00+00:00,long,18742.25,18742.5,18742.75,18717.75,18767.75,18792.75,18817.75,18842.75,78.0,near_trigger,43.93586206896552,25.0,True,True,False,False,True,stop,18717.75,18717.5,-25.25,0.0,-25.25,-1.01,73.75,37.75,2.95,1.51,37,36.0,2,2024-09-10,3.1310344827586207,0.9153846153846154,1.0482673267326732,partial_bullish,2.991625256281058,1.6312957137984614,bullish,bullish,True,True,True,False,2024
306,333284,333285,333321,2024-09-10 14:14:00+00:00,2024-09-10 14:15:00+00:00,2024-09-10 14:51:00+00:00,long,18710.75,18711.25,18711.5,18686.5,18736.5,18761.5,18786.5,18811.5,84.55185185185185,high_probability,65.55185185185185,25.0,True,True,True,False,True,stop,18686.5,18686.25,-25.25,0.0,-25.25,-1.01,77.75,38.0,3.11,1.52,37,36.0,3,2024-09-10,3.274348422496571,0.7511563367252545,0.0067307692307692,partial_bearish,1.3958250383937203,1.9315664601441536,bullish,bullish,True,False,True,False,2024
307,336001,336002,336002,2024-09-12 13:31:00+00:00,2024-09-12 13:32:00+00:00,2024-09-12 13:32:00+00:00,short,19213.25,19213.75,19213.5,19238.5,19188.5,19163.5,19138.5,19113.5,75.96634024140286,near_trigger,-36.96634024140286,25.0,False,False,False,False,True,stop,19238.5,19238.75,-25.25,0.0,-25.25,-1.01,2.75,26.25,0.11,1.05,1,0.0,0,2024-09-12,4.431654676258993,0.5325530358449159,1.4887892376681615,strong_bearish,8.043640587405626,1.471950201169058,bearish,bearish,True,True,False,False,2024
308,336019,336020,336022,2024-09-12 13:49:00+00:00,2024-09-12 13:50:00+00:00,2024-09-12 13:52:00+00:00,short,19208.75,19209.0,19208.75,19233.75,19183.75,19158.75,19133.75,19108.75,81.14473219540906,high_probability,-80.14473219540906,25.0,False,False,False,False,True,stop,19233.75,19234.0,-25.25,0.0,-25.25,-1.01,23.5,31.25,0.94,1.25,3,2.0,0,2024-09-12,1.9529134785167743,0.1761533852606351,1.3907284768211925,partial_bearish,1.5266437167486984,2.20957165357573,bearish,bearish,False,True,True,False,2024
309,336025,336026,336030,2024-09-12 13:55:00+00:00,2024-09-12 13:56:00+00:00,2024-09-12 14:00:00+00:00,short,19241.0,19240.75,19240.5,19265.5,19215.5,19190.5,19165.5,19140.5,71.41349864164646,near_trigger,-71.41349864164646,25.0,False,False,False,False,True,stop,19265.5,19265.75,-25.25,0.0,-25.25,-1.01,19.75,30.5,0.79,1.22,5,4.0,0,2024-09-12,1.7879948914431671,0.0899209486166007,1.3907284768211925,partial_bullish,0.8063157149431798,1.105437884641519,bearish,bearish,False,True,True,False,2024
310,337437,337438,337439,2024-09-13 14:27:00+00:00,2024-09-13 14:28:00+00:00,2024-09-13 14:29:00+00:00,long,19486.0,19486.0,19486.25,19461.25,19511.25,19536.25,19561.25,19586.25,70.0,near_trigger,60.10247678018576,25.0,False,False,False,False,True,stop,19461.25,19461.0,-25.25,0.0,-25.25,-1.01,5.5,27.5,0.22,1.1,2,1.0,0,2024-09-13,1.3147574819401446,1.4417520969245108,1.0991444388525415,partial_bullish,1.659512362637363,1.555963992004186,bullish,bullish,False,False,True,False,2024
311,338390,338391,338392,2024-09-16 14:20:00+00:00,2024-09-16 14:21:00+00:00,2024-09-16 14:22:00+00:00,short,19640.75,19640.75,19640.5,19665.5,19615.5,19590.5,19565.5,19540.5,71.9872887391614,near_trigger,-38.9872887391614,25.0,False,False,False,False,True,stop,19665.5,19665.75,-25.25,0.0,-25.25,-1.01,0.0,26.75,0.0,1.07,2,1.0,0,2024-09-16,2.899676375404531,0.1803957662218131,0.4319676277187658,partial_bearish,1.8129466597617812,0.9894072826345004,neutral,neutral,True,True,True,False,2024
312,339720,339721,339724,2024-09-17 13:30:00+00:00,2024-09-17 13:31:00+00:00,2024-09-17 13:34:00+00:00,long,19809.0,19809.0,19809.25,19784.25,19834.25,19859.25,19884.25,19909.25,72.64495329051931,near_trigger,33.64495329051931,25.0,False,False,False,False,True,stop,19784.25,19784.0,-25.25,0.0,-25.25,-1.01,19.5,38.75,0.78,1.55,4,3.0,0,2024-09-17,2.687140115163148,0.5571428571428572,0.9355877616747182,partial_bullish,10.085995944906664,1.037461075432755,bullish,bullish,True,True,True,False,2024
313,339727,339728,339739,2024-09-17 13:37:00+00:00,2024-09-17 13:38:00+00:00,2024-09-17 13:49:00+00:00,long,19774.0,19774.25,19774.5,19749.5,19799.5,19824.5,19849.5,19874.5,78.0,near_trigger,69.05487481883307,25.0,True,False,False,False,True,stop,19749.5,19749.25,-25.25,0.0,-25.25,-1.01,34.5,28.5,1.38,1.14,12,11.0,1,2024-09-17,2.24,1.7884940778341794,0.9355877616747182,partial_bearish,1.6884834313969757,0.7296368379643049,bullish,bullish,True,True,True,False,2024
314,339752,339753,339809,2024-09-17 14:02:00+00:00,2024-09-17 14:03:00+00:00,2024-09-17 14:59:00+00:00,long,19771.5,19771.75,19772.0,19747.0,19797.0,19822.0,19847.0,19872.0,75.69420429981342,near_trigger,74.69420429981342,25.0,True,True,True,False,True,stop,19747.0,19746.75,-25.25,0.0,-25.25,-1.01,78.5,27.0,3.14,1.08,57,56.0,3,2024-09-17,1.0374787052810903,0.3994927076727965,0.6463878326996197,partial_bearish,1.0873243741880547,1.0323918113500907,bullish,bullish,True,False,True,False,2024
315,341105,341106,341131,2024-09-18 13:35:00+00:00,2024-09-18 13:36:00+00:00,2024-09-18 14:01:00+00:00,short,19689.0,19688.75,19688.5,19713.5,19663.5,19638.5,19613.5,19588.5,84.19611674925287,high_probability,-51.19611674925287,25.0,False,False,False,False,True,stop,19713.5,19713.75,-25.25,0.0,-25.25,-1.01,21.5,26.5,0.86,1.06,26,25.0,0,2024-09-18,3.0398818316100447,2.050955414012739,3.0514631685166496,partial_bearish,2.5552719781064543,0.6290879360465116,neutral,bearish,True,True,True,False,2024
316,345242,345243,345302,2024-09-23 13:32:00+00:00,2024-09-23 13:33:00+00:00,2024-09-23 14:32:00+00:00,long,20041.75,20041.75,20042.0,20017.0,20067.0,20092.0,20117.0,20142.0,78.0,near_trigger,33.84754235598963,25.0,True,True,True,False,False,max_holding_time,20100.5,20100.25,58.25,0.0,58.25,2.33,78.25,10.25,3.13,0.41,60,59.0,3,2024-09-23,2.5261382799325465,1.0637254901960784,0.1360323886639676,partial_bearish,5.939994957559458,1.127048036675304,bullish,bullish,True,True,True,True,2024
317,352174,352175,352234,2024-09-30 14:04:00+00:00,2024-09-30 14:05:00+00:00,2024-09-30 15:04:00+00:00,short,20190.25,20190.0,20189.75,20214.75,20164.75,20139.75,20114.75,20089.75,73.20172594346464,near_trigger,-59.20172594346464,25.0,True,True,False,False,False,max_holding_time,20203.25,20203.5,-13.75,0.0,-13.75,-0.55,62.25,20.25,2.49,0.81,60,59.0,2,2024-09-30,0.8253275109170305,0.8955882352941177,1.6016343207354442,partial_bearish,1.0508153365296222,0.8242184900051028,bearish,bearish,False,True,True,False,2024
318,353571,353572,353573,2024-10-01 14:21:00+00:00,2024-10-01 14:22:00+00:00,2024-10-01 14:23:00+00:00,short,19954.0,19954.0,19953.75,19976.75,19928.75,19903.75,19878.75,19853.75,70.0,near_trigger,-45.96634649337123,23.0,False,False,False,False,True,stop,19976.75,19977.0,-23.25,0.0,-23.25,-1.0108695652173914,7.0,31.5,0.3043478260869565,1.3695652173913044,2,1.0,0,2024-10-01,1.0755326016785025,1.4464944649446496,6.460034904013962,partial_bearish,1.23537212000663,2.136815849078242,bearish,bearish,False,False,True,False,2024
319,353574,353575,353618,2024-10-01 14:24:00+00:00,2024-10-01 14:25:00+00:00,2024-10-01 15:08:00+00:00,short,19954.75,19955.25,19955.0,19976.75,19930.0,19905.0,19880.0,19855.0,72.46415554611484,near_trigger,-66.46415554611484,21.75,True,True,True,True,False,tp4,19855.0,19855.25,99.75,0.0,99.75,4.586206896551724,105.5,10.5,4.850574712643678,0.4827586206896552,44,43.0,4,2024-10-01,1.28072625698324,1.4464944649446496,6.460034904013962,partial_bearish,0.97029924073247,1.400064444853618,bearish,bearish,False,False,True,False,2024
320,354907,354908,354909,2024-10-02 13:37:00+00:00,2024-10-02 13:38:00+00:00,2024-10-02 13:39:00+00:00,long,19905.5,19905.75,19906.0,19881.0,19931.0,19956.0,19981.0,20006.0,73.0,near_trigger,29.950724809014048,25.0,False,False,False,False,True,stop,19881.0,19880.75,-25.25,0.0,-25.25,-1.01,3.5,32.75,0.14,1.31,2,1.0,0,2024-10-02,2.8078358208955225,0.0179028132992327,0.1431111111111111,partial_bearish,2.06831030884483,1.0827293258216268,bullish,bullish,True,True,True,False,2024
321,354932,354933,354936,2024-10-02 14:02:00+00:00,2024-10-02 14:03:00+00:00,2024-10-02 14:06:00+00:00,long,19955.25,19954.75,19955.0,19930.0,19980.0,20005.0,20030.0,20055.0,71.0,near_trigger,62.0,25.0,False,False,False,False,True,stop,19930.0,19929.75,-25.25,0.0,-25.25,-1.01,20.25,27.25,0.81,1.09,4,3.0,0,2024-10-02,1.6281560826319816,0.8180196253345228,1.5632264882000706,partial_bearish,1.3712333780651458,1.791622547847571,bullish,bullish,False,True,True,False,2024
322,354940,354941,355000,2024-10-02 14:10:00+00:00,2024-10-02 14:11:00+00:00,2024-10-02 15:10:00+00:00,long,19965.5,19965.75,19966.0,19941.0,19991.0,20016.0,20041.0,20066.0,71.38902714846223,near_trigger,65.38902714846223,25.0,True,True,True,False,False,max_holding_time,20046.0,20045.75,79.75,0.0,79.75,3.19,90.75,24.75,3.63,0.99,60,59.0,3,2024-10-02,1.1822742474916388,2.4672594987873886,1.5632264882000706,partial_bullish,0.977384707361824,0.9200644297385938,bullish,bullish,False,True,True,False,2024
323,356280,356281,356281,2024-10-03 13:30:00+00:00,2024-10-03 13:31:00+00:00,2024-10-03 13:31:00+00:00,long,19921.75,19921.25,19921.5,19896.5,19946.5,19971.5,19996.5,20021.5,84.72072506216841,high_probability,71.72072506216841,25.0,False,False,False,False,True,stop,19896.5,19896.25,-25.25,0.0,-25.25,-1.01,6.25,27.0,0.25,1.08,1,0.0,0,2024-10-03,0.3409436834094368,0.6363636363636364,2.111533586818758,partial_bearish,5.609186260376796,0.7656450376240849,bullish,bullish,True,True,True,False,2024
324,356282,356283,356306,2024-10-03 13:32:00+00:00,2024-10-03 13:33:00+00:00,2024-10-03 13:56:00+00:00,long,19940.5,19940.25,19940.5,19915.5,19965.5,19990.5,20015.5,20040.5,73.00532994074385,near_trigger,60.00532994074385,25.0,True,True,True,True,False,tp4,20040.5,20040.25,99.75,0.0,99.75,3.99,107.5,7.75,4.3,0.31,24,23.0,4,2024-10-03,2.12280701754386,0.6363636363636364,2.111533586818758,partial_bearish,4.927396245854664,1.131634599742676,bullish,bullish,True,True,False,False,2024
325,356314,356315,356323,2024-10-03 14:04:00+00:00,2024-10-03 14:05:00+00:00,2024-10-03 14:13:00+00:00,long,20090.75,20090.75,20091.0,20066.0,20116.0,20141.0,20166.0,20191.0,75.75019849865782,near_trigger,73.75019849865782,25.0,False,False,False,False,True,stop,20066.0,20065.75,-25.25,0.0,-25.25,-1.01,24.0,83.25,0.96,3.33,9,8.0,0,2024-10-03,3.163575042158516,1.5582750582750584,1.811764705882353,strong_bullish,1.2929608527844143,1.3108034144239615,bullish,bullish,False,True,True,False,2024
326,360442,360443,360485,2024-10-08 13:52:00+00:00,2024-10-08 13:53:00+00:00,2024-10-08 14:35:00+00:00,long,20117.5,20117.5,20117.75,20092.75,20142.75,20167.75,20192.75,20217.75,81.38933978058752,high_probability,67.38933978058752,25.0,True,True,True,True,False,tp4,20217.75,20217.5,99.75,0.0,99.75,3.99,100.0,0.25,4.0,0.01,43,42.0,4,2024-10-08,1.5053763440860215,0.9223826714801444,1.2736389684813754,strong_bullish,1.2346674219481908,1.32298354149644,bullish,bullish,True,False,True,False,2024
327,363198,363199,363202,2024-10-10 13:48:00+00:00,2024-10-10 13:49:00+00:00,2024-10-10 13:52:00+00:00,short,20315.25,20315.75,20315.5,20340.5,20290.5,20265.5,20240.5,20215.5,76.33314917127072,near_trigger,-55.33314917127072,25.0,False,False,False,False,True,stop,20340.5,20340.75,-25.25,0.0,-25.25,-1.01,14.25,31.25,0.57,1.25,4,3.0,0,2024-10-10,3.248618784530387,0.6958796599084369,1.7408906882591093,partial_bearish,2.3475159419245597,2.017920554959121,bearish,neutral,False,True,True,False,2024
328,363231,363232,363254,2024-10-10 14:21:00+00:00,2024-10-10 14:22:00+00:00,2024-10-10 14:44:00+00:00,short,20390.0,20389.75,20389.5,20414.5,20364.5,20339.5,20314.5,20289.5,77.96633773839751,near_trigger,-71.96633773839751,25.0,True,False,False,False,True,stop,20414.5,20414.75,-25.25,0.0,-25.25,-1.01,29.25,29.0,1.17,1.16,23,22.0,1,2024-10-10,1.1332503113325032,1.6969696969696968,1.0344827586206895,partial_bullish,0.5104195354815019,0.5474981360867669,bearish,bearish,True,False,True,False,2024
329,364590,364591,364592,2024-10-11 14:00:00+00:00,2024-10-11 14:01:00+00:00,2024-10-11 14:02:00+00:00,short,20344.5,20344.25,20344.0,20369.0,20319.0,20294.0,20269.0,20244.0,87.34830396927221,high_probability,-56.34830396927221,25.0,False,False,False,False,True,stop,20369.0,20369.25,-25.25,0.0,-25.25,-1.01,7.5,36.5,0.3,1.46,2,1.0,0,2024-10-11,1.4697173620457604,0.7905282331511839,0.9860601614086574,partial_bearish,2.1294696264787984,0.9174403871346452,bearish,bearish,True,False,True,False,2024
330,364595,364596,364596,2024-10-11 14:05:00+00:00,2024-10-11 14:06:00+00:00,2024-10-11 14:06:00+00:00,short,20368.0,20367.25,20367.0,20392.0,20342.0,20317.0,20292.0,20267.0,71.0,near_trigger,-49.71363236874773,25.0,False,False,False,False,True,stop,20392.0,20392.25,-25.25,0.0,-25.25,-1.01,0.0,29.75,0.0,1.19,1,0.0,0,2024-10-11,1.5373831775700937,1.9198075380914197,0.9860601614086574,partial_bullish,1.039205590290548,0.7526583842990177,bearish,bearish,True,False,True,False,2024
331,364597,364598,364601,2024-10-11 14:07:00+00:00,2024-10-11 14:08:00+00:00,2024-10-11 14:11:00+00:00,short,20401.25,20401.5,20401.25,20426.25,20376.25,20351.25,20326.25,20301.25,78.0,near_trigger,-62.234870374035225,25.0,False,False,False,False,True,stop,20426.25,20426.5,-25.25,0.0,-25.25,-1.01,7.5,36.75,0.3,1.47,4,3.0,0,2024-10-11,2.7627811860940694,1.9198075380914197,0.9860601614086574,partial_bullish,2.143454822293247,1.863410329489488,bearish,bearish,True,False,True,False,2024
332,365942,365943,365969,2024-10-14 13:32:00+00:00,2024-10-14 13:33:00+00:00,2024-10-14 13:59:00+00:00,long,20568.75,20568.5,20568.75,20543.75,20593.75,20618.75,20643.75,20668.75,71.10374715625926,near_trigger,50.10374715625926,25.0,True,True,True,True,False,tp4,20668.75,20668.5,99.75,0.0,99.75,3.99,102.5,5.75,4.1,0.23,27,26.0,4,2024-10-14,1.9862700228832952,0.3333333333333333,2.236111111111111,strong_bullish,4.237610376441759,0.7399647354792064,bullish,bullish,True,False,True,False,2024
333,367320,367321,367325,2024-10-15 13:30:00+00:00,2024-10-15 13:31:00+00:00,2024-10-15 13:35:00+00:00,short,20620.0,20620.0,20619.75,20644.75,20594.75,20569.75,20544.75,20519.75,70.6261203513596,near_trigger,-37.6261203513596,25.0,False,False,False,False,True,stop,20644.75,20645.0,-25.25,0.0,-25.25,-1.01,4.75,39.5,0.19,1.58,5,4.0,0,2024-10-15,3.8216216216216217,0.0913539967373572,0.6517690875232776,partial_bullish,11.60354327962614,1.24219706699322,neutral,neutral,True,True,True,True,2024
334,367360,367361,367380,2024-10-15 14:10:00+00:00,2024-10-15 14:11:00+00:00,2024-10-15 14:30:00+00:00,short,20608.5,20608.0,20607.75,20632.75,20582.75,20557.75,20532.75,20507.75,82.0089430894309,high_probability,-61.0089430894309,25.0,True,True,True,True,False,tp4,20507.75,20508.0,99.75,0.0,99.75,3.99,132.25,6.5,5.29,0.26,20,19.0,4,2024-10-15,2.2222222222222223,0.4110929853181077,0.9270833333333334,partial_bearish,2.0864736215787385,1.5547673338400474,neutral,bearish,True,False,True,False,2024
335,368701,368702,368702,2024-10-16 13:31:00+00:00,2024-10-16 13:32:00+00:00,2024-10-16 13:32:00+00:00,short,20304.5,20305.0,20304.75,20329.75,20279.75,20254.75,20229.75,20204.75,86.0,high_probability,-73.0,25.0,False,False,False,False,True,stop,20329.75,20330.0,-25.25,0.0,-25.25,-1.01,4.0,26.25,0.16,1.05,1,0.0,0,2024-10-16,5.8593481989708405,1.11340206185567,0.6633064516129031,strong_bearish,9.981613079560702,1.5499293943345709,bearish,bearish,False,True,True,False,2024
336,368704,368705,368754,2024-10-16 13:34:00+00:00,2024-10-16 13:35:00+00:00,2024-10-16 14:24:00+00:00,short,20302.25,20302.5,20302.25,20327.25,20277.25,20252.25,20227.25,20202.25,82.49769958113485,high_probability,-61.49769958113485,25.0,True,True,True,False,True,stop,20327.25,20327.5,-25.25,0.0,-25.25,-1.01,97.0,30.75,3.88,1.23,50,49.0,3,2024-10-16,3.444848484848485,1.11340206185567,0.6633064516129031,strong_bearish,2.8228437647879256,1.0814163176123732,bearish,bearish,False,True,True,False,2024
337,370111,370112,370114,2024-10-17 14:01:00+00:00,2024-10-17 14:02:00+00:00,2024-10-17 14:04:00+00:00,short,20386.75,20386.75,20386.5,20411.5,20361.5,20336.5,20311.5,20286.5,80.0,high_probability,-59.0,25.0,False,False,False,False,True,stop,20411.5,20411.75,-25.25,0.0,-25.25,-1.01,15.75,26.0,0.63,1.04,3,2.0,0,2024-10-17,2.8092105263157894,1.341188524590164,2.229299363057325,strong_bearish,2.2115840364015544,2.628140137433818,neutral,bearish,True,True,True,False,2024
338,371479,371480,371539,2024-10-18 13:49:00+00:00,2024-10-18 13:50:00+00:00,2024-10-18 14:49:00+00:00,long,20452.75,20453.25,20453.5,20428.5,20478.5,20503.5,20528.5,20553.5,78.0,near_trigger,44.65555555555555,25.0,True,True,False,False,False,max_holding_time,20498.5,20498.25,44.75,0.0,44.75,1.79,69.75,6.0,2.79,0.24,60,59.0,2,2024-10-18,2.135802469135802,0.1663619744058501,1.1351351351351353,partial_bearish,1.1962961032643629,1.5762306433337532,bullish,bullish,True,True,True,False,2024
339,374220,374221,374223,2024-10-22 13:30:00+00:00,2024-10-22 13:31:00+00:00,2024-10-22 13:33:00+00:00,short,20386.5,20385.5,20385.25,20406.25,20360.25,20335.25,20310.25,20285.25,72.28895644207546,near_trigger,-52.28895644207546,21.0,False,False,False,False,True,stop,20406.25,20406.5,-21.25,0.0,-21.25,-1.011904761904762,16.5,26.0,0.7857142857142857,1.238095238095238,3,2.0,0,2024-10-22,1.0337552742616034,1.3664596273291925,1.0775969962453067,partial_bearish,10.3179940436161,1.49079703506288,bearish,bearish,True,True,False,False,2024
340,375603,375604,375606,2024-10-23 13:33:00+00:00,2024-10-23 13:34:00+00:00,2024-10-23 13:36:00+00:00,short,20417.0,20417.0,20416.75,20441.75,20391.75,20366.75,20341.75,20316.75,70.40869636169249,near_trigger,-61.40869636169249,25.0,False,False,False,False,True,stop,20441.75,20442.0,-25.25,0.0,-25.25,-1.01,2.75,25.25,0.11,1.01,3,2.0,0,2024-10-23,1.259452411994785,1.493099121706399,1.75,strong_bearish,2.386745837312627,0.9796502709888536,bearish,neutral,False,True,True,False,2024
341,378360,378361,378378,2024-10-25 13:30:00+00:00,2024-10-25 13:31:00+00:00,2024-10-25 13:48:00+00:00,long,20519.25,20519.0,20519.25,20494.25,20544.25,20569.25,20594.25,20619.25,72.89482875483434,near_trigger,59.894828754834336,25.0,True,True,True,True,False,tp4,20619.25,20619.0,99.75,0.0,99.75,3.99,103.5,4.0,4.14,0.16,18,17.0,4,2024-10-25,2.7377777777777776,0.4278438030560272,1.268882175226586,partial_bullish,10.21188680151828,1.4123572956952806,bullish,bullish,True,True,False,False,2024
342,378412,378413,378416,2024-10-25 14:22:00+00:00,2024-10-25 14:23:00+00:00,2024-10-25 14:26:00+00:00,long,20701.75,20701.75,20702.0,20677.0,20727.0,20752.0,20777.0,20802.0,79.0,near_trigger,62.0,25.0,False,False,False,False,True,stop,20677.0,20676.75,-25.25,0.0,-25.25,-1.01,5.5,29.0,0.22,1.16,4,3.0,0,2024-10-25,3.165217391304348,1.159077468953282,5.464594127806564,strong_bullish,2.5022058823529414,2.408123791102515,bullish,bullish,True,True,True,True,2024
343,381121,381122,381122,2024-10-29 13:31:00+00:00,2024-10-29 13:32:00+00:00,2024-10-29 13:32:00+00:00,long,20479.75,20480.0,20480.25,20455.25,20505.25,20530.25,20555.25,20580.25,78.0,near_trigger,43.00332998996991,25.0,False,False,False,False,True,stop,20455.25,20455.0,-25.25,0.0,-25.25,-1.01,2.0,35.5,0.08,1.42,1,0.0,0,2024-10-29,1.4344262295081969,1.364953886693017,1.181749049429658,partial_bullish,8.547436652916911,1.1638916750250752,bullish,bullish,True,True,True,True,2024
344,381125,381126,381172,2024-10-29 13:35:00+00:00,2024-10-29 13:36:00+00:00,2024-10-29 14:22:00+00:00,long,20456.0,20456.5,20456.75,20431.75,20481.75,20506.75,20531.75,20556.75,77.18938951997488,near_trigger,59.18938951997488,25.0,True,True,True,True,False,tp4,20556.75,20556.5,99.75,0.0,99.75,3.99,107.75,21.75,4.31,0.87,47,46.0,4,2024-10-29,2.508960573476702,3.200376293508937,1.181749049429658,partial_bearish,3.7617864047027263,1.3582427600746427,bullish,bullish,True,True,True,False,2024
345,382500,382501,382501,2024-10-30 13:30:00+00:00,2024-10-30 13:31:00+00:00,2024-10-30 13:31:00+00:00,short,20635.75,20635.5,20635.25,20660.25,20610.25,20585.25,20560.25,20535.25,82.37126256340336,high_probability,-61.37126256340336,25.0,False,False,False,False,True,stop,20660.25,20660.5,-25.25,0.0,-25.25,-1.01,0.5,34.25,0.02,1.37,1,0.0,0,2024-10-30,2.4581939799331103,0.4936708860759494,2.149122807017544,partial_bearish,6.321033658714407,0.9760521361694676,bearish,bearish,False,True,True,False,2024
346,382504,382505,382506,2024-10-30 13:34:00+00:00,2024-10-30 13:35:00+00:00,2024-10-30 13:36:00+00:00,short,20617.5,20617.25,20617.0,20642.0,20592.0,20567.0,20542.0,20517.0,84.18671255933582,high_probability,-63.18671255933582,25.0,False,False,False,False,True,stop,20642.0,20642.25,-25.25,0.0,-25.25,-1.01,4.25,25.0,0.17,1.0,2,1.0,0,2024-10-30,2.680525164113785,0.4936708860759494,2.149122807017544,partial_bearish,3.461800593602286,1.4889271327798477,bearish,bearish,False,True,True,False,2024
347,382511,382512,382521,2024-10-30 13:41:00+00:00,2024-10-30 13:42:00+00:00,2024-10-30 13:51:00+00:00,short,20572.5,20572.5,20572.25,20597.25,20547.25,20522.25,20497.25,20472.25,86.59491983901827,high_probability,-73.59491983901827,25.0,True,False,False,False,True,stop,20597.25,20597.5,-25.25,0.0,-25.25,-1.01,29.25,29.25,1.17,1.17,10,9.0,1,2024-10-30,2.220030349013657,2.5407407407407407,2.149122807017544,strong_bearish,2.580389598285022,2.493694829760404,bearish,bearish,False,True,True,False,2024
348,383880,383881,383895,2024-10-31 13:30:00+00:00,2024-10-31 13:31:00+00:00,2024-10-31 13:45:00+00:00,short,20334.0,20333.5,20333.25,20358.25,20308.25,20283.25,20258.25,20233.25,85.8057091882248,high_probability,-84.8057091882248,25.0,True,True,True,True,False,tp4,20233.25,20233.5,99.75,0.0,99.75,3.99,110.25,8.75,4.41,0.35,15,14.0,4,2024-10-31,3.624036979969184,1.011914217633042,0.9577114427860696,strong_bearish,10.760187306964232,1.3380909901873328,bearish,bearish,False,True,True,False,2024
349,383918,383919,383927,2024-10-31 14:08:00+00:00,2024-10-31 14:09:00+00:00,2024-10-31 14:17:00+00:00,short,20170.25,20170.25,20170.0,20195.0,20145.0,20120.0,20095.0,20070.0,72.0379613063772,near_trigger,-72.0379613063772,25.0,True,True,False,False,True,stop,20195.0,20195.25,-25.25,0.0,-25.25,-1.01,51.0,26.25,2.04,1.05,9,8.0,2,2024-10-31,1.2048192771084338,3.042613636363636,5.844600526777875,partial_bearish,0.4949230265312807,0.670393540086073,bearish,bearish,False,False,True,False,2024
350,383928,383929,383958,2024-10-31 14:18:00+00:00,2024-10-31 14:19:00+00:00,2024-10-31 14:48:00+00:00,short,20190.25,20190.5,20190.25,20215.25,20165.25,20140.25,20115.25,20090.25,71.02603962313398,near_trigger,-37.02603962313398,25.0,True,True,True,True,False,tp4,20090.25,20090.5,99.75,0.0,99.75,3.99,100.25,11.25,4.01,0.45,30,29.0,4,2024-10-31,3.0357142857142856,1.083041958041958,5.584238037796542,partial_bearish,0.77986482087809,1.2002711145164142,bearish,bearish,False,True,True,False,2024
351,385261,385262,385269,2024-11-01 13:31:00+00:00,2024-11-01 13:32:00+00:00,2024-11-01 13:39:00+00:00,short,20094.0,20094.5,20094.25,20119.25,20069.25,20044.25,20019.25,19994.25,70.0,near_trigger,-41.38057682565823,25.0,False,False,False,False,True,stop,20119.25,20119.5,-25.25,0.0,-25.25,-1.01,20.25,27.5,0.81,1.1,8,7.0,0,2024-11-01,0.4552845528455284,1.024390243902439,1.9296187683284456,partial_bearish,6.65255566008153,1.0748983495256312,bearish,bearish,False,False,True,False,2024
352,385302,385303,385333,2024-11-01 14:12:00+00:00,2024-11-01 14:13:00+00:00,2024-11-01 14:43:00+00:00,long,20217.25,20217.75,20218.0,20193.0,20243.0,20268.0,20293.0,20318.0,74.36501328609388,near_trigger,43.36501328609389,25.0,True,True,False,False,True,stop,20193.0,20192.75,-25.25,0.0,-25.25,-1.01,59.75,38.75,2.39,1.55,31,30.0,2,2024-11-01,1.7484499557130204,0.7345225603357818,0.9898232458489556,strong_bullish,1.7970888550945037,2.248712128420165,bullish,bullish,True,True,False,False,2024
353,386640,386641,386641,2024-11-04 14:30:00+00:00,2024-11-04 14:31:00+00:00,2024-11-04 14:31:00+00:00,long,20125.0,20125.25,20125.5,20100.5,20150.5,20175.5,20200.5,20225.5,76.9412960778965,near_trigger,45.941296077896496,25.0,False,False,False,False,True,stop,20100.5,20100.25,-25.25,0.0,-25.25,-1.01,11.25,34.0,0.45,1.36,1,0.0,0,2024-11-04,2.816208393632417,0.5438247011952192,0.9211571185479296,partial_bearish,4.832001272416398,0.732917980977425,bullish,bullish,False,True,True,False,2024
354,386642,386643,386644,2024-11-04 14:32:00+00:00,2024-11-04 14:33:00+00:00,2024-11-04 14:34:00+00:00,long,20090.0,20090.0,20090.25,20065.25,20115.25,20140.25,20165.25,20190.25,73.0,near_trigger,73.0,25.0,False,False,False,False,True,stop,20065.25,20065.0,-25.25,0.0,-25.25,-1.01,2.25,46.25,0.09,1.85,2,1.0,0,2024-11-04,0.8507462686567164,0.5438247011952192,0.9211571185479296,strong_bearish,3.435628943482347,0.8996632239103992,bullish,bullish,True,True,True,False,2024
355,386645,386646,386646,2024-11-04 14:35:00+00:00,2024-11-04 14:36:00+00:00,2024-11-04 14:36:00+00:00,long,20042.75,20042.5,20042.75,20017.75,20067.75,20092.75,20117.75,20142.75,82.0,high_probability,72.25813376925748,25.0,False,False,False,False,True,stop,20017.75,20017.5,-25.25,0.0,-25.25,-1.01,0.0,26.75,0.0,1.07,1,0.0,0,2024-11-04,4.1125,3.4629349470499244,0.9211571185479296,strong_bearish,2.266184499751826,0.8703051922854361,bullish,bullish,True,True,True,False,2024
356,386647,386648,386655,2024-11-04 14:37:00+00:00,2024-11-04 14:38:00+00:00,2024-11-04 14:45:00+00:00,long,20016.25,20016.25,20016.5,19991.5,20041.5,20066.5,20091.5,20116.5,82.0,high_probability,73.62812455011958,25.0,True,True,True,True,False,tp4,20116.5,20116.25,99.75,0.0,99.75,3.99,111.5,0.5,4.46,0.02,8,7.0,4,2024-11-04,3.2908366533864544,3.4629349470499244,0.9211571185479296,strong_bearish,1.7672997162191662,1.4098962082336826,bullish,bullish,True,True,True,False,2024
357,388020,388021,388045,2024-11-05 14:30:00+00:00,2024-11-05 14:31:00+00:00,2024-11-05 14:55:00+00:00,long,20179.75,20179.25,20179.5,20154.5,20204.5,20229.5,20254.5,20279.5,86.68324078655598,high_probability,81.68324078655598,25.0,True,True,True,True,False,tp4,20279.5,20279.25,99.75,0.0,99.75,3.99,115.25,5.5,4.61,0.22,25,24.0,4,2024-11-05,3.974947807933194,2.707894736842105,0.7285342584562012,strong_bullish,11.75370316584374,1.2360339887966476,bullish,bullish,False,True,True,False,2024
358,388057,388058,388061,2024-11-05 15:07:00+00:00,2024-11-05 15:08:00+00:00,2024-11-05 15:11:00+00:00,long,20287.5,20287.5,20287.75,20262.75,20312.75,20337.75,20362.75,20387.75,71.0,near_trigger,71.0,25.0,False,False,False,False,True,stop,20262.75,20262.5,-25.25,0.0,-25.25,-1.01,20.0,27.5,0.8,1.1,4,3.0,0,2024-11-05,0.2317429406037001,2.1044689495066744,4.116266070430408,partial_bullish,0.670112239918371,0.6212853470437018,bullish,bullish,True,True,True,False,2024
359,389446,389447,389470,2024-11-06 15:16:00+00:00,2024-11-06 15:17:00+00:00,2024-11-06 15:40:00+00:00,long,20763.5,20764.0,20764.25,20739.25,20789.25,20814.25,20839.25,20864.25,82.72867132867133,high_probability,61.728671328671325,25.0,True,True,False,False,True,stop,20739.25,20739.0,-25.25,0.0,-25.25,-1.01,57.75,30.0,2.31,1.2,24,23.0,2,2024-11-06,1.4467754467754468,1.3292349726775956,1.1013215859030836,strong_bullish,1.0522202969456051,1.713819293609839,bullish,bullish,False,True,True,False,2024
360,392209,392210,392228,2024-11-08 15:19:00+00:00,2024-11-08 15:20:00+00:00,2024-11-08 15:38:00+00:00,long,21201.5,21202.0,21202.25,21177.25,21227.25,21252.25,21277.25,21302.25,81.27370325693607,high_probability,61.27370325693608,25.0,False,False,False,False,True,stop,21177.25,21177.0,-25.25,0.0,-25.25,-1.01,9.0,27.0,0.36,1.08,19,18.0,0,2024-11-08,2.347406513872135,1.6566837107377648,0.1797432239657632,partial_bullish,1.1078305670897393,1.646129376190726,neutral,bullish,True,False,True,False,2024
361,393583,393584,393603,2024-11-11 15:13:00+00:00,2024-11-11 15:14:00+00:00,2024-11-11 15:33:00+00:00,short,21194.25,21194.0,21193.75,21218.75,21168.75,21143.75,21118.75,21093.75,71.0,near_trigger,-68.27876089414562,25.0,False,False,False,False,True,stop,21218.75,21219.0,-25.25,0.0,-25.25,-1.01,22.75,30.0,0.91,1.2,20,19.0,0,2024-11-11,0.8235294117647058,1.1819505094614264,5.109341057204924,partial_bearish,0.8538426349496798,0.9863267058590396,bearish,bearish,True,True,True,False,2024
362,394933,394934,394942,2024-11-12 14:43:00+00:00,2024-11-12 14:44:00+00:00,2024-11-12 14:52:00+00:00,short,21207.5,21207.75,21207.5,21232.5,21182.5,21157.5,21132.5,21107.5,80.64958091563882,high_probability,-74.64958091563882,25.0,False,False,False,False,True,stop,21232.5,21232.75,-25.25,0.0,-25.25,-1.01,7.5,36.5,0.3,1.46,9,8.0,0,2024-11-12,1.606330365974283,1.3893129770992367,0.6019108280254778,partial_bullish,1.0234945611110444,0.8786072417662744,bearish,bearish,True,False,True,False,2024
363,394954,394955,394960,2024-11-12 15:04:00+00:00,2024-11-12 15:05:00+00:00,2024-11-12 15:10:00+00:00,short,21191.75,21192.0,21191.75,21216.75,21166.75,21141.75,21116.75,21091.75,73.60376721165403,near_trigger,-54.60376721165403,25.0,False,False,False,False,True,stop,21216.75,21217.0,-25.25,0.0,-25.25,-1.01,12.75,33.25,0.51,1.33,6,5.0,0,2024-11-12,2.7522727272727274,1.2094240837696335,0.7535667963683528,partial_bullish,1.6095811154825272,1.4201847975904844,bearish,bearish,True,True,False,False,2024
364,397680,397681,397690,2024-11-14 14:30:00+00:00,2024-11-14 14:31:00+00:00,2024-11-14 14:40:00+00:00,long,21161.0,21161.0,21161.25,21136.25,21186.25,21211.25,21236.25,21261.25,73.82152483289664,near_trigger,14.821524832896642,25.0,False,False,False,False,True,stop,21136.25,21136.0,-25.25,0.0,-25.25,-1.01,13.25,35.0,0.53,1.4,10,9.0,0,2024-11-14,4.07421875,0.3560399636693915,1.5279187817258884,partial_bullish,11.919392523364486,1.1375025781385004,neutral,neutral,True,True,True,True,2024
365,399065,399066,399079,2024-11-15 14:35:00+00:00,2024-11-15 14:36:00+00:00,2024-11-15 14:49:00+00:00,short,20715.5,20715.5,20715.25,20740.25,20690.25,20665.25,20640.25,20615.25,70.44027972114051,near_trigger,-45.44027972114051,25.0,True,False,False,False,True,stop,20740.25,20740.5,-25.25,0.0,-25.25,-1.01,28.25,30.75,1.13,1.23,14,13.0,1,2024-11-15,2.87603305785124,3.077685950413223,3.660265878877401,strong_bearish,2.613952015658957,1.366211062382933,bearish,bearish,False,True,True,False,2024
366,399088,399089,399112,2024-11-15 14:58:00+00:00,2024-11-15 14:59:00+00:00,2024-11-15 15:22:00+00:00,short,20686.25,20687.0,20686.75,20711.75,20661.75,20636.75,20611.75,20586.75,73.61093494183541,near_trigger,-38.61093494183541,25.0,True,True,True,True,False,tp4,20586.75,20587.0,99.75,0.0,99.75,3.99,104.0,11.25,4.16,0.45,24,23.0,4,2024-11-15,2.0170616113744075,1.7392491467576792,4.711111111111111,strong_bearish,1.4591593973037271,2.505260552048521,bearish,bearish,True,True,True,False,2024
367,400440,400441,400449,2024-11-18 14:30:00+00:00,2024-11-18 14:31:00+00:00,2024-11-18 14:39:00+00:00,short,20536.5,20536.25,20536.0,20561.0,20511.0,20486.0,20461.0,20436.0,84.77959621043321,high_probability,-63.77959621043321,25.0,False,False,False,False,True,stop,20561.0,20561.25,-25.25,0.0,-25.25,-1.01,15.75,33.25,0.63,1.33,9,8.0,0,2024-11-18,4.0285714285714285,0.0535372848948374,1.4043887147335423,partial_bearish,8.157523289733696,0.9829968420276788,bearish,bearish,False,True,True,False,2024
368,400456,400457,400471,2024-11-18 14:46:00+00:00,2024-11-18 14:47:00+00:00,2024-11-18 15:01:00+00:00,short,20516.75,20517.25,20517.0,20542.0,20492.0,20467.0,20442.0,20417.0,74.30269132727068,near_trigger,-68.30269132727068,25.0,False,False,False,False,True,stop,20542.0,20542.25,-25.25,0.0,-25.25,-1.01,16.5,32.75,0.66,1.31,15,14.0,0,2024-11-18,1.476038338658147,1.851239669421488,1.012629161882893,partial_bearish,1.428985351719697,1.1883450091472938,bearish,bearish,False,True,True,False,2024
369,403229,403230,403231,2024-11-20 14:59:00+00:00,2024-11-20 15:00:00+00:00,2024-11-20 15:01:00+00:00,short,20614.25,20614.0,20613.75,20638.75,20588.75,20563.75,20538.75,20513.75,74.25147208121827,near_trigger,-41.25147208121827,25.0,False,False,False,False,True,stop,20638.75,20639.0,-25.25,0.0,-25.25,-1.01,1.0,32.25,0.04,1.29,2,1.0,0,2024-11-20,1.7766497461928934,4.05510752688172,5.75416133162612,strong_bearish,0.9940402775554782,1.6466258051435614,neutral,bearish,False,False,True,False,2024
370,403232,403233,403246,2024-11-20 15:02:00+00:00,2024-11-20 15:03:00+00:00,2024-11-20 15:16:00+00:00,short,20611.75,20612.0,20611.75,20636.75,20586.75,20561.75,20536.75,20511.75,76.58372694042266,near_trigger,-76.58372694042266,25.0,True,True,True,True,False,tp4,20511.75,20512.0,99.75,0.0,99.75,3.99,103.75,9.0,4.15,0.36,14,13.0,4,2024-11-20,1.4127144298688192,3.872530274059911,5.957101449275362,strong_bearish,1.170563374820674,1.2878181953908991,bearish,bearish,False,True,True,False,2024
371,403250,403251,403251,2024-11-20 15:20:00+00:00,2024-11-20 15:21:00+00:00,2024-11-20 15:21:00+00:00,short,20482.75,20482.25,20482.0,20507.0,20457.0,20432.0,20407.0,20382.0,87.6,high_probability,-74.6,25.0,False,False,False,False,True,stop,20507.0,20507.25,-25.25,0.0,-25.25,-1.01,0.25,29.0,0.01,1.16,1,0.0,0,2024-11-20,2.5068870523415976,3.655965500718735,6.836601307189542,strong_bearish,1.6009253711470608,2.752808184875152,bearish,bearish,False,True,True,False,2024
372,403253,403254,403254,2024-11-20 15:23:00+00:00,2024-11-20 15:24:00+00:00,2024-11-20 15:24:00+00:00,short,20500.75,20501.0,20500.75,20525.75,20475.75,20450.75,20425.75,20400.75,72.60941706182406,near_trigger,-66.60941706182406,25.0,False,False,False,False,True,stop,20525.75,20526.0,-25.25,0.0,-25.25,-1.01,1.25,28.5,0.05,1.14,1,0.0,0,2024-11-20,0.7342222222222222,3.655965500718735,6.836601307189542,strong_bearish,0.6768981427886285,1.2245142181867137,bearish,bearish,False,True,True,False,2024
373,403255,403256,403261,2024-11-20 15:25:00+00:00,2024-11-20 15:26:00+00:00,2024-11-20 15:31:00+00:00,short,20527.5,20527.0,20526.75,20551.75,20501.75,20476.75,20451.75,20426.75,74.0,near_trigger,-40.94986149584487,25.0,False,False,False,False,True,stop,20551.75,20552.0,-25.25,0.0,-25.25,-1.01,16.25,25.0,0.65,1.0,6,5.0,0,2024-11-20,2.313942751615881,2.310251798561151,6.836601307189542,partial_bearish,0.8558426783682757,1.5001353141424645,bearish,bearish,False,True,True,False,2024
374,404581,404582,404582,2024-11-21 14:31:00+00:00,2024-11-21 14:32:00+00:00,2024-11-21 14:32:00+00:00,long,20903.0,20903.0,20903.25,20878.25,20928.25,20953.25,20978.25,21003.25,71.93368820491199,near_trigger,44.93368820491199,25.0,False,False,False,False,True,stop,20878.25,20878.0,-25.25,0.0,-25.25,-1.01,3.75,50.25,0.15,2.01,1,0.0,0,2024-11-21,1.4150943396226414,0.7227310574521232,2.2947567312234294,strong_bullish,7.197479405297187,1.4447401707599872,bullish,bullish,True,True,True,False,2024
375,404583,404584,404584,2024-11-21 14:33:00+00:00,2024-11-21 14:34:00+00:00,2024-11-21 14:34:00+00:00,long,20837.0,20837.5,20837.75,20812.75,20862.75,20887.75,20912.75,20937.75,78.0,near_trigger,38.07229601518026,25.0,False,False,False,False,True,stop,20812.75,20812.5,-25.25,0.0,-25.25,-1.01,1.5,57.75,0.06,2.31,1,0.0,0,2024-11-21,1.9525616698292216,0.7227310574521232,2.2947567312234294,partial_bullish,4.0805032448142695,1.61774803286322,bullish,bullish,True,True,True,False,2024
376,404585,404586,404586,2024-11-21 14:35:00+00:00,2024-11-21 14:36:00+00:00,2024-11-21 14:36:00+00:00,long,20758.0,20757.5,20757.75,20732.75,20782.75,20807.75,20832.75,20857.75,82.0,high_probability,23.0,25.0,False,False,False,False,True,stop,20732.75,20732.5,-25.25,0.0,-25.25,-1.01,0.0,37.75,0.0,1.51,1,0.0,0,2024-11-21,4.0312056737588655,2.45360824742268,2.2947567312234294,partial_bearish,3.5241794896432443,1.884316445383887,bullish,bullish,True,True,True,False,2024
377,404587,404588,404588,2024-11-21 14:37:00+00:00,2024-11-21 14:38:00+00:00,2024-11-21 14:38:00+00:00,long,20701.0,20701.5,20701.75,20676.75,20726.75,20751.75,20776.75,20801.75,82.0,high_probability,25.568062679970534,25.0,False,False,False,False,True,stop,20676.75,20676.5,-25.25,0.0,-25.25,-1.01,12.0,55.0,0.48,2.2,1,0.0,0,2024-11-21,5.325993883792049,2.45360824742268,2.2947567312234294,partial_bearish,2.3662918337267187,2.261805069800893,bullish,bullish,True,True,True,False,2024
378,404589,404590,404590,2024-11-21 14:39:00+00:00,2024-11-21 14:40:00+00:00,2024-11-21 14:40:00+00:00,long,20653.25,20653.25,20653.5,20628.5,20678.5,20703.5,20728.5,20753.5,82.0,high_probability,30.79890795631826,25.0,False,False,False,False,True,stop,20628.5,20628.25,-25.25,0.0,-25.25,-1.01,40.5,25.25,1.62,1.01,1,0.0,0,2024-11-21,4.149765990639626,2.45360824742268,2.2947567312234294,partial_bearish,1.873972693257564,2.260031079411882,bullish,bullish,True,True,True,False,2024
379,404597,404598,404604,2024-11-21 14:47:00+00:00,2024-11-21 14:48:00+00:00,2024-11-21 14:54:00+00:00,long,20731.0,20730.5,20730.75,20705.75,20755.75,20780.75,20805.75,20830.75,75.47225130890052,near_trigger,50.472251308900525,25.0,True,True,False,False,True,stop,20705.75,20705.5,-25.25,0.0,-25.25,-1.01,55.25,35.5,2.21,1.42,7,6.0,2,2024-11-21,1.81413612565445,4.001657000828501,2.288903479973736,partial_bearish,0.8645714016726554,1.5960836567985632,bullish,neutral,False,True,True,False,2024
380,404622,404623,404633,2024-11-21 15:12:00+00:00,2024-11-21 15:13:00+00:00,2024-11-21 15:23:00+00:00,long,20650.25,20649.75,20650.0,20625.0,20675.0,20700.0,20725.0,20750.0,72.3,near_trigger,61.3,25.0,True,True,False,False,True,stop,20625.0,20624.75,-25.25,0.0,-25.25,-1.01,69.0,36.0,2.76,1.44,11,10.0,2,2024-11-21,2.316029663434113,1.3100113765642776,3.091482649842271,partial_bearish,1.4979002415266225,2.520442285630599,bullish,bullish,True,True,False,False,2024
381,405962,405963,405966,2024-11-22 14:32:00+00:00,2024-11-22 14:33:00+00:00,2024-11-22 14:36:00+00:00,short,20811.25,20812.0,20811.75,20836.75,20786.75,20761.75,20736.75,20711.75,73.0,near_trigger,-71.52699564390619,25.0,False,False,False,False,True,stop,20836.75,20837.0,-25.25,0.0,-25.25,-1.01,7.75,25.0,0.31,1.0,4,3.0,0,2024-11-22,2.164627363737486,0.3421309872922776,0.1091781643671265,strong_bullish,3.735840991664885,1.0608369634115091,bearish,bearish,True,False,True,False,2024
382,405981,405982,405985,2024-11-22 14:51:00+00:00,2024-11-22 14:52:00+00:00,2024-11-22 14:55:00+00:00,short,20800.0,20800.0,20799.75,20824.75,20774.75,20749.75,20724.75,20699.75,70.09286219081272,near_trigger,-51.09286219081272,25.0,False,False,False,False,True,stop,20824.75,20825.0,-25.25,0.0,-25.25,-1.01,8.75,26.75,0.35,1.07,4,3.0,0,2024-11-22,1.919434628975265,2.6422535211267606,1.102241662110443,partial_bullish,1.5408199928140844,2.110570350522229,bearish,bearish,True,True,False,False,2024
383,407349,407350,407358,2024-11-25 14:39:00+00:00,2024-11-25 14:40:00+00:00,2024-11-25 14:48:00+00:00,long,21054.75,21053.75,21054.0,21029.0,21079.0,21104.0,21129.0,21154.0,73.96443816254417,near_trigger,60.96443816254417,25.0,True,False,False,False,True,stop,21029.0,21028.75,-25.25,0.0,-25.25,-1.01,27.25,26.25,1.09,1.05,9,8.0,1,2024-11-25,2.07773851590106,0.4228934817170111,2.9992348890589136,partial_bullish,2.164067742290859,1.925486317177712,bullish,bullish,True,True,True,True,2024
384,408720,408721,408769,2024-11-26 14:30:00+00:00,2024-11-26 14:31:00+00:00,2024-11-26 15:19:00+00:00,long,20946.0,20946.5,20946.75,20922.25,20971.75,20996.75,21021.75,21046.75,70.62705387462445,near_trigger,41.62705387462445,24.5,True,True,True,False,True,stop,20922.25,20922.0,-24.75,0.0,-24.75,-1.010204081632653,78.25,27.75,3.193877551020408,1.1326530612244898,49,48.0,3,2024-11-26,1.8157894736842104,1.0134969325153371,0.3453333333333333,partial_bullish,5.9539521924035785,0.9479834920116048,bullish,bullish,True,False,False,False,2024
385,410100,410101,410146,2024-11-27 14:30:00+00:00,2024-11-27 14:31:00+00:00,2024-11-27 15:16:00+00:00,short,20892.5,20892.5,20892.25,20917.25,20867.25,20842.25,20817.25,20792.25,82.86475698520779,high_probability,-69.86475698520779,25.0,True,True,True,True,False,tp4,20792.25,20792.5,99.75,0.0,99.75,3.99,103.5,7.5,4.14,0.3,46,45.0,4,2024-11-27,5.704672897196262,0.0349999999999999,0.992337164750958,partial_bearish,12.540592168099332,1.3872974876731627,bearish,bearish,False,True,True,True,2024
386,410152,410153,410212,2024-11-27 15:22:00+00:00,2024-11-27 15:23:00+00:00,2024-11-27 16:22:00+00:00,short,20784.0,20784.75,20784.5,20809.5,20759.5,20734.5,20709.5,20684.5,74.25622968580716,near_trigger,-43.25622968580716,25.0,True,True,True,False,False,max_holding_time,20727.5,20727.75,56.75,0.0,56.75,2.27,88.75,21.75,3.55,0.87,60,59.0,3,2024-11-27,1.1072589382448537,1.030520646319569,4.959950708564387,strong_bearish,1.614488702539017,1.7601645630698124,bearish,bearish,True,True,False,False,2024
387,411480,411481,411540,2024-11-28 14:30:00+00:00,2024-11-28 14:31:00+00:00,2024-11-28 15:30:00+00:00,long,20889.25,20889.5,20889.75,20864.75,20914.75,20939.75,20964.75,20989.75,77.55619989218576,near_trigger,76.55619989218576,25.0,False,False,False,False,False,max_holding_time,20899.0,20898.75,9.0,0.0,9.0,0.36,12.25,15.25,0.49,0.61,60,59.0,0,2024-11-28,4.975903614457831,1.1771771771771773,0.3326133909287257,strong_bullish,15.037768739105172,0.2968332434881346,bullish,bullish,True,True,True,False,2024
388,412620,412621,412621,2024-11-29 14:30:00+00:00,2024-11-29 14:31:00+00:00,2024-11-29 14:31:00+00:00,short,20815.0,20814.75,20814.5,20839.5,20789.5,20764.5,20739.5,20714.5,71.01635993789193,near_trigger,-58.016359937891934,25.0,False,False,False,False,True,stop,20839.5,20839.75,-25.25,0.0,-25.25,-1.01,1.5,30.5,0.06,1.22,1,0.0,0,2024-11-29,4.9534450651769095,1.1691022964509394,1.2685337726523889,strong_bearish,4.895413797583474,0.6802999482432807,bearish,bearish,True,True,True,True,2024
389,412626,412627,412634,2024-11-29 14:36:00+00:00,2024-11-29 14:37:00+00:00,2024-11-29 14:44:00+00:00,short,20845.5,20845.75,20845.5,20870.5,20820.5,20795.5,20770.5,20745.5,70.0,near_trigger,-21.87766589302832,25.0,False,False,False,False,True,stop,20870.5,20870.75,-25.25,0.0,-25.25,-1.01,0.75,30.0,0.03,1.2,8,7.0,0,2024-11-29,0.9929078014184396,1.6997219647822055,1.2685337726523889,partial_bearish,1.854538949293367,0.7508812593558356,bearish,bearish,False,True,True,False,2024
390,412658,412659,412718,2024-11-29 15:08:00+00:00,2024-11-29 15:09:00+00:00,2024-11-29 16:08:00+00:00,long,20946.25,20945.25,20945.5,20920.5,20970.5,20995.5,21020.5,21045.5,80.47616789474736,high_probability,74.47616789474736,25.0,True,False,False,False,False,max_holding_time,20971.25,20971.0,25.5,0.0,25.5,1.02,36.75,10.0,1.47,0.4,60,59.0,1,2024-11-29,2.923599320882853,1.827676240208877,3.2458816351433804,strong_bullish,0.9874337623012868,0.7486741511123356,bullish,bullish,False,True,True,False,2024
391,413775,413776,413798,2024-12-02 14:30:00+00:00,2024-12-02 14:31:00+00:00,2024-12-02 14:53:00+00:00,long,21062.0,21062.0,21062.25,21037.25,21087.25,21112.25,21137.25,21162.25,73.09486020384666,near_trigger,42.094860203846665,25.0,True,True,True,True,False,tp4,21162.25,21162.0,99.75,0.0,99.75,3.99,100.75,5.25,4.03,0.21,23,22.0,4,2024-12-02,4.411378555798687,0.3190348525469169,1.0990654205607475,strong_bullish,13.61130576967998,1.4123835032055556,bullish,bullish,True,True,True,True,2024
392,413824,413825,413884,2024-12-02 15:19:00+00:00,2024-12-02 15:20:00+00:00,2024-12-02 16:19:00+00:00,long,21163.75,21164.0,21164.25,21139.25,21189.25,21214.25,21239.25,21264.25,82.0,high_probability,80.01483679525222,25.0,True,False,False,False,False,max_holding_time,21191.5,21191.25,27.0,0.0,27.0,1.08,39.5,23.25,1.58,0.93,60,59.0,1,2024-12-02,2.264094955489614,1.3714285714285714,5.12994980479643,partial_bullish,1.2991513977727378,1.5392279705922314,bullish,bullish,True,False,True,False,2024
393,415155,415156,415157,2024-12-03 14:30:00+00:00,2024-12-03 14:31:00+00:00,2024-12-03 14:32:00+00:00,short,21143.0,21143.5,21143.25,21168.25,21118.25,21093.25,21068.25,21043.25,76.96802419638462,near_trigger,-59.96802419638462,25.0,False,False,False,False,True,stop,21168.25,21168.5,-25.25,0.0,-25.25,-1.01,8.5,26.25,0.34,1.05,2,1.0,0,2024-12-03,2.1123595505617976,2.2371134020618557,2.537216828478964,strong_bearish,7.416937149601653,1.4733534969871749,bearish,bearish,True,True,False,True,2024
394,415162,415163,415164,2024-12-03 14:37:00+00:00,2024-12-03 14:38:00+00:00,2024-12-03 14:39:00+00:00,short,21167.0,21167.0,21166.75,21191.75,21141.75,21116.75,21091.75,21066.75,71.50355496706351,near_trigger,-53.50355496706351,25.0,False,False,False,False,True,stop,21191.75,21192.0,-25.25,0.0,-25.25,-1.01,1.0,28.5,0.04,1.14,2,1.0,0,2024-12-03,0.4165781083953241,1.0440251572327044,2.537216828478964,partial_bullish,1.7432457156796974,1.2584530853761624,bearish,bearish,True,True,False,False,2024
395,415205,415206,415220,2024-12-03 15:20:00+00:00,2024-12-03 15:21:00+00:00,2024-12-03 15:35:00+00:00,short,21188.5,21188.25,21188.0,21213.0,21163.0,21138.0,21113.0,21088.0,83.79830508474576,high_probability,-70.79830508474576,25.0,False,False,False,False,True,stop,21213.0,21213.25,-25.25,0.0,-25.25,-1.01,19.5,26.0,0.78,1.04,15,14.0,0,2024-12-03,2.368064952638701,0.4986301369863013,0.6569435637285986,partial_bullish,2.4489162339128474,2.416083088532168,bearish,bearish,False,True,True,False,2024
396,419297,419298,419308,2024-12-06 14:32:00+00:00,2024-12-06 14:33:00+00:00,2024-12-06 14:43:00+00:00,short,21518.5,21518.25,21518.0,21543.0,21493.0,21468.0,21443.0,21418.0,73.0,near_trigger,-67.05785721654391,25.0,False,False,False,False,True,stop,21543.0,21543.25,-25.25,0.0,-25.25,-1.01,4.75,29.5,0.19,1.18,11,10.0,0,2024-12-06,1.022354694485842,0.5165257494235204,0.6142384105960265,partial_bullish,3.036079761417461,0.7001975711559598,bearish,bearish,True,True,True,True,2024
397,420677,420678,420737,2024-12-09 14:32:00+00:00,2024-12-09 14:33:00+00:00,2024-12-09 15:32:00+00:00,short,21629.75,21630.75,21630.5,21655.5,21605.5,21580.5,21555.5,21530.5,73.0,near_trigger,-51.49987116161692,25.0,True,True,True,False,False,max_holding_time,21563.75,21564.0,66.5,0.0,66.5,2.66,85.5,18.5,3.42,0.74,60,59.0,3,2024-12-09,0.4361370716510904,0.4460176991150443,0.0910780669144981,partial_bullish,4.659022691799736,1.056960947873753,bearish,bearish,True,True,True,False,2024
398,422084,422085,422137,2024-12-10 14:59:00+00:00,2024-12-10 15:00:00+00:00,2024-12-10 15:52:00+00:00,long,21546.75,21546.5,21546.75,21521.75,21571.75,21596.75,21621.75,21646.75,72.9,near_trigger,35.900000000000006,25.0,True,True,False,False,True,stop,21521.75,21521.5,-25.25,0.0,-25.25,-1.01,60.0,26.75,2.4,1.07,53,52.0,2,2024-12-10,1.4670116429495472,0.3284457478005865,3.230769230769231,partial_bullish,1.499460440896867,2.814157585109461,bullish,bullish,True,True,False,False,2024
399,423440,423441,423472,2024-12-11 14:35:00+00:00,2024-12-11 14:36:00+00:00,2024-12-11 15:07:00+00:00,long,21619.25,21618.75,21619.0,21594.0,21644.0,21669.0,21694.0,21719.0,88.26417627737558,high_probability,75.26417627737558,25.0,True,True,True,True,False,tp4,21719.0,21718.75,99.75,0.0,99.75,3.99,101.5,24.5,4.06,0.98,32,31.0,4,2024-12-11,3.731895223420648,1.456910569105691,6.012539184952979,strong_bullish,2.047339816933638,0.9244355470168952,bullish,bullish,False,True,True,False,2024
400,423487,423488,423521,2024-12-11 15:22:00+00:00,2024-12-11 15:23:00+00:00,2024-12-11 15:56:00+00:00,long,21699.5,21699.75,21700.0,21675.0,21725.0,21750.0,21775.0,21800.0,71.0,near_trigger,51.44727215501439,25.0,True,False,False,False,True,stop,21675.0,21674.75,-25.25,0.0,-25.25,-1.01,29.0,26.25,1.16,1.05,34,33.0,1,2024-12-11,1.596662030598053,0.7741065407956844,6.054852320675106,partial_bullish,1.1168444785347371,1.176153817910338,bullish,bullish,True,True,True,True,2024
401,424816,424817,424868,2024-12-12 14:31:00+00:00,2024-12-12 14:32:00+00:00,2024-12-12 15:23:00+00:00,short,21671.25,21671.5,21671.25,21696.25,21646.25,21621.25,21596.25,21571.25,72.13878582568259,near_trigger,-41.13878582568259,25.0,True,False,False,False,True,stop,21696.25,21696.5,-25.25,0.0,-25.25,-1.01,46.5,29.75,1.86,1.19,52,51.0,1,2024-12-12,2.061818181818182,0.5322314049586777,0.7068575734740015,partial_bearish,4.743715865531395,0.8429275820082219,bearish,bearish,True,True,True,True,2024
402,426195,426196,426214,2024-12-13 14:30:00+00:00,2024-12-13 14:31:00+00:00,2024-12-13 14:49:00+00:00,long,21806.75,21805.75,21806.0,21781.0,21831.0,21856.0,21881.0,21906.0,90.88917674382394,a_plus_plus,77.88917674382394,25.0,True,True,True,True,False,tp4,21906.0,21905.75,99.75,0.0,99.75,3.99,102.0,10.0,4.08,0.4,19,18.0,4,2024-12-13,2.43585237258348,0.4840940525587828,2.237762237762238,partial_bearish,6.710493585871149,1.079110379665821,bullish,bullish,True,True,True,False,2024
403,427582,427583,427637,2024-12-16 14:37:00+00:00,2024-12-16 14:38:00+00:00,2024-12-16 15:32:00+00:00,long,21910.0,21910.5,21910.75,21885.75,21935.75,21960.75,21985.75,22010.75,72.12728392297358,near_trigger,58.127283922973575,25.0,True,True,True,True,False,tp4,22010.75,22010.5,99.75,0.0,99.75,3.99,102.0,13.75,4.08,0.55,55,54.0,4,2024-12-16,0.8923719958202716,1.9429312581063556,0.7631318136769079,partial_bullish,1.1360579410243146,0.4017857142857142,bullish,bullish,True,True,True,True,2024
404,429000,429001,429002,2024-12-17 15:15:00+00:00,2024-12-17 15:16:00+00:00,2024-12-17 15:17:00+00:00,short,22257.0,22257.0,22256.75,22281.75,22231.75,22206.75,22181.75,22156.75,73.28789174715166,near_trigger,-67.28789174715166,25.0,False,False,False,False,True,stop,22281.75,22282.0,-25.25,0.0,-25.25,-1.01,0.25,27.75,0.01,1.11,2,1.0,0,2024-12-17,1.945804195804196,1.7269035532994923,2.038967364831953,strong_bearish,1.1054775716246734,1.1900846144678825,bearish,bearish,False,True,True,False,2024
405,429005,429006,429024,2024-12-17 15:20:00+00:00,2024-12-17 15:21:00+00:00,2024-12-17 15:39:00+00:00,short,22251.75,22252.25,22252.0,22277.0,22227.0,22202.0,22177.0,22152.0,70.86636802827138,near_trigger,-68.86636802827138,25.0,False,False,False,False,True,stop,22277.0,22277.25,-25.25,0.0,-25.25,-1.01,7.75,36.0,0.31,1.44,19,18.0,0,2024-12-17,0.2670299727520436,1.9803536345776036,2.038967364831953,strong_bearish,1.093930401942271,1.2685343910709594,bearish,bearish,False,True,True,False,2024
406,430336,430337,430347,2024-12-18 14:31:00+00:00,2024-12-18 14:32:00+00:00,2024-12-18 14:42:00+00:00,short,22244.75,22244.75,22244.5,22269.5,22219.5,22194.5,22169.5,22144.5,72.56382059145281,near_trigger,-51.56382059145281,25.0,True,False,False,False,True,stop,22269.5,22269.75,-25.25,0.0,-25.25,-1.01,33.25,29.75,1.33,1.19,11,10.0,1,2024-12-18,3.2527472527472527,0.3555973659454374,3.796416938110749,strong_bearish,7.437893666131998,1.1365171595440062,bearish,bearish,True,True,False,False,2024
407,431723,431724,431726,2024-12-19 14:38:00+00:00,2024-12-19 14:39:00+00:00,2024-12-19 14:41:00+00:00,long,21607.75,21607.75,21608.0,21583.0,21633.0,21658.0,21683.0,21708.0,70.19541844838119,near_trigger,51.19541844838119,25.0,False,False,False,False,True,stop,21583.0,21582.75,-25.25,0.0,-25.25,-1.01,34.5,26.5,1.38,1.06,3,2.0,0,2024-12-19,2.7025045815516187,0.7008871989860583,0.0287769784172661,partial_bullish,2.200916757059379,1.795347509633224,bullish,bullish,True,True,False,False,2024
408,431758,431759,431760,2024-12-19 15:13:00+00:00,2024-12-19 15:14:00+00:00,2024-12-19 15:15:00+00:00,long,21637.25,21636.75,21637.0,21612.0,21662.0,21687.0,21712.0,21737.0,75.23213909378293,near_trigger,54.23213909378293,25.0,False,False,False,False,True,stop,21612.0,21611.75,-25.25,0.0,-25.25,-1.01,0.0,33.25,0.0,1.33,2,1.0,0,2024-12-19,3.0094836670179133,0.6387832699619772,1.2203516647961092,partial_bearish,1.2627413042522315,1.9001614568169185,bullish,bullish,True,True,False,False,2024
409,433098,433099,433101,2024-12-20 14:33:00+00:00,2024-12-20 14:34:00+00:00,2024-12-20 14:36:00+00:00,short,21193.75,21193.5,21193.25,21218.25,21168.25,21143.25,21118.25,21093.25,87.80679834134557,high_probability,-78.80679834134557,25.0,False,False,False,False,True,stop,21218.25,21218.5,-25.25,0.0,-25.25,-1.01,5.25,29.5,0.21,1.18,3,2.0,0,2024-12-20,0.8115942028985507,0.2196078431372549,2.504354136429608,partial_bullish,1.894626504971684,1.0271912861596748,bearish,bearish,True,True,True,False,2024
410,433103,433104,433104,2024-12-20 14:38:00+00:00,2024-12-20 14:39:00+00:00,2024-12-20 14:39:00+00:00,short,21252.75,21253.25,21253.0,21278.0,21228.0,21203.0,21178.0,21153.0,70.0,near_trigger,-47.49048913043478,25.0,False,False,False,False,True,stop,21278.0,21278.25,-25.25,0.0,-25.25,-1.01,0.25,56.25,0.01,2.25,1,0.0,0,2024-12-20,2.244565217391304,0.1700167504187604,2.504354136429608,partial_bullish,2.058395597903972,1.8770949720670391,bearish,bearish,False,True,True,False,2024
411,433105,433106,433115,2024-12-20 14:40:00+00:00,2024-12-20 14:41:00+00:00,2024-12-20 14:50:00+00:00,short,21285.5,21285.5,21285.25,21310.25,21260.25,21235.25,21210.25,21185.25,78.97308377896613,near_trigger,-74.97308377896613,25.0,True,True,True,True,False,tp4,21185.25,21185.5,99.75,0.0,99.75,3.99,125.0,11.25,5.0,0.45,10,9.0,4,2024-12-20,2.678550207961973,1.7860498735092158,2.504354136429608,strong_bullish,1.7027738408584734,1.761541610731865,bearish,bearish,True,True,True,False,2024
412,434475,434476,434476,2024-12-23 14:30:00+00:00,2024-12-23 14:31:00+00:00,2024-12-23 14:31:00+00:00,long,21654.25,21654.25,21654.5,21629.5,21679.5,21704.5,21729.5,21754.5,83.18916518650089,high_probability,74.18916518650089,25.0,False,False,False,False,True,stop,21629.5,21629.25,-25.25,0.0,-25.25,-1.01,3.0,37.0,0.12,1.48,1,0.0,0,2024-12-23,4.508474576271187,0.7512626262626263,0.725925925925926,partial_bullish,10.768833582898743,1.1576376554174068,bullish,bullish,False,True,True,True,2024
413,434517,434518,434577,2024-12-23 15:12:00+00:00,2024-12-23 15:13:00+00:00,2024-12-23 16:12:00+00:00,long,21535.25,21535.75,21536.0,21511.0,21561.0,21586.0,21611.0,21636.0,71.78972809667674,near_trigger,60.78972809667674,25.0,True,True,True,False,False,max_holding_time,21602.75,21602.5,66.5,0.0,66.5,2.66,81.75,18.0,3.27,0.72,60,59.0,3,2024-12-23,1.0855991943605237,2.0389329488103822,1.2866640594446617,partial_bearish,1.427114847811189,1.9102166836329468,bullish,bullish,True,False,False,False,2024
414,437018,437019,437019,2024-12-26 14:38:00+00:00,2024-12-26 14:39:00+00:00,2024-12-26 14:39:00+00:00,long,22007.25,22007.75,22008.0,21983.0,22033.0,22058.0,22083.0,22108.0,70.39437061799106,near_trigger,41.39437061799106,25.0,False,False,False,False,True,stop,21983.0,21982.75,-25.25,0.0,-25.25,-1.01,0.0,26.0,0.0,1.04,1,0.0,0,2024-12-26,2.091782283884738,1.1267345050878816,0.1402805611222445,strong_bullish,1.9237811208214577,1.0128293036798537,neutral,bullish,False,True,True,False,2024
415,438391,438392,438398,2024-12-27 14:31:00+00:00,2024-12-27 14:32:00+00:00,2024-12-27 14:38:00+00:00,short,21820.75,21820.75,21820.5,21845.5,21795.5,21770.5,21745.5,21720.5,86.43030284657593,high_probability,-73.43030284657593,25.0,True,True,True,True,False,tp4,21720.5,21720.75,99.75,0.0,99.75,3.99,100.25,4.75,4.01,0.19,7,6.0,4,2024-12-27,3.555555555555556,1.75,4.120524017467249,strong_bearish,5.515689216517711,1.0252523721466031,bearish,bearish,False,True,True,False,2024
416,438420,438421,438432,2024-12-27 15:00:00+00:00,2024-12-27 15:01:00+00:00,2024-12-27 15:12:00+00:00,short,21655.0,21655.25,21655.0,21680.0,21630.0,21605.0,21580.0,21555.0,87.6,high_probability,-52.6,25.0,True,True,True,True,False,tp4,21555.0,21555.25,99.75,0.0,99.75,3.99,102.5,6.75,4.1,0.27,12,11.0,4,2024-12-27,1.7937831690674757,2.138888888888889,5.829931972789115,strong_bearish,1.9973553190922888,2.093484023998884,bearish,bearish,False,True,True,False,2024
417,438436,438437,438442,2024-12-27 15:16:00+00:00,2024-12-27 15:17:00+00:00,2024-12-27 15:22:00+00:00,short,21547.75,21548.25,21548.0,21573.0,21523.0,21498.0,21473.0,21448.0,81.7333724340176,high_probability,-68.7333724340176,25.0,True,False,False,False,True,stop,21573.0,21573.25,-25.25,0.0,-25.25,-1.01,35.25,34.5,1.41,1.38,6,5.0,1,2024-12-27,0.656891495601173,3.0948957584471604,6.686646433990895,strong_bearish,0.9172499349087956,1.81207546028048,bearish,bearish,False,True,True,False,2024
418,438444,438445,438461,2024-12-27 15:24:00+00:00,2024-12-27 15:25:00+00:00,2024-12-27 15:41:00+00:00,short,21568.75,21569.0,21568.75,21593.75,21543.75,21518.75,21493.75,21468.75,88.75917243327214,high_probability,-71.75917243327214,25.0,True,True,False,False,True,stop,21593.75,21594.0,-25.25,0.0,-25.25,-1.01,63.75,26.75,2.55,1.07,17,16.0,2,2024-12-27,1.4246575342465753,3.390260173448966,6.686646433990895,partial_bearish,0.904132610190207,1.9887089186101212,bearish,bearish,True,True,True,False,2024
419,441194,441195,441242,2024-12-31 15:14:00+00:00,2024-12-31 15:15:00+00:00,2024-12-31 16:02:00+00:00,long,21384.0,21383.75,21384.0,21359.0,21409.0,21434.0,21459.0,21484.0,73.68039726239935,near_trigger,29.680397262399357,25.0,True,True,True,False,True,stop,21359.0,21358.75,-25.25,0.0,-25.25,-1.01,84.75,27.75,3.39,1.11,48,47.0,3,2024-12-31,1.2503259452411994,1.111467522052927,1.39020979020979,partial_bearish,0.9482256551996446,1.333666541713524,neutral,bullish,True,False,True,False,2024
1,863,864,871,2024-10-01 14:23:00+00:00,2024-10-01 14:24:00+00:00,2024-10-01 14:31:00+00:00,short,19969.75,19970.0,19969.75,19994.75,19944.75,19919.75,19894.75,19869.75,75.0,near_trigger,-71.85701754385966,25.0,True,True,True,True,False,tp4,19869.75,19870.0,99.75,0.0,99.75,3.99,101.5,6.5,4.06,0.26,8,7.0,4,2024-10-01,1.556578947368421,1.4464944649446496,6.460034904013962,partial_bearish,1.2446815474242323,,bearish,bearish,True,False,True,True,2025
2,2197,2198,2199,2024-10-02 13:37:00+00:00,2024-10-02 13:38:00+00:00,2024-10-02 13:39:00+00:00,long,19905.5,19905.75,19906.0,19881.0,19931.0,19956.0,19981.0,20006.0,73.0,near_trigger,30.16666666666667,25.0,False,False,False,False,True,stop,19881.0,19880.75,-25.25,0.0,-25.25,-1.01,3.5,32.75,0.14,1.31,2,1.0,0,2024-10-02,2.8078358208955225,0.0179028132992327,0.1431111111111111,partial_bearish,2.06831030884483,,bullish,bullish,True,True,True,False,2025
3,2208,2209,2252,2024-10-02 13:48:00+00:00,2024-10-02 13:49:00+00:00,2024-10-02 14:32:00+00:00,long,19914.75,19915.0,19915.25,19890.25,19940.25,19965.25,19990.25,20015.25,79.0,near_trigger,62.0,25.0,True,True,True,True,False,tp4,20015.25,20015.0,99.75,0.0,99.75,3.99,101.75,24.0,4.07,0.96,44,43.0,4,2024-10-02,2.746268656716418,2.975810602161606,2.0128983308042487,partial_bearish,1.8471764013131893,,bullish,bullish,True,True,False,False,2025
4,3571,3572,3595,2024-10-03 13:31:00+00:00,2024-10-03 13:32:00+00:00,2024-10-03 13:55:00+00:00,long,19926.5,19926.0,19926.25,19901.25,19951.25,19976.25,20001.25,20026.25,85.82529335071708,high_probability,64.82529335071708,25.0,True,True,True,True,False,tp4,20026.25,20026.0,99.75,0.0,99.75,3.99,108.75,3.25,4.35,0.13,24,23.0,4,2024-10-03,0.8578878748370274,0.6363636363636364,2.111533586818758,partial_bearish,6.038651249292472,,bullish,bullish,True,True,True,False,2025
5,3604,3605,3613,2024-10-03 14:04:00+00:00,2024-10-03 14:05:00+00:00,2024-10-03 14:13:00+00:00,long,20090.75,20090.75,20091.0,20066.0,20116.0,20141.0,20166.0,20191.0,75.64137155705453,near_trigger,73.64137155705453,25.0,False,False,False,False,True,stop,20066.0,20065.75,-25.25,0.0,-25.25,-1.01,24.0,83.25,0.96,3.33,9,8.0,0,2024-10-03,3.163575042158516,1.5582750582750584,1.811764705882353,strong_bullish,1.2929608527844143,,bullish,bullish,False,True,True,False,2025
6,7732,7733,7775,2024-10-08 13:52:00+00:00,2024-10-08 13:53:00+00:00,2024-10-08 14:35:00+00:00,long,20117.5,20117.5,20117.75,20092.75,20142.75,20167.75,20192.75,20217.75,81.23753353636565,high_probability,67.23753353636565,25.0,True,True,True,True,False,tp4,20217.75,20217.5,99.75,0.0,99.75,3.99,100.0,0.25,4.0,0.01,43,42.0,4,2024-10-08,1.5053763440860215,0.9223826714801444,1.2736389684813754,strong_bullish,1.2346674219481908,1.1964783379782111,bullish,bullish,True,False,True,False,2025
7,9108,9109,9168,2024-10-09 13:48:00+00:00,2024-10-09 13:49:00+00:00,2024-10-09 14:48:00+00:00,long,20270.75,20270.25,20270.5,20245.5,20295.5,20320.5,20345.5,20370.5,71.0,near_trigger,53.528190586023335,25.0,True,True,True,False,False,max_holding_time,20324.0,20323.75,53.25,0.0,53.25,2.13,87.5,24.5,3.5,0.98,60,59.0,3,2024-10-09,1.2761061946902656,2.267256637168142,0.9454841334418226,partial_bearish,1.0695762496828216,0.9436169895233264,bullish,bullish,True,True,True,False,2025
8,10488,10489,10492,2024-10-10 13:48:00+00:00,2024-10-10 13:49:00+00:00,2024-10-10 13:52:00+00:00,short,20315.25,20315.75,20315.5,20340.5,20290.5,20265.5,20240.5,20215.5,76.33314917127072,near_trigger,-55.33314917127072,25.0,False,False,False,False,True,stop,20340.5,20340.75,-25.25,0.0,-25.25,-1.01,14.25,31.25,0.57,1.25,4,3.0,0,2024-10-10,3.248618784530387,0.6958796599084369,1.7408906882591093,partial_bearish,2.3475159419245597,1.7646239554317549,bearish,neutral,False,True,True,False,2025
9,10521,10522,10544,2024-10-10 14:21:00+00:00,2024-10-10 14:22:00+00:00,2024-10-10 14:44:00+00:00,short,20390.0,20389.75,20389.5,20414.5,20364.5,20339.5,20314.5,20289.5,77.80201305143687,near_trigger,-71.80201305143687,25.0,True,False,False,False,True,stop,20414.5,20414.75,-25.25,0.0,-25.25,-1.01,29.25,29.0,1.17,1.16,23,22.0,1,2024-10-10,1.1332503113325032,1.6969696969696968,1.0344827586206895,partial_bullish,0.5104195354815019,0.4105608969528919,bearish,bearish,True,False,True,False,2025
10,11880,11881,11882,2024-10-11 14:00:00+00:00,2024-10-11 14:01:00+00:00,2024-10-11 14:02:00+00:00,short,20344.5,20344.25,20344.0,20369.0,20319.0,20294.0,20269.0,20244.0,87.2369802535162,high_probability,-56.236980253516194,25.0,False,False,False,False,True,stop,20369.0,20369.25,-25.25,0.0,-25.25,-1.01,7.5,36.5,0.3,1.46,2,1.0,0,2024-10-11,1.4697173620457604,0.7905282331511839,0.9860601614086574,partial_bearish,2.1294696264787984,0.824670624004633,bearish,bearish,True,False,True,False,2025
11,11885,11886,11886,2024-10-11 14:05:00+00:00,2024-10-11 14:06:00+00:00,2024-10-11 14:06:00+00:00,short,20368.0,20367.25,20367.0,20392.0,20342.0,20317.0,20292.0,20267.0,71.0,near_trigger,-68.77064439591688,25.0,False,False,False,False,True,stop,20392.0,20392.25,-25.25,0.0,-25.25,-1.01,0.0,29.75,0.0,1.19,1,0.0,0,2024-10-11,1.5373831775700937,1.9198075380914197,0.9860601614086574,partial_bullish,1.039205590290548,0.7051483616580569,bearish,bearish,True,False,True,False,2025
12,11887,11888,11891,2024-10-11 14:07:00+00:00,2024-10-11 14:08:00+00:00,2024-10-11 14:11:00+00:00,short,20401.25,20401.5,20401.25,20426.25,20376.25,20351.25,20326.25,20301.25,78.0,near_trigger,-62.234870374035225,25.0,False,False,False,False,True,stop,20426.25,20426.5,-25.25,0.0,-25.25,-1.01,7.5,36.75,0.3,1.47,4,3.0,0,2024-10-11,2.7627811860940694,1.9198075380914197,0.9860601614086574,partial_bullish,2.143454822293247,1.5707285200914731,bearish,bearish,True,False,True,False,2025
13,14610,14611,14615,2024-10-15 13:30:00+00:00,2024-10-15 13:31:00+00:00,2024-10-15 13:35:00+00:00,short,20620.0,20620.0,20619.75,20644.75,20594.75,20569.75,20544.75,20519.75,70.71512589726979,near_trigger,-37.715125897269786,25.0,False,False,False,False,True,stop,20644.75,20645.0,-25.25,0.0,-25.25,-1.01,4.75,39.5,0.19,1.58,5,4.0,0,2024-10-15,3.8216216216216217,0.0913539967373572,0.6517690875232776,partial_bullish,11.60354327962614,1.3163683552517054,neutral,neutral,True,True,True,True,2025
14,14650,14651,14670,2024-10-15 14:10:00+00:00,2024-10-15 14:11:00+00:00,2024-10-15 14:30:00+00:00,short,20608.5,20608.0,20607.75,20632.75,20582.75,20557.75,20532.75,20507.75,81.72074764701661,high_probability,-60.72074764701661,25.0,True,True,True,True,False,tp4,20507.75,20508.0,99.75,0.0,99.75,3.99,132.25,6.5,5.29,0.26,20,19.0,4,2024-10-15,2.2222222222222223,0.4110929853181077,0.9270833333333334,partial_bearish,2.0864736215787385,1.2598371313214265,neutral,bearish,True,False,True,False,2025
15,15991,15992,15992,2024-10-16 13:31:00+00:00,2024-10-16 13:32:00+00:00,2024-10-16 13:32:00+00:00,short,20304.5,20305.0,20304.75,20329.75,20279.75,20254.75,20229.75,20204.75,86.0,high_probability,-73.0,25.0,False,False,False,False,True,stop,20329.75,20330.0,-25.25,0.0,-25.25,-1.01,4.0,26.25,0.16,1.05,1,0.0,0,2024-10-16,5.8593481989708405,1.11340206185567,0.6633064516129031,strong_bearish,9.981613079560702,1.5627369433599274,bearish,bearish,False,True,True,False,2025
16,15994,15995,16044,2024-10-16 13:34:00+00:00,2024-10-16 13:35:00+00:00,2024-10-16 14:24:00+00:00,short,20302.25,20302.5,20302.25,20327.25,20277.25,20252.25,20227.25,20202.25,82.49747112082423,high_probability,-61.49747112082423,25.0,True,True,True,False,True,stop,20327.25,20327.5,-25.25,0.0,-25.25,-1.01,97.0,30.75,3.88,1.23,50,49.0,3,2024-10-16,3.444848484848485,1.11340206185567,0.6633064516129031,strong_bearish,2.8228437647879256,1.0812259340201895,bearish,bearish,False,True,True,False,2025
17,17401,17402,17404,2024-10-17 14:01:00+00:00,2024-10-17 14:02:00+00:00,2024-10-17 14:04:00+00:00,short,20386.75,20386.75,20386.5,20411.5,20361.5,20336.5,20311.5,20286.5,80.0,high_probability,-59.0,25.0,False,False,False,False,True,stop,20411.5,20411.75,-25.25,0.0,-25.25,-1.01,15.75,26.0,0.63,1.04,3,2.0,0,2024-10-17,2.8092105263157894,1.341188524590164,2.229299363057325,strong_bearish,2.2115840364015544,2.765965855200759,neutral,bearish,True,True,True,False,2025
18,18761,18762,18769,2024-10-18 13:41:00+00:00,2024-10-18 13:42:00+00:00,2024-10-18 13:49:00+00:00,long,20481.25,20481.75,20482.0,20457.0,20507.0,20532.0,20557.0,20582.0,82.51918978048022,high_probability,76.51918978048022,25.0,True,False,False,False,True,stop,20457.0,20456.75,-25.25,0.0,-25.25,-1.01,29.25,32.25,1.17,1.29,8,7.0,1,2024-10-18,1.224865694551036,2.818481848184818,0.2368159203980099,partial_bearish,1.375352350885105,1.2769277845777234,bullish,bullish,True,True,True,False,2025
19,18770,18771,18830,2024-10-18 13:50:00+00:00,2024-10-18 13:51:00+00:00,2024-10-18 14:50:00+00:00,long,20463.0,20463.25,20463.5,20438.5,20488.5,20513.5,20538.5,20563.5,78.89082117489917,near_trigger,48.89082117489917,25.0,True,True,False,False,False,max_holding_time,20490.0,20489.75,26.25,0.0,26.25,1.05,59.75,11.5,2.39,0.46,60,59.0,2,2024-10-18,1.375438596491228,1.9922239502332812,1.1351351351351353,partial_bearish,1.0765339037723678,1.2467369439949183,bullish,bullish,True,True,True,False,2025
20,21510,21511,21513,2024-10-22 13:30:00+00:00,2024-10-22 13:31:00+00:00,2024-10-22 13:33:00+00:00,short,20386.5,20385.5,20385.25,20406.25,20360.25,20335.25,20310.25,20285.25,72.3,near_trigger,-52.3,21.0,False,False,False,False,True,stop,20406.25,20406.5,-21.25,0.0,-21.25,-1.011904761904762,16.5,26.0,0.7857142857142857,1.238095238095238,3,2.0,0,2024-10-22,1.0337552742616034,1.3664596273291925,1.0775969962453067,partial_bearish,10.3179940436161,1.5043280947978823,bearish,bearish,True,True,False,False,2025
21,22893,22894,22896,2024-10-23 13:33:00+00:00,2024-10-23 13:34:00+00:00,2024-10-23 13:36:00+00:00,short,20417.0,20417.0,20416.75,20441.75,20391.75,20366.75,20341.75,20316.75,70.38742948307937,near_trigger,-61.38742948307937,25.0,False,False,False,False,True,stop,20441.75,20442.0,-25.25,0.0,-25.25,-1.01,2.75,25.25,0.11,1.01,3,2.0,0,2024-10-23,1.259452411994785,1.493099121706399,1.75,strong_bearish,2.386745837312627,0.9619278721445904,bearish,neutral,False,True,True,False,2025
22,25650,25651,25668,2024-10-25 13:30:00+00:00,2024-10-25 13:31:00+00:00,2024-10-25 13:48:00+00:00,long,20519.25,20519.0,20519.25,20494.25,20544.25,20569.25,20594.25,20619.25,72.86978155074962,near_trigger,59.86978155074962,25.0,True,True,True,True,False,tp4,20619.25,20619.0,99.75,0.0,99.75,3.99,103.5,4.0,4.14,0.16,18,17.0,4,2024-10-25,2.7377777777777776,0.4278438030560272,1.268882175226586,partial_bullish,10.21188680151828,1.3914846256246862,bullish,bullish,True,True,False,False,2025
23,25702,25703,25706,2024-10-25 14:22:00+00:00,2024-10-25 14:23:00+00:00,2024-10-25 14:26:00+00:00,long,20701.75,20701.75,20702.0,20677.0,20727.0,20752.0,20777.0,20802.0,71.0,near_trigger,54.0,25.0,False,False,False,False,True,stop,20677.0,20676.75,-25.25,0.0,-25.25,-1.01,5.5,29.0,0.22,1.16,4,3.0,0,2024-10-25,3.165217391304348,1.159077468953282,5.464594127806564,strong_bullish,2.5022058823529414,2.319934351723268,bullish,neutral,True,True,True,True,2025
24,28411,28412,28412,2024-10-29 13:31:00+00:00,2024-10-29 13:32:00+00:00,2024-10-29 13:32:00+00:00,long,20479.75,20480.0,20480.25,20455.25,20505.25,20530.25,20555.25,20580.25,78.0,near_trigger,43.00332998996991,25.0,False,False,False,False,True,stop,20455.25,20455.0,-25.25,0.0,-25.25,-1.01,2.0,35.5,0.08,1.42,1,0.0,0,2024-10-29,1.4344262295081969,1.364953886693017,1.181749049429658,partial_bullish,8.547436652916911,1.1638916750250752,bullish,bullish,True,True,True,True,2025
25,28415,28416,28462,2024-10-29 13:35:00+00:00,2024-10-29 13:36:00+00:00,2024-10-29 14:22:00+00:00,long,20456.0,20456.5,20456.75,20431.75,20481.75,20506.75,20531.75,20556.75,77.18938951997488,near_trigger,59.18938951997488,25.0,True,True,True,True,False,tp4,20556.75,20556.5,99.75,0.0,99.75,3.99,107.75,21.75,4.31,0.87,47,46.0,4,2024-10-29,2.508960573476702,3.200376293508937,1.181749049429658,partial_bearish,3.7617864047027263,1.3582427600746427,bullish,bullish,True,True,True,False,2025
26,29790,29791,29791,2024-10-30 13:30:00+00:00,2024-10-30 13:31:00+00:00,2024-10-30 13:31:00+00:00,short,20635.75,20635.5,20635.25,20660.25,20610.25,20585.25,20560.25,20535.25,82.37126256340336,high_probability,-61.37126256340336,25.0,False,False,False,False,True,stop,20660.25,20660.5,-25.25,0.0,-25.25,-1.01,0.5,34.25,0.02,1.37,1,0.0,0,2024-10-30,2.4581939799331103,0.4936708860759494,2.149122807017544,partial_bearish,6.321033658714407,0.9760521361694676,bearish,bearish,False,True,True,False,2025
27,29794,29795,29796,2024-10-30 13:34:00+00:00,2024-10-30 13:35:00+00:00,2024-10-30 13:36:00+00:00,short,20617.5,20617.25,20617.0,20642.0,20592.0,20567.0,20542.0,20517.0,84.18671255933582,high_probability,-63.18671255933582,25.0,False,False,False,False,True,stop,20642.0,20642.25,-25.25,0.0,-25.25,-1.01,4.25,25.0,0.17,1.0,2,1.0,0,2024-10-30,2.680525164113785,0.4936708860759494,2.149122807017544,partial_bearish,3.461800593602286,1.4889271327798477,bearish,bearish,False,True,True,False,2025
28,29801,29802,29811,2024-10-30 13:41:00+00:00,2024-10-30 13:42:00+00:00,2024-10-30 13:51:00+00:00,short,20572.5,20572.5,20572.25,20597.25,20547.25,20522.25,20497.25,20472.25,86.59491983901827,high_probability,-73.59491983901827,25.0,True,False,False,False,True,stop,20597.25,20597.5,-25.25,0.0,-25.25,-1.01,29.25,29.25,1.17,1.17,10,9.0,1,2024-10-30,2.220030349013657,2.5407407407407407,2.149122807017544,strong_bearish,2.580389598285022,2.493694829760404,bearish,bearish,False,True,True,False,2025
29,31170,31171,31185,2024-10-31 13:30:00+00:00,2024-10-31 13:31:00+00:00,2024-10-31 13:45:00+00:00,short,20334.0,20333.5,20333.25,20358.25,20308.25,20283.25,20258.25,20233.25,85.8057091882248,high_probability,-84.8057091882248,25.0,True,True,True,True,False,tp4,20233.25,20233.5,99.75,0.0,99.75,3.99,110.25,8.75,4.41,0.35,15,14.0,4,2024-10-31,3.624036979969184,1.011914217633042,0.9577114427860696,strong_bearish,10.760187306964232,1.3380909901873328,bearish,bearish,False,True,True,False,2025
30,31208,31209,31217,2024-10-31 14:08:00+00:00,2024-10-31 14:09:00+00:00,2024-10-31 14:17:00+00:00,short,20170.25,20170.25,20170.0,20195.0,20145.0,20120.0,20095.0,20070.0,72.0379613063772,near_trigger,-68.0379613063772,25.0,True,True,False,False,True,stop,20195.0,20195.25,-25.25,0.0,-25.25,-1.01,51.0,26.25,2.04,1.05,9,8.0,2,2024-10-31,1.2048192771084338,3.042613636363636,5.844600526777875,partial_bearish,0.4949230265312807,0.670393540086073,bearish,bearish,False,False,True,False,2025
31,31218,31219,31248,2024-10-31 14:18:00+00:00,2024-10-31 14:19:00+00:00,2024-10-31 14:48:00+00:00,short,20190.25,20190.5,20190.25,20215.25,20165.25,20140.25,20115.25,20090.25,71.02603962313398,near_trigger,-37.02603962313398,25.0,True,True,True,True,False,tp4,20090.25,20090.5,99.75,0.0,99.75,3.99,100.25,11.25,4.01,0.45,30,29.0,4,2024-10-31,3.0357142857142856,1.083041958041958,5.584238037796542,partial_bearish,0.77986482087809,1.2002711145164142,bearish,bearish,False,True,True,False,2025
32,32551,32552,32559,2024-11-01 13:31:00+00:00,2024-11-01 13:32:00+00:00,2024-11-01 13:39:00+00:00,short,20094.0,20094.5,20094.25,20119.25,20069.25,20044.25,20019.25,19994.25,70.0,near_trigger,-41.38057682565823,25.0,False,False,False,False,True,stop,20119.25,20119.5,-25.25,0.0,-25.25,-1.01,20.25,27.5,0.81,1.1,8,7.0,0,2024-11-01,0.4552845528455284,1.024390243902439,1.9296187683284456,partial_bearish,6.65255566008153,1.0748983495256312,bearish,bearish,False,False,True,False,2025
33,32592,32593,32623,2024-11-01 14:12:00+00:00,2024-11-01 14:13:00+00:00,2024-11-01 14:43:00+00:00,long,20217.25,20217.75,20218.0,20193.0,20243.0,20268.0,20293.0,20318.0,74.36501328609388,near_trigger,35.365013286093884,25.0,True,True,False,False,True,stop,20193.0,20192.75,-25.25,0.0,-25.25,-1.01,59.75,38.75,2.39,1.55,31,30.0,2,2024-11-01,1.7484499557130204,0.7345225603357818,0.9898232458489556,strong_bullish,1.7970888550945037,2.248712128420165,bullish,bullish,True,True,False,False,2025
34,33932,33933,33934,2024-11-04 14:32:00+00:00,2024-11-04 14:33:00+00:00,2024-11-04 14:34:00+00:00,long,20090.0,20090.0,20090.25,20065.25,20115.25,20140.25,20165.25,20190.25,73.0,near_trigger,66.187568310412,25.0,False,False,False,False,True,stop,20065.25,20065.0,-25.25,0.0,-25.25,-1.01,2.25,46.25,0.09,1.85,2,1.0,0,2024-11-04,0.8507462686567164,0.5438247011952192,0.9211571185479296,strong_bearish,3.435628943482347,0.8996632239103992,bullish,bullish,True,True,True,False,2025
35,33935,33936,33936,2024-11-04 14:35:00+00:00,2024-11-04 14:36:00+00:00,2024-11-04 14:36:00+00:00,long,20042.75,20042.5,20042.75,20017.75,20067.75,20092.75,20117.75,20142.75,82.0,high_probability,64.25813376925748,25.0,False,False,False,False,True,stop,20017.75,20017.5,-25.25,0.0,-25.25,-1.01,0.0,26.75,0.0,1.07,1,0.0,0,2024-11-04,4.1125,3.4629349470499244,0.9211571185479296,strong_bearish,2.266184499751826,0.8703051922854361,bullish,bullish,True,True,True,False,2025
36,33937,33938,33945,2024-11-04 14:37:00+00:00,2024-11-04 14:38:00+00:00,2024-11-04 14:45:00+00:00,long,20016.25,20016.25,20016.5,19991.5,20041.5,20066.5,20091.5,20116.5,82.0,high_probability,65.62812455011958,25.0,True,True,True,True,False,tp4,20116.5,20116.25,99.75,0.0,99.75,3.99,111.5,0.5,4.46,0.02,8,7.0,4,2024-11-04,3.2908366533864544,3.4629349470499244,0.9211571185479296,strong_bearish,1.7672997162191662,1.4098962082336826,bullish,bullish,True,True,True,False,2025
37,35310,35311,35335,2024-11-05 14:30:00+00:00,2024-11-05 14:31:00+00:00,2024-11-05 14:55:00+00:00,long,20179.75,20179.25,20179.5,20154.5,20204.5,20229.5,20254.5,20279.5,86.68324078655598,high_probability,73.68324078655598,25.0,True,True,True,True,False,tp4,20279.5,20279.25,99.75,0.0,99.75,3.99,115.25,5.5,4.61,0.22,25,24.0,4,2024-11-05,3.974947807933194,2.707894736842105,0.7285342584562012,strong_bullish,11.75370316584374,1.2360339887966476,bullish,bullish,False,True,True,False,2025
38,35347,35348,35351,2024-11-05 15:07:00+00:00,2024-11-05 15:08:00+00:00,2024-11-05 15:11:00+00:00,long,20287.5,20287.5,20287.75,20262.75,20312.75,20337.75,20362.75,20387.75,71.0,near_trigger,71.0,25.0,False,False,False,False,True,stop,20262.75,20262.5,-25.25,0.0,-25.25,-1.01,20.0,27.5,0.8,1.1,4,3.0,0,2024-11-05,0.2317429406037001,2.1044689495066744,4.116266070430408,partial_bullish,0.670112239918371,0.6212853470437018,bullish,bullish,True,True,True,False,2025
39,36736,36737,36760,2024-11-06 15:16:00+00:00,2024-11-06 15:17:00+00:00,2024-11-06 15:40:00+00:00,long,20763.5,20764.0,20764.25,20739.25,20789.25,20814.25,20839.25,20864.25,82.72867132867133,high_probability,61.728671328671325,25.0,True,True,False,False,True,stop,20739.25,20739.0,-25.25,0.0,-25.25,-1.01,57.75,30.0,2.31,1.2,24,23.0,2,2024-11-06,1.4467754467754468,1.3292349726775956,1.1013215859030836,strong_bullish,1.0522202969456051,1.713819293609839,bullish,bullish,False,True,True,False,2025
40,39499,39500,39518,2024-11-08 15:19:00+00:00,2024-11-08 15:20:00+00:00,2024-11-08 15:38:00+00:00,long,21201.5,21202.0,21202.25,21177.25,21227.25,21252.25,21277.25,21302.25,81.27370325693607,high_probability,61.27370325693608,25.0,False,False,False,False,True,stop,21177.25,21177.0,-25.25,0.0,-25.25,-1.01,9.0,27.0,0.36,1.08,19,18.0,0,2024-11-08,2.347406513872135,1.6566837107377648,0.1797432239657632,partial_bullish,1.1078305670897393,1.646129376190726,neutral,bullish,True,False,True,False,2025
41,40873,40874,40893,2024-11-11 15:13:00+00:00,2024-11-11 15:14:00+00:00,2024-11-11 15:33:00+00:00,short,21194.25,21194.0,21193.75,21218.75,21168.75,21143.75,21118.75,21093.75,71.0,near_trigger,-68.27876089414562,25.0,False,False,False,False,True,stop,21218.75,21219.0,-25.25,0.0,-25.25,-1.01,22.75,30.0,0.91,1.2,20,19.0,0,2024-11-11,0.8235294117647058,1.1819505094614264,5.109341057204924,partial_bearish,0.8538426349496798,0.9863267058590396,bearish,bearish,True,True,True,False,2025
42,42223,42224,42232,2024-11-12 14:43:00+00:00,2024-11-12 14:44:00+00:00,2024-11-12 14:52:00+00:00,short,21207.5,21207.75,21207.5,21232.5,21182.5,21157.5,21132.5,21107.5,80.64958091563882,high_probability,-74.64958091563882,25.0,False,False,False,False,True,stop,21232.5,21232.75,-25.25,0.0,-25.25,-1.01,7.5,36.5,0.3,1.46,9,8.0,0,2024-11-12,1.606330365974283,1.3893129770992367,0.6019108280254778,partial_bullish,1.0234945611110444,0.8786072417662744,bearish,bearish,True,False,True,False,2025
43,42244,42245,42250,2024-11-12 15:04:00+00:00,2024-11-12 15:05:00+00:00,2024-11-12 15:10:00+00:00,short,21191.75,21192.0,21191.75,21216.75,21166.75,21141.75,21116.75,21091.75,73.60376721165403,near_trigger,-54.60376721165403,25.0,False,False,False,False,True,stop,21216.75,21217.0,-25.25,0.0,-25.25,-1.01,12.75,33.25,0.51,1.33,6,5.0,0,2024-11-12,2.7522727272727274,1.2094240837696335,0.7535667963683528,partial_bullish,1.6095811154825272,1.4201847975904844,bearish,bearish,True,True,False,False,2025
44,44970,44971,44980,2024-11-14 14:30:00+00:00,2024-11-14 14:31:00+00:00,2024-11-14 14:40:00+00:00,long,21161.0,21161.0,21161.25,21136.25,21186.25,21211.25,21236.25,21261.25,73.82152483289664,near_trigger,14.821524832896642,25.0,False,False,False,False,True,stop,21136.25,21136.0,-25.25,0.0,-25.25,-1.01,13.25,35.0,0.53,1.4,10,9.0,0,2024-11-14,4.07421875,0.3560399636693915,1.5279187817258884,partial_bullish,11.919392523364486,1.1375025781385004,neutral,neutral,True,True,True,True,2025
45,46355,46356,46369,2024-11-15 14:35:00+00:00,2024-11-15 14:36:00+00:00,2024-11-15 14:49:00+00:00,short,20715.5,20715.5,20715.25,20740.25,20690.25,20665.25,20640.25,20615.25,70.44027972114051,near_trigger,-45.44027972114051,25.0,True,False,False,False,True,stop,20740.25,20740.5,-25.25,0.0,-25.25,-1.01,28.25,30.75,1.13,1.23,14,13.0,1,2024-11-15,2.87603305785124,3.077685950413223,3.660265878877401,strong_bearish,2.613952015658957,1.366211062382933,bearish,bearish,False,True,True,False,2025
46,46378,46379,46402,2024-11-15 14:58:00+00:00,2024-11-15 14:59:00+00:00,2024-11-15 15:22:00+00:00,short,20686.25,20687.0,20686.75,20711.75,20661.75,20636.75,20611.75,20586.75,73.61093494183541,near_trigger,-38.61093494183541,25.0,True,True,True,True,False,tp4,20586.75,20587.0,99.75,0.0,99.75,3.99,104.0,11.25,4.16,0.45,24,23.0,4,2024-11-15,2.0170616113744075,1.7392491467576792,4.711111111111111,strong_bearish,1.4591593973037271,2.505260552048521,bearish,bearish,True,True,True,False,2025
47,47730,47731,47739,2024-11-18 14:30:00+00:00,2024-11-18 14:31:00+00:00,2024-11-18 14:39:00+00:00,short,20536.5,20536.25,20536.0,20561.0,20511.0,20486.0,20461.0,20436.0,84.77959621043321,high_probability,-63.77959621043321,25.0,False,False,False,False,True,stop,20561.0,20561.25,-25.25,0.0,-25.25,-1.01,15.75,33.25,0.63,1.33,9,8.0,0,2024-11-18,4.0285714285714285,0.0535372848948374,1.4043887147335423,partial_bearish,8.157523289733696,0.9829968420276788,bearish,bearish,False,True,True,False,2025
48,47746,47747,47761,2024-11-18 14:46:00+00:00,2024-11-18 14:47:00+00:00,2024-11-18 15:01:00+00:00,short,20516.75,20517.25,20517.0,20542.0,20492.0,20467.0,20442.0,20417.0,74.30269132727068,near_trigger,-68.30269132727068,25.0,False,False,False,False,True,stop,20542.0,20542.25,-25.25,0.0,-25.25,-1.01,16.5,32.75,0.66,1.31,15,14.0,0,2024-11-18,1.476038338658147,1.851239669421488,1.012629161882893,partial_bearish,1.428985351719697,1.1883450091472938,bearish,bearish,False,True,True,False,2025
49,49155,49156,49159,2024-11-19 15:15:00+00:00,2024-11-19 15:16:00+00:00,2024-11-19 15:19:00+00:00,short,20540.25,20539.75,20539.5,20564.5,20514.5,20489.5,20464.5,20439.5,70.32770322962087,near_trigger,-57.32770322962087,25.0,False,False,False,False,True,stop,20564.5,20564.75,-25.25,0.0,-25.25,-1.01,1.25,36.0,0.05,1.44,4,3.0,0,2024-11-19,1.218,0.0059957173447537,2.584974958263773,partial_bullish,1.832509926348013,1.489419358017392,bearish,bearish,True,True,True,False,2025
50,50519,50520,50521,2024-11-20 14:59:00+00:00,2024-11-20 15:00:00+00:00,2024-11-20 15:01:00+00:00,short,20614.25,20614.0,20613.75,20638.75,20588.75,20563.75,20538.75,20513.75,74.25147208121827,near_trigger,-41.25147208121827,25.0,False,False,False,False,True,stop,20638.75,20639.0,-25.25,0.0,-25.25,-1.01,1.0,32.25,0.04,1.29,2,1.0,0,2024-11-20,1.7766497461928934,4.05510752688172,5.75416133162612,strong_bearish,0.9940402775554782,1.6466258051435614,neutral,bearish,False,False,True,False,2025
51,50522,50523,50536,2024-11-20 15:02:00+00:00,2024-11-20 15:03:00+00:00,2024-11-20 15:16:00+00:00,short,20611.75,20612.0,20611.75,20636.75,20586.75,20561.75,20536.75,20511.75,76.58372694042266,near_trigger,-76.58372694042266,25.0,True,True,True,True,False,tp4,20511.75,20512.0,99.75,0.0,99.75,3.99,103.75,9.0,4.15,0.36,14,13.0,4,2024-11-20,1.4127144298688192,3.872530274059911,5.957101449275362,strong_bearish,1.170563374820674,1.2878181953908991,bearish,bearish,False,True,True,False,2025
52,50540,50541,50541,2024-11-20 15:20:00+00:00,2024-11-20 15:21:00+00:00,2024-11-20 15:21:00+00:00,short,20482.75,20482.25,20482.0,20507.0,20457.0,20432.0,20407.0,20382.0,87.6,high_probability,-74.6,25.0,False,False,False,False,True,stop,20507.0,20507.25,-25.25,0.0,-25.25,-1.01,0.25,29.0,0.01,1.16,1,0.0,0,2024-11-20,2.5068870523415976,3.655965500718735,6.836601307189542,strong_bearish,1.6009253711470608,2.752808184875152,bearish,bearish,False,True,True,False,2025
53,50543,50544,50544,2024-11-20 15:23:00+00:00,2024-11-20 15:24:00+00:00,2024-11-20 15:24:00+00:00,short,20500.75,20501.0,20500.75,20525.75,20475.75,20450.75,20425.75,20400.75,72.60941706182406,near_trigger,-66.60941706182406,25.0,False,False,False,False,True,stop,20525.75,20526.0,-25.25,0.0,-25.25,-1.01,1.25,28.5,0.05,1.14,1,0.0,0,2024-11-20,0.7342222222222222,3.655965500718735,6.836601307189542,strong_bearish,0.6768981427886285,1.2245142181867137,bearish,bearish,False,True,True,False,2025
54,50545,50546,50551,2024-11-20 15:25:00+00:00,2024-11-20 15:26:00+00:00,2024-11-20 15:31:00+00:00,short,20527.5,20527.0,20526.75,20551.75,20501.75,20476.75,20451.75,20426.75,74.0,near_trigger,-40.94986149584487,25.0,False,False,False,False,True,stop,20551.75,20552.0,-25.25,0.0,-25.25,-1.01,16.25,25.0,0.65,1.0,6,5.0,0,2024-11-20,2.313942751615881,2.310251798561151,6.836601307189542,partial_bearish,0.8558426783682757,1.5001353141424645,bearish,bearish,False,True,True,False,2025
55,51871,51872,51872,2024-11-21 14:31:00+00:00,2024-11-21 14:32:00+00:00,2024-11-21 14:32:00+00:00,long,20903.0,20903.0,20903.25,20878.25,20928.25,20953.25,20978.25,21003.25,71.93368820491199,near_trigger,44.93368820491199,25.0,False,False,False,False,True,stop,20878.25,20878.0,-25.25,0.0,-25.25,-1.01,3.75,50.25,0.15,2.01,1,0.0,0,2024-11-21,1.4150943396226414,0.7227310574521232,2.2947567312234294,strong_bullish,7.197479405297187,1.4447401707599872,bullish,bullish,True,True,True,False,2025
56,51873,51874,51874,2024-11-21 14:33:00+00:00,2024-11-21 14:34:00+00:00,2024-11-21 14:34:00+00:00,long,20837.0,20837.5,20837.75,20812.75,20862.75,20887.75,20912.75,20937.75,78.0,near_trigger,38.07229601518026,25.0,False,False,False,False,True,stop,20812.75,20812.5,-25.25,0.0,-25.25,-1.01,1.5,57.75,0.06,2.31,1,0.0,0,2024-11-21,1.9525616698292216,0.7227310574521232,2.2947567312234294,partial_bullish,4.0805032448142695,1.61774803286322,bullish,bullish,True,True,True,False,2025
57,51875,51876,51876,2024-11-21 14:35:00+00:00,2024-11-21 14:36:00+00:00,2024-11-21 14:36:00+00:00,long,20758.0,20757.5,20757.75,20732.75,20782.75,20807.75,20832.75,20857.75,82.0,high_probability,23.0,25.0,False,False,False,False,True,stop,20732.75,20732.5,-25.25,0.0,-25.25,-1.01,0.0,37.75,0.0,1.51,1,0.0,0,2024-11-21,4.0312056737588655,2.45360824742268,2.2947567312234294,partial_bearish,3.5241794896432443,1.884316445383887,bullish,bullish,True,True,True,False,2025
58,51877,51878,51878,2024-11-21 14:37:00+00:00,2024-11-21 14:38:00+00:00,2024-11-21 14:38:00+00:00,long,20701.0,20701.5,20701.75,20676.75,20726.75,20751.75,20776.75,20801.75,82.0,high_probability,25.568062679970534,25.0,False,False,False,False,True,stop,20676.75,20676.5,-25.25,0.0,-25.25,-1.01,12.0,55.0,0.48,2.2,1,0.0,0,2024-11-21,5.325993883792049,2.45360824742268,2.2947567312234294,partial_bearish,2.3662918337267187,2.261805069800893,bullish,bullish,True,True,True,False,2025
59,51879,51880,51880,2024-11-21 14:39:00+00:00,2024-11-21 14:40:00+00:00,2024-11-21 14:40:00+00:00,long,20653.25,20653.25,20653.5,20628.5,20678.5,20703.5,20728.5,20753.5,82.0,high_probability,30.79890795631826,25.0,False,False,False,False,True,stop,20628.5,20628.25,-25.25,0.0,-25.25,-1.01,40.5,25.25,1.62,1.01,1,0.0,0,2024-11-21,4.149765990639626,2.45360824742268,2.2947567312234294,partial_bearish,1.873972693257564,2.260031079411882,bullish,bullish,True,True,True,False,2025
60,51887,51888,51894,2024-11-21 14:47:00+00:00,2024-11-21 14:48:00+00:00,2024-11-21 14:54:00+00:00,long,20731.0,20730.5,20730.75,20705.75,20755.75,20780.75,20805.75,20830.75,75.47225130890052,near_trigger,50.472251308900525,25.0,True,True,False,False,True,stop,20705.75,20705.5,-25.25,0.0,-25.25,-1.01,55.25,35.5,2.21,1.42,7,6.0,2,2024-11-21,1.81413612565445,4.001657000828501,2.288903479973736,partial_bearish,0.8645714016726554,1.5960836567985632,bullish,neutral,False,True,True,False,2025
61,51912,51913,51923,2024-11-21 15:12:00+00:00,2024-11-21 15:13:00+00:00,2024-11-21 15:23:00+00:00,long,20650.25,20649.75,20650.0,20625.0,20675.0,20700.0,20725.0,20750.0,72.3,near_trigger,61.3,25.0,True,True,False,False,True,stop,20625.0,20624.75,-25.25,0.0,-25.25,-1.01,69.0,36.0,2.76,1.44,11,10.0,2,2024-11-21,2.316029663434113,1.3100113765642776,3.091482649842271,partial_bearish,1.4979002415266225,2.520442285630599,bullish,bullish,True,True,False,False,2025
62,53252,53253,53256,2024-11-22 14:32:00+00:00,2024-11-22 14:33:00+00:00,2024-11-22 14:36:00+00:00,short,20811.25,20812.0,20811.75,20836.75,20786.75,20761.75,20736.75,20711.75,73.0,near_trigger,-71.52699564390619,25.0,False,False,False,False,True,stop,20836.75,20837.0,-25.25,0.0,-25.25,-1.01,7.75,25.0,0.31,1.0,4,3.0,0,2024-11-22,2.164627363737486,0.3421309872922776,0.1091781643671265,strong_bullish,3.735840991664885,1.0608369634115091,bearish,bearish,True,False,True,False,2025
63,53271,53272,53275,2024-11-22 14:51:00+00:00,2024-11-22 14:52:00+00:00,2024-11-22 14:55:00+00:00,short,20800.0,20800.0,20799.75,20824.75,20774.75,20749.75,20724.75,20699.75,70.09286219081272,near_trigger,-51.09286219081272,25.0,False,False,False,False,True,stop,20824.75,20825.0,-25.25,0.0,-25.25,-1.01,8.75,26.75,0.35,1.07,4,3.0,0,2024-11-22,1.919434628975265,2.6422535211267606,1.102241662110443,partial_bullish,1.5408199928140844,2.110570350522229,bearish,bearish,True,True,False,False,2025
64,54639,54640,54648,2024-11-25 14:39:00+00:00,2024-11-25 14:40:00+00:00,2024-11-25 14:48:00+00:00,long,21054.75,21053.75,21054.0,21029.0,21079.0,21104.0,21129.0,21154.0,73.96443816254417,near_trigger,60.96443816254417,25.0,True,False,False,False,True,stop,21029.0,21028.75,-25.25,0.0,-25.25,-1.01,27.25,26.25,1.09,1.05,9,8.0,1,2024-11-25,2.07773851590106,0.4228934817170111,2.9992348890589136,partial_bullish,2.164067742290859,1.925486317177712,bullish,bullish,True,True,True,True,2025
65,56010,56011,56059,2024-11-26 14:30:00+00:00,2024-11-26 14:31:00+00:00,2024-11-26 15:19:00+00:00,long,20946.0,20946.5,20946.75,20922.25,20971.75,20996.75,21021.75,21046.75,70.62705387462445,near_trigger,41.62705387462445,24.5,True,True,True,False,True,stop,20922.25,20922.0,-24.75,0.0,-24.75,-1.010204081632653,78.25,27.75,3.193877551020408,1.1326530612244898,49,48.0,3,2024-11-26,1.8157894736842104,1.0134969325153371,0.3453333333333333,partial_bullish,5.9539521924035785,0.9479834920116048,bullish,bullish,True,False,False,False,2025
66,57390,57391,57436,2024-11-27 14:30:00+00:00,2024-11-27 14:31:00+00:00,2024-11-27 15:16:00+00:00,short,20892.5,20892.5,20892.25,20917.25,20867.25,20842.25,20817.25,20792.25,82.86475698520779,high_probability,-69.86475698520779,25.0,True,True,True,True,False,tp4,20792.25,20792.5,99.75,0.0,99.75,3.99,103.5,7.5,4.14,0.3,46,45.0,4,2024-11-27,5.704672897196262,0.0349999999999999,0.992337164750958,partial_bearish,12.540592168099332,1.3872974876731627,bearish,bearish,False,True,True,True,2025
67,57442,57443,57502,2024-11-27 15:22:00+00:00,2024-11-27 15:23:00+00:00,2024-11-27 16:22:00+00:00,short,20784.0,20784.75,20784.5,20809.5,20759.5,20734.5,20709.5,20684.5,74.25622968580716,near_trigger,-43.25622968580716,25.0,True,True,True,False,False,max_holding_time,20727.5,20727.75,56.75,0.0,56.75,2.27,88.75,21.75,3.55,0.87,60,59.0,3,2024-11-27,1.1072589382448537,1.030520646319569,4.959950708564387,strong_bearish,1.614488702539017,1.7601645630698124,bearish,bearish,True,True,False,False,2025
68,58770,58771,58830,2024-11-28 14:30:00+00:00,2024-11-28 14:31:00+00:00,2024-11-28 15:30:00+00:00,long,20889.25,20889.5,20889.75,20864.75,20914.75,20939.75,20964.75,20989.75,77.55619989218576,near_trigger,77.55619989218576,25.0,False,False,False,False,False,max_holding_time,20899.0,20898.75,9.0,0.0,9.0,0.36,12.25,15.25,0.49,0.61,60,59.0,0,2024-11-28,4.975903614457831,1.1771771771771773,0.3326133909287257,strong_bullish,15.037768739105172,0.2968332434881346,bullish,bullish,True,True,True,False,2025
69,59910,59911,59911,2024-11-29 14:30:00+00:00,2024-11-29 14:31:00+00:00,2024-11-29 14:31:00+00:00,short,20815.0,20814.75,20814.5,20839.5,20789.5,20764.5,20739.5,20714.5,71.01635993789193,near_trigger,-58.016359937891934,25.0,False,False,False,False,True,stop,20839.5,20839.75,-25.25,0.0,-25.25,-1.01,1.5,30.5,0.06,1.22,1,0.0,0,2024-11-29,4.9534450651769095,1.1691022964509394,1.2685337726523889,strong_bearish,4.895413797583474,0.6802999482432807,bearish,bearish,True,True,True,True,2025
70,59916,59917,59924,2024-11-29 14:36:00+00:00,2024-11-29 14:37:00+00:00,2024-11-29 14:44:00+00:00,short,20845.5,20845.75,20845.5,20870.5,20820.5,20795.5,20770.5,20745.5,70.0,near_trigger,-21.87766589302832,25.0,False,False,False,False,True,stop,20870.5,20870.75,-25.25,0.0,-25.25,-1.01,0.75,30.0,0.03,1.2,8,7.0,0,2024-11-29,0.9929078014184396,1.6997219647822055,1.2685337726523889,partial_bearish,1.854538949293367,0.7508812593558356,bearish,bearish,False,True,True,False,2025
71,59948,59949,60008,2024-11-29 15:08:00+00:00,2024-11-29 15:09:00+00:00,2024-11-29 16:08:00+00:00,long,20946.25,20945.25,20945.5,20920.5,20970.5,20995.5,21020.5,21045.5,80.47616789474736,high_probability,74.47616789474736,25.0,True,False,False,False,False,max_holding_time,20971.25,20971.0,25.5,0.0,25.5,1.02,36.75,10.0,1.47,0.4,60,59.0,1,2024-11-29,2.923599320882853,1.827676240208877,3.2458816351433804,strong_bullish,0.9874337623012868,0.7486741511123356,bullish,bullish,False,True,True,False,2025
72,61065,61066,61088,2024-12-02 14:30:00+00:00,2024-12-02 14:31:00+00:00,2024-12-02 14:53:00+00:00,long,21062.0,21062.0,21062.25,21037.25,21087.25,21112.25,21137.25,21162.25,73.09486020384666,near_trigger,42.094860203846665,25.0,True,True,True,True,False,tp4,21162.25,21162.0,99.75,0.0,99.75,3.99,100.75,5.25,4.03,0.21,23,22.0,4,2024-12-02,4.411378555798687,0.3190348525469169,1.0990654205607475,strong_bullish,13.61130576967998,1.4123835032055556,bullish,bullish,True,True,True,True,2025
73,61114,61115,61174,2024-12-02 15:19:00+00:00,2024-12-02 15:20:00+00:00,2024-12-02 16:19:00+00:00,long,21163.75,21164.0,21164.25,21139.25,21189.25,21214.25,21239.25,21264.25,82.0,high_probability,80.01483679525222,25.0,True,False,False,False,False,max_holding_time,21191.5,21191.25,27.0,0.0,27.0,1.08,39.5,23.25,1.58,0.93,60,59.0,1,2024-12-02,2.264094955489614,1.3714285714285714,5.12994980479643,partial_bullish,1.2991513977727378,1.5392279705922314,bullish,bullish,True,False,True,False,2025
74,62445,62446,62447,2024-12-03 14:30:00+00:00,2024-12-03 14:31:00+00:00,2024-12-03 14:32:00+00:00,short,21143.0,21143.5,21143.25,21168.25,21118.25,21093.25,21068.25,21043.25,76.96802419638462,near_trigger,-59.96802419638462,25.0,False,False,False,False,True,stop,21168.25,21168.5,-25.25,0.0,-25.25,-1.01,8.5,26.25,0.34,1.05,2,1.0,0,2024-12-03,2.1123595505617976,2.2371134020618557,2.537216828478964,strong_bearish,7.416937149601653,1.4733534969871749,bearish,bearish,True,True,False,True,2025
75,62452,62453,62454,2024-12-03 14:37:00+00:00,2024-12-03 14:38:00+00:00,2024-12-03 14:39:00+00:00,short,21167.0,21167.0,21166.75,21191.75,21141.75,21116.75,21091.75,21066.75,71.50355496706351,near_trigger,-53.50355496706351,25.0,False,False,False,False,True,stop,21191.75,21192.0,-25.25,0.0,-25.25,-1.01,1.0,28.5,0.04,1.14,2,1.0,0,2024-12-03,0.4165781083953241,1.0440251572327044,2.537216828478964,partial_bullish,1.7432457156796974,1.2584530853761624,bearish,bearish,True,True,False,False,2025
76,62495,62496,62510,2024-12-03 15:20:00+00:00,2024-12-03 15:21:00+00:00,2024-12-03 15:35:00+00:00,short,21188.5,21188.25,21188.0,21213.0,21163.0,21138.0,21113.0,21088.0,83.79830508474576,high_probability,-70.79830508474576,25.0,False,False,False,False,True,stop,21213.0,21213.25,-25.25,0.0,-25.25,-1.01,19.5,26.0,0.78,1.04,15,14.0,0,2024-12-03,2.368064952638701,0.4986301369863013,0.6569435637285986,partial_bullish,2.4489162339128474,2.416083088532168,bearish,bearish,False,True,True,False,2025
77,66587,66588,66598,2024-12-06 14:32:00+00:00,2024-12-06 14:33:00+00:00,2024-12-06 14:43:00+00:00,short,21518.5,21518.25,21518.0,21543.0,21493.0,21468.0,21443.0,21418.0,73.0,near_trigger,-67.05785721654391,25.0,False,False,False,False,True,stop,21543.0,21543.25,-25.25,0.0,-25.25,-1.01,4.75,29.5,0.19,1.18,11,10.0,0,2024-12-06,1.022354694485842,0.5165257494235204,0.6142384105960265,partial_bullish,3.036079761417461,0.7001975711559598,bearish,bearish,True,True,True,True,2025
78,67967,67968,68027,2024-12-09 14:32:00+00:00,2024-12-09 14:33:00+00:00,2024-12-09 15:32:00+00:00,short,21629.75,21630.75,21630.5,21655.5,21605.5,21580.5,21555.5,21530.5,73.0,near_trigger,-51.49987116161692,25.0,True,True,True,False,False,max_holding_time,21563.75,21564.0,66.5,0.0,66.5,2.66,85.5,18.5,3.42,0.74,60,59.0,3,2024-12-09,0.4361370716510904,0.4460176991150443,0.0910780669144981,partial_bullish,4.659022691799736,1.056960947873753,bearish,bearish,True,True,True,False,2025
79,69374,69375,69427,2024-12-10 14:59:00+00:00,2024-12-10 15:00:00+00:00,2024-12-10 15:52:00+00:00,long,21546.75,21546.5,21546.75,21521.75,21571.75,21596.75,21621.75,21646.75,72.9,near_trigger,35.900000000000006,25.0,True,True,False,False,True,stop,21521.75,21521.5,-25.25,0.0,-25.25,-1.01,60.0,26.75,2.4,1.07,53,52.0,2,2024-12-10,1.4670116429495472,0.3284457478005865,3.230769230769231,partial_bullish,1.499460440896867,2.814157585109461,bullish,bullish,True,True,False,False,2025
80,70730,70731,70762,2024-12-11 14:35:00+00:00,2024-12-11 14:36:00+00:00,2024-12-11 15:07:00+00:00,long,21619.25,21618.75,21619.0,21594.0,21644.0,21669.0,21694.0,21719.0,88.26417627737558,high_probability,75.26417627737558,25.0,True,True,True,True,False,tp4,21719.0,21718.75,99.75,0.0,99.75,3.99,101.5,24.5,4.06,0.98,32,31.0,4,2024-12-11,3.731895223420648,1.456910569105691,6.012539184952979,strong_bullish,2.047339816933638,0.9244355470168952,bullish,bullish,False,True,True,False,2025
81,70777,70778,70811,2024-12-11 15:22:00+00:00,2024-12-11 15:23:00+00:00,2024-12-11 15:56:00+00:00,long,21699.5,21699.75,21700.0,21675.0,21725.0,21750.0,21775.0,21800.0,71.0,near_trigger,51.44727215501439,25.0,True,False,False,False,True,stop,21675.0,21674.75,-25.25,0.0,-25.25,-1.01,29.0,26.25,1.16,1.05,34,33.0,1,2024-12-11,1.596662030598053,0.7741065407956844,6.054852320675106,partial_bullish,1.1168444785347371,1.176153817910338,bullish,bullish,True,True,True,True,2025
82,72106,72107,72158,2024-12-12 14:31:00+00:00,2024-12-12 14:32:00+00:00,2024-12-12 15:23:00+00:00,short,21671.25,21671.5,21671.25,21696.25,21646.25,21621.25,21596.25,21571.25,72.13878582568259,near_trigger,-41.13878582568259,25.0,True,False,False,False,True,stop,21696.25,21696.5,-25.25,0.0,-25.25,-1.01,46.5,29.75,1.86,1.19,52,51.0,1,2024-12-12,2.061818181818182,0.5322314049586777,0.7068575734740015,partial_bearish,4.743715865531395,0.8429275820082219,bearish,bearish,True,True,True,True,2025
83,73485,73486,73504,2024-12-13 14:30:00+00:00,2024-12-13 14:31:00+00:00,2024-12-13 14:49:00+00:00,long,21806.75,21805.75,21806.0,21781.0,21831.0,21856.0,21881.0,21906.0,90.88917674382394,a_plus_plus,77.88917674382394,25.0,True,True,True,True,False,tp4,21906.0,21905.75,99.75,0.0,99.75,3.99,102.0,10.0,4.08,0.4,19,18.0,4,2024-12-13,2.43585237258348,0.4840940525587828,2.237762237762238,partial_bearish,6.710493585871149,1.079110379665821,bullish,bullish,True,True,True,False,2025
84,74872,74873,74927,2024-12-16 14:37:00+00:00,2024-12-16 14:38:00+00:00,2024-12-16 15:32:00+00:00,long,21910.0,21910.5,21910.75,21885.75,21935.75,21960.75,21985.75,22010.75,72.12728392297358,near_trigger,58.127283922973575,25.0,True,True,True,True,False,tp4,22010.75,22010.5,99.75,0.0,99.75,3.99,102.0,13.75,4.08,0.55,55,54.0,4,2024-12-16,0.8923719958202716,1.9429312581063556,0.7631318136769079,partial_bullish,1.1360579410243146,0.4017857142857142,bullish,bullish,True,True,True,True,2025
85,76290,76291,76292,2024-12-17 15:15:00+00:00,2024-12-17 15:16:00+00:00,2024-12-17 15:17:00+00:00,short,22257.0,22257.0,22256.75,22281.75,22231.75,22206.75,22181.75,22156.75,73.28789174715166,near_trigger,-67.28789174715166,25.0,False,False,False,False,True,stop,22281.75,22282.0,-25.25,0.0,-25.25,-1.01,0.25,27.75,0.01,1.11,2,1.0,0,2024-12-17,1.945804195804196,1.7269035532994923,2.038967364831953,strong_bearish,1.1054775716246734,1.1900846144678825,bearish,bearish,False,True,True,False,2025
86,76295,76296,76314,2024-12-17 15:20:00+00:00,2024-12-17 15:21:00+00:00,2024-12-17 15:39:00+00:00,short,22251.75,22252.25,22252.0,22277.0,22227.0,22202.0,22177.0,22152.0,70.86636802827138,near_trigger,-68.86636802827138,25.0,False,False,False,False,True,stop,22277.0,22277.25,-25.25,0.0,-25.25,-1.01,7.75,36.0,0.31,1.44,19,18.0,0,2024-12-17,0.2670299727520436,1.9803536345776036,2.038967364831953,strong_bearish,1.093930401942271,1.2685343910709594,bearish,bearish,False,True,True,False,2025
87,77626,77627,77637,2024-12-18 14:31:00+00:00,2024-12-18 14:32:00+00:00,2024-12-18 14:42:00+00:00,short,22244.75,22244.75,22244.5,22269.5,22219.5,22194.5,22169.5,22144.5,72.56382059145281,near_trigger,-51.56382059145281,25.0,True,False,False,False,True,stop,22269.5,22269.75,-25.25,0.0,-25.25,-1.01,33.25,29.75,1.33,1.19,11,10.0,1,2024-12-18,3.2527472527472527,0.3555973659454374,3.796416938110749,strong_bearish,7.437893666131998,1.1365171595440062,bearish,bearish,True,True,False,False,2025
88,79013,79014,79016,2024-12-19 14:38:00+00:00,2024-12-19 14:39:00+00:00,2024-12-19 14:41:00+00:00,long,21607.75,21607.75,21608.0,21583.0,21633.0,21658.0,21683.0,21708.0,70.19541844838119,near_trigger,51.19541844838119,25.0,False,False,False,False,True,stop,21583.0,21582.75,-25.25,0.0,-25.25,-1.01,34.5,26.5,1.38,1.06,3,2.0,0,2024-12-19,2.7025045815516187,0.7008871989860583,0.0287769784172661,partial_bullish,2.200916757059379,1.795347509633224,bullish,bullish,True,True,False,False,2025
89,79048,79049,79050,2024-12-19 15:13:00+00:00,2024-12-19 15:14:00+00:00,2024-12-19 15:15:00+00:00,long,21637.25,21636.75,21637.0,21612.0,21662.0,21687.0,21712.0,21737.0,75.23213909378293,near_trigger,54.23213909378293,25.0,False,False,False,False,True,stop,21612.0,21611.75,-25.25,0.0,-25.25,-1.01,0.0,33.25,0.0,1.33,2,1.0,0,2024-12-19,3.0094836670179133,0.6387832699619772,1.2203516647961092,partial_bearish,1.2627413042522315,1.9001614568169185,bullish,bullish,True,True,False,False,2025
90,80388,80389,80391,2024-12-20 14:33:00+00:00,2024-12-20 14:34:00+00:00,2024-12-20 14:36:00+00:00,short,21193.75,21193.5,21193.25,21218.25,21168.25,21143.25,21118.25,21093.25,87.80679834134557,high_probability,-78.80679834134557,25.0,False,False,False,False,True,stop,21218.25,21218.5,-25.25,0.0,-25.25,-1.01,5.25,29.5,0.21,1.18,3,2.0,0,2024-12-20,0.8115942028985507,0.2196078431372549,2.504354136429608,partial_bullish,1.894626504971684,1.0271912861596748,bearish,bearish,True,True,True,False,2025
91,80393,80394,80394,2024-12-20 14:38:00+00:00,2024-12-20 14:39:00+00:00,2024-12-20 14:39:00+00:00,short,21252.75,21253.25,21253.0,21278.0,21228.0,21203.0,21178.0,21153.0,70.0,near_trigger,-47.49048913043478,25.0,False,False,False,False,True,stop,21278.0,21278.25,-25.25,0.0,-25.25,-1.01,0.25,56.25,0.01,2.25,1,0.0,0,2024-12-20,2.244565217391304,0.1700167504187604,2.504354136429608,partial_bullish,2.058395597903972,1.8770949720670391,bearish,bearish,False,True,True,False,2025
92,80395,80396,80405,2024-12-20 14:40:00+00:00,2024-12-20 14:41:00+00:00,2024-12-20 14:50:00+00:00,short,21285.5,21285.5,21285.25,21310.25,21260.25,21235.25,21210.25,21185.25,78.97308377896613,near_trigger,-74.97308377896613,25.0,True,True,True,True,False,tp4,21185.25,21185.5,99.75,0.0,99.75,3.99,125.0,11.25,5.0,0.45,10,9.0,4,2024-12-20,2.678550207961973,1.7860498735092158,2.504354136429608,strong_bullish,1.7027738408584734,1.761541610731865,bearish,bearish,True,True,True,False,2025
93,81765,81766,81766,2024-12-23 14:30:00+00:00,2024-12-23 14:31:00+00:00,2024-12-23 14:31:00+00:00,long,21654.25,21654.25,21654.5,21629.5,21679.5,21704.5,21729.5,21754.5,83.18916518650089,high_probability,74.18916518650089,25.0,False,False,False,False,True,stop,21629.5,21629.25,-25.25,0.0,-25.25,-1.01,3.0,37.0,0.12,1.48,1,0.0,0,2024-12-23,4.508474576271187,0.7512626262626263,0.725925925925926,partial_bullish,10.768833582898743,1.1576376554174068,bullish,bullish,False,True,True,True,2025
94,81807,81808,81867,2024-12-23 15:12:00+00:00,2024-12-23 15:13:00+00:00,2024-12-23 16:12:00+00:00,long,21535.25,21535.75,21536.0,21511.0,21561.0,21586.0,21611.0,21636.0,71.78972809667674,near_trigger,60.78972809667674,25.0,True,True,True,False,False,max_holding_time,21602.75,21602.5,66.5,0.0,66.5,2.66,81.75,18.0,3.27,0.72,60,59.0,3,2024-12-23,1.0855991943605237,2.0389329488103822,1.2866640594446617,partial_bearish,1.427114847811189,1.9102166836329468,bullish,bullish,True,False,False,False,2025
95,84308,84309,84309,2024-12-26 14:38:00+00:00,2024-12-26 14:39:00+00:00,2024-12-26 14:39:00+00:00,long,22007.25,22007.75,22008.0,21983.0,22033.0,22058.0,22083.0,22108.0,70.39437061799106,near_trigger,41.39437061799106,25.0,False,False,False,False,True,stop,21983.0,21982.75,-25.25,0.0,-25.25,-1.01,0.0,26.0,0.0,1.04,1,0.0,0,2024-12-26,2.091782283884738,1.1267345050878816,0.1402805611222445,strong_bullish,1.9237811208214577,1.0128293036798537,neutral,bullish,False,True,True,False,2025
96,85681,85682,85688,2024-12-27 14:31:00+00:00,2024-12-27 14:32:00+00:00,2024-12-27 14:38:00+00:00,short,21820.75,21820.75,21820.5,21845.5,21795.5,21770.5,21745.5,21720.5,86.43030284657593,high_probability,-73.43030284657593,25.0,True,True,True,True,False,tp4,21720.5,21720.75,99.75,0.0,99.75,3.99,100.25,4.75,4.01,0.19,7,6.0,4,2024-12-27,3.555555555555556,1.75,4.120524017467249,strong_bearish,5.515689216517711,1.0252523721466031,bearish,bearish,False,True,True,False,2025
97,85710,85711,85722,2024-12-27 15:00:00+00:00,2024-12-27 15:01:00+00:00,2024-12-27 15:12:00+00:00,short,21655.0,21655.25,21655.0,21680.0,21630.0,21605.0,21580.0,21555.0,87.6,high_probability,-52.6,25.0,True,True,True,True,False,tp4,21555.0,21555.25,99.75,0.0,99.75,3.99,102.5,6.75,4.1,0.27,12,11.0,4,2024-12-27,1.7937831690674757,2.138888888888889,5.829931972789115,strong_bearish,1.9973553190922888,2.093484023998884,bearish,bearish,False,True,True,False,2025
98,85726,85727,85732,2024-12-27 15:16:00+00:00,2024-12-27 15:17:00+00:00,2024-12-27 15:22:00+00:00,short,21547.75,21548.25,21548.0,21573.0,21523.0,21498.0,21473.0,21448.0,81.7333724340176,high_probability,-68.7333724340176,25.0,True,False,False,False,True,stop,21573.0,21573.25,-25.25,0.0,-25.25,-1.01,35.25,34.5,1.41,1.38,6,5.0,1,2024-12-27,0.656891495601173,3.0948957584471604,6.686646433990895,strong_bearish,0.9172499349087956,1.81207546028048,bearish,bearish,False,True,True,False,2025
99,85734,85735,85751,2024-12-27 15:24:00+00:00,2024-12-27 15:25:00+00:00,2024-12-27 15:41:00+00:00,short,21568.75,21569.0,21568.75,21593.75,21543.75,21518.75,21493.75,21468.75,88.75917243327214,high_probability,-71.75917243327214,25.0,True,True,False,False,True,stop,21593.75,21594.0,-25.25,0.0,-25.25,-1.01,63.75,26.75,2.55,1.07,17,16.0,2,2024-12-27,1.4246575342465753,3.390260173448966,6.686646433990895,partial_bearish,0.904132610190207,1.9887089186101212,bearish,bearish,True,True,True,False,2025
100,88484,88485,88532,2024-12-31 15:14:00+00:00,2024-12-31 15:15:00+00:00,2024-12-31 16:02:00+00:00,long,21384.0,21383.75,21384.0,21359.0,21409.0,21434.0,21459.0,21484.0,73.68039726239935,near_trigger,29.680397262399357,25.0,True,True,True,False,True,stop,21359.0,21358.75,-25.25,0.0,-25.25,-1.01,84.75,27.75,3.39,1.11,48,47.0,3,2024-12-31,1.2503259452411994,1.111467522052927,1.39020979020979,partial_bearish,0.9482256551996446,1.333666541713524,neutral,bullish,True,False,True,False,2025
101,89836,89837,89843,2025-01-02 14:46:00+00:00,2025-01-02 14:47:00+00:00,2025-01-02 14:53:00+00:00,long,21240.75,21241.25,21241.5,21216.5,21266.5,21291.5,21316.5,21341.5,93.30509451161832,a_plus_plus,93.30509451161832,25.0,True,True,True,True,False,tp4,21341.5,21341.25,99.75,0.0,99.75,3.99,116.5,5.25,4.66,0.21,7,6.0,4,2025-01-02,1.1230628988149498,3.408196721311476,3.857336037863421,partial_bearish,1.2778568206267134,1.791869823752105,bullish,bullish,True,False,True,False,2025
102,89844,89845,89870,2025-01-02 14:54:00+00:00,2025-01-02 14:55:00+00:00,2025-01-02 15:20:00+00:00,long,21379.5,21379.25,21379.5,21354.5,21404.5,21429.5,21454.5,21479.5,92.46684378320936,a_plus_plus,79.46684378320936,25.0,True,True,False,False,True,stop,21354.5,21354.25,-25.25,0.0,-25.25,-1.01,64.5,66.0,2.58,2.64,26,25.0,2,2025-01-02,2.268862911795962,1.1542689629901064,3.857336037863421,partial_bearish,1.1116995555964908,2.14964714263452,bullish,bullish,True,True,True,False,2025
103,91200,91201,91209,2025-01-03 14:30:00+00:00,2025-01-03 14:31:00+00:00,2025-01-03 14:39:00+00:00,long,21311.25,21310.25,21310.5,21285.5,21335.5,21360.5,21385.5,21410.5,90.42254592397468,a_plus_plus,81.42254592397467,25.0,True,True,True,True,False,tp4,21410.5,21410.25,99.75,0.0,99.75,3.99,107.0,1.0,4.28,0.04,9,8.0,4,2025-01-03,1.7414075286415711,3.54375,1.5971830985915492,strong_bullish,8.473182763456983,1.0187882699788915,bullish,bullish,True,True,True,False,2025
104,91210,91211,91217,2025-01-03 14:40:00+00:00,2025-01-03 14:41:00+00:00,2025-01-03 14:47:00+00:00,long,21410.75,21410.75,21411.0,21386.0,21436.0,21461.0,21486.0,21511.0,72.0,near_trigger,70.60503203221339,25.0,False,False,False,False,True,stop,21386.0,21385.75,-25.25,0.0,-25.25,-1.01,23.5,46.0,0.94,1.84,7,6.0,0,2025-01-03,3.322720694645441,5.331269349845201,1.5971830985915492,strong_bullish,1.9896981445582944,1.480852467125603,bullish,bullish,False,True,True,False,2025
105,91221,91222,91230,2025-01-03 14:51:00+00:00,2025-01-03 14:52:00+00:00,2025-01-03 15:00:00+00:00,long,21318.0,21318.0,21318.25,21293.25,21343.25,21368.25,21393.25,21418.25,74.0,near_trigger,18.0,25.0,True,True,True,True,False,tp4,21418.25,21418.0,99.75,0.0,99.75,3.99,111.75,1.0,4.47,0.04,9,8.0,4,2025-01-03,3.162372678250449,2.365902293120638,4.762589928057554,partial_bullish,1.957150211872797,2.9547991071428568,bullish,bullish,False,False,True,True,2025
106,93967,93968,93969,2025-01-07 14:37:00+00:00,2025-01-07 14:38:00+00:00,2025-01-07 14:39:00+00:00,long,21735.75,21736.0,21736.25,21711.25,21761.25,21786.25,21811.25,21836.25,72.92132483132482,near_trigger,68.92132483132482,25.0,False,False,False,False,True,stop,21711.25,21711.0,-25.25,0.0,-25.25,-1.01,11.75,41.25,0.47,1.65,2,1.0,0,2025-01-07,2.6906906906906904,2.199604743083004,1.7184466019417477,partial_bearish,2.2300102745992203,1.286038961038961,bullish,bullish,True,True,False,False,2025
107,93974,93975,93986,2025-01-07 14:44:00+00:00,2025-01-07 14:45:00+00:00,2025-01-07 14:56:00+00:00,long,21765.75,21765.75,21766.0,21741.0,21791.0,21816.0,21841.0,21866.0,74.42671480144405,near_trigger,57.42671480144405,25.0,True,False,False,False,True,stop,21741.0,21740.75,-25.25,0.0,-25.25,-1.01,29.0,32.5,1.16,1.3,12,11.0,1,2025-01-07,2.577617328519856,4.145973154362416,1.7184466019417477,partial_bullish,1.3692597669636737,1.5254075516359331,bullish,bullish,True,False,False,False,2025
108,93991,93992,93993,2025-01-07 15:01:00+00:00,2025-01-07 15:02:00+00:00,2025-01-07 15:03:00+00:00,short,21622.25,21622.5,21622.25,21647.25,21597.25,21572.25,21547.25,21522.25,74.16213468869122,near_trigger,-41.162134688691225,25.0,False,False,False,False,True,stop,21647.25,21647.5,-25.25,0.0,-25.25,-1.01,23.5,27.25,0.94,1.09,2,1.0,0,2025-01-07,3.993646759847522,1.1476655808903364,1.0669902912621358,strong_bearish,2.662571136033526,3.157419172666949,neutral,neutral,True,True,True,True,2025
109,95352,95353,95354,2025-01-08 14:42:00+00:00,2025-01-08 14:43:00+00:00,2025-01-08 14:44:00+00:00,short,21333.25,21333.75,21333.5,21358.5,21308.5,21283.5,21258.5,21233.5,71.0,near_trigger,-46.78784665762112,25.0,True,False,False,False,True,stop,21358.5,21358.75,-25.25,0.0,-25.25,-1.01,26.25,26.5,1.05,1.06,2,1.0,1,2025-01-08,0.0291060291060291,0.9909738717339668,0.7376425855513308,partial_bullish,1.5502678700709491,1.368928894116845,bearish,bearish,True,True,True,False,2025
110,95383,95384,95388,2025-01-08 15:13:00+00:00,2025-01-08 15:14:00+00:00,2025-01-08 15:18:00+00:00,short,21258.0,21257.25,21257.0,21282.0,21232.0,21207.0,21182.0,21157.0,74.15714285714286,near_trigger,-53.15714285714286,25.0,True,False,False,False,True,stop,21282.0,21282.25,-25.25,0.0,-25.25,-1.01,25.75,27.25,1.03,1.09,5,4.0,1,2025-01-08,2.9761904761904763,0.0784588441330998,0.2442452144414829,partial_bearish,1.3127389031905763,1.7994011976047903,bearish,bearish,True,True,False,False,2025
111,97650,97651,97653,2025-01-10 14:30:00+00:00,2025-01-10 14:31:00+00:00,2025-01-10 14:33:00+00:00,short,21159.5,21159.0,21158.75,21180.0,21133.75,21108.75,21083.75,21058.75,71.70146943302066,near_trigger,-62.70146943302066,21.25,True,False,False,False,True,stop,21180.0,21180.25,-21.5,0.0,-21.5,-1.011764705882353,44.75,29.25,2.1058823529411765,1.376470588235294,3,2.0,1,2025-01-10,0.465804066543438,0.4891368173810922,1.809495896834701,partial_bearish,3.5621223952981795,1.0012245275172127,bearish,bearish,True,True,False,False,2025
112,97655,97656,97667,2025-01-10 14:35:00+00:00,2025-01-10 14:36:00+00:00,2025-01-10 14:47:00+00:00,short,21146.75,21147.25,21147.0,21172.0,21122.0,21097.0,21072.0,21047.0,71.46030627186755,near_trigger,-55.46030627186755,25.0,True,True,True,True,False,tp4,21047.0,21047.25,99.75,0.0,99.75,3.99,113.25,22.25,4.53,0.89,12,11.0,4,2025-01-10,0.4073017683970337,0.1499588025267783,1.809495896834701,strong_bearish,2.3575317180307955,1.4486199346757116,bearish,neutral,True,True,True,False,2025
113,97680,97681,97691,2025-01-10 15:00:00+00:00,2025-01-10 15:01:00+00:00,2025-01-10 15:11:00+00:00,short,20979.0,20979.0,20978.75,21003.75,20953.75,20928.75,20903.75,20878.75,72.6,near_trigger,-51.6,25.0,True,True,True,True,False,tp4,20878.75,20879.0,99.75,0.0,99.75,3.99,104.0,5.5,4.16,0.22,11,10.0,4,2025-01-10,1.7030411449016098,1.7935323383084576,0.9435897435897436,strong_bearish,1.6288847187440745,1.9202811972466105,bearish,bearish,True,True,True,False,2025
114,99031,99032,99032,2025-01-13 14:31:00+00:00,2025-01-13 14:32:00+00:00,2025-01-13 14:32:00+00:00,short,20760.0,20759.5,20759.25,20784.25,20734.25,20709.25,20684.25,20659.25,70.03834329369332,near_trigger,-61.03834329369332,25.0,False,False,False,False,True,stop,20784.25,20784.5,-25.25,0.0,-25.25,-1.01,0.75,26.75,0.03,1.07,1,0.0,0,2025-01-13,0.8479381443298969,0.6923636363636364,1.1959489211800969,strong_bearish,5.006277541173285,1.2003376244695103,bearish,neutral,False,True,True,True,2025
115,99035,99036,99043,2025-01-13 14:35:00+00:00,2025-01-13 14:36:00+00:00,2025-01-13 14:43:00+00:00,short,20744.75,20745.25,20745.0,20770.0,20720.0,20695.0,20670.0,20645.0,82.09925555106277,high_probability,-73.09925555106277,25.0,True,False,False,False,True,stop,20770.0,20770.25,-25.25,0.0,-25.25,-1.01,43.5,31.75,1.74,1.27,8,7.0,1,2025-01-13,1.4751219512195124,0.7953456536618754,1.1959489211800969,strong_bearish,2.4109242426325994,1.212062552714904,bearish,bearish,False,True,True,False,2025
116,99044,99045,99054,2025-01-13 14:44:00+00:00,2025-01-13 14:45:00+00:00,2025-01-13 14:54:00+00:00,short,20781.5,20781.0,20780.75,20805.75,20755.75,20730.75,20705.75,20680.75,70.0,near_trigger,-46.06259087904824,25.0,True,False,False,False,True,stop,20805.75,20806.0,-25.25,0.0,-25.25,-1.01,44.25,45.25,1.77,1.81,10,9.0,1,2025-01-13,2.06345009914078,1.9098660170523751,1.1959489211800969,partial_bearish,1.4344868382135465,1.6925345268319067,bearish,bearish,False,True,True,False,2025
117,99074,99075,99080,2025-01-13 15:14:00+00:00,2025-01-13 15:15:00+00:00,2025-01-13 15:20:00+00:00,short,20772.75,20773.0,20772.75,20797.75,20747.75,20722.75,20697.75,20672.75,76.95488565590864,near_trigger,-52.95488565590864,25.0,False,False,False,False,True,stop,20797.75,20798.0,-25.25,0.0,-25.25,-1.01,17.75,41.75,0.71,1.67,6,5.0,0,2025-01-13,1.2513966480446927,0.4215877982010168,0.4221105527638191,partial_bearish,0.6534787908713565,0.8776747318791772,bearish,bearish,True,True,True,False,2025
118,99084,99085,99091,2025-01-13 15:24:00+00:00,2025-01-13 15:25:00+00:00,2025-01-13 15:31:00+00:00,short,20749.75,20750.25,20750.0,20775.0,20725.0,20700.0,20675.0,20650.0,83.65,high_probability,-62.650000000000006,25.0,True,False,False,False,True,stop,20775.0,20775.25,-25.25,0.0,-25.25,-1.01,36.0,27.0,1.44,1.08,7,6.0,1,2025-01-13,1.8387681159420288,0.5017341040462427,0.6819085487077534,strong_bearish,1.5039376442381085,1.827307046064547,bearish,bearish,False,True,True,False,2025
119,100410,100411,100414,2025-01-14 14:30:00+00:00,2025-01-14 14:31:00+00:00,2025-01-14 14:34:00+00:00,short,21046.0,21045.5,21045.25,21070.25,21020.25,20995.25,20970.25,20945.25,73.5179272110993,near_trigger,-71.5179272110993,25.0,True,False,False,False,True,stop,21070.25,21070.5,-25.25,0.0,-25.25,-1.01,27.25,32.75,1.09,1.31,4,3.0,1,2025-01-14,2.0592930444697832,0.6419457735247209,1.950513894175866,partial_bullish,5.3417663141944205,0.9316060092494184,bearish,bearish,True,True,False,False,2025
120,100427,100428,100451,2025-01-14 14:47:00+00:00,2025-01-14 14:48:00+00:00,2025-01-14 15:11:00+00:00,short,21056.5,21056.75,21056.5,21081.5,21031.5,21006.5,20981.5,20956.5,95.78232656291216,a_plus_plus,-78.78232656291216,25.0,True,True,True,False,True,stop,21081.5,21081.75,-25.25,0.0,-25.25,-1.01,90.75,37.25,3.63,1.49,24,23.0,3,2025-01-14,2.2600896860986546,0.9362267493356954,2.7671691792294806,partial_bullish,1.749469625470884,1.8170241286863271,bearish,bearish,True,True,True,False,2025
121,101790,101791,101797,2025-01-15 14:30:00+00:00,2025-01-15 14:31:00+00:00,2025-01-15 14:37:00+00:00,long,21237.0,21236.5,21236.75,21211.75,21261.75,21286.75,21311.75,21336.75,74.0,near_trigger,45.99396023059688,25.0,True,False,False,False,True,stop,21211.75,21211.5,-25.25,0.0,-25.25,-1.01,48.25,33.0,1.93,1.32,7,6.0,1,2025-01-15,2.4131812420785805,0.9449294828744124,4.702807357212004,partial_bearish,5.718837962717085,1.2344164665287196,bullish,bullish,False,True,True,False,2025
122,101798,101799,101807,2025-01-15 14:38:00+00:00,2025-01-15 14:39:00+00:00,2025-01-15 14:47:00+00:00,long,21226.75,21226.5,21226.75,21201.75,21251.75,21276.75,21301.75,21326.75,70.22741935483872,near_trigger,70.22741935483872,25.0,True,True,True,True,False,tp4,21326.75,21326.5,99.75,0.0,99.75,3.99,101.0,4.75,4.04,0.19,9,8.0,4,2025-01-15,1.5994623655913978,0.1557533375715193,4.702807357212004,partial_bearish,2.821527455943341,1.760954047880388,bullish,bullish,True,True,False,False,2025
123,104550,104551,104551,2025-01-17 14:30:00+00:00,2025-01-17 14:31:00+00:00,2025-01-17 14:31:00+00:00,long,21599.25,21598.5,21598.75,21573.75,21623.75,21648.75,21673.75,21698.75,78.0,near_trigger,73.1,25.0,False,False,False,False,True,stop,21573.75,21573.5,-25.25,0.0,-25.25,-1.01,11.25,35.0,0.45,1.4,1,0.0,0,2025-01-17,0.3584637268847795,2.03425012973534,5.791213571117877,partial_bullish,4.72866884419231,1.8681834903925063,bullish,bullish,True,True,True,False,2025
124,104552,104553,104553,2025-01-17 14:32:00+00:00,2025-01-17 14:33:00+00:00,2025-01-17 14:33:00+00:00,long,21587.5,21587.5,21587.75,21562.75,21612.75,21637.75,21662.75,21687.75,87.50874608338408,high_probability,87.50874608338408,25.0,False,False,False,False,True,stop,21562.75,21562.5,-25.25,0.0,-25.25,-1.01,4.0,32.75,0.16,1.31,1,0.0,0,2025-01-17,2.466321243523316,2.03425012973534,5.791213571117877,partial_bullish,1.9268107421935965,1.1538341713865574,bullish,bullish,True,True,True,False,2025
125,104554,104555,104558,2025-01-17 14:34:00+00:00,2025-01-17 14:35:00+00:00,2025-01-17 14:38:00+00:00,long,21556.0,21556.25,21556.5,21531.5,21581.5,21606.5,21631.5,21656.5,82.0,high_probability,55.94495078381334,25.0,True,False,False,False,True,stop,21531.5,21531.25,-25.25,0.0,-25.25,-1.01,30.5,25.75,1.22,1.03,4,3.0,1,2025-01-17,2.9940758293838865,2.03425012973534,5.791213571117877,partial_bullish,2.30818239737872,1.7766693055156615,bullish,bullish,True,True,True,False,2025
126,104587,104588,104589,2025-01-17 15:07:00+00:00,2025-01-17 15:08:00+00:00,2025-01-17 15:09:00+00:00,long,21571.5,21571.75,21572.0,21547.0,21597.0,21622.0,21647.0,21672.0,71.98388757638159,near_trigger,62.98388757638159,25.0,False,False,False,False,True,stop,21547.0,21546.75,-25.25,0.0,-25.25,-1.01,4.0,35.5,0.16,1.42,2,1.0,0,2025-01-17,1.77,0.3745343718252624,0.0266666666666666,strong_bullish,0.7298883269301205,0.8146189573294832,bullish,bullish,True,True,True,True,2025
127,104609,104610,104665,2025-01-17 15:29:00+00:00,2025-01-17 15:30:00+00:00,2025-01-17 16:25:00+00:00,long,21528.0,21528.25,21528.5,21503.5,21553.5,21578.5,21603.5,21628.5,77.6347317929839,near_trigger,66.6347317929839,25.0,True,True,True,True,False,tp4,21628.5,21628.25,99.75,0.0,99.75,3.99,102.0,13.0,4.08,0.52,56,55.0,4,2025-01-17,0.2983257229832572,0.2661596958174905,0.2718446601941747,strong_bullish,1.0451272833759129,1.2709522932400077,bullish,bullish,True,True,True,True,2025
128,107087,107088,107093,2025-01-21 14:47:00+00:00,2025-01-21 14:48:00+00:00,2025-01-21 14:53:00+00:00,long,21652.25,21652.25,21652.5,21627.5,21677.5,21702.5,21727.5,21752.5,76.32342156687538,near_trigger,70.32342156687538,25.0,False,False,False,False,True,stop,21627.5,21627.25,-25.25,0.0,-25.25,-1.01,23.75,58.5,0.95,2.34,6,5.0,0,2025-01-21,1.3315472203616878,3.8947368421052633,2.077511473737889,partial_bearish,1.1525209559282688,1.1894219688239218,bullish,bullish,False,True,True,False,2025
129,107094,107095,107112,2025-01-21 14:54:00+00:00,2025-01-21 14:55:00+00:00,2025-01-21 15:12:00+00:00,long,21583.75,21583.75,21584.0,21559.0,21609.0,21634.0,21659.0,21684.0,78.0,near_trigger,51.42979858891636,25.0,True,True,False,False,True,stop,21559.0,21558.75,-25.25,0.0,-25.25,-1.01,52.75,45.25,2.11,1.81,18,17.0,2,2025-01-21,2.2851941747572817,1.83366077275704,2.077511473737889,strong_bearish,1.8022509952255623,2.248995321125901,bullish,bullish,True,True,True,False,2025
130,108451,108452,108456,2025-01-22 14:31:00+00:00,2025-01-22 14:32:00+00:00,2025-01-22 14:36:00+00:00,long,21953.0,21952.75,21953.0,21928.0,21978.0,22003.0,22028.0,22053.0,72.0,near_trigger,33.0,25.0,True,False,False,False,True,stop,21928.0,21927.75,-25.25,0.0,-25.25,-1.01,29.0,26.75,1.16,1.07,5,4.0,1,2025-01-22,4.22940226171244,0.8149253731343284,0.2213438735177865,partial_bearish,9.90399707975908,1.5314796626816134,bullish,bullish,True,True,True,False,2025
131,108457,108458,108517,2025-01-22 14:37:00+00:00,2025-01-22 14:38:00+00:00,2025-01-22 15:37:00+00:00,long,21949.75,21950.25,21950.5,21925.5,21975.5,22000.5,22025.5,22050.5,74.17740628133046,near_trigger,65.17740628133046,25.0,True,True,True,False,False,max_holding_time,22039.25,22039.0,88.5,0.0,88.5,3.54,91.0,20.0,3.64,0.8,60,59.0,3,2025-01-22,1.3252108716026243,2.7106382978723405,0.2213438735177865,partial_bearish,1.9647366889729416,1.115029985997728,bullish,bullish,False,True,True,False,2025
132,109830,109831,109833,2025-01-23 14:30:00+00:00,2025-01-23 14:31:00+00:00,2025-01-23 14:33:00+00:00,short,21868.0,21868.0,21867.75,21891.0,21842.75,21817.75,21792.75,21767.75,71.32564105505904,near_trigger,-50.32564105505904,23.25,False,False,False,False,True,stop,21891.0,21891.25,-23.5,0.0,-23.5,-1.010752688172043,1.75,29.75,0.075268817204301,1.2795698924731185,3,2.0,0,2025-01-23,2.574712643678161,0.5614489003880984,0.2259887005649717,partial_bearish,10.7036721869477,0.9380342125491904,bearish,bearish,True,True,True,False,2025
133,109834,109835,109894,2025-01-23 14:34:00+00:00,2025-01-23 14:35:00+00:00,2025-01-23 15:34:00+00:00,short,21897.75,21897.25,21897.0,21922.0,21872.0,21847.0,21822.0,21797.0,73.0,near_trigger,-66.35855325143396,25.0,True,False,False,False,True,stop,21922.0,21922.25,-25.25,0.0,-25.25,-1.01,29.75,27.0,1.19,1.08,60,59.0,1,2025-01-23,0.7685459940652819,0.5614489003880984,0.2259887005649717,partial_bullish,2.9465177306611547,0.884440045170015,bearish,bearish,True,True,True,False,2025
134,111228,111229,111242,2025-01-24 14:48:00+00:00,2025-01-24 14:49:00+00:00,2025-01-24 15:02:00+00:00,long,22065.25,22065.25,22065.5,22040.5,22090.5,22115.5,22140.5,22165.5,78.94176794405678,near_trigger,76.94176794405678,25.0,False,False,False,False,True,stop,22040.5,22040.25,-25.25,0.0,-25.25,-1.01,12.5,33.75,0.5,1.35,14,13.0,0,2025-01-24,2.413793103448276,1.042857142857143,0.5201938610662359,partial_bullish,1.0358784386362077,0.9814515408301716,bullish,bullish,True,True,True,True,2025
135,111243,111244,111255,2025-01-24 15:03:00+00:00,2025-01-24 15:04:00+00:00,2025-01-24 15:15:00+00:00,long,22030.25,22030.5,22030.75,22005.75,22055.75,22080.75,22105.75,22130.75,71.0,near_trigger,36.61343561192914,25.0,False,False,False,False,True,stop,22005.75,22005.5,-25.25,0.0,-25.25,-1.01,7.25,27.5,0.29,1.1,12,11.0,0,2025-01-24,1.6752136752136753,1.7305863708399367,2.3095930232558137,partial_bullish,1.435765673175745,1.2708549387769954,bullish,bullish,True,False,True,False,2025
136,112624,112625,112627,2025-01-27 15:04:00+00:00,2025-01-27 15:05:00+00:00,2025-01-27 15:07:00+00:00,short,21277.0,21277.25,21277.0,21302.0,21252.0,21227.0,21202.0,21177.0,81.51719174088898,high_probability,-65.51719174088898,25.0,False,False,False,False,True,stop,21302.0,21302.25,-25.25,0.0,-25.25,-1.01,8.0,51.0,0.32,2.04,3,2.0,0,2025-01-27,2.297872340425532,1.9074681238615665,2.7176887987835787,partial_bullish,1.1817827819617397,1.3676065925847802,bearish,bearish,False,True,True,False,2025
137,113991,113992,114001,2025-01-28 14:51:00+00:00,2025-01-28 14:52:00+00:00,2025-01-28 15:01:00+00:00,long,21236.5,21236.25,21236.5,21211.5,21261.5,21286.5,21311.5,21336.5,85.0,high_probability,54.0,25.0,True,True,True,True,False,tp4,21336.5,21336.25,99.75,0.0,99.75,3.99,104.5,4.75,4.18,0.19,10,9.0,4,2025-01-28,1.9947229551451189,2.4311827956989247,3.227368421052631,partial_bearish,1.0901087064691175,1.5742400162310215,bullish,bullish,True,True,True,False,2025
138,114013,114014,114028,2025-01-28 15:13:00+00:00,2025-01-28 15:14:00+00:00,2025-01-28 15:28:00+00:00,long,21373.25,21373.5,21373.75,21348.75,21398.75,21423.75,21448.75,21473.75,81.94189781021898,high_probability,60.941897810218975,25.0,True,True,True,True,False,tp4,21473.75,21473.5,99.75,0.0,99.75,3.99,102.5,14.75,4.1,0.59,15,14.0,4,2025-01-28,1.5737226277372265,2.9774257425742574,0.0703075957313245,partial_bullish,1.3858423086409604,1.7755119238223644,bullish,bullish,False,True,True,False,2025
139,115361,115362,115373,2025-01-29 14:41:00+00:00,2025-01-29 14:42:00+00:00,2025-01-29 14:53:00+00:00,short,21520.75,21521.0,21520.75,21545.75,21495.75,21470.75,21445.75,21420.75,81.43245272239214,high_probability,-72.43245272239214,25.0,True,False,False,False,True,stop,21545.75,21546.0,-25.25,0.0,-25.25,-1.01,26.75,29.25,1.07,1.17,12,11.0,1,2025-01-29,1.419984973703982,2.501358695652174,0.1404682274247491,strong_bearish,2.1666068305789428,1.4023882879438685,bearish,bearish,False,True,True,False,2025
140,115392,115393,115394,2025-01-29 15:12:00+00:00,2025-01-29 15:13:00+00:00,2025-01-29 15:14:00+00:00,short,21511.25,21511.75,21511.5,21536.5,21486.5,21461.5,21436.5,21411.5,74.08163816381638,near_trigger,-61.08163816381638,25.0,False,False,False,False,True,stop,21536.5,21536.75,-25.25,0.0,-25.25,-1.01,3.5,28.5,0.14,1.14,2,1.0,0,2025-01-29,2.0414041404140413,1.3178137651821862,1.5800887136520454,partial_bearish,1.997827540106952,1.6395662795182788,bearish,bearish,True,True,True,True,2025
141,115406,115407,115413,2025-01-29 15:26:00+00:00,2025-01-29 15:27:00+00:00,2025-01-29 15:33:00+00:00,short,21497.5,21497.0,21496.75,21521.75,21471.75,21446.75,21421.75,21396.75,81.82293315910573,high_probability,-68.82293315910573,25.0,False,False,False,False,True,stop,21521.75,21522.0,-25.25,0.0,-25.25,-1.01,16.25,30.25,0.65,1.21,7,6.0,0,2025-01-29,2.4111812443642924,0.171104321257093,1.6896551724137931,partial_bearish,1.6292781795568658,1.4464926540502407,bearish,bearish,False,True,True,False,2025
142,116735,116736,116737,2025-01-30 14:35:00+00:00,2025-01-30 14:36:00+00:00,2025-01-30 14:37:00+00:00,short,21602.25,21602.25,21602.0,21627.0,21577.0,21552.0,21527.0,21502.0,87.30874736662048,high_probability,-79.30874736662048,25.0,False,False,False,False,True,stop,21627.0,21627.25,-25.25,0.0,-25.25,-1.01,1.75,25.5,0.07,1.02,2,1.0,0,2025-01-30,1.63986013986014,1.1544715447154472,0.2007648183556405,partial_bearish,2.9427538415185297,1.1981402880345444,bearish,bearish,True,True,True,True,2025
143,116758,116759,116764,2025-01-30 14:58:00+00:00,2025-01-30 14:59:00+00:00,2025-01-30 15:04:00+00:00,short,21665.5,21665.0,21664.75,21689.75,21639.75,21614.75,21589.75,21564.75,70.4,near_trigger,-62.400000000000006,25.0,True,True,True,True,False,tp4,21564.75,21565.0,99.75,0.0,99.75,3.99,101.0,13.25,4.04,0.53,6,5.0,4,2025-01-30,0.9549929676511956,1.4423498465585272,0.2809991079393399,partial_bullish,1.184316382267011,1.9902279357700243,bearish,bearish,True,True,False,False,2025
144,116779,116780,116784,2025-01-30 15:19:00+00:00,2025-01-30 15:20:00+00:00,2025-01-30 15:24:00+00:00,short,21573.5,21573.75,21573.5,21598.5,21548.5,21523.5,21498.5,21473.5,75.26523772408417,near_trigger,-54.26523772408417,25.0,True,False,False,False,True,stop,21598.5,21598.75,-25.25,0.0,-25.25,-1.01,25.75,31.25,1.03,1.25,5,4.0,1,2025-01-30,1.0038971161340609,2.630016863406408,1.352112676056338,strong_bearish,0.9145228909285904,1.6522811344019728,bearish,neutral,True,False,True,False,2025
145,116789,116790,116795,2025-01-30 15:29:00+00:00,2025-01-30 15:30:00+00:00,2025-01-30 15:35:00+00:00,short,21532.0,21532.0,21531.75,21556.75,21506.75,21481.75,21456.75,21431.75,83.0,high_probability,-82.0,25.0,True,False,False,False,True,stop,21556.75,21557.0,-25.25,0.0,-25.25,-1.01,29.75,38.5,1.19,1.54,6,5.0,1,2025-01-30,2.8327246165084,1.2449297971918878,1.352112676056338,strong_bearish,2.006008178356492,2.311735828084476,bearish,bearish,False,True,True,False,2025
146,122251,122252,122254,2025-02-05 14:31:00+00:00,2025-02-05 14:32:00+00:00,2025-02-05 14:34:00+00:00,short,21534.25,21534.75,21534.5,21559.5,21509.5,21484.5,21459.5,21434.5,71.60723510562697,near_trigger,-32.60723510562697,25.0,False,False,False,False,True,stop,21559.5,21559.75,-25.25,0.0,-25.25,-1.01,15.5,28.25,0.62,1.13,3,2.0,0,2025-02-05,0.7692307692307693,1.6227897838899803,1.7697516930022572,partial_bullish,5.325865173034607,0.653465152125038,bearish,bearish,True,True,True,False,2025
147,122259,122260,122280,2025-02-05 14:39:00+00:00,2025-02-05 14:40:00+00:00,2025-02-05 15:00:00+00:00,short,21568.5,21568.75,21568.5,21593.5,21543.5,21518.5,21493.5,21468.5,74.11158330062935,near_trigger,-55.11158330062935,25.0,True,False,False,False,True,stop,21593.5,21593.75,-25.25,0.0,-25.25,-1.01,35.0,40.5,1.4,1.62,21,20.0,1,2025-02-05,1.362704918032787,0.7805755395683454,1.7697516930022572,strong_bullish,2.1899328293190186,1.026046193147402,bearish,bearish,True,True,True,False,2025
148,123680,123681,123740,2025-02-06 15:20:00+00:00,2025-02-06 15:21:00+00:00,2025-02-06 16:20:00+00:00,short,21824.75,21825.25,21825.0,21846.5,21800.0,21775.0,21750.0,21725.0,71.77622541257162,near_trigger,-71.77622541257162,21.5,True,True,True,False,False,max_holding_time,21802.25,21802.5,22.5,0.0,22.5,1.0465116279069768,84.75,15.0,3.941860465116279,0.6976744186046512,60,59.0,3,2025-02-06,1.1989459815546772,1.0699481865284974,1.7933261571582346,partial_bullish,1.4746490312101173,1.359518232091476,bearish,bearish,True,False,True,False,2025
149,125010,125011,125040,2025-02-07 14:30:00+00:00,2025-02-07 14:31:00+00:00,2025-02-07 15:00:00+00:00,long,21898.25,21898.25,21898.5,21873.5,21923.5,21948.5,21973.5,21998.5,71.38108237682958,near_trigger,50.38108237682958,25.0,True,True,False,False,True,stop,21873.5,21873.25,-25.25,0.0,-25.25,-1.01,69.25,121.0,2.77,4.84,30,29.0,2,2025-02-07,1.7738791423001947,0.2437608821822403,1.066132264529058,strong_bullish,9.79181864092924,0.984235314024648,bullish,bullish,True,True,True,False,2025
150,125046,125047,125047,2025-02-07 15:06:00+00:00,2025-02-07 15:07:00+00:00,2025-02-07 15:07:00+00:00,long,21789.5,21789.25,21789.5,21764.5,21814.5,21839.5,21864.5,21889.5,70.03823529411764,near_trigger,70.03823529411764,25.0,False,False,False,False,True,stop,21764.5,21764.25,-25.25,0.0,-25.25,-1.01,1.75,29.75,0.07,1.19,1,0.0,0,2025-02-07,0.830392156862745,5.01948051948052,0.6490971205466081,partial_bearish,1.7651547635486238,2.087064120851737,bullish,bullish,True,False,False,False,2025
151,125058,125059,125093,2025-02-07 15:18:00+00:00,2025-02-07 15:19:00+00:00,2025-02-07 15:53:00+00:00,long,21738.25,21738.25,21738.5,21713.5,21763.5,21788.5,21813.5,21838.5,94.48126834997063,a_plus_plus,59.48126834997064,25.0,True,True,False,False,True,stop,21713.5,21713.25,-25.25,0.0,-25.25,-1.01,65.75,101.5,2.63,4.06,35,34.0,2,2025-02-07,1.4057545507927187,4.874112812850205,3.1253071253071254,partial_bearish,0.8370157494102984,2.0862376606205317,bullish,bullish,True,True,True,False,2025
152,126411,126412,126442,2025-02-10 14:51:00+00:00,2025-02-10 14:52:00+00:00,2025-02-10 15:22:00+00:00,long,21758.5,21758.25,21758.5,21733.5,21783.5,21808.5,21833.5,21858.5,71.0,near_trigger,47.54209371434126,25.0,True,True,True,True,False,tp4,21858.5,21858.25,99.75,0.0,99.75,3.99,106.25,5.5,4.25,0.22,31,30.0,4,2025-02-10,2.5983772819472617,0.5427312775330396,1.8682634730538925,partial_bullish,1.1409722492507686,1.1447594501718212,bullish,bullish,True,False,True,False,2025
153,127828,127829,127888,2025-02-11 15:28:00+00:00,2025-02-11 15:29:00+00:00,2025-02-11 16:28:00+00:00,long,21840.5,21840.5,21840.75,21815.75,21865.75,21890.75,21915.75,21940.75,76.6,near_trigger,33.599999999999994,25.0,True,False,False,False,False,max_holding_time,21826.25,21826.0,-14.75,0.0,-14.75,-0.59,30.5,20.25,1.22,0.81,60,59.0,1,2025-02-11,2.6348314606741576,1.0652173913043477,3.642633228840125,strong_bullish,2.124633779396627,1.6088067057596145,neutral,bullish,False,True,True,False,2025
154,129180,129181,129200,2025-02-12 15:00:00+00:00,2025-02-12 15:01:00+00:00,2025-02-12 15:20:00+00:00,short,21652.25,21651.5,21651.25,21676.25,21626.25,21601.25,21576.25,21551.25,70.54442775904089,near_trigger,-43.544427759040886,25.0,True,True,False,False,True,stop,21676.25,21676.5,-25.25,0.0,-25.25,-1.01,70.75,30.75,2.83,1.23,20,19.0,2,2025-02-12,1.3892100192678227,2.507903055848261,2.266025641025641,partial_bullish,1.7835343450870504,1.1203564658674086,bearish,bearish,False,True,False,False,2025
155,130543,130544,130548,2025-02-13 14:43:00+00:00,2025-02-13 14:44:00+00:00,2025-02-13 14:48:00+00:00,long,21883.25,21882.5,21882.75,21857.75,21907.75,21932.75,21957.75,21982.75,70.97336884154461,near_trigger,51.97336884154461,25.0,True,False,False,False,True,stop,21857.75,21857.5,-25.25,0.0,-25.25,-1.01,25.25,32.25,1.01,1.29,5,4.0,1,2025-02-13,1.6777629826897469,0.4032403240324032,1.994663820704376,partial_bullish,1.6237610913750873,1.854098558026246,bullish,bullish,True,False,False,False,2025
156,131911,131912,131928,2025-02-14 14:31:00+00:00,2025-02-14 14:32:00+00:00,2025-02-14 14:48:00+00:00,short,22105.25,22105.25,22105.0,22130.0,22080.0,22055.0,22030.0,22005.0,70.1022556763377,near_trigger,-48.102255676337705,25.0,False,False,False,False,True,stop,22130.0,22130.25,-25.25,0.0,-25.25,-1.01,17.0,25.75,0.68,1.03,17,16.0,0,2025-02-14,0.908108108108108,0.3779141104294478,1.060782681099084,partial_bearish,9.304049416609471,1.0248527032543886,bearish,bearish,True,True,True,False,2025
157,131941,131942,131947,2025-02-14 15:01:00+00:00,2025-02-14 15:02:00+00:00,2025-02-14 15:07:00+00:00,short,22112.25,22112.25,22112.0,22137.0,22087.0,22062.0,22037.0,22012.0,76.74023070912551,near_trigger,-63.74023070912551,25.0,False,False,False,False,True,stop,22137.0,22137.25,-25.25,0.0,-25.25,-1.01,13.0,30.75,0.52,1.23,6,5.0,0,2025-02-14,1.638095238095238,0.726775956284153,0.9472118959107808,partial_bullish,1.7269675494218577,1.148893556305887,bearish,bearish,True,False,True,False,2025
158,131948,131949,131996,2025-02-14 15:08:00+00:00,2025-02-14 15:09:00+00:00,2025-02-14 15:56:00+00:00,short,22140.5,22140.5,22140.25,22165.25,22115.25,22090.25,22065.25,22040.25,71.0,near_trigger,-71.0,25.0,True,False,False,False,True,stop,22165.25,22165.5,-25.25,0.0,-25.25,-1.01,39.0,25.5,1.56,1.02,48,47.0,1,2025-02-14,1.5878284923928077,1.1454545454545455,0.9472118959107808,strong_bullish,1.2149992618473502,0.9468385983414026,bearish,bearish,True,False,True,False,2025
159,134461,134462,134464,2025-02-18 15:01:00+00:00,2025-02-18 15:02:00+00:00,2025-02-18 15:04:00+00:00,short,22156.25,22156.25,22156.0,22181.0,22131.0,22106.0,22081.0,22056.0,71.0,near_trigger,-46.0,25.0,False,False,False,False,True,stop,22181.0,22181.25,-25.25,0.0,-25.25,-1.01,7.5,29.5,0.3,1.18,3,2.0,0,2025-02-18,3.915766738660907,1.7934272300469485,3.9890933878663937,strong_bearish,2.1944789765563697,2.2265359430350307,bearish,bearish,False,True,True,False,2025
160,134470,134471,134473,2025-02-18 15:10:00+00:00,2025-02-18 15:11:00+00:00,2025-02-18 15:13:00+00:00,short,22176.0,22176.0,22175.75,22196.75,22150.75,22125.75,22100.75,22075.75,71.61074385541164,near_trigger,-71.61074385541164,21.0,False,False,False,False,True,stop,22196.75,22197.0,-21.25,0.0,-21.25,-1.011904761904762,6.0,29.5,0.2857142857142857,1.4047619047619049,3,2.0,0,2025-02-18,0.1364522417153996,0.9954128440366972,3.9890933878663937,partial_bearish,0.9072267076130566,0.976488777523058,bearish,bearish,False,True,True,False,2025
161,137220,137221,137223,2025-02-20 15:00:00+00:00,2025-02-20 15:01:00+00:00,2025-02-20 15:03:00+00:00,short,21978.75,21978.5,21978.25,22003.25,21953.25,21928.25,21903.25,21878.25,70.85977011494253,near_trigger,-57.859770114942535,25.0,True,False,False,False,True,stop,22003.25,22003.5,-25.25,0.0,-25.25,-1.01,27.5,42.25,1.1,1.69,3,2.0,1,2025-02-20,3.0485312899106,5.220068415051311,5.734317343173432,strong_bearish,1.937846660120485,2.07143059771354,bearish,bearish,False,True,True,False,2025
162,137224,137225,137235,2025-02-20 15:04:00+00:00,2025-02-20 15:05:00+00:00,2025-02-20 15:15:00+00:00,short,22031.75,22031.75,22031.5,22056.5,22006.5,21981.5,21956.5,21931.5,70.0,near_trigger,-37.24375,25.0,True,False,False,False,True,stop,22056.5,22056.75,-25.25,0.0,-25.25,-1.01,38.5,32.25,1.54,1.29,11,10.0,1,2025-02-20,0.671875,5.220068415051311,5.734317343173432,partial_bearish,1.0183531389452614,1.6346674477849086,bearish,bearish,False,True,True,False,2025
163,138621,138622,138644,2025-02-21 15:21:00+00:00,2025-02-21 15:22:00+00:00,2025-02-21 15:44:00+00:00,short,22044.5,22044.5,22044.25,22069.25,22019.25,21994.25,21969.25,21944.25,71.03174670633234,near_trigger,-46.03174670633234,25.0,True,True,True,True,False,tp4,21944.25,21944.5,99.75,0.0,99.75,3.99,103.75,7.75,4.15,0.31,23,22.0,4,2025-02-21,1.843462246777164,0.977358490566038,4.179959100204499,strong_bearish,1.471373256644487,1.8390264530376357,bearish,bearish,False,True,False,False,2025
164,139952,139953,139953,2025-02-24 14:32:00+00:00,2025-02-24 14:33:00+00:00,2025-02-24 14:33:00+00:00,long,21781.0,21781.0,21781.25,21756.25,21806.25,21831.25,21856.25,21881.25,90.39835410228883,a_plus_plus,59.39835410228884,25.0,False,False,False,False,True,stop,21756.25,21756.0,-25.25,0.0,-25.25,-1.01,0.25,43.75,0.01,1.75,1,0.0,0,2025-02-24,2.48491879350348,2.1023359288097887,0.5434015525758645,partial_bearish,6.062316419973507,1.24862841857403,bullish,bullish,True,True,True,True,2025
165,139954,139955,139957,2025-02-24 14:34:00+00:00,2025-02-24 14:35:00+00:00,2025-02-24 14:37:00+00:00,long,21738.5,21738.75,21739.0,21714.0,21764.0,21789.0,21814.0,21839.0,78.0,near_trigger,39.83887391094312,25.0,False,False,False,False,True,stop,21714.0,21713.75,-25.25,0.0,-25.25,-1.01,6.75,40.0,0.27,1.6,3,2.0,0,2025-02-24,0.7636363636363637,2.1023359288097887,0.5434015525758645,strong_bearish,2.546561604584527,0.9753086419753086,bullish,bullish,True,True,True,True,2025
166,139958,139959,139963,2025-02-24 14:38:00+00:00,2025-02-24 14:39:00+00:00,2025-02-24 14:43:00+00:00,long,21715.5,21715.75,21716.0,21691.0,21741.0,21766.0,21791.0,21816.0,70.39126202715998,near_trigger,70.39126202715998,25.0,False,False,False,False,True,stop,21691.0,21690.75,-25.25,0.0,-25.25,-1.01,8.75,32.0,0.35,1.28,5,4.0,0,2025-02-24,1.2746748278500382,1.6018018018018017,0.5434015525758645,strong_bearish,1.9857178651966925,1.2420170042706578,bullish,bullish,True,True,True,False,2025
167,139976,139977,139977,2025-02-24 14:56:00+00:00,2025-02-24 14:57:00+00:00,2025-02-24 14:57:00+00:00,long,21610.5,21610.5,21610.75,21585.75,21635.75,21660.75,21685.75,21710.75,74.09203606311044,near_trigger,53.09203606311044,25.0,False,False,False,False,True,stop,21585.75,21585.5,-25.25,0.0,-25.25,-1.01,2.0,37.5,0.08,1.5,1,0.0,0,2025-02-24,2.2509391435011272,4.344561016013253,2.1319796954314723,strong_bearish,1.193055496551822,2.0938699936624707,bullish,bullish,True,True,False,False,2025
168,141352,141353,141355,2025-02-25 14:52:00+00:00,2025-02-25 14:53:00+00:00,2025-02-25 14:55:00+00:00,short,21225.0,21224.75,21224.5,21249.5,21199.5,21174.5,21149.5,21124.5,70.00345231129316,near_trigger,-57.00345231129316,25.0,False,False,False,False,True,stop,21249.5,21249.75,-25.25,0.0,-25.25,-1.01,13.5,45.25,0.54,1.81,3,2.0,0,2025-02-25,2.0234055002925686,2.882780082987552,3.33125,strong_bearish,1.4950909020982477,2.3045197787959117,bearish,bearish,False,True,True,False,2025
169,141374,141375,141376,2025-02-25 15:14:00+00:00,2025-02-25 15:15:00+00:00,2025-02-25 15:16:00+00:00,short,21140.25,21140.75,21140.5,21165.5,21115.5,21090.5,21065.5,21040.5,70.69384965831435,near_trigger,-65.69384965831435,25.0,False,False,False,False,True,stop,21165.5,21165.75,-25.25,0.0,-25.25,-1.01,0.25,25.25,0.01,1.01,2,1.0,0,2025-02-25,1.9214123006833712,2.3752808988764045,3.2157894736842105,strong_bearish,1.569319702818568,2.6300675126518493,bearish,bearish,False,True,True,False,2025
170,141380,141381,141381,2025-02-25 15:20:00+00:00,2025-02-25 15:21:00+00:00,2025-02-25 15:21:00+00:00,short,21030.5,21030.5,21030.25,21055.25,21005.25,20980.25,20955.25,20930.25,71.0,near_trigger,-66.0,25.0,False,False,False,False,True,stop,21055.25,21055.5,-25.25,0.0,-25.25,-1.01,2.25,38.5,0.09,1.54,1,0.0,0,2025-02-25,3.848797250859106,2.8539119804400976,5.061686086360521,strong_bearish,1.5832356389214537,3.110102940837805,bearish,bearish,False,True,True,False,2025
171,141383,141384,141396,2025-02-25 15:23:00+00:00,2025-02-25 15:24:00+00:00,2025-02-25 15:36:00+00:00,short,21081.5,21082.25,21082.0,21107.0,21057.0,21032.0,21007.0,20982.0,75.51325966850828,near_trigger,-62.51325966850828,25.0,True,False,False,False,True,stop,21107.0,21107.25,-25.25,0.0,-25.25,-1.01,45.5,26.0,1.82,1.04,13,12.0,1,2025-02-25,0.5646408839779006,2.8539119804400976,5.061686086360521,strong_bearish,1.0399236795698303,1.9298490327149436,bearish,bearish,False,True,True,True,2025
172,142717,142718,142722,2025-02-26 14:37:00+00:00,2025-02-26 14:38:00+00:00,2025-02-26 14:42:00+00:00,long,21251.25,21251.5,21251.75,21226.75,21276.75,21301.75,21326.75,21351.75,71.295,near_trigger,40.295,25.0,False,False,False,False,True,stop,21226.75,21226.5,-25.25,0.0,-25.25,-1.01,22.5,57.5,0.9,2.3,5,4.0,0,2025-02-26,1.4583333333333333,2.756062767475036,2.056545789797173,partial_bearish,2.2345642405857262,1.5239591516103692,bullish,bullish,True,True,True,False,2025
173,142723,142724,142752,2025-02-26 14:43:00+00:00,2025-02-26 14:44:00+00:00,2025-02-26 15:12:00+00:00,long,21230.75,21230.25,21230.5,21205.5,21255.5,21280.5,21305.5,21330.5,86.81301034295046,high_probability,65.81301034295046,25.0,True,True,True,True,False,tp4,21330.5,21330.25,99.75,0.0,99.75,3.99,108.0,14.25,4.32,0.57,29,28.0,4,2025-02-26,0.9069134458356016,0.5996430696014278,2.056545789797173,partial_bearish,1.272199848786434,1.6293500385352646,bullish,bullish,True,True,True,False,2025
174,142759,142760,142764,2025-02-26 15:19:00+00:00,2025-02-26 15:20:00+00:00,2025-02-26 15:24:00+00:00,long,21357.75,21358.0,21358.25,21333.25,21383.25,21408.25,21433.25,21458.25,72.28281812153651,near_trigger,70.28281812153651,25.0,False,False,False,False,True,stop,21333.25,21333.0,-25.25,0.0,-25.25,-1.01,13.75,39.0,0.55,1.56,5,4.0,0,2025-02-26,1.3589958158995816,1.077325364213672,1.2619240097008892,strong_bullish,0.9548492009045404,1.245855987269593,bullish,bullish,False,False,True,False,2025
175,142768,142769,142769,2025-02-26 15:28:00+00:00,2025-02-26 15:29:00+00:00,2025-02-26 15:29:00+00:00,long,21299.75,21299.75,21300.0,21275.0,21325.0,21350.0,21375.0,21400.0,70.0,near_trigger,15.952671755725191,25.0,False,False,False,False,True,stop,21275.0,21274.75,-25.25,0.0,-25.25,-1.01,5.5,28.75,0.22,1.15,1,0.0,0,2025-02-26,2.551526717557252,0.6275191104933981,1.2619240097008892,partial_bullish,1.6375545851528384,2.1948235745640337,bullish,bullish,False,False,True,False,2025
176,144099,144100,144100,2025-02-27 14:39:00+00:00,2025-02-27 14:40:00+00:00,2025-02-27 14:40:00+00:00,long,21308.0,21308.25,21308.5,21283.5,21333.5,21358.5,21383.5,21408.5,73.0,near_trigger,54.83879310344828,25.0,False,False,False,False,True,stop,21283.5,21283.25,-25.25,0.0,-25.25,-1.01,0.0,36.5,0.0,1.46,1,0.0,0,2025-02-27,1.51867816091954,0.1685185185185185,0.4079650315687226,strong_bearish,3.0081586635793864,1.9768173670583549,bullish,bullish,True,True,True,True,2025
177,145470,145471,145476,2025-02-28 14:30:00+00:00,2025-02-28 14:31:00+00:00,2025-02-28 14:36:00+00:00,short,20552.0,20551.75,20551.5,20576.5,20526.5,20501.5,20476.5,20451.5,83.0,high_probability,-74.0,25.0,True,True,True,False,True,stop,20576.5,20576.75,-25.25,0.0,-25.25,-1.01,91.25,37.5,3.65,1.5,6,5.0,3,2025-02-28,3.097480832420592,0.6909702748177229,0.1802575107296137,strong_bearish,8.807661378755757,1.5698947148962783,bearish,bearish,False,True,True,False,2025
178,145477,145478,145483,2025-02-28 14:37:00+00:00,2025-02-28 14:38:00+00:00,2025-02-28 14:43:00+00:00,short,20591.25,20591.0,20590.75,20615.75,20565.75,20540.75,20515.75,20490.75,78.0,near_trigger,-64.67834876050644,25.0,True,True,False,False,True,stop,20615.75,20616.0,-25.25,0.0,-25.25,-1.01,70.0,54.0,2.8,2.16,6,5.0,2,2025-02-28,2.9239280774550487,3.87567084078712,0.1802575107296137,partial_bearish,2.408995616542786,2.1980448046694843,bearish,bearish,True,True,True,True,2025
179,145503,145504,145504,2025-02-28 15:03:00+00:00,2025-02-28 15:04:00+00:00,2025-02-28 15:04:00+00:00,short,20574.75,20574.25,20574.0,20599.0,20549.0,20524.0,20499.0,20474.0,70.14716981132075,near_trigger,-57.14716981132075,25.0,False,False,False,False,True,stop,20599.0,20599.25,-25.25,0.0,-25.25,-1.01,11.5,39.0,0.46,1.56,1,0.0,0,2025-02-28,0.288659793814433,2.311596530677803,0.6208144796380091,partial_bullish,1.395966273896443,1.5610967803573137,bearish,bearish,True,False,False,False,2025
180,145524,145525,145537,2025-02-28 15:24:00+00:00,2025-02-28 15:25:00+00:00,2025-02-28 15:37:00+00:00,long,20713.0,20712.75,20713.0,20688.0,20738.0,20763.0,20788.0,20813.0,73.05454545454546,near_trigger,24.054545454545465,25.0,True,True,False,False,True,stop,20688.0,20687.75,-25.25,0.0,-25.25,-1.01,64.75,26.75,2.59,1.07,13,12.0,2,2025-02-28,2.257575757575758,0.6731439960139511,1.3684768211920528,strong_bullish,1.4157031163968723,1.5964369091180026,neutral,bearish,True,False,True,False,2025
181,146852,146853,146855,2025-03-03 14:32:00+00:00,2025-03-03 14:33:00+00:00,2025-03-03 14:35:00+00:00,long,21095.5,21095.25,21095.5,21070.5,21120.5,21145.5,21170.5,21195.5,73.86978188046979,near_trigger,60.86978188046979,25.0,True,False,False,False,True,stop,21070.5,21070.25,-25.25,0.0,-25.25,-1.01,25.25,41.0,1.01,1.64,3,2.0,1,2025-03-03,2.619883040935673,1.4323432343234324,0.1050938337801608,partial_bullish,4.503383757961784,1.0581515670581634,bullish,bullish,True,True,True,True,2025
182,146856,146857,146857,2025-03-03 14:36:00+00:00,2025-03-03 14:37:00+00:00,2025-03-03 14:37:00+00:00,long,21074.25,21074.25,21074.5,21049.5,21099.5,21124.5,21149.5,21174.5,80.6150113722517,high_probability,64.6150113722517,25.0,False,False,False,False,True,stop,21049.5,21049.25,-25.25,0.0,-25.25,-1.01,5.5,38.75,0.22,1.55,1,0.0,0,2025-03-03,0.4139499620924943,0.056338028169014,0.1050938337801608,strong_bullish,3.387815344247957,1.7979923989671878,bullish,bullish,True,True,True,True,2025
183,146858,146859,146859,2025-03-03 14:38:00+00:00,2025-03-03 14:39:00+00:00,2025-03-03 14:39:00+00:00,long,20999.5,20999.25,20999.5,20974.5,21024.5,21049.5,21074.5,21099.5,73.0,near_trigger,43.57381974248927,25.0,False,False,False,False,True,stop,20974.5,20974.25,-25.25,0.0,-25.25,-1.01,3.0,31.75,0.12,1.27,1,0.0,0,2025-03-03,3.066427289048474,0.056338028169014,0.1050938337801608,partial_bullish,3.461034708578913,2.3611142135948358,bullish,bullish,True,True,True,True,2025
184,146860,146861,146863,2025-03-03 14:40:00+00:00,2025-03-03 14:41:00+00:00,2025-03-03 14:43:00+00:00,long,20975.5,20975.75,20976.0,20951.0,21001.0,21026.0,21051.0,21076.0,78.0,near_trigger,48.272468903496986,25.0,False,False,False,False,True,stop,20951.0,20950.75,-25.25,0.0,-25.25,-1.01,18.25,33.75,0.73,1.35,3,2.0,0,2025-03-03,2.5092250922509227,2.6435045317220545,0.1050938337801608,partial_bearish,1.6214557296550782,1.5324127040397042,bullish,bullish,True,True,True,True,2025
185,146889,146890,146890,2025-03-03 15:09:00+00:00,2025-03-03 15:10:00+00:00,2025-03-03 15:10:00+00:00,short,20815.5,20815.25,20815.0,20840.0,20790.0,20765.0,20740.0,20715.0,91.74534102251305,a_plus_plus,-66.74534102251303,25.0,False,False,False,False,True,stop,20840.0,20840.25,-25.25,0.0,-25.25,-1.01,12.0,41.25,0.48,1.65,1,0.0,0,2025-03-03,1.1887323943661972,2.034263959390863,3.370204603580563,strong_bearish,1.008759522058256,2.0576200767987918,bearish,bearish,True,False,True,False,2025
186,146891,146892,146902,2025-03-03 15:11:00+00:00,2025-03-03 15:12:00+00:00,2025-03-03 15:22:00+00:00,short,20868.5,20869.0,20868.75,20893.75,20843.75,20818.75,20793.75,20768.75,70.0,near_trigger,-38.69750196695515,25.0,True,True,False,False,True,stop,20893.75,20894.0,-25.25,0.0,-25.25,-1.01,63.5,46.25,2.54,1.85,11,10.0,2,2025-03-03,0.4846577498033044,2.514799767846779,3.370204603580563,partial_bearish,0.8473371048531304,1.5723752510502875,bearish,neutral,True,False,True,False,2025
187,148231,148232,148234,2025-03-04 14:31:00+00:00,2025-03-04 14:32:00+00:00,2025-03-04 14:34:00+00:00,short,20300.0,20301.25,20301.0,20326.0,20276.0,20251.0,20226.0,20201.0,83.41425270717924,high_probability,-70.41425270717924,25.0,True,False,False,False,True,stop,20326.0,20326.25,-25.25,0.0,-25.25,-1.01,42.5,37.5,1.7,1.5,3,2.0,1,2025-03-04,2.4705882352941178,0.879162702188392,0.883495145631068,partial_bearish,4.46023776120505,1.345210589316037,bearish,bearish,False,True,True,False,2025
188,148235,148236,148236,2025-03-04 14:35:00+00:00,2025-03-04 14:36:00+00:00,2025-03-04 14:36:00+00:00,short,20315.5,20315.5,20315.25,20340.25,20290.25,20265.25,20240.25,20215.25,70.0,near_trigger,-55.5457633064084,25.0,False,False,False,False,True,stop,20340.25,20340.5,-25.25,0.0,-25.25,-1.01,9.25,90.75,0.37,3.63,1,0.0,0,2025-03-04,0.4867075664621677,1.9900249376558603,0.883495145631068,partial_bearish,1.75864934433207,1.202150209894845,bearish,bearish,False,True,True,False,2025
189,148237,148238,148238,2025-03-04 14:37:00+00:00,2025-03-04 14:38:00+00:00,2025-03-04 14:38:00+00:00,short,20400.25,20400.5,20400.25,20425.25,20375.25,20350.25,20325.25,20300.25,70.0,near_trigger,-19.56957338920921,25.0,False,False,False,False,True,stop,20425.25,20425.5,-25.25,0.0,-25.25,-1.01,9.25,29.75,0.37,1.19,1,0.0,0,2025-03-04,2.9749280723386766,1.9900249376558603,0.883495145631068,partial_bullish,1.686058276001619,1.4190124105045805,bearish,bearish,False,True,True,False,2025
190,148274,148275,148278,2025-03-04 15:14:00+00:00,2025-03-04 15:15:00+00:00,2025-03-04 15:18:00+00:00,short,20206.75,20205.75,20205.5,20230.5,20180.5,20155.5,20130.5,20105.5,80.65419405282813,high_probability,-67.65419405282813,25.0,True,True,True,True,False,tp4,20105.5,20105.75,99.75,0.0,99.75,3.99,108.0,0.25,4.32,0.01,4,3.0,4,2025-03-04,0.4618959107806691,1.832258064516129,1.3535217586361596,partial_bearish,0.7973710621007025,1.237076208831376,bearish,bearish,True,False,True,False,2025
191,149616,149617,149620,2025-03-05 14:36:00+00:00,2025-03-05 14:37:00+00:00,2025-03-05 14:40:00+00:00,short,20363.75,20363.25,20363.0,20388.0,20338.0,20313.0,20288.0,20263.0,71.1359375,near_trigger,-70.1359375,25.0,True,True,False,False,True,stop,20388.0,20388.25,-25.25,0.0,-25.25,-1.01,50.0,65.75,2.0,2.63,4,3.0,2,2025-03-05,1.853569249542404,0.2050840155105558,1.2042510793756227,partial_bearish,3.5749261462506574,1.7501040077659131,bearish,bearish,False,True,True,False,2025
192,149621,149622,149634,2025-03-05 14:41:00+00:00,2025-03-05 14:42:00+00:00,2025-03-05 14:54:00+00:00,short,20432.75,20432.25,20432.0,20457.0,20407.0,20382.0,20357.0,20332.0,78.0,near_trigger,-67.79863940973398,25.0,True,True,True,True,False,tp4,20332.0,20332.25,99.75,0.0,99.75,3.99,116.25,23.75,4.65,0.95,13,12.0,4,2025-03-05,1.7468354430379749,1.393986723935963,1.2042510793756227,partial_bearish,1.5899433154667797,1.677420404709405,bearish,bearish,True,True,True,False,2025
193,150998,150999,151001,2025-03-06 14:38:00+00:00,2025-03-06 14:39:00+00:00,2025-03-06 14:41:00+00:00,long,20305.25,20305.5,20305.75,20280.75,20330.75,20355.75,20380.75,20405.75,81.37873280344421,high_probability,67.37873280344421,25.0,False,False,False,False,True,stop,20280.75,20280.5,-25.25,0.0,-25.25,-1.01,14.0,57.75,0.56,2.31,3,2.0,0,2025-03-06,0.7800114876507754,2.0855457227138645,0.4233983286908078,partial_bearish,1.7445748086661168,1.3142704436130412,neutral,bullish,True,True,True,False,2025
194,152398,152399,152404,2025-03-07 14:58:00+00:00,2025-03-07 14:59:00+00:00,2025-03-07 15:04:00+00:00,short,20148.25,20148.25,20148.0,20173.0,20123.0,20098.0,20073.0,20048.0,84.1897489539749,high_probability,-65.1897489539749,25.0,True,True,False,False,True,stop,20173.0,20173.25,-25.25,0.0,-25.25,-1.01,66.25,30.75,2.65,1.23,6,5.0,2,2025-03-07,2.445606694560669,2.9931892212022504,0.5656565656565656,partial_bullish,0.9768148318883236,1.8896053413819915,bearish,bearish,False,True,True,True,2025
195,152413,152414,152431,2025-03-07 15:13:00+00:00,2025-03-07 15:14:00+00:00,2025-03-07 15:31:00+00:00,short,20117.5,20117.0,20116.75,20141.75,20091.75,20066.75,20041.75,20016.75,78.5216123628062,near_trigger,-59.5216123628062,25.0,True,True,True,True,False,tp4,20016.75,20017.0,99.75,0.0,99.75,3.99,142.5,15.25,5.7,0.61,18,17.0,4,2025-03-07,1.423728813559322,0.3335117773019272,0.402375296912114,partial_bearish,1.1535160496652743,1.4030203911197716,bearish,bearish,True,False,True,False,2025
196,153755,153756,153761,2025-03-10 13:35:00+00:00,2025-03-10 13:36:00+00:00,2025-03-10 13:41:00+00:00,short,19849.75,19849.25,19849.0,19874.0,19824.0,19799.0,19774.0,19749.0,70.0,near_trigger,-36.35303839816248,25.0,True,False,False,False,True,stop,19874.0,19874.25,-25.25,0.0,-25.25,-1.01,43.0,37.5,1.72,1.5,6,5.0,1,2025-03-10,1.199438202247191,2.5075800112296465,0.4913169319826339,strong_bearish,2.6053282203945707,1.2891346681979328,bearish,bearish,False,True,True,False,2025
197,155162,155163,155164,2025-03-11 14:02:00+00:00,2025-03-11 14:03:00+00:00,2025-03-11 14:04:00+00:00,short,19458.5,19458.5,19458.25,19483.25,19433.25,19408.25,19383.25,19358.25,91.6,a_plus_plus,-70.6,25.0,True,True,True,True,False,tp4,19358.25,19358.5,99.75,0.0,99.75,3.99,104.75,21.75,4.19,0.87,2,1.0,4,2025-03-11,1.368791552600704,1.7906976744186047,0.6476299257567104,partial_bullish,1.382885140025611,1.588401941536474,bearish,bearish,True,True,True,False,2025
198,155169,155170,155174,2025-03-11 14:09:00+00:00,2025-03-11 14:10:00+00:00,2025-03-11 14:14:00+00:00,short,19525.25,19525.75,19525.5,19550.5,19500.5,19475.5,19450.5,19425.5,78.0,near_trigger,-48.286611265004616,25.0,True,True,True,True,False,tp4,19425.5,19425.75,99.75,0.0,99.75,3.99,102.5,10.0,4.1,0.4,5,4.0,4,2025-03-11,2.430286241920591,2.145472786556308,0.6476299257567104,partial_bullish,1.138707933156526,2.068359119226236,bearish,bearish,True,True,True,True,2025
199,155184,155185,155198,2025-03-11 14:24:00+00:00,2025-03-11 14:25:00+00:00,2025-03-11 14:38:00+00:00,short,19387.75,19388.5,19388.25,19413.25,19363.25,19338.25,19313.25,19288.25,71.85458980044346,near_trigger,-55.85458980044346,25.0,True,True,True,True,False,tp4,19288.25,19288.5,99.75,0.0,99.75,3.99,119.25,7.75,4.77,0.31,14,13.0,4,2025-03-11,1.6266075388026606,0.7314263011521653,0.1647431545598551,strong_bearish,1.2790426425305588,1.8320483155547016,bearish,bearish,False,False,True,False,2025
200,156500,156501,156501,2025-03-12 13:33:00+00:00,2025-03-12 13:34:00+00:00,2025-03-12 13:34:00+00:00,long,19754.0,19754.25,19754.5,19729.5,19779.5,19804.5,19829.5,19854.5,83.67290228509853,high_probability,62.67290228509853,25.0,False,False,False,False,True,stop,19729.5,19729.25,-25.25,0.0,-25.25,-1.01,18.75,30.25,0.75,1.21,1,0.0,0,2025-03-12,2.827250608272506,0.5268817204301075,2.5001871958068143,partial_bullish,4.241492785592883,1.3659019448002796,bullish,bullish,False,True,True,False,2025
201,156532,156533,156539,2025-03-12 14:05:00+00:00,2025-03-12 14:06:00+00:00,2025-03-12 14:12:00+00:00,long,19677.75,19677.5,19677.75,19652.75,19702.75,19727.75,19752.75,19777.75,81.09755658949742,high_probability,67.09755658949742,25.0,True,False,False,False,True,stop,19652.75,19652.5,-25.25,0.0,-25.25,-1.01,47.25,38.5,1.89,1.54,7,6.0,1,2025-03-12,1.2689713322091063,1.7665876777251186,0.1935483870967742,partial_bearish,0.9536507191578096,1.3961913536388266,bullish,bullish,True,False,True,False,2025
202,157880,157881,157881,2025-03-13 13:33:00+00:00,2025-03-13 13:34:00+00:00,2025-03-13 13:34:00+00:00,short,19520.5,19520.0,19519.75,19544.75,19494.75,19469.75,19444.75,19419.75,71.79970350720124,near_trigger,-30.799703507201244,25.0,False,False,False,False,True,stop,19544.75,19545.0,-25.25,0.0,-25.25,-1.01,8.5,48.0,0.34,1.92,1,0.0,0,2025-03-13,2.659870250231696,0.1536050156739812,1.901110713006091,partial_bearish,3.974151288913932,1.2730769881604405,neutral,neutral,True,True,True,False,2025
203,157935,157936,157937,2025-03-13 14:28:00+00:00,2025-03-13 14:29:00+00:00,2025-03-13 14:30:00+00:00,short,19489.25,19489.0,19488.75,19513.75,19463.75,19438.75,19413.75,19388.75,94.44573444515714,a_plus_plus,-82.44573444515714,25.0,False,False,False,False,True,stop,19513.75,19514.0,-25.25,0.0,-25.25,-1.01,18.5,42.75,0.74,1.71,2,1.0,0,2025-03-13,0.7453495830660679,2.6749661705006766,1.0391408114558474,partial_bearish,1.058533330155628,1.6094432264961136,bearish,bearish,True,True,True,True,2025
204,159257,159258,159264,2025-03-14 13:30:00+00:00,2025-03-14 13:31:00+00:00,2025-03-14 13:37:00+00:00,long,19486.0,19486.0,19486.25,19462.25,19511.25,19536.25,19561.25,19586.25,72.33726095917314,near_trigger,59.337260959173136,24.0,True,True,True,True,False,tp4,19586.25,19586.0,99.75,0.0,99.75,4.15625,111.25,2.5,4.635416666666667,0.1041666666666666,7,6.0,4,2025-03-14,1.099836333878887,2.013071895424837,0.4705882352941176,partial_bearish,6.845682358337155,0.9208489444282412,bullish,bullish,True,True,True,False,2025
205,159310,159311,159313,2025-03-14 14:23:00+00:00,2025-03-14 14:24:00+00:00,2025-03-14 14:26:00+00:00,long,19510.0,19510.0,19510.25,19485.25,19535.25,19560.25,19585.25,19610.25,71.416457570263,near_trigger,71.416457570263,25.0,False,False,False,False,True,stop,19485.25,19485.0,-25.25,0.0,-25.25,-1.01,12.75,27.5,0.51,1.1,3,2.0,0,2025-03-14,0.7070707070707071,2.1205059920106524,0.3063357282821685,partial_bearish,0.9090647000824535,1.2113156519868464,bullish,bullish,True,False,True,False,2025
206,160638,160639,160645,2025-03-17 13:31:00+00:00,2025-03-17 13:32:00+00:00,2025-03-17 13:38:00+00:00,long,19718.25,19717.5,19717.75,19692.75,19742.75,19767.75,19792.75,19817.75,86.82308386869117,high_probability,86.82308386869117,25.0,True,True,True,True,False,tp4,19817.75,19817.5,99.75,0.0,99.75,3.99,100.75,4.25,4.03,0.17,7,6.0,4,2025-03-17,0.7466666666666667,0.5858095815645845,0.7297297297297297,partial_bullish,6.112400733048259,0.5192365572426391,bullish,bullish,True,True,True,False,2025
207,162017,162018,162020,2025-03-18 13:30:00+00:00,2025-03-18 13:31:00+00:00,2025-03-18 13:33:00+00:00,short,19860.0,19861.0,19860.75,19885.75,19835.75,19810.75,19785.75,19760.75,82.43297618386721,high_probability,-81.43297618386721,25.0,False,False,False,False,True,stop,19885.75,19886.0,-25.25,0.0,-25.25,-1.01,8.5,27.75,0.34,1.11,3,2.0,0,2025-03-18,2.2790697674418605,0.1567164179104477,1.425800193986421,partial_bearish,6.4856151662753625,1.0274801532226725,bearish,bearish,False,True,True,False,2025
208,162021,162022,162031,2025-03-18 13:34:00+00:00,2025-03-18 13:35:00+00:00,2025-03-18 13:44:00+00:00,short,19843.75,19844.0,19843.75,19868.75,19818.75,19793.75,19768.75,19743.75,82.01316913620492,high_probability,-81.01316913620492,25.0,True,True,True,True,False,tp4,19743.75,19744.0,99.75,0.0,99.75,3.99,135.25,0.5,5.41,0.02,10,9.0,4,2025-03-18,2.7796917497733453,0.1567164179104477,1.425800193986421,partial_bearish,3.0821138681628013,0.9856645189135864,bearish,bearish,False,True,True,False,2025
209,162032,162033,162036,2025-03-18 13:45:00+00:00,2025-03-18 13:46:00+00:00,2025-03-18 13:49:00+00:00,short,19714.5,19713.75,19713.5,19738.5,19688.5,19663.5,19638.5,19613.5,72.0,near_trigger,-52.22950794530413,25.0,False,False,False,False,True,stop,19738.5,19738.75,-25.25,0.0,-25.25,-1.01,11.5,34.0,0.46,1.36,4,3.0,0,2025-03-18,1.7663911845730027,5.746268656716418,5.219183214687149,strong_bearish,1.7725995870985212,1.2621850562109145,bearish,bearish,False,True,True,False,2025
210,163409,163410,163412,2025-03-19 13:42:00+00:00,2025-03-19 13:43:00+00:00,2025-03-19 13:45:00+00:00,short,19719.5,19720.0,19719.75,19744.75,19694.75,19669.75,19644.75,19619.75,76.75880300408019,near_trigger,-40.75880300408019,25.0,False,False,False,False,True,stop,19744.75,19745.0,-25.25,0.0,-25.25,-1.01,13.25,25.0,0.53,1.0,3,2.0,0,2025-03-19,1.562363238512035,0.2532894736842105,0.7322780454232621,partial_bullish,2.4378206219153435,1.3396662524884098,neutral,bearish,True,True,True,False,2025
211,163413,163414,163420,2025-03-19 13:46:00+00:00,2025-03-19 13:47:00+00:00,2025-03-19 13:53:00+00:00,short,19783.5,19783.5,19783.25,19808.25,19758.25,19733.25,19708.25,19683.25,70.0,near_trigger,-36.44338085539715,25.0,False,False,False,False,True,stop,19808.25,19808.5,-25.25,0.0,-25.25,-1.01,16.5,27.75,0.66,1.11,7,6.0,0,2025-03-19,1.3876442634080108,1.2560386473429952,0.9328151027207108,partial_bearish,2.20077004631438,1.748394866528257,bearish,bearish,False,True,True,False,2025
212,163428,163429,163469,2025-03-19 14:01:00+00:00,2025-03-19 14:02:00+00:00,2025-03-19 14:42:00+00:00,long,19852.5,19853.0,19853.25,19828.25,19878.25,19903.25,19928.25,19953.25,74.04565168813934,near_trigger,72.04565168813934,25.0,True,False,False,False,True,stop,19828.25,19828.0,-25.25,0.0,-25.25,-1.01,46.75,27.25,1.87,1.09,41,40.0,1,2025-03-19,0.6465598491988689,1.539419087136929,1.5639639639639638,strong_bullish,0.8744253132606149,0.5683603841626139,bullish,bullish,False,True,True,False,2025
213,164779,164780,164806,2025-03-20 13:32:00+00:00,2025-03-20 13:33:00+00:00,2025-03-20 13:59:00+00:00,long,19834.0,19834.0,19834.25,19809.25,19859.25,19884.25,19909.25,19934.25,73.78506619068868,near_trigger,22.78506619068868,25.0,True,True,True,True,False,tp4,19934.25,19934.0,99.75,0.0,99.75,3.99,107.0,1.5,4.28,0.06,27,26.0,4,2025-03-20,2.3962485345838216,0.9934162399414778,1.1524241367282877,partial_bearish,6.229631251368342,0.987555158907234,neutral,neutral,True,True,True,True,2025
214,164807,164808,164833,2025-03-20 14:00:00+00:00,2025-03-20 14:01:00+00:00,2025-03-20 14:26:00+00:00,long,19978.25,19978.0,19978.25,19953.25,20003.25,20028.25,20053.25,20078.25,97.31024540333986,a_plus_plus,84.31024540333986,25.0,True,True,True,True,False,tp4,20078.25,20078.0,99.75,0.0,99.75,3.99,103.75,13.25,4.15,0.53,26,25.0,4,2025-03-20,3.5,1.8079470198675496,1.6986599058312204,strong_bullish,2.123789633567496,0.925204502783223,bullish,bullish,True,True,True,False,2025
215,164836,164837,164842,2025-03-20 14:29:00+00:00,2025-03-20 14:30:00+00:00,2025-03-20 14:35:00+00:00,long,20055.0,20054.5,20054.75,20029.75,20079.75,20104.75,20129.75,20154.75,71.0,near_trigger,65.4850556302423,25.0,False,False,False,False,True,stop,20029.75,20029.5,-25.25,0.0,-25.25,-1.01,4.75,32.75,0.19,1.31,6,5.0,0,2025-03-20,0.3820422535211268,2.5796064400715566,3.3244626407369497,partial_bullish,0.8913525498891353,0.7527705428731933,bullish,bullish,True,True,True,False,2025
216,166157,166158,166175,2025-03-21 13:30:00+00:00,2025-03-21 13:31:00+00:00,2025-03-21 13:48:00+00:00,short,19693.5,19692.75,19692.5,19717.5,19667.5,19642.5,19617.5,19592.5,70.0,near_trigger,-35.254027710164586,25.0,True,True,True,False,True,stop,19717.5,19717.75,-25.25,0.0,-25.25,-1.01,85.5,25.5,3.42,1.02,18,17.0,3,2025-03-21,3.108454312553373,0.3672612801678909,3.964391691394659,partial_bearish,4.127450585725213,1.1216435748628442,bearish,bearish,False,True,True,False,2025
217,168930,168931,168988,2025-03-25 13:43:00+00:00,2025-03-25 13:44:00+00:00,2025-03-25 14:41:00+00:00,long,20375.25,20375.0,20375.25,20350.25,20400.25,20425.25,20450.25,20475.25,70.0,near_trigger,26.976203533244643,25.0,True,True,True,True,False,tp4,20475.25,20475.0,99.75,0.0,99.75,3.99,100.75,12.75,4.03,0.51,58,57.0,4,2025-03-25,1.0528200537153087,1.603585657370518,0.4577114427860697,strong_bearish,2.466326664051262,1.4212777181182763,bullish,bullish,False,True,True,False,2025
218,170300,170301,170302,2025-03-26 13:33:00+00:00,2025-03-26 13:34:00+00:00,2025-03-26 13:35:00+00:00,short,20420.25,20421.0,20420.75,20445.75,20395.75,20370.75,20345.75,20320.75,72.70532083026025,near_trigger,-51.70532083026025,25.0,False,False,False,False,True,stop,20445.75,20446.0,-25.25,0.0,-25.25,-1.01,8.0,34.0,0.32,1.36,2,1.0,0,2025-03-26,1.75,2.577114427860697,1.7912885662431943,strong_bearish,5.412461663477417,1.0877673585502057,neutral,bearish,False,True,True,False,2025
219,170346,170347,170380,2025-03-26 14:19:00+00:00,2025-03-26 14:20:00+00:00,2025-03-26 14:53:00+00:00,short,20277.5,20278.0,20277.75,20302.75,20252.75,20227.75,20202.75,20177.75,73.47454545454545,near_trigger,-60.47454545454545,25.0,True,True,False,False,True,stop,20302.75,20303.0,-25.25,0.0,-25.25,-1.01,51.75,35.0,2.07,1.4,34,33.0,2,2025-03-26,1.987878787878788,2.1487758945386064,4.591207680646791,strong_bearish,1.5001933470624735,1.5205126101738171,bearish,bearish,False,True,True,False,2025
220,171736,171737,171744,2025-03-27 14:29:00+00:00,2025-03-27 14:30:00+00:00,2025-03-27 14:37:00+00:00,short,20121.25,20120.5,20120.25,20145.25,20095.25,20070.25,20045.25,20020.25,70.0,near_trigger,-42.90874035989717,25.0,False,False,False,False,True,stop,20145.25,20145.5,-25.25,0.0,-25.25,-1.01,14.0,29.5,0.56,1.18,8,7.0,0,2025-03-27,2.627249357326478,0.2133828996282528,0.4808080808080808,partial_bullish,1.651972773638208,1.581321064619461,bearish,bearish,False,True,True,False,2025
221,173057,173058,173064,2025-03-28 13:30:00+00:00,2025-03-28 13:31:00+00:00,2025-03-28 13:37:00+00:00,short,19889.0,19889.0,19888.75,19913.75,19863.75,19838.75,19813.75,19788.75,82.17628607555625,high_probability,-69.17628607555625,25.0,True,False,False,False,True,stop,19913.75,19914.0,-25.25,0.0,-25.25,-1.01,49.25,31.25,1.97,1.25,7,6.0,1,2025-03-28,2.652278177458033,1.784795321637427,0.4836249439210408,partial_bearish,3.102660631952963,0.8135717296302049,bearish,bearish,False,True,True,True,2025
222,174454,174455,174456,2025-03-31 13:47:00+00:00,2025-03-31 13:48:00+00:00,2025-03-31 13:49:00+00:00,short,19009.75,19009.75,19009.5,19034.5,18984.5,18959.5,18934.5,18909.5,70.79195116238306,near_trigger,-64.79195116238306,25.0,False,False,False,False,True,stop,19034.5,19034.75,-25.25,0.0,-25.25,-1.01,13.5,26.0,0.54,1.04,2,1.0,0,2025-03-31,1.23768115942029,5.308500477554919,3.606293450420783,strong_bearish,0.7372198438680433,0.8355631667201827,bearish,bearish,False,True,True,False,2025
223,174458,174459,174462,2025-03-31 13:51:00+00:00,2025-03-31 13:52:00+00:00,2025-03-31 13:55:00+00:00,short,19058.0,19058.0,19057.75,19082.75,19032.75,19007.75,18982.75,18957.75,75.0,near_trigger,-65.00463317076594,25.0,False,False,False,False,True,stop,19082.75,19083.0,-25.25,0.0,-25.25,-1.01,17.5,46.0,0.7,1.84,4,3.0,0,2025-03-31,1.3257575757575757,4.137350465219318,3.606293450420783,partial_bearish,1.0596851745177105,1.2650784183011123,bearish,bearish,True,True,True,False,2025
224,174483,174484,174501,2025-03-31 14:16:00+00:00,2025-03-31 14:17:00+00:00,2025-03-31 14:34:00+00:00,short,19114.75,19115.0,19114.75,19139.75,19089.75,19064.75,19039.75,19014.75,85.65996120071192,high_probability,-61.65996120071192,25.0,True,True,False,False,True,stop,19139.75,19140.0,-25.25,0.0,-25.25,-1.01,59.0,45.25,2.36,1.81,18,17.0,2,2025-03-31,1.0604515659140568,2.351456310679612,1.0377790497996564,partial_bearish,1.0591879778539417,1.08535246939637,bearish,bearish,True,True,True,False,2025
225,175871,175872,175875,2025-04-01 14:24:00+00:00,2025-04-01 14:25:00+00:00,2025-04-01 14:28:00+00:00,long,19335.25,19335.5,19335.75,19310.75,19360.75,19385.75,19410.75,19435.75,83.62724370128561,high_probability,63.62724370128561,25.0,True,False,False,False,True,stop,19310.75,19310.5,-25.25,0.0,-25.25,-1.01,25.5,26.75,1.02,1.07,4,3.0,1,2025-04-01,1.9324227174694464,2.2642151855635,1.5285245901639344,partial_bearish,1.0201452478686457,1.441086211818441,bullish,bullish,True,True,True,True,2025
226,177199,177200,177200,2025-04-02 13:32:00+00:00,2025-04-02 13:33:00+00:00,2025-04-02 13:33:00+00:00,short,19349.0,19347.75,19347.5,19368.5,19322.5,19297.5,19272.5,19247.5,84.97350841999369,high_probability,-82.97350841999369,21.0,False,False,False,False,True,stop,19368.5,19368.75,-21.25,0.0,-21.25,-1.011904761904762,2.25,47.75,0.1071428571428571,2.273809523809524,1,0.0,0,2025-04-02,1.036480686695279,1.1442307692307692,1.5974736842105264,partial_bearish,4.653779115829504,0.9611650485436892,bearish,bearish,True,True,True,False,2025
227,178587,178588,178588,2025-04-03 13:43:00+00:00,2025-04-03 13:44:00+00:00,2025-04-03 13:44:00+00:00,short,18964.25,18963.75,18963.5,18988.5,18938.5,18913.5,18888.5,18863.5,82.27065353213982,high_probability,-50.27065353213982,25.0,False,False,False,False,True,stop,18988.5,18988.75,-25.25,0.0,-25.25,-1.01,6.0,38.0,0.24,1.52,1,0.0,0,2025-04-03,1.7493251060547628,3.2685185185185186,1.7926600589338333,partial_bearish,0.6503688743022245,0.6323771078668694,bearish,bearish,True,True,True,False,2025
228,178591,178592,178592,2025-04-03 13:47:00+00:00,2025-04-03 13:48:00+00:00,2025-04-03 13:48:00+00:00,short,18953.25,18953.0,18952.75,18977.75,18927.75,18902.75,18877.75,18852.75,76.24931526986116,near_trigger,-61.24931526986116,25.0,False,False,False,False,True,stop,18977.75,18978.0,-25.25,0.0,-25.25,-1.01,9.0,28.75,0.36,1.15,1,0.0,0,2025-04-03,1.10761378136963,1.8666666666666665,0.1587071876507477,partial_bullish,0.714968132026332,0.7895364381977815,bearish,bearish,True,True,True,False,2025
229,178607,178608,178612,2025-04-03 14:03:00+00:00,2025-04-03 14:04:00+00:00,2025-04-03 14:08:00+00:00,short,18926.0,18926.0,18925.75,18950.75,18900.75,18875.75,18850.75,18825.75,73.89157794349994,near_trigger,-59.89157794349994,25.0,True,False,False,False,True,stop,18950.75,18951.0,-25.25,0.0,-25.25,-1.01,34.75,26.5,1.39,1.06,5,4.0,1,2025-04-03,1.6967880085653106,0.9679012345679012,0.9015757022151176,partial_bearish,1.150343912869738,0.8708188786839243,bearish,bearish,False,True,True,False,2025
230,179983,179984,179990,2025-04-04 13:59:00+00:00,2025-04-04 14:00:00+00:00,2025-04-04 14:06:00+00:00,short,18195.0,18194.75,18194.5,18219.5,18169.5,18144.5,18119.5,18094.5,70.44123728011293,near_trigger,-59.44123728011293,25.0,True,True,True,True,False,tp4,18094.5,18094.75,99.75,0.0,99.75,3.99,105.5,6.0,4.22,0.24,7,6.0,4,2025-04-04,1.6295369211514394,0.5784413990591123,0.7225042301184433,partial_bearish,0.8692266710380722,1.3593539703903097,bearish,neutral,True,True,True,False,2025
231,179996,179997,179997,2025-04-04 14:12:00+00:00,2025-04-04 14:13:00+00:00,2025-04-04 14:13:00+00:00,short,17983.25,17983.0,17982.75,18007.75,17957.75,17932.75,17907.75,17882.75,70.46818159905729,near_trigger,-70.46818159905729,25.0,False,False,False,False,True,stop,18007.75,18008.0,-25.25,0.0,-25.25,-1.01,5.75,26.0,0.23,1.04,1,0.0,0,2025-04-04,2.7315634218289087,0.17,0.0309734513274336,partial_bearish,1.2905554945141189,1.2389713915447964,bearish,bearish,False,True,True,False,2025
232,180013,180014,180014,2025-04-04 14:29:00+00:00,2025-04-04 14:30:00+00:00,2025-04-04 14:30:00+00:00,short,17915.5,17916.0,17915.75,17940.75,17890.75,17865.75,17840.75,17815.75,76.89938554051646,near_trigger,-74.89938554051646,25.0,False,False,False,False,True,stop,17940.75,17941.0,-25.25,0.0,-25.25,-1.01,7.75,52.75,0.31,2.11,1,0.0,0,2025-04-04,1.5604494382022474,2.02124128775307,1.2566619915848527,strong_bearish,1.1666884198727054,1.4444317706551082,bearish,bearish,False,True,True,False,2025
233,181352,181353,181355,2025-04-07 13:48:00+00:00,2025-04-07 13:49:00+00:00,2025-04-07 13:51:00+00:00,long,16922.25,16924.25,16924.5,16899.5,16949.5,16974.5,16999.5,17024.5,96.66686608375518,a_plus_plus,61.66686608375518,25.0,True,True,True,True,False,tp4,17024.5,17024.25,99.75,0.0,99.75,3.99,104.0,19.0,4.16,0.76,3,2.0,4,2025-04-07,2.6286240220892774,2.918928029664588,2.4057853747345,partial_bearish,1.2237179022297595,1.554520909071582,bullish,bullish,True,True,True,True,2025
234,181356,181357,181357,2025-04-07 13:52:00+00:00,2025-04-07 13:53:00+00:00,2025-04-07 13:53:00+00:00,long,17066.5,17066.5,17066.75,17041.75,17091.75,17116.75,17141.75,17166.75,84.44277671584466,high_probability,78.44277671584466,25.0,False,False,False,False,True,stop,17041.75,17041.5,-25.25,0.0,-25.25,-1.01,33.75,36.75,1.35,1.47,1,0.0,0,2025-04-07,2.128251121076233,0.7205266307600239,2.4057853747345,partial_bearish,1.103350711272956,1.4983527938466354,bullish,bullish,True,True,True,True,2025
235,181358,181359,181359,2025-04-07 13:54:00+00:00,2025-04-07 13:55:00+00:00,2025-04-07 13:55:00+00:00,long,17120.0,17120.25,17120.5,17095.5,17145.5,17170.5,17195.5,17220.5,72.52473003958438,near_trigger,72.52473003958438,25.0,False,False,False,False,True,stop,17095.5,17095.25,-25.25,0.0,-25.25,-1.01,29.5,43.25,1.18,1.73,1,0.0,0,2025-04-07,2.7554467564259486,0.7205266307600239,2.4057853747345,partial_bearish,0.9285684698865048,1.2671607939008966,bullish,bullish,False,True,True,False,2025
236,181360,181361,181363,2025-04-07 13:56:00+00:00,2025-04-07 13:57:00+00:00,2025-04-07 13:59:00+00:00,long,17165.0,17165.25,17165.5,17140.5,17190.5,17215.5,17240.5,17265.5,74.00008200169385,near_trigger,74.00008200169385,25.0,True,True,True,True,False,tp4,17265.5,17265.25,99.75,0.0,99.75,3.99,131.5,6.5,5.26,0.26,3,2.0,4,2025-04-07,2.3641509433962264,1.4692307692307691,2.4057853747345,partial_bullish,0.8082789338727308,1.203684686946137,bullish,bullish,False,True,True,False,2025
237,181375,181376,181376,2025-04-07 14:11:00+00:00,2025-04-07 14:12:00+00:00,2025-04-07 14:12:00+00:00,long,17720.25,17720.25,17720.5,17695.5,17745.5,17770.5,17795.5,17820.5,75.4,near_trigger,54.400000000000006,25.0,False,False,False,False,True,stop,17695.5,17695.25,-25.25,0.0,-25.25,-1.01,136.5,105.75,5.46,4.23,1,0.0,0,2025-04-07,4.039096730704416,3.6049288617886175,0.8745544050246138,strong_bullish,2.554762079024686,3.627079142884711,bullish,bullish,True,True,False,False,2025
238,181381,181382,181382,2025-04-07 14:17:00+00:00,2025-04-07 14:18:00+00:00,2025-04-07 14:18:00+00:00,long,18318.25,18320.25,18320.5,18295.5,18345.5,18370.5,18395.5,18420.5,74.50929691062922,near_trigger,69.50929691062922,25.0,False,False,False,False,True,stop,18295.5,18295.25,-25.25,0.0,-25.25,-1.01,5.75,324.75,0.23,12.99,1,0.0,0,2025-04-07,2.90637514882563,5.254277179324704,3.00830383882385,strong_bullish,1.3503407217889738,3.0501222493887528,bullish,bullish,True,True,False,False,2025
239,182744,182745,182787,2025-04-08 14:00:00+00:00,2025-04-08 14:01:00+00:00,2025-04-08 14:43:00+00:00,long,18264.25,18264.25,18264.5,18239.5,18289.5,18314.5,18339.5,18364.5,71.12972527306046,near_trigger,57.12972527306046,25.0,True,True,True,False,True,stop,18239.5,18239.25,-25.25,0.0,-25.25,-1.01,92.75,28.0,3.71,1.12,43,42.0,3,2025-04-08,1.1115311909262762,0.9526717557251908,2.918212329977036,strong_bullish,1.343051940601354,1.120990342547229,bullish,bullish,False,True,True,True,2025
240,184083,184084,184085,2025-04-09 13:31:00+00:00,2025-04-09 13:32:00+00:00,2025-04-09 13:33:00+00:00,long,17309.25,17308.25,17308.5,17283.5,17333.5,17358.5,17383.5,17408.5,72.66537087551502,near_trigger,23.665370875515023,25.0,True,True,False,False,True,stop,17283.5,17283.25,-25.25,0.0,-25.25,-1.01,55.25,34.0,2.21,1.36,2,1.0,2,2025-04-09,3.2404752150757887,0.0816591056383668,1.3538393449878292,partial_bullish,4.097571792881694,1.054475729595855,neutral,bearish,True,True,True,False,2025
241,184090,184091,184091,2025-04-09 13:38:00+00:00,2025-04-09 13:39:00+00:00,2025-04-09 13:39:00+00:00,long,17372.75,17374.75,17375.0,17350.0,17400.0,17425.0,17450.0,17475.0,77.55435092487258,near_trigger,30.55435092487258,25.0,False,False,False,False,True,stop,17350.0,17349.75,-25.25,0.0,-25.25,-1.01,69.0,32.5,2.76,1.3,1,0.0,0,2025-04-09,0.6802507836990596,0.8012718600953894,1.3538393449878292,strong_bullish,2.095175470641241,1.1194826150322714,neutral,bullish,True,True,True,False,2025
242,184093,184094,184094,2025-04-09 13:41:00+00:00,2025-04-09 13:42:00+00:00,2025-04-09 13:42:00+00:00,long,17512.75,17513.5,17513.75,17488.75,17538.75,17563.75,17588.75,17613.75,82.5018597024476,high_probability,39.5018597024476,25.0,False,False,False,False,True,stop,17488.75,17488.5,-25.25,0.0,-25.25,-1.01,5.0,55.0,0.2,2.2,1,0.0,0,2025-04-09,2.7398049645390072,2.2697345132743365,1.3538393449878292,strong_bullish,1.9838392991995168,1.5632833711459069,neutral,bullish,True,True,True,False,2025
243,184096,184097,184097,2025-04-09 13:44:00+00:00,2025-04-09 13:45:00+00:00,2025-04-09 13:45:00+00:00,short,17366.75,17366.25,17366.0,17391.0,17341.0,17316.0,17291.0,17266.0,72.42531791192452,near_trigger,-32.42531791192452,25.0,False,False,False,False,True,stop,17391.0,17391.25,-25.25,0.0,-25.25,-1.01,36.0,47.75,1.44,1.91,1,0.0,0,2025-04-09,0.7784137367130007,2.2697345132743365,1.3538393449878292,partial_bullish,1.403461027422479,1.197849418290875,neutral,bearish,True,False,True,False,2025
244,185463,185464,185464,2025-04-10 13:31:00+00:00,2025-04-10 13:32:00+00:00,2025-04-10 13:32:00+00:00,short,18750.75,18750.0,18749.75,18774.75,18724.75,18699.75,18674.75,18649.75,72.42841624434698,near_trigger,-63.42841624434698,25.0,False,False,False,False,True,stop,18774.75,18775.0,-25.25,0.0,-25.25,-1.01,8.0,93.25,0.32,3.73,1,0.0,0,2025-04-10,3.2642487046632125,0.4325932707713436,0.6463906192744595,strong_bearish,3.846465854023013,1.02368020362248,bearish,bearish,True,True,False,False,2025
245,185472,185473,185473,2025-04-10 13:40:00+00:00,2025-04-10 13:41:00+00:00,2025-04-10 13:41:00+00:00,short,18736.75,18736.0,18735.75,18760.75,18710.75,18685.75,18660.75,18635.75,73.76977692103782,near_trigger,-69.76977692103782,25.0,False,False,False,False,True,stop,18760.75,18761.0,-25.25,0.0,-25.25,-1.01,13.5,49.25,0.54,1.97,1,0.0,0,2025-04-10,1.043991416309013,0.2946771908520542,0.6463906192744595,strong_bearish,1.698337169575674,1.0711123841266534,bearish,bearish,False,True,True,False,2025
246,185474,185475,185475,2025-04-10 13:42:00+00:00,2025-04-10 13:43:00+00:00,2025-04-10 13:43:00+00:00,short,18704.25,18704.5,18704.25,18729.25,18679.25,18654.25,18629.25,18604.25,75.25860037690201,near_trigger,-71.25860037690201,25.0,False,False,False,False,True,stop,18729.25,18729.5,-25.25,0.0,-25.25,-1.01,25.0,34.0,1.0,1.36,1,0.0,0,2025-04-10,0.6870942612308492,0.2946771908520542,0.6463906192744595,strong_bearish,1.6369582992641047,1.2857418098004096,bearish,bearish,False,True,True,False,2025
247,185492,185493,185495,2025-04-10 14:00:00+00:00,2025-04-10 14:01:00+00:00,2025-04-10 14:03:00+00:00,short,18647.25,18646.25,18646.0,18671.0,18621.0,18596.0,18571.0,18546.0,73.23793052990203,near_trigger,-71.23793052990203,25.0,True,True,False,False,True,stop,18671.0,18671.25,-25.25,0.0,-25.25,-1.01,57.75,27.25,2.31,1.09,3,2.0,2,2025-04-10,1.3670179789212649,1.7913496195434522,1.222401549386701,strong_bearish,1.0951262895766631,0.7771657081690255,bearish,bearish,False,True,True,True,2025
248,186871,186872,186872,2025-04-11 13:59:00+00:00,2025-04-11 14:00:00+00:00,2025-04-11 14:00:00+00:00,short,18550.25,18550.0,18549.75,18574.75,18524.75,18499.75,18474.75,18449.75,71.81369268402263,near_trigger,-37.81369268402263,25.0,False,False,False,False,True,stop,18574.75,18575.0,-25.25,0.0,-25.25,-1.01,45.5,36.75,1.82,1.47,1,0.0,0,2025-04-11,1.4940517844646606,2.300775193798449,0.3048615800135044,partial_bearish,0.4708997368994352,0.6005171713717864,neutral,bearish,True,False,True,False,2025
249,188224,188225,188227,2025-04-14 13:32:00+00:00,2025-04-14 13:33:00+00:00,2025-04-14 13:35:00+00:00,long,19197.25,19196.5,19196.75,19171.75,19221.75,19246.75,19271.75,19296.75,78.69877262652243,near_trigger,56.69877262652243,25.0,False,False,False,False,True,stop,19171.75,19171.5,-25.25,0.0,-25.25,-1.01,24.75,48.5,0.99,1.94,3,2.0,0,2025-04-14,2.883468834688347,1.4131218457101655,2.413793103448276,partial_bullish,4.489560039196965,1.070792906925875,bullish,bullish,False,True,True,True,2025
250,188245,188246,188246,2025-04-14 13:53:00+00:00,2025-04-14 13:54:00+00:00,2025-04-14 13:54:00+00:00,long,19095.75,19095.75,19096.0,19071.0,19121.0,19146.0,19171.0,19196.0,83.77690490186346,high_probability,69.77690490186346,25.0,False,False,False,False,True,stop,19071.0,19070.75,-25.25,0.0,-25.25,-1.01,12.75,29.75,0.51,1.19,1,0.0,0,2025-04-14,0.9433650268706076,3.494565217391304,1.3624429223744292,partial_bearish,1.0327675377076937,1.210773376604561,bullish,bullish,True,True,True,False,2025
251,188247,188248,188248,2025-04-14 13:55:00+00:00,2025-04-14 13:56:00+00:00,2025-04-14 13:56:00+00:00,long,19091.75,19092.5,19092.75,19067.75,19117.75,19142.75,19167.75,19192.75,71.0,near_trigger,65.23813323889439,25.0,False,False,False,False,True,stop,19067.75,19067.5,-25.25,0.0,-25.25,-1.01,5.0,42.0,0.2,1.68,1,0.0,0,2025-04-14,0.2455089820359281,2.781758957654723,1.3624429223744292,partial_bearish,0.6593662342752852,0.8684219017197431,bullish,bullish,True,True,True,False,2025
252,188255,188256,188261,2025-04-14 14:03:00+00:00,2025-04-14 14:04:00+00:00,2025-04-14 14:09:00+00:00,long,19135.0,19135.75,19136.0,19111.0,19161.0,19186.0,19211.0,19236.0,72.82505263157894,near_trigger,39.82505263157894,25.0,True,False,False,False,True,stop,19111.0,19110.75,-25.25,0.0,-25.25,-1.01,41.25,30.75,1.65,1.23,6,5.0,1,2025-04-14,1.6210526315789473,2.635406048250085,1.782949790794979,partial_bearish,1.4260055516246666,1.610511352721964,neutral,bullish,False,True,True,False,2025
253,189614,189615,189616,2025-04-15 13:42:00+00:00,2025-04-15 13:43:00+00:00,2025-04-15 13:44:00+00:00,long,19080.5,19080.5,19080.75,19055.75,19105.75,19130.75,19155.75,19180.75,73.91321947371462,near_trigger,40.91321947371462,25.0,False,False,False,False,True,stop,19055.75,19055.5,-25.25,0.0,-25.25,-1.01,6.0,28.0,0.24,1.12,2,1.0,0,2025-04-15,2.0199370409234,3.063197026022305,1.5350639287098025,strong_bullish,1.5139130893922594,0.9821599846537504,neutral,bullish,False,True,True,False,2025
254,189620,189621,189630,2025-04-15 13:48:00+00:00,2025-04-15 13:49:00+00:00,2025-04-15 13:58:00+00:00,long,19098.75,19098.5,19098.75,19073.75,19123.75,19148.75,19173.75,19198.75,77.21539440549903,near_trigger,77.21539440549903,25.0,False,False,False,False,True,stop,19073.75,19073.5,-25.25,0.0,-25.25,-1.01,19.0,33.25,0.76,1.33,10,9.0,0,2025-04-15,1.0604861503674392,3.357142857142857,4.104863746119351,strong_bullish,1.0885233936317569,0.9666632293799624,bullish,bullish,False,True,True,False,2025
255,190984,190985,190990,2025-04-16 13:32:00+00:00,2025-04-16 13:33:00+00:00,2025-04-16 13:38:00+00:00,short,18644.5,18644.25,18644.0,18669.0,18619.0,18594.0,18569.0,18544.0,70.0,near_trigger,-17.265643799065856,25.0,True,False,False,False,True,stop,18669.0,18669.25,-25.25,0.0,-25.25,-1.01,32.0,34.75,1.28,1.39,6,5.0,1,2025-04-16,2.1557305336832897,1.630012936610608,2.5448997384481253,partial_bearish,2.952771272443404,0.8780074511670013,bearish,bearish,True,True,True,False,2025
256,190997,190998,191001,2025-04-16 13:45:00+00:00,2025-04-16 13:46:00+00:00,2025-04-16 13:49:00+00:00,short,18607.0,18606.75,18606.5,18631.5,18581.5,18556.5,18531.5,18506.5,86.02088364271316,high_probability,-54.02088364271316,25.0,False,False,False,False,True,stop,18631.5,18631.75,-25.25,0.0,-25.25,-1.01,22.5,27.25,0.9,1.09,4,3.0,0,2025-04-16,1.4254545454545453,0.8289473684210527,1.336795844986017,partial_bearish,1.3795319264069263,1.0710393992306582,bearish,bearish,True,True,True,False,2025
257,191004,191005,191010,2025-04-16 13:52:00+00:00,2025-04-16 13:53:00+00:00,2025-04-16 13:58:00+00:00,short,18557.25,18557.5,18557.25,18582.25,18532.25,18507.25,18482.25,18457.25,72.74950088839594,near_trigger,-58.74950088839594,25.0,False,False,False,False,True,stop,18582.25,18582.5,-25.25,0.0,-25.25,-1.01,23.25,25.75,0.93,1.03,6,5.0,0,2025-04-16,1.6213086276780544,0.2340713962946226,1.336795844986017,strong_bearish,1.0420966845147877,1.0444354537057534,bearish,bearish,False,True,True,False,2025
258,191020,191021,191036,2025-04-16 14:08:00+00:00,2025-04-16 14:09:00+00:00,2025-04-16 14:24:00+00:00,short,18584.5,18584.5,18584.25,18609.25,18559.25,18534.25,18509.25,18484.25,73.2866438372923,near_trigger,-39.2866438372923,25.0,True,False,False,False,True,stop,18609.25,18609.5,-25.25,0.0,-25.25,-1.01,49.25,29.25,1.97,1.17,16,15.0,1,2025-04-16,1.897590361445783,2.368810916179337,2.534695315251849,partial_bearish,1.0586289603338843,0.987074220295331,bearish,bearish,False,False,True,False,2025
259,195122,195123,195137,2025-04-22 13:30:00+00:00,2025-04-22 13:31:00+00:00,2025-04-22 13:45:00+00:00,long,18114.0,18114.0,18114.25,18089.25,18139.25,18164.25,18189.25,18214.25,78.0,near_trigger,44.462035064722265,25.0,True,True,True,True,False,tp4,18214.25,18214.0,99.75,0.0,99.75,3.99,129.25,14.0,5.17,0.56,15,14.0,4,2025-04-22,3.079563182527301,0.6908358509566969,2.695059625212947,partial_bullish,9.55980144235272,1.1149707793981103,bullish,bullish,True,True,True,True,2025
260,196503,196504,196507,2025-04-23 13:31:00+00:00,2025-04-23 13:32:00+00:00,2025-04-23 13:35:00+00:00,long,18981.0,18981.5,18981.75,18956.75,19006.75,19031.75,19056.75,19081.75,72.63799650591686,near_trigger,51.63799650591686,25.0,True,False,False,False,True,stop,18956.75,18956.5,-25.25,0.0,-25.25,-1.01,25.5,29.5,1.02,1.18,4,3.0,1,2025-04-23,2.543741588156124,0.0975987606506584,1.2309058614564832,partial_bullish,4.107271730030888,0.7816637549307226,bullish,bullish,True,True,True,False,2025
261,196508,196509,196509,2025-04-23 13:36:00+00:00,2025-04-23 13:37:00+00:00,2025-04-23 13:37:00+00:00,long,18926.25,18927.0,18927.25,18902.25,18952.25,18977.25,19002.25,19027.25,78.0,near_trigger,41.35267015629535,25.0,True,True,True,True,False,tp4,19027.25,19027.0,99.75,0.0,99.75,3.99,160.75,10.25,6.43,0.41,1,0.0,4,2025-04-23,2.484602917341977,2.8746666666666667,1.2309058614564832,partial_bullish,2.970018068783878,1.2097548805588474,bullish,bullish,True,True,True,True,2025
262,196510,196511,196511,2025-04-23 13:38:00+00:00,2025-04-23 13:39:00+00:00,2025-04-23 13:39:00+00:00,long,19040.25,19040.5,19040.75,19015.75,19065.75,19090.75,19115.75,19140.75,76.0,near_trigger,58.02061246074659,25.0,False,False,False,False,True,stop,19015.75,19015.5,-25.25,0.0,-25.25,-1.01,7.0,74.0,0.28,2.96,1,0.0,0,2025-04-23,0.9147221043699618,2.8746666666666667,1.2309058614564832,strong_bullish,3.460010477604121,2.129480358966092,bullish,bullish,True,True,True,False,2025
263,196512,196513,196513,2025-04-23 13:40:00+00:00,2025-04-23 13:41:00+00:00,2025-04-23 13:41:00+00:00,long,19006.0,19005.75,19006.0,18981.0,19031.0,19056.0,19081.0,19106.0,83.09360504776991,high_probability,74.09360504776991,25.0,False,False,False,False,True,stop,18981.0,18980.75,-25.25,0.0,-25.25,-1.01,55.5,26.0,2.22,1.04,1,0.0,0,2025-04-23,1.0193457615195216,2.0387736699729486,1.2309058614564832,strong_bullish,1.5872002209239109,1.156911464066677,bullish,bullish,True,True,True,False,2025
264,196555,196556,196568,2025-04-23 14:23:00+00:00,2025-04-23 14:24:00+00:00,2025-04-23 14:36:00+00:00,long,19060.75,19060.0,19060.25,19035.25,19085.25,19110.25,19135.25,19160.25,92.92432861910058,a_plus_plus,61.92432861910058,25.0,True,True,True,True,False,tp4,19160.25,19160.0,99.75,0.0,99.75,3.99,105.5,19.25,4.22,0.77,13,12.0,4,2025-04-23,2.0469973890339426,0.2348555452003728,1.456561922365989,partial_bullish,1.3922439283530623,1.1036071825838234,bullish,bullish,True,True,True,True,2025
265,197883,197884,197884,2025-04-24 13:31:00+00:00,2025-04-24 13:32:00+00:00,2025-04-24 13:32:00+00:00,long,18892.75,18893.0,18893.25,18868.25,18918.25,18943.25,18968.25,18993.25,82.4012086464709,high_probability,61.401208646470906,25.0,False,False,False,False,True,stop,18868.25,18868.0,-25.25,0.0,-25.25,-1.01,1.0,32.5,0.04,1.3,1,0.0,0,2025-04-24,2.87221570926143,1.1694510739856805,1.3694016481547833,strong_bullish,7.370823145884271,1.0010072053924228,bullish,bullish,False,True,True,False,2025
266,197890,197891,197898,2025-04-24 13:38:00+00:00,2025-04-24 13:39:00+00:00,2025-04-24 13:46:00+00:00,long,18884.25,18885.0,18885.25,18860.25,18910.25,18935.25,18960.25,18985.25,76.0,near_trigger,61.37510270962858,25.0,True,True,True,True,False,tp4,18985.25,18985.0,99.75,0.0,99.75,3.99,104.0,8.0,4.16,0.32,8,7.0,4,2025-04-24,0.6591707659873507,1.9041986989946773,1.3694016481547833,strong_bullish,2.35191637630662,1.0273652167946454,bullish,bullish,True,True,True,False,2025
267,197903,197904,197920,2025-04-24 13:51:00+00:00,2025-04-24 13:52:00+00:00,2025-04-24 14:08:00+00:00,long,18994.75,18994.5,18994.75,18969.75,19019.75,19044.75,19069.75,19094.75,74.90398318689576,near_trigger,68.90398318689576,25.0,True,True,True,True,False,tp4,19094.75,19094.5,99.75,0.0,99.75,3.99,111.5,4.0,4.46,0.16,17,16.0,4,2025-04-24,0.7912584777694046,3.5728777362520026,2.7495170637475854,strong_bullish,0.6307795856256585,0.5935604678539712,bullish,bullish,False,False,True,False,2025
268,197922,197923,197948,2025-04-24 14:10:00+00:00,2025-04-24 14:11:00+00:00,2025-04-24 14:36:00+00:00,long,19061.0,19061.0,19061.25,19036.25,19086.25,19111.25,19136.25,19161.25,74.0,near_trigger,63.34030208848564,25.0,True,True,True,True,False,tp4,19161.25,19161.0,99.75,0.0,99.75,3.99,110.0,11.75,4.4,0.47,26,25.0,4,2025-04-24,0.9936305732484076,3.5476839237057223,3.140792136455623,partial_bullish,1.6731606257008724,1.2997482595952958,bullish,bullish,False,False,True,False,2025
269,199264,199265,199265,2025-04-25 13:32:00+00:00,2025-04-25 13:33:00+00:00,2025-04-25 13:33:00+00:00,short,19262.75,19263.0,19262.75,19287.75,19237.75,19212.75,19187.75,19162.75,94.8591275810201,a_plus_plus,-55.8591275810201,25.0,False,False,False,False,True,stop,19287.75,19288.0,-25.25,0.0,-25.25,-1.01,0.0,46.75,0.0,1.87,1,0.0,0,2025-04-25,2.8918590522478738,1.7075295581829495,0.627378759975445,partial_bullish,5.598929830961937,1.0492729841834176,bearish,bearish,True,True,True,True,2025
270,199266,199267,199267,2025-04-25 13:34:00+00:00,2025-04-25 13:35:00+00:00,2025-04-25 13:35:00+00:00,short,19326.5,19326.5,19326.25,19351.25,19301.25,19276.25,19251.25,19226.25,78.0,near_trigger,-47.18457586443998,25.0,False,False,False,False,True,stop,19351.25,19351.5,-25.25,0.0,-25.25,-1.01,0.0,26.5,0.0,1.06,1,0.0,0,2025-04-25,1.2872037914691945,1.7075295581829495,0.627378759975445,strong_bullish,3.4218044801457497,1.0724111082273553,bearish,bearish,True,True,True,True,2025
271,199268,199269,199283,2025-04-25 13:36:00+00:00,2025-04-25 13:37:00+00:00,2025-04-25 13:51:00+00:00,short,19353.75,19353.5,19353.25,19378.25,19328.25,19303.25,19278.25,19253.25,70.0,near_trigger,-35.66163398823777,25.0,True,True,True,True,False,tp4,19253.25,19253.5,99.75,0.0,99.75,3.99,107.75,10.0,4.31,0.4,15,14.0,4,2025-04-25,2.9089403973509933,2.2747909199522103,0.627378759975445,strong_bullish,2.4106758501937158,0.9682299546142208,bearish,neutral,True,True,True,True,2025
272,199314,199315,199316,2025-04-25 14:22:00+00:00,2025-04-25 14:23:00+00:00,2025-04-25 14:24:00+00:00,short,19271.5,19271.25,19271.0,19296.0,19246.0,19221.0,19196.0,19171.0,71.67590221187427,near_trigger,-54.67590221187427,25.0,False,False,False,False,True,stop,19296.0,19296.25,-25.25,0.0,-25.25,-1.01,18.25,34.5,0.73,1.38,2,1.0,0,2025-04-25,4.0011641443539,2.11340206185567,2.235390946502058,partial_bullish,2.052889815496998,1.9912570798646747,bearish,bearish,False,True,False,False,2025
273,200647,200648,200648,2025-04-28 13:35:00+00:00,2025-04-28 13:36:00+00:00,2025-04-28 13:36:00+00:00,long,19516.0,19516.25,19516.5,19491.5,19541.5,19566.5,19591.5,19616.5,74.03433457930774,near_trigger,33.03433457930774,25.0,False,False,False,False,True,stop,19491.5,19491.25,-25.25,0.0,-25.25,-1.01,6.0,33.75,0.24,1.35,1,0.0,0,2025-04-28,2.4432809773123907,2.544358311800172,2.1363088057901085,partial_bearish,3.281106653954777,1.040828554309681,bullish,bullish,True,True,False,False,2025
274,202057,202058,202058,2025-04-29 14:05:00+00:00,2025-04-29 14:06:00+00:00,2025-04-29 14:06:00+00:00,short,19570.25,19570.25,19570.0,19595.0,19545.0,19520.0,19495.0,19470.0,70.0,near_trigger,-17.505655807193904,25.0,False,False,False,False,True,stop,19595.0,19595.25,-25.25,0.0,-25.25,-1.01,1.0,31.0,0.04,1.24,1,0.0,0,2025-04-29,3.1782729805013927,2.532423208191126,0.5231402125471375,partial_bullish,2.261673818901495,1.782919991040603,bearish,bearish,False,False,True,False,2025
275,202061,202062,202108,2025-04-29 14:09:00+00:00,2025-04-29 14:10:00+00:00,2025-04-29 14:56:00+00:00,short,19575.0,19575.5,19575.25,19600.25,19550.25,19525.25,19500.25,19475.25,71.36851174650387,near_trigger,-41.36851174650387,25.0,True,True,True,False,True,stop,19600.25,19600.5,-25.25,0.0,-25.25,-1.01,99.25,32.75,3.97,1.31,47,46.0,3,2025-04-29,1.2463768115942029,2.532423208191126,0.5231402125471375,partial_bullish,0.8105861928859011,0.8315019702940285,bearish,bearish,False,False,True,False,2025
276,203409,203410,203429,2025-04-30 13:37:00+00:00,2025-04-30 13:38:00+00:00,2025-04-30 13:57:00+00:00,short,19224.25,19224.0,19223.75,19248.75,19198.75,19173.75,19148.75,19123.75,73.61212321436555,near_trigger,-72.61212321436555,25.0,True,True,True,True,False,tp4,19123.75,19124.0,99.75,0.0,99.75,3.99,108.75,14.5,4.35,0.58,20,19.0,4,2025-04-30,1.5636838667537556,1.112927191679049,3.76482617586912,partial_bearish,2.600823249972019,1.3177991733037604,bearish,bearish,True,True,True,False,2025
277,204784,204785,204788,2025-05-01 13:32:00+00:00,2025-05-01 13:33:00+00:00,2025-05-01 13:36:00+00:00,long,19942.75,19942.5,19942.75,19917.75,19967.75,19992.75,20017.75,20042.75,75.33077209299711,near_trigger,45.33077209299711,25.0,True,False,False,False,True,stop,19917.75,19917.5,-25.25,0.0,-25.25,-1.01,29.25,25.5,1.17,1.02,4,3.0,1,2025-05-01,2.570884871550904,1.0065359477124185,1.590027700831025,partial_bearish,4.737652373621382,1.1453884265247845,neutral,bullish,True,False,True,False,2025
278,206187,206188,206189,2025-05-02 13:55:00+00:00,2025-05-02 13:56:00+00:00,2025-05-02 13:57:00+00:00,long,20094.25,20093.75,20094.0,20069.0,20119.0,20144.0,20169.0,20194.0,81.26048415094017,high_probability,57.26048415094017,25.0,False,False,False,False,True,stop,20069.0,20068.75,-25.25,0.0,-25.25,-1.01,6.0,36.5,0.24,1.46,2,1.0,0,2025-05-02,0.3963855421686747,0.41875,3.734833266372037,partial_bullish,0.8247252019600053,0.8520098848196191,bullish,bullish,True,True,True,False,2025
279,206190,206191,206208,2025-05-02 13:58:00+00:00,2025-05-02 13:59:00+00:00,2025-05-02 14:16:00+00:00,long,20065.5,20066.0,20066.25,20041.25,20091.25,20116.25,20141.25,20166.25,71.0,near_trigger,42.70584755165831,25.0,True,True,True,True,False,tp4,20166.25,20166.0,99.75,0.0,99.75,3.99,105.0,9.75,4.2,0.39,18,17.0,4,2025-05-02,0.1753287413901064,0.41875,3.734833266372037,partial_bullish,0.722860057012841,0.7766444687965383,bullish,bullish,True,True,True,False,2025
280,206212,206213,206272,2025-05-02 14:20:00+00:00,2025-05-02 14:21:00+00:00,2025-05-02 15:20:00+00:00,long,20133.0,20132.75,20133.0,20108.0,20158.0,20183.0,20208.0,20233.0,78.0,near_trigger,66.96587554521203,25.0,True,True,False,False,False,max_holding_time,20175.25,20175.0,42.0,0.0,42.0,1.68,61.25,17.5,2.45,0.7,60,59.0,2,2025-05-02,1.0196078431372548,1.5990547459629776,1.029683377308707,partial_bullish,1.6165614840313636,1.365038352846185,bullish,bullish,True,True,True,False,2025
281,207563,207564,207623,2025-05-05 13:51:00+00:00,2025-05-05 13:52:00+00:00,2025-05-05 14:51:00+00:00,long,20018.0,20019.0,20019.25,19994.25,20044.25,20069.25,20094.25,20119.25,71.0,near_trigger,48.139328388249744,25.0,True,True,True,False,False,max_holding_time,20084.5,20084.25,65.0,0.0,65.0,2.6,91.75,11.0,3.67,0.44,60,59.0,3,2025-05-05,1.0120481927710845,1.6488011283497883,1.4206642066420665,partial_bullish,0.9546204002098478,0.7228488330850535,bullish,bullish,True,True,True,False,2025
282,208923,208924,208924,2025-05-06 13:31:00+00:00,2025-05-06 13:32:00+00:00,2025-05-06 13:32:00+00:00,short,19816.75,19816.75,19816.5,19841.5,19791.5,19766.5,19741.5,19716.5,78.0,near_trigger,-66.51623365480317,25.0,False,False,False,False,True,stop,19841.5,19841.75,-25.25,0.0,-25.25,-1.01,1.0,27.25,0.04,1.09,1,0.0,0,2025-05-06,2.2016129032258065,1.904,1.6402640264026402,partial_bearish,4.771607404447996,0.8198052876640239,bearish,bearish,True,False,True,False,2025
283,208925,208926,208931,2025-05-06 13:33:00+00:00,2025-05-06 13:34:00+00:00,2025-05-06 13:39:00+00:00,short,19828.75,19828.75,19828.5,19853.5,19803.5,19778.5,19753.5,19728.5,82.28098827197026,high_probability,-45.28098827197026,25.0,False,False,False,False,True,stop,19853.5,19853.75,-25.25,0.0,-25.25,-1.01,9.5,36.0,0.38,1.44,6,5.0,0,2025-05-06,2.41726618705036,1.904,1.6402640264026402,partial_bearish,2.803480242828026,0.8684494592557893,bearish,bearish,True,False,True,False,2025
284,210302,210303,210303,2025-05-07 13:30:00+00:00,2025-05-07 13:31:00+00:00,2025-05-07 13:31:00+00:00,short,19867.25,19867.5,19867.25,19892.25,19842.25,19817.25,19792.25,19767.25,90.27782414525224,a_plus_plus,-69.27782414525223,25.0,False,False,False,False,True,stop,19892.25,19892.5,-25.25,0.0,-25.25,-1.01,0.75,48.25,0.03,1.93,1,0.0,0,2025-05-07,3.1561996779388086,0.7419354838709677,0.7024835276229093,strong_bearish,6.901692372603254,0.8981867877101789,bearish,bearish,True,True,True,True,2025
285,210305,210306,210316,2025-05-07 13:33:00+00:00,2025-05-07 13:34:00+00:00,2025-05-07 13:44:00+00:00,short,19906.5,19906.0,19905.75,19930.75,19880.75,19855.75,19830.75,19805.75,73.0,near_trigger,-54.60215317530386,25.0,True,False,False,False,True,stop,19930.75,19931.0,-25.25,0.0,-25.25,-1.01,38.5,28.5,1.54,1.14,11,10.0,1,2025-05-07,0.676923076923077,0.7419354838709677,0.7024835276229093,partial_bearish,2.4395274704669045,0.7135903026313986,bearish,bearish,True,True,True,False,2025
286,211723,211724,211730,2025-05-08 14:11:00+00:00,2025-05-08 14:12:00+00:00,2025-05-08 14:18:00+00:00,short,20043.25,20044.0,20043.75,20068.75,20018.75,19993.75,19968.75,19943.75,83.7216889065923,high_probability,-83.7216889065923,25.0,False,False,False,False,True,stop,20068.75,20069.0,-25.25,0.0,-25.25,-1.01,18.75,28.25,0.75,1.13,7,6.0,0,2025-05-08,2.2562449637389204,1.614814814814815,1.8155430711610483,strong_bearish,1.360731764655596,1.2680740888269268,bearish,bearish,True,True,True,False,2025
287,213063,213064,213084,2025-05-09 13:31:00+00:00,2025-05-09 13:32:00+00:00,2025-05-09 13:52:00+00:00,long,20236.75,20237.0,20237.25,20212.25,20262.25,20287.25,20312.25,20337.25,78.0,near_trigger,62.0536088159813,25.0,True,False,False,False,True,stop,20212.25,20212.0,-25.25,0.0,-25.25,-1.01,42.5,31.25,1.7,1.25,21,20.0,1,2025-05-09,0.3127147766323024,1.7254054054054055,0.5578996718237225,partial_bullish,6.648038571115494,0.7213516277078924,bullish,bullish,True,True,True,False,2025
288,213090,213091,213097,2025-05-09 13:58:00+00:00,2025-05-09 13:59:00+00:00,2025-05-09 14:05:00+00:00,long,20256.0,20256.5,20256.75,20231.75,20281.75,20306.75,20331.75,20356.75,81.60374603242792,high_probability,69.60374603242792,25.0,False,False,False,False,True,stop,20231.75,20231.5,-25.25,0.0,-25.25,-1.01,10.0,25.5,0.4,1.02,7,6.0,0,2025-05-09,2.1346534653465348,0.0715502555366269,0.6346830985915494,strong_bullish,1.3815411155836683,1.2635177332938896,bullish,bullish,True,True,True,False,2025
289,214443,214444,214447,2025-05-12 13:31:00+00:00,2025-05-12 13:32:00+00:00,2025-05-12 13:35:00+00:00,long,20824.25,20824.5,20824.75,20799.75,20849.75,20874.75,20899.75,20924.75,70.0,near_trigger,15.060301325104376,25.0,True,False,False,False,True,stop,20799.75,20799.5,-25.25,0.0,-25.25,-1.01,30.25,34.5,1.21,1.38,4,3.0,1,2025-05-12,5.72210953346856,0.1452031114952463,0.2694610778443114,strong_bearish,7.232334208699327,1.4497488957463545,bullish,bullish,False,True,True,False,2025
290,215825,215826,215853,2025-05-13 13:33:00+00:00,2025-05-13 13:34:00+00:00,2025-05-13 14:01:00+00:00,long,21033.75,21033.75,21034.0,21009.0,21059.0,21084.0,21109.0,21134.0,83.87527523290063,high_probability,62.87527523290064,25.0,True,True,True,True,False,tp4,21134.0,21133.75,99.75,0.0,99.75,3.99,106.5,14.0,4.26,0.56,28,27.0,4,2025-05-13,2.617611580217129,0.0779401530967293,1.223157894736842,strong_bullish,3.08350354439505,0.9178761239189992,bullish,neutral,True,True,True,True,2025
291,215869,215870,215872,2025-05-13 14:17:00+00:00,2025-05-13 14:18:00+00:00,2025-05-13 14:20:00+00:00,long,21236.75,21236.5,21236.75,21211.75,21261.75,21286.75,21311.75,21336.75,70.25882352941176,near_trigger,65.25882352941176,25.0,False,False,False,False,True,stop,21211.75,21211.5,-25.25,0.0,-25.25,-1.01,0.0,32.75,0.0,1.31,3,2.0,0,2025-05-13,3.922994652406417,4.376395534290271,3.949238578680203,strong_bullish,1.933507858820608,1.7764552653845056,bullish,bullish,False,True,True,False,2025
292,218583,218584,218587,2025-05-15 13:48:00+00:00,2025-05-15 13:49:00+00:00,2025-05-15 13:52:00+00:00,short,21260.0,21259.5,21259.25,21284.25,21234.25,21209.25,21184.25,21159.25,71.50372724578679,near_trigger,-71.50372724578679,25.0,False,False,False,False,True,stop,21284.25,21284.5,-25.25,0.0,-25.25,-1.01,11.0,35.5,0.44,1.42,4,3.0,0,2025-05-15,2.01860465116279,0.690931523750771,1.4537084398976985,partial_bullish,0.8979298082214978,0.708919991644036,bearish,bearish,False,True,True,False,2025
293,218624,218625,218642,2025-05-15 14:29:00+00:00,2025-05-15 14:30:00+00:00,2025-05-15 14:47:00+00:00,short,21288.5,21287.75,21287.5,21312.5,21262.5,21237.5,21212.5,21187.5,73.4817767523334,near_trigger,-67.4817767523334,25.0,True,False,False,False,True,stop,21312.5,21312.75,-25.25,0.0,-25.25,-1.01,30.75,27.5,1.23,1.1,18,17.0,1,2025-05-15,1.9897013388259528,0.6260949746426925,0.3417508417508417,partial_bullish,1.0941071974605765,0.9408730059352384,bearish,bearish,False,True,True,False,2025
294,219946,219947,219956,2025-05-16 13:31:00+00:00,2025-05-16 13:32:00+00:00,2025-05-16 13:41:00+00:00,long,21425.5,21425.0,21425.25,21400.25,21450.25,21475.25,21500.25,21525.25,78.0,near_trigger,46.28494769016018,25.0,False,False,False,False,True,stop,21400.25,21400.0,-25.25,0.0,-25.25,-1.01,20.25,32.0,0.81,1.28,10,9.0,0,2025-05-16,1.3689516129032258,1.0528200537153087,0.9499341238471674,partial_bearish,3.018636181118171,0.7796343405135339,bullish,bullish,True,False,True,False,2025
295,221378,221379,221381,2025-05-19 14:23:00+00:00,2025-05-19 14:24:00+00:00,2025-05-19 14:26:00+00:00,long,21433.25,21433.0,21433.25,21409.25,21458.25,21483.25,21508.25,21533.25,70.8210630114382,near_trigger,54.8210630114382,24.0,False,False,False,False,True,stop,21409.25,21409.0,-24.25,0.0,-24.25,-1.0104166666666667,10.25,30.75,0.4270833333333333,1.28125,3,2.0,0,2025-05-19,1.2228443449048152,2.024162120031177,4.341408870667164,partial_bullish,0.8540544574776411,0.7166939802298514,bullish,bullish,False,True,True,False,2025
296,222708,222709,222768,2025-05-20 13:33:00+00:00,2025-05-20 13:34:00+00:00,2025-05-20 14:33:00+00:00,short,21431.5,21431.5,21431.25,21456.25,21406.25,21381.25,21356.25,21331.25,70.0,near_trigger,-48.15823872973337,25.0,True,True,True,False,False,max_holding_time,21398.25,21398.5,32.75,0.0,32.75,1.31,77.25,8.5,3.09,0.34,60,59.0,3,2025-05-20,1.6975,2.2151898734177218,2.112206216830933,partial_bearish,2.338344070627535,0.6096754877792726,bearish,bearish,False,True,True,False,2025
297,224085,224086,224087,2025-05-21 13:30:00+00:00,2025-05-21 13:31:00+00:00,2025-05-21 13:32:00+00:00,short,21303.75,21304.0,21303.75,21328.75,21278.75,21253.75,21228.75,21203.75,78.0,near_trigger,-53.1280878128847,25.0,False,False,False,False,True,stop,21328.75,21329.0,-25.25,0.0,-25.25,-1.01,7.0,34.5,0.28,1.38,2,1.0,0,2025-05-21,2.3688212927756656,1.2703941338221814,0.7458710708577516,partial_bearish,8.317611940298507,0.8932601559294214,bearish,bearish,True,False,True,False,2025
298,224088,224089,224099,2025-05-21 13:33:00+00:00,2025-05-21 13:34:00+00:00,2025-05-21 13:44:00+00:00,short,21339.0,21338.75,21338.5,21363.5,21313.5,21288.5,21263.5,21238.5,70.0,near_trigger,-45.38512547584054,25.0,True,False,False,False,True,stop,21363.5,21363.75,-25.25,0.0,-25.25,-1.01,25.25,33.75,1.01,1.35,11,10.0,1,2025-05-21,4.838095238095238,1.2703941338221814,0.7458710708577516,partial_bearish,3.193512463950201,0.893347817751933,bearish,neutral,True,False,True,False,2025
299,225466,225467,225487,2025-05-22 13:31:00+00:00,2025-05-22 13:32:00+00:00,2025-05-22 13:52:00+00:00,short,21203.75,21203.75,21203.5,21228.5,21178.5,21153.5,21128.5,21103.5,78.0,near_trigger,-23.78907812159092,25.0,True,True,True,False,True,stop,21228.5,21228.75,-25.25,0.0,-25.25,-1.01,89.75,36.5,3.59,1.46,21,20.0,3,2025-05-22,1.1316818774445894,1.0473407364114553,2.201460976547482,partial_bullish,3.7756686798964623,0.8424348986742303,bearish,bearish,True,True,True,True,2025
300,225495,225496,225508,2025-05-22 14:00:00+00:00,2025-05-22 14:01:00+00:00,2025-05-22 14:13:00+00:00,long,21290.0,21290.25,21290.5,21265.5,21315.5,21340.5,21365.5,21390.5,72.56644965955336,near_trigger,66.56644965955336,25.0,True,False,False,False,True,stop,21265.5,21265.25,-25.25,0.0,-25.25,-1.01,39.75,27.75,1.59,1.11,13,12.0,1,2025-05-22,1.655813953488372,3.427604362542309,2.6536758193091234,strong_bullish,1.3609971984246214,0.9758511768730258,bullish,bullish,False,False,True,False,2025
301,229391,229392,229443,2025-05-27 13:56:00+00:00,2025-05-27 13:57:00+00:00,2025-05-27 14:48:00+00:00,long,21288.75,21289.25,21289.5,21264.5,21314.5,21339.5,21364.5,21389.5,71.27090494975911,near_trigger,71.27090494975911,25.0,True,True,True,True,False,tp4,21389.5,21389.25,99.75,0.0,99.75,3.99,104.25,5.5,4.17,0.22,52,51.0,4,2025-05-27,0.944963655244029,0.4615384615384615,1.3055126223596083,partial_bullish,0.5007268615732515,0.4523896388179496,bullish,bullish,False,False,True,False,2025
302,230745,230746,230763,2025-05-28 13:30:00+00:00,2025-05-28 13:31:00+00:00,2025-05-28 13:48:00+00:00,long,21509.75,21509.75,21510.0,21486.0,21535.0,21560.0,21585.0,21610.0,85.43817464537244,high_probability,59.43817464537244,24.0,True,True,False,False,True,stop,21486.0,21485.75,-24.25,0.0,-24.25,-1.0104166666666667,54.75,24.0,2.28125,1.0,18,17.0,2,2025-05-28,1.697872340425532,0.1824644549763033,0.4329896907216495,partial_bearish,9.251592356687896,0.980622545360122,bullish,bullish,True,True,True,True,2025
303,232125,232126,232136,2025-05-29 13:30:00+00:00,2025-05-29 13:31:00+00:00,2025-05-29 13:41:00+00:00,short,21649.5,21649.25,21649.0,21674.0,21624.0,21599.0,21574.0,21549.0,82.74620351571785,high_probability,-51.74620351571785,25.0,True,True,True,True,False,tp4,21549.0,21549.25,99.75,0.0,99.75,3.99,114.5,1.75,4.58,0.07,11,10.0,4,2025-05-29,1.467065868263473,0.8120411160058737,0.6275415896487985,partial_bullish,6.709202888918428,1.0080151248868296,bearish,bearish,False,True,True,False,2025
304,232139,232140,232150,2025-05-29 13:44:00+00:00,2025-05-29 13:45:00+00:00,2025-05-29 13:55:00+00:00,short,21526.5,21527.0,21526.75,21551.75,21501.75,21476.75,21451.75,21426.75,88.43454038997214,high_probability,-87.43454038997214,25.0,True,False,False,False,True,stop,21551.75,21552.0,-25.25,0.0,-25.25,-1.01,41.25,30.25,1.65,1.21,11,10.0,1,2025-05-29,1.394150417827298,3.3255813953488373,0.6275415896487985,partial_bearish,1.4170140752053495,1.6127024392535438,bearish,bearish,True,True,True,False,2025
305,232162,232163,232170,2025-05-29 14:07:00+00:00,2025-05-29 14:08:00+00:00,2025-05-29 14:15:00+00:00,short,21416.5,21415.75,21415.5,21440.5,21390.5,21365.5,21340.5,21315.5,71.72374100719425,near_trigger,-66.72374100719425,25.0,False,False,False,False,True,stop,21440.5,21440.75,-25.25,0.0,-25.25,-1.01,20.0,33.75,0.8,1.35,8,7.0,0,2025-05-29,4.189928057553956,1.814592274678112,2.421164772727273,strong_bearish,1.6599571885378035,2.133049590799497,bearish,bearish,False,True,False,False,2025
306,233507,233508,233527,2025-05-30 13:32:00+00:00,2025-05-30 13:33:00+00:00,2025-05-30 13:52:00+00:00,short,21340.75,21340.5,21340.25,21365.25,21315.25,21290.25,21265.25,21240.25,90.04086622324961,a_plus_plus,-77.04086622324961,25.0,True,True,True,True,False,tp4,21240.25,21240.5,99.75,0.0,99.75,3.99,105.5,14.0,4.22,0.56,20,19.0,4,2025-05-30,1.0905550146056475,1.0441176470588236,2.1189759036144578,partial_bullish,2.663755458515284,0.7007218527080112,bearish,bearish,True,True,True,True,2025
307,234922,234923,234926,2025-06-02 14:07:00+00:00,2025-06-02 14:08:00+00:00,2025-06-02 14:11:00+00:00,long,21313.0,21313.75,21314.0,21289.0,21339.0,21364.0,21389.0,21414.0,82.48750133813013,high_probability,50.48750133813013,25.0,False,False,False,False,True,stop,21289.0,21288.75,-25.25,0.0,-25.25,-1.01,16.0,33.25,0.64,1.33,4,3.0,0,2025-06-02,1.0733333333333333,3.744435917114352,0.3650851140890981,partial_bullish,0.9619349585044268,1.2179177817751063,bullish,bullish,True,True,True,False,2025
308,237658,237659,237663,2025-06-04 13:43:00+00:00,2025-06-04 13:44:00+00:00,2025-06-04 13:48:00+00:00,short,21757.25,21756.75,21756.5,21781.5,21731.5,21706.5,21681.5,21656.5,75.4366633864557,near_trigger,-50.436663386455706,25.0,False,False,False,False,True,stop,21781.5,21781.75,-25.25,0.0,-25.25,-1.01,5.75,26.75,0.23,1.07,5,4.0,0,2025-06-04,1.5899497487437186,3.23347280334728,1.231645569620253,partial_bearish,1.4626391096979332,1.363886155379759,neutral,bearish,True,True,True,False,2025
309,237666,237667,237683,2025-06-04 13:51:00+00:00,2025-06-04 13:52:00+00:00,2025-06-04 14:08:00+00:00,short,21742.5,21742.0,21741.75,21766.75,21716.75,21691.75,21666.75,21641.75,86.02952747802053,high_probability,-49.029527478020526,25.0,True,True,True,True,False,tp4,21641.75,21642.0,99.75,0.0,99.75,3.99,100.75,16.0,4.03,0.64,17,16.0,4,2025-06-04,1.870563674321503,2.3315343099460293,2.596710153148043,partial_bullish,1.8187000490246377,1.634074635580459,neutral,bearish,True,True,True,False,2025
310,239025,239026,239026,2025-06-05 13:30:00+00:00,2025-06-05 13:31:00+00:00,2025-06-05 13:31:00+00:00,long,21831.75,21831.5,21831.75,21806.75,21856.75,21881.75,21906.75,21931.75,82.56972322996654,high_probability,69.56972322996654,25.0,False,False,False,False,True,stop,21806.75,21806.5,-25.25,0.0,-25.25,-1.01,5.75,62.0,0.23,2.48,1,0.0,0,2025-06-05,2.008968609865471,0.1145194274028629,0.9034449296458028,partial_bullish,9.516378987869397,1.1414360249721178,bullish,bullish,False,True,True,False,2025
311,239027,239028,239034,2025-06-05 13:32:00+00:00,2025-06-05 13:33:00+00:00,2025-06-05 13:39:00+00:00,long,21792.0,21792.0,21792.25,21767.25,21817.25,21842.25,21867.25,21892.25,73.0,near_trigger,31.95137732176849,25.0,False,False,False,False,True,stop,21767.25,21767.0,-25.25,0.0,-25.25,-1.01,24.5,52.5,0.98,2.1,7,6.0,0,2025-06-05,0.7945205479452054,0.1145194274028629,0.9034449296458028,partial_bearish,4.769291739795052,1.2288750629098255,bullish,bullish,True,True,True,False,2025
312,239035,239036,239040,2025-06-05 13:40:00+00:00,2025-06-05 13:41:00+00:00,2025-06-05 13:45:00+00:00,long,21774.75,21774.5,21774.75,21749.75,21799.75,21824.75,21849.75,21874.75,71.45842458800473,near_trigger,34.45842458800473,25.0,False,False,False,False,True,stop,21749.75,21749.5,-25.25,0.0,-25.25,-1.01,20.75,50.5,0.83,2.02,5,4.0,0,2025-06-05,0.5983658076681333,1.435313262815297,0.9034449296458028,partial_bearish,2.224210801657557,1.4668204061992138,bullish,bullish,True,True,False,False,2025
313,243166,243167,243174,2025-06-10 13:31:00+00:00,2025-06-10 13:32:00+00:00,2025-06-10 13:39:00+00:00,short,21840.25,21840.25,21840.0,21865.0,21815.0,21790.0,21765.0,21740.0,74.86396707725558,near_trigger,-34.86396707725558,25.0,False,False,False,False,True,stop,21865.0,21865.25,-25.25,0.0,-25.25,-1.01,22.0,44.0,0.88,1.76,8,7.0,0,2025-06-10,0.8278260869565218,1.2616279069767442,1.1209341117598,strong_bearish,6.018542497539753,0.8731983708312668,neutral,bearish,True,True,True,False,2025
314,244602,244603,244644,2025-06-11 14:27:00+00:00,2025-06-11 14:28:00+00:00,2025-06-11 15:09:00+00:00,long,22041.25,22041.25,22041.5,22016.5,22066.5,22091.5,22116.5,22141.5,75.0692151422455,near_trigger,73.0692151422455,25.0,True,False,False,False,True,stop,22016.5,22016.25,-25.25,0.0,-25.25,-1.01,25.25,43.5,1.01,1.74,42,41.0,1,2025-06-11,1.950381679389313,1.6159909909909909,0.3045685279187817,partial_bullish,1.0831886130690913,1.056407020573535,bullish,bullish,False,False,True,False,2025
315,245950,245951,245962,2025-06-12 13:55:00+00:00,2025-06-12 13:56:00+00:00,2025-06-12 14:07:00+00:00,short,21850.25,21850.0,21849.75,21874.75,21824.75,21799.75,21774.75,21749.75,79.0,near_trigger,-56.0,25.0,False,False,False,False,True,stop,21874.75,21875.0,-25.25,0.0,-25.25,-1.01,10.0,53.25,0.4,2.13,12,11.0,0,2025-06-12,1.7969661610268377,1.943313953488372,2.8946444249341527,partial_bullish,2.0995292706884894,2.0847689501418727,bearish,bearish,True,True,True,True,2025
316,247305,247306,247345,2025-06-13 13:30:00+00:00,2025-06-13 13:31:00+00:00,2025-06-13 14:10:00+00:00,long,21721.0,21721.75,21722.0,21697.0,21747.0,21772.0,21797.0,21822.0,84.16695288778608,high_probability,71.16695288778608,25.0,True,True,False,False,True,stop,21697.0,21696.75,-25.25,0.0,-25.25,-1.01,74.25,33.25,2.97,1.33,40,39.0,2,2025-06-13,4.106235565819862,1.2673931265716682,0.4623323013415893,strong_bullish,9.599829714772245,1.4724607398217375,bullish,bullish,False,True,True,False,2025
317,248267,248268,248292,2025-06-16 13:32:00+00:00,2025-06-16 13:33:00+00:00,2025-06-16 13:57:00+00:00,long,22067.0,22067.0,22067.25,22042.25,22092.25,22117.25,22142.25,22167.25,76.0,near_trigger,35.30381701521077,25.0,True,True,True,True,False,tp4,22167.25,22167.0,99.75,0.0,99.75,3.99,100.75,16.75,4.03,0.67,25,24.0,4,2025-06-16,2.5454545454545454,1.6944770857814335,0.973724884080371,partial_bearish,5.598644202970791,0.8528797600516345,bullish,bullish,True,True,True,True,2025
318,251030,251031,251069,2025-06-18 13:35:00+00:00,2025-06-18 13:36:00+00:00,2025-06-18 14:14:00+00:00,long,21949.5,21949.5,21949.75,21924.75,21974.75,21999.75,22024.75,22049.75,71.66528855331173,near_trigger,60.665288553311726,25.0,True,True,True,True,False,tp4,22049.75,22049.5,99.75,0.0,99.75,3.99,102.5,21.25,4.1,0.85,39,38.0,4,2025-06-18,2.2586206896551726,4.040268456375839,0.6280373831775701,strong_bearish,2.91187305185605,0.971073794426437,bullish,bullish,True,True,False,False,2025
319,251075,251076,251135,2025-06-18 14:20:00+00:00,2025-06-18 14:21:00+00:00,2025-06-18 15:20:00+00:00,long,22072.25,22072.5,22072.75,22047.75,22097.75,22122.75,22147.75,22172.75,71.0,near_trigger,70.0,25.0,True,False,False,False,False,max_holding_time,22051.0,22050.75,-22.0,0.0,-22.0,-0.88,26.0,23.25,1.04,0.93,60,59.0,1,2025-06-18,2.0697350069735005,1.7489387507580352,1.613254203758655,strong_bullish,1.819364161849711,1.9520590424212356,bullish,bullish,False,True,True,False,2025
320,252405,252406,252423,2025-06-19 13:30:00+00:00,2025-06-19 13:31:00+00:00,2025-06-19 13:48:00+00:00,short,21770.0,21771.0,21770.75,21795.75,21745.75,21720.75,21695.75,21670.75,81.94424939216226,high_probability,-52.94424939216226,25.0,True,True,True,True,False,tp4,21670.75,21671.0,99.75,0.0,99.75,3.99,120.5,8.5,4.82,0.34,18,17.0,4,2025-06-19,1.2444444444444445,1.581920903954802,1.2876391329818395,partial_bearish,7.647610121836927,0.3672579742945136,bearish,bearish,False,False,True,False,2025
321,253545,253546,253546,2025-06-20 13:30:00+00:00,2025-06-20 13:31:00+00:00,2025-06-20 13:31:00+00:00,long,22086.5,22086.25,22086.5,22061.5,22111.5,22136.5,22161.5,22186.5,71.01797752808989,near_trigger,54.01797752808989,25.0,False,False,False,False,True,stop,22061.5,22061.25,-25.25,0.0,-25.25,-1.01,11.0,26.75,0.44,1.07,1,0.0,0,2025-06-20,2.453932584269663,1.875207986688852,2.852589641434263,strong_bullish,7.03313344236477,1.516598201398912,bullish,bullish,True,True,True,False,2025
322,253551,253552,253563,2025-06-20 13:36:00+00:00,2025-06-20 13:37:00+00:00,2025-06-20 13:48:00+00:00,long,22104.0,22104.5,22104.75,22079.75,22129.75,22154.75,22179.75,22204.75,80.11848066523902,high_probability,67.11848066523902,25.0,True,False,False,False,True,stop,22079.75,22079.5,-25.25,0.0,-25.25,-1.01,26.0,34.5,1.04,1.38,12,11.0,1,2025-06-20,1.5508666164280331,2.364306784660767,2.852589641434263,strong_bullish,1.7680819996819477,1.317774329799155,bullish,neutral,True,True,True,False,2025
323,254925,254926,254938,2025-06-23 13:30:00+00:00,2025-06-23 13:31:00+00:00,2025-06-23 13:43:00+00:00,short,21848.75,21848.0,21847.75,21872.75,21822.75,21797.75,21772.75,21747.75,81.53083126476419,high_probability,-80.53083126476419,25.0,True,True,True,False,True,stop,21872.75,21873.0,-25.25,0.0,-25.25,-1.01,89.25,37.75,3.57,1.51,13,12.0,3,2025-06-23,2.2691131498470947,0.6796116504854369,0.7210606833248342,partial_bearish,6.957394489888092,0.9137524221293648,bearish,bearish,False,False,True,False,2025
324,256306,256307,256307,2025-06-24 13:31:00+00:00,2025-06-24 13:32:00+00:00,2025-06-24 13:32:00+00:00,long,22304.5,22304.5,22304.75,22284.0,22329.75,22354.75,22379.75,22404.75,84.87997068807734,high_probability,62.879970688077336,20.75,False,False,False,False,True,stop,22284.0,22283.75,-21.0,0.0,-21.0,-1.0120481927710845,10.25,27.25,0.4939759036144578,1.313253012048193,1,0.0,0,2025-06-24,1.0858085808580855,0.2267206477732793,0.0515970515970515,strong_bullish,5.684016177246351,0.9453551113515728,bullish,bullish,True,True,True,False,2025
325,259093,259094,259153,2025-06-26 13:58:00+00:00,2025-06-26 13:59:00+00:00,2025-06-26 14:58:00+00:00,long,22538.0,22538.25,22538.5,22513.5,22563.5,22588.5,22613.5,22638.5,75.19857433808554,near_trigger,62.198574338085535,25.0,True,True,False,False,False,max_holding_time,22571.5,22571.25,32.75,0.0,32.75,1.31,60.75,1.25,2.43,0.05,60,59.0,2,2025-06-26,2.0529531568228108,1.612121212121212,1.897330595482546,partial_bearish,0.948794059132063,1.6329445370149964,bullish,neutral,False,False,True,False,2025
326,260449,260450,260454,2025-06-27 13:34:00+00:00,2025-06-27 13:35:00+00:00,2025-06-27 13:39:00+00:00,short,22718.0,22717.75,22717.5,22742.5,22692.5,22667.5,22642.5,22617.5,74.50277600061222,near_trigger,-36.502776000612215,25.0,False,False,False,False,True,stop,22742.5,22742.75,-25.25,0.0,-25.25,-1.01,12.0,25.5,0.48,1.02,5,4.0,0,2025-06-27,0.7678571428571429,0.3711558854718981,2.4266666666666667,partial_bearish,2.1753469836471075,1.042030082611987,neutral,bearish,True,True,True,False,2025
327,263218,263219,263223,2025-07-01 13:43:00+00:00,2025-07-01 13:44:00+00:00,2025-07-01 13:48:00+00:00,short,22788.5,22788.5,22788.25,22813.25,22763.25,22738.25,22713.25,22688.25,86.00820113100636,high_probability,-86.00820113100636,25.0,False,False,False,False,True,stop,22813.25,22813.5,-25.25,0.0,-25.25,-1.01,8.5,38.25,0.34,1.53,5,4.0,0,2025-07-01,1.4524064171122992,0.1428571428571428,0.1678082191780822,partial_bearish,1.9151119207655425,1.2137861474963836,bearish,bearish,True,True,True,True,2025
328,263224,263225,263250,2025-07-01 13:49:00+00:00,2025-07-01 13:50:00+00:00,2025-07-01 14:15:00+00:00,short,22819.75,22819.25,22819.0,22844.0,22794.0,22769.0,22744.0,22719.0,71.0,near_trigger,-50.51285925258742,25.0,True,False,False,False,True,stop,22844.0,22844.25,-25.25,0.0,-25.25,-1.01,36.75,26.0,1.47,1.04,26,25.0,1,2025-07-01,1.764294049008168,0.2955854126679462,0.7453703703703703,partial_bullish,1.3975381280483083,1.1516721319842291,bearish,bearish,True,True,True,False,2025
329,268263,268264,268267,2025-07-07 13:33:00+00:00,2025-07-07 13:34:00+00:00,2025-07-07 13:37:00+00:00,short,22922.5,22922.0,22921.75,22946.75,22896.75,22871.75,22846.75,22821.75,73.2,near_trigger,-42.2,25.0,False,False,False,False,True,stop,22946.75,22947.0,-25.25,0.0,-25.25,-1.01,21.5,25.25,0.86,1.01,4,3.0,0,2025-07-07,1.8100263852242744,0.2140127388535032,2.4223918575063617,strong_bearish,4.375749797728984,1.5823723478313507,bearish,bearish,True,True,True,False,2025
330,268270,268271,268281,2025-07-07 13:40:00+00:00,2025-07-07 13:41:00+00:00,2025-07-07 13:51:00+00:00,short,22942.25,22942.25,22942.0,22967.0,22917.0,22892.0,22867.0,22842.0,70.0,near_trigger,-39.54516695957821,25.0,False,False,False,False,True,stop,22967.0,22967.25,-25.25,0.0,-25.25,-1.01,20.75,30.0,0.83,1.2,11,10.0,0,2025-07-07,0.664323374340949,0.9615384615384616,2.4223918575063617,partial_bearish,1.759676536242261,1.5884119682165534,bearish,bearish,False,True,True,False,2025
331,269650,269651,269669,2025-07-08 13:40:00+00:00,2025-07-08 13:41:00+00:00,2025-07-08 13:59:00+00:00,long,22909.75,22909.75,22910.0,22885.0,22935.0,22960.0,22985.0,23010.0,71.50055093289448,near_trigger,60.50055093289448,25.0,False,False,False,False,True,stop,22885.0,22884.75,-25.25,0.0,-25.25,-1.01,15.0,30.0,0.6,1.2,19,18.0,0,2025-07-08,0.034440344403444,3.3169690501600853,0.7207678883071553,strong_bearish,2.0153374831697466,1.2621442275965733,bullish,bullish,True,True,False,False,2025
332,269695,269696,269700,2025-07-08 14:25:00+00:00,2025-07-08 14:26:00+00:00,2025-07-08 14:30:00+00:00,short,22855.25,22855.0,22854.75,22879.75,22829.75,22804.75,22779.75,22754.75,82.8126213592233,high_probability,-81.8126213592233,25.0,False,False,False,False,True,stop,22879.75,22880.0,-25.25,0.0,-25.25,-1.01,5.5,31.0,0.22,1.24,5,4.0,0,2025-07-08,2.1067961165048543,0.8218623481781376,2.323319027181688,strong_bearish,1.7515994525257028,1.6715012529425166,bearish,bearish,False,True,True,False,2025
333,271020,271021,271050,2025-07-09 13:30:00+00:00,2025-07-09 13:31:00+00:00,2025-07-09 14:00:00+00:00,long,23003.75,23004.0,23004.25,22979.25,23029.25,23054.25,23079.25,23104.25,70.64426926377553,near_trigger,57.64426926377553,25.0,True,True,True,True,False,tp4,23104.25,23104.0,99.75,0.0,99.75,3.99,105.0,8.0,4.2,0.32,30,29.0,4,2025-07-09,5.57840616966581,2.7492447129909365,1.970873786407767,strong_bullish,12.004511976643888,1.2035577198129337,bullish,bullish,False,True,True,False,2025
334,271057,271058,271077,2025-07-09 14:07:00+00:00,2025-07-09 14:08:00+00:00,2025-07-09 14:27:00+00:00,long,23084.5,23084.75,23085.0,23060.0,23110.0,23135.0,23160.0,23185.0,75.0,near_trigger,69.11574451081876,25.0,False,False,False,False,True,stop,23060.0,23059.75,-25.25,0.0,-25.25,-1.01,21.25,37.75,0.85,1.51,20,19.0,0,2025-07-09,1.698224852071006,1.911222780569514,5.572625698324022,partial_bullish,0.6179891266946528,0.7008835190908808,bullish,bullish,True,True,True,True,2025
335,272400,272401,272401,2025-07-10 13:30:00+00:00,2025-07-10 13:31:00+00:00,2025-07-10 13:31:00+00:00,long,23079.5,23080.0,23080.25,23059.25,23105.25,23130.25,23155.25,23180.25,88.05951061545495,high_probability,88.05951061545495,21.0,False,False,False,False,True,stop,23059.25,23059.0,-21.25,0.0,-21.25,-1.011904761904762,0.25,23.75,0.0119047619047619,1.130952380952381,1,0.0,0,2025-07-10,1.698019801980198,1.417283950617284,0.4388270980788675,strong_bullish,11.17867052720473,1.2127478568156531,bullish,bullish,True,True,True,False,2025
336,272403,272404,272418,2025-07-10 13:33:00+00:00,2025-07-10 13:34:00+00:00,2025-07-10 13:48:00+00:00,long,23035.25,23035.5,23035.75,23010.75,23060.75,23085.75,23110.75,23135.75,78.0,near_trigger,63.551199245013066,25.0,False,False,False,False,True,stop,23010.75,23010.5,-25.25,0.0,-25.25,-1.01,7.75,32.75,0.31,1.31,15,14.0,0,2025-07-10,3.716612377850163,1.417283950617284,0.4388270980788675,partial_bullish,3.6829716236840064,1.4239851180653484,bullish,bullish,True,True,True,False,2025
337,272440,272441,272448,2025-07-10 14:10:00+00:00,2025-07-10 14:11:00+00:00,2025-07-10 14:18:00+00:00,short,22942.5,22942.25,22942.0,22967.0,22917.0,22892.0,22867.0,22842.0,72.0,near_trigger,-36.39351145038168,25.0,False,False,False,False,True,stop,22967.0,22967.25,-25.25,0.0,-25.25,-1.01,14.0,25.5,0.56,1.02,8,7.0,0,2025-07-10,1.4427480916030533,3.5,3.012313674659754,partial_bearish,1.163819482086342,2.155894213484056,bearish,bearish,False,False,True,False,2025
338,273788,273789,273798,2025-07-11 13:38:00+00:00,2025-07-11 13:39:00+00:00,2025-07-11 13:48:00+00:00,short,22888.5,22888.25,22888.0,22913.0,22863.0,22838.0,22813.0,22788.0,70.30368809272919,near_trigger,-39.30368809272919,25.0,True,False,False,False,True,stop,22913.0,22913.25,-25.25,0.0,-25.25,-1.01,25.0,45.0,1.0,1.8,10,9.0,1,2025-07-11,2.1538461538461537,1.4500458295142071,0.1889204545454545,partial_bearish,2.166626809661338,1.6572393414943014,bearish,bearish,True,True,True,True,2025
339,273833,273834,273857,2025-07-11 14:23:00+00:00,2025-07-11 14:24:00+00:00,2025-07-11 14:47:00+00:00,long,22994.5,22994.5,22994.75,22972.0,23019.75,23044.75,23069.75,23094.75,70.7751269035533,near_trigger,49.7751269035533,22.75,False,False,False,False,True,stop,22972.0,22971.75,-23.0,0.0,-23.0,-1.010989010989011,12.75,23.75,0.5604395604395604,1.043956043956044,24,23.0,0,2025-07-11,1.634517766497462,1.4896851248642775,2.0481099656357387,strong_bullish,1.2235126653941963,1.5654297481322048,neutral,bullish,False,False,True,False,2025
340,275178,275179,275238,2025-07-14 13:48:00+00:00,2025-07-14 13:49:00+00:00,2025-07-14 14:48:00+00:00,long,22909.75,22909.5,22909.75,22884.75,22934.75,22959.75,22984.75,23009.75,74.23473053892215,near_trigger,74.23473053892215,25.0,True,True,True,False,False,max_holding_time,22960.75,22960.5,50.75,0.0,50.75,2.03,78.25,7.75,3.13,0.31,60,59.0,3,2025-07-14,1.7395209580838322,1.7861356932153392,1.905897114178168,partial_bearish,1.3405183560089755,2.090216175437684,bullish,bullish,True,True,False,False,2025
341,276545,276546,276550,2025-07-15 13:35:00+00:00,2025-07-15 13:36:00+00:00,2025-07-15 13:40:00+00:00,long,23167.5,23167.0,23167.25,23142.25,23192.25,23217.25,23242.25,23267.25,72.48778625954199,near_trigger,49.48778625954199,25.0,False,False,False,False,True,stop,23142.25,23142.0,-25.25,0.0,-25.25,-1.01,18.25,44.5,0.73,1.78,5,4.0,0,2025-07-15,2.778625954198473,1.809968847352025,1.903109182935647,partial_bearish,2.714298935677927,1.5334100177768484,bullish,bullish,True,False,False,False,2025
342,276581,276582,276595,2025-07-15 14:11:00+00:00,2025-07-15 14:12:00+00:00,2025-07-15 14:25:00+00:00,long,23186.75,23187.25,23187.5,23162.5,23212.5,23237.5,23262.5,23287.5,87.82831541218638,high_probability,83.82831541218638,25.0,False,False,False,False,True,stop,23162.5,23162.25,-25.25,0.0,-25.25,-1.01,10.75,26.25,0.43,1.05,14,13.0,0,2025-07-15,1.6391875746714455,0.0455729166666666,0.7806691449814126,partial_bearish,1.7315936126888865,2.2696704184298784,bullish,bullish,True,True,True,False,2025
343,277922,277923,277925,2025-07-16 13:32:00+00:00,2025-07-16 13:33:00+00:00,2025-07-16 13:35:00+00:00,long,23041.5,23041.75,23042.0,23017.0,23067.0,23092.0,23117.0,23142.0,70.0,near_trigger,44.74822786725164,25.0,False,False,False,False,True,stop,23017.0,23016.75,-25.25,0.0,-25.25,-1.01,15.25,25.5,0.61,1.02,3,2.0,0,2025-07-16,2.5662847790507364,0.6459054209919262,2.540592168099331,partial_bullish,6.442130239915634,1.6526047038533722,bullish,bullish,True,False,True,False,2025
344,277960,277961,277965,2025-07-16 14:10:00+00:00,2025-07-16 14:11:00+00:00,2025-07-16 14:15:00+00:00,long,22996.0,22996.25,22996.5,22971.5,23021.5,23046.5,23071.5,23096.5,83.0,high_probability,32.0,25.0,False,False,False,False,True,stop,22971.5,22971.25,-25.25,0.0,-25.25,-1.01,7.5,32.5,0.3,1.3,5,4.0,0,2025-07-16,1.5522066738428415,1.409333333333333,3.467411545623836,partial_bearish,1.9133822424069191,2.9155845203335966,neutral,bullish,True,True,True,True,2025
345,279311,279312,279371,2025-07-17 13:41:00+00:00,2025-07-17 13:42:00+00:00,2025-07-17 14:41:00+00:00,long,23113.5,23113.75,23114.0,23089.0,23139.0,23164.0,23189.0,23214.0,72.87328170377542,near_trigger,59.87328170377542,25.0,True,True,False,False,False,max_holding_time,23169.0,23168.75,54.75,0.0,54.75,2.19,65.75,2.25,2.63,0.09,60,59.0,2,2025-07-17,2.195546950629235,2.83273381294964,0.6588235294117647,partial_bullish,2.187710098157859,2.0670816922881463,bullish,bullish,True,True,True,True,2025
346,280681,280682,280686,2025-07-18 13:31:00+00:00,2025-07-18 13:32:00+00:00,2025-07-18 13:36:00+00:00,long,23294.5,23294.75,23295.0,23270.0,23320.0,23345.0,23370.0,23395.0,78.71422331461686,near_trigger,69.71422331461686,25.0,False,False,False,False,True,stop,23270.0,23269.75,-25.25,0.0,-25.25,-1.01,15.0,25.75,0.6,1.03,5,4.0,0,2025-07-18,1.2,1.8379888268156424,2.5553097345132745,strong_bullish,2.423752093172026,0.9285194288473876,bullish,bullish,False,True,True,False,2025
347,280729,280730,280734,2025-07-18 14:19:00+00:00,2025-07-18 14:20:00+00:00,2025-07-18 14:24:00+00:00,long,23229.75,23229.5,23229.75,23204.75,23254.75,23279.75,23304.75,23329.75,70.9960396039604,near_trigger,41.9960396039604,25.0,False,False,False,False,True,stop,23204.75,23204.5,-25.25,0.0,-25.25,-1.01,9.5,28.75,0.38,1.15,5,4.0,0,2025-07-18,0.0594059405940594,2.06286836935167,1.5387931034482758,strong_bearish,1.1402979932822324,2.061617172728284,bullish,bullish,True,False,False,False,2025
348,280737,280738,280774,2025-07-18 14:27:00+00:00,2025-07-18 14:28:00+00:00,2025-07-18 15:04:00+00:00,long,23211.0,23211.0,23211.25,23186.25,23236.25,23261.25,23286.25,23311.25,71.68558951965065,near_trigger,61.68558951965065,25.0,False,False,False,False,True,stop,23186.25,23186.0,-25.25,0.0,-25.25,-1.01,19.75,30.75,0.79,1.23,37,36.0,0,2025-07-18,0.6419213973799126,1.5466514024041214,1.5387931034482758,strong_bearish,1.1606446581752017,1.6635618479880774,bullish,bullish,True,True,False,False,2025
349,283440,283441,283459,2025-07-22 13:30:00+00:00,2025-07-22 13:31:00+00:00,2025-07-22 13:49:00+00:00,short,23318.75,23318.75,23318.5,23342.0,23293.5,23268.5,23243.5,23218.5,90.44499142397396,a_plus_plus,-70.44499142397397,23.5,True,True,True,True,False,tp4,23218.5,23218.75,99.75,0.0,99.75,4.24468085106383,109.5,6.75,4.659574468085107,0.2872340425531915,19,18.0,4,2025-07-22,2.656934306569343,1.10990990990991,0.9949238578680204,partial_bullish,14.272277629125112,1.0374928533116428,bearish,bearish,True,True,True,False,2025
350,284835,284836,284837,2025-07-23 13:45:00+00:00,2025-07-23 13:46:00+00:00,2025-07-23 13:47:00+00:00,short,23167.0,23166.75,23166.5,23191.5,23141.5,23116.5,23091.5,23066.5,71.0,near_trigger,-26.0,25.0,False,False,False,False,True,stop,23191.5,23191.75,-25.25,0.0,-25.25,-1.01,4.25,26.5,0.17,1.06,2,1.0,0,2025-07-23,2.699300699300699,2.292682926829268,2.342498036135114,strong_bearish,2.44712335253729,2.2399812176048832,neutral,neutral,False,True,True,False,2025
351,284850,284851,284859,2025-07-23 14:00:00+00:00,2025-07-23 14:01:00+00:00,2025-07-23 14:09:00+00:00,short,23159.0,23158.75,23158.5,23183.5,23133.5,23108.5,23083.5,23058.5,76.62789880221293,near_trigger,-58.627898802212925,25.0,False,False,False,False,True,stop,23183.5,23183.75,-25.25,0.0,-25.25,-1.01,8.5,26.5,0.34,1.06,9,8.0,0,2025-07-23,2.2721774193548385,2.0039577836411606,3.1296426068675545,strong_bearish,1.4453308305959642,1.0533750678433618,bearish,bearish,False,False,True,False,2025
352,286242,286243,286249,2025-07-24 14:12:00+00:00,2025-07-24 14:13:00+00:00,2025-07-24 14:19:00+00:00,short,23310.75,23310.5,23310.25,23335.25,23285.25,23260.25,23235.25,23210.25,80.6,high_probability,-70.6,25.0,False,False,False,False,True,stop,23335.25,23335.5,-25.25,0.0,-25.25,-1.01,11.75,29.75,0.47,1.19,7,6.0,0,2025-07-24,3.2869565217391306,1.1090909090909091,0.771881461061337,partial_bearish,1.959670833595075,2.3163741126852595,neutral,bearish,True,True,True,False,2025
353,287587,287588,287647,2025-07-25 13:37:00+00:00,2025-07-25 13:38:00+00:00,2025-07-25 14:37:00+00:00,long,23346.0,23346.25,23346.5,23321.5,23371.5,23396.5,23421.5,23446.5,73.0,near_trigger,47.64,25.0,True,True,True,False,False,max_holding_time,23410.5,23410.25,63.75,0.0,63.75,2.55,76.75,16.25,3.07,0.65,60,59.0,3,2025-07-25,0.8725212464589235,0.131367292225201,0.188034188034188,partial_bearish,3.4813301133197103,1.882778454544313,bullish,bullish,True,True,True,False,2025
354,288960,288961,289020,2025-07-28 13:30:00+00:00,2025-07-28 13:31:00+00:00,2025-07-28 14:30:00+00:00,long,23487.75,23488.0,23488.25,23463.25,23513.25,23538.25,23563.25,23588.25,72.12550542752264,near_trigger,58.12550542752264,25.0,True,False,False,False,False,max_holding_time,23499.25,23499.0,10.75,0.0,10.75,0.43,39.5,22.25,1.58,0.89,60,59.0,1,2025-07-28,2.2058823529411766,2.20125786163522,0.8732673267326733,partial_bearish,8.71336225980696,1.104587856268873,neutral,neutral,True,True,True,False,2025
355,290361,290362,290395,2025-07-29 13:51:00+00:00,2025-07-29 13:52:00+00:00,2025-07-29 14:25:00+00:00,long,23575.5,23575.75,23576.0,23551.0,23601.0,23626.0,23651.0,23676.0,70.75573770491803,near_trigger,52.75573770491803,25.0,False,False,False,False,True,stop,23551.0,23550.75,-25.25,0.0,-25.25,-1.01,22.0,26.0,0.88,1.04,34,33.0,0,2025-07-29,2.5901639344262297,0.3398058252427184,1.5555555555555554,partial_bearish,1.2948802613743005,1.601022798083328,bullish,bullish,True,True,False,False,2025
356,291756,291757,291762,2025-07-30 14:06:00+00:00,2025-07-30 14:07:00+00:00,2025-07-30 14:12:00+00:00,long,23490.5,23490.5,23490.75,23465.75,23515.75,23540.75,23565.75,23590.75,75.38931563851095,near_trigger,75.38931563851095,25.0,False,False,False,False,True,stop,23465.75,23465.5,-25.25,0.0,-25.25,-1.01,8.25,27.0,0.33,1.08,6,5.0,0,2025-07-30,0.9019033674963396,0.782608695652174,0.6885245901639344,partial_bearish,1.1193452432125726,0.8982531666528687,bullish,bullish,True,True,True,True,2025
357,293101,293102,293124,2025-07-31 13:31:00+00:00,2025-07-31 13:32:00+00:00,2025-07-31 13:54:00+00:00,short,23665.75,23665.5,23665.25,23690.25,23640.25,23615.25,23590.25,23565.25,90.0,a_plus_plus,-77.0,25.0,True,True,False,False,True,stop,23690.25,23690.5,-25.25,0.0,-25.25,-1.01,57.0,27.75,2.28,1.11,23,22.0,2,2025-07-31,7.651376146788991,3.248618784530387,1.634517766497462,strong_bearish,7.975792988313857,1.9447783693018108,bearish,bearish,False,True,True,False,2025
358,293141,293142,293188,2025-07-31 14:11:00+00:00,2025-07-31 14:12:00+00:00,2025-07-31 14:58:00+00:00,short,23657.0,23657.75,23657.5,23682.5,23632.5,23607.5,23582.5,23557.5,73.47080291970804,near_trigger,-52.47080291970804,25.0,True,True,True,True,False,tp4,23557.5,23557.75,99.75,0.0,99.75,3.99,110.5,24.75,4.42,0.99,47,46.0,4,2025-07-31,1.8394160583941608,1.4790794979079496,3.137931034482759,partial_bearish,1.2812451036715935,1.7964791001493892,bearish,bearish,True,True,False,False,2025
359,294486,294487,294487,2025-08-01 13:36:00+00:00,2025-08-01 13:37:00+00:00,2025-08-01 13:37:00+00:00,short,22985.0,22985.5,22985.25,23010.25,22960.25,22935.25,22910.25,22885.25,71.26604018146467,near_trigger,-44.26604018146468,25.0,False,False,False,False,True,stop,23010.25,23010.5,-25.25,0.0,-25.25,-1.01,9.0,45.5,0.36,1.82,1,0.0,0,2025-08-01,3.502268308489955,1.542271562766866,0.9287185826122784,strong_bearish,2.1850007544892107,1.775888148481256,bearish,bearish,True,True,True,False,2025
360,294513,294514,294514,2025-08-01 14:03:00+00:00,2025-08-01 14:04:00+00:00,2025-08-01 14:04:00+00:00,short,22841.0,22841.0,22840.75,22865.75,22815.75,22790.75,22765.75,22740.75,72.0,near_trigger,-55.00846394984326,25.0,False,False,False,False,True,stop,22865.75,22866.0,-25.25,0.0,-25.25,-1.01,6.75,39.25,0.27,1.57,1,0.0,0,2025-08-01,1.5536050156739811,2.9963310232368525,4.76320814767664,strong_bearish,1.3904217061945838,2.8534011247207456,bearish,bearish,False,True,True,True,2025
361,294515,294516,294516,2025-08-01 14:05:00+00:00,2025-08-01 14:06:00+00:00,2025-08-01 14:06:00+00:00,short,22843.25,22843.25,22843.0,22868.0,22818.0,22793.0,22768.0,22743.0,76.86672629695886,near_trigger,-67.86672629695886,25.0,False,False,False,False,True,stop,22868.0,22868.25,-25.25,0.0,-25.25,-1.01,8.75,34.0,0.35,1.36,1,0.0,0,2025-08-01,0.5426356589147286,2.737313432835821,4.76320814767664,partial_bearish,1.1108350782553147,1.8693933131860911,bearish,bearish,False,True,True,False,2025
362,294517,294518,294519,2025-08-01 14:07:00+00:00,2025-08-01 14:08:00+00:00,2025-08-01 14:09:00+00:00,short,22848.0,22847.75,22847.5,22872.5,22822.5,22797.5,22772.5,22747.5,92.215895147797,a_plus_plus,-67.21589514779699,25.0,False,False,False,False,True,stop,22872.5,22872.75,-25.25,0.0,-25.25,-1.01,6.25,53.75,0.25,2.15,2,1.0,0,2025-08-01,1.1868377021751253,2.737313432835821,4.76320814767664,partial_bearish,1.2627356133732086,2.659245139153641,bearish,bearish,True,True,True,False,2025
363,294532,294533,294533,2025-08-01 14:22:00+00:00,2025-08-01 14:23:00+00:00,2025-08-01 14:23:00+00:00,short,22928.75,22929.0,22928.75,22953.75,22903.75,22878.75,22853.75,22828.75,86.38500350385424,high_probability,-73.38500350385424,25.0,False,False,False,False,True,stop,22953.75,22954.0,-25.25,0.0,-25.25,-1.01,7.5,35.5,0.3,1.42,1,0.0,0,2025-08-01,0.6180798878766643,1.008879781420765,2.583381088825215,partial_bearish,1.2137022750414352,2.4906961137209445,bearish,bearish,True,False,True,False,2025
364,294534,294535,294540,2025-08-01 14:24:00+00:00,2025-08-01 14:25:00+00:00,2025-08-01 14:30:00+00:00,short,22966.75,22966.0,22965.75,22990.75,22940.75,22915.75,22890.75,22865.75,78.0,near_trigger,-31.32155771905424,25.0,False,False,False,False,True,stop,22990.75,22991.0,-25.25,0.0,-25.25,-1.01,21.0,36.0,0.84,1.44,6,5.0,0,2025-08-01,1.294853963838665,1.008879781420765,2.583381088825215,partial_bullish,0.8996804735470381,2.1751900176222434,bearish,bearish,True,False,True,False,2025
365,297248,297249,297270,2025-08-05 13:38:00+00:00,2025-08-05 13:39:00+00:00,2025-08-05 14:00:00+00:00,long,23362.0,23361.75,23362.0,23337.0,23387.0,23412.0,23437.0,23462.0,91.85900621118012,a_plus_plus,70.85900621118013,25.0,True,False,False,False,True,stop,23337.0,23336.75,-25.25,0.0,-25.25,-1.01,35.25,50.0,1.41,2.0,22,21.0,1,2025-08-05,1.515527950310559,2.175675675675676,2.0435087719298246,partial_bearish,2.1394840918481792,1.5639023127373146,bullish,bullish,True,True,True,True,2025
366,298620,298621,298621,2025-08-06 13:30:00+00:00,2025-08-06 13:31:00+00:00,2025-08-06 13:31:00+00:00,short,23166.75,23166.75,23166.5,23191.5,23141.5,23116.5,23091.5,23066.5,77.07330648341627,near_trigger,-73.07330648341627,25.0,False,False,False,False,True,stop,23191.5,23191.75,-25.25,0.0,-25.25,-1.01,2.5,42.0,0.1,1.68,1,0.0,0,2025-08-06,0.5173913043478261,0.6023255813953489,0.7987987987987988,partial_bearish,12.798685782556747,0.807656241901055,bearish,bearish,True,True,True,True,2025
367,298625,298626,298638,2025-08-06 13:35:00+00:00,2025-08-06 13:36:00+00:00,2025-08-06 13:48:00+00:00,short,23203.75,23203.25,23203.0,23228.0,23178.0,23153.0,23128.0,23103.0,70.31198725457263,near_trigger,-52.31198725457263,25.0,True,True,False,False,True,stop,23228.0,23228.25,-25.25,0.0,-25.25,-1.01,54.25,34.75,2.17,1.39,13,12.0,2,2025-08-06,2.176470588235294,2.171052631578948,0.7987987987987988,strong_bullish,3.016509299542147,1.240381535673273,bearish,bearish,True,True,False,False,2025
368,301424,301425,301484,2025-08-08 14:14:00+00:00,2025-08-08 14:15:00+00:00,2025-08-08 15:14:00+00:00,long,23640.0,23639.75,23640.0,23615.0,23665.0,23690.0,23715.0,23740.0,75.0,near_trigger,66.10573910303744,25.0,True,True,False,False,False,max_holding_time,23679.5,23679.25,39.25,0.0,39.25,1.57,62.75,13.75,2.51,0.55,60,59.0,2,2025-08-08,1.821686746987952,2.598679383712399,4.36180904522613,partial_bullish,1.174313808443265,1.4272358990339669,bullish,bullish,True,True,True,False,2025
369,302761,302762,302770,2025-08-11 13:31:00+00:00,2025-08-11 13:32:00+00:00,2025-08-11 13:40:00+00:00,short,23693.5,23693.75,23693.5,23718.5,23668.5,23643.5,23618.5,23593.5,90.22445227861752,a_plus_plus,-69.22445227861753,25.0,False,False,False,False,True,stop,23718.5,23718.75,-25.25,0.0,-25.25,-1.01,12.5,27.25,0.5,1.09,9,8.0,0,2025-08-11,2.9459962756052143,0.0544747081712062,1.5205479452054795,strong_bearish,7.331459379752085,0.8537102321812806,bearish,bearish,True,True,True,False,2025
370,304143,304144,304154,2025-08-12 13:33:00+00:00,2025-08-12 13:34:00+00:00,2025-08-12 13:44:00+00:00,long,23761.25,23761.0,23761.25,23736.25,23786.25,23811.25,23836.25,23861.25,73.45405022992571,near_trigger,34.45405022992571,25.0,True,False,False,False,True,stop,23736.25,23736.0,-25.25,0.0,-25.25,-1.01,47.25,46.5,1.89,1.86,11,10.0,1,2025-08-12,1.534463276836158,0.4002242152466367,2.2494866529774127,partial_bullish,3.9314884212549246,1.3783751916047635,bullish,bullish,True,True,False,False,2025
371,304184,304185,304240,2025-08-12 14:14:00+00:00,2025-08-12 14:15:00+00:00,2025-08-12 15:10:00+00:00,long,23721.75,23721.0,23721.25,23696.25,23746.25,23771.25,23796.25,23821.25,73.15776892430279,near_trigger,60.15776892430279,25.0,True,True,True,True,False,tp4,23821.25,23821.0,99.75,0.0,99.75,3.99,111.0,7.0,4.44,0.28,56,55.0,4,2025-08-12,1.3163346613545817,0.9872142580395196,2.786331205407435,partial_bearish,0.9521517281216906,1.8341421197416004,bullish,bullish,True,True,False,False,2025
372,305546,305547,305560,2025-08-13 13:56:00+00:00,2025-08-13 13:57:00+00:00,2025-08-13 14:10:00+00:00,long,24009.75,24010.0,24010.25,23985.25,24035.25,24060.25,24085.25,24110.25,70.0,near_trigger,43.27523364485981,25.0,False,False,False,False,True,stop,23985.25,23985.0,-25.25,0.0,-25.25,-1.01,21.75,26.0,0.87,1.04,14,13.0,0,2025-08-13,3.0257009345794392,0.5720771850170261,2.1927710843373496,partial_bullish,2.066896104055163,1.8042058222949209,bullish,bullish,False,True,True,False,2025
373,306923,306924,306960,2025-08-14 13:53:00+00:00,2025-08-14 13:54:00+00:00,2025-08-14 14:30:00+00:00,short,23931.75,23932.25,23932.0,23957.0,23907.0,23882.0,23857.0,23832.0,72.3,near_trigger,-55.3,25.0,True,False,False,False,True,stop,23957.0,23957.25,-25.25,0.0,-25.25,-1.01,34.25,32.0,1.37,1.28,37,36.0,1,2025-08-14,0.0429447852760736,3.678638941398866,0.8480492813141685,partial_bullish,1.5879861378513669,1.6395937933071314,bearish,bearish,True,True,False,False,2025
374,308303,308304,308305,2025-08-15 13:53:00+00:00,2025-08-15 13:54:00+00:00,2025-08-15 13:55:00+00:00,short,23772.5,23772.75,23772.5,23797.5,23747.5,23722.5,23697.5,23672.5,74.3205078648833,near_trigger,-74.3205078648833,25.0,False,False,False,False,True,stop,23797.5,23797.75,-25.25,0.0,-25.25,-1.01,1.75,36.5,0.07,1.46,2,1.0,0,2025-08-15,1.3987941429801896,4.870875179340029,2.1868131868131866,strong_bearish,1.2675340913531044,1.427942600581037,bearish,bearish,False,True,True,False,2025
375,308331,308332,308338,2025-08-15 14:21:00+00:00,2025-08-15 14:22:00+00:00,2025-08-15 14:28:00+00:00,short,23851.5,23851.75,23851.5,23876.5,23826.5,23801.5,23776.5,23751.5,82.70841762337625,high_probability,-50.70841762337625,25.0,False,False,False,False,True,stop,23876.5,23876.75,-25.25,0.0,-25.25,-1.01,12.5,25.5,0.5,1.02,7,6.0,0,2025-08-15,1.5474642392717814,2.1596474045053866,0.9632695292291774,partial_bearish,1.2706605645596043,1.4119476414433016,bearish,bearish,True,False,True,False,2025
376,309693,309694,309714,2025-08-18 14:03:00+00:00,2025-08-18 14:04:00+00:00,2025-08-18 14:24:00+00:00,short,23780.75,23780.75,23780.5,23805.5,23755.5,23730.5,23705.5,23680.5,70.0,near_trigger,-18.82573932092004,25.0,False,False,False,False,True,stop,23805.5,23805.75,-25.25,0.0,-25.25,-1.01,21.75,39.25,0.87,1.57,21,20.0,0,2025-08-18,2.499452354874042,2.816816816816817,0.6863734679163662,partial_bearish,1.4648882392350326,1.5018795349243814,bearish,bearish,False,False,True,True,2025
377,311041,311042,311098,2025-08-19 13:31:00+00:00,2025-08-19 13:32:00+00:00,2025-08-19 14:28:00+00:00,short,23724.0,23724.5,23724.25,23749.25,23699.25,23674.25,23649.25,23624.25,72.09183008158334,near_trigger,-60.09183008158334,25.0,True,True,True,True,False,tp4,23624.25,23624.5,99.75,0.0,99.75,3.99,100.75,6.75,4.03,0.27,57,56.0,4,2025-08-19,3.840172786177106,0.9166666666666666,0.1087378640776699,partial_bearish,9.447187530254622,1.0765250679861214,bearish,bearish,True,True,True,False,2025
378,312441,312442,312457,2025-08-20 13:51:00+00:00,2025-08-20 13:52:00+00:00,2025-08-20 14:07:00+00:00,short,23219.0,23219.0,23218.75,23243.75,23193.75,23168.75,23143.75,23118.75,70.58178596739901,near_trigger,-65.58178596739901,25.0,True,True,True,True,False,tp4,23118.75,23119.0,99.75,0.0,99.75,3.99,103.75,22.5,4.15,0.9,16,15.0,4,2025-08-20,2.490432317505315,5.737864077669903,2.803114571746385,strong_bearish,1.5736171716759784,2.096626669685307,bearish,bearish,False,True,True,False,2025
379,312458,312459,312461,2025-08-20 14:08:00+00:00,2025-08-20 14:09:00+00:00,2025-08-20 14:11:00+00:00,short,23099.5,23100.25,23100.0,23125.0,23075.0,23050.0,23025.0,23000.0,75.88424101969872,near_trigger,-70.88424101969872,25.0,False,False,False,False,True,stop,23125.0,23125.25,-25.25,0.0,-25.25,-1.01,3.75,29.75,0.15,1.19,3,2.0,0,2025-08-20,3.220162224797219,5.06826923076923,5.66625866993064,strong_bearish,1.1562639821029084,2.41558198770827,bearish,bearish,True,True,True,True,2025
380,312471,312472,312502,2025-08-20 14:21:00+00:00,2025-08-20 14:22:00+00:00,2025-08-20 14:52:00+00:00,short,23140.25,23140.75,23140.5,23165.5,23115.5,23090.5,23065.5,23040.5,70.0,near_trigger,-26.80817571690055,25.0,True,True,True,True,False,tp4,23040.5,23040.75,99.75,0.0,99.75,3.99,103.25,16.0,4.13,0.64,31,30.0,4,2025-08-20,2.169615619280049,1.2001490868430862,6.257314064152274,partial_bearish,0.9495707419933456,1.743601347614019,bearish,bearish,True,True,True,False,2025
381,313800,313801,313801,2025-08-21 13:30:00+00:00,2025-08-21 13:31:00+00:00,2025-08-21 13:31:00+00:00,short,23200.5,23200.5,23200.25,23225.25,23175.25,23150.25,23125.25,23100.25,90.68257179161373,a_plus_plus,-59.682571791613725,25.0,False,False,False,False,True,stop,23225.25,23225.5,-25.25,0.0,-25.25,-1.01,0.5,44.75,0.02,1.79,1,0.0,0,2025-08-21,3.915080527086384,1.4375987361769351,0.5298165137614679,partial_bullish,11.657954054961394,1.235476493011436,bearish,bearish,True,True,True,False,2025
382,313802,313803,313803,2025-08-21 13:32:00+00:00,2025-08-21 13:33:00+00:00,2025-08-21 13:33:00+00:00,short,23240.5,23240.0,23239.75,23264.75,23214.75,23189.75,23164.75,23139.75,73.0,near_trigger,-29.57506739688114,25.0,False,False,False,False,True,stop,23264.75,23265.0,-25.25,0.0,-25.25,-1.01,0.25,33.75,0.01,1.35,1,0.0,0,2025-08-21,0.6035751840168244,1.4375987361769351,0.5298165137614679,partial_bullish,3.9298369059884894,1.0207771692657166,bearish,bearish,True,True,True,True,2025
383,313804,313805,313806,2025-08-21 13:34:00+00:00,2025-08-21 13:35:00+00:00,2025-08-21 13:36:00+00:00,short,23242.0,23242.0,23241.75,23266.75,23216.75,23191.75,23166.75,23141.75,83.98388137144279,high_probability,-63.98388137144279,25.0,False,False,False,False,True,stop,23266.75,23267.0,-25.25,0.0,-25.25,-1.01,17.5,28.25,0.7,1.13,2,1.0,0,2025-08-21,0.8817946505608283,1.4375987361769351,0.5298165137614679,partial_bullish,2.347494257862659,1.1532344762023226,bearish,bearish,True,True,True,False,2025
384,313807,313808,313816,2025-08-21 13:37:00+00:00,2025-08-21 13:38:00+00:00,2025-08-21 13:46:00+00:00,short,23287.0,23287.0,23286.75,23311.75,23261.75,23236.75,23211.75,23186.75,73.0,near_trigger,-39.11022805805114,25.0,True,True,True,True,False,tp4,23186.75,23187.0,99.75,0.0,99.75,3.99,109.75,3.75,4.39,0.15,9,8.0,4,2025-08-21,1.7995853489979268,0.2501718213058419,0.5298165137614679,partial_bullish,2.0685900925421885,1.5308278064357652,bearish,bearish,True,True,True,False,2025
385,315210,315211,315218,2025-08-22 14:00:00+00:00,2025-08-22 14:01:00+00:00,2025-08-22 14:08:00+00:00,long,23457.75,23457.75,23458.0,23433.0,23483.0,23508.0,23533.0,23558.0,91.6,a_plus_plus,78.6,25.0,True,True,True,True,False,tp4,23558.0,23557.75,99.75,0.0,99.75,3.99,121.0,2.25,4.84,0.09,8,7.0,4,2025-08-22,4.493092454835282,0.998876404494382,0.2871396895787139,strong_bullish,4.246759307763375,2.9509715677450097,bullish,bullish,True,True,True,False,2025
386,315219,315220,315221,2025-08-22 14:09:00+00:00,2025-08-22 14:10:00+00:00,2025-08-22 14:11:00+00:00,long,23570.0,23570.5,23570.75,23545.75,23595.75,23620.75,23645.75,23670.75,84.9734845919404,high_probability,83.9734845919404,25.0,False,False,False,False,True,stop,23545.75,23545.5,-25.25,0.0,-25.25,-1.01,13.5,29.5,0.54,1.18,2,1.0,0,2025-08-22,1.5834744327802237,4.165248226950355,0.2871396895787139,strong_bullish,1.2063302478351747,2.7863519246284776,bullish,bullish,True,True,True,True,2025
387,315224,315225,315229,2025-08-22 14:14:00+00:00,2025-08-22 14:15:00+00:00,2025-08-22 14:19:00+00:00,long,23587.25,23587.0,23587.25,23562.25,23612.25,23637.25,23662.25,23687.25,78.73764121102576,near_trigger,65.73764121102576,25.0,True,False,False,False,True,stop,23562.25,23562.0,-25.25,0.0,-25.25,-1.01,46.25,30.25,1.85,1.21,5,4.0,1,2025-08-22,0.4365115228197017,4.347853337511752,0.2871396895787139,strong_bullish,0.835364502548194,2.4990960588164395,bullish,bullish,False,True,True,False,2025
388,315231,315232,315232,2025-08-22 14:21:00+00:00,2025-08-22 14:22:00+00:00,2025-08-22 14:22:00+00:00,long,23541.5,23542.25,23542.5,23517.5,23567.5,23592.5,23617.5,23642.5,82.0,high_probability,74.60079744816588,25.0,False,False,False,False,True,stop,23517.5,23517.25,-25.25,0.0,-25.25,-1.01,0.75,40.0,0.03,1.6,1,0.0,0,2025-08-22,2.6645401382243485,3.979438732981384,6.292698826597132,partial_bullish,1.0839593668792815,2.72761859469742,bullish,bullish,True,True,True,False,2025
389,315233,315234,315246,2025-08-22 14:23:00+00:00,2025-08-22 14:24:00+00:00,2025-08-22 14:36:00+00:00,long,23510.0,23509.75,23510.0,23485.0,23535.0,23560.0,23585.0,23610.0,88.02624282313401,high_probability,53.02624282313401,25.0,True,True,True,True,False,tp4,23610.0,23609.75,99.75,0.0,99.75,3.99,103.25,12.75,4.13,0.51,13,12.0,4,2025-08-22,2.3454231433506045,3.979438732981384,6.292698826597132,partial_bullish,0.9254855523309424,2.5788391842916645,bullish,bullish,True,True,True,False,2025
390,316610,316611,316614,2025-08-25 14:20:00+00:00,2025-08-25 14:21:00+00:00,2025-08-25 14:24:00+00:00,short,23523.5,23523.75,23523.5,23548.5,23498.5,23473.5,23448.5,23423.5,83.52107279693487,high_probability,-28.521072796934877,25.0,False,False,False,False,True,stop,23548.5,23548.75,-25.25,0.0,-25.25,-1.01,5.25,26.0,0.21,1.04,4,3.0,0,2025-08-25,2.342273307790549,1.5933609958506223,2.6284224250325945,partial_bullish,1.3094575644935118,1.6777174145527654,neutral,bearish,True,True,True,False,2025
391,319320,319321,319325,2025-08-27 13:30:00+00:00,2025-08-27 13:31:00+00:00,2025-08-27 13:35:00+00:00,short,23533.75,23533.75,23533.5,23558.5,23508.5,23483.5,23458.5,23433.5,86.79787097554016,high_probability,-73.79787097554016,25.0,False,False,False,False,True,stop,23558.5,23558.75,-25.25,0.0,-25.25,-1.01,9.5,31.75,0.38,1.27,5,4.0,0,2025-08-27,2.953846153846154,1.872289156626506,4.506951871657754,strong_bearish,7.647994907702101,0.946943761668087,bearish,bearish,False,True,True,True,2025
392,319326,319327,319366,2025-08-27 13:36:00+00:00,2025-08-27 13:37:00+00:00,2025-08-27 14:16:00+00:00,short,23555.0,23555.5,23555.25,23580.25,23530.25,23505.25,23480.25,23455.25,78.0,near_trigger,-68.50474486379831,25.0,True,True,False,False,True,stop,23580.25,23580.5,-25.25,0.0,-25.25,-1.01,66.75,26.25,2.67,1.05,40,39.0,2,2025-08-27,0.1705237515225335,0.4282700421940928,4.506951871657754,partial_bearish,1.838516826761604,0.942249763318702,bearish,bearish,True,True,True,False,2025
393,320700,320701,320715,2025-08-28 13:30:00+00:00,2025-08-28 13:31:00+00:00,2025-08-28 13:45:00+00:00,long,23705.25,23705.0,23705.25,23680.25,23730.25,23755.25,23780.25,23805.25,72.6,near_trigger,33.599999999999994,25.0,True,False,False,False,True,stop,23680.25,23680.0,-25.25,0.0,-25.25,-1.01,38.0,40.5,1.52,1.62,15,14.0,1,2025-08-28,5.440536013400335,0.0158910329171396,1.3655640373197626,strong_bullish,23.605620385806144,1.9376026272577995,bullish,bullish,True,True,True,False,2025
394,320735,320736,320795,2025-08-28 14:05:00+00:00,2025-08-28 14:06:00+00:00,2025-08-28 15:05:00+00:00,long,23634.0,23633.75,23634.0,23609.0,23659.0,23684.0,23709.0,23734.0,78.53103872157345,near_trigger,57.53103872157345,25.0,True,True,True,False,False,max_holding_time,23699.5,23699.25,65.25,0.0,65.25,2.61,96.0,10.0,3.84,0.4,60,59.0,3,2025-08-28,1.1788567916410573,3.0579297245963915,0.9409505520883342,partial_bearish,1.1843014209809353,1.5691776017518946,bullish,bullish,True,True,True,False,2025
395,322106,322107,322110,2025-08-29 13:56:00+00:00,2025-08-29 13:57:00+00:00,2025-08-29 14:00:00+00:00,short,23518.75,23518.75,23518.5,23543.5,23493.5,23468.5,23443.5,23418.5,82.86666666666667,high_probability,-69.86666666666667,25.0,False,False,False,False,True,stop,23543.5,23543.75,-25.25,0.0,-25.25,-1.01,18.5,29.75,0.74,1.19,4,3.0,0,2025-08-29,1.9415204678362568,4.02231520223152,1.2832456799398948,strong_bearish,1.4915222594862017,1.869807251876494,bearish,bearish,False,True,True,False,2025
396,322113,322114,322173,2025-08-29 14:03:00+00:00,2025-08-29 14:04:00+00:00,2025-08-29 15:03:00+00:00,short,23498.0,23498.0,23497.75,23522.75,23472.75,23447.75,23422.75,23397.75,85.46615853658537,high_probability,-60.46615853658537,25.0,True,True,True,False,False,max_holding_time,23447.0,23447.25,50.5,0.0,50.5,2.02,84.25,18.0,3.37,0.72,60,59.0,3,2025-08-29,1.2164634146341464,4.212389380530974,4.559710494571773,strong_bearish,1.3515049787009237,2.003489501754664,bearish,bearish,False,True,True,False,2025
397,324600,324601,324602,2025-09-02 13:30:00+00:00,2025-09-02 13:31:00+00:00,2025-09-02 13:32:00+00:00,short,23056.0,23056.25,23056.0,23081.0,23031.0,23006.0,22981.0,22956.0,71.98102337436406,near_trigger,-52.98102337436406,25.0,True,False,False,False,True,stop,23081.0,23081.25,-25.25,0.0,-25.25,-1.01,31.0,25.5,1.24,1.02,2,1.0,1,2025-09-02,4.83248730964467,0.0676737160120845,1.979223125564589,strong_bearish,9.35961219543309,1.484186145303381,bearish,bearish,True,True,True,True,2025
398,324604,324605,324605,2025-09-02 13:34:00+00:00,2025-09-02 13:35:00+00:00,2025-09-02 13:35:00+00:00,short,23082.5,23081.75,23081.5,23106.5,23056.5,23031.5,23006.5,22981.5,80.50893655194702,high_probability,-58.508936551947016,25.0,False,False,False,False,True,stop,23106.5,23106.75,-25.25,0.0,-25.25,-1.01,3.25,50.25,0.13,2.01,1,0.0,0,2025-09-02,0.8083400160384924,0.0676737160120845,1.979223125564589,strong_bearish,2.058707975528989,1.30696597185106,bearish,bearish,True,True,True,True,2025
399,324606,324607,324611,2025-09-02 13:36:00+00:00,2025-09-02 13:37:00+00:00,2025-09-02 13:41:00+00:00,short,23138.25,23138.0,23137.75,23162.75,23112.75,23087.75,23062.75,23037.75,78.0,near_trigger,-44.39718309859155,25.0,False,False,False,False,True,stop,23162.75,23163.0,-25.25,0.0,-25.25,-1.01,11.25,39.75,0.45,1.59,5,4.0,0,2025-09-02,3.624413145539906,0.4965590259396507,1.979223125564589,partial_bearish,1.9354461329683317,1.5269881119397477,bearish,bearish,True,True,True,False,2025
400,324650,324651,324652,2025-09-02 14:20:00+00:00,2025-09-02 14:21:00+00:00,2025-09-02 14:22:00+00:00,short,23229.5,23229.75,23229.5,23254.5,23204.5,23179.5,23154.5,23129.5,70.0,near_trigger,-70.0,25.0,False,False,False,False,True,stop,23254.5,23254.75,-25.25,0.0,-25.25,-1.01,1.0,26.5,0.04,1.06,2,1.0,0,2025-09-02,1.626686656671664,0.5673545966228893,1.9601742377100184,partial_bullish,1.0369192130598577,1.53051515563409,bearish,neutral,True,True,True,False,2025
401,324653,324654,324659,2025-09-02 14:23:00+00:00,2025-09-02 14:24:00+00:00,2025-09-02 14:29:00+00:00,short,23227.5,23227.25,23227.0,23252.0,23202.0,23177.0,23152.0,23127.0,76.10445604865056,near_trigger,-63.10445604865056,25.0,True,False,False,False,True,stop,23252.0,23252.25,-25.25,0.0,-25.25,-1.01,32.0,35.75,1.28,1.43,6,5.0,1,2025-09-02,0.0934025203854707,0.5673545966228893,1.9601742377100184,partial_bearish,0.9469618532290156,1.3555171791633374,bearish,bearish,True,False,True,False,2025
402,326013,326014,326022,2025-09-03 14:03:00+00:00,2025-09-03 14:04:00+00:00,2025-09-03 14:12:00+00:00,long,23433.5,23432.75,23433.0,23408.0,23458.0,23483.0,23508.0,23533.0,71.50170170076319,near_trigger,65.50170170076319,25.0,True,False,False,False,True,stop,23408.0,23407.75,-25.25,0.0,-25.25,-1.01,28.0,34.75,1.12,1.39,9,8.0,1,2025-09-03,2.176470588235294,0.6055045871559633,1.3609022556390975,partial_bearish,1.083654278508729,1.1043592604399108,bullish,bullish,False,True,True,False,2025
403,326023,326024,326052,2025-09-03 14:13:00+00:00,2025-09-03 14:14:00+00:00,2025-09-03 14:42:00+00:00,long,23396.5,23396.75,23397.0,23372.0,23422.0,23447.0,23472.0,23497.0,70.0,near_trigger,22.16348610067618,25.0,True,True,True,True,False,tp4,23497.0,23496.75,99.75,0.0,99.75,3.99,101.0,9.0,4.04,0.36,29,28.0,4,2025-09-03,1.7986476333583772,1.0650577124868836,1.3609022556390975,partial_bearish,1.4312734082397005,1.9950664978660648,bullish,bullish,False,True,True,False,2025
404,327365,327366,327394,2025-09-04 13:35:00+00:00,2025-09-04 13:36:00+00:00,2025-09-04 14:04:00+00:00,short,23530.5,23530.75,23530.5,23555.5,23505.5,23480.5,23455.5,23430.5,72.21629013079666,near_trigger,-68.21629013079666,25.0,True,True,True,True,False,tp4,23430.5,23430.75,99.75,0.0,99.75,3.99,104.5,13.0,4.18,0.52,29,28.0,4,2025-09-04,3.995243757431629,3.0534482758620687,1.339043540328337,partial_bullish,3.820970490626962,1.5201690028262296,bearish,bearish,True,False,False,False,2025
405,327405,327406,327409,2025-09-04 14:15:00+00:00,2025-09-04 14:16:00+00:00,2025-09-04 14:19:00+00:00,short,23419.5,23419.75,23419.5,23444.5,23394.5,23369.5,23344.5,23319.5,92.77796610169491,a_plus_plus,-79.77796610169491,25.0,False,False,False,False,True,stop,23444.5,23444.75,-25.25,0.0,-25.25,-1.01,9.5,28.5,0.38,1.14,4,3.0,0,2025-09-04,1.133709981167608,1.3197278911564625,1.372270187912646,strong_bearish,2.121865834042956,2.351497866182932,bearish,bearish,True,True,True,True,2025
406,327412,327413,327414,2025-09-04 14:22:00+00:00,2025-09-04 14:23:00+00:00,2025-09-04 14:24:00+00:00,short,23446.0,23446.25,23446.0,23471.0,23421.0,23396.0,23371.0,23346.0,75.93210102873022,near_trigger,-75.93210102873022,25.0,False,False,False,False,True,stop,23471.0,23471.25,-25.25,0.0,-25.25,-1.01,0.25,33.75,0.01,1.35,2,1.0,0,2025-09-04,1.2659574468085106,0.8018475750577367,1.372270187912646,partial_bearish,0.4402432793262019,0.6850123102174805,bearish,bearish,True,True,True,True,2025
407,328751,328752,328763,2025-09-05 13:41:00+00:00,2025-09-05 13:42:00+00:00,2025-09-05 13:53:00+00:00,long,23859.0,23858.75,23859.0,23834.0,23884.0,23909.0,23934.0,23959.0,70.60364272750843,near_trigger,59.60364272750843,25.0,True,False,False,False,True,stop,23834.0,23833.75,-25.25,0.0,-25.25,-1.01,34.75,28.0,1.39,1.12,12,11.0,1,2025-09-05,0.6798029556650246,1.3837209302325582,3.145374449339207,partial_bullish,1.7068767438043655,1.57783886052904,bullish,bullish,True,False,False,True,2025
408,334297,334298,334300,2025-09-11 14:07:00+00:00,2025-09-11 14:08:00+00:00,2025-09-11 14:10:00+00:00,long,23998.5,23998.25,23998.5,23973.5,24023.5,24048.5,24073.5,24098.5,72.31329709738202,near_trigger,70.31329709738202,25.0,False,False,False,False,True,stop,23973.5,23973.25,-25.25,0.0,-25.25,-1.01,4.75,33.75,0.19,1.35,3,2.0,0,2025-09-11,2.24263839811543,1.669055374592834,1.4772507260406582,strong_bullish,0.7101379898849044,0.704543812011522,bullish,bullish,False,False,True,False,2025
409,339783,339784,339787,2025-09-17 13:33:00+00:00,2025-09-17 13:34:00+00:00,2025-09-17 13:37:00+00:00,long,24507.25,24507.5,24507.75,24482.75,24532.75,24557.75,24582.75,24607.75,70.0,near_trigger,47.766362381169806,25.0,False,False,False,False,True,stop,24482.75,24482.5,-25.25,0.0,-25.25,-1.01,5.0,26.25,0.2,1.05,4,3.0,0,2025-09-17,2.093203883495146,0.3297644539614561,0.7502679528403001,partial_bearish,3.505049400269787,0.8204261710316343,bullish,bullish,False,True,True,False,2025
410,341170,341171,341180,2025-09-18 13:40:00+00:00,2025-09-18 13:41:00+00:00,2025-09-18 13:50:00+00:00,short,24642.75,24642.75,24642.5,24667.5,24617.5,24592.5,24567.5,24542.5,81.08576078112287,high_probability,-48.08576078112287,25.0,True,False,False,False,True,stop,24667.5,24667.75,-25.25,0.0,-25.25,-1.01,43.75,49.75,1.75,1.99,10,9.0,1,2025-09-18,2.517493897477624,0.3221757322175732,1.9295154185022023,strong_bearish,2.6886753489908863,1.695356649912758,neutral,bearish,True,True,True,True,2025
411,343923,343924,343931,2025-09-22 13:33:00+00:00,2025-09-22 13:34:00+00:00,2025-09-22 13:41:00+00:00,long,24847.5,24847.25,24847.5,24822.5,24872.5,24897.5,24922.5,24947.5,72.0,near_trigger,59.08763620567943,25.0,False,False,False,False,True,stop,24822.5,24822.25,-25.25,0.0,-25.25,-1.01,10.75,26.0,0.43,1.04,8,7.0,0,2025-09-22,3.399558498896248,1.43701399688958,2.2419495213228897,strong_bullish,3.306894447834045,1.0467270029934077,bullish,bullish,False,True,True,False,2025
412,345307,345308,345367,2025-09-23 13:37:00+00:00,2025-09-23 13:38:00+00:00,2025-09-23 14:37:00+00:00,short,24971.25,24971.25,24971.0,24996.0,24946.0,24921.0,24896.0,24871.0,70.79636813356694,near_trigger,-41.79636813356694,25.0,True,False,False,False,False,max_holding_time,24959.5,24959.75,11.25,0.0,11.25,0.45,41.5,19.5,1.66,0.78,60,59.0,1,2025-09-23,2.3625,1.1753731343283582,0.312206572769953,strong_bearish,2.2526583698207623,0.896973444639115,neutral,neutral,True,True,True,False,2025
413,346681,346682,346683,2025-09-24 13:31:00+00:00,2025-09-24 13:32:00+00:00,2025-09-24 13:33:00+00:00,long,24862.5,24862.0,24862.25,24837.25,24887.25,24912.25,24937.25,24962.25,73.0,near_trigger,63.0512246030095,25.0,False,False,False,False,True,stop,24837.25,24837.0,-25.25,0.0,-25.25,-1.01,9.25,32.25,0.37,1.29,2,1.0,0,2025-09-24,2.130434782608696,0.1932938856015779,0.5108323831242874,strong_bearish,6.251360712518555,0.755622009569378,bullish,bullish,True,False,True,False,2025
414,346684,346685,346699,2025-09-24 13:34:00+00:00,2025-09-24 13:35:00+00:00,2025-09-24 13:49:00+00:00,long,24840.25,24840.75,24841.0,24816.0,24866.0,24891.0,24916.0,24941.0,87.30848301365766,high_probability,68.30848301365766,25.0,False,False,False,False,True,stop,24816.0,24815.75,-25.25,0.0,-25.25,-1.01,15.5,36.5,0.62,1.46,15,14.0,0,2025-09-24,3.952153110047847,0.1932938856015779,0.5108323831242874,strong_bearish,2.5549149473483586,1.0102589707115337,bullish,bullish,True,False,True,False,2025
415,349470,349471,349473,2025-09-26 14:00:00+00:00,2025-09-26 14:01:00+00:00,2025-09-26 14:03:00+00:00,long,24722.0,24722.25,24722.5,24697.5,24747.5,24772.5,24797.5,24822.5,83.3923943497402,high_probability,83.3923943497402,25.0,False,False,False,False,True,stop,24697.5,24697.25,-25.25,0.0,-25.25,-1.01,10.75,40.5,0.43,1.62,3,2.0,0,2025-09-26,2.405349794238683,0.3765281173594131,0.4885749896136269,partial_bullish,1.3438037351380676,1.11307447408107,bullish,bullish,True,True,True,False,2025
416,352213,352214,352224,2025-09-30 13:43:00+00:00,2025-09-30 13:44:00+00:00,2025-09-30 13:54:00+00:00,long,24777.5,24777.25,24777.5,24752.5,24802.5,24827.5,24852.5,24877.5,81.8276706033353,high_probability,75.8276706033353,25.0,True,False,False,False,True,stop,24752.5,24752.25,-25.25,0.0,-25.25,-1.01,29.0,47.25,1.16,1.89,11,10.0,1,2025-09-30,1.2251486830926084,3.937937937937938,1.393886462882096,partial_bullish,1.0372922192516194,0.9788787171662778,bullish,bullish,True,False,True,True,2025
417,352233,352234,352235,2025-09-30 14:03:00+00:00,2025-09-30 14:04:00+00:00,2025-09-30 14:05:00+00:00,long,24807.5,24808.5,24808.75,24783.75,24833.75,24858.75,24883.75,24908.75,71.67241432718481,near_trigger,57.67241432718481,25.0,False,False,False,False,True,stop,24783.75,24783.5,-25.25,0.0,-25.25,-1.01,3.5,38.5,0.14,1.54,2,1.0,0,2025-09-30,1.6880382775119618,0.8687350835322196,1.675,partial_bullish,0.9958379082297066,1.2056262558606832,bullish,neutral,True,False,True,False,2025
418,352240,352241,352295,2025-09-30 14:10:00+00:00,2025-09-30 14:11:00+00:00,2025-09-30 15:05:00+00:00,long,24762.75,24763.5,24763.75,24738.75,24788.75,24813.75,24838.75,24863.75,78.0201325903283,near_trigger,78.0201325903283,25.0,True,True,True,True,False,tp4,24863.75,24863.5,99.75,0.0,99.75,3.99,100.25,17.5,4.01,0.7,55,54.0,4,2025-09-30,1.1037924151696608,1.2095188825659595,1.675,strong_bearish,0.7874623223769197,0.8366374380480366,bullish,bullish,True,False,True,False,2025
419,354995,354996,355001,2025-10-02 14:05:00+00:00,2025-10-02 14:06:00+00:00,2025-10-02 14:11:00+00:00,long,25078.75,25078.5,25078.75,25053.75,25103.75,25128.75,25153.75,25178.75,70.40788570821604,near_trigger,44.40788570821604,25.0,False,False,False,False,True,stop,25053.75,25053.5,-25.25,0.0,-25.25,-1.01,2.75,38.75,0.11,1.55,6,5.0,0,2025-10-02,1.0587064676616915,0.2337829158638407,3.349282296650718,partial_bearish,0.7658664887932145,1.0732380901800411,neutral,bullish,True,True,True,False,2025
420,356351,356352,356357,2025-10-03 13:41:00+00:00,2025-10-03 13:42:00+00:00,2025-10-03 13:47:00+00:00,short,25124.25,25124.5,25124.25,25149.25,25099.25,25074.25,25049.25,25024.25,71.56074498567335,near_trigger,-50.56074498567335,25.0,False,False,False,False,True,stop,25149.25,25149.5,-25.25,0.0,-25.25,-1.01,10.5,35.75,0.42,1.43,6,5.0,0,2025-10-03,1.0563514804202483,2.3622047244094486,0.4359861591695502,partial_bearish,3.292198111644857,2.0096056622851366,bearish,bearish,True,True,True,False,2025
421,356378,356379,356383,2025-10-03 14:08:00+00:00,2025-10-03 14:09:00+00:00,2025-10-03 14:13:00+00:00,short,25061.5,25061.75,25061.5,25086.5,25036.5,25011.5,24986.5,24961.5,77.36472945891784,near_trigger,-68.36472945891784,25.0,False,False,False,False,True,stop,25086.5,25086.75,-25.25,0.0,-25.25,-1.01,10.5,26.5,0.42,1.06,5,4.0,0,2025-10-03,0.8557114228456913,2.978292329956585,0.2619354838709677,strong_bearish,1.516881553203231,2.111010263213014,bearish,bearish,True,True,True,False,2025
422,356384,356385,356386,2025-10-03 14:14:00+00:00,2025-10-03 14:15:00+00:00,2025-10-03 14:16:00+00:00,short,25076.0,25076.0,25075.75,25100.75,25050.75,25025.75,25000.75,24975.75,71.36236095876413,near_trigger,-71.36236095876413,25.0,False,False,False,False,True,stop,25100.75,25101.0,-25.25,0.0,-25.25,-1.01,1.5,25.25,0.06,1.01,2,1.0,0,2025-10-03,0.1212121212121212,2.2710280373831777,0.2619354838709677,partial_bearish,0.6849388928828181,1.1656038292731414,bearish,bearish,True,True,True,False,2025
423,357722,357723,357729,2025-10-06 13:32:00+00:00,2025-10-06 13:33:00+00:00,2025-10-06 13:39:00+00:00,long,25173.25,25173.25,25173.5,25148.5,25198.5,25223.5,25248.5,25273.5,78.0,near_trigger,24.98123649203981,25.0,False,False,False,False,True,stop,25148.5,25148.25,-25.25,0.0,-25.25,-1.01,22.0,25.5,0.88,1.02,7,6.0,0,2025-10-06,2.9056603773584904,2.3,0.5821000704721635,partial_bearish,5.133507095279467,1.34896958996682,bullish,bullish,True,True,True,False,2025
424,359103,359104,359163,2025-10-07 13:33:00+00:00,2025-10-07 13:34:00+00:00,2025-10-07 14:33:00+00:00,long,25230.5,25230.5,25230.75,25205.75,25255.75,25280.75,25305.75,25330.75,86.01331251774056,high_probability,84.01331251774056,25.0,True,False,False,False,False,max_holding_time,25226.75,25226.5,-4.25,0.0,-4.25,-0.17,34.75,23.25,1.39,0.93,60,59.0,1,2025-10-07,0.6666666666666666,2.451977401129944,1.9061032863849765,partial_bearish,2.3049668514291923,0.8892988929889298,bullish,bullish,True,True,True,False,2025
425,360481,360482,360512,2025-10-08 13:31:00+00:00,2025-10-08 13:32:00+00:00,2025-10-08 14:02:00+00:00,long,25110.25,25109.75,25110.0,25085.0,25135.0,25160.0,25185.0,25210.0,73.97396509503633,near_trigger,52.973965095036334,25.0,True,True,True,True,False,tp4,25210.0,25209.75,99.75,0.0,99.75,3.99,101.0,0.5,4.04,0.02,31,30.0,4,2025-10-08,1.7192982456140349,1.4037940379403793,1.3274900398406375,strong_bullish,7.082348226808255,1.1449709125302858,bullish,bullish,True,True,True,False,2025
426,360518,360519,360532,2025-10-08 14:08:00+00:00,2025-10-08 14:09:00+00:00,2025-10-08 14:22:00+00:00,long,25214.75,25215.5,25215.75,25193.75,25240.75,25265.75,25290.75,25315.75,74.73470845135458,near_trigger,74.73470845135458,22.0,False,False,False,False,True,stop,25193.75,25193.5,-22.25,0.0,-22.25,-1.0113636363636365,15.25,31.75,0.6931818181818182,1.443181818181818,14,13.0,0,2025-10-08,1.0526315789473684,2.1760113555713274,3.789864029666255,strong_bullish,0.6862236964859542,0.9175202006902192,bullish,bullish,False,True,True,False,2025
427,361870,361871,361881,2025-10-09 13:40:00+00:00,2025-10-09 13:41:00+00:00,2025-10-09 13:51:00+00:00,short,25290.5,25291.0,25290.75,25315.75,25265.75,25240.75,25215.75,25190.75,85.28060327165458,high_probability,-85.28060327165458,25.0,True,False,False,False,True,stop,25315.75,25316.0,-25.25,0.0,-25.25,-1.01,37.0,26.25,1.48,1.05,11,10.0,1,2025-10-09,1.2018561484918795,1.0626506024096385,0.8476286579212916,partial_bearish,1.7475966790474111,1.0559144575629316,bearish,bearish,True,True,True,False,2025
428,363261,363262,363268,2025-10-10 13:51:00+00:00,2025-10-10 13:52:00+00:00,2025-10-10 13:58:00+00:00,short,25329.25,25329.0,25328.75,25353.75,25303.75,25278.75,25253.75,25228.75,70.67894312711364,near_trigger,-52.67894312711364,25.0,False,False,False,False,True,stop,25353.75,25354.0,-25.25,0.0,-25.25,-1.01,3.0,33.75,0.12,1.35,7,6.0,0,2025-10-10,3.109302325581395,2.4585365853658536,1.8718354430379749,partial_bullish,1.1839438744445152,1.1448557067032232,bearish,bearish,True,False,False,False,2025
429,363272,363273,363286,2025-10-10 14:02:00+00:00,2025-10-10 14:03:00+00:00,2025-10-10 14:16:00+00:00,long,25343.75,25343.75,25344.0,25319.0,25369.0,25394.0,25419.0,25444.0,81.14939818608487,high_probability,81.14939818608487,25.0,False,False,False,False,True,stop,25319.0,25318.75,-25.25,0.0,-25.25,-1.01,11.75,42.25,0.47,1.69,14,13.0,0,2025-10-10,0.1354441512752858,1.199098422238918,2.372060857538036,partial_bullish,1.330747455751129,1.4967500275421397,bullish,bullish,True,True,True,False,2025
430,364632,364633,364648,2025-10-13 13:42:00+00:00,2025-10-13 13:43:00+00:00,2025-10-13 13:58:00+00:00,long,24781.25,24780.75,24781.0,24756.0,24806.0,24831.0,24856.0,24881.0,80.47573872472783,high_probability,21.475738724727837,25.0,True,True,True,True,False,tp4,24881.0,24880.75,99.75,0.0,99.75,3.99,104.5,12.0,4.18,0.48,16,15.0,4,2025-10-13,0.7475375842405392,2.536487166582788,0.2240779401530967,partial_bullish,1.2314913994077248,1.5837773230962462,neutral,bullish,True,True,True,False,2025
431,364655,364656,364657,2025-10-13 14:05:00+00:00,2025-10-13 14:06:00+00:00,2025-10-13 14:07:00+00:00,long,24909.25,24909.5,24909.75,24884.75,24934.75,24959.75,24984.75,25009.75,73.04054097464996,near_trigger,73.04054097464996,25.0,False,False,False,False,True,stop,24884.75,24884.5,-25.25,0.0,-25.25,-1.01,2.0,26.75,0.08,1.07,2,1.0,0,2025-10-13,0.363951473136915,2.869014084507042,1.0363182700304965,strong_bullish,0.9559493827351244,1.352674960099696,bullish,bullish,False,False,True,False,2025
432,364662,364663,364669,2025-10-13 14:12:00+00:00,2025-10-13 14:13:00+00:00,2025-10-13 14:19:00+00:00,long,24886.5,24886.75,24887.0,24862.0,24912.0,24937.0,24962.0,24987.0,78.0,near_trigger,67.5575104849546,25.0,False,False,False,False,True,stop,24862.0,24861.75,-25.25,0.0,-25.25,-1.01,17.5,28.0,0.7,1.12,7,6.0,0,2025-10-13,0.1636060100166945,1.8282469836763664,1.0363182700304965,partial_bullish,1.4853731343283585,2.22488202842324,bullish,bullish,True,False,True,False,2025
433,366017,366018,366023,2025-10-14 13:47:00+00:00,2025-10-14 13:48:00+00:00,2025-10-14 13:53:00+00:00,short,24489.25,24490.0,24489.75,24514.75,24464.75,24439.75,24414.75,24389.75,70.0,near_trigger,-39.81321370309951,25.0,True,False,False,False,True,stop,24514.75,24515.0,-25.25,0.0,-25.25,-1.01,29.25,57.25,1.17,2.29,6,5.0,1,2025-10-14,0.6851549755301795,4.323793250747544,3.2024048096192383,partial_bearish,1.0352116084826255,1.843042628978513,bearish,bearish,False,True,True,False,2025
434,366045,366046,366046,2025-10-14 14:15:00+00:00,2025-10-14 14:16:00+00:00,2025-10-14 14:16:00+00:00,short,24606.75,24607.25,24607.0,24632.0,24582.0,24557.0,24532.0,24507.0,70.72818181818182,near_trigger,-41.728181818181824,25.0,False,False,False,False,True,stop,24632.0,24632.25,-25.25,0.0,-25.25,-1.01,1.0,25.0,0.04,1.0,1,0.0,0,2025-10-14,0.7,2.718578352180937,0.0619773733398917,strong_bullish,1.1846774754714355,1.6639585598573052,bearish,bearish,True,True,False,False,2025
435,367405,367406,367420,2025-10-15 13:55:00+00:00,2025-10-15 13:56:00+00:00,2025-10-15 14:10:00+00:00,long,25009.5,25009.5,25009.75,24984.75,25034.75,25059.75,25084.75,25109.75,70.80280373831775,near_trigger,43.80280373831775,25.0,True,True,True,True,False,tp4,25109.75,25109.5,99.75,0.0,99.75,3.99,100.75,14.75,4.03,0.59,15,14.0,4,2025-10-15,2.5350467289719627,0.6445544554455446,1.8137651821862348,partial_bearish,1.2473721093202523,1.7800773946693331,bullish,bullish,True,True,True,False,2025
436,368761,368762,368762,2025-10-16 13:31:00+00:00,2025-10-16 13:32:00+00:00,2025-10-16 13:32:00+00:00,long,25105.0,25105.25,25105.5,25080.5,25130.5,25155.5,25180.5,25205.5,74.33768022509685,near_trigger,61.33768022509685,25.0,False,False,False,False,True,stop,25080.5,25080.25,-25.25,0.0,-25.25,-1.01,0.5,35.0,0.02,1.4,1,0.0,0,2025-10-16,3.4505776636713734,1.052722558340536,0.4791537025513379,partial_bullish,7.330344343794797,1.4480668542473776,bullish,bullish,True,True,True,False,2025
437,368767,368768,368770,2025-10-16 13:37:00+00:00,2025-10-16 13:38:00+00:00,2025-10-16 13:40:00+00:00,long,25069.75,25070.25,25070.5,25045.5,25095.5,25120.5,25145.5,25170.5,72.36286588924946,near_trigger,70.36286588924946,25.0,False,False,False,False,True,stop,25045.5,25045.25,-25.25,0.0,-25.25,-1.01,15.5,34.5,0.62,1.38,3,2.0,0,2025-10-16,0.398576512455516,0.5641025641025641,0.4791537025513379,partial_bullish,1.86197276652275,1.0440845636983953,bullish,bullish,False,True,True,True,2025
438,368775,368776,368777,2025-10-16 13:45:00+00:00,2025-10-16 13:46:00+00:00,2025-10-16 13:47:00+00:00,long,25123.25,25123.0,25123.25,25098.25,25148.25,25173.25,25198.25,25223.25,71.9754662840746,near_trigger,58.9754662840746,25.0,False,False,False,False,True,stop,25098.25,25098.0,-25.25,0.0,-25.25,-1.01,2.25,61.0,0.09,2.44,2,1.0,0,2025-10-16,3.314203730272597,0.7609756097560976,1.2119168071950537,strong_bullish,2.1959781922896475,1.7140079172164735,bullish,bullish,True,True,True,True,2025
439,368780,368781,368802,2025-10-16 13:50:00+00:00,2025-10-16 13:51:00+00:00,2025-10-16 14:12:00+00:00,long,25050.5,25050.5,25050.75,25025.75,25075.75,25100.75,25125.75,25150.75,78.0,near_trigger,71.23346303501945,25.0,True,False,False,False,True,stop,25025.75,25025.5,-25.25,0.0,-25.25,-1.01,45.75,37.25,1.83,1.49,22,21.0,1,2025-10-16,2.642023346303502,0.626360338573156,1.2119168071950537,partial_bearish,1.575432770954904,1.7749566748273868,bullish,bullish,True,True,True,False,2025
440,370140,370141,370141,2025-10-17 13:30:00+00:00,2025-10-17 13:31:00+00:00,2025-10-17 13:31:00+00:00,short,24704.75,24705.0,24704.75,24729.75,24679.75,24654.75,24629.75,24604.75,74.74767343994229,near_trigger,-46.74767343994229,25.0,False,False,False,False,True,stop,24729.75,24730.0,-25.25,0.0,-25.25,-1.01,3.75,50.5,0.15,2.02,1,0.0,0,2025-10-17,2.020997375328084,0.3876698014629048,0.3077790304396843,strong_bearish,6.768858622774959,1.2897278666185723,neutral,bearish,True,True,True,False,2025
441,370146,370147,370147,2025-10-17 13:36:00+00:00,2025-10-17 13:37:00+00:00,2025-10-17 13:37:00+00:00,short,24765.75,24765.75,24765.5,24790.5,24740.5,24715.5,24690.5,24665.5,70.91711872507156,near_trigger,-55.91711872507156,25.0,False,False,False,False,True,stop,24790.5,24790.75,-25.25,0.0,-25.25,-1.01,2.25,52.25,0.09,2.09,1,0.0,0,2025-10-17,0.4312431243124312,0.3975791433891993,0.3077790304396843,partial_bullish,1.802727899784171,1.2345434459639633,neutral,bearish,True,True,True,False,2025
442,370148,370149,370158,2025-10-17 13:38:00+00:00,2025-10-17 13:39:00+00:00,2025-10-17 13:48:00+00:00,short,24758.25,24758.75,24758.5,24783.5,24733.5,24708.5,24683.5,24658.5,74.15349609499526,near_trigger,-40.15349609499526,25.0,True,True,True,False,True,stop,24783.5,24783.75,-25.25,0.0,-25.25,-1.01,86.25,25.5,3.45,1.02,10,9.0,3,2025-10-17,0.0645756457564575,0.3975791433891993,0.3077790304396843,partial_bearish,1.61300648966407,1.3912897962598838,neutral,bearish,True,True,True,False,2025
443,371520,371521,371577,2025-10-20 13:30:00+00:00,2025-10-20 13:31:00+00:00,2025-10-20 14:27:00+00:00,long,25173.25,25172.75,25173.0,25148.0,25198.0,25223.0,25248.0,25273.0,71.71284602329257,near_trigger,50.71284602329257,25.0,True,True,True,True,False,tp4,25273.0,25272.75,99.75,0.0,99.75,3.99,107.0,5.25,4.28,0.21,57,56.0,4,2025-10-20,3.5,1.6470588235294117,1.17,partial_bullish,11.986460168784198,1.260705019410468,bullish,bullish,True,True,True,False,2025
444,372918,372919,372920,2025-10-21 13:48:00+00:00,2025-10-21 13:49:00+00:00,2025-10-21 13:50:00+00:00,short,25225.5,25225.5,25225.25,25250.25,25200.25,25175.25,25150.25,25125.25,73.00446460500636,near_trigger,-71.00446460500636,25.0,False,False,False,False,True,stop,25250.25,25250.5,-25.25,0.0,-25.25,-1.01,6.0,48.25,0.24,1.93,2,1.0,0,2025-10-21,1.324324324324324,1.2151431209602954,2.2777777777777777,strong_bearish,1.0715958189384769,1.0028196032710706,bearish,bearish,False,True,True,False,2025
445,372921,372922,372950,2025-10-21 13:51:00+00:00,2025-10-21 13:52:00+00:00,2025-10-21 14:20:00+00:00,short,25258.25,25258.25,25258.0,25283.0,25233.0,25208.0,25183.0,25158.0,74.0862880453501,near_trigger,-60.0862880453501,25.0,True,False,False,False,True,stop,25283.0,25283.25,-25.25,0.0,-25.25,-1.01,46.0,28.0,1.84,1.12,29,28.0,1,2025-10-21,0.022801302931596,1.7845394736842104,2.2777777777777777,partial_bearish,0.8332864412093345,0.7893334145561427,bearish,bearish,True,True,True,False,2025
446,372958,372959,372964,2025-10-21 14:28:00+00:00,2025-10-21 14:29:00+00:00,2025-10-21 14:34:00+00:00,short,25208.75,25208.75,25208.5,25233.5,25183.5,25158.5,25133.5,25108.5,84.2,high_probability,-71.2,25.0,False,False,False,False,True,stop,25233.5,25233.75,-25.25,0.0,-25.25,-1.01,5.5,25.5,0.22,1.02,6,5.0,0,2025-10-21,2.99290780141844,1.002733734281028,1.8351719662556785,partial_bearish,1.892078865444483,2.419692692002446,bearish,bearish,False,True,True,False,2025
447,374336,374337,374352,2025-10-22 14:26:00+00:00,2025-10-22 14:27:00+00:00,2025-10-22 14:42:00+00:00,short,25177.0,25177.25,25177.0,25202.0,25152.0,25127.0,25102.0,25077.0,83.0,high_probability,-62.0,25.0,True,True,True,True,False,tp4,25077.0,25077.25,99.75,0.0,99.75,3.99,100.0,3.5,4.0,0.14,16,15.0,4,2025-10-22,2.4858536585365854,1.6531365313653137,1.2541133455210238,strong_bearish,1.5501965160852056,1.6840263135700428,bearish,bearish,False,True,True,False,2025
448,375714,375715,375774,2025-10-23 14:24:00+00:00,2025-10-23 14:25:00+00:00,2025-10-23 15:24:00+00:00,long,25154.75,25155.25,25155.5,25130.5,25180.5,25205.5,25230.5,25255.5,96.20203735144312,a_plus_plus,61.20203735144312,25.0,True,False,False,False,False,max_holding_time,25165.25,25165.0,9.5,0.0,9.5,0.38,43.75,22.25,1.75,0.89,60,59.0,1,2025-10-23,2.7928692699490663,1.7852789498359118,2.595959595959596,partial_bullish,1.2565084414998728,1.7203287080695135,bullish,bullish,True,True,True,True,2025
449,377042,377043,377102,2025-10-24 13:32:00+00:00,2025-10-24 13:33:00+00:00,2025-10-24 14:32:00+00:00,long,25463.75,25463.5,25463.75,25438.75,25488.75,25513.75,25538.75,25563.75,72.18197228887685,near_trigger,43.18197228887685,25.0,True,True,True,False,False,max_holding_time,25484.75,25484.5,20.75,0.0,20.75,0.83,86.75,2.5,3.47,0.1,60,59.0,3,2025-10-24,0.8944444444444444,0.0931780366056572,2.780249593054802,partial_bearish,3.3745352711119696,0.90164357406404,bullish,bullish,True,True,False,False,2025
450,381181,381182,381187,2025-10-29 13:31:00+00:00,2025-10-29 13:32:00+00:00,2025-10-29 13:37:00+00:00,long,26280.5,26280.75,26281.0,26256.25,26306.0,26331.0,26356.0,26381.0,90.2402581559563,a_plus_plus,70.2402581559563,24.75,False,False,False,False,True,stop,26256.25,26256.0,-25.0,0.0,-25.0,-1.0101010101010102,11.5,25.25,0.4646464646464646,1.02020202020202,6,5.0,0,2025-10-29,2.45360824742268,0.0,0.7647058823529411,mixed,5.980883735506111,0.8608577002447029,bullish,bullish,True,False,True,False,2025
451,382562,382563,382567,2025-10-30 13:32:00+00:00,2025-10-30 13:33:00+00:00,2025-10-30 13:37:00+00:00,short,26067.75,26067.75,26067.5,26092.5,26042.5,26017.5,25992.5,25967.5,71.30702016123513,near_trigger,-32.30702016123513,25.0,True,True,True,True,False,tp4,25967.5,25967.75,99.75,0.0,99.75,3.99,101.75,6.75,4.07,0.27,5,4.0,4,2025-10-30,2.4507042253521125,1.3504566210045663,1.974921630094044,partial_bearish,2.6148355058969583,0.9225168010292768,bearish,bearish,True,True,True,False,2025
452,382599,382600,382604,2025-10-30 14:09:00+00:00,2025-10-30 14:10:00+00:00,2025-10-30 14:14:00+00:00,short,26092.5,26092.5,26092.25,26117.25,26067.25,26042.25,26017.25,25992.25,81.60803582840906,high_probability,-59.60803582840906,25.0,True,False,False,False,True,stop,26117.25,26117.5,-25.25,0.0,-25.25,-1.01,32.5,26.25,1.3,1.05,5,4.0,1,2025-10-30,0.2042730588848358,2.5467105263157896,0.1121281464530892,partial_bullish,1.2098516491430218,2.234904417927126,bearish,bearish,True,False,True,False,2025
453,382607,382608,382608,2025-10-30 14:17:00+00:00,2025-10-30 14:18:00+00:00,2025-10-30 14:18:00+00:00,short,26047.5,26047.0,26046.75,26071.75,26021.75,25996.75,25971.75,25946.75,77.08487993247348,near_trigger,-61.08487993247349,25.0,False,False,False,False,True,stop,26071.75,26072.0,-25.25,0.0,-25.25,-1.01,5.75,35.5,0.23,1.42,1,0.0,0,2025-10-30,0.7395132055929571,0.885009030704395,0.3058339758416859,partial_bullish,1.1683073794024257,2.0510329248594226,bearish,bearish,False,False,True,False,2025
454,382613,382614,382617,2025-10-30 14:23:00+00:00,2025-10-30 14:24:00+00:00,2025-10-30 14:27:00+00:00,short,26022.25,26022.5,26022.25,26047.25,25997.25,25972.25,25947.25,25922.25,82.32191103789127,high_probability,-61.32191103789127,25.0,False,False,False,False,True,stop,26047.25,26047.5,-25.25,0.0,-25.25,-1.01,15.5,26.0,0.62,1.04,4,3.0,0,2025-10-30,1.6068094453596924,1.346693386773547,0.3058339758416859,partial_bearish,1.0378272118873133,1.6258137560147183,bearish,bearish,False,True,True,False,2025
455,383991,383992,383993,2025-10-31 14:21:00+00:00,2025-10-31 14:22:00+00:00,2025-10-31 14:23:00+00:00,short,26068.0,26067.5,26067.25,26092.25,26042.25,26017.25,25992.25,25967.25,91.07604456824512,a_plus_plus,-64.07604456824512,25.0,False,False,False,False,True,stop,26092.25,26092.5,-25.25,0.0,-25.25,-1.01,10.25,32.0,0.41,1.28,2,1.0,0,2025-10-31,1.7158774373259051,0.0,3.4302382109868743,partial_bearish,1.7887748703606017,1.8923870696009264,bearish,bearish,True,True,True,False,2025
456,383994,383995,384001,2025-10-31 14:24:00+00:00,2025-10-31 14:25:00+00:00,2025-10-31 14:31:00+00:00,short,26101.5,26102.0,26101.75,26126.75,26076.75,26051.75,26026.75,26001.75,71.0,near_trigger,-51.3061739340374,25.0,False,False,False,False,True,stop,26126.75,26127.0,-25.25,0.0,-25.25,-1.01,5.5,27.25,0.22,1.09,7,6.0,0,2025-10-31,0.4885215794306703,0.0,3.4302382109868743,partial_bearish,0.8636648737004162,1.1164344856391737,bearish,bearish,True,True,True,False,2025
457,386703,386704,386705,2025-11-04 14:33:00+00:00,2025-11-04 14:34:00+00:00,2025-11-04 14:35:00+00:00,short,25673.0,25672.5,25672.25,25697.25,25647.25,25622.25,25597.25,25572.25,75.4,near_trigger,-54.400000000000006,25.0,False,False,False,False,True,stop,25697.25,25697.5,-25.25,0.0,-25.25,-1.01,9.25,26.5,0.37,1.06,2,1.0,0,2025-11-04,3.119565217391304,1.8010610079575595,0.0595111583421891,partial_bearish,4.196265938069217,1.6955181772182957,bearish,bearish,True,True,False,False,2025
458,386731,386732,386736,2025-11-04 15:01:00+00:00,2025-11-04 15:02:00+00:00,2025-11-04 15:06:00+00:00,long,25877.75,25877.75,25878.0,25853.0,25903.0,25928.0,25953.0,25978.0,71.08307897506248,near_trigger,71.08307897506248,25.0,False,False,False,False,True,stop,25853.0,25852.75,-25.25,0.0,-25.25,-1.01,8.0,28.0,0.32,1.12,5,4.0,0,2025-11-04,0.9220103986135182,4.223493516399695,3.265831842576029,strong_bullish,0.480604443914579,0.5459162082099027,bullish,bullish,False,False,True,False,2025
459,386756,386757,386760,2025-11-04 15:26:00+00:00,2025-11-04 15:27:00+00:00,2025-11-04 15:30:00+00:00,long,25882.25,25882.75,25883.0,25858.0,25908.0,25933.0,25958.0,25983.0,76.37028630192157,near_trigger,67.37028630192157,25.0,False,False,False,False,True,stop,25858.0,25857.75,-25.25,0.0,-25.25,-1.01,6.5,28.0,0.26,1.12,4,3.0,0,2025-11-04,0.8955223880597015,0.0573343261355175,2.6067646053980185,partial_bullish,1.6505336311739889,1.3744923162779163,bullish,bullish,False,True,True,False,2025
460,388080,388081,388081,2025-11-05 14:30:00+00:00,2025-11-05 14:31:00+00:00,2025-11-05 14:31:00+00:00,long,25569.0,25569.5,25569.75,25544.75,25594.75,25619.75,25644.75,25669.75,72.35315019733918,near_trigger,41.353150197339176,25.0,False,False,False,False,True,stop,25544.75,25544.5,-25.25,0.0,-25.25,-1.01,6.5,46.75,0.26,1.87,1,0.0,0,2025-11-05,2.0340314136125657,0.9977011494252874,0.6192842942345924,partial_bullish,8.709298787114724,0.9757927037163314,bullish,bullish,True,True,True,False,2025
461,388087,388088,388101,2025-11-05 14:37:00+00:00,2025-11-05 14:38:00+00:00,2025-11-05 14:51:00+00:00,long,25533.0,25532.75,25533.0,25508.0,25558.0,25583.0,25608.0,25633.0,82.0973877351725,high_probability,45.0973877351725,25.0,True,True,True,True,False,tp4,25633.0,25632.75,99.75,0.0,99.75,3.99,104.0,24.25,4.16,0.97,14,13.0,4,2025-11-05,0.2028985507246376,2.653896961690885,0.6192842942345924,partial_bearish,2.362211120588116,1.3311564459770815,bullish,bullish,False,True,True,False,2025
462,388116,388117,388117,2025-11-05 15:06:00+00:00,2025-11-05 15:07:00+00:00,2025-11-05 15:07:00+00:00,long,25704.25,25704.75,25705.0,25680.0,25730.0,25755.0,25780.0,25805.0,81.15995765793429,high_probability,68.15995765793429,25.0,False,False,False,False,True,stop,25680.0,25679.75,-25.25,0.0,-25.25,-1.01,0.5,38.25,0.02,1.53,1,0.0,0,2025-11-05,1.439888811674774,2.2633711507293355,1.9455732946298985,strong_bullish,1.574522216284164,2.0008225965355293,bullish,bullish,False,True,True,False,2025
463,388124,388125,388131,2025-11-05 15:14:00+00:00,2025-11-05 15:15:00+00:00,2025-11-05 15:21:00+00:00,long,25648.0,25648.5,25648.75,25623.75,25673.75,25698.75,25723.75,25748.75,71.0,near_trigger,69.13382013471929,25.0,False,False,False,False,True,stop,25623.75,25623.5,-25.25,0.0,-25.25,-1.01,24.75,30.25,0.99,1.21,7,6.0,0,2025-11-05,1.2253618194348723,3.1919792053471965,1.9455732946298985,partial_bullish,0.7693429279630853,1.0897560501506462,bullish,bullish,True,True,True,False,2025
464,388134,388135,388188,2025-11-05 15:24:00+00:00,2025-11-05 15:25:00+00:00,2025-11-05 16:18:00+00:00,long,25684.0,25684.0,25684.25,25659.25,25709.25,25734.25,25759.25,25784.25,76.68091326799197,near_trigger,57.68091326799197,25.0,True,True,False,False,True,stop,25659.25,25659.0,-25.25,0.0,-25.25,-1.01,52.25,26.0,2.09,1.04,54,53.0,2,2025-11-05,1.5191256830601092,0.3746835443037974,1.1796657381615598,partial_bullish,0.8009778031546643,1.0701599637637973,bullish,bullish,True,True,True,True,2025
465,389478,389479,389479,2025-11-06 14:48:00+00:00,2025-11-06 14:49:00+00:00,2025-11-06 14:49:00+00:00,long,25668.5,25668.5,25668.75,25643.75,25693.75,25718.75,25743.75,25768.75,84.2876161072701,high_probability,75.2876161072701,25.0,False,False,False,False,True,stop,25643.75,25643.5,-25.25,0.0,-25.25,-1.01,1.5,40.0,0.06,1.6,1,0.0,0,2025-11-06,2.4775280898876404,3.341935483870968,5.298701298701299,partial_bearish,0.9441438859231128,0.9765714751595378,bullish,bullish,True,True,True,False,2025
466,389480,389481,389481,2025-11-06 14:50:00+00:00,2025-11-06 14:51:00+00:00,2025-11-06 14:51:00+00:00,long,25599.75,25600.0,25600.25,25575.25,25625.25,25650.25,25675.25,25700.25,78.0,near_trigger,47.68328173374613,25.0,False,False,False,False,True,stop,25575.25,25575.0,-25.25,0.0,-25.25,-1.01,5.5,35.5,0.22,1.42,1,0.0,0,2025-11-06,1.4736842105263157,1.6502679006332197,5.298701298701299,strong_bearish,1.7583947971524956,1.7707489430650771,bullish,bullish,True,True,True,False,2025
467,389484,389485,389487,2025-11-06 14:54:00+00:00,2025-11-06 14:55:00+00:00,2025-11-06 14:57:00+00:00,long,25555.0,25555.75,25556.0,25531.0,25581.0,25606.0,25631.0,25656.0,75.0,near_trigger,68.97788487129469,25.0,False,False,False,False,True,stop,25531.0,25530.75,-25.25,0.0,-25.25,-1.01,9.75,28.75,0.39,1.15,3,2.0,0,2025-11-06,2.4760191846522783,1.6502679006332197,5.298701298701299,strong_bearish,0.7989006644956046,1.2024820317148497,bullish,bullish,True,True,True,False,2025
468,389506,389507,389507,2025-11-06 15:16:00+00:00,2025-11-06 15:17:00+00:00,2025-11-06 15:17:00+00:00,short,25457.25,25457.5,25457.25,25482.25,25432.25,25407.25,25382.25,25357.25,78.0,near_trigger,-58.31522335571691,25.0,False,False,False,False,True,stop,25482.25,25482.5,-25.25,0.0,-25.25,-1.01,0.75,29.75,0.03,1.19,1,0.0,0,2025-11-06,0.5103757711721817,3.5873907615480647,6.420560747663552,strong_bearish,0.9754712764479558,1.6047935132556936,bearish,bearish,True,True,True,True,2025
469,389509,389510,389510,2025-11-06 15:19:00+00:00,2025-11-06 15:20:00+00:00,2025-11-06 15:20:00+00:00,short,25486.0,25487.0,25486.75,25511.75,25461.75,25436.75,25411.75,25386.75,80.50089110533634,high_probability,-80.50089110533634,25.0,False,False,False,False,True,stop,25511.75,25512.0,-25.25,0.0,-25.25,-1.01,0.0,30.5,0.0,1.22,1,0.0,0,2025-11-06,2.094554159186116,3.5873907615480647,6.420560747663552,partial_bearish,0.6255858934652855,1.2642837444094055,bearish,bearish,True,True,True,False,2025
470,389511,389512,389513,2025-11-06 15:21:00+00:00,2025-11-06 15:22:00+00:00,2025-11-06 15:23:00+00:00,short,25513.0,25513.0,25512.75,25537.75,25487.75,25462.75,25437.75,25412.75,71.0,near_trigger,-50.45775955923967,25.0,False,False,False,False,True,stop,25537.75,25538.0,-25.25,0.0,-25.25,-1.01,8.0,25.5,0.32,1.02,2,1.0,0,2025-11-06,1.9391304347826088,1.1428571428571428,6.420560747663552,partial_bearish,0.6207294713267902,0.9377036611079164,bearish,bearish,True,True,True,False,2025
471,390852,390853,390853,2025-11-07 14:42:00+00:00,2025-11-07 14:43:00+00:00,2025-11-07 14:43:00+00:00,short,24942.5,24942.5,24942.25,24967.25,24917.25,24892.25,24867.25,24842.25,71.09769452449568,near_trigger,-67.09769452449568,25.0,False,False,False,False,True,stop,24967.25,24967.5,-25.25,0.0,-25.25,-1.01,0.25,50.5,0.01,2.02,1,0.0,0,2025-11-07,0.228626320845341,4.538669064748201,0.0709085153529598,partial_bearish,1.4613708022091965,1.655757750125872,bearish,bearish,False,True,True,True,2025
472,390881,390882,390885,2025-11-07 15:11:00+00:00,2025-11-07 15:12:00+00:00,2025-11-07 15:15:00+00:00,short,25005.25,25004.5,25004.25,25029.25,24979.25,24954.25,24929.25,24904.25,70.0,near_trigger,-42.02762944062807,25.0,False,False,False,False,True,stop,25029.25,25029.5,-25.25,0.0,-25.25,-1.01,17.5,39.0,0.7,1.56,4,3.0,0,2025-11-07,3.050049067713444,0.0818952910207663,0.7986203236932873,partial_bearish,1.1319834427482929,1.865441432047272,bearish,bearish,False,True,True,False,2025
473,393603,393604,393663,2025-11-11 14:33:00+00:00,2025-11-11 14:34:00+00:00,2025-11-11 15:33:00+00:00,short,25626.5,25627.25,25627.0,25652.0,25602.0,25577.0,25552.0,25527.0,71.29004952147487,near_trigger,-51.29004952147487,25.0,True,True,True,True,False,tp4,25527.0,25527.25,99.75,0.0,99.75,3.99,113.0,19.0,4.52,0.76,60,59.0,4,2025-11-11,1.875,0.6207547169811322,0.6599622878692646,partial_bullish,2.19530403371463,0.6862700814550492,neutral,bearish,True,True,True,False,2025
474,394996,394997,395011,2025-11-12 14:46:00+00:00,2025-11-12 14:47:00+00:00,2025-11-12 15:01:00+00:00,short,25596.5,25596.75,25596.5,25621.5,25571.5,25546.5,25521.5,25496.5,76.0,near_trigger,-51.0,25.0,True,False,False,False,True,stop,25621.5,25621.75,-25.25,0.0,-25.25,-1.01,35.0,37.5,1.4,1.5,15,14.0,1,2025-11-12,2.609992542878449,6.36161776367962,3.886309805779252,strong_bearish,2.0512492402188167,2.094517896662393,neutral,bearish,False,True,True,False,2025
475,396365,396366,396373,2025-11-13 14:35:00+00:00,2025-11-13 14:36:00+00:00,2025-11-13 14:43:00+00:00,short,25401.75,25402.25,25402.0,25427.0,25377.0,25352.0,25327.0,25302.0,93.4,a_plus_plus,-72.4,25.0,True,True,True,True,False,tp4,25302.0,25302.25,99.75,0.0,99.75,3.99,104.0,2.0,4.16,0.08,8,7.0,4,2025-11-13,2.1153846153846154,0.4076999012833168,2.4486055776892437,strong_bearish,4.16390892592988,1.752615700622633,bearish,bearish,True,True,True,False,2025
476,396411,396412,396427,2025-11-13 15:21:00+00:00,2025-11-13 15:22:00+00:00,2025-11-13 15:37:00+00:00,short,25413.25,25413.25,25413.0,25438.0,25388.0,25363.0,25338.0,25313.0,81.54324324324324,high_probability,-76.54324324324324,25.0,True,True,True,True,False,tp4,25313.0,25313.25,99.75,0.0,99.75,3.99,120.0,10.5,4.8,0.42,16,15.0,4,2025-11-13,2.4954954954954958,1.2398239823982398,0.4191616766467066,partial_bearish,1.151810603714128,1.7064873654492672,bearish,bearish,False,True,True,True,2025
477,397740,397741,397746,2025-11-14 14:30:00+00:00,2025-11-14 14:31:00+00:00,2025-11-14 14:36:00+00:00,short,24698.0,24697.25,24697.0,24722.0,24672.0,24647.0,24622.0,24597.0,86.38103849328431,high_probability,-70.38103849328431,25.0,True,True,False,False,True,stop,24722.0,24722.25,-25.25,0.0,-25.25,-1.01,71.0,89.5,2.84,3.58,6,5.0,2,2025-11-14,1.9772511848341232,0.6487804878048781,0.4192708333333333,strong_bearish,6.875,1.317532077736925,bearish,bearish,True,True,True,False,2025
478,397747,397748,397748,2025-11-14 14:37:00+00:00,2025-11-14 14:38:00+00:00,2025-11-14 14:38:00+00:00,short,24774.75,24774.5,24774.25,24799.25,24749.25,24724.25,24699.25,24674.25,83.62665388302972,high_probability,-64.62665388302972,25.0,False,False,False,False,True,stop,24799.25,24799.5,-25.25,0.0,-25.25,-1.01,6.0,44.25,0.24,1.77,1,0.0,0,2025-11-14,3.4829931972789114,2.28381190178943,0.4192708333333333,partial_bearish,1.9935728795497685,1.7775303418327582,bearish,bearish,True,True,True,False,2025
479,397749,397750,397751,2025-11-14 14:39:00+00:00,2025-11-14 14:40:00+00:00,2025-11-14 14:41:00+00:00,short,24800.5,24800.25,24800.0,24825.0,24775.0,24750.0,24725.0,24700.0,82.54074074074074,high_probability,-75.54074074074074,25.0,False,False,False,False,True,stop,24825.0,24825.25,-25.25,0.0,-25.25,-1.01,22.75,38.75,0.91,1.55,2,1.0,0,2025-11-14,3.864197530864197,2.28381190178943,0.4192708333333333,partial_bearish,1.4246862517351766,1.646733302225824,bearish,bearish,True,True,True,False,2025
480,397777,397778,397780,2025-11-14 15:07:00+00:00,2025-11-14 15:08:00+00:00,2025-11-14 15:10:00+00:00,short,24928.5,24928.0,24927.75,24952.75,24902.75,24877.75,24852.75,24827.75,71.4,near_trigger,-58.400000000000006,25.0,False,False,False,False,True,stop,24952.75,24953.0,-25.25,0.0,-25.25,-1.01,15.75,45.0,0.63,1.8,3,2.0,0,2025-11-14,0.0443238353686114,1.7348927875243665,3.3227848101265822,strong_bullish,1.0594972955774735,1.940781599625332,bearish,bearish,True,True,False,False,2025
481,397782,397783,397785,2025-11-14 15:12:00+00:00,2025-11-14 15:13:00+00:00,2025-11-14 15:15:00+00:00,short,24874.75,24874.5,24874.25,24899.25,24849.25,24824.25,24799.25,24774.25,91.52142555883592,a_plus_plus,-78.52142555883593,25.0,False,False,False,False,True,stop,24899.25,24899.5,-25.25,0.0,-25.25,-1.01,11.75,63.5,0.47,2.54,3,2.0,0,2025-11-14,1.2695065373260228,1.5527005768222335,3.3227848101265822,partial_bullish,1.40735591888543,2.206805042176097,bearish,bearish,True,True,True,False,2025
482,397786,397787,397797,2025-11-14 15:16:00+00:00,2025-11-14 15:17:00+00:00,2025-11-14 15:27:00+00:00,short,24970.25,24970.25,24970.0,24995.0,24945.0,24920.0,24895.0,24870.0,78.0,near_trigger,-64.2390989541432,25.0,True,True,False,False,True,stop,24995.0,24995.25,-25.25,0.0,-25.25,-1.01,67.5,43.5,2.7,1.74,11,10.0,2,2025-11-14,1.4022526146419951,0.0,1.97768479776848,partial_bullish,1.307102162967687,2.102428534790586,bearish,bearish,True,True,True,False,2025
483,399122,399123,399124,2025-11-17 14:32:00+00:00,2025-11-17 14:33:00+00:00,2025-11-17 14:34:00+00:00,short,25068.5,25068.0,25067.75,25092.75,25042.75,25017.75,24992.75,24967.75,70.0,near_trigger,-33.6,25.0,False,False,False,False,True,stop,25092.75,25093.0,-25.25,0.0,-25.25,-1.01,9.75,30.75,0.39,1.23,2,1.0,0,2025-11-17,2.704156479217604,1.9697674418604647,1.4918842625264646,partial_bearish,4.343204504309987,1.788951599110655,bearish,bearish,False,True,True,False,2025
484,399147,399148,399158,2025-11-17 14:57:00+00:00,2025-11-17 14:58:00+00:00,2025-11-17 15:08:00+00:00,short,25203.25,25203.5,25203.25,25228.25,25178.25,25153.25,25128.25,25103.25,72.72834571093348,near_trigger,-58.72834571093348,25.0,True,True,True,True,False,tp4,25103.25,25103.5,99.75,0.0,99.75,3.99,132.25,16.5,5.29,0.66,11,10.0,4,2025-11-17,1.1920614596670935,4.793423874195854,0.9554210236653824,partial_bullish,1.057347312364786,1.353788459899429,bearish,bearish,True,False,True,False,2025
485,399159,399160,399161,2025-11-17 15:09:00+00:00,2025-11-17 15:10:00+00:00,2025-11-17 15:11:00+00:00,short,25081.25,25081.5,25081.25,25106.25,25056.25,25031.25,25006.25,24981.25,77.61770234986946,near_trigger,-64.61770234986946,25.0,False,False,False,False,True,stop,25106.25,25106.5,-25.25,0.0,-25.25,-1.01,3.0,58.5,0.12,2.34,2,1.0,0,2025-11-17,1.0892950391644909,0.9085290482076638,2.4355533046340847,partial_bearish,1.2601888493233004,2.1399802416597007,bearish,bearish,False,True,True,False,2025
486,400503,400504,400512,2025-11-18 14:33:00+00:00,2025-11-18 14:34:00+00:00,2025-11-18 14:42:00+00:00,short,24788.75,24789.25,24789.0,24814.0,24764.0,24739.0,24714.0,24689.0,74.11726618705036,near_trigger,-37.11726618705036,25.0,True,True,True,True,False,tp4,24689.0,24689.25,99.75,0.0,99.75,3.99,114.0,13.0,4.56,0.52,9,8.0,4,2025-11-18,2.1079136690647484,0.646963997850618,0.5343168697883258,partial_bearish,3.870676420121015,2.214071701622068,bearish,bearish,True,True,True,False,2025
487,400535,400536,400536,2025-11-18 15:05:00+00:00,2025-11-18 15:06:00+00:00,2025-11-18 15:06:00+00:00,short,24473.5,24473.0,24472.75,24497.75,24447.75,24422.75,24397.75,24372.75,72.0,near_trigger,-57.16279069767442,25.0,False,False,False,False,True,stop,24497.75,24498.0,-25.25,0.0,-25.25,-1.01,1.75,48.75,0.07,1.95,1,0.0,0,2025-11-18,1.607558139534884,4.284372554135143,2.538760576263435,strong_bearish,1.2093972289740058,1.935561541587034,bearish,bearish,False,False,True,False,2025
488,400537,400538,400538,2025-11-18 15:07:00+00:00,2025-11-18 15:08:00+00:00,2025-11-18 15:08:00+00:00,short,24530.75,24530.75,24530.5,24555.5,24505.5,24480.5,24455.5,24430.5,74.0,near_trigger,-47.70190476190477,25.0,False,False,False,False,True,stop,24555.5,24555.75,-25.25,0.0,-25.25,-1.01,4.25,31.25,0.17,1.25,1,0.0,0,2025-11-18,1.5365079365079366,4.284372554135143,2.538760576263435,partial_bearish,1.1646418892026609,2.361871817046219,bearish,bearish,False,False,True,False,2025
489,401886,401887,401888,2025-11-19 14:36:00+00:00,2025-11-19 14:37:00+00:00,2025-11-19 14:38:00+00:00,long,24674.75,24674.0,24674.25,24649.25,24699.25,24724.25,24749.25,24774.25,87.1006253807743,high_probability,66.1006253807743,25.0,False,False,False,False,True,stop,24649.25,24649.0,-25.25,0.0,-25.25,-1.01,19.5,68.75,0.78,2.75,2,1.0,0,2025-11-19,2.682741116751269,0.0546875,1.0875706214689265,partial_bullish,2.540373095232672,1.3983637902391624,bullish,bullish,True,True,True,True,2025
490,401889,401890,401899,2025-11-19 14:39:00+00:00,2025-11-19 14:40:00+00:00,2025-11-19 14:49:00+00:00,long,24677.75,24678.0,24678.25,24653.25,24703.25,24728.25,24753.25,24778.25,72.4451497416152,near_trigger,63.4451497416152,25.0,True,True,True,True,False,tp4,24778.25,24778.0,99.75,0.0,99.75,3.99,101.25,17.75,4.05,0.71,10,9.0,4,2025-11-19,1.2658102766798418,0.0546875,1.0875706214689265,partial_bullish,1.3589156516164485,1.136933085074593,bullish,bullish,True,True,True,True,2025
491,401923,401924,401945,2025-11-19 15:13:00+00:00,2025-11-19 15:14:00+00:00,2025-11-19 15:35:00+00:00,long,24948.0,24948.0,24948.25,24923.25,24973.25,24998.25,25023.25,25048.25,73.26755487046832,near_trigger,73.26755487046832,25.0,True,False,False,False,True,stop,24923.25,24923.0,-25.25,0.0,-25.25,-1.01,39.75,35.0,1.59,1.4,22,21.0,1,2025-11-19,1.1816126601356445,3.398981324278438,3.736669645516831,strong_bullish,0.6896597317255376,0.995695373719827,bullish,bullish,False,True,True,True,2025
492,403286,403287,403287,2025-11-20 14:56:00+00:00,2025-11-20 14:57:00+00:00,2025-11-20 14:57:00+00:00,long,25287.75,25287.25,25287.5,25262.5,25312.5,25337.5,25362.5,25387.5,81.16503067484662,high_probability,60.16503067484662,25.0,False,False,False,False,True,stop,25262.5,25262.25,-25.25,0.0,-25.25,-1.01,3.25,37.75,0.13,1.51,1,0.0,0,2025-11-20,1.17602642756017,0.7575982209043736,1.2775,strong_bullish,1.406335615407311,1.8338423850315244,bullish,bullish,False,True,True,False,2025
493,403313,403314,403340,2025-11-20 15:23:00+00:00,2025-11-20 15:24:00+00:00,2025-11-20 15:50:00+00:00,long,25245.0,25244.5,25244.75,25219.75,25269.75,25294.75,25319.75,25344.75,75.58869282439493,near_trigger,41.588692824394926,25.0,True,True,False,False,True,stop,25219.75,25219.5,-25.25,0.0,-25.25,-1.01,65.25,25.25,2.61,1.01,27,26.0,2,2025-11-20,0.665929203539823,0.5007451564828614,0.6762402088772846,partial_bearish,1.226312559611389,1.5433718571455155,bullish,bullish,False,True,True,False,2025
494,404642,404643,404643,2025-11-21 14:32:00+00:00,2025-11-21 14:33:00+00:00,2025-11-21 14:33:00+00:00,long,24246.0,24246.0,24246.25,24221.25,24271.25,24296.25,24321.25,24346.25,81.30558263591476,high_probability,65.30558263591476,25.0,False,False,False,False,True,stop,24221.25,24221.0,-25.25,0.0,-25.25,-1.01,1.5,88.0,0.06,3.52,1,0.0,0,2025-11-21,1.6057906458797329,0.3850931677018633,0.2071516646115906,partial_bearish,4.010850279787088,1.3941352625492929,bullish,bullish,True,False,True,False,2025
495,404645,404646,404648,2025-11-21 14:35:00+00:00,2025-11-21 14:36:00+00:00,2025-11-21 14:38:00+00:00,long,24207.75,24207.25,24207.5,24182.5,24232.5,24257.5,24282.5,24307.5,73.0,near_trigger,53.37406680346539,25.0,True,True,False,False,True,stop,24182.5,24182.25,-25.25,0.0,-25.25,-1.01,61.5,29.5,2.46,1.18,3,2.0,2,2025-11-21,0.9471947194719472,0.5840286054827175,0.2071516646115906,strong_bearish,1.9858189221444784,0.9279641324257089,bullish,bullish,True,False,True,False,2025
496,404662,404663,404663,2025-11-21 14:52:00+00:00,2025-11-21 14:53:00+00:00,2025-11-21 14:53:00+00:00,long,24238.25,24239.25,24239.5,24214.5,24264.5,24289.5,24314.5,24339.5,74.71304330547787,near_trigger,55.71304330547787,25.0,False,False,False,False,True,stop,24214.5,24214.25,-25.25,0.0,-25.25,-1.01,10.5,29.25,0.42,1.17,1,0.0,0,2025-11-21,1.7604235605559233,0.2210078931390406,0.0769079850892682,partial_bearish,0.9087827174637316,1.2210503168856464,bullish,bullish,True,True,True,False,2025
497,404666,404667,404670,2025-11-21 14:56:00+00:00,2025-11-21 14:57:00+00:00,2025-11-21 15:00:00+00:00,long,24186.0,24184.5,24184.75,24159.75,24209.75,24234.75,24259.75,24284.75,73.0,near_trigger,46.1,25.0,True,False,False,False,True,stop,24159.75,24159.5,-25.25,0.0,-25.25,-1.01,44.25,27.75,1.77,1.11,4,3.0,1,2025-11-21,0.2952224052718287,1.2025246981339188,0.0769079850892682,partial_bearish,1.4668977384765185,1.796487122950697,bullish,bullish,True,True,True,True,2025
498,404671,404672,404672,2025-11-21 15:01:00+00:00,2025-11-21 15:02:00+00:00,2025-11-21 15:02:00+00:00,long,24130.25,24130.0,24130.25,24105.25,24155.25,24180.25,24205.25,24230.25,70.0,near_trigger,18.27727272727273,25.0,False,False,False,False,True,stop,24105.25,24105.0,-25.25,0.0,-25.25,-1.01,9.25,35.75,0.37,1.43,1,0.0,0,2025-11-21,1.075068870523416,0.6919745222929937,0.7723620782003214,strong_bearish,1.2059831139899282,1.5257689635571277,bullish,bullish,False,False,True,False,2025
499,404694,404695,404696,2025-11-21 15:24:00+00:00,2025-11-21 15:25:00+00:00,2025-11-21 15:26:00+00:00,long,24162.5,24163.75,24164.0,24139.0,24189.0,24214.0,24239.0,24264.0,71.40268636668905,near_trigger,50.40268636668905,25.0,True,False,False,False,True,stop,24139.0,24138.75,-25.25,0.0,-25.25,-1.01,42.5,69.75,1.7,2.79,2,1.0,1,2025-11-21,0.5829415715245131,1.6473829201101928,1.2997840890217571,partial_bearish,1.216154728176132,2.165870734922316,bullish,bullish,True,True,False,True,2025
500,407410,407411,407415,2025-11-25 14:40:00+00:00,2025-11-25 14:41:00+00:00,2025-11-25 14:45:00+00:00,short,24795.25,24795.5,24795.25,24820.25,24770.25,24745.25,24720.25,24695.25,74.4,near_trigger,-41.400000000000006,25.0,True,True,True,True,False,tp4,24695.25,24695.5,99.75,0.0,99.75,3.99,113.0,13.25,4.52,0.53,5,4.0,4,2025-11-25,2.5583756345177666,0.9311926605504588,1.1971496437054632,strong_bearish,3.797778281568805,2.0613659995200977,neutral,bearish,False,True,True,False,2025
501,407416,407417,407422,2025-11-25 14:46:00+00:00,2025-11-25 14:47:00+00:00,2025-11-25 14:52:00+00:00,short,24685.5,24686.0,24685.75,24710.75,24660.75,24635.75,24610.75,24585.75,80.8152,high_probability,-75.8152,25.0,True,True,True,False,True,stop,24710.75,24711.0,-25.25,0.0,-25.25,-1.01,83.75,43.75,3.35,1.75,6,5.0,3,2025-11-25,3.536,3.645760160561967,3.8338741077222585,strong_bearish,1.4595915298834732,1.5728926155466438,bearish,bearish,False,True,True,False,2025
502,408809,408810,408810,2025-11-26 14:59:00+00:00,2025-11-26 15:00:00+00:00,2025-11-26 15:00:00+00:00,long,25167.5,25167.5,25167.75,25142.75,25192.75,25217.75,25242.75,25267.75,70.0,near_trigger,26.859638417685105,25.0,False,False,False,False,True,stop,25142.75,25142.5,-25.25,0.0,-25.25,-1.01,0.0,33.0,0.0,1.32,1,0.0,0,2025-11-26,2.5518227305218013,0.2649616368286445,0.9747663551401868,partial_bullish,1.9000865854412765,2.224031996814797,bullish,bullish,False,False,True,False,2025
503,410170,410171,410230,2025-11-27 14:40:00+00:00,2025-11-27 14:41:00+00:00,2025-11-27 15:40:00+00:00,short,25289.75,25289.75,25289.5,25314.5,25264.5,25239.5,25214.5,25189.5,70.68794095851588,near_trigger,-49.68794095851588,25.0,False,False,False,False,False,max_holding_time,25296.25,25296.5,-7.0,0.0,-7.0,-0.28,1.5,18.25,0.06,0.73,60,59.0,0,2025-11-27,3.021857923497268,0.1996830427892234,0.4438573315719947,partial_bearish,2.6701469450889403,0.1561051703479302,bearish,bearish,True,True,True,True,2025
504,410657,410658,410665,2025-11-28 14:32:00+00:00,2025-11-28 14:33:00+00:00,2025-11-28 14:40:00+00:00,long,25379.75,25378.0,25378.25,25353.25,25403.25,25428.25,25453.25,25478.25,81.44476440460456,high_probability,73.44476440460456,25.0,True,False,False,False,True,stop,25353.25,25353.0,-25.25,0.0,-25.25,-1.01,43.25,29.75,1.73,1.19,8,7.0,1,2025-11-28,0.6868686868686869,1.1822742474916388,0.779777206512425,partial_bullish,4.142896199763055,0.25204726024739,bullish,bullish,True,True,True,False,2025
505,410666,410667,410726,2025-11-28 14:41:00+00:00,2025-11-28 14:42:00+00:00,2025-11-28 15:41:00+00:00,long,25342.25,25341.25,25341.5,25316.5,25366.5,25391.5,25416.5,25441.5,73.0,near_trigger,69.07731524760544,25.0,True,True,False,False,False,max_holding_time,25383.75,25383.5,42.0,0.0,42.0,1.68,63.5,2.5,2.54,0.1,60,59.0,2,2025-11-28,2.542259414225941,0.156578947368421,0.779777206512425,partial_bullish,2.385477983491729,0.4520978236481938,bullish,bullish,True,False,True,False,2025
506,415955,415956,415962,2025-12-04 14:35:00+00:00,2025-12-04 14:36:00+00:00,2025-12-04 14:42:00+00:00,long,25607.75,25608.75,25609.0,25584.0,25634.0,25659.0,25684.0,25709.0,75.4,near_trigger,75.4,25.0,True,False,False,False,True,stop,25584.0,25583.75,-25.25,0.0,-25.25,-1.01,33.75,30.5,1.35,1.22,7,6.0,1,2025-12-04,2.4841954022988504,4.192708333333333,2.568313021167415,partial_bearish,3.024476528490863,1.511144778826068,bullish,bullish,True,True,False,False,2025
507,416005,416006,416007,2025-12-04 15:25:00+00:00,2025-12-04 15:26:00+00:00,2025-12-04 15:27:00+00:00,short,25526.75,25526.75,25526.5,25551.5,25501.5,25476.5,25451.5,25426.5,76.0,near_trigger,-63.0,25.0,False,False,False,False,True,stop,25551.5,25551.75,-25.25,0.0,-25.25,-1.01,5.25,33.0,0.21,1.32,2,1.0,0,2025-12-04,2.6597582037996546,0.1399000713775874,1.4911921343711594,partial_bearish,3.0436742343368204,2.1529012987884686,bearish,bearish,True,True,False,False,2025
508,417339,417340,417350,2025-12-05 14:39:00+00:00,2025-12-05 14:40:00+00:00,2025-12-05 14:50:00+00:00,short,25731.25,25731.25,25731.0,25756.0,25706.0,25681.0,25656.0,25631.0,81.41462690783321,high_probability,-67.41462690783321,25.0,True,True,False,False,True,stop,25756.0,25756.25,-25.25,0.0,-25.25,-1.01,70.5,26.25,2.82,1.05,11,10.0,2,2025-12-05,1.119155354449472,3.940863394441159,0.8973185088293002,partial_bearish,1.752957699540575,1.0992931622591935,neutral,bearish,True,True,True,False,2025
509,418755,418756,418802,2025-12-08 15:15:00+00:00,2025-12-08 15:16:00+00:00,2025-12-08 16:02:00+00:00,short,25728.75,25728.75,25728.5,25753.5,25703.5,25678.5,25653.5,25628.5,87.2464625671304,high_probability,-78.2464625671304,25.0,True,True,True,True,False,tp4,25628.5,25628.75,99.75,0.0,99.75,3.99,100.0,20.25,4.0,0.81,47,46.0,4,2025-12-08,1.206896551724138,0.4638971315529179,2.0988467874794066,strong_bearish,1.5528531337698783,0.9537194173384244,bearish,bearish,True,False,True,False,2025
510,420092,420093,420094,2025-12-09 14:32:00+00:00,2025-12-09 14:33:00+00:00,2025-12-09 14:34:00+00:00,short,25570.25,25570.0,25569.75,25594.75,25544.75,25519.75,25494.75,25469.75,71.2665615516348,near_trigger,-32.266561551634794,25.0,False,False,False,False,True,stop,25594.75,25595.0,-25.25,0.0,-25.25,-1.01,9.75,31.25,0.39,1.25,2,1.0,0,2025-12-09,2.0919540229885056,0.2528517110266159,1.4583333333333333,partial_bearish,2.7740439227565314,0.6393760056726757,bearish,bearish,True,True,True,False,2025
511,420098,420099,420122,2025-12-09 14:38:00+00:00,2025-12-09 14:39:00+00:00,2025-12-09 15:02:00+00:00,short,25635.0,25634.5,25634.25,25659.25,25609.25,25584.25,25559.25,25534.25,78.0,near_trigger,-30.31220583574344,25.0,True,False,False,False,True,stop,25659.25,25659.5,-25.25,0.0,-25.25,-1.01,38.5,35.25,1.54,1.41,24,23.0,1,2025-12-09,1.872093023255814,1.1538461538461535,1.4583333333333333,partial_bearish,1.5851233094669848,1.0104195554851234,bearish,bearish,True,True,True,False,2025
512,422850,422851,422852,2025-12-11 14:30:00+00:00,2025-12-11 14:31:00+00:00,2025-12-11 14:32:00+00:00,short,25593.0,25592.75,25592.5,25617.5,25567.5,25542.5,25517.5,25492.5,80.95127243858333,high_probability,-47.95127243858333,25.0,False,False,False,False,True,stop,25617.5,25617.75,-25.25,0.0,-25.25,-1.01,16.5,26.5,0.66,1.06,2,1.0,0,2025-12-11,5.932926829268293,0.5364485981308411,1.1311373523927906,strong_bearish,12.43424401832683,1.2927270321527808,neutral,bearish,True,True,True,True,2025
513,422870,422871,422872,2025-12-11 14:50:00+00:00,2025-12-11 14:51:00+00:00,2025-12-11 14:52:00+00:00,short,25461.5,25461.5,25461.25,25486.25,25436.25,25411.25,25386.25,25361.25,88.22581818181818,high_probability,-75.22581818181818,25.0,False,False,False,False,True,stop,25486.25,25486.5,-25.25,0.0,-25.25,-1.01,2.25,41.0,0.09,1.64,2,1.0,0,2025-12-11,3.207272727272727,4.782651072124756,2.5535055350553506,strong_bearish,1.460791635548917,1.8347183235596565,bearish,bearish,False,True,True,False,2025
514,422873,422874,422885,2025-12-11 14:53:00+00:00,2025-12-11 14:54:00+00:00,2025-12-11 15:05:00+00:00,short,25447.0,25446.5,25446.25,25471.25,25421.25,25396.25,25371.25,25346.25,83.87927272727272,high_probability,-70.87927272727272,25.0,True,True,False,False,True,stop,25471.25,25471.5,-25.25,0.0,-25.25,-1.01,56.0,29.75,2.24,1.19,12,11.0,2,2025-12-11,2.1975757575757573,4.782651072124756,2.5535055350553506,strong_bearish,1.332330994542822,1.936434196362812,bearish,bearish,False,True,True,False,2025
515,424232,424233,424233,2025-12-12 14:32:00+00:00,2025-12-12 14:33:00+00:00,2025-12-12 14:33:00+00:00,short,25553.75,25552.75,25552.5,25577.5,25527.5,25502.5,25477.5,25452.5,78.66997503463156,near_trigger,-69.66997503463156,25.0,False,False,False,False,True,stop,25577.5,25577.75,-25.25,0.0,-25.25,-1.01,3.5,27.5,0.14,1.1,1,0.0,0,2025-12-12,0.7970615243342516,2.903901046622265,0.905511811023622,strong_bearish,3.3543105262151154,0.946755784949952,bearish,bearish,False,True,True,False,2025
516,424248,424249,424252,2025-12-12 14:48:00+00:00,2025-12-12 14:49:00+00:00,2025-12-12 14:52:00+00:00,short,25521.5,25522.0,25521.75,25546.75,25496.75,25471.75,25446.75,25421.75,87.3862660944206,high_probability,-78.3862660944206,25.0,False,False,False,False,True,stop,25546.75,25547.0,-25.25,0.0,-25.25,-1.01,20.25,37.25,0.81,1.49,4,3.0,0,2025-12-12,1.3919885550786837,1.5954653937947494,0.9275084013442152,strong_bearish,1.809582652956147,1.6878546093208653,bearish,bearish,True,False,True,False,2025
517,425615,425616,425619,2025-12-15 14:35:00+00:00,2025-12-15 14:36:00+00:00,2025-12-15 14:39:00+00:00,long,25340.5,25340.0,25340.25,25315.25,25365.25,25390.25,25415.25,25440.25,73.28794180935802,near_trigger,50.28794180935802,25.0,True,False,False,False,True,stop,25315.25,25315.0,-25.25,0.0,-25.25,-1.01,28.75,46.0,1.15,1.84,4,3.0,1,2025-12-15,1.9184735472679963,3.54320987654321,2.7092709270927093,partial_bearish,2.7335810293956944,0.6161557693018215,bullish,bullish,True,True,False,False,2025
518,425640,425641,425645,2025-12-15 15:00:00+00:00,2025-12-15 15:01:00+00:00,2025-12-15 15:05:00+00:00,short,25206.25,25205.5,25205.25,25230.25,25180.25,25155.25,25130.25,25105.25,81.49138939177404,high_probability,-68.49138939177404,25.0,True,False,False,False,True,stop,25230.25,25230.5,-25.25,0.0,-25.25,-1.01,39.25,27.5,1.57,1.1,5,4.0,1,2025-12-15,1.4795986622073578,2.4501669051025274,3.969924812030075,strong_bearish,1.879198273873336,0.8191901564672128,bearish,bearish,False,False,True,False,2025
519,425646,425647,425664,2025-12-15 15:06:00+00:00,2025-12-15 15:07:00+00:00,2025-12-15 15:24:00+00:00,short,25209.75,25209.75,25209.5,25234.5,25184.5,25159.5,25134.5,25109.5,71.08038262023965,near_trigger,-57.08038262023965,25.0,True,True,True,True,False,tp4,25109.5,25109.75,99.75,0.0,99.75,3.99,131.5,18.75,5.26,0.75,18,17.0,4,2025-12-15,0.0264650283553875,2.900955690703736,3.969924812030075,partial_bearish,0.9707197079905838,0.5740743637472822,bearish,bearish,False,True,True,False,2025
520,426996,426997,426997,2025-12-16 14:36:00+00:00,2025-12-16 14:37:00+00:00,2025-12-16 14:37:00+00:00,long,25330.5,25330.75,25331.0,25306.0,25356.0,25381.0,25406.0,25431.0,73.84939542663754,near_trigger,37.84939542663754,25.0,False,False,False,False,True,stop,25306.0,25305.75,-25.25,0.0,-25.25,-1.01,20.0,34.75,0.8,1.39,1,0.0,0,2025-12-16,0.4779411764705882,0.4868378290542736,1.0694444444444444,partial_bullish,2.773302811359897,1.335280502590103,neutral,bullish,True,True,True,False,2025
521,427024,427025,427029,2025-12-16 15:04:00+00:00,2025-12-16 15:05:00+00:00,2025-12-16 15:09:00+00:00,long,25356.25,25356.75,25357.0,25332.0,25382.0,25407.0,25432.0,25457.0,74.22984165651644,near_trigger,53.22984165651644,25.0,True,False,False,False,True,stop,25332.0,25331.75,-25.25,0.0,-25.25,-1.01,47.5,29.0,1.9,1.16,5,4.0,1,2025-12-16,1.3045066991473813,1.838174273858921,1.6679340937896072,partial_bullish,1.12527113088432,1.506084440157305,bullish,neutral,False,True,True,False,2025
522,428396,428397,428402,2025-12-17 14:56:00+00:00,2025-12-17 14:57:00+00:00,2025-12-17 15:02:00+00:00,long,25315.25,25315.0,25315.25,25290.25,25340.25,25365.25,25390.25,25415.25,81.13659031390485,high_probability,75.13659031390485,25.0,True,False,False,False,True,stop,25290.25,25290.0,-25.25,0.0,-25.25,-1.01,34.0,34.75,1.36,1.39,6,5.0,1,2025-12-17,0.344017094017094,3.506517690875233,2.9543397778691896,partial_bearish,0.8574256662081732,1.0566671419292493,bullish,bullish,True,False,True,False,2025
523,429750,429751,429753,2025-12-18 14:30:00+00:00,2025-12-18 14:31:00+00:00,2025-12-18 14:33:00+00:00,long,25306.5,25307.25,25307.5,25282.5,25332.5,25357.5,25382.5,25407.5,87.29703973637591,high_probability,82.29703973637591,25.0,False,False,False,False,True,stop,25282.5,25282.25,-25.25,0.0,-25.25,-1.01,22.0,34.5,0.88,1.38,3,2.0,0,2025-12-18,2.410126582278481,1.149078726968174,4.534090909090909,strong_bullish,9.357937136365202,1.247533113646586,bullish,bullish,False,True,True,False,2025
524,429755,429756,429759,2025-12-18 14:35:00+00:00,2025-12-18 14:36:00+00:00,2025-12-18 14:39:00+00:00,long,25241.25,25241.25,25241.5,25216.5,25266.5,25291.5,25316.5,25341.5,70.0,near_trigger,16.963530661748493,25.0,True,False,False,False,True,stop,25216.5,25216.25,-25.25,0.0,-25.25,-1.01,25.25,53.25,1.01,2.13,4,3.0,1,2025-12-18,3.194055944055944,0.3796844181459566,4.534090909090909,partial_bullish,3.087863703076062,1.363724448542924,bullish,bullish,False,True,True,False,2025
525,431132,431133,431137,2025-12-19 14:32:00+00:00,2025-12-19 14:33:00+00:00,2025-12-19 14:37:00+00:00,long,25444.25,25444.25,25444.5,25419.5,25469.5,25494.5,25519.5,25544.5,88.91694734064905,high_probability,63.916947340649045,25.0,False,False,False,False,True,stop,25419.5,25419.25,-25.25,0.0,-25.25,-1.01,20.0,31.75,0.8,1.27,5,4.0,0,2025-12-19,4.738812042310822,1.601236476043277,1.4461387112641415,strong_bullish,3.246797889671046,1.423563101642825,bullish,bullish,False,True,True,False,2025
526,431143,431144,431186,2025-12-19 14:43:00+00:00,2025-12-19 14:44:00+00:00,2025-12-19 15:26:00+00:00,long,25510.25,25510.5,25510.75,25485.75,25535.75,25560.75,25585.75,25610.75,71.0,near_trigger,46.0,25.0,True,True,True,False,True,stop,25485.75,25485.5,-25.25,0.0,-25.25,-1.01,90.25,35.25,3.61,1.41,43,42.0,3,2025-12-19,1.829763866007688,3.5134246575342463,1.4461387112641415,strong_bullish,1.9373692132603988,2.226084315495524,bullish,bullish,False,True,True,False,2025
527,432511,432512,432512,2025-12-22 14:31:00+00:00,2025-12-22 14:32:00+00:00,2025-12-22 14:32:00+00:00,long,25792.0,25792.25,25792.5,25767.5,25817.5,25842.5,25867.5,25892.5,71.362473893793,near_trigger,62.362473893793,25.0,False,False,False,False,True,stop,25767.5,25767.25,-25.25,0.0,-25.25,-1.01,2.0,27.5,0.08,1.1,1,0.0,0,2025-12-22,1.7406749555950265,1.6085106382978724,2.090558766859345,strong_bullish,6.844797733354321,0.9687282448274902,bullish,bullish,True,True,True,False,2025
528,432514,432515,432516,2025-12-22 14:34:00+00:00,2025-12-22 14:35:00+00:00,2025-12-22 14:36:00+00:00,long,25706.75,25706.5,25706.75,25681.75,25731.75,25756.75,25781.75,25806.75,78.0,near_trigger,61.64590012898471,25.0,False,False,False,False,True,stop,25681.75,25681.5,-25.25,0.0,-25.25,-1.01,20.5,29.0,0.82,1.16,2,1.0,0,2025-12-22,4.277777777777778,1.6085106382978724,2.090558766859345,partial_bullish,4.628666914222057,1.788686717942831,bullish,bullish,True,True,True,False,2025
529,432517,432518,432522,2025-12-22 14:37:00+00:00,2025-12-22 14:38:00+00:00,2025-12-22 14:42:00+00:00,long,25701.25,25701.5,25701.75,25676.75,25726.75,25751.75,25776.75,25801.75,82.0,high_probability,82.0,25.0,False,False,False,False,True,stop,25676.75,25676.5,-25.25,0.0,-25.25,-1.01,19.0,30.75,0.76,1.23,5,4.0,0,2025-12-22,2.815336463223787,3.1539923954372626,2.090558766859345,partial_bearish,1.8514371913780303,1.1793320371440796,bullish,bullish,True,True,True,False,2025
530,432534,432535,432540,2025-12-22 14:54:00+00:00,2025-12-22 14:55:00+00:00,2025-12-22 15:00:00+00:00,long,25751.25,25750.75,25751.0,25726.0,25776.0,25801.0,25826.0,25851.0,73.84593056573598,near_trigger,59.84593056573598,25.0,False,False,False,False,True,stop,25726.0,25725.75,-25.25,0.0,-25.25,-1.01,7.5,26.0,0.3,1.04,6,5.0,0,2025-12-22,1.5116279069767442,2.1366954213669542,2.10945945945946,partial_bearish,0.9429718633015336,1.1933142311365807,bullish,bullish,False,True,True,False,2025
531,433916,433917,433960,2025-12-23 14:56:00+00:00,2025-12-23 14:57:00+00:00,2025-12-23 15:40:00+00:00,short,25683.5,25683.25,25683.0,25708.0,25658.0,25633.0,25608.0,25583.0,83.31001256423976,high_probability,-71.31001256423976,25.0,True,True,False,False,True,stop,25708.0,25708.25,-25.25,0.0,-25.25,-1.01,55.75,33.25,2.23,1.33,44,43.0,2,2025-12-23,2.692836113837095,1.997601918465228,1.910979228486647,partial_bullish,1.2397181070407783,1.0395835810928251,bearish,bearish,True,True,True,True,2025
532,436475,436476,436535,2025-12-26 15:20:00+00:00,2025-12-26 15:21:00+00:00,2025-12-26 16:20:00+00:00,long,25879.0,25879.25,25879.5,25854.5,25904.5,25929.5,25954.5,25979.5,83.62662794789642,high_probability,77.62662794789642,25.0,True,False,False,False,False,max_holding_time,25883.25,25883.0,3.5,0.0,3.5,0.14,31.5,22.75,1.26,0.91,60,59.0,1,2025-12-26,2.9575,0.7671232876712328,2.0790190735694822,partial_bearish,1.4677404192648762,1.2301066232470192,bullish,bullish,True,True,True,True,2025
533,437820,437821,437822,2025-12-29 14:45:00+00:00,2025-12-29 14:46:00+00:00,2025-12-29 14:47:00+00:00,short,25748.5,25748.25,25748.0,25773.0,25723.0,25698.0,25673.0,25648.0,81.0,high_probability,-60.0,25.0,False,False,False,False,True,stop,25773.0,25773.25,-25.25,0.0,-25.25,-1.01,2.25,28.0,0.09,1.12,2,1.0,0,2025-12-29,2.099037138927097,3.437125748502994,1.2221144519883609,partial_bullish,1.7800948933855931,1.5599270324902628,bearish,bearish,True,True,True,False,2025
534,437823,437824,437870,2025-12-29 14:48:00+00:00,2025-12-29 14:49:00+00:00,2025-12-29 15:35:00+00:00,short,25740.0,25739.75,25739.5,25764.5,25714.5,25689.5,25664.5,25639.5,78.79434332785775,near_trigger,-76.79434332785775,25.0,True,True,True,False,True,stop,25764.5,25764.75,-25.25,0.0,-25.25,-1.01,78.0,33.5,3.12,1.34,47,46.0,3,2025-12-29,1.8357487922705316,3.437125748502994,1.2221144519883609,partial_bullish,0.9608161070325676,0.9502550506474984,bearish,bearish,True,True,True,True,2025
535,439185,439186,439205,2025-12-30 14:30:00+00:00,2025-12-30 14:31:00+00:00,2025-12-30 14:50:00+00:00,short,25717.5,25717.25,25717.0,25742.0,25692.0,25667.0,25642.0,25617.0,78.0,near_trigger,-72.9330011509656,25.0,True,False,False,False,True,stop,25742.0,25742.25,-25.25,0.0,-25.25,-1.01,43.5,32.5,1.74,1.3,20,19.0,1,2025-12-30,1.851703406813627,1.1126927639383155,1.9761904761904765,partial_bearish,12.034126627750336,0.827737136100105,bearish,bearish,True,True,True,False,2025
536,440571,440572,440631,2025-12-31 14:36:00+00:00,2025-12-31 14:37:00+00:00,2025-12-31 15:36:00+00:00,short,25635.25,25635.0,25634.75,25659.75,25609.75,25584.75,25559.75,25534.75,75.5105205134753,near_trigger,-38.5105205134753,25.0,True,True,False,False,False,max_holding_time,25593.5,25593.75,41.0,0.0,41.0,1.64,66.5,3.5,2.66,0.14,60,59.0,2,2025-12-31,2.7580645161290325,2.1425576519916145,2.481012658227848,partial_bearish,4.082516473026148,1.0921004278960842,neutral,bearish,False,True,True,False,2025
