trade_id,signal_index,entry_index,exit_index,signal_time,entry_time,exit_time,direction,signal_close,entry_price_raw,entry_price,stop_price,tp1,tp2,tp3,tp4,raw_score,score_band,score_edge,stop_distance_points,tp1_hit,tp2_hit,tp3_hit,tp4_hit,stop_hit,exit_reason,exit_price_raw,exit_price,gross_result_points,commission_cost,net_result_points,net_result_r,mfe_points,mae_points,mfe_r,mae_r,bars_held,minutes_held,maximum_target_reached,session_date,snr_1m,snr_5m,snr_15m,snr_alignment,rvol_rolling,rvol_time_of_day,htf_bias,dol_direction,liquidity_sweep,displacement,structure_shift,fvg_context
1,972,973,1032,2022-10-03 14:12:00+00:00,2022-10-03 14:13:00+00:00,2022-10-03 15:12:00+00:00,long,11157.75,11158.25,11158.5,11117.214285714286,11183.5,11208.5,11233.5,11258.5,72.0,near_trigger,72.0,41.285714285713766,True,True,True,False,False,max_holding_time,11213.25,11213.0,54.5,0.0,54.5,1.3200692041522657,78.25,23.5,1.8953287197232072,0.5692041522491421,60,59.0,3,2022-10-03,0.8114186851211073,2.5643919958953307,0.08934707903780069,partial_bearish,0.6277917557996475,,bullish,bullish,True,False,True,False
2,3691,3692,3692,2022-10-05 13:31:00+00:00,2022-10-05 13:32:00+00:00,2022-10-05 13:32:00+00:00,short,11502.5,11502.75,11502.5,11518.892857142857,11477.5,11452.5,11427.5,11402.5,88.0,high_probability,-34.85664488017429,16.392857142856883,False,False,False,False,True,stop,11518.892857142857,11519.142857142857,-16.642857142856883,0.0,-16.642857142856883,-1.0152505446623097,0.75,23.25,0.04575163398692883,1.4183006535947937,1,0.0,0,2022-10-05,2.440087145969499,2.15625,2.32468495181616,partial_bearish,4.131540697674419,,bearish,bearish,True,False,True,False
3,3694,3695,3725,2022-10-05 13:34:00+00:00,2022-10-05 13:35:00+00:00,2022-10-05 14:05:00+00:00,short,11528.25,11527.75,11527.5,11548.357142857143,11502.5,11477.5,11452.5,11427.5,76.14916286149163,near_trigger,-32.14916286149163,20.857142857143117,True,True,True,True,False,tp4,11427.5,11427.75,99.75,0.0,99.75,4.782534246575283,102.5,3.75,4.914383561643774,0.17979452054794295,31,30.0,4,2022-10-05,4.027397260273973,2.15625,2.32468495181616,partial_bearish,1.8684258251722887,,bearish,bearish,False,False,True,False
4,3735,3736,3795,2022-10-05 14:15:00+00:00,2022-10-05 14:16:00+00:00,2022-10-05 15:15:00+00:00,short,11417.5,11417.5,11417.25,11449.75,11392.25,11367.25,11342.25,11317.25,77.4974358974359,near_trigger,-65.4974358974359,32.5,True,False,False,False,False,max_holding_time,11412.25,11412.5,4.75,0.0,4.75,0.14615384615384616,49.25,3.75,1.5153846153846153,0.11538461538461539,60,59.0,1,2022-10-05,0.7076923076923077,1.965426925091671,2.339368856699431,strong_bearish,1.277489049769648,,bearish,bearish,True,True,True,False
5,5071,5072,5101,2022-10-06 13:31:00+00:00,2022-10-06 13:32:00+00:00,2022-10-06 14:01:00+00:00,long,11626.5,11627.0,11627.25,11605.82142857143,11652.25,11677.25,11702.25,11727.25,71.0,near_trigger,38.0,21.42857142857065,True,True,True,False,True,stop,11605.82142857143,11605.57142857143,-21.67857142857065,0.0,-21.67857142857065,-1.0116666666666672,94.5,58.75,4.41000000000016,2.7416666666667666,30,29.0,3,2022-10-06,4.176666666666667,0.12698412698412698,0.32597014925373136,partial_bullish,6.009862627685805,,bullish,neutral,True,True,True,True
6,6457,6458,6478,2022-10-07 13:37:00+00:00,2022-10-07 13:38:00+00:00,2022-10-07 13:58:00+00:00,short,11323.0,11323.0,11322.75,11363.392857142857,11297.75,11272.75,11247.75,11222.75,83.95639373319514,high_probability,-65.95639373319514,40.64285714285688,True,True,True,True,False,tp4,11222.75,11223.0,99.75,0.0,99.75,2.454305799648522,103.5,27.5,2.5465729349736543,0.6766256590509709,21,20.0,4,2022-10-07,1.0456942003514937,0.2096505823627288,3.6007999999999996,partial_bearish,1.8307210031347962,,bearish,bearish,True,True,True,False
7,6481,6482,6489,2022-10-07 14:01:00+00:00,2022-10-07 14:02:00+00:00,2022-10-07 14:09:00+00:00,short,11213.0,11212.5,11212.25,11240.357142857143,11187.25,11162.25,11137.25,11112.25,72.84455739093605,near_trigger,-64.84455739093605,28.107142857143117,False,False,False,False,True,stop,11240.357142857143,11240.607142857143,-28.357142857143117,0.0,-28.357142857143117,-1.0088945362134687,7.75,38.0,0.2757306226175324,1.3519695044472555,8,7.0,0,2022-10-07,1.7433290978398983,2.8523622047244097,2.5695006747638325,strong_bearish,0.9676358064728388,,bearish,bearish,False,False,True,False
8,6508,6509,6568,2022-10-07 14:28:00+00:00,2022-10-07 14:29:00+00:00,2022-10-07 15:28:00+00:00,short,11243.0,11243.0,11242.75,11269.82142857143,11217.75,11192.75,11167.75,11142.75,80.0199355027851,high_probability,-70.0199355027851,27.07142857142935,True,True,False,False,False,max_holding_time,11207.25,11207.5,35.25,0.0,35.25,1.302110817941915,58.5,19.25,2.1609498680738164,0.7110817941952302,60,59.0,2,2022-10-07,2.3271767810026383,0.8592057761732852,2.233072916666667,partial_bearish,0.959546880639698,,bearish,bearish,True,True,True,False
9,7836,7837,7860,2022-10-10 13:36:00+00:00,2022-10-10 13:37:00+00:00,2022-10-10 14:00:00+00:00,long,11028.0,11028.0,11028.25,10997.0,11053.25,11078.25,11103.25,11128.25,76.0,near_trigger,33.72417157958935,31.25,True,False,False,False,True,stop,10997.0,10996.75,-31.5,0.0,-31.5,-1.008,48.75,31.75,1.56,1.016,24,23.0,1,2022-10-10,5.28,2.687813021702838,2.096960926193922,partial_bearish,3.14868804664723,1.3447855255133156,bullish,bullish,True,True,False,False
10,9253,9254,9273,2022-10-11 14:13:00+00:00,2022-10-11 14:14:00+00:00,2022-10-11 14:33:00+00:00,short,10831.25,10831.0,10830.75,10859.57142857143,10805.75,10780.75,10755.75,10730.75,76.0,near_trigger,-31.797026022304834,28.82142857142935,False,False,False,False,True,stop,10859.57142857143,10859.82142857143,-29.07142857142935,0.0,-29.07142857142935,-1.0086741016109044,22.0,33.75,0.7633209417595829,1.1710037174720873,20,19.0,0,2022-10-11,1.1623296158612144,2.4968152866242037,3.9368088467614535,partial_bearish,1.1350781109714492,1.5858464433178279,bearish,bearish,True,False,False,True
11,10591,10592,10595,2022-10-12 13:31:00+00:00,2022-10-12 13:32:00+00:00,2022-10-12 13:35:00+00:00,short,10822.5,10822.25,10822.0,10847.07142857143,10797.0,10772.0,10747.0,10722.0,75.26413599035203,near_trigger,-29.26413599035203,25.07142857142935,False,False,False,False,True,stop,10847.07142857143,10847.32142857143,-25.32142857142935,0.0,-25.32142857142935,-1.0099715099715096,16.25,63.75,0.648148148148128,2.5427350427349635,4,3.0,0,2022-10-12,2.8119658119658117,0.11800120409391933,2.482039397450753,strong_bearish,6.010289293170295,1.0801699879400448,neutral,bearish,True,True,True,False
12,10598,10599,10658,2022-10-12 13:38:00+00:00,2022-10-12 13:39:00+00:00,2022-10-12 14:38:00+00:00,short,10905.0,10904.75,10904.5,10947.464285714286,10879.5,10854.5,10829.5,10804.5,72.27135676071728,near_trigger,-30.271356760717282,42.964285714286234,True,True,True,False,False,max_holding_time,10847.5,10847.75,56.75,0.0,56.75,1.3208645054031427,94.0,41.0,2.187863674147937,0.954280964256015,60,59.0,3,2022-10-12,4.026600166251039,0.5111716621253406,2.482039397450753,partial_bearish,1.6869117105747489,1.2826136623257938,neutral,bearish,True,True,True,False
13,11970,11971,11987,2022-10-13 13:30:00+00:00,2022-10-13 13:31:00+00:00,2022-10-13 13:47:00+00:00,short,10535.25,10535.0,10534.75,10565.32142857143,10509.75,10484.75,10459.75,10434.75,70.0,near_trigger,-48.09906542056075,30.57142857142935,True,True,False,False,True,stop,10565.32142857143,10565.57142857143,-30.82142857142935,0.0,-30.82142857142935,-1.0081775700934577,50.25,37.0,1.6436915887850048,1.210280373831745,17,16.0,2,2022-10-13,0.7032710280373832,0.18196588139723802,6.464027737648078,partial_bearish,7.868448539061035,1.680201303900263,bearish,bearish,True,False,True,False
14,13353,13354,13365,2022-10-14 13:33:00+00:00,2022-10-14 13:34:00+00:00,2022-10-14 13:45:00+00:00,long,11134.0,11134.5,11134.75,11095.82142857143,11159.75,11184.75,11209.75,11234.75,76.0,near_trigger,22.11904398522634,38.92857142857065,True,True,False,False,True,stop,11095.82142857143,11095.57142857143,-39.17857142857065,0.0,-39.17857142857065,-1.0064220183486239,66.5,71.5,1.708256880733979,1.8366972477064587,12,11.0,2,2022-10-14,2.4660550458715593,1.090818858560794,2.4580514208389714,partial_bearish,3.3424508588029425,1.3511950184670798,bullish,bullish,True,False,False,False
15,13383,13384,13392,2022-10-14 14:03:00+00:00,2022-10-14 14:04:00+00:00,2022-10-14 14:12:00+00:00,long,10992.75,10992.75,10993.0,10923.214285714286,11018.0,11043.0,11068.0,11093.0,73.27626896889323,near_trigger,73.27626896889323,69.78571428571377,True,False,False,False,True,stop,10923.214285714286,10922.964285714286,-70.03571428571377,0.0,-70.03571428571377,-1.003582395087001,35.0,82.25,0.501535312180147,1.1786079836233456,9,8.0,1,2022-10-14,1.5690890481064481,1.439207650273224,1.0837004405286343,strong_bearish,1.4880067455122372,2.161314966457373,bullish,bullish,True,False,False,False
16,13408,13409,13422,2022-10-14 14:28:00+00:00,2022-10-14 14:29:00+00:00,2022-10-14 14:42:00+00:00,long,10936.75,10936.75,10937.0,10884.107142857143,10962.0,10987.0,11012.0,11037.0,70.0,near_trigger,12.0,52.89285714285688,False,False,False,False,True,stop,10884.107142857143,10883.857142857143,-53.14285714285688,0.0,-53.14285714285688,-1.0047265361242403,11.75,54.0,0.22214719783929887,1.0209318028359267,14,13.0,0,2022-10-14,1.862255232950709,2.6517231717567946,4.720262510254306,partial_bearish,1.566646880690564,2.2544155969501016,bullish,bearish,False,True,True,False
17,14757,14758,14817,2022-10-17 13:57:00+00:00,2022-10-17 13:58:00+00:00,2022-10-17 14:57:00+00:00,long,11071.25,11071.0,11071.25,11034.607142857143,11096.25,11121.25,11146.25,11171.25,75.29398911669611,near_trigger,58.29398911669611,36.64285714285688,True,True,False,False,True,stop,11034.607142857143,11034.357142857143,-36.89285714285688,0.0,-36.89285714285688,-1.00682261208577,61.75,44.25,1.685185185185197,1.2076023391812951,60,59.0,2,2022-10-17,0.9551656920077972,3.1345911949685537,5.282488710486703,partial_bullish,1.0345591084377364,1.3090068637064016,bullish,bullish,True,False,False,False
18,16156,16157,16166,2022-10-18 14:16:00+00:00,2022-10-18 14:17:00+00:00,2022-10-18 14:26:00+00:00,long,11303.5,11303.25,11303.5,11268.964285714286,11328.5,11353.5,11378.5,11403.5,72.0,near_trigger,67.02406409007253,34.535714285713766,True,False,False,False,True,stop,11268.964285714286,11268.714285714286,-34.785714285713766,0.0,-34.785714285713766,-1.0072388831437435,26.0,35.75,0.7528438469493391,1.0351602895553413,10,9.0,1,2022-10-18,2.0558428128231645,0.8998393144081414,1.4801762114537445,strong_bearish,1.3271664917667483,1.219919887409332,bullish,bullish,True,True,True,False
19,18870,18871,18875,2022-10-20 13:30:00+00:00,2022-10-20 13:31:00+00:00,2022-10-20 13:35:00+00:00,long,11133.5,11134.25,11134.5,11112.535714285714,11159.5,11184.5,11209.5,11234.5,83.46428599214222,high_probability,71.46428599214222,21.964285714286234,True,False,False,False,True,stop,11112.535714285714,11112.285714285714,-22.214285714286234,0.0,-22.214285714286234,-1.0113821138211379,26.75,26.5,1.2178861788617599,1.2065040650406218,5,4.0,1,2022-10-20,1.775609756097561,0.5103757711721817,0.8743126472898665,partial_bullish,8.950667756881984,0.8303574901777727,bullish,bullish,True,True,True,False
20,18876,18877,18890,2022-10-20 13:36:00+00:00,2022-10-20 13:37:00+00:00,2022-10-20 13:50:00+00:00,long,11107.0,11107.0,11107.25,11066.57142857143,11132.25,11157.25,11182.25,11207.25,78.0,near_trigger,68.61707263953829,40.67857142857065,True,True,True,True,False,tp4,11207.25,11207.0,99.75,0.0,99.75,2.4521510096576415,100.0,15.75,2.4582967515364826,0.387181738366996,14,13.0,4,2022-10-20,1.80684811237928,0.5833333333333334,0.8743126472898665,partial_bearish,2.325489964812958,0.8765959872321022,bullish,bullish,True,True,True,False
21,18902,18903,18962,2022-10-20 14:02:00+00:00,2022-10-20 14:03:00+00:00,2022-10-20 15:02:00+00:00,long,11240.25,11240.0,11240.25,11205.964285714286,11265.25,11290.25,11315.25,11340.25,84.16903626315391,high_probability,58.16903626315391,34.285714285713766,True,True,True,False,False,max_holding_time,11297.5,11297.25,57.0,0.0,57.0,1.6625000000000252,88.75,9.25,2.588541666666706,0.26979166666667076,60,59.0,3,2022-10-20,1.4583333333333335,1.70126582278481,1.7529610829103215,strong_bullish,1.573446760377514,1.232128662275721,bullish,bullish,True,False,True,False
22,20280,20281,20315,2022-10-21 14:00:00+00:00,2022-10-21 14:01:00+00:00,2022-10-21 14:35:00+00:00,long,11161.25,11160.75,11161.0,11102.17857142857,11186.0,11211.0,11236.0,11261.0,70.17974329331722,near_trigger,48.179743293317216,58.82142857142935,True,True,False,False,True,stop,11102.17857142857,11101.92857142857,-59.07142857142935,0.0,-59.07142857142935,-1.0042501517911353,63.0,74.75,1.071038251366106,1.2707953855494671,35,34.0,2,2022-10-21,1.6915604128718884,1.9649122807017543,4.056171470805618,strong_bullish,1.2746103281906986,1.0321168822810067,bullish,bullish,False,False,True,False
23,23020,23021,23030,2022-10-25 13:40:00+00:00,2022-10-25 13:41:00+00:00,2022-10-25 13:50:00+00:00,long,11541.0,11541.5,11541.75,11505.17857142857,11566.75,11591.75,11616.75,11641.75,70.34220987160593,near_trigger,70.34220987160593,36.57142857142935,True,True,True,True,False,tp4,11641.75,11641.5,99.75,0.0,99.75,2.727539062499942,101.0,1.0,2.761718749999941,0.027343749999999417,10,9.0,4,2022-10-25,0.30078125,1.2213039485766757,2.333333333333333,partial_bullish,1.5280272530195107,0.7363560895074107,bullish,bullish,True,True,False,False
24,23063,23064,23123,2022-10-25 14:23:00+00:00,2022-10-25 14:24:00+00:00,2022-10-25 15:23:00+00:00,long,11629.75,11630.75,11631.0,11598.82142857143,11656.0,11681.0,11706.0,11731.0,76.64755530773527,near_trigger,69.64755530773527,32.17857142857065,True,False,False,False,False,max_holding_time,11669.0,11668.75,37.75,0.0,37.75,1.173140954495034,45.0,25.5,1.3984461709212326,0.7924528301886985,60,59.0,1,2022-10-25,0.2641509433962264,0.2835820895522388,4.976744186046512,partial_bearish,0.8373015228096407,0.6968872055864599,bullish,bullish,True,True,True,False
25,24445,24446,24463,2022-10-26 14:25:00+00:00,2022-10-26 14:26:00+00:00,2022-10-26 14:43:00+00:00,long,11533.25,11532.75,11533.0,11497.5,11558.0,11583.0,11608.0,11633.0,76.5583304941521,near_trigger,65.5583304941521,35.5,True,True,True,True,False,tp4,11633.0,11632.75,99.75,0.0,99.75,2.8098591549295775,101.75,1.0,2.8661971830985915,0.028169014084507043,18,17.0,4,2022-10-26,1.2394366197183098,0.9601891998423334,1.064516129032258,partial_bullish,0.6124009453635478,0.7155187514929532,bullish,bullish,True,False,True,False
26,25771,25772,25789,2022-10-27 13:31:00+00:00,2022-10-27 13:32:00+00:00,2022-10-27 13:49:00+00:00,short,11437.0,11438.0,11437.75,11468.75,11412.75,11387.75,11362.75,11337.75,70.28433178781798,near_trigger,-36.284331787817976,31.0,True,True,True,True,False,tp4,11337.75,11338.0,99.75,0.0,99.75,3.217741935483871,116.25,26.75,3.75,0.8629032258064516,18,17.0,4,2022-10-27,1.096774193548387,0.9910195456946644,0.7044967880085654,partial_bullish,3.209090909090909,0.9521889283208567,bearish,bearish,False,False,True,False
27,25790,25791,25805,2022-10-27 13:50:00+00:00,2022-10-27 13:51:00+00:00,2022-10-27 14:05:00+00:00,short,11297.75,11297.5,11297.25,11346.67857142857,11272.25,11247.25,11222.25,11197.25,71.70867052023121,near_trigger,-59.70867052023121,49.42857142857065,True,False,False,False,True,stop,11346.67857142857,11346.92857142857,-49.67857142857065,0.0,-49.67857142857065,-1.0050578034682083,33.75,53.75,0.6828034682081032,1.087427745664757,15,14.0,1,2022-10-27,4.309248554913295,2.269927536231884,0.44536652835408025,partial_bearish,1.3453714108575192,1.6498590270224607,bearish,bearish,False,True,True,False
28,27150,27151,27160,2022-10-28 13:30:00+00:00,2022-10-28 13:31:00+00:00,2022-10-28 13:40:00+00:00,long,11234.0,11234.25,11234.5,11207.107142857143,11259.5,11284.5,11309.5,11334.5,83.29008884894694,high_probability,35.29008884894694,27.392857142856883,True,True,True,True,False,tp4,11334.5,11334.25,99.75,0.0,99.75,3.641460234680608,107.5,10.5,3.9243807040417584,0.38331160365059036,10,9.0,4,2022-10-28,1.8252933507170797,1.5149253731343284,2.6553990610328637,strong_bullish,7.761614911104233,1.157642117084285,neutral,bullish,True,True,True,False
29,27185,27186,27192,2022-10-28 14:05:00+00:00,2022-10-28 14:06:00+00:00,2022-10-28 14:12:00+00:00,long,11330.0,11329.5,11329.75,11280.464285714286,11354.75,11379.75,11404.75,11429.75,80.69090432414329,high_probability,69.69090432414329,49.285714285713766,False,False,False,False,True,stop,11280.464285714286,11280.214285714286,-49.535714285713766,0.0,-49.535714285713766,-1.005072463768116,7.0,69.0,0.14202898550724788,1.4000000000000148,7,6.0,0,2022-10-28,0.7304347826086957,0.44602948169281975,3.542817196784341,partial_bearish,1.3930154300722257,1.2159211952679454,bullish,bullish,True,False,True,False
30,28530,28531,28532,2022-10-31 13:30:00+00:00,2022-10-31 13:31:00+00:00,2022-10-31 13:32:00+00:00,long,11504.75,11504.75,11505.0,11486.892857142857,11530.0,11555.0,11580.0,11605.0,76.05335202634913,near_trigger,53.05335202634913,18.107142857143117,False,False,False,False,True,stop,11486.892857142857,11486.642857142857,-18.357142857143117,0.0,-18.357142857143117,-1.0138067061143983,17.75,42.5,0.9802761341222739,2.347140039447698,2,1.0,0,2022-10-31,1.3254437869822484,1.6035242290748897,1.2243816254416962,partial_bearish,13.314191371760822,0.9439089678476554,neutral,bullish,True,True,True,False
31,28533,28534,28546,2022-10-31 13:33:00+00:00,2022-10-31 13:34:00+00:00,2022-10-31 13:46:00+00:00,long,11465.75,11466.0,11466.25,11439.107142857143,11491.25,11516.25,11541.25,11566.25,72.48577535503145,near_trigger,53.48577535503145,27.142857142856883,True,False,False,False,True,stop,11439.107142857143,11438.857142857143,-27.392857142856883,0.0,-27.392857142856883,-1.0092105263157896,46.5,38.25,1.7131578947368584,1.409210526315803,13,12.0,1,2022-10-31,2.044736842105263,1.6035242290748897,1.2243816254416962,strong_bearish,3.6382135589589804,0.9782718253682559,neutral,bullish,True,True,True,True
32,29950,29951,29981,2022-11-01 14:10:00+00:00,2022-11-01 14:11:00+00:00,2022-11-01 14:41:00+00:00,long,11415.25,11415.0,11415.25,11366.857142857143,11440.25,11465.25,11490.25,11515.25,73.3259040590406,near_trigger,51.325904059040596,48.39285714285688,True,False,False,False,True,stop,11366.857142857143,11366.607142857143,-48.64285714285688,0.0,-48.64285714285688,-1.0051660516605165,30.25,50.75,0.6250922509225125,1.0487084870848764,31,30.0,1,2022-11-01,1.5704797047970478,5.496644295302014,3.7905759162303663,strong_bearish,1.2514077907786478,1.879381802688151,bullish,bullish,True,False,False,False
33,31298,31299,31300,2022-11-02 13:38:00+00:00,2022-11-02 13:39:00+00:00,2022-11-02 13:40:00+00:00,short,11296.5,11296.25,11296.0,11324.32142857143,11271.0,11246.0,11221.0,11196.0,77.28951065289215,near_trigger,-57.28951065289215,28.32142857142935,False,False,False,False,True,stop,11324.32142857143,11324.57142857143,-28.57142857142935,0.0,-28.57142857142935,-1.0088272383354349,8.75,30.5,0.3089533417402185,1.0769230769230473,2,1.0,0,2022-11-02,1.1475409836065573,2.6291079812206575,0.5873287671232876,partial_bearish,1.2299221725451235,0.5428467019915951,bearish,bearish,True,True,True,True
34,32714,32715,32728,2022-11-03 14:14:00+00:00,2022-11-03 14:15:00+00:00,2022-11-03 14:28:00+00:00,short,10802.25,10802.0,10801.75,10846.142857142857,10776.75,10751.75,10726.75,10701.75,76.0,near_trigger,-44.0,44.39285714285688,True,False,False,False,True,stop,10846.142857142857,10846.392857142857,-44.64285714285688,0.0,-44.64285714285688,-1.005631536604988,31.0,44.75,0.6983105390185077,1.008045052292846,14,13.0,1,2022-11-03,2.6130329847144003,1.4146880176697956,2.9087837837837838,partial_bearish,1.7819288276306773,1.9728270569337856,bearish,bearish,True,False,False,False
35,34050,34051,34051,2022-11-04 13:30:00+00:00,2022-11-04 13:31:00+00:00,2022-11-04 13:31:00+00:00,long,10945.75,10946.0,10946.25,10919.607142857143,10971.25,10996.25,11021.25,11046.25,84.36859352551545,high_probability,62.36859352551545,26.642857142856883,False,False,False,False,True,stop,10919.607142857143,10919.357142857143,-26.892857142856883,0.0,-26.892857142856883,-1.009383378016086,3.5,34.25,0.13136729222520235,1.2855227882037659,1,0.0,0,2022-11-04,2.289544235924933,0.822972972972973,3.2585249801744647,strong_bullish,6.545164597334549,1.1772298425511427,bullish,bullish,True,True,True,False
36,34052,34053,34056,2022-11-04 13:32:00+00:00,2022-11-04 13:33:00+00:00,2022-11-04 13:36:00+00:00,long,10879.5,10879.75,10880.0,10843.785714285714,10905.0,10930.0,10955.0,10980.0,74.0,near_trigger,18.783561471411943,36.214285714286234,False,False,False,False,True,stop,10843.785714285714,10843.535714285714,-36.464285714286234,0.0,-36.464285714286234,-1.0069033530571991,19.25,39.25,0.5315581854043316,1.0838264299802607,4,3.0,0,2022-11-04,2.7751479289940826,0.822972972972973,3.2585249801744647,partial_bullish,3.218673706357555,1.0205481607350766,bullish,bullish,False,True,True,False
37,34076,34077,34102,2022-11-04 13:56:00+00:00,2022-11-04 13:57:00+00:00,2022-11-04 14:22:00+00:00,long,10815.5,10815.5,10815.75,10762.642857142857,10840.75,10865.75,10890.75,10915.75,88.8,high_probability,70.8,53.10714285714312,True,True,True,True,False,tp4,10915.75,10915.5,99.75,0.0,99.75,1.878278412911894,102.75,9.25,1.9347679892400713,0.17417619367854656,26,25.0,4,2022-11-04,2.457296570275723,3.131445170660857,0.7946859903381642,partial_bearish,1.3613758382394072,2.331008865683148,bullish,bullish,True,True,True,False
38,35434,35435,35436,2022-11-07 14:34:00+00:00,2022-11-07 14:35:00+00:00,2022-11-07 14:36:00+00:00,long,10910.5,10910.75,10911.0,10882.17857142857,10936.0,10961.0,10986.0,11011.0,71.07406813800274,near_trigger,70.07406813800274,28.82142857142935,False,False,False,False,True,stop,10882.17857142857,10881.92857142857,-29.07142857142935,0.0,-29.07142857142935,-1.0086741016109044,8.0,30.5,0.2775712515489392,1.0582403965303306,2,1.0,0,2022-11-07,1.9950433705080544,0.902676399026764,0.5529061102831594,partial_bullish,3.0202300008394194,1.1337371891321302,bullish,bullish,True,True,False,False
39,35462,35463,35486,2022-11-07 15:02:00+00:00,2022-11-07 15:03:00+00:00,2022-11-07 15:26:00+00:00,long,10924.0,10923.75,10924.0,10884.57142857143,10949.0,10974.0,10999.0,11024.0,75.16056938221885,near_trigger,37.16056938221885,39.42857142857065,True,False,False,False,True,stop,10884.57142857143,10884.32142857143,-39.67857142857065,0.0,-39.67857142857065,-1.006340579710145,38.25,48.25,0.970108695652193,1.2237318840579952,24,23.0,1,2022-11-07,1.990942028985507,0.9385964912280702,0.9873278236914601,partial_bearish,1.6681449569183984,1.467533673943335,neutral,bullish,True,True,True,False
40,36831,36832,36891,2022-11-08 14:51:00+00:00,2022-11-08 14:52:00+00:00,2022-11-08 15:51:00+00:00,long,11045.75,11045.75,11046.0,11014.892857142857,11071.0,11096.0,11121.0,11146.0,77.65302638359915,near_trigger,53.653026383599155,31.107142857143117,True,True,True,False,False,max_holding_time,11125.5,11125.25,79.25,0.0,79.25,2.547646383467258,92.0,5.0,2.9575200918484255,0.1607347876004579,60,59.0,3,2022-11-08,2.0252583237657866,2.9039010466222646,0.9408327246165084,partial_bearish,0.7374621068040619,0.5872149052361066,bullish,bullish,True,True,True,False
41,39579,39580,39581,2022-11-10 14:39:00+00:00,2022-11-10 14:40:00+00:00,2022-11-10 14:41:00+00:00,long,11329.0,11329.0,11329.25,11274.857142857143,11354.25,11379.25,11404.25,11429.25,70.9075508864084,near_trigger,36.9075508864084,54.39285714285688,False,False,False,False,True,stop,11274.857142857143,11274.607142857143,-54.64285714285688,0.0,-54.64285714285688,-1.0045961917268549,8.75,54.75,0.16086671043992198,1.0065659881812261,2,1.0,0,2022-11-10,0.34011818778726194,0.716401831403178,7.7096580683863225,partial_bullish,1.7195926909764148,1.6358293530385843,bullish,bullish,True,True,False,False
42,39582,39583,39591,2022-11-10 14:42:00+00:00,2022-11-10 14:43:00+00:00,2022-11-10 14:51:00+00:00,long,11298.5,11297.5,11297.75,11235.357142857143,11322.75,11347.75,11372.75,11397.75,71.78168288494562,near_trigger,37.781682884945624,62.39285714285688,True,True,True,True,False,tp4,11397.75,11397.5,99.75,0.0,99.75,1.598740698340018,101.0,7.0,1.6187750429307453,0.11219232970807144,9,8.0,4,2022-11-10,0.9456210646823124,0.19464469618949534,7.7096580683863225,partial_bullish,1.5419143216514168,1.738405071738405,bullish,bullish,True,True,False,False
43,40950,40951,40965,2022-11-11 14:30:00+00:00,2022-11-11 14:31:00+00:00,2022-11-11 14:45:00+00:00,short,11613.25,11613.0,11612.75,11633.857142857143,11587.75,11562.75,11537.75,11512.75,72.66446709568686,near_trigger,-55.66446709568686,21.107142857143117,True,False,False,False,True,stop,11633.857142857143,11634.107142857143,-21.357142857143117,0.0,-21.357142857143117,-1.0118443316412857,43.25,45.25,2.0490693739424453,2.1438240270727316,15,14.0,1,2022-11-11,0.5685279187817259,3.5421686746987953,3.1935028248587574,strong_bearish,6.216666666666667,0.9892133112329465,neutral,bearish,True,True,True,True
44,42353,42354,42360,2022-11-14 14:53:00+00:00,2022-11-14 14:54:00+00:00,2022-11-14 15:00:00+00:00,short,11729.75,11729.75,11729.5,11765.67857142857,11704.5,11679.5,11654.5,11629.5,78.09279380598365,near_trigger,-46.092793805983646,36.17857142857065,False,False,False,False,True,stop,11765.67857142857,11765.92857142857,-36.42857142857065,0.0,-36.42857142857065,-1.0069101678183614,8.75,50.25,0.24185587364265082,1.3889437314906519,7,6.0,0,2022-11-14,1.1885488647581441,1.8038237738985867,2.8529170090386193,partial_bearish,0.7154211362942533,0.8198422081212151,bearish,bearish,True,False,True,False
45,42384,42385,42401,2022-11-14 15:24:00+00:00,2022-11-14 15:25:00+00:00,2022-11-14 15:41:00+00:00,short,11783.0,11783.75,11783.5,11811.892857142857,11758.5,11733.5,11708.5,11683.5,81.98902738638375,high_probability,-63.98902738638375,28.392857142856883,False,False,False,False,True,stop,11811.892857142857,11812.142857142857,-28.642857142856883,0.0,-28.642857142856883,-1.0088050314465409,22.5,33.25,0.7924528301886865,1.1710691823899477,17,16.0,0,2022-11-14,1.1974842767295597,2.259678379988088,0.77228992944195,partial_bullish,1.1154334603301919,1.1759068744891343,bearish,bearish,True,True,True,False
46,43712,43713,43714,2022-11-15 14:32:00+00:00,2022-11-15 14:33:00+00:00,2022-11-15 14:34:00+00:00,long,12055.5,12056.25,12056.5,12023.07142857143,12081.5,12106.5,12131.5,12156.5,71.71945623961045,near_trigger,45.71945623961045,33.42857142857065,False,False,False,False,True,stop,12023.07142857143,12022.82142857143,-33.67857142857065,0.0,-33.67857142857065,-1.0074786324786327,3.0,38.75,0.08974358974359184,1.1591880341880612,2,1.0,0,2022-11-15,1.3311965811965811,0.7670319199618867,2.1365991521431935,partial_bullish,3.708484117410535,1.1906098922732349,bullish,bullish,True,False,False,False
47,43750,43751,43787,2022-11-15 15:10:00+00:00,2022-11-15 15:11:00+00:00,2022-11-15 15:47:00+00:00,long,12019.75,12019.5,12019.75,11989.607142857143,12044.75,12069.75,12094.75,12119.75,72.0,near_trigger,70.01889765883904,30.142857142856883,True,False,False,False,True,stop,11989.607142857143,11989.357142857143,-30.392857142856883,0.0,-30.392857142856883,-1.0082938388625593,32.5,31.75,1.0781990521327107,1.0533175355450328,37,36.0,1,2022-11-15,2.3056872037914693,0.2616822429906542,0.5916271721958926,partial_bearish,0.910418492093295,0.7690319548872181,bullish,bullish,True,False,True,False
48,45095,45096,45155,2022-11-16 14:35:00+00:00,2022-11-16 14:36:00+00:00,2022-11-16 15:35:00+00:00,short,11811.0,11811.5,11811.25,11846.5,11786.25,11761.25,11736.25,11711.25,81.54936842590526,high_probability,-72.54936842590526,35.25,True,True,True,False,False,max_holding_time,11765.5,11765.75,45.5,0.0,45.5,1.2907801418439717,87.25,13.25,2.475177304964539,0.375886524822695,60,59.0,3,2022-11-16,0.5390070921985816,0.7406451612903227,1.8490566037735847,strong_bearish,2.7358521372824347,1.1846468188598942,bearish,bearish,True,True,True,False
49,47853,47854,47859,2022-11-18 14:33:00+00:00,2022-11-18 14:34:00+00:00,2022-11-18 14:39:00+00:00,long,11779.5,11778.75,11779.0,11750.857142857143,11804.0,11829.0,11854.0,11879.0,71.31870848181518,near_trigger,49.31870848181518,28.142857142856883,False,False,False,False,True,stop,11750.857142857143,11750.607142857143,-28.392857142856883,0.0,-28.392857142856883,-1.0088832487309645,9.75,31.5,0.3464467005076174,1.1192893401015331,6,5.0,0,2022-11-18,4.299492385786802,0.38,0.768361581920904,partial_bullish,2.5129208911566123,0.9021927088679558,bullish,bullish,True,True,False,False
50,47873,47874,47880,2022-11-18 14:53:00+00:00,2022-11-18 14:54:00+00:00,2022-11-18 15:00:00+00:00,long,11764.25,11764.0,11764.25,11734.642857142857,11789.25,11814.25,11839.25,11864.25,71.29048925036973,near_trigger,43.29048925036973,29.607142857143117,False,False,False,False,True,stop,11734.642857142857,11734.392857142857,-29.857142857143117,0.0,-29.857142857143117,-1.008443908323281,20.5,38.25,0.692400482509041,1.291917973461991,7,6.0,0,2022-11-18,1.5874547647768396,3.966666666666667,2.629021667760998,partial_bearish,0.6213454347753725,0.7029788729742282,bullish,bullish,True,False,False,False
51,47900,47901,47907,2022-11-18 15:20:00+00:00,2022-11-18 15:21:00+00:00,2022-11-18 15:27:00+00:00,long,11715.75,11716.0,11716.25,11688.607142857143,11741.25,11766.25,11791.25,11816.25,78.41361793655157,near_trigger,78.41361793655157,27.642857142856883,False,False,False,False,True,stop,11688.607142857143,11688.357142857143,-27.892857142856883,0.0,-27.892857142856883,-1.009043927648579,9.75,39.0,0.35271317829457693,1.4108527131783077,7,6.0,0,2022-11-18,1.7183462532299743,1.9956308028399783,4.203655352480418,partial_bearish,0.8606440581362211,0.9143092423948846,bullish,bullish,True,True,False,False
52,49234,49235,49240,2022-11-21 14:34:00+00:00,2022-11-21 14:35:00+00:00,2022-11-21 14:40:00+00:00,short,11638.75,11639.5,11639.25,11665.67857142857,11614.25,11589.25,11564.25,11539.25,80.75500355859378,high_probability,-73.75500355859378,26.42857142857065,False,False,False,False,True,stop,11665.67857142857,11665.92857142857,-26.67857142857065,0.0,-26.67857142857065,-1.0094594594594597,11.0,26.75,0.4162162162162285,1.0121621621621921,6,5.0,0,2022-11-21,0.7945945945945947,0.22801302931596093,0.5737704918032788,partial_bullish,3.68224197745013,1.1937544482422304,bearish,bearish,True,True,True,True
53,49242,49243,49251,2022-11-21 14:42:00+00:00,2022-11-21 14:43:00+00:00,2022-11-21 14:51:00+00:00,short,11664.75,11664.25,11664.0,11697.785714285714,11639.0,11614.0,11589.0,11564.0,72.0,near_trigger,-53.45168848582329,33.785714285713766,False,False,False,False,True,stop,11697.785714285714,11698.035714285714,-34.035714285713766,0.0,-34.035714285713766,-1.0073995771670192,20.75,34.0,0.6141649048625887,1.0063424947146031,9,8.0,0,2022-11-21,1.7315010570824525,0.35159817351598177,0.5737704918032788,partial_bullish,1.0656482436823382,0.7160447838413939,bearish,bearish,True,True,True,True
54,51992,51993,52045,2022-11-23 14:32:00+00:00,2022-11-23 14:33:00+00:00,2022-11-23 15:25:00+00:00,long,11765.25,11765.0,11765.25,11748.785714285714,11790.25,11815.25,11840.25,11865.25,70.59113173258339,near_trigger,53.59113173258339,16.464285714286234,True,True,True,True,False,tp4,11865.25,11865.0,99.75,0.0,99.75,6.058568329717813,103.0,10.0,6.255965292841451,0.6073752711496554,53,52.0,4,2022-11-23,1.0325379609544467,0.6171284634760705,1.4516450648055834,partial_bearish,2.9506694496767296,0.382488418440746,bullish,neutral,True,True,True,False
55,57046,57047,57048,2022-11-29 14:31:00+00:00,2022-11-29 14:32:00+00:00,2022-11-29 14:33:00+00:00,short,11601.25,11601.5,11601.25,11618.535714285714,11576.25,11551.25,11526.25,11501.25,70.20985452972175,near_trigger,-44.20985452972175,17.285714285713766,False,False,False,False,True,stop,11618.535714285714,11618.785714285714,-17.535714285713766,0.0,-17.535714285713766,-1.0144628099173558,3.25,24.25,0.18801652892562548,1.4028925619835133,2,1.0,0,2022-11-29,4.107438016528926,1.3618677042801557,0.6176470588235294,strong_bearish,5.62251517053777,0.7623181621521941,bearish,bearish,False,True,True,False
56,57091,57092,57100,2022-11-29 15:16:00+00:00,2022-11-29 15:17:00+00:00,2022-11-29 15:25:00+00:00,short,11588.5,11588.25,11588.0,11615.392857142857,11563.0,11538.0,11513.0,11488.0,72.0,near_trigger,-47.84035446347174,27.392857142856883,False,False,False,False,True,stop,11615.392857142857,11615.642857142857,-27.642857142856883,0.0,-27.642857142856883,-1.0091264667535855,2.75,29.5,0.10039113428944033,1.076923076923087,9,8.0,0,2022-11-29,0.09126466753585398,0.7730061349693251,2.5078929306794784,partial_bearish,1.1586917112258732,0.9140288893695773,bearish,bearish,True,True,True,True
57,59805,59806,59807,2022-12-01 14:30:00+00:00,2022-12-01 14:31:00+00:00,2022-12-01 14:32:00+00:00,short,12037.0,12036.5,12036.25,12056.357142857143,12011.25,11986.25,11961.25,11936.25,73.96253033178772,near_trigger,-69.96253033178772,20.107142857143117,False,False,False,False,True,stop,12056.357142857143,12056.607142857143,-20.357142857143117,0.0,-20.357142857143117,-1.0124333925399642,2.0,36.0,0.09946714031971453,1.7904085257548614,2,1.0,0,2022-12-01,3.3321492007104796,0.7755395683453237,0.2898550724637681,strong_bearish,14.8220302640446,1.4531629147346419,bearish,bearish,True,True,False,False
58,59861,59862,59865,2022-12-01 15:26:00+00:00,2022-12-01 15:27:00+00:00,2022-12-01 15:30:00+00:00,long,11991.75,11992.0,11992.25,11959.035714285714,12017.25,12042.25,12067.25,12092.25,87.24129032258064,high_probability,75.24129032258064,33.214285714286234,False,False,False,False,True,stop,11959.035714285714,11958.785714285714,-33.464285714286234,0.0,-33.464285714286234,-1.00752688172043,1.25,48.5,0.03763440860214995,1.460215053763418,4,3.0,0,2022-12-01,1.1591397849462366,3.9885277246653925,1.7808336914482166,partial_bearish,1.0104549854791869,1.6738025368419365,bullish,bullish,True,True,True,False
59,62575,62576,62635,2022-12-05 14:40:00+00:00,2022-12-05 14:41:00+00:00,2022-12-05 15:40:00+00:00,short,11948.75,11949.0,11948.75,11977.142857142857,11923.75,11898.75,11873.75,11848.75,73.28423879446424,near_trigger,-72.28423879446424,28.392857142856883,True,True,True,False,False,max_holding_time,11910.0,11910.25,38.5,0.0,38.5,1.355974842767308,87.75,22.75,3.0905660377358775,0.8012578616352275,60,59.0,3,2022-12-05,0.6339622641509434,1.851508120649652,1.5476673427991885,partial_bearish,1.763461790413446,1.028568933331878,bearish,bearish,True,True,False,False
60,63964,63965,63982,2022-12-06 14:49:00+00:00,2022-12-06 14:50:00+00:00,2022-12-06 15:07:00+00:00,short,11730.0,11730.0,11729.75,11757.57142857143,11704.75,11679.75,11654.75,11629.75,70.0,near_trigger,-28.20410783055199,27.82142857142935,True,True,True,True,False,tp4,11629.75,11630.0,99.75,0.0,99.75,3.5853658536584363,118.0,1.25,4.2413350449292775,0.04492939666238642,18,17.0,4,2022-12-06,0.503209242618742,4.9284332688588,4.0355871886121,partial_bearish,1.0843305380194102,1.520050721191948,bearish,bearish,False,True,True,False
61,63995,63996,64055,2022-12-06 15:20:00+00:00,2022-12-06 15:21:00+00:00,2022-12-06 16:20:00+00:00,short,11647.0,11647.0,11646.75,11672.964285714286,11621.75,11596.75,11571.75,11546.75,76.0,near_trigger,-32.05177111716621,26.214285714286234,True,True,False,False,False,max_holding_time,11621.25,11621.5,25.25,0.0,25.25,0.9632152588555667,57.75,8.5,2.202997275204316,0.32425068119890366,60,59.0,2,2022-12-06,2.0027247956403267,2.072398190045249,5.698644986449865,partial_bearish,1.2101614303509192,1.5397422556631715,bearish,bearish,True,True,False,False
62,65330,65331,65345,2022-12-07 14:35:00+00:00,2022-12-07 14:36:00+00:00,2022-12-07 14:50:00+00:00,short,11569.25,11569.5,11569.25,11601.25,11544.25,11519.25,11494.25,11469.25,76.0,near_trigger,-56.11163152140587,32.0,True,True,True,True,False,tp4,11469.25,11469.5,99.75,0.0,99.75,3.1171875,102.5,26.75,3.203125,0.8359375,15,14.0,4,2022-12-07,2.6875,2.526994359387591,2.165042235217674,strong_bullish,2.496301032057722,1.1026480982426698,bearish,bearish,True,True,False,False
63,65363,65364,65406,2022-12-07 15:08:00+00:00,2022-12-07 15:09:00+00:00,2022-12-07 15:51:00+00:00,short,11520.75,11520.5,11520.25,11557.607142857143,11495.25,11470.25,11445.25,11420.25,75.69707617487586,near_trigger,-68.69707617487586,37.35714285714312,True,True,False,False,True,stop,11557.607142857143,11557.857142857143,-37.60714285714312,0.0,-37.60714285714312,-1.0066921606118546,62.75,40.25,1.6797323135755142,1.0774378585085966,43,42.0,2,2022-12-07,2.1816443594646273,1.693548387096774,0.45997223507635354,partial_bearish,1.0192633047401385,1.4936495969378878,bearish,bearish,True,True,True,False
64,66726,66727,66731,2022-12-08 14:51:00+00:00,2022-12-08 14:52:00+00:00,2022-12-08 14:56:00+00:00,short,11540.75,11540.75,11540.5,11571.714285714286,11515.5,11490.5,11465.5,11440.5,74.0,near_trigger,-20.409768093172573,31.214285714286234,False,False,False,False,True,stop,11571.714285714286,11571.964285714286,-31.464285714286234,0.0,-31.464285714286234,-1.0080091533180777,3.0,35.75,0.09610983981693204,1.1453089244851067,5,4.0,0,2022-12-08,1.7299771167048055,2.076788830715532,3.094736842105263,partial_bearish,1.1783691284617301,1.530023906623541,bearish,bearish,False,True,True,False
65,66740,66741,66800,2022-12-08 15:05:00+00:00,2022-12-08 15:06:00+00:00,2022-12-08 16:05:00+00:00,long,11628.25,11628.25,11628.5,11600.57142857143,11653.5,11678.5,11703.5,11728.5,71.98312020460358,near_trigger,59.98312020460358,27.92857142857065,True,False,False,False,False,max_holding_time,11637.0,11636.75,8.25,0.0,8.25,0.2953964194373484,42.75,21.0,1.5306905370844417,0.7519181585677959,60,59.0,1,2022-12-08,1.3248081841432227,3.710280373831776,0.7488738738738738,strong_bullish,1.5720080015030449,2.0339758622662014,bullish,bullish,False,True,True,False
66,68086,68087,68087,2022-12-09 14:31:00+00:00,2022-12-09 14:32:00+00:00,2022-12-09 14:32:00+00:00,short,11569.25,11569.75,11569.5,11592.892857142857,11544.5,11519.5,11494.5,11469.5,71.61718671935323,near_trigger,-59.61718671935323,23.392857142856883,False,False,False,False,True,stop,11592.892857142857,11593.142857142857,-23.642857142856883,0.0,-23.642857142856883,-1.0106870229007634,19.5,23.75,0.8335877862595512,1.0152671755725304,1,0.0,0,2022-12-09,1.8167938931297711,0.12494422132976349,2.9392265193370166,strong_bearish,6.559719994166546,1.0214833991915337,bearish,bearish,True,True,False,False
67,70849,70850,70881,2022-12-13 14:35:00+00:00,2022-12-13 14:36:00+00:00,2022-12-13 15:07:00+00:00,long,12211.75,12211.5,12211.75,12174.857142857143,12236.75,12261.75,12286.75,12311.75,76.0,near_trigger,35.40517428777623,36.89285714285688,True,True,True,False,True,stop,12174.857142857143,12174.607142857143,-37.14285714285688,0.0,-37.14285714285688,-1.0067763794772508,91.75,50.0,2.486931268151034,1.3552758954501547,32,31.0,3,2022-12-13,3.5914811229428847,1.0532574974146847,7.176744186046512,partial_bearish,2.216772576747516,1.0867161585847418,bullish,bullish,True,False,False,False
68,72278,72279,72338,2022-12-14 15:24:00+00:00,2022-12-14 15:25:00+00:00,2022-12-14 16:24:00+00:00,long,12020.75,12021.0,12021.25,12000.92857142857,12046.25,12071.25,12096.25,12121.25,70.0,near_trigger,59.4917028541801,20.32142857142935,True,False,False,False,False,max_holding_time,12042.75,12042.5,21.25,0.0,21.25,1.0456942003514538,34.5,15.5,1.6977152899823602,0.7627416520210604,60,59.0,1,2022-12-14,1.3040421792618628,1.4538461538461538,3.201550387596899,partial_bullish,0.5695165255394701,0.5839654568794492,bullish,bullish,True,False,False,False
69,73608,73609,73636,2022-12-15 14:34:00+00:00,2022-12-15 14:35:00+00:00,2022-12-15 15:02:00+00:00,short,11641.5,11642.25,11642.0,11669.75,11617.0,11592.0,11567.0,11542.0,82.57705496810142,high_probability,-66.57705496810142,27.75,True,True,True,True,False,tp4,11542.0,11542.25,99.75,0.0,99.75,3.5945945945945947,102.0,16.5,3.675675675675676,0.5945945945945946,28,27.0,4,2022-12-15,3.171171171171171,0.6589506172839507,1.204398447606727,strong_bearish,3.324771023066345,1.378976367784426,bearish,bearish,True,True,True,True
70,74993,74994,74999,2022-12-16 14:39:00+00:00,2022-12-16 14:40:00+00:00,2022-12-16 14:45:00+00:00,short,11417.5,11417.75,11417.5,11459.357142857143,11392.5,11367.5,11342.5,11317.5,71.50210100658491,near_trigger,-45.50210100658491,41.85714285714312,False,False,False,False,True,stop,11459.357142857143,11459.607142857143,-42.10714285714312,0.0,-42.10714285714312,-1.0059726962457338,11.0,52.5,0.26279863481228505,1.2542662116040877,6,5.0,0,2022-12-16,0.9795221843003413,2.2842724978973927,0.8436911487758945,partial_bullish,1.2457149075871075,0.904076770176524,neutral,bearish,True,False,True,False
71,75001,75002,75003,2022-12-16 14:47:00+00:00,2022-12-16 14:48:00+00:00,2022-12-16 14:49:00+00:00,short,11439.25,11439.25,11439.0,11482.107142857143,11414.0,11389.0,11364.0,11339.0,71.65654964514229,near_trigger,-60.65654964514229,43.10714285714312,False,False,False,False,True,stop,11482.107142857143,11482.357142857143,-43.35714285714312,0.0,-43.35714285714312,-1.0057995028997515,0.0,48.75,0.0,1.130903065451526,2,1.0,0,2022-12-16,0.0115990057995029,2.4279720279720283,1.3132892363199038,partial_bullish,1.415744050213582,1.6681095834128161,neutral,bearish,True,False,True,False
72,77783,77784,77795,2022-12-20 15:09:00+00:00,2022-12-20 15:10:00+00:00,2022-12-20 15:21:00+00:00,short,11169.25,11169.0,11168.75,11201.892857142857,11143.75,11118.75,11093.75,11068.75,74.5940450882623,near_trigger,-74.5940450882623,33.14285714285688,False,False,False,False,True,stop,11201.892857142857,11202.142857142857,-33.39285714285688,0.0,-33.39285714285688,-1.007543103448276,10.75,42.0,0.3243534482758646,1.2672413793103547,12,11.0,0,2022-12-20,0.5732758620689654,1.2893642305407012,0.4745762711864407,partial_bullish,0.87521942294855,1.2856598086037518,bearish,bearish,True,True,True,False
73,79124,79125,79125,2022-12-21 14:30:00+00:00,2022-12-21 14:31:00+00:00,2022-12-21 14:31:00+00:00,long,11229.25,11228.75,11229.0,11217.214285714286,11254.0,11279.0,11304.0,11329.0,82.70223757467387,high_probability,44.70223757467387,11.785714285713766,False,False,False,False,True,stop,11217.214285714286,11216.964285714286,-12.035714285713766,0.0,-12.035714285713766,-1.0212121212121221,0.0,29.25,0.0,2.481818181818291,1,0.0,0,2022-12-21,1.1878787878787878,0.7573770491803279,1.501818181818182,partial_bearish,13.592345607422441,0.9823424228877962,bullish,bullish,True,True,True,False
74,79126,79127,79164,2022-12-21 14:32:00+00:00,2022-12-21 14:33:00+00:00,2022-12-21 15:10:00+00:00,long,11192.5,11192.25,11192.5,11175.607142857143,11217.5,11242.5,11267.5,11292.5,78.0,near_trigger,54.22116856805962,16.892857142856883,True,True,True,True,False,tp4,11292.5,11292.25,99.75,0.0,99.75,5.904862579281275,104.25,11.5,6.1712473572939635,0.680761099365761,38,37.0,4,2022-12-21,3.226215644820296,0.7573770491803279,1.501818181818182,strong_bearish,5.125353030632197,1.1056745964793881,bullish,bullish,True,True,True,False
75,80505,80506,80535,2022-12-22 14:31:00+00:00,2022-12-22 14:32:00+00:00,2022-12-22 15:01:00+00:00,short,11180.0,11179.75,11179.5,11193.714285714286,11154.5,11129.5,11104.5,11079.5,75.40485782972726,near_trigger,-37.40485782972726,14.214285714286234,True,True,True,True,False,tp4,11079.5,11079.75,99.75,0.0,99.75,7.0175879396982355,101.75,0.25,7.15829145728617,0.01758793969849182,30,29.0,4,2022-12-22,2.919597989949749,0.1620658949243099,3.835137385512073,partial_bearish,8.67712747680678,1.2560722871590815,bearish,neutral,True,True,True,True
76,80538,80539,80598,2022-12-22 15:04:00+00:00,2022-12-22 15:05:00+00:00,2022-12-22 16:04:00+00:00,short,11068.75,11068.5,11068.25,11094.964285714286,11043.25,11018.25,10993.25,10968.25,72.216701388986,near_trigger,-64.216701388986,26.714285714286234,True,True,False,False,False,max_holding_time,11018.5,11018.75,49.5,0.0,49.5,1.8529411764705521,69.75,5.75,2.610962566844869,0.21524064171122576,60,59.0,2,2022-12-22,4.080213903743315,0.8968386023294509,3.421641791044776,strong_bearish,1.0844918688760068,0.9754221907779383,bearish,bearish,False,True,True,False
77,81896,81897,81902,2022-12-23 14:42:00+00:00,2022-12-23 14:43:00+00:00,2022-12-23 14:48:00+00:00,long,10996.25,10996.75,10997.0,10939.42857142857,11022.0,11047.0,11072.0,11097.0,70.02507196029777,near_trigger,65.02507196029777,57.57142857142935,False,False,False,False,True,stop,10939.42857142857,10939.17857142857,-57.82142857142935,0.0,-57.82142857142935,-1.0043424317617866,1.75,61.75,0.030397022332505793,1.0725806451612758,6,5.0,0,2022-12-23,1.8933002481389578,2.13510747185261,2.1305589555283557,partial_bearish,1.9049448649479386,1.8734413179837268,bullish,bullish,True,True,False,False
78,81915,81916,81925,2022-12-23 15:01:00+00:00,2022-12-23 15:02:00+00:00,2022-12-23 15:11:00+00:00,short,10948.25,10947.25,10947.0,10996.75,10922.0,10897.0,10872.0,10847.0,73.48739063623604,near_trigger,-56.48739063623604,49.75,True,False,False,False,True,stop,10996.75,10997.0,-50.0,0.0,-50.0,-1.0050251256281406,31.25,53.0,0.628140703517588,1.065326633165829,10,9.0,1,2022-12-23,0.9246231155778895,1.1755725190839696,3.5092226613965742,partial_bearish,1.6787930246228202,1.4697910591141454,bearish,bearish,True,True,False,False
79,83315,83316,83375,2022-12-27 15:21:00+00:00,2022-12-27 15:22:00+00:00,2022-12-27 16:21:00+00:00,short,11000.5,11000.5,11000.25,11031.964285714286,10975.25,10950.25,10925.25,10900.25,76.0,near_trigger,-35.6,31.714285714286234,True,True,False,False,False,max_holding_time,10958.25,10958.5,41.75,0.0,41.75,1.3164414414414198,51.75,17.25,1.63175675675673,0.54391891891891,60,59.0,2,2022-12-27,4.4774774774774775,0.8599889319313779,3.412266666666667,partial_bullish,2.0230759557344062,1.9954416484487651,bearish,bearish,True,True,False,False
80,84667,84668,84674,2022-12-28 14:53:00+00:00,2022-12-28 14:54:00+00:00,2022-12-28 15:00:00+00:00,short,10928.25,10928.0,10927.75,10963.0,10902.75,10877.75,10852.75,10827.75,72.19716312056738,near_trigger,-60.19716312056738,35.25,False,False,False,False,True,stop,10963.0,10963.25,-35.5,0.0,-35.5,-1.0070921985815602,6.5,42.5,0.18439716312056736,1.2056737588652482,7,6.0,0,2022-12-28,2.75177304964539,2.6676994577846633,1.2023898431665423,partial_bullish,1.00446807307279,1.5647025655483509,bearish,bearish,True,True,False,False
81,84699,84700,84734,2022-12-28 15:25:00+00:00,2022-12-28 15:26:00+00:00,2022-12-28 16:00:00+00:00,short,10923.5,10923.75,10923.5,10949.785714285714,10898.5,10873.5,10848.5,10823.5,85.96949152542373,high_probability,-61.969491525423734,26.285714285713766,True,True,True,True,False,tp4,10823.5,10823.75,99.75,0.0,99.75,3.7948369565218143,100.5,0.75,3.823369565217467,0.028532608695652738,35,34.0,4,2022-12-28,2.8532608695652173,0.19097586568730326,0.943089430894309,partial_bearish,2.447206147424343,2.222988228400062,bearish,bearish,True,True,True,True
82,86029,86030,86072,2022-12-29 14:35:00+00:00,2022-12-29 14:36:00+00:00,2022-12-29 15:18:00+00:00,long,10906.5,10906.25,10906.5,10878.07142857143,10931.5,10956.5,10981.5,11006.5,72.06051210214106,near_trigger,46.06051210214106,28.42857142857065,True,True,True,True,False,tp4,11006.5,11006.25,99.75,0.0,99.75,3.5087939698493424,104.25,8.0,3.667085427135779,0.2814070351758871,43,42.0,4,2022-12-29,1.6884422110552764,0.5861733203505355,1.603883495145631,strong_bullish,2.8608820834969246,0.9635474060034381,bullish,bullish,True,True,False,False
83,87410,87411,87470,2022-12-30 14:36:00+00:00,2022-12-30 14:37:00+00:00,2022-12-30 15:36:00+00:00,short,10927.0,10927.5,10927.25,10956.857142857143,10902.25,10877.25,10852.25,10827.25,70.86055793578372,near_trigger,-36.86055793578372,29.607142857143117,True,True,False,False,False,max_holding_time,10922.25,10922.5,4.75,0.0,4.75,0.16043425814233875,71.75,19.5,2.4234016887816434,0.658624849215917,60,59.0,2,2022-12-30,1.5705669481302773,1.3445378151260505,0.6581782566111655,partial_bullish,1.551003148052436,0.6956210224638598,bearish,bearish,True,True,False,False
84,88787,88788,88789,2023-01-03 14:33:00+00:00,2023-01-03 14:34:00+00:00,2023-01-03 14:35:00+00:00,long,11134.25,11134.0,11134.25,11106.82142857143,11159.25,11184.25,11209.25,11234.25,77.89499172415711,near_trigger,58.89499172415711,27.42857142857065,False,False,False,False,True,stop,11106.82142857143,11106.57142857143,-27.67857142857065,0.0,-27.67857142857065,-1.0091145833333337,7.5,33.0,0.27343750000000777,1.2031250000000342,2,1.0,0,2023-01-03,0.765625,0.7878077373974208,1.1355831853167555,strong_bullish,2.888580931263858,0.9663959051963948,bullish,bullish,True,True,True,False
85,88790,88791,88802,2023-01-03 14:36:00+00:00,2023-01-03 14:37:00+00:00,2023-01-03 14:48:00+00:00,long,11103.5,11103.5,11103.75,11068.392857142857,11128.75,11153.75,11178.75,11203.75,73.0,near_trigger,53.68721304790135,35.35714285714312,True,True,True,False,True,stop,11068.392857142857,11068.142857142857,-35.60714285714312,0.0,-35.60714285714312,-1.007070707070707,78.0,44.75,2.20606060606059,1.2656565656565564,12,11.0,3,2023-01-03,0.7494949494949495,0.24778761061946905,1.1355831853167555,partial_bullish,1.5733402885059085,0.8392551369863014,bullish,bullish,True,True,True,False
86,88807,88808,88818,2023-01-03 14:53:00+00:00,2023-01-03 14:54:00+00:00,2023-01-03 15:04:00+00:00,long,11036.25,11036.25,11036.5,10982.535714285714,11061.5,11086.5,11111.5,11136.5,70.608206485771,near_trigger,70.608206485771,53.964285714286234,False,False,False,False,True,stop,10982.535714285714,10982.285714285714,-54.214285714286234,0.0,-54.214285714286234,-1.0046326935804102,6.75,54.75,0.12508272667107756,1.0145598941098513,11,10.0,0,2023-01-03,0.9080079417604235,2.225108225108225,1.2538347352795645,partial_bearish,0.9225384793874235,1.5450129533678756,bullish,bullish,True,False,False,False
87,90168,90169,90194,2023-01-04 14:34:00+00:00,2023-01-04 14:35:00+00:00,2023-01-04 15:00:00+00:00,long,10982.0,10982.5,10982.75,10953.67857142857,11007.75,11032.75,11057.75,11082.75,84.98619717827638,high_probability,84.98619717827638,29.07142857142935,True,True,False,False,True,stop,10953.67857142857,10953.42857142857,-29.32142857142935,0.0,-29.32142857142935,-1.0085995085995083,64.0,59.25,2.2014742014741424,2.0380835380834834,26,25.0,2,2023-01-04,3.5773955773955772,1.5272727272727273,0.9319826338639653,partial_bullish,2.2667701519015413,0.9864319765309864,bullish,bullish,True,True,True,False
88,90210,90211,90270,2023-01-04 15:16:00+00:00,2023-01-04 15:17:00+00:00,2023-01-04 16:16:00+00:00,long,10918.25,10918.75,10919.0,10871.857142857143,10944.0,10969.0,10994.0,11019.0,77.55015460330547,near_trigger,73.55015460330547,47.14285714285688,True,True,False,False,False,max_holding_time,10975.75,10975.5,56.5,0.0,56.5,1.1984848484848551,64.75,42.75,1.373484848484856,0.9068181818181869,60,59.0,2,2023-01-04,1.7924242424242423,2.0476190476190474,3.0455717970765264,partial_bearish,0.5913198337840512,1.157390223828812,bullish,bullish,True,False,False,False
89,92927,92928,92931,2023-01-06 14:33:00+00:00,2023-01-06 14:34:00+00:00,2023-01-06 14:37:00+00:00,long,10920.75,10920.5,10920.75,10887.25,10945.75,10970.75,10995.75,11020.75,73.6,near_trigger,61.599999999999994,33.5,False,False,False,False,True,stop,10887.25,10887.0,-33.75,0.0,-33.75,-1.007462686567164,24.25,63.0,0.7238805970149254,1.8805970149253732,4,3.0,0,2023-01-06,2.0597014925373136,0.893735130848533,2.5221465076660987,partial_bullish,3.079985072770245,1.6216165642162779,bullish,bullish,True,True,False,False
90,92945,92946,92966,2023-01-06 14:51:00+00:00,2023-01-06 14:52:00+00:00,2023-01-06 15:12:00+00:00,long,10812.5,10812.25,10812.5,10766.607142857143,10837.5,10862.5,10887.5,10912.5,71.43686157454293,near_trigger,47.43686157454293,45.89285714285688,True,True,True,True,False,tp4,10912.5,10912.25,99.75,0.0,99.75,2.1735408560311407,105.0,11.25,2.2879377431906742,0.2451361867704294,21,20.0,4,2023-01-06,0.6863813229571984,1.8269947800149142,0.4768392370572207,partial_bullish,0.8420661091996366,1.525700510640504,bullish,bullish,False,False,True,False
91,95687,95688,95688,2023-01-10 14:33:00+00:00,2023-01-10 14:34:00+00:00,2023-01-10 14:34:00+00:00,short,11205.0,11205.0,11204.75,11235.392857142857,11179.75,11154.75,11129.75,11104.75,78.0,near_trigger,-69.47702950427202,30.642857142856883,False,False,False,False,True,stop,11235.392857142857,11235.642857142857,-30.892857142856883,0.0,-30.892857142856883,-1.0081585081585083,2.25,41.5,0.07342657342657405,1.3543123543123659,1,0.0,0,2023-01-10,4.062937062937063,1.220125786163522,0.8134556574923547,partial_bullish,2.605881225645721,1.1169727282684094,bearish,bearish,True,False,True,False
92,95689,95690,95730,2023-01-10 14:35:00+00:00,2023-01-10 14:36:00+00:00,2023-01-10 15:16:00+00:00,short,11233.25,11233.0,11232.75,11269.5,11207.75,11182.75,11157.75,11132.75,81.85033400578354,high_probability,-61.85033400578354,36.75,True,True,True,False,True,stop,11269.5,11269.75,-37.0,0.0,-37.0,-1.0068027210884354,90.5,50.5,2.4625850340136055,1.3741496598639455,41,40.0,3,2023-01-10,4.571428571428571,2.6702484889187375,0.8134556574923547,strong_bullish,2.3128780761179515,1.2483874698623678,bearish,bearish,True,False,True,False
93,95739,95740,95743,2023-01-10 15:25:00+00:00,2023-01-10 15:26:00+00:00,2023-01-10 15:29:00+00:00,long,11247.75,11247.5,11247.75,11213.17857142857,11272.75,11297.75,11322.75,11347.75,71.09586776859504,near_trigger,47.09586776859504,34.57142857142935,False,False,False,False,True,stop,11213.17857142857,11212.92857142857,-34.82142857142935,0.0,-34.82142857142935,-1.0072314049586775,2.75,49.25,0.07954545454545275,1.424586776859472,4,3.0,0,2023-01-10,0.578512396694215,0.5739549839228295,2.9365014338385906,strong_bullish,1.0117357446652935,1.5020263424518745,bullish,bullish,False,True,True,False
94,97067,97068,97127,2023-01-11 14:33:00+00:00,2023-01-11 14:34:00+00:00,2023-01-11 15:33:00+00:00,long,11307.25,11307.0,11307.25,11281.892857142857,11332.25,11357.25,11382.25,11407.25,72.47894859089345,near_trigger,71.47894859089345,25.357142857143117,True,True,True,False,False,max_holding_time,11362.5,11362.25,55.0,0.0,55.0,2.16901408450702,81.5,5.0,3.2140845070422204,0.19718309859154728,60,59.0,3,2023-01-11,1.912676056338028,1.1264367816091954,0.6953199617956064,partial_bullish,3.7075951489409267,1.1881223583351241,bullish,bullish,True,True,False,False
95,98498,98499,98558,2023-01-12 15:24:00+00:00,2023-01-12 15:25:00+00:00,2023-01-12 16:24:00+00:00,short,11487.0,11487.5,11487.25,11532.214285714286,11462.25,11437.25,11412.25,11387.25,70.0,near_trigger,-70.0,44.964285714286234,True,True,True,False,False,max_holding_time,11454.5,11454.75,32.5,0.0,32.5,0.7227958697378789,99.0,16.0,2.201747418586154,0.3558379666401865,60,59.0,3,2023-01-12,0.43367752184273234,3.0746641674476725,0.7911620990014872,partial_bearish,0.8255323710161497,1.7630002670634468,bearish,bearish,True,False,True,False
96,99877,99878,99900,2023-01-13 15:23:00+00:00,2023-01-13 15:24:00+00:00,2023-01-13 15:46:00+00:00,short,11510.0,11510.5,11510.25,11537.785714285714,11485.25,11460.25,11435.25,11410.25,70.0,near_trigger,-62.669373579773776,27.535714285713766,False,False,False,False,True,stop,11537.785714285714,11538.035714285714,-27.785714285713766,0.0,-27.785714285713766,-1.0090791180285346,14.0,28.25,0.5084306095979344,1.0259403372244034,23,22.0,0,2023-01-13,1.6342412451361867,0.9723237597911227,2.6054590570719607,strong_bullish,0.9600688126509412,1.0960042299267316,bearish,bearish,True,True,False,False
97,101209,101210,101230,2023-01-16 14:35:00+00:00,2023-01-16 14:36:00+00:00,2023-01-16 14:56:00+00:00,long,11607.0,11607.25,11607.5,11595.857142857143,11632.5,11657.5,11682.5,11707.5,83.16722881947909,high_probability,83.16722881947909,11.642857142856883,False,False,False,False,True,stop,11595.857142857143,11595.607142857143,-11.892857142856883,0.0,-11.892857142856883,-1.0214723926380374,2.75,13.0,0.23619631901841018,1.116564417177939,21,20.0,0,2023-01-16,2.705521472392638,0.717948717948718,0.9164345403899722,strong_bullish,7.73109243697479,0.45903602434886737,bullish,bullish,True,True,True,False
98,101234,101235,101239,2023-01-16 15:00:00+00:00,2023-01-16 15:01:00+00:00,2023-01-16 15:05:00+00:00,long,11604.0,11604.25,11604.5,11597.92857142857,11629.5,11654.5,11679.5,11704.5,82.79815137368938,high_probability,70.79815137368938,6.571428571429351,False,False,False,False,True,stop,11597.92857142857,11597.67857142857,-6.821428571429351,0.0,-6.821428571429351,-1.038043478260865,3.75,9.0,0.5706521739129757,1.369565217391142,5,4.0,0,2023-01-16,1.8260869565217392,0.41363636363636364,0.6387832699619772,strong_bullish,2.96943231441048,0.16660813603064284,bullish,bullish,True,True,True,False
99,102352,102353,102359,2023-01-17 14:38:00+00:00,2023-01-17 14:39:00+00:00,2023-01-17 14:45:00+00:00,short,11567.25,11567.25,11567.0,11598.535714285714,11542.0,11517.0,11492.0,11467.0,73.94562482491013,near_trigger,-41.94562482491013,31.535714285713766,False,False,False,False,True,stop,11598.535714285714,11598.785714285714,-31.785714285713766,0.0,-31.785714285713766,-1.0079275198187996,17.75,33.75,0.5628539071347771,1.0702151755379565,7,6.0,0,2023-01-17,1.363533408833522,0.8067796610169491,2.357076780758557,partial_bullish,2.032111899133176,1.4170253686235001,neutral,bearish,True,True,True,False
100,102402,102403,102406,2023-01-17 15:28:00+00:00,2023-01-17 15:29:00+00:00,2023-01-17 15:32:00+00:00,long,11657.75,11657.5,11657.75,11637.92857142857,11682.75,11707.75,11732.75,11757.75,76.0,near_trigger,68.83210936461245,19.82142857142935,False,False,False,False,True,stop,11637.92857142857,11637.67857142857,-20.07142857142935,0.0,-20.07142857142935,-1.012612612612612,6.0,25.0,0.3027027027026908,1.2612612612612117,4,3.0,0,2023-01-17,2.5225225225225225,2.0811940298507463,3.3242764323685763,partial_bullish,1.494182243453785,1.477430861802003,bullish,bullish,True,False,False,False
101,103765,103766,103772,2023-01-18 15:11:00+00:00,2023-01-18 15:12:00+00:00,2023-01-18 15:18:00+00:00,long,11727.5,11727.75,11728.0,11701.32142857143,11753.0,11778.0,11803.0,11828.0,82.0,high_probability,45.3063555586283,26.67857142857065,False,False,False,False,True,stop,11701.32142857143,11701.07142857143,-26.92857142857065,0.0,-26.92857142857065,-1.0093708165997326,10.0,34.25,0.37483266398930143,1.2838018741633574,7,6.0,0,2023-01-18,1.742971887550201,1.8704839809134286,2.0552188552188553,partial_bullish,0.8394068283710772,1.05279852360218,bullish,bullish,True,True,True,True
102,105117,105118,105177,2023-01-19 14:43:00+00:00,2023-01-19 14:44:00+00:00,2023-01-19 15:43:00+00:00,short,11403.5,11404.0,11403.75,11442.82142857143,11378.75,11353.75,11328.75,11303.75,94.11309565369314,a_plus_plus,-72.11309565369314,39.07142857142935,True,True,False,False,False,max_holding_time,11366.0,11366.25,37.5,0.0,37.5,0.9597806215721929,54.75,14.0,1.4012797074954018,0.35831809872028536,60,59.0,2,2023-01-19,1.893967093235832,2.6744186046511627,1.9154228855721394,partial_bullish,1.5203375923103972,1.2985907736977798,bearish,bearish,True,True,True,True
103,106485,106486,106488,2023-01-20 14:31:00+00:00,2023-01-20 14:32:00+00:00,2023-01-20 14:34:00+00:00,long,11411.75,11410.75,11411.0,11393.214285714286,11436.0,11461.0,11486.0,11511.0,82.93261104696441,high_probability,69.93261104696441,17.785714285713766,False,False,False,False,True,stop,11393.214285714286,11392.964285714286,-18.035714285713766,0.0,-18.035714285713766,-1.0140562248995988,8.25,22.25,0.4638554216867605,1.2510040160642937,3,2.0,0,2023-01-20,2.4738955823293174,0.9290123456790124,0.6932185145317545,partial_bearish,5.8258101094683585,0.9549204352115294,bullish,bullish,True,True,True,False
104,106494,106495,106554,2023-01-20 14:40:00+00:00,2023-01-20 14:41:00+00:00,2023-01-20 15:40:00+00:00,long,11421.5,11421.5,11421.75,11390.285714285714,11446.75,11471.75,11496.75,11521.75,73.06698763943159,near_trigger,61.06698763943159,31.464285714286234,True,True,True,False,False,max_holding_time,11474.25,11474.0,52.25,0.0,52.25,1.6606129398410623,76.5,5.75,2.431328036322321,0.18274687854710253,60,59.0,3,2023-01-20,1.9228149829738932,1.0831408775981526,0.6932185145317545,partial_bearish,1.5593209612859336,0.895202455993751,bullish,bullish,True,False,False,False
105,107865,107866,107881,2023-01-23 14:31:00+00:00,2023-01-23 14:32:00+00:00,2023-01-23 14:47:00+00:00,long,11678.75,11679.25,11679.5,11663.357142857143,11704.5,11729.5,11754.5,11779.5,78.0,near_trigger,78.0,16.142857142856883,True,True,True,True,False,tp4,11779.5,11779.25,99.75,0.0,99.75,6.179203539823108,106.0,5.0,6.566371681416035,0.30973451327434126,16,15.0,4,2023-01-23,3.1283185840707968,0.9634831460674158,0.02676864244741874,partial_bearish,7.096594392731732,0.9112249864017635,bullish,bullish,True,True,True,False
106,107900,107901,107958,2023-01-23 15:06:00+00:00,2023-01-23 15:07:00+00:00,2023-01-23 16:04:00+00:00,long,11798.5,11798.75,11799.0,11774.464285714286,11824.0,11849.0,11874.0,11899.0,85.8787223259344,high_probability,85.8787223259344,24.535714285713766,True,True,True,True,False,tp4,11899.0,11898.75,99.75,0.0,99.75,4.0655021834062,117.25,4.75,4.778748180495007,0.19359534206696188,58,57.0,4,2023-01-23,1.589519650655022,3.4975438596491224,3.465,partial_bullish,0.7911699586637145,0.9460464024414101,bullish,bullish,True,True,True,False
107,109247,109248,109256,2023-01-24 14:33:00+00:00,2023-01-24 14:34:00+00:00,2023-01-24 14:42:00+00:00,short,11876.25,11876.25,11876.0,11896.535714285714,11851.0,11826.0,11801.0,11776.0,70.01033741318378,near_trigger,-48.01033741318378,20.535714285713766,True,False,False,False,True,stop,11896.535714285714,11896.785714285714,-20.785714285713766,0.0,-20.785714285713766,-1.0121739130434786,30.75,26.25,1.497391304347864,1.2782608695652498,9,8.0,1,2023-01-24,1.8260869565217392,1.0870147255689424,1.2552742616033756,partial_bullish,2.5546139635809166,0.7486529917761603,bearish,bearish,True,True,False,False
108,109271,109272,109331,2023-01-24 14:57:00+00:00,2023-01-24 14:58:00+00:00,2023-01-24 15:57:00+00:00,short,11906.25,11906.75,11906.5,11940.392857142857,11881.5,11856.5,11831.5,11806.5,86.85015806111696,high_probability,-62.85015806111696,33.89285714285688,True,True,False,False,True,stop,11940.392857142857,11940.642857142857,-34.14285714285688,0.0,-34.14285714285688,-1.0073761854583774,68.5,36.25,2.021074815595379,1.069546891464708,60,59.0,2,2023-01-24,1.386722866174921,3.782041442824252,0.7075812274368232,partial_bullish,1.1980543186515975,1.90671031096563,bearish,bearish,True,True,True,True
109,113443,113444,113460,2023-01-27 15:29:00+00:00,2023-01-27 15:30:00+00:00,2023-01-27 15:46:00+00:00,long,12167.25,12167.25,12167.5,12142.642857142857,12192.5,12217.5,12242.5,12267.5,83.06577724981814,high_probability,83.06577724981814,24.857142857143117,False,False,False,False,True,stop,12142.642857142857,12142.392857142857,-25.107142857143117,0.0,-25.107142857143117,-1.0100574712643677,14.25,37.0,0.5732758620689595,1.4885057471264211,17,16.0,0,2023-01-27,0.9051724137931034,0.8500619578686492,3.679715302491103,strong_bullish,1.1726972035682068,1.4687158151462438,bullish,bullish,True,True,True,True
110,116148,116149,116153,2023-01-31 14:34:00+00:00,2023-01-31 14:35:00+00:00,2023-01-31 14:39:00+00:00,long,12024.25,12024.75,12025.0,11996.535714285714,12050.0,12075.0,12100.0,12125.0,81.60009624858426,high_probability,45.600096248584265,28.464285714286234,False,False,False,False,True,stop,11996.535714285714,11996.285714285714,-28.714285714286234,0.0,-28.714285714286234,-1.0087829360100375,3.0,28.75,0.10539523212044977,1.0100376411543104,5,4.0,0,2023-01-31,3.4956085319949812,1.632340425531915,2.0591357088703566,partial_bullish,3.3912429378531073,1.289947080471709,bullish,bullish,True,True,False,False
111,116189,116190,116249,2023-01-31 15:15:00+00:00,2023-01-31 15:16:00+00:00,2023-01-31 16:15:00+00:00,long,12034.25,12034.0,12034.25,11996.535714285714,12059.25,12084.25,12109.25,12134.25,73.28473365034888,near_trigger,67.28473365034888,37.714285714286234,True,True,False,False,False,max_holding_time,12076.25,12076.0,41.75,0.0,41.75,1.1070075757575606,58.0,14.75,1.5378787878787668,0.3910984848484795,60,59.0,2,2023-01-31,1.6439393939393938,0.24856046065259116,0.9492833517089304,partial_bullish,0.9168482624154146,1.0239135168368065,bullish,bullish,True,True,True,False
112,117532,117533,117592,2023-02-01 14:38:00+00:00,2023-02-01 14:39:00+00:00,2023-02-01 15:38:00+00:00,long,12128.25,12128.5,12128.75,12099.964285714286,12153.75,12178.75,12203.75,12228.75,73.15068462295653,near_trigger,51.15068462295653,28.785714285713766,True,False,False,False,False,max_holding_time,12134.25,12134.0,5.25,0.0,5.25,0.18238213399504052,29.0,21.25,1.0074441687345095,0.7382133995037354,60,59.0,1,2023-02-01,0.38213399503722084,2.3264705882352943,0.3425531914893617,partial_bullish,1.5511702615878844,0.7553532973060827,bullish,bullish,True,True,False,False
113,118926,118927,118934,2023-02-02 14:52:00+00:00,2023-02-02 14:53:00+00:00,2023-02-02 15:00:00+00:00,long,12699.5,12699.5,12699.75,12654.035714285714,12724.75,12749.75,12774.75,12799.75,80.81138157894736,high_probability,69.81138157894736,45.714285714286234,False,False,False,False,True,stop,12654.035714285714,12653.785714285714,-45.964285714286234,0.0,-45.964285714286234,-1.00546875,20.25,52.25,0.44296874999999497,1.142968749999987,8,7.0,0,2023-02-02,1.5531249999999999,2.351145038167939,3.1149354640442533,partial_bullish,1.219738313469497,1.7148615963450686,bullish,bullish,True,True,False,False
114,118951,118952,118976,2023-02-02 15:17:00+00:00,2023-02-02 15:18:00+00:00,2023-02-02 15:42:00+00:00,long,12711.75,12711.75,12712.0,12671.785714285714,12737.0,12762.0,12787.0,12812.0,70.22628774422735,near_trigger,66.22628774422735,40.214285714286234,True,True,True,True,False,tp4,12812.0,12811.75,99.75,0.0,99.75,2.480461811722881,104.75,6.75,2.604795737122524,0.16785079928951827,25,24.0,4,2023-02-02,1.492007104795737,1.1753086419753087,0.6784140969162996,partial_bullish,1.5412598834403652,1.7793014784658239,bullish,bullish,False,True,True,False
115,120285,120286,120300,2023-02-03 14:31:00+00:00,2023-02-03 14:32:00+00:00,2023-02-03 14:46:00+00:00,long,12607.75,12607.75,12608.0,12576.285714285714,12633.0,12658.0,12683.0,12708.0,74.63873873873874,near_trigger,20.638738738738738,31.714285714286234,True,True,True,True,False,tp4,12708.0,12707.75,99.75,0.0,99.75,3.1452702702702187,107.75,12.0,3.397522522522467,0.3783783783783722,15,14.0,4,2023-02-03,2.9954954954954953,0.49079754601226994,4.299915038232795,partial_bearish,5.912300055157198,1.556749691380437,neutral,neutral,True,True,True,False
116,120330,120331,120390,2023-02-03 15:16:00+00:00,2023-02-03 15:17:00+00:00,2023-02-03 16:16:00+00:00,long,12773.0,12772.5,12772.75,12712.285714285714,12797.75,12822.75,12847.75,12872.75,72.64465445953928,near_trigger,34.64465445953928,60.464285714286234,True,True,True,False,False,max_holding_time,12830.25,12830.0,57.25,0.0,57.25,0.9468399291198973,84.5,13.75,1.3975191966922502,0.22740696987595788,60,59.0,3,2023-02-03,2.604843473124631,0.582903463522476,2.761563712324679,strong_bullish,1.4773184836153352,2.3971641064850213,neutral,bullish,True,True,True,True
117,121671,121672,121676,2023-02-06 14:37:00+00:00,2023-02-06 14:38:00+00:00,2023-02-06 14:42:00+00:00,short,12524.25,12524.25,12524.0,12554.07142857143,12499.0,12474.0,12449.0,12424.0,75.92532028653376,near_trigger,-51.92532028653376,30.07142857142935,False,False,False,False,True,stop,12554.07142857143,12554.32142857143,-30.32142857142935,0.0,-30.32142857142935,-1.0083135391923987,5.0,32.75,0.1662707838479767,1.0890736342042473,5,4.0,0,2023-02-06,2.2114014251781473,3.1383763837638377,0.37454808387563265,partial_bearish,2.43321475130919,1.1637762489035437,bearish,bearish,True,True,False,False
118,121705,121706,121765,2023-02-06 15:11:00+00:00,2023-02-06 15:12:00+00:00,2023-02-06 16:11:00+00:00,short,12554.75,12555.5,12555.25,12593.25,12530.25,12505.25,12480.25,12455.25,70.58558699710753,near_trigger,-32.58558699710753,38.0,True,True,True,False,False,max_holding_time,12540.5,12540.75,14.5,0.0,14.5,0.3815789473684211,98.75,22.25,2.598684210526316,0.5855263157894737,60,59.0,3,2023-02-06,0.5,1.752988047808765,1.4148061104582843,partial_bullish,1.2534972141849399,1.3996769154773507,neutral,bearish,True,True,True,True
119,123046,123047,123054,2023-02-07 14:32:00+00:00,2023-02-07 14:33:00+00:00,2023-02-07 14:40:00+00:00,short,12509.5,12509.5,12509.25,12529.857142857143,12484.25,12459.25,12434.25,12409.25,83.59861858160913,high_probability,-45.59861858160913,20.607142857143117,False,False,False,False,True,stop,12529.857142857143,12530.107142857143,-20.857142857143117,0.0,-20.857142857143117,-1.0121317157712304,20.75,27.0,1.006932409012119,1.3102253032928777,8,7.0,0,2023-02-07,0.7521663778162911,0.7170294494238156,2.5045871559633026,partial_bearish,4.81253272119528,0.8457602287445238,bearish,bearish,True,True,True,False
120,125825,125826,125828,2023-02-09 14:51:00+00:00,2023-02-09 14:52:00+00:00,2023-02-09 14:54:00+00:00,long,12697.0,12697.0,12697.25,12660.32142857143,12722.25,12747.25,12772.25,12797.25,75.02956139534093,near_trigger,69.02956139534093,36.92857142857065,False,False,False,False,True,stop,12660.32142857143,12660.07142857143,-37.17857142857065,0.0,-37.17857142857065,-1.0067698259187623,3.75,42.25,0.10154738878143348,1.1441005802708173,3,2.0,0,2023-02-09,1.381044487427466,1.2188235294117646,1.6019900497512438,partial_bearish,0.8746290950929533,0.8836635430156319,bullish,bullish,True,True,True,True
121,129950,129951,129969,2023-02-14 14:36:00+00:00,2023-02-14 14:37:00+00:00,2023-02-14 14:55:00+00:00,long,12470.75,12470.75,12471.0,12422.892857142857,12496.0,12521.0,12546.0,12571.0,73.6875915250401,near_trigger,52.687591525040105,48.10714285714312,True,True,True,True,False,tp4,12571.0,12570.75,99.75,0.0,99.75,2.0734966592427506,113.25,26.25,2.3541202672605666,0.5456570155901975,19,18.0,4,2023-02-14,2.9101707498144025,0.8016967126193001,2.380054966627405,partial_bearish,1.611291766812762,1.3129044025881764,neutral,bullish,True,True,False,True
122,129993,129994,130010,2023-02-14 15:19:00+00:00,2023-02-14 15:20:00+00:00,2023-02-14 15:36:00+00:00,short,12628.25,12628.25,12628.0,12662.357142857143,12603.0,12578.0,12553.0,12528.0,75.69563409563409,near_trigger,-21.69563409563409,34.35714285714312,True,True,True,True,False,tp4,12528.0,12528.25,99.75,0.0,99.75,2.9033264033263815,114.75,20.5,3.339916839916815,0.5966735966735922,17,16.0,4,2023-02-14,1.2661122661122661,2.395247524752475,2.0253025302530254,partial_bullish,1.2336945502061414,1.6844566120151343,neutral,bearish,True,True,False,False
123,131369,131370,131429,2023-02-15 15:15:00+00:00,2023-02-15 15:16:00+00:00,2023-02-15 16:15:00+00:00,long,12565.75,12566.25,12566.5,12530.82142857143,12591.5,12616.5,12641.5,12666.5,77.23557804632833,near_trigger,71.23557804632833,35.67857142857065,True,True,False,False,False,max_holding_time,12609.5,12609.25,42.75,0.0,42.75,1.1981981981982244,52.25,10.25,1.4644644644644964,0.2872872872872936,60,59.0,2,2023-02-15,0.7987987987987988,1.8249286393910562,0.637546468401487,partial_bearish,0.5268643306379155,0.5652593021014074,bullish,bullish,True,True,True,True
124,132712,132713,132766,2023-02-16 14:38:00+00:00,2023-02-16 14:39:00+00:00,2023-02-16 15:32:00+00:00,long,12528.25,12528.5,12528.75,12493.964285714286,12553.75,12578.75,12603.75,12628.75,75.92546643895209,near_trigger,68.92546643895209,34.785714285713766,True,True,True,True,False,tp4,12628.75,12628.5,99.75,0.0,99.75,2.8675564681725274,101.5,2.0,2.9178644763860806,0.057494866529774986,54,53.0,4,2023-02-16,1.1211498973305956,0.19189511323003575,5.380427738172392,strong_bearish,1.7764948453608247,1.1568330486901042,neutral,bullish,True,True,True,False
125,134085,134086,134087,2023-02-17 14:31:00+00:00,2023-02-17 14:32:00+00:00,2023-02-17 14:33:00+00:00,short,12385.0,12385.25,12385.0,12402.17857142857,12360.0,12335.0,12310.0,12285.0,81.87011112920372,high_probability,-51.87011112920372,17.17857142857065,False,False,False,False,True,stop,12402.17857142857,12402.42857142857,-17.42857142857065,0.0,-17.42857142857065,-1.0145530145530153,0.25,25.5,0.014553014553015213,1.4844074844075519,2,1.0,0,2023-02-17,3.3180873180873185,0.375,0.7652733118971061,partial_bearish,3.903432228039558,0.6416929655586978,bearish,bearish,True,True,True,True
126,134088,134089,134103,2023-02-17 14:34:00+00:00,2023-02-17 14:35:00+00:00,2023-02-17 14:49:00+00:00,short,12414.25,12415.0,12414.75,12437.07142857143,12389.75,12364.75,12339.75,12314.75,78.0,near_trigger,-56.74952789699571,22.32142857142935,True,True,True,True,False,tp4,12314.75,12315.0,99.75,0.0,99.75,4.468799999999844,103.0,8.75,4.614399999999839,0.3919999999999863,15,14.0,4,2023-02-17,2.1728,0.375,0.7652733118971061,partial_bullish,1.7045848250375333,0.5630901287553648,bearish,bearish,True,True,True,True
127,134114,134115,134127,2023-02-17 15:00:00+00:00,2023-02-17 15:01:00+00:00,2023-02-17 15:13:00+00:00,short,12337.0,12337.0,12336.75,12366.214285714286,12311.75,12286.75,12261.75,12236.75,74.0,near_trigger,-37.88348119219669,29.464285714286234,False,False,False,False,True,stop,12366.214285714286,12366.464285714286,-29.714285714286234,0.0,-29.714285714286234,-1.0084848484848483,8.0,33.5,0.2715151515151467,1.136969696969677,13,12.0,0,2023-02-17,2.036363636363636,3.2615803814713895,1.689806128830519,partial_bearish,0.9541736694677871,0.6480727521783798,bearish,bearish,True,False,True,False
128,135466,135467,135482,2023-02-20 14:32:00+00:00,2023-02-20 14:33:00+00:00,2023-02-20 14:48:00+00:00,short,12386.5,12386.75,12386.5,12392.357142857143,12361.5,12336.5,12311.5,12286.5,70.8946184268786,near_trigger,-70.8946184268786,5.857142857143117,False,False,False,False,True,stop,12392.357142857143,12392.607142857143,-6.107142857143117,0.0,-6.107142857143117,-1.0426829268292663,3.5,6.0,0.5975609756097295,1.0243902439023935,16,15.0,0,2023-02-20,2.8170731707317076,0.224,1.0059880239520957,strong_bearish,4.62848751835536,0.11827303359824691,bearish,bearish,False,True,True,False
129,135484,135485,135544,2023-02-20 14:50:00+00:00,2023-02-20 14:51:00+00:00,2023-02-20 15:50:00+00:00,short,12387.5,12387.25,12387.0,12394.25,12362.0,12337.0,12312.0,12287.0,71.14190003250522,near_trigger,-68.14190003250522,7.25,False,False,False,False,False,max_holding_time,12375.75,12376.0,11.0,0.0,11.0,1.5172413793103448,16.0,6.0,2.206896551724138,0.8275862068965517,60,59.0,0,2023-02-20,0.13793103448275862,0.8905852417302799,1.8409785932721712,partial_bearish,3.1095176010430245,0.1859957302866947,bearish,bearish,True,False,False,False
130,136622,136623,136682,2023-02-21 14:48:00+00:00,2023-02-21 14:49:00+00:00,2023-02-21 15:48:00+00:00,short,12252.5,12253.0,12252.75,12285.25,12227.75,12202.75,12177.75,12152.75,72.33403423289225,near_trigger,-60.33403423289225,32.5,True,True,False,False,False,max_holding_time,12189.75,12190.0,62.75,0.0,62.75,1.9307692307692308,71.75,16.25,2.207692307692308,0.5,60,59.0,2,2023-02-21,1.7230769230769232,2.6162402669632927,1.4220472440944882,partial_bullish,1.5599013767439012,1.1521581757307031,bearish,bearish,False,True,True,False
131,139409,139410,139425,2023-02-23 15:15:00+00:00,2023-02-23 15:16:00+00:00,2023-02-23 15:31:00+00:00,long,12192.0,12191.75,12192.0,12165.07142857143,12217.0,12242.0,12267.0,12292.0,78.99406713866622,near_trigger,46.994067138666225,26.92857142857065,False,False,False,False,True,stop,12165.07142857143,12164.82142857143,-27.17857142857065,0.0,-27.17857142857065,-1.0092838196286475,8.0,41.0,0.29708222811671947,1.5225464190981872,16,15.0,0,2023-02-23,1.336870026525199,1.896305897602074,1.0329171396140748,partial_bearish,0.9232679700811506,0.9525795926880503,bullish,bullish,True,False,True,False
132,140778,140779,140838,2023-02-24 15:04:00+00:00,2023-02-24 15:05:00+00:00,2023-02-24 16:04:00+00:00,short,11980.25,11980.25,11980.0,12011.857142857143,11955.0,11930.0,11905.0,11880.0,71.10120422627341,near_trigger,-48.10120422627341,31.857142857143117,True,True,False,False,False,max_holding_time,11926.25,11926.5,53.5,0.0,53.5,1.6793721973094033,57.25,8.5,1.7970852017937073,0.2668161434977557,60,59.0,2,2023-02-24,0.3452914798206278,1.6686046511627906,0.09801633605600933,partial_bearish,0.8335207057547582,0.9202418153675419,bearish,bearish,True,False,True,False
133,142126,142127,142133,2023-02-27 14:32:00+00:00,2023-02-27 14:33:00+00:00,2023-02-27 14:39:00+00:00,long,12128.0,12127.75,12128.0,12110.535714285714,12153.0,12178.0,12203.0,12228.0,71.85431311217214,near_trigger,58.854313112172136,17.464285714286234,False,False,False,False,True,stop,12110.535714285714,12110.285714285714,-17.714285714286234,0.0,-17.714285714286234,-1.0143149284253574,13.0,18.5,0.7443762781185873,1.0593047034764511,7,6.0,0,2023-02-27,0.11451942740286297,0.44717444717444715,3.401500938086304,partial_bearish,4.192991366175724,0.6776489128561227,bullish,bullish,True,True,False,False
134,142148,142149,142192,2023-02-27 14:54:00+00:00,2023-02-27 14:55:00+00:00,2023-02-27 15:38:00+00:00,long,12120.25,12120.25,12120.5,12094.392857142857,12145.5,12170.5,12195.5,12220.5,72.0,near_trigger,48.43969472410727,26.107142857143117,True,True,False,False,True,stop,12094.392857142857,12094.142857142857,-26.357142857143117,0.0,-26.357142857143117,-1.0095759233926127,69.0,27.25,2.642954856361123,1.0437756497947912,44,43.0,2,2023-02-27,0.7852257181942545,1.3290183387270766,1.9580419580419581,partial_bullish,1.0636762142844567,0.7277413759876662,bullish,bullish,True,True,True,True
135,143510,143511,143570,2023-02-28 14:36:00+00:00,2023-02-28 14:37:00+00:00,2023-02-28 15:36:00+00:00,long,12063.5,12063.75,12064.0,12045.642857142857,12089.0,12114.0,12139.0,12164.0,71.87125562619971,near_trigger,47.87125562619971,18.357142857143117,True,True,False,False,False,max_holding_time,12074.5,12074.25,10.25,0.0,10.25,0.558365758754856,60.25,8.25,3.282101167315129,0.449416342412445,60,59.0,2,2023-02-28,0.19066147859922178,2.7573062261753494,3.0114942528735633,strong_bearish,1.7568804540184293,0.628952801232127,bullish,bullish,True,True,False,False
136,150456,150457,150494,2023-03-07 15:22:00+00:00,2023-03-07 15:23:00+00:00,2023-03-07 16:00:00+00:00,long,12245.25,12245.0,12245.25,12209.17857142857,12270.25,12295.25,12320.25,12345.25,78.0,near_trigger,22.0,36.07142857142935,True,True,False,False,True,stop,12209.17857142857,12208.92857142857,-36.32142857142935,0.0,-36.32142857142935,-1.0069306930693067,73.75,36.5,2.0445544554455,1.01188118811879,38,37.0,2,2023-03-07,1.9683168316831685,5.228710462287104,4.753196930946292,partial_bearish,1.7596760127108872,3.2616733867221614,neutral,bullish,True,True,False,False
137,151789,151790,151799,2023-03-08 14:35:00+00:00,2023-03-08 14:36:00+00:00,2023-03-08 14:45:00+00:00,long,12178.0,12177.25,12177.5,12156.392857142857,12202.5,12227.5,12252.5,12277.5,78.0,near_trigger,72.61209733799208,21.107142857143117,False,False,False,False,True,stop,12156.392857142857,12156.142857142857,-21.357142857143117,0.0,-21.357142857143117,-1.0118443316412857,12.0,22.5,0.5685279187817189,1.065989847715723,10,9.0,0,2023-03-08,2.771573604060914,0.3181818181818182,0.7012302284710017,partial_bullish,2.4581305788578085,0.9221430811270885,bullish,bullish,True,True,True,False
138,151831,151832,151891,2023-03-08 15:17:00+00:00,2023-03-08 15:18:00+00:00,2023-03-08 16:17:00+00:00,long,12163.75,12164.75,12165.0,12127.714285714286,12190.0,12215.0,12240.0,12265.0,70.93637395765501,near_trigger,55.93637395765501,37.285714285713766,True,True,False,False,False,max_holding_time,12220.0,12219.75,54.75,0.0,54.75,1.4683908045977216,68.5,31.0,1.8371647509578801,0.8314176245210844,60,59.0,2,2023-03-08,1.0996168582375478,0.3011797362942401,0.27615062761506276,partial_bearish,0.43577816796558133,0.6237415675842506,bullish,bullish,True,True,True,True
139,153169,153170,153229,2023-03-09 14:35:00+00:00,2023-03-09 14:36:00+00:00,2023-03-09 15:35:00+00:00,long,12281.75,12281.5,12281.75,12259.785714285714,12306.75,12331.75,12356.75,12381.75,71.15896148378981,near_trigger,45.15896148378981,21.964285714286234,True,True,False,False,False,max_holding_time,12337.25,12337.0,55.25,0.0,55.25,2.5154471544714854,72.0,20.75,3.2780487804877274,0.9447154471544492,60,59.0,2,2023-03-09,3.004878048780488,0.7427652733118971,4.015420200462606,strong_bullish,2.3620827382537337,1.0905717734364522,bullish,bullish,True,True,False,False
140,158300,158301,158360,2023-03-15 14:06:00+00:00,2023-03-15 14:07:00+00:00,2023-03-15 15:06:00+00:00,short,12241.75,12241.25,12241.0,12287.57142857143,12216.0,12191.0,12166.0,12141.0,72.0,near_trigger,-60.76481922984848,46.57142857142935,True,True,True,False,False,max_holding_time,12235.0,12235.25,5.75,0.0,5.75,0.12346625766870958,89.5,27.75,1.9217791411042624,0.5958588957055115,60,59.0,3,2023-03-15,2.0291411042944785,0.3522012578616352,1.4196925089957475,strong_bullish,0.8392533502665661,0.7383011160636354,bearish,bearish,True,False,True,False
141,159660,159661,159667,2023-03-16 13:46:00+00:00,2023-03-16 13:47:00+00:00,2023-03-16 13:53:00+00:00,short,12342.25,12342.5,12342.25,12379.67857142857,12317.25,12292.25,12267.25,12242.25,73.96835664109987,near_trigger,-39.968356641099874,37.42857142857065,False,False,False,False,True,stop,12379.67857142857,12379.92857142857,-37.67857142857065,0.0,-37.67857142857065,-1.0066793893129773,7.5,45.25,0.20038167938931714,1.20896946564888,7,6.0,0,2023-03-16,1.482824427480916,0.5539246968730057,1.2598509052183173,partial_bearish,1.5090928590032326,1.2247587784740874,bearish,bearish,True,True,False,False
142,166544,166545,166549,2023-03-23 13:30:00+00:00,2023-03-23 13:31:00+00:00,2023-03-23 13:35:00+00:00,long,12875.5,12875.5,12875.75,12861.392857142857,12900.75,12925.75,12950.75,12975.75,81.97771592372564,high_probability,45.97771592372564,14.357142857143117,False,False,False,False,True,stop,12861.392857142857,12861.142857142857,-14.607142857143117,0.0,-14.607142857143117,-1.0174129353233827,12.75,16.0,0.8880597014925212,1.1144278606964972,5,4.0,0,2023-03-23,5.850746268656716,3.1601941747572817,1.8465227817745802,strong_bullish,12.309295539808252,1.4721449046570563,bullish,bullish,False,True,True,False
143,166584,166585,166644,2023-03-23 14:10:00+00:00,2023-03-23 14:11:00+00:00,2023-03-23 15:10:00+00:00,long,12932.0,12932.5,12932.75,12903.392857142857,12957.75,12982.75,13007.75,13032.75,80.0,high_probability,66.0,29.357142857143117,True,True,True,False,False,max_holding_time,13013.5,13013.25,80.5,0.0,80.5,2.7420924574209002,98.75,19.75,3.36374695863744,0.6727493917274879,60,59.0,3,2023-03-23,2.0097323600973236,1.4637268847795164,2.339779005524862,strong_bullish,2.190642095290486,2.0470641992232124,bullish,bullish,False,True,True,False
144,167926,167927,167950,2023-03-24 13:32:00+00:00,2023-03-24 13:33:00+00:00,2023-03-24 13:56:00+00:00,short,12801.25,12801.25,12801.0,12826.464285714286,12776.0,12751.0,12726.0,12701.0,73.52342047688029,near_trigger,-56.52342047688029,25.464285714286234,True,True,False,False,True,stop,12826.464285714286,12826.714285714286,-25.714285714286234,0.0,-25.714285714286234,-1.0098176718092564,65.0,28.25,2.55259467040668,1.10939691444598,24,23.0,2,2023-03-24,0.4908835904628331,1.3444933920704847,1.376,partial_bullish,4.73099975174664,1.3044158485547777,bearish,bearish,True,True,False,False
145,167975,167976,167980,2023-03-24 14:21:00+00:00,2023-03-24 14:22:00+00:00,2023-03-24 14:26:00+00:00,short,12763.5,12763.5,12763.25,12803.57142857143,12738.25,12713.25,12688.25,12663.25,71.8106196161931,near_trigger,-64.8106196161931,40.32142857142935,False,False,False,False,True,stop,12803.57142857143,12803.82142857143,-40.57142857142935,0.0,-40.57142857142935,-1.0062001771479183,6.75,50.5,0.16740478299379657,1.2524357838795153,5,4.0,0,2023-03-24,1.2028343666961914,0.36536868268434136,0.07621440536013399,partial_bearish,0.9820347194186516,1.2437882492050556,bearish,bearish,True,False,True,False
146,167981,167982,168041,2023-03-24 14:27:00+00:00,2023-03-24 14:28:00+00:00,2023-03-24 15:27:00+00:00,short,12807.75,12808.0,12807.75,12847.75,12782.75,12757.75,12732.75,12707.75,72.0,near_trigger,-36.986337050143554,40.0,True,True,True,False,False,max_holding_time,12747.75,12748.0,59.75,0.0,59.75,1.49375,81.75,32.25,2.04375,0.80625,60,59.0,3,2023-03-24,1.85,0.9807846277021618,0.07621440536013399,partial_bullish,0.7817292337329852,1.0295786873205581,bearish,bearish,True,False,True,False
147,169304,169305,169316,2023-03-27 13:30:00+00:00,2023-03-27 13:31:00+00:00,2023-03-27 13:42:00+00:00,short,12915.25,12915.0,12914.75,12926.964285714286,12889.75,12864.75,12839.75,12814.75,70.72163648702495,near_trigger,-65.72163648702495,12.214285714286234,True,False,False,False,True,stop,12926.964285714286,12927.214285714286,-12.464285714286234,0.0,-12.464285714286234,-1.020467836257309,33.0,18.25,2.7017543859647972,1.494152046783562,12,11.0,1,2023-03-27,0.7777777777777778,0.5823627287853577,1.3125,strong_bearish,9.394586894586894,0.8479520415297209,bearish,neutral,True,True,True,True
148,169317,169318,169377,2023-03-27 13:43:00+00:00,2023-03-27 13:44:00+00:00,2023-03-27 14:43:00+00:00,short,12933.0,12933.0,12932.75,12967.464285714286,12907.75,12882.75,12857.75,12832.75,72.0,near_trigger,-36.951511700390625,34.714285714286234,True,True,False,False,False,max_holding_time,12881.5,12881.75,51.0,0.0,51.0,1.469135802469114,66.25,32.5,1.908436213991741,0.9362139917695333,60,59.0,2,2023-03-27,1.8868312757201646,2.796630565583634,1.3125,partial_bearish,0.9416756488562679,0.8013511152524606,bearish,bearish,True,False,True,False
149,172069,172070,172080,2023-03-29 13:35:00+00:00,2023-03-29 13:36:00+00:00,2023-03-29 13:46:00+00:00,long,12912.0,12912.25,12912.5,12896.535714285714,12937.5,12962.5,12987.5,13012.5,70.61249696603247,near_trigger,42.61249696603247,15.964285714286234,False,False,False,False,True,stop,12896.535714285714,12896.285714285714,-16.214285714286234,0.0,-16.214285714286234,-1.0156599552572703,7.0,17.25,0.43847874720356517,1.0805369127516427,11,10.0,0,2023-03-29,2.4742729306487696,3.7319277108433733,2.9013732833957553,strong_bullish,2.1287450868105267,0.8919865187657473,bullish,bullish,False,True,True,False
150,172082,172083,172091,2023-03-29 13:48:00+00:00,2023-03-29 13:49:00+00:00,2023-03-29 13:57:00+00:00,long,12921.5,12921.75,12922.0,12899.07142857143,12947.0,12972.0,12997.0,13022.0,81.96199376947041,high_probability,77.96199376947041,22.92857142857065,False,False,False,False,True,stop,12899.07142857143,12898.82142857143,-23.17857142857065,0.0,-23.17857142857065,-1.0109034267912775,2.5,23.0,0.10903426791277629,1.0031152647975419,9,8.0,0,2023-03-29,0.6760124610591901,2.138114209827357,4.335183129855715,strong_bullish,2.073665575208761,1.6659953680394723,bullish,bullish,True,True,True,True
151,173451,173452,173511,2023-03-30 13:37:00+00:00,2023-03-30 13:38:00+00:00,2023-03-30 14:37:00+00:00,long,13046.0,13046.0,13046.25,13024.535714285714,13071.25,13096.25,13121.25,13146.25,70.51774749324021,near_trigger,57.51774749324021,21.714285714286234,True,True,False,False,False,max_holding_time,13081.75,13081.5,35.25,0.0,35.25,1.6233552631578558,62.75,18.0,2.889802631578878,0.8289473684210328,60,59.0,2,2023-03-30,2.3486842105263155,1.2685082872928177,1.1666666666666667,partial_bullish,2.311305017323239,1.169807889643706,bullish,bullish,True,True,False,False
152,174824,174825,174884,2023-03-31 13:30:00+00:00,2023-03-31 13:31:00+00:00,2023-03-31 14:30:00+00:00,long,13093.25,13094.0,13094.25,13083.5,13119.25,13144.25,13169.25,13194.25,71.03482608324005,near_trigger,71.03482608324005,10.75,True,True,False,False,False,max_holding_time,13154.5,13154.25,60.0,0.0,60.0,5.5813953488372094,68.25,1.0,6.348837209302325,0.09302325581395349,60,59.0,2,2023-03-31,2.6511627906976742,0.36619718309859156,1.019211324570273,partial_bearish,11.776309667814273,1.0033137258010814,bullish,bullish,True,False,False,False
153,177589,177590,177591,2023-04-04 13:35:00+00:00,2023-04-04 13:36:00+00:00,2023-04-04 13:37:00+00:00,short,13271.5,13271.5,13271.25,13286.07142857143,13246.25,13221.25,13196.25,13171.25,70.42305746630079,near_trigger,-23.42305746630079,14.821428571429351,False,False,False,False,True,stop,13286.07142857143,13286.32142857143,-15.071428571429351,0.0,-15.071428571429351,-1.0168674698795173,3.0,15.25,0.2024096385542062,1.0289156626505482,2,1.0,0,2023-04-04,1.4843373493975904,1.5525291828793775,2.904564315352697,strong_bearish,2.0872820872820874,0.6017133991410518,neutral,bearish,True,True,False,False
154,177593,177594,177612,2023-04-04 13:39:00+00:00,2023-04-04 13:40:00+00:00,2023-04-04 13:58:00+00:00,short,13266.75,13267.5,13267.25,13286.214285714286,13242.25,13217.25,13192.25,13167.25,73.7717255088965,near_trigger,-44.771725508896495,18.964285714286234,True,False,False,False,True,stop,13286.214285714286,13286.464285714286,-19.214285714286234,0.0,-19.214285714286234,-1.013182674199623,37.25,23.25,1.9642184557438256,1.2259887005649381,19,18.0,1,2023-04-04,1.1337099811676081,1.5525291828793775,2.904564315352697,strong_bearish,1.6590984605161148,0.8671992590019683,neutral,bearish,True,True,True,False
155,177631,177632,177685,2023-04-04 14:17:00+00:00,2023-04-04 14:18:00+00:00,2023-04-04 15:17:00+00:00,short,13294.5,13294.5,13294.25,13320.142857142857,13269.25,13244.25,13219.25,13194.25,71.530223352362,near_trigger,-45.530223352362,25.892857142856883,True,True,False,False,False,max_holding_time,13221.0,13221.25,73.0,0.0,73.0,2.8193103448276147,74.0,9.25,2.8579310344827875,0.35724137931034844,54,59.0,2,2023-04-04,2.0855172413793106,2.707718993928881,0.5649717514124294,partial_bullish,1.110732828325815,1.1120895352800817,neutral,bearish,True,True,True,True
156,178988,178989,179032,2023-04-05 14:00:00+00:00,2023-04-05 14:01:00+00:00,2023-04-05 14:44:00+00:00,short,13154.0,13154.0,13153.75,13180.535714285714,13128.75,13103.75,13078.75,13053.75,76.0,near_trigger,-69.08130059294723,26.785714285713766,True,True,True,True,False,tp4,13053.75,13054.0,99.75,0.0,99.75,3.724000000000072,106.5,11.0,3.9760000000000773,0.4106666666666746,44,43.0,4,2023-04-05,1.8106666666666666,1.5233949945593037,3.344028520499109,partial_bearish,2.7671861138543425,1.3983742588159664,bearish,bearish,True,False,False,True
157,184055,184056,184072,2023-04-11 14:12:00+00:00,2023-04-11 14:13:00+00:00,2023-04-11 14:29:00+00:00,short,13085.0,13085.25,13085.0,13106.357142857143,13060.0,13035.0,13010.0,12985.0,84.49565217391304,high_probability,-84.49565217391304,21.357142857143117,False,False,False,False,True,stop,13106.357142857143,13106.607142857143,-21.607142857143117,0.0,-21.607142857143117,-1.011705685618729,17.0,22.25,0.795986622073569,1.041806020066877,17,16.0,0,2023-04-11,1.8494983277591972,0.36942675159235666,2.0334600760456274,strong_bearish,2.1108049035446164,1.8161599973835258,bearish,bearish,True,True,True,False
158,185418,185419,185460,2023-04-12 13:55:00+00:00,2023-04-12 13:56:00+00:00,2023-04-12 14:37:00+00:00,long,13074.0,13074.0,13074.25,13041.92857142857,13099.25,13124.25,13149.25,13174.25,73.49484562885928,near_trigger,61.49484562885928,32.32142857142935,True,True,False,False,True,stop,13041.92857142857,13041.67857142857,-32.57142857142935,0.0,-32.57142857142935,-1.0077348066298342,54.75,34.25,1.6939226519336608,1.0596685082872672,42,41.0,2,2023-04-12,0.3712707182320442,3.13022113022113,1.0946773433820067,partial_bullish,0.9403560968806657,1.808784605479648,bullish,bullish,True,True,False,False
159,186774,186775,186834,2023-04-13 13:31:00+00:00,2023-04-13 13:32:00+00:00,2023-04-13 14:31:00+00:00,long,13045.0,13045.25,13045.5,13030.214285714286,13070.5,13095.5,13120.5,13145.5,85.4774193548387,high_probability,61.4774193548387,15.285714285713766,True,True,True,False,False,max_holding_time,13117.0,13116.75,71.25,0.0,71.25,4.661214953271187,93.25,4.5,6.100467289719834,0.294392523364496,60,59.0,3,2023-04-13,4.873831775700935,0.14405986903648269,2.754471544715447,partial_bullish,7.453986232485475,1.5102626242643058,bullish,bullish,True,True,True,True
160,188183,188184,188191,2023-04-14 14:00:00+00:00,2023-04-14 14:01:00+00:00,2023-04-14 14:08:00+00:00,long,13221.0,13220.75,13221.0,13198.357142857143,13246.0,13271.0,13296.0,13321.0,74.0,near_trigger,29.20484851098263,22.642857142856883,True,False,False,False,True,stop,13198.357142857143,13198.107142857143,-22.892857142856883,0.0,-22.892857142856883,-1.0110410094637226,34.0,34.25,1.5015772870662634,1.512618296529986,8,7.0,1,2023-04-14,1.2145110410094637,4.055172413793104,3.872514619883041,partial_bullish,1.9535219399538106,1.2697727656540259,bullish,bullish,False,True,True,False
161,192315,192316,192326,2023-04-19 13:52:00+00:00,2023-04-19 13:53:00+00:00,2023-04-19 14:03:00+00:00,short,13099.5,13099.25,13099.0,13123.32142857143,13074.0,13049.0,13024.0,12999.0,72.21911627286076,near_trigger,-46.21911627286076,24.32142857142935,False,False,False,False,True,stop,13123.32142857143,13123.57142857143,-24.57142857142935,0.0,-24.57142857142935,-1.0102790014684284,10.5,26.0,0.43171806167399496,1.069016152716559,11,10.0,0,2023-04-19,1.8091042584434653,2.2761290322580647,1.1774358974358976,partial_bullish,1.2333912951139547,1.657302869780798,bearish,neutral,True,False,True,False
162,192346,192347,192351,2023-04-19 14:23:00+00:00,2023-04-19 14:24:00+00:00,2023-04-19 14:28:00+00:00,short,13098.25,13098.5,13098.25,13115.92857142857,13073.25,13048.25,13023.25,12998.25,76.77778829427791,near_trigger,-76.77778829427791,17.67857142857065,False,False,False,False,True,stop,13115.92857142857,13116.17857142857,-17.92857142857065,0.0,-17.92857142857065,-1.0141414141414147,7.0,18.25,0.39595959595961344,1.0323232323232778,5,4.0,0,2023-04-19,1.5555555555555556,0.8503521126760564,1.6547619047619047,partial_bullish,1.0104989717501893,0.9712252668372761,bearish,bearish,True,True,True,False
163,192352,192353,192362,2023-04-19 14:29:00+00:00,2023-04-19 14:30:00+00:00,2023-04-19 14:39:00+00:00,short,13118.0,13117.75,13117.5,13133.57142857143,13092.5,13067.5,13042.5,13017.5,72.0,near_trigger,-56.86565473699666,16.07142857142935,False,False,False,False,True,stop,13133.57142857143,13133.82142857143,-16.32142857142935,0.0,-16.32142857142935,-1.0155555555555549,6.25,18.5,0.38888888888887,1.1511111111110552,10,9.0,0,2023-04-19,2.862222222222222,0.0,1.6547619047619047,partial_bullish,0.674894201581991,0.5590426898652865,bearish,bearish,True,False,True,False
164,195053,195054,195054,2023-04-21 13:30:00+00:00,2023-04-21 13:31:00+00:00,2023-04-21 13:31:00+00:00,short,13047.0,13047.0,13046.75,13059.17857142857,13021.75,12996.75,12971.75,12946.75,85.65122212279132,high_probability,-61.651222122791324,12.428571428570649,False,False,False,False,True,stop,13059.17857142857,13059.42857142857,-12.678571428570649,0.0,-12.678571428570649,-1.0201149425287368,3.75,21.5,0.3017241379310534,1.7298850574713729,1,0.0,0,2023-04-21,4.022988505747127,0.22459893048128343,0.7375231053604435,partial_bullish,8.047243049565392,1.0640276534891473,bearish,bearish,True,True,True,True
165,195055,195056,195115,2023-04-21 13:32:00+00:00,2023-04-21 13:33:00+00:00,2023-04-21 14:32:00+00:00,short,13068.25,13067.75,13067.5,13083.82142857143,13042.5,13017.5,12992.5,12967.5,73.0,near_trigger,-73.0,16.32142857142935,True,True,True,False,False,max_holding_time,13057.75,13058.0,9.5,0.0,9.5,0.5820568927789657,84.75,14.5,5.1925601750544566,0.8884026258205265,60,59.0,3,2023-04-21,0.24507658643326036,0.22459893048128343,0.7375231053604435,strong_bullish,3.0222008109518645,0.7678498572011424,bearish,bearish,True,True,True,True
166,196468,196469,196485,2023-04-24 14:05:00+00:00,2023-04-24 14:06:00+00:00,2023-04-24 14:22:00+00:00,short,13075.25,13075.0,13074.75,13095.714285714286,13049.75,13024.75,12999.75,12974.75,73.70692444367134,near_trigger,-27.70692444367134,20.964285714286234,False,False,False,False,True,stop,13095.714285714286,13095.964285714286,-21.214285714286234,0.0,-21.214285714286234,-1.0119250425894375,7.0,21.0,0.33390119250425065,1.001703577512752,17,16.0,0,2023-04-24,1.9318568994889267,1.1810699588477367,0.44171779141104295,partial_bearish,1.5406696948717515,1.1336555545891678,neutral,bearish,True,True,True,False
167,199195,199196,199211,2023-04-26 13:32:00+00:00,2023-04-26 13:33:00+00:00,2023-04-26 13:48:00+00:00,short,12919.75,12920.25,12920.0,12942.75,12895.0,12870.0,12845.0,12820.0,72.15891736410414,near_trigger,-68.15891736410414,22.75,False,False,False,False,True,stop,12942.75,12943.0,-23.0,0.0,-23.0,-1.010989010989011,21.0,23.0,0.9230769230769231,1.010989010989011,16,15.0,0,2023-04-26,1.4065934065934067,0.4412121212121212,1.054732775273664,partial_bullish,4.60033373687138,1.4911127136978746,bearish,bearish,True,True,False,False
168,199239,199240,199284,2023-04-26 14:16:00+00:00,2023-04-26 14:17:00+00:00,2023-04-26 15:01:00+00:00,short,12927.5,12927.5,12927.25,12954.42857142857,12902.25,12877.25,12852.25,12827.25,80.5387509509648,high_probability,-68.5387509509648,27.17857142857065,True,False,False,False,True,stop,12954.42857142857,12954.67857142857,-27.42857142857065,0.0,-27.42857142857065,-1.0091984231274642,31.0,29.0,1.1406044678055518,1.0670170827858387,45,44.0,1,2023-04-26,2.5755584756898817,0.3463541666666667,0.18022657054582902,partial_bearish,1.227890386893275,1.8873637051735777,bearish,bearish,True,True,True,True
169,200586,200587,200646,2023-04-27 13:43:00+00:00,2023-04-27 13:44:00+00:00,2023-04-27 14:43:00+00:00,long,13024.5,13024.5,13024.75,12995.392857142857,13049.75,13074.75,13099.75,13124.75,70.48351466740118,near_trigger,69.48351466740118,29.357142857143117,True,True,True,False,False,max_holding_time,13107.5,13107.25,82.5,0.0,82.5,2.810218978102165,90.0,8.75,3.065693430656907,0.29805352798053264,60,59.0,3,2023-04-27,1.635036496350365,0.9309462915601022,0.5875706214689266,partial_bullish,1.536688436419516,1.7767906718489728,bullish,bullish,True,True,False,False
170,201956,201957,201965,2023-04-28 13:33:00+00:00,2023-04-28 13:34:00+00:00,2023-04-28 13:42:00+00:00,long,13203.75,13203.25,13203.5,13180.535714285714,13228.5,13253.5,13278.5,13303.5,78.0,near_trigger,34.18665123359712,22.964285714286234,False,False,False,False,True,stop,13180.535714285714,13180.285714285714,-23.214285714286234,0.0,-23.214285714286234,-1.0108864696734057,11.5,31.0,0.5007776049766605,1.3499222395023023,9,8.0,0,2023-04-28,1.1104199066874028,0.24861265260821308,1.781021897810219,partial_bullish,3.323869263783427,1.2666859580035983,bullish,bullish,True,True,True,False
171,202007,202008,202015,2023-04-28 14:24:00+00:00,2023-04-28 14:25:00+00:00,2023-04-28 14:32:00+00:00,long,13285.25,13285.0,13285.25,13266.857142857143,13310.25,13335.25,13360.25,13385.25,70.59456310679612,near_trigger,70.59456310679612,18.392857142856883,False,False,False,False,True,stop,13266.857142857143,13266.607142857143,-18.642857142856883,0.0,-18.642857142856883,-1.013592233009709,8.0,19.25,0.43495145631068577,1.0466019417475876,8,7.0,0,2023-04-28,1.4135922330097088,2.6462745098039218,1.9949999999999999,strong_bullish,1.1295244611700308,1.814863676341249,bullish,bullish,False,False,True,False
172,203385,203386,203439,2023-05-01 14:22:00+00:00,2023-05-01 14:23:00+00:00,2023-05-01 15:16:00+00:00,long,13291.25,13291.25,13291.5,13269.214285714286,13316.5,13341.5,13366.5,13391.5,83.37435897435897,high_probability,70.37435897435897,22.285714285713766,True,False,False,False,True,stop,13269.214285714286,13268.964285714286,-22.535714285713766,0.0,-22.535714285713766,-1.011217948717949,41.0,28.5,1.8397435897436327,1.2788461538461837,54,53.0,1,2023-05-01,2.266025641025641,1.2453987730061349,0.3729189789123196,strong_bearish,2.02359231894792,2.0629074435564068,bullish,bullish,True,True,True,False
173,208855,208856,208915,2023-05-05 13:32:00+00:00,2023-05-05 13:33:00+00:00,2023-05-05 14:32:00+00:00,long,13152.75,13152.5,13152.75,13137.142857142857,13177.75,13202.75,13227.75,13252.75,71.28896273641308,near_trigger,53.28896273641308,15.607142857143117,True,True,True,False,False,max_holding_time,13247.75,13247.5,94.75,0.0,94.75,6.070938215102874,96.0,6.25,6.1510297482836505,0.4004576659038835,60,59.0,3,2023-05-05,2.274599542334096,1.4553014553014554,0.5974781765276431,strong_bullish,4.974480569063216,1.3697326487252126,bullish,bullish,True,True,False,False
174,213021,213022,213065,2023-05-10 13:58:00+00:00,2023-05-10 13:59:00+00:00,2023-05-10 14:42:00+00:00,long,13375.0,13374.75,13375.0,13354.17857142857,13400.0,13425.0,13450.0,13475.0,83.96466552315609,high_probability,71.96466552315609,20.82142857142935,True,True,False,False,True,stop,13354.17857142857,13353.92857142857,-21.07142857142935,0.0,-21.07142857142935,-1.0120068610634645,59.0,26.0,2.8336192109775955,1.2487135506002962,44,43.0,2,2023-05-10,2.9296740994854202,0.7665982203969883,3.2641165755919856,partial_bullish,1.0999509764801114,1.688809536312556,bullish,bullish,True,False,True,False
175,214375,214376,214388,2023-05-11 13:32:00+00:00,2023-05-11 13:33:00+00:00,2023-05-11 13:45:00+00:00,short,13395.25,13395.0,13394.75,13410.285714285714,13369.75,13344.75,13319.75,13294.75,84.84615384615384,high_probability,-46.84615384615384,15.535714285713766,False,False,False,False,True,stop,13410.285714285714,13410.535714285714,-15.785714285713766,0.0,-15.785714285713766,-1.0160919540229891,16.75,17.0,1.078160919540266,1.094252873563255,13,12.0,0,2023-05-11,3.829885057471264,0.2716688227684347,0.461961503208066,partial_bearish,5.866509727895867,1.9205313024162474,bearish,bearish,True,True,True,False
176,215784,215785,215844,2023-05-12 14:01:00+00:00,2023-05-12 14:02:00+00:00,2023-05-12 15:01:00+00:00,short,13425.5,13425.0,13424.75,13448.107142857143,13399.75,13374.75,13349.75,13324.75,80.0,high_probability,-44.0,23.357142857143117,True,False,False,False,False,max_holding_time,13400.25,13400.5,24.25,0.0,24.25,1.038226299694178,42.25,12.0,1.8088685015290318,0.5137614678899025,60,59.0,1,2023-05-12,2.7186544342507646,2.8034825870646767,2.3273195876288657,strong_bearish,2.7828002867784636,2.088396630009711,bearish,bearish,False,True,True,False
177,219929,219930,219989,2023-05-17 14:06:00+00:00,2023-05-17 14:07:00+00:00,2023-05-17 15:06:00+00:00,long,13497.75,13498.0,13498.25,13483.392857142857,13523.25,13548.25,13573.25,13598.25,72.10583433686696,near_trigger,55.10583433686696,14.857142857143117,True,False,False,False,False,max_holding_time,13528.25,13528.0,29.75,0.0,29.75,2.002403846153811,44.5,12.0,2.995192307692255,0.8076923076922936,60,59.0,1,2023-05-17,2.0528846153846154,2.88659793814433,1.6592592592592592,partial_bearish,1.2792798405183154,1.2669083056990822,neutral,bullish,True,True,True,False
178,224054,224055,224114,2023-05-22 13:51:00+00:00,2023-05-22 13:52:00+00:00,2023-05-22 14:51:00+00:00,short,13940.0,13940.0,13939.75,13963.0,13914.75,13889.75,13864.75,13839.75,70.0,near_trigger,-60.4676859639678,23.25,True,True,True,False,False,max_holding_time,13889.5,13889.75,50.0,0.0,50.0,2.150537634408602,77.75,7.0,3.3440860215053765,0.3010752688172043,60,59.0,3,2023-05-22,3.3763440860215055,5.093935790725327,2.8000000000000003,strong_bullish,0.9349191500734999,1.0250699643950827,bearish,bearish,True,False,False,False
179,225415,225416,225443,2023-05-23 13:32:00+00:00,2023-05-23 13:33:00+00:00,2023-05-23 14:00:00+00:00,short,13862.25,13862.0,13861.75,13877.535714285714,13836.75,13811.75,13786.75,13761.75,74.0,near_trigger,-18.611142270788335,15.785714285713766,False,False,False,False,True,stop,13877.535714285714,13877.785714285714,-16.035714285713766,0.0,-16.035714285713766,-1.0158371040723988,22.25,18.25,1.4095022624434854,1.156108597285106,28,27.0,0,2023-05-23,4.244343891402715,1.6809210526315788,1.893503727369542,partial_bearish,4.924657534246576,1.2360721615145753,bearish,bearish,False,False,True,False
180,226797,226798,226857,2023-05-24 13:34:00+00:00,2023-05-24 13:35:00+00:00,2023-05-24 14:34:00+00:00,short,13660.25,13660.25,13660.0,13678.892857142857,13635.0,13610.0,13585.0,13560.0,78.0,near_trigger,-32.07107750472589,18.892857142856883,True,True,False,False,False,max_holding_time,13598.25,13598.5,61.5,0.0,61.5,3.2551984877127103,74.0,15.0,3.9168241965974073,0.7939508506616366,60,59.0,2,2023-05-24,1.8525519848771268,0.07553956834532374,2.087443946188341,partial_bullish,3.794890781192151,1.8119144422838962,bearish,bearish,True,True,True,False
181,228192,228193,228252,2023-05-25 13:49:00+00:00,2023-05-25 13:50:00+00:00,2023-05-25 14:49:00+00:00,long,13866.25,13866.5,13866.75,13835.464285714286,13891.75,13916.75,13941.75,13966.75,78.0,near_trigger,70.49223744292237,31.285714285713766,True,True,False,False,False,max_holding_time,13925.75,13925.5,58.75,0.0,58.75,1.8778538812785701,68.25,15.5,2.1815068493151046,0.4954337899543461,60,59.0,2,2023-05-25,2.0136986301369864,3.0285714285714285,1.7439109255393181,strong_bearish,1.616872673804163,2.693302717183314,bullish,bullish,True,True,True,False
182,232082,232083,232089,2023-05-30 13:39:00+00:00,2023-05-30 13:40:00+00:00,2023-05-30 13:46:00+00:00,long,14540.75,14540.75,14541.0,14505.82142857143,14566.0,14591.0,14616.0,14641.0,70.69380710659898,near_trigger,44.69380710659898,35.17857142857065,False,False,False,False,True,stop,14505.82142857143,14505.57142857143,-35.42857142857065,0.0,-35.42857142857065,-1.0071065989847718,18.75,38.0,0.5329949238578798,1.0802030456853031,7,6.0,0,2023-05-30,1.563451776649746,1.0995575221238938,2.217142857142857,partial_bearish,1.7836439262437362,1.597067448680352,bullish,bullish,False,True,True,False
183,232090,232091,232095,2023-05-30 13:47:00+00:00,2023-05-30 13:48:00+00:00,2023-05-30 13:52:00+00:00,long,14511.5,14511.5,14511.75,14473.285714285714,14536.75,14561.75,14586.75,14611.75,77.88189415041782,near_trigger,60.88189415041782,38.464285714286234,False,False,False,False,True,stop,14473.285714285714,14473.035714285714,-38.714285714286234,0.0,-38.714285714286234,-1.0064995357474464,14.5,40.0,0.37697307335189834,1.0399257195914438,5,4.0,0,2023-05-30,0.9749303621169916,0.39112571898110104,0.550098231827112,strong_bearish,1.2543667235356242,2.1339230184506945,bullish,bullish,True,False,True,False
184,232110,232111,232170,2023-05-30 14:07:00+00:00,2023-05-30 14:08:00+00:00,2023-05-30 15:07:00+00:00,short,14448.5,14448.75,14448.5,14483.535714285714,14423.5,14398.5,14373.5,14348.5,81.61776858910855,high_probability,-46.61776858910855,35.035714285713766,True,False,False,False,False,max_holding_time,14474.25,14474.5,-26.0,0.0,-26.0,-0.7420998980632119,39.75,30.25,1.1345565749235642,0.8634046890927753,60,59.0,1,2023-05-30,2.1692150866462794,4.002382370458606,2.567292225201072,partial_bearish,1.130883820932197,2.051076719530665,neutral,bearish,True,True,True,False
185,233475,233476,233509,2023-05-31 13:52:00+00:00,2023-05-31 13:53:00+00:00,2023-05-31 14:26:00+00:00,short,14387.0,14386.75,14386.5,14419.25,14361.5,14336.5,14311.5,14286.5,76.96860724959228,near_trigger,-48.96860724959228,32.75,True,True,True,True,False,tp4,14286.5,14286.75,99.75,0.0,99.75,3.045801526717557,111.25,7.0,3.3969465648854964,0.21374045801526717,34,33.0,4,2023-05-31,1.0229007633587786,3.824596774193548,2.7857142857142856,partial_bullish,1.1502792059235936,1.397781962753714,bearish,bearish,True,False,False,False
186,234845,234846,234863,2023-06-01 13:42:00+00:00,2023-06-01 13:43:00+00:00,2023-06-01 14:00:00+00:00,short,14292.25,14292.0,14291.75,14328.67857142857,14266.75,14241.75,14216.75,14191.75,72.9754384554879,near_trigger,-61.975438455487904,36.92857142857065,False,False,False,False,True,stop,14328.67857142857,14328.92857142857,-37.17857142857065,0.0,-37.17857142857065,-1.0067698259187623,19.75,41.25,0.5348162475822164,1.1170212765957683,18,17.0,0,2023-06-01,1.841392649903288,0.8880597014925373,0.2471315092674316,partial_bullish,1.289403271005842,1.1124315316422844,bearish,bearish,True,True,True,False
187,234881,234882,234904,2023-06-01 14:18:00+00:00,2023-06-01 14:19:00+00:00,2023-06-01 14:41:00+00:00,short,14309.0,14309.5,14309.25,14332.892857142857,14284.25,14259.25,14234.25,14209.25,81.70376526897957,high_probability,-81.70376526897957,23.642857142856883,True,False,False,False,True,stop,14332.892857142857,14333.142857142857,-23.892857142856883,0.0,-23.892857142856883,-1.0105740181268883,36.5,34.75,1.5438066465256968,1.4697885196374785,23,22.0,1,2023-06-01,0.486404833836858,1.1751085383502171,1.0824742268041236,partial_bullish,1.334291070271028,1.1281960122063224,bearish,bearish,True,True,True,True
188,236228,236229,236229,2023-06-02 13:45:00+00:00,2023-06-02 13:46:00+00:00,2023-06-02 13:46:00+00:00,long,14587.5,14588.0,14588.25,14561.357142857143,14613.25,14638.25,14663.25,14688.25,80.0,high_probability,20.0,26.892857142856883,False,False,False,False,True,stop,14561.357142857143,14561.107142857143,-27.142857142856883,0.0,-27.142857142856883,-1.0092961487383798,0.5,37.0,0.01859229747675981,1.3758300132802257,1,0.0,0,2023-06-02,2.3240371845949537,3.250414593698176,2.725228390723823,partial_bullish,1.8015516537362188,1.6205098068023214,bullish,bullish,True,False,True,False
189,236231,236232,236233,2023-06-02 13:48:00+00:00,2023-06-02 13:49:00+00:00,2023-06-02 13:50:00+00:00,long,14554.25,14554.5,14554.75,14523.035714285714,14579.75,14604.75,14629.75,14654.75,72.77110946563002,near_trigger,28.77110946563002,31.714285714286234,False,False,False,False,True,stop,14523.035714285714,14522.785714285714,-31.964285714286234,0.0,-31.964285714286234,-1.0078828828828827,0.75,37.25,0.02364864864864826,1.1745495495495304,2,1.0,0,2023-06-02,4.225225225225225,3.250414593698176,2.725228390723823,partial_bullish,1.4679219325893453,2.067649057858888,bullish,bullish,True,False,True,False
190,236234,236235,236241,2023-06-02 13:51:00+00:00,2023-06-02 13:52:00+00:00,2023-06-02 13:58:00+00:00,long,14524.5,14524.25,14524.5,14489.392857142857,14549.5,14574.5,14599.5,14624.5,70.37985757884029,near_trigger,36.37985757884029,35.10714285714312,False,False,False,False,True,stop,14489.392857142857,14489.142857142857,-35.35714285714312,0.0,-35.35714285714312,-1.007121057985758,23.5,44.25,0.6693794506612362,1.2604272634791363,7,6.0,0,2023-06-02,1.7232960325534081,0.17346938775510204,2.725228390723823,partial_bullish,1.2925659926853763,1.9004499672624438,bullish,bullish,True,False,False,False
191,236254,236255,236282,2023-06-02 14:11:00+00:00,2023-06-02 14:12:00+00:00,2023-06-02 14:39:00+00:00,short,14508.5,14508.0,14507.75,14542.42857142857,14482.75,14457.75,14432.75,14407.75,71.13594232749743,near_trigger,-66.13594232749743,34.67857142857065,False,False,False,False,True,stop,14542.42857142857,14542.67857142857,-34.92857142857065,0.0,-34.92857142857065,-1.0072090628218333,24.75,37.0,0.7136972193614991,1.066941297631332,28,27.0,0,2023-06-02,0.5767250257466529,3.611390284757119,0.9733403031887089,strong_bearish,0.9856028912065681,1.685957632670889,bearish,bearish,True,False,False,False
192,237614,237615,237620,2023-06-05 13:51:00+00:00,2023-06-05 13:52:00+00:00,2023-06-05 13:57:00+00:00,long,14606.5,14606.5,14606.75,14579.0,14631.75,14656.75,14681.75,14706.75,76.0,near_trigger,61.0,27.75,False,False,False,False,True,stop,14579.0,14578.75,-28.0,0.0,-28.0,-1.009009009009009,0.75,27.75,0.02702702702702703,1.0,6,5.0,0,2023-06-05,2.2162162162162162,4.495412844036697,4.931979695431472,partial_bullish,1.698530013363515,1.6534805925768599,bullish,bullish,True,True,False,False
193,238991,238992,239008,2023-06-06 13:48:00+00:00,2023-06-06 13:49:00+00:00,2023-06-06 14:05:00+00:00,long,14552.75,14552.5,14552.75,14527.392857142857,14577.75,14602.75,14627.75,14652.75,75.41352234721187,near_trigger,39.41352234721187,25.357142857143117,False,False,False,False,True,stop,14527.392857142857,14527.142857142857,-25.607142857143117,0.0,-25.607142857143117,-1.0098591549295775,9.0,27.0,0.3549295774647851,1.0647887323943552,17,16.0,0,2023-06-06,2.464788732394366,3.454068241469816,2.2660753880266076,partial_bearish,1.0667216877724188,1.1270215403899342,neutral,bullish,True,False,True,False
194,239015,239016,239029,2023-06-06 14:12:00+00:00,2023-06-06 14:13:00+00:00,2023-06-06 14:26:00+00:00,short,14558.75,14558.75,14558.5,14582.0,14533.5,14508.5,14483.5,14458.5,71.04133738601824,near_trigger,-37.04133738601824,23.5,False,False,False,False,True,stop,14582.0,14582.25,-23.75,0.0,-23.75,-1.0106382978723405,15.75,23.5,0.6702127659574468,1.0,14,13.0,0,2023-06-06,1.0,1.2272340425531914,1.3655172413793104,partial_bullish,1.4229457415432272,1.5254446858495398,bearish,bearish,False,False,True,False
195,240353,240354,240380,2023-06-07 13:30:00+00:00,2023-06-07 13:31:00+00:00,2023-06-07 13:57:00+00:00,long,14626.25,14626.25,14626.5,14614.0,14651.5,14676.5,14701.5,14726.5,72.0,near_trigger,60.0,12.5,True,False,False,False,True,stop,14614.0,14613.75,-12.75,0.0,-12.75,-1.02,49.0,15.75,3.92,1.26,27,26.0,1,2023-06-07,3.88,0.24347826086956523,0.9183673469387755,partial_bearish,20.79411421230877,1.5976671152983402,bullish,bullish,True,True,False,False
196,241736,241737,241737,2023-06-08 13:33:00+00:00,2023-06-08 13:34:00+00:00,2023-06-08 13:34:00+00:00,long,14373.75,14373.75,14374.0,14351.464285714286,14399.0,14424.0,14449.0,14474.0,82.12348045459605,high_probability,44.12348045459605,22.535714285713766,False,False,False,False,True,stop,14351.464285714286,14351.214285714286,-22.785714285713766,0.0,-22.785714285713766,-1.0110935023771794,0.0,43.0,0.0,1.9080824088748458,1,0.0,0,2023-06-08,3.150554675118859,1.0790513833992095,1.8492706645056727,partial_bullish,3.5279132622945726,1.4043505682450563,bullish,bullish,True,True,True,False
197,241739,241740,241799,2023-06-08 13:36:00+00:00,2023-06-08 13:37:00+00:00,2023-06-08 14:36:00+00:00,long,14359.5,14359.75,14360.0,14325.964285714286,14385.0,14410.0,14435.0,14460.0,78.9916054564533,near_trigger,40.9916054564533,34.035714285713766,True,True,False,False,False,max_holding_time,14411.5,14411.25,51.25,0.0,51.25,1.5057712486883756,67.75,18.5,1.990556138509999,0.5435466946484868,60,59.0,2,2023-06-08,0.323189926547744,0.9650959860383944,1.8492706645056727,partial_bearish,2.1294363256784967,1.5648355360385087,bullish,bullish,True,True,True,False
198,243134,243135,243184,2023-06-09 13:51:00+00:00,2023-06-09 13:52:00+00:00,2023-06-09 14:41:00+00:00,long,14654.0,14653.75,14654.0,14627.82142857143,14679.0,14704.0,14729.0,14754.0,73.92454838594546,near_trigger,73.92454838594546,26.17857142857065,True,False,False,False,True,stop,14627.82142857143,14627.57142857143,-26.42857142857065,0.0,-26.42857142857065,-1.0095497953615282,34.0,42.75,1.2987721691678422,1.633015006821331,50,49.0,1,2023-06-09,1.184174624829468,4.703247480403135,4.168539325842697,strong_bullish,1.3107110477917367,1.350774159103043,bullish,bullish,False,True,True,False
199,244108,244109,244168,2023-06-12 14:05:00+00:00,2023-06-12 14:06:00+00:00,2023-06-12 15:05:00+00:00,long,14769.75,14769.5,14769.75,14745.32142857143,14794.75,14819.75,14844.75,14869.75,70.0,near_trigger,57.25947230248009,24.42857142857065,True,True,False,False,False,max_holding_time,14802.75,14802.5,32.75,0.0,32.75,1.340643274853844,63.25,5.75,2.58918128654979,0.23538011695907185,60,59.0,2,2023-06-12,1.3713450292397662,1.08130081300813,0.7007007007007007,strong_bearish,2.7251402345741966,1.175659621899887,bullish,bullish,True,True,True,False
200,245458,245459,245459,2023-06-13 13:35:00+00:00,2023-06-13 13:36:00+00:00,2023-06-13 13:36:00+00:00,long,15116.0,15115.75,15116.0,15090.785714285714,15141.0,15166.0,15191.0,15216.0,72.61349234312134,near_trigger,46.61349234312134,25.214285714286234,False,False,False,False,True,stop,15090.785714285714,15090.535714285714,-25.464285714286234,0.0,-25.464285714286234,-1.0099150141643058,0.75,28.25,0.029745042492917234,1.120396600566549,1,0.0,0,2023-06-13,1.8441926345609065,1.0299943406904357,2.5543859649122806,partial_bullish,2.37745879851143,0.9843932289946951,bullish,bullish,True,True,False,False
201,245502,245503,245561,2023-06-13 14:19:00+00:00,2023-06-13 14:20:00+00:00,2023-06-13 15:18:00+00:00,long,15001.75,15001.75,15002.0,14964.82142857143,15027.0,15052.0,15077.0,15102.0,88.43400576368876,high_probability,70.43400576368876,37.17857142857065,True,True,True,True,False,tp4,15102.0,15101.75,99.75,0.0,99.75,2.6829971181556758,100.0,23.5,2.6897214217099505,0.6320845341018384,59,58.0,4,2023-06-13,1.0355427473583092,1.4986619090098128,2.9900662251655628,partial_bearish,1.1072654892679792,1.5935580406363208,bullish,bullish,True,True,True,True
202,246839,246840,246843,2023-06-14 13:36:00+00:00,2023-06-14 13:37:00+00:00,2023-06-14 13:40:00+00:00,short,15057.5,15057.75,15057.5,15077.785714285714,15032.5,15007.5,14982.5,14957.5,74.41566826289487,near_trigger,-28.41566826289487,20.285714285713766,False,False,False,False,True,stop,15077.785714285714,15078.035714285714,-20.535714285713766,0.0,-20.535714285713766,-1.0123239436619722,4.5,37.25,0.22183098591549863,1.8362676056338498,4,3.0,0,2023-06-14,2.4647887323943665,0.7296969696969696,1.532258064516129,strong_bearish,2.840731450176319,1.0195853286185885,neutral,bearish,True,True,True,False
203,248216,248217,248222,2023-06-15 13:33:00+00:00,2023-06-15 13:34:00+00:00,2023-06-15 13:39:00+00:00,short,15117.75,15117.75,15117.5,15140.535714285714,15092.5,15067.5,15042.5,15017.5,84.50792211996485,high_probability,-58.507922119964846,23.035714285713766,False,False,False,False,True,stop,15140.535714285714,15140.785714285714,-23.285714285713766,0.0,-23.285714285713766,-1.0108527131782947,1.5,38.0,0.06511627906976891,1.6496124031008124,6,5.0,0,2023-06-15,2.04031007751938,0.27288135593220336,1.6234939759036144,partial_bullish,3.305940994207194,1.1349026499560653,bearish,bearish,True,True,True,False
204,249595,249596,249600,2023-06-16 13:32:00+00:00,2023-06-16 13:33:00+00:00,2023-06-16 13:37:00+00:00,long,15415.75,15416.0,15416.25,15378.42857142857,15441.25,15466.25,15491.25,15516.25,78.0,near_trigger,54.88914069877242,37.82142857142935,False,False,False,False,True,stop,15378.42857142857,15378.17857142857,-38.07142857142935,0.0,-38.07142857142935,-1.0066100094428705,21.5,39.25,0.5684608120868627,1.0377714825306679,5,4.0,0,2023-06-16,2.4721435316336167,2.5855855855855854,1.8961881589618816,partial_bullish,3.0019112845424862,1.5768337830206436,bullish,bullish,True,True,True,False
205,249601,249602,249608,2023-06-16 13:38:00+00:00,2023-06-16 13:39:00+00:00,2023-06-16 13:45:00+00:00,long,15392.75,15393.0,15393.25,15342.857142857143,15418.25,15443.25,15468.25,15493.25,76.88756070598842,near_trigger,48.88756070598842,50.39285714285688,False,False,False,False,True,stop,15342.857142857143,15342.607142857143,-50.64285714285688,0.0,-50.64285714285688,-1.0049610205527995,1.0,51.5,0.019844082211197836,1.0219702338766885,7,6.0,0,2023-06-16,1.389085754783841,0.4378801042571677,1.8961881589618816,partial_bearish,1.0083539239910577,1.285744291415369,bullish,bullish,True,True,True,False
206,249614,249615,249617,2023-06-16 13:51:00+00:00,2023-06-16 13:52:00+00:00,2023-06-16 13:54:00+00:00,long,15369.75,15370.25,15370.5,15335.857142857143,15395.5,15420.5,15445.5,15470.5,72.36492280225497,near_trigger,72.36492280225497,34.64285714285688,False,False,False,False,True,stop,15335.857142857143,15335.607142857143,-34.89285714285688,0.0,-34.89285714285688,-1.0072164948453608,7.25,37.5,0.20927835051546548,1.0824742268041319,3,2.0,0,2023-06-16,1.1257731958762887,4.100709219858156,2.429682824655895,partial_bearish,1.0059563203176705,1.3705864925094355,bullish,bullish,True,True,True,False
207,252115,252116,252139,2023-06-20 13:32:00+00:00,2023-06-20 13:33:00+00:00,2023-06-20 13:56:00+00:00,long,15260.25,15260.75,15261.0,15237.75,15286.0,15311.0,15336.0,15361.0,71.81949173451764,near_trigger,23.81949173451764,23.25,True,False,False,False,True,stop,15237.75,15237.5,-23.5,0.0,-23.5,-1.010752688172043,49.25,29.0,2.118279569892473,1.2473118279569892,24,23.0,1,2023-06-20,3.5698924731182795,2.431578947368421,1.366183574879227,partial_bearish,4.2057406527787204,1.2743646681470515,bullish,neutral,False,True,True,False
208,252140,252141,252158,2023-06-20 13:57:00+00:00,2023-06-20 13:58:00+00:00,2023-06-20 14:15:00+00:00,long,15232.25,15232.5,15232.75,15203.25,15257.75,15282.75,15307.75,15332.75,78.0,near_trigger,36.20338983050848,29.5,False,False,False,False,True,stop,15203.25,15203.0,-29.75,0.0,-29.75,-1.0084745762711864,17.75,39.25,0.6016949152542372,1.3305084745762712,18,17.0,0,2023-06-20,3.440677966101695,1.8120184899845917,1.5768645357686453,partial_bullish,1.0761778489570344,1.5130765397464054,bullish,bullish,True,True,True,False
209,253493,253494,253494,2023-06-21 13:30:00+00:00,2023-06-21 13:31:00+00:00,2023-06-21 13:31:00+00:00,short,15179.25,15178.75,15178.5,15192.892857142857,15153.5,15128.5,15103.5,15078.5,83.65660209673969,high_probability,-80.65660209673969,14.392857142856883,False,False,False,False,True,stop,15192.892857142857,15193.142857142857,-14.642857142856883,0.0,-14.642857142856883,-1.0173697270471467,0.0,29.25,0.0,2.032258064516166,1,0.0,0,2023-06-21,3.0223325062034743,0.6810810810810811,0.5793103448275861,partial_bearish,12.503122898049389,1.070752620924606,bearish,bearish,True,True,True,False
210,254880,254881,254887,2023-06-22 13:37:00+00:00,2023-06-22 13:38:00+00:00,2023-06-22 13:44:00+00:00,short,15019.0,15019.5,15019.25,15046.714285714286,14994.25,14969.25,14944.25,14919.25,71.2244000472869,near_trigger,-49.224400047286906,27.464285714286234,False,False,False,False,True,stop,15046.714285714286,15046.964285714286,-27.714285714286234,0.0,-27.714285714286234,-1.0091027308192455,17.25,30.5,0.6280884265279465,1.1105331599479633,7,6.0,0,2023-06-22,0.764629388816645,0.9190371991247264,0.7838899803536347,partial_bullish,2.3412854115985247,1.7509059698645815,bearish,bearish,True,False,False,False
211,254907,254908,254911,2023-06-22 14:04:00+00:00,2023-06-22 14:05:00+00:00,2023-06-22 14:08:00+00:00,long,15095.25,15094.75,15095.0,15069.714285714286,15120.0,15145.0,15170.0,15195.0,70.72287291344362,near_trigger,70.72287291344362,25.285714285713766,False,False,False,False,True,stop,15069.714285714286,15069.464285714286,-25.535714285713766,0.0,-25.535714285713766,-1.0098870056497178,2.25,26.0,0.08898305084745946,1.0282485875706426,4,3.0,0,2023-06-22,0.9491525423728814,3.5058626465661638,3.317108088761632,strong_bullish,0.7714719190129026,1.0561335146858801,bullish,bullish,False,True,True,False
212,254914,254915,254945,2023-06-22 14:11:00+00:00,2023-06-22 14:12:00+00:00,2023-06-22 14:42:00+00:00,long,15110.5,15110.5,15110.75,15080.464285714286,15135.75,15160.75,15185.75,15210.75,86.0,high_probability,62.0,30.285714285713766,True,False,False,False,True,stop,15080.464285714286,15080.214285714286,-30.535714285713766,0.0,-30.535714285713766,-1.0082547169811322,38.5,38.5,1.2712264150943615,1.2712264150943615,31,30.0,1,2023-06-22,2.063679245283019,1.293764087152517,3.317108088761632,strong_bullish,2.2272096756596684,2.4590446035242293,bullish,bullish,True,True,True,True
213,256255,256256,256257,2023-06-23 13:32:00+00:00,2023-06-23 13:33:00+00:00,2023-06-23 13:34:00+00:00,short,15062.5,15063.75,15063.5,15081.892857142857,15038.5,15013.5,14988.5,14963.5,76.0,near_trigger,-25.11195326072908,18.392857142856883,False,False,False,False,True,stop,15081.892857142857,15082.142857142857,-18.642857142856883,0.0,-18.642857142856883,-1.013592233009709,9.0,20.5,0.48932038834952146,1.1145631067961324,2,1.0,0,2023-06-23,2.500970873786408,0.5872259294566253,3.2550000000000003,partial_bearish,6.797945205479452,1.4522914337973782,bearish,bearish,True,False,False,False
214,256258,256259,256318,2023-06-23 13:35:00+00:00,2023-06-23 13:36:00+00:00,2023-06-23 14:35:00+00:00,short,15075.75,15075.5,15075.25,15099.75,15050.25,15025.25,15000.25,14975.25,81.02034422894388,high_probability,-37.020344228943884,24.5,True,True,True,False,False,max_holding_time,15052.75,15053.0,22.25,0.0,22.25,0.9081632653061225,90.5,8.5,3.693877551020408,0.3469387755102041,60,59.0,3,2023-06-23,2.2857142857142856,1.585570469798658,3.2550000000000003,partial_bullish,3.38192581118088,1.4029813065880221,bearish,bearish,True,False,False,False
215,259015,259016,259075,2023-06-27 13:32:00+00:00,2023-06-27 13:33:00+00:00,2023-06-27 14:32:00+00:00,long,14901.75,14901.5,14901.75,14883.32142857143,14926.75,14951.75,14976.75,15001.75,78.0,near_trigger,54.70440481080617,18.42857142857065,True,True,True,False,False,max_holding_time,14916.75,14916.5,14.75,0.0,14.75,0.8003875968992586,77.75,13.5,4.218992248062194,0.7325581395349147,60,59.0,3,2023-06-27,1.926356589147287,0.716374269005848,1.0831408775981526,partial_bullish,6.037481575068435,1.3694939864922957,bullish,bullish,True,True,True,False
216,260393,260394,260394,2023-06-28 13:30:00+00:00,2023-06-28 13:31:00+00:00,2023-06-28 13:31:00+00:00,long,15047.25,15047.5,15047.75,15034.75,15072.75,15097.75,15122.75,15147.75,83.57536030614449,high_probability,83.57536030614449,13.0,False,False,False,False,True,stop,15034.75,15034.5,-13.25,0.0,-13.25,-1.0192307692307692,0.0,22.25,0.0,1.7115384615384615,1,0.0,0,2023-06-28,1.5,1.7238805970149254,1.5588865096359745,partial_bearish,13.725961538461538,0.9692003826806159,bullish,bullish,True,True,True,False
217,260395,260396,260455,2023-06-28 13:32:00+00:00,2023-06-28 13:33:00+00:00,2023-06-28 14:32:00+00:00,long,15050.5,15050.5,15050.75,15031.714285714286,15075.75,15100.75,15125.75,15150.75,70.8661306990011,near_trigger,44.866130699001104,19.035714285713766,True,True,True,True,False,tp4,15150.75,15150.5,99.75,0.0,99.75,5.240150093808773,105.0,13.0,5.51594746716713,0.6829268292683113,60,59.0,4,2023-06-28,2.101313320825516,1.7238805970149254,1.5588865096359745,partial_bearish,6.4084989718985605,1.2526915163404948,bullish,bullish,True,True,False,False
218,261773,261774,261774,2023-06-29 13:30:00+00:00,2023-06-29 13:31:00+00:00,2023-06-29 13:31:00+00:00,long,15121.0,15121.25,15121.5,15105.464285714286,15146.5,15171.5,15196.5,15221.5,74.08419211279605,near_trigger,74.08419211279605,16.035714285713766,False,False,False,False,True,stop,15105.464285714286,15105.214285714286,-16.285714285713766,0.0,-16.285714285713766,-1.015590200445435,8.5,27.75,0.5300668151447834,1.7305122494432632,1,0.0,0,2023-06-29,1.3719376391982183,0.2864768683274021,2.5716639209225702,partial_bearish,5.1533795493934145,0.9075786710618685,bullish,bullish,True,False,True,False
219,261776,261777,261787,2023-06-29 13:33:00+00:00,2023-06-29 13:34:00+00:00,2023-06-29 13:44:00+00:00,long,15125.25,15125.5,15125.75,15100.92857142857,15150.75,15175.75,15200.75,15225.75,76.0338820158606,near_trigger,64.0338820158606,24.82142857142935,False,False,False,False,True,stop,15100.92857142857,15100.67857142857,-25.07142857142935,0.0,-25.07142857142935,-1.010071942446043,19.0,42.0,0.7654676258992565,1.6920863309351986,11,10.0,0,2023-06-29,0.8863309352517985,0.2864768683274021,2.5716639209225702,partial_bearish,2.4956729194929133,1.1865971241423026,bullish,bullish,True,True,True,False
220,261810,261811,261825,2023-06-29 14:07:00+00:00,2023-06-29 14:08:00+00:00,2023-06-29 14:22:00+00:00,short,15065.75,15065.25,15065.0,15100.07142857143,15040.0,15015.0,14990.0,14965.0,84.4,high_probability,-60.400000000000006,35.07142857142935,True,False,False,False,True,stop,15100.07142857143,15100.32142857143,-35.32142857142935,0.0,-35.32142857142935,-1.0071283095723014,29.75,37.25,0.8482688391038508,1.0621181262728887,15,14.0,1,2023-06-29,2.8228105906313647,0.17796610169491525,2.350032530904359,strong_bearish,3.649666451474069,3.8164429799887487,bearish,bearish,True,True,True,False
221,264588,264589,264648,2023-07-03 14:25:00+00:00,2023-07-03 14:26:00+00:00,2023-07-03 15:25:00+00:00,short,15360.5,15360.5,15360.25,15378.5,15335.25,15310.25,15285.25,15260.25,73.10170361840187,near_trigger,-73.10170361840187,18.25,True,True,False,False,False,max_holding_time,15323.5,15323.75,36.5,0.0,36.5,2.0,51.25,8.75,2.808219178082192,0.4794520547945205,60,59.0,2,2023-07-03,0.821917808219178,0.24493554327808473,0.5476429287863591,partial_bullish,1.0764998471670326,0.7298692490297298,bearish,bearish,True,False,True,False
222,270997,270998,271057,2023-07-10 14:00:00+00:00,2023-07-10 14:01:00+00:00,2023-07-10 15:00:00+00:00,long,15123.0,15122.5,15122.75,15090.57142857143,15147.75,15172.75,15197.75,15222.75,80.2170228925765,high_probability,44.217022892576495,32.17857142857065,True,True,True,False,False,max_holding_time,15143.0,15142.75,20.0,0.0,20.0,0.6215316315205478,81.25,0.25,2.5249722530522254,0.007769145394006848,60,59.0,3,2023-07-10,1.9267480577136513,2.7719799857040743,1.736,partial_bearish,1.008594300621693,1.2959733992944324,neutral,bullish,True,False,True,False
223,272360,272361,272381,2023-07-11 13:43:00+00:00,2023-07-11 13:44:00+00:00,2023-07-11 14:04:00+00:00,long,15169.0,15169.0,15169.25,15133.285714285714,15194.25,15219.25,15244.25,15269.25,70.39682224428996,near_trigger,48.396822244289964,35.964285714286234,False,False,False,False,True,stop,15133.285714285714,15133.035714285714,-36.214285714286234,0.0,-36.214285714286234,-1.00695134061569,10.5,37.25,0.29195630585898286,1.0357497517378202,21,20.0,0,2023-07-11,3.461767626613704,0.550761421319797,1.6282973621103118,partial_bearish,1.5573687667357148,1.7522667197225932,bullish,bullish,False,True,True,False
224,272382,272383,272397,2023-07-11 14:05:00+00:00,2023-07-11 14:06:00+00:00,2023-07-11 14:20:00+00:00,short,15127.0,15127.0,15126.75,15157.32142857143,15101.75,15076.75,15051.75,15026.75,77.7196261682243,near_trigger,-63.719626168224295,30.57142857142935,False,False,False,False,True,stop,15157.32142857143,15157.57142857143,-30.82142857142935,0.0,-30.82142857142935,-1.0081775700934577,17.75,33.25,0.5806074766354992,1.0876168224298788,15,14.0,0,2023-07-11,1.733644859813084,4.069390902081727,3.2746536267318667,strong_bearish,2.2868018638839667,2.3304841018232407,bearish,bearish,False,True,True,False
225,277881,277882,277889,2023-07-17 13:44:00+00:00,2023-07-17 13:45:00+00:00,2023-07-17 13:52:00+00:00,long,15739.25,15739.25,15739.5,15710.892857142857,15764.5,15789.5,15814.5,15839.5,74.0,near_trigger,32.97003745318352,28.607142857143117,False,False,False,False,True,stop,15710.892857142857,15710.642857142857,-28.857142857143117,0.0,-28.857142857143117,-1.0087390761548065,2.5,30.75,0.08739076154806412,1.0749063670411887,8,7.0,0,2023-07-17,1.8701622971285892,3.6654545454545455,2.8301435406698565,partial_bullish,1.9025295158112714,1.913840990626085,bullish,bullish,False,False,True,False
226,277896,277897,277956,2023-07-17 13:59:00+00:00,2023-07-17 14:00:00+00:00,2023-07-17 14:59:00+00:00,long,15739.75,15740.0,15740.25,15710.75,15765.25,15790.25,15815.25,15840.25,74.92881355932204,near_trigger,50.92881355932204,29.5,True,False,False,False,False,max_holding_time,15755.75,15755.5,15.25,0.0,15.25,0.5169491525423728,32.0,12.0,1.0847457627118644,0.4067796610169492,60,59.0,1,2023-07-17,1.0847457627118644,0.33070866141732286,2.344693281402142,partial_bullish,1.4534043930866165,2.4266112266112265,bullish,bullish,True,False,False,False
227,279303,279304,279317,2023-07-18 14:26:00+00:00,2023-07-18 14:27:00+00:00,2023-07-18 14:40:00+00:00,short,15758.25,15758.25,15758.0,15779.0,15733.0,15708.0,15683.0,15658.0,70.33498964803313,near_trigger,-70.33498964803313,21.0,False,False,False,False,True,stop,15779.0,15779.25,-21.25,0.0,-21.25,-1.0119047619047619,6.25,26.0,0.2976190476190476,1.2380952380952381,14,13.0,0,2023-07-18,1.7380952380952381,0.2161764705882353,1.821998320738875,strong_bearish,1.744333125865842,1.6771229465474973,bearish,bearish,True,True,False,False
228,282010,282011,282028,2023-07-20 13:33:00+00:00,2023-07-20 13:34:00+00:00,2023-07-20 13:51:00+00:00,short,15874.25,15873.75,15873.5,15893.285714285714,15848.5,15823.5,15798.5,15773.5,70.27853047356126,near_trigger,-62.27853047356126,19.785714285713766,False,False,False,False,True,stop,15893.285714285714,15893.535714285714,-20.035714285713766,0.0,-20.035714285713766,-1.0126353790613722,20.0,21.5,1.0108303249097739,1.0866425992780069,18,17.0,0,2023-07-20,4.068592057761733,0.20209973753280838,1.5064935064935066,partial_bullish,3.722755425275401,1.742883704457922,bearish,bearish,True,True,False,False
229,282037,282038,282067,2023-07-20 14:00:00+00:00,2023-07-20 14:01:00+00:00,2023-07-20 14:30:00+00:00,short,15843.5,15843.0,15842.75,15866.857142857143,15817.75,15792.75,15767.75,15742.75,74.8,near_trigger,-36.8,24.107142857143117,True,True,True,True,False,tp4,15742.75,15743.0,99.75,0.0,99.75,4.137777777777734,102.25,4.25,4.2414814814814354,0.1762962962962944,30,29.0,4,2023-07-20,2.5096296296296297,0.4175438596491228,1.739457831325301,partial_bearish,2.166145600714605,1.8220068372215334,neutral,bearish,True,True,True,False
230,283410,283411,283419,2023-07-21 13:53:00+00:00,2023-07-21 13:54:00+00:00,2023-07-21 14:02:00+00:00,long,15637.25,15637.5,15637.75,15598.142857142857,15662.75,15687.75,15712.75,15737.75,70.54106074268383,near_trigger,70.54106074268383,39.60714285714312,False,False,False,False,True,stop,15598.142857142857,15597.892857142857,-39.85714285714312,0.0,-39.85714285714312,-1.006311992786294,12.0,43.25,0.302975653742108,1.0919747520288476,9,8.0,0,2023-07-21,0.467087466185753,2.473684210526316,0.5035971223021583,strong_bearish,0.8009362038997023,1.5722707386699548,bullish,bullish,True,True,False,False
231,283428,283429,283440,2023-07-21 14:11:00+00:00,2023-07-21 14:12:00+00:00,2023-07-21 14:23:00+00:00,long,15633.5,15633.5,15633.75,15599.92857142857,15658.75,15683.75,15708.75,15733.75,88.2857444561774,high_probability,32.2857444561774,33.82142857142935,False,False,False,False,True,stop,15599.92857142857,15599.67857142857,-34.07142857142935,0.0,-34.07142857142935,-1.007391763463569,14.25,38.25,0.42133051742343275,1.1309398099260564,12,11.0,0,2023-07-21,1.4192185850052799,2.193333333333333,2.8919708029197078,partial_bearish,1.032045341895998,1.5927496466284194,neutral,bullish,True,True,True,True
232,284784,284785,284788,2023-07-24 13:47:00+00:00,2023-07-24 13:48:00+00:00,2023-07-24 13:51:00+00:00,long,15563.0,15563.0,15563.25,15525.92857142857,15588.25,15613.25,15638.25,15663.25,71.20593301435406,near_trigger,70.20593301435406,37.32142857142935,False,False,False,False,True,stop,15525.92857142857,15525.67857142857,-37.57142857142935,0.0,-37.57142857142935,-1.0066985645933013,5.75,42.25,0.1540669856459298,1.132057416267919,4,3.0,0,2023-07-24,1.9559808612440193,1.4593939393939392,1.8054298642533935,partial_bullish,2.142604165476585,2.286292485492759,bullish,bullish,True,False,False,False
233,284811,284812,284819,2023-07-24 14:14:00+00:00,2023-07-24 14:15:00+00:00,2023-07-24 14:22:00+00:00,short,15553.25,15552.75,15552.5,15582.857142857143,15527.5,15502.5,15477.5,15452.5,76.0,near_trigger,-34.17741176470588,30.357142857143117,False,False,False,False,True,stop,15582.857142857143,15583.107142857143,-30.607142857143117,0.0,-30.607142857143117,-1.008235294117647,4.0,30.5,0.1317647058823518,1.0047058823529327,8,7.0,0,2023-07-24,3.1623529411764704,3.5180878552971575,2.52863436123348,partial_bearish,1.0508168459075609,1.6518564949669998,bearish,bearish,True,False,False,False
234,287530,287531,287539,2023-07-26 13:33:00+00:00,2023-07-26 13:34:00+00:00,2023-07-26 13:42:00+00:00,short,15579.75,15579.25,15579.0,15604.25,15554.0,15529.0,15504.0,15479.0,81.0,high_probability,-56.0,25.25,False,False,False,False,True,stop,15604.25,15604.5,-25.5,0.0,-25.5,-1.00990099009901,13.25,30.75,0.5247524752475248,1.2178217821782178,9,8.0,0,2023-07-26,3.0297029702970297,0.19753086419753085,0.1084070796460177,partial_bullish,4.389994895354773,1.606259014454256,bearish,bearish,True,True,True,False
235,288947,288948,288962,2023-07-27 14:10:00+00:00,2023-07-27 14:11:00+00:00,2023-07-27 14:25:00+00:00,long,15841.5,15841.75,15842.0,15817.535714285714,15867.0,15892.0,15917.0,15942.0,70.0,near_trigger,37.958386324324294,24.464285714286234,False,False,False,False,True,stop,15817.535714285714,15817.285714285714,-24.714285714286234,0.0,-24.714285714286234,-1.0102189781021895,11.75,50.75,0.48029197080290953,2.0744525547444814,15,14.0,0,2023-07-27,1.7576642335766424,2.3410596026490063,1.6387596899224808,partial_bearish,1.1012914360530859,1.0382214741566729,bullish,bullish,True,False,False,False
236,290297,290298,290357,2023-07-28 13:40:00+00:00,2023-07-28 13:41:00+00:00,2023-07-28 14:40:00+00:00,long,15784.5,15784.75,15785.0,15743.107142857143,15810.0,15835.0,15860.0,15885.0,73.04262574595055,near_trigger,35.042625745950545,41.89285714285688,True,True,False,False,False,max_holding_time,15800.5,15800.25,15.25,0.0,15.25,0.36402387041773454,52.75,14.75,1.259164535379377,0.35208866155157936,60,59.0,2,2023-07-28,2.052855924978687,1.6786011656952537,1.0615521855486174,strong_bullish,2.5533330007814965,1.8025378267657381,bullish,bullish,True,True,False,False
237,291667,291668,291671,2023-07-31 13:30:00+00:00,2023-07-31 13:31:00+00:00,2023-07-31 13:34:00+00:00,long,15866.75,15867.0,15867.25,15853.785714285714,15892.25,15917.25,15942.25,15967.25,72.2555917852659,near_trigger,72.2555917852659,13.464285714286234,True,False,False,False,True,stop,15853.785714285714,15853.535714285714,-13.714285714286234,0.0,-13.714285714286234,-1.0185676392572938,25.5,22.0,1.8938992042439586,1.6339522546418468,4,3.0,1,2023-07-31,0.25994694960212206,2.171532846715328,1.0892857142857142,strong_bearish,10.722571840169838,0.9056966281341061,bullish,bullish,True,True,False,False
238,291672,291673,291692,2023-07-31 13:35:00+00:00,2023-07-31 13:36:00+00:00,2023-07-31 13:55:00+00:00,long,15866.5,15866.0,15866.25,15840.214285714286,15891.25,15916.25,15941.25,15966.25,80.77086418319251,high_probability,80.77086418319251,26.035714285713766,True,False,False,False,True,stop,15840.214285714286,15839.964285714286,-26.285714285713766,0.0,-26.285714285713766,-1.0096021947873801,38.75,51.25,1.4883401920439254,1.9684499314129336,20,19.0,1,2023-07-31,0.019204389574759947,1.7352112676056337,1.0892857142857142,strong_bearish,2.4112375877936545,0.9635802289906411,bullish,bullish,True,True,True,False
239,291704,291705,291764,2023-07-31 14:07:00+00:00,2023-07-31 14:08:00+00:00,2023-07-31 15:07:00+00:00,long,15846.0,15845.75,15846.0,15816.07142857143,15871.0,15896.0,15921.0,15946.0,75.78472553699284,near_trigger,33.78472553699284,29.92857142857065,True,False,False,False,False,max_holding_time,15877.0,15876.75,30.75,0.0,30.75,1.0274463007160173,33.0,18.5,1.1026252983293843,0.6181384248210184,60,59.0,1,2023-07-31,2.155131264916468,2.1819537658463832,2.607950116913484,partial_bearish,1.1253637053222683,1.6010050575008858,neutral,bullish,True,True,False,False
240,294431,294432,294473,2023-08-02 13:34:00+00:00,2023-08-02 13:35:00+00:00,2023-08-02 14:16:00+00:00,short,15625.25,15625.25,15625.0,15648.285714285714,15600.0,15575.0,15550.0,15525.0,70.26417879659535,near_trigger,-58.264178796595345,23.285714285713766,True,True,True,True,False,tp4,15525.0,15525.25,99.75,0.0,99.75,4.2837423312884395,100.5,6.75,4.315950920245495,0.2898773006135034,42,41.0,4,2023-08-02,3.607361963190184,0.06407322654462243,1.502283105022831,strong_bearish,3.712349579183447,1.3578308577073703,bearish,bearish,False,True,True,False
241,297198,297199,297219,2023-08-04 13:41:00+00:00,2023-08-04 13:42:00+00:00,2023-08-04 14:02:00+00:00,short,15529.25,15529.5,15529.25,15562.0,15504.25,15479.25,15454.25,15429.25,85.8,high_probability,-63.8,32.75,True,True,True,True,False,tp4,15429.25,15429.5,99.75,0.0,99.75,3.045801526717557,107.25,12.5,3.2748091603053435,0.3816793893129771,21,20.0,4,2023-08-04,2.763358778625954,1.525179856115108,2.0823045267489713,partial_bullish,1.9763057386819765,1.9762817004196314,bearish,bearish,True,True,False,False
242,297238,297239,297248,2023-08-04 14:21:00+00:00,2023-08-04 14:22:00+00:00,2023-08-04 14:31:00+00:00,short,15452.25,15453.0,15452.75,15486.107142857143,15427.75,15402.75,15377.75,15352.75,73.38158458244112,near_trigger,-73.38158458244112,33.35714285714312,False,False,False,False,True,stop,15486.107142857143,15486.357142857143,-33.60714285714312,0.0,-33.60714285714312,-1.007494646680942,12.25,34.25,0.3672376873661642,1.0267665952890712,10,9.0,0,2023-08-04,0.7194860813704498,0.20570440795159897,1.824644549763033,partial_bearish,0.9105571992598384,1.5164549035118076,bearish,bearish,True,True,False,False
243,298572,298573,298581,2023-08-07 13:35:00+00:00,2023-08-07 13:36:00+00:00,2023-08-07 13:44:00+00:00,long,15427.25,15427.25,15427.5,15400.535714285714,15452.5,15477.5,15502.5,15527.5,75.68125044200455,near_trigger,41.681250442004554,26.964285714286234,False,False,False,False,True,stop,15400.535714285714,15400.285714285714,-27.214285714286234,0.0,-27.214285714286234,-1.0092715231788079,21.0,41.5,0.7788079470198526,1.5390728476820896,9,8.0,0,2023-08-07,2.596026490066225,1.2475247524752475,0.8846153846153846,partial_bearish,2.7302441838108056,1.1906359001878186,bullish,bullish,True,True,True,False
244,298604,298605,298623,2023-08-07 14:07:00+00:00,2023-08-07 14:08:00+00:00,2023-08-07 14:26:00+00:00,short,15404.75,15405.0,15404.75,15437.57142857143,15379.75,15354.75,15329.75,15304.75,72.0,near_trigger,-33.880983835360894,32.82142857142935,False,False,False,False,True,stop,15437.57142857143,15437.82142857143,-33.07142857142935,0.0,-33.07142857142935,-1.0076169749727963,12.0,35.0,0.3656147986942242,1.0663764961914872,19,18.0,0,2023-08-07,1.9194776931447226,1.2669683257918551,1.4346952444742131,partial_bearish,1.1553764692780417,1.4828289653200972,bearish,bearish,True,True,True,True
245,299982,299983,300042,2023-08-08 14:05:00+00:00,2023-08-08 14:06:00+00:00,2023-08-08 15:05:00+00:00,short,15296.0,15296.5,15296.25,15323.75,15271.25,15246.25,15221.25,15196.25,76.70036171996647,near_trigger,-76.70036171996647,27.5,True,True,False,False,False,max_holding_time,15227.5,15227.75,68.5,0.0,68.5,2.4909090909090907,74.0,4.5,2.690909090909091,0.16363636363636364,60,59.0,2,2023-08-08,0.8,2.978021978021978,3.166370633510953,partial_bearish,1.2884478441641973,1.343633968139897,bearish,bearish,True,True,True,True
246,301347,301348,301407,2023-08-09 13:50:00+00:00,2023-08-09 13:51:00+00:00,2023-08-09 14:50:00+00:00,short,15272.75,15272.5,15272.25,15302.785714285714,15247.25,15222.25,15197.25,15172.25,70.39766081871345,near_trigger,-36.39766081871345,30.535714285713766,False,False,False,False,False,max_holding_time,15259.5,15259.75,12.5,0.0,12.5,0.4093567251462058,20.75,29.25,0.6795321637427016,0.9578947368421216,60,59.0,0,2023-08-09,1.6046783625730994,4.364319248826291,3.446319018404908,strong_bearish,1.4579214637360935,1.661402540033131,neutral,bearish,False,True,True,False
247,302709,302710,302731,2023-08-10 13:32:00+00:00,2023-08-10 13:33:00+00:00,2023-08-10 13:54:00+00:00,long,15294.75,15295.0,15295.25,15265.57142857143,15320.25,15345.25,15370.25,15395.25,73.0,near_trigger,53.56751218481689,29.67857142857065,True,True,True,True,False,tp4,15395.25,15395.0,99.75,0.0,99.75,3.361010830324998,100.75,10.5,3.394705174488657,0.35379061371842085,22,21.0,4,2023-08-10,0.7581227436823105,0.9808917197452229,0.44842562432138977,partial_bearish,4.325486130427087,1.2906097689788896,bullish,bullish,True,True,True,False
248,302735,302736,302774,2023-08-10 13:58:00+00:00,2023-08-10 13:59:00+00:00,2023-08-10 14:37:00+00:00,long,15413.75,15413.25,15413.5,15383.642857142857,15438.5,15463.5,15488.5,15513.5,71.16267942583733,near_trigger,43.162679425837325,29.857142857143117,True,False,False,False,True,stop,15383.642857142857,15383.392857142857,-30.107142857143117,0.0,-30.107142857143117,-1.0083732057416268,28.25,44.0,0.9461722488038196,1.473684210526303,39,38.0,1,2023-08-10,2.110047846889952,2.746376811594203,1.7736943907156673,strong_bullish,1.2976010279753023,1.9857021446782983,bullish,bullish,False,True,True,False
249,304094,304095,304131,2023-08-11 13:37:00+00:00,2023-08-11 13:38:00+00:00,2023-08-11 14:14:00+00:00,short,15105.25,15104.75,15104.5,15135.035714285714,15079.5,15054.5,15029.5,15004.5,75.07182858891831,near_trigger,-58.07182858891831,30.535714285713766,True,True,False,False,True,stop,15135.035714285714,15135.285714285714,-30.785714285713766,0.0,-30.785714285713766,-1.008187134502924,52.5,32.25,1.7192982456140644,1.056140350877211,37,36.0,2,2023-08-11,2.538011695906433,1.268392370572207,3.1628895184135977,partial_bearish,1.4027438451418905,0.6915401221127923,bearish,bearish,True,True,False,False
250,306847,306848,306849,2023-08-15 13:30:00+00:00,2023-08-15 13:31:00+00:00,2023-08-15 13:32:00+00:00,short,15224.0,15224.25,15224.0,15238.67857142857,15199.0,15174.0,15149.0,15124.0,70.8840033270211,near_trigger,-70.8840033270211,14.678571428570649,False,False,False,False,True,stop,15238.67857142857,15238.92857142857,-14.928571428570649,0.0,-14.928571428570649,-1.0170316301703173,12.0,15.5,0.8175182481752259,1.0559610705596667,2,1.0,0,2023-08-15,0.0340632603406326,1.527027027027027,1.352168199737188,partial_bullish,8.5667880696919,1.10896614996464,bearish,bearish,True,False,False,False
251,306861,306862,306921,2023-08-15 13:44:00+00:00,2023-08-15 13:45:00+00:00,2023-08-15 14:44:00+00:00,short,15208.0,15208.0,15207.75,15247.392857142857,15182.75,15157.75,15132.75,15107.75,90.95711711711712,a_plus_plus,-56.95711711711712,39.64285714285688,True,True,True,False,False,max_holding_time,15137.25,15137.5,70.25,0.0,70.25,1.7720720720720837,99.75,9.5,2.516216216216233,0.23963963963964122,60,59.0,3,2023-08-15,2.497297297297297,1.7853107344632768,1.352168199737188,partial_bullish,1.7210180462926639,1.5809448730221296,bearish,bearish,True,True,True,True
252,308236,308237,308245,2023-08-16 13:39:00+00:00,2023-08-16 13:40:00+00:00,2023-08-16 13:48:00+00:00,short,15096.25,15096.5,15096.25,15124.607142857143,15071.25,15046.25,15021.25,14996.25,70.3816929635706,near_trigger,-36.3816929635706,28.357142857143117,False,False,False,False,True,stop,15124.607142857143,15124.857142857143,-28.607142857143117,0.0,-28.607142857143117,-1.008816120906801,13.5,29.0,0.47607052896725005,1.0226700251889076,9,8.0,0,2023-08-16,2.5919395465994963,0.8484848484848485,1.2955974842767295,partial_bearish,1.8365725785097708,1.0928571428571427,bearish,bearish,True,False,False,False
253,310988,310989,311005,2023-08-18 13:31:00+00:00,2023-08-18 13:32:00+00:00,2023-08-18 13:48:00+00:00,short,14653.75,14654.25,14654.0,14677.785714285714,14629.0,14604.0,14579.0,14554.0,73.0,near_trigger,-57.85757371389328,23.785714285713766,True,False,False,False,True,stop,14677.785714285714,14678.035714285714,-24.035714285713766,0.0,-24.035714285713766,-1.0105105105105108,26.0,29.5,1.093093093093117,1.2402402402402672,17,16.0,1,2023-08-18,1.3873873873873874,0.6575028636884307,0.8387096774193549,partial_bearish,4.191797882750644,0.9730779026784423,bearish,bearish,True,True,True,False
254,311036,311037,311052,2023-08-18 14:19:00+00:00,2023-08-18 14:20:00+00:00,2023-08-18 14:35:00+00:00,short,14647.5,14647.5,14647.25,14677.25,14622.25,14597.25,14572.25,14547.25,73.0,near_trigger,-67.67333333333333,30.0,False,False,False,False,True,stop,14677.25,14677.5,-30.25,0.0,-30.25,-1.0083333333333333,12.25,31.5,0.4083333333333333,1.05,16,15.0,0,2023-08-18,0.16666666666666666,0.9820289855072464,0.03272939801285798,partial_bearish,1.1285916156382478,1.5862822337713927,bearish,bearish,True,True,True,True
255,312410,312411,312412,2023-08-21 14:13:00+00:00,2023-08-21 14:14:00+00:00,2023-08-21 14:15:00+00:00,long,14905.75,14905.5,14905.75,14885.714285714286,14930.75,14955.75,14980.75,15005.75,85.17121807856822,high_probability,85.17121807856822,20.035714285713766,False,False,False,False,True,stop,14885.714285714286,14885.464285714286,-20.285714285713766,0.0,-20.285714285713766,-1.0124777183600717,0.0,24.25,0.0,1.2103386809269476,2,1.0,0,2023-08-21,1.447415329768271,2.3537653239929948,3.476009139375476,partial_bullish,0.713177386772843,0.7429887301175788,bullish,bullish,True,True,True,False
256,313747,313748,313752,2023-08-22 13:30:00+00:00,2023-08-22 13:31:00+00:00,2023-08-22 13:35:00+00:00,long,15072.25,15072.0,15072.25,15059.642857142857,15097.25,15122.25,15147.25,15172.25,70.0,near_trigger,26.39662638793959,12.607142857143117,False,False,False,False,True,stop,15059.642857142857,15059.392857142857,-12.857142857143117,0.0,-12.857142857143117,-1.0198300283286115,16.75,13.25,1.3286118980169699,1.0509915014164088,5,4.0,0,2023-08-22,2.855524079320113,0.14583333333333331,0.8648018648018648,strong_bearish,13.928986673821663,1.0042170150755065,bullish,bullish,True,True,True,False
257,313764,313765,313767,2023-08-22 13:47:00+00:00,2023-08-22 13:48:00+00:00,2023-08-22 13:50:00+00:00,long,15054.0,15053.5,15053.75,15025.892857142857,15078.75,15103.75,15128.75,15153.75,77.56856636756976,near_trigger,69.56856636756976,27.857142857143117,False,False,False,False,True,stop,15025.892857142857,15025.642857142857,-28.107142857143117,0.0,-28.107142857143117,-1.008974358974359,0.25,28.0,0.00897435897435889,1.0051282051281958,3,2.0,0,2023-08-22,1.705128205128205,2.994219653179191,2.9453894359892567,partial_bearish,0.8788025108643167,1.1325028312570782,bullish,bullish,True,True,False,False
258,313770,313771,313808,2023-08-22 13:53:00+00:00,2023-08-22 13:54:00+00:00,2023-08-22 14:31:00+00:00,long,15023.75,15024.0,15024.25,14996.0,15049.25,15074.25,15099.25,15124.25,70.0,near_trigger,59.260501776701446,28.25,True,False,False,False,True,stop,14996.0,14995.75,-28.5,0.0,-28.5,-1.008849557522124,32.5,37.0,1.1504424778761062,1.3097345132743363,38,37.0,1,2023-08-22,0.9026548672566371,3.2203023758099354,2.9453894359892567,strong_bearish,0.9321921569370017,1.3115409207161126,bullish,bullish,True,True,False,False
259,316508,316509,316527,2023-08-24 13:31:00+00:00,2023-08-24 13:32:00+00:00,2023-08-24 13:50:00+00:00,short,15293.5,15293.25,15293.0,15315.785714285714,15268.0,15243.0,15218.0,15193.0,76.0,near_trigger,-30.0,22.785714285713766,True,True,True,True,False,tp4,15193.0,15193.25,99.75,0.0,99.75,4.377742946708564,107.0,4.25,4.695924764890389,0.18652037617555284,19,18.0,4,2023-08-24,4.805642633228841,0.6932367149758454,0.22764227642276424,strong_bearish,8.226720111306191,1.797728407931027,neutral,bearish,True,True,True,True
260,316535,316536,316543,2023-08-24 13:58:00+00:00,2023-08-24 13:59:00+00:00,2023-08-24 14:06:00+00:00,long,15227.25,15227.25,15227.5,15195.857142857143,15252.5,15277.5,15302.5,15327.5,71.64415349887133,near_trigger,25.644153498871333,31.642857142856883,False,False,False,False,True,stop,15195.857142857143,15195.607142857143,-31.892857142856883,0.0,-31.892857142856883,-1.007900677200903,7.25,39.5,0.229119638826187,1.248306997742674,8,7.0,0,2023-08-24,1.674943566591422,4.614195361911455,4.591349257585539,partial_bearish,1.0975498452577517,1.978018691588785,neutral,bullish,False,True,True,False
261,316544,316545,316566,2023-08-24 14:07:00+00:00,2023-08-24 14:08:00+00:00,2023-08-24 14:29:00+00:00,short,15183.0,15183.0,15182.75,15214.67857142857,15157.75,15132.75,15107.75,15082.75,78.68356499705675,near_trigger,-72.68356499705675,31.92857142857065,True,True,True,True,False,tp4,15082.75,15083.0,99.75,0.0,99.75,3.12416107382558,111.0,2.25,3.476510067114179,0.07046979865771984,22,21.0,4,2023-08-24,1.738255033557047,0.5296803652968036,3.917625681405209,strong_bearish,1.0279752109519975,1.4478566937482278,bearish,bearish,True,True,True,True
262,317887,317888,317889,2023-08-25 13:30:00+00:00,2023-08-25 13:31:00+00:00,2023-08-25 13:32:00+00:00,long,14921.0,14921.25,14921.5,14903.892857142857,14946.5,14971.5,14996.5,15021.5,85.7532383095774,high_probability,73.7532383095774,17.607142857143117,False,False,False,False,True,stop,14903.892857142857,14903.642857142857,-17.857142857143117,0.0,-17.857142857143117,-1.0141987829614603,12.25,19.75,0.6957403651115516,1.1217038539553588,2,1.0,0,2023-08-25,4.231237322515213,0.48695652173913045,0.29224652087475145,strong_bullish,13.884032634032634,1.1915478869717429,bullish,bullish,True,True,True,True
263,317927,317928,317932,2023-08-25 14:10:00+00:00,2023-08-25 14:11:00+00:00,2023-08-25 14:15:00+00:00,long,14908.0,14908.0,14908.25,14854.464285714286,14933.25,14958.25,14983.25,15008.25,71.95003564688614,near_trigger,70.95003564688614,53.785714285713766,True,True,True,True,False,tp4,15008.25,15008.0,99.75,0.0,99.75,1.8545816733067908,119.0,1.5,2.2124833997344173,0.027888446215139712,5,4.0,4,2023-08-25,1.199203187250996,1.5070821529745042,1.5879899916597164,partial_bearish,1.5176193272233711,2.1741356609938074,bullish,bullish,True,True,False,False
264,317933,317934,317936,2023-08-25 14:16:00+00:00,2023-08-25 14:17:00+00:00,2023-08-25 14:19:00+00:00,long,15033.0,15032.75,15033.0,14970.214285714286,15058.0,15083.0,15108.0,15133.0,81.10398179749716,high_probability,45.103981797497156,62.785714285713766,False,False,False,False,True,stop,14970.214285714286,14969.964285714286,-63.035714285713766,0.0,-63.035714285713766,-1.0039817974971559,16.0,80.0,0.25483503981797706,1.2741751990898853,3,2.0,0,2023-08-25,3.0420932878270763,1.3636363636363635,3.4226044226044223,strong_bullish,1.3175332588605666,2.933329565045361,bullish,bullish,True,True,False,False
265,319272,319273,319274,2023-08-28 13:35:00+00:00,2023-08-28 13:36:00+00:00,2023-08-28 13:37:00+00:00,long,15123.0,15123.0,15123.25,15090.357142857143,15148.25,15173.25,15198.25,15223.25,73.61373369374833,near_trigger,25.61373369374833,32.89285714285688,False,False,False,False,True,stop,15090.357142857143,15090.107142857143,-33.14285714285688,0.0,-33.14285714285688,-1.007600434310532,1.5,41.25,0.04560260586319254,1.254071661237795,2,1.0,0,2023-08-28,3.511400651465798,0.9989658738366081,3.0405405405405403,strong_bullish,3.0431874468969755,1.3510433386837881,bullish,bullish,True,True,True,False
266,320673,320674,320677,2023-08-29 13:56:00+00:00,2023-08-29 13:57:00+00:00,2023-08-29 14:00:00+00:00,short,15146.25,15146.25,15146.0,15171.57142857143,15121.0,15096.0,15071.0,15046.0,82.7618801275465,high_probability,-82.7618801275465,25.57142857142935,False,False,False,False,True,stop,15171.57142857143,15171.82142857143,-25.82142857142935,0.0,-25.82142857142935,-1.0097765363128488,1.75,58.5,0.06843575418994205,2.287709497206634,4,3.0,0,2023-08-29,1.094972067039106,3.847682119205298,3.252187748607796,partial_bullish,0.8085956481831434,0.9579367516119128,bearish,bearish,True,True,True,False
267,324806,324807,324866,2023-09-01 13:49:00+00:00,2023-09-01 13:50:00+00:00,2023-09-01 14:49:00+00:00,long,15517.5,15517.25,15517.5,15478.57142857143,15542.5,15567.5,15592.5,15617.5,71.21871559633027,near_trigger,71.21871559633027,38.92857142857065,True,True,True,False,False,max_holding_time,15513.5,15513.25,-4.25,0.0,-4.25,-0.10917431192660769,76.0,16.5,1.9522935779816906,0.4238532110091828,60,59.0,3,2023-09-01,1.8110091743119265,3.151969981238274,0.7104477611940299,strong_bearish,1.135921079549329,1.692347635657602,bullish,bullish,True,False,False,False
268,328734,328735,328794,2023-09-06 14:17:00+00:00,2023-09-06 14:18:00+00:00,2023-09-06 15:17:00+00:00,short,15424.25,15424.0,15423.75,15451.607142857143,15398.75,15373.75,15348.75,15323.75,70.0,near_trigger,-17.97088409451686,27.857142857143117,True,True,True,False,False,max_holding_time,15368.75,15369.0,54.75,0.0,54.75,1.965384615384597,75.5,9.25,2.710256410256385,0.33205128205127893,60,59.0,3,2023-09-06,1.9743589743589742,3.1183079973562458,4.256080114449213,partial_bearish,0.8278975085188299,1.1992153946744273,bearish,bearish,True,False,False,False
269,331452,331453,331456,2023-09-08 13:35:00+00:00,2023-09-08 13:36:00+00:00,2023-09-08 13:39:00+00:00,short,15334.5,15334.0,15333.75,15356.892857142857,15308.75,15283.75,15258.75,15233.75,74.206336834289,near_trigger,-55.206336834289004,23.142857142856883,False,False,False,False,True,stop,15356.892857142857,15357.142857142857,-23.392857142856883,0.0,-23.392857142856883,-1.0108024691358026,0.0,23.75,0.0,1.0262345679012461,4,3.0,0,2023-09-08,3.608024691358025,4.20158550396376,0.6693794506612412,strong_bullish,2.8256797923953516,0.9816864749600175,neutral,bearish,True,False,True,False
270,331473,331474,331479,2023-09-08 13:56:00+00:00,2023-09-08 13:57:00+00:00,2023-09-08 14:02:00+00:00,short,15325.0,15325.25,15325.0,15351.25,15300.0,15275.0,15250.0,15225.0,73.73333333333333,near_trigger,-40.733333333333334,26.25,False,False,False,False,True,stop,15351.25,15351.5,-26.5,0.0,-26.5,-1.0095238095238095,11.0,26.75,0.41904761904761906,1.019047619047619,6,5.0,0,2023-09-08,3.295238095238095,4.456928838951311,3.8043478260869565,partial_bullish,1.5428630608704657,1.5690456442460867,neutral,bearish,True,True,False,False
271,332414,332415,332417,2023-09-11 13:37:00+00:00,2023-09-11 13:38:00+00:00,2023-09-11 13:40:00+00:00,long,15607.75,15607.5,15607.75,15581.857142857143,15632.75,15657.75,15682.75,15707.75,73.0,near_trigger,45.52466148363641,25.892857142856883,False,False,False,False,True,stop,15581.857142857143,15581.607142857143,-26.142857142856883,0.0,-26.142857142856883,-1.0096551724137932,3.5,29.5,0.1351724137931048,1.1393103448275976,3,2.0,0,2023-09-11,2.0082758620689654,0.38961038961038963,0.15347137637028013,partial_bullish,3.179705654531371,0.9800352144200065,bullish,bullish,True,True,True,False
272,333787,333788,333788,2023-09-12 13:30:00+00:00,2023-09-12 13:31:00+00:00,2023-09-12 13:31:00+00:00,short,15588.5,15588.75,15588.5,15601.5,15563.5,15538.5,15513.5,15488.5,70.67955010961613,near_trigger,-46.67955010961613,13.0,False,False,False,False,True,stop,15601.5,15601.75,-13.25,0.0,-13.25,-1.0192307692307692,0.0,14.25,0.0,1.0961538461538463,1,0.0,0,2023-09-12,2.6538461538461537,1.025,1.3585798816568049,strong_bearish,6.712421623453651,0.5225145600970893,bearish,bearish,False,True,True,False
273,333793,333794,333799,2023-09-12 13:36:00+00:00,2023-09-12 13:37:00+00:00,2023-09-12 13:42:00+00:00,short,15617.0,15617.0,15616.75,15641.785714285714,15591.75,15566.75,15541.75,15516.75,78.0,near_trigger,-49.955300931738236,25.035714285713766,False,False,False,False,True,stop,15641.785714285714,15642.035714285714,-25.285714285713766,0.0,-25.285714285713766,-1.009985734664765,13.5,28.0,0.5392296718973008,1.1184022824536608,6,5.0,0,2023-09-12,1.5777460770328104,0.34393063583815026,1.3585798816568049,partial_bullish,1.9499072840763665,0.6418224801203525,bearish,bearish,True,True,True,False
274,335194,335195,335254,2023-09-13 13:57:00+00:00,2023-09-13 13:58:00+00:00,2023-09-13 14:57:00+00:00,short,15548.75,15549.5,15549.25,15585.035714285714,15524.25,15499.25,15474.25,15449.25,72.0,near_trigger,-48.31580148456383,35.785714285713766,True,True,True,False,False,max_holding_time,15556.75,15557.0,-7.75,0.0,-7.75,-0.2165668662674682,95.25,22.75,2.6616766467066255,0.6357285429141809,60,59.0,3,2023-09-13,1.2714570858283434,0.509090909090909,1.8798328108672935,strong_bullish,1.116106850039672,1.2898788828181715,bearish,bearish,True,True,True,False
275,337927,337928,337943,2023-09-15 13:30:00+00:00,2023-09-15 13:31:00+00:00,2023-09-15 13:46:00+00:00,short,15619.0,15619.0,15618.75,15635.892857142857,15593.75,15568.75,15543.75,15518.75,78.0,near_trigger,-78.0,17.142857142856883,True,True,True,True,False,tp4,15518.75,15519.0,99.75,0.0,99.75,5.8187500000000885,102.25,9.0,5.964583333333424,0.5250000000000079,16,15.0,4,2023-09-15,1.1375,1.1142490372272142,3.1777301927194865,partial_bearish,5.4864116937486695,1.00591292582498,bearish,bearish,True,True,True,False
276,337986,337987,338046,2023-09-15 14:29:00+00:00,2023-09-15 14:30:00+00:00,2023-09-15 15:29:00+00:00,short,15496.0,15496.25,15496.0,15520.035714285714,15471.0,15446.0,15421.0,15396.0,72.0,near_trigger,-35.209197106946164,24.035714285713766,True,True,True,False,False,max_holding_time,15430.5,15430.75,65.25,0.0,65.25,2.714710252600356,82.0,10.75,3.4115898959881865,0.44725111441308546,60,59.0,3,2023-09-15,0.37444279346210996,0.392,4.658166363084396,strong_bearish,0.6728685191047902,0.9351519664252352,bearish,bearish,True,False,True,False
277,339316,339317,339358,2023-09-18 13:39:00+00:00,2023-09-18 13:40:00+00:00,2023-09-18 14:21:00+00:00,short,15409.75,15409.75,15409.5,15440.07142857143,15384.5,15359.5,15334.5,15309.5,73.91341153616337,near_trigger,-73.91341153616337,30.57142857142935,True,False,False,False,True,stop,15440.07142857143,15440.32142857143,-30.82142857142935,0.0,-30.82142857142935,-1.0081775700934577,39.25,31.75,1.2838785046728645,1.0385514018691324,42,41.0,1,2023-09-18,0.19626168224299065,3.859375,0.4950135992747053,strong_bullish,1.7470561892468586,1.4922317099238358,bearish,bearish,True,True,False,False
278,339360,339361,339420,2023-09-18 14:23:00+00:00,2023-09-18 14:24:00+00:00,2023-09-18 15:23:00+00:00,short,15413.5,15413.5,15413.25,15436.785714285714,15388.25,15363.25,15338.25,15313.25,81.37729486844994,high_probability,-75.37729486844994,23.535714285713766,True,False,False,False,False,max_holding_time,15416.5,15416.75,-3.5,0.0,-3.5,-0.1487101669195784,49.0,14.5,2.0819423368740977,0.6160849772382534,60,59.0,1,2023-09-18,1.5295902883156298,0.6115591397849462,1.7328727691421992,partial_bullish,0.8391981944685567,0.9416489345760782,bearish,bearish,True,False,True,False
279,342068,342069,342113,2023-09-20 13:31:00+00:00,2023-09-20 13:32:00+00:00,2023-09-20 14:16:00+00:00,long,15377.0,15377.25,15377.5,15364.607142857143,15402.5,15427.5,15452.5,15477.5,76.0,near_trigger,55.10333374243432,12.892857142856883,True,True,False,False,True,stop,15364.607142857143,15364.357142857143,-13.142857142856883,0.0,-13.142857142856883,-1.019390581717452,57.75,13.75,4.479224376731392,1.0664819944598554,45,44.0,2,2023-09-20,6.825484764542937,1.8032786885245902,1.409271523178808,partial_bearish,10.58876359644746,1.370832821957096,bullish,bullish,True,True,False,False
280,346212,346213,346215,2023-09-25 13:35:00+00:00,2023-09-25 13:36:00+00:00,2023-09-25 13:38:00+00:00,short,14810.75,14810.75,14810.5,14836.32142857143,14785.5,14760.5,14735.5,14710.5,73.0,near_trigger,-49.09354089670741,25.82142857142935,False,False,False,False,True,stop,14836.32142857143,14836.57142857143,-26.07142857142935,0.0,-26.07142857142935,-1.0096818810511754,7.75,27.75,0.3001383125864363,1.0746887966804655,3,2.0,0,2023-09-25,1.3167358229598893,0.2627986348122867,0.1361111111111111,partial_bearish,3.110708339480284,1.1404552549025668,bearish,bearish,True,True,True,True
281,346217,346218,346234,2023-09-25 13:40:00+00:00,2023-09-25 13:41:00+00:00,2023-09-25 13:57:00+00:00,short,14858.25,14858.0,14857.75,14894.32142857143,14832.75,14807.75,14782.75,14757.75,78.0,near_trigger,-59.44453125,36.57142857142935,False,False,False,False,True,stop,14894.32142857143,14894.57142857143,-36.82142857142935,0.0,-36.82142857142935,-1.0068359374999998,15.5,38.75,0.42382812499999095,1.0595703124999774,17,16.0,0,2023-09-25,2.59765625,1.860759493670886,0.1361111111111111,partial_bullish,2.3065650210939235,1.538051525022209,bearish,bearish,True,True,True,False
282,347595,347596,347631,2023-09-26 13:38:00+00:00,2023-09-26 13:39:00+00:00,2023-09-26 14:14:00+00:00,short,14846.0,14845.75,14845.5,14871.714285714286,14820.5,14795.5,14770.5,14745.5,76.0,near_trigger,-33.2,26.214285714286234,True,True,True,True,False,tp4,14745.5,14745.75,99.75,0.0,99.75,3.805177111716546,106.75,0.5,4.072207084468584,0.01907356948228845,36,35.0,4,2023-09-26,2.861035422343324,0.7063389391979301,2.716595744680851,partial_bearish,2.6229668982427463,1.75686772579462,bearish,bearish,True,True,False,False
283,348969,348970,348973,2023-09-27 13:32:00+00:00,2023-09-27 13:33:00+00:00,2023-09-27 13:36:00+00:00,long,14766.75,14766.75,14767.0,14751.32142857143,14792.0,14817.0,14842.0,14867.0,73.0,near_trigger,53.791627824530586,15.678571428570649,False,False,False,False,True,stop,14751.32142857143,14751.07142857143,-15.928571428570649,0.0,-15.928571428570649,-1.0159453302961283,14.0,16.0,0.8929384965831879,1.0205011389522147,4,3.0,0,2023-09-27,1.0523917995444192,0.49633251833740827,0.09098294069861901,partial_bearish,4.167133858787059,0.9483923263982708,bullish,bullish,True,True,True,True
284,349017,349018,349048,2023-09-27 14:20:00+00:00,2023-09-27 14:21:00+00:00,2023-09-27 14:51:00+00:00,long,14727.5,14727.25,14727.5,14706.642857142857,14752.5,14777.5,14802.5,14827.5,81.92540793149978,high_probability,81.92540793149978,20.857142857143117,True,False,False,False,True,stop,14706.642857142857,14706.392857142857,-21.107142857143117,0.0,-21.107142857143117,-1.011986301369863,44.5,23.5,2.13356164383559,1.1267123287671093,31,30.0,1,2023-09-27,1.1746575342465753,2.486842105263158,2.1296969696969694,partial_bearish,1.1361719493946403,1.2306604190610908,bullish,bullish,True,False,True,False
285,350347,350348,350351,2023-09-28 13:30:00+00:00,2023-09-28 13:31:00+00:00,2023-09-28 13:34:00+00:00,short,14677.5,14677.75,14677.5,14697.92857142857,14652.5,14627.5,14602.5,14577.5,83.59414799227763,high_probability,-83.59414799227763,20.42857142857065,False,False,False,False,True,stop,14697.92857142857,14698.17857142857,-20.67857142857065,0.0,-20.67857142857065,-1.0122377622377627,16.25,34.0,0.7954545454545758,1.6643356643357279,4,3.0,0,2023-09-28,1.076923076923077,0.5458276333789329,1.246451612903226,strong_bearish,10.256688554838009,1.2031166450232984,bearish,bearish,True,False,True,False
286,350352,350353,350370,2023-09-28 13:35:00+00:00,2023-09-28 13:36:00+00:00,2023-09-28 13:53:00+00:00,short,14696.75,14696.5,14696.25,14728.42857142857,14671.25,14646.25,14621.25,14596.25,78.63883830923962,near_trigger,-78.63883830923962,32.17857142857065,True,False,False,False,True,stop,14728.42857142857,14728.67857142857,-32.42857142857065,0.0,-32.42857142857065,-1.0077691453940067,40.0,38.5,1.2430632630410956,1.1964483906770544,18,17.0,1,2023-09-28,1.1964483906770254,0.11403508771929824,1.246451612903226,partial_bullish,1.8759808752144238,0.8102016046405321,bearish,bearish,True,True,True,False
287,353107,353108,353108,2023-10-02 13:30:00+00:00,2023-10-02 13:31:00+00:00,2023-10-02 13:31:00+00:00,short,14854.0,14854.25,14854.0,14870.57142857143,14829.0,14804.0,14779.0,14754.0,73.56870155716935,near_trigger,-49.56870155716935,16.57142857142935,False,False,False,False,True,stop,14870.57142857143,14870.82142857143,-16.82142857142935,0.0,-16.82142857142935,-1.015086206896551,1.75,30.25,0.1056034482758571,1.8254310344826727,1,0.0,0,2023-10-02,1.4181034482758619,2.497863247863248,0.3050847457627119,partial_bullish,8.476050671451096,0.9819049838448604,bearish,bearish,False,False,True,False
288,353123,353124,353137,2023-10-02 13:46:00+00:00,2023-10-02 13:47:00+00:00,2023-10-02 14:00:00+00:00,short,14931.25,14931.25,14931.0,14961.714285714286,14906.0,14881.0,14856.0,14831.0,72.63758175933187,near_trigger,-52.637581759331866,30.714285714286234,True,False,False,False,True,stop,14961.714285714286,14961.964285714286,-30.964285714286234,0.0,-30.964285714286234,-1.0081395348837208,26.75,33.0,0.8709302325581249,1.0744186046511446,14,13.0,1,2023-10-02,0.6674418604651162,4.329787234042553,3.3236775818639797,partial_bullish,1.0778244527968164,0.9934888270718063,bearish,bearish,True,True,True,False
289,355867,355868,355900,2023-10-04 13:30:00+00:00,2023-10-04 13:31:00+00:00,2023-10-04 14:03:00+00:00,long,14774.5,14774.75,14775.0,14760.25,14800.0,14825.0,14850.0,14875.0,83.55162288783707,high_probability,79.55162288783707,14.75,True,True,False,False,True,stop,14760.25,14760.0,-15.0,0.0,-15.0,-1.0169491525423728,59.5,17.25,4.033898305084746,1.1694915254237288,33,32.0,2,2023-10-04,2.23728813559322,1.3704115684093439,0.2768361581920904,partial_bullish,10.049597423510466,0.9395286097963411,bullish,bullish,True,True,True,False
290,355910,355911,355921,2023-10-04 14:13:00+00:00,2023-10-04 14:14:00+00:00,2023-10-04 14:24:00+00:00,long,14786.0,14786.5,14786.75,14746.107142857143,14811.75,14836.75,14861.75,14886.75,82.53427065026362,high_probability,66.53427065026362,40.64285714285688,False,False,False,False,True,stop,14746.107142857143,14745.857142857143,-40.89285714285688,0.0,-40.89285714285688,-1.006151142355009,8.25,42.75,0.2029876977152913,1.0518453427065093,11,10.0,0,2023-10-04,2.12829525483304,1.655006031363088,0.23702894593118515,partial_bullish,1.2377548182408142,1.6470201217171994,bullish,bullish,True,False,True,False
291,357256,357257,357282,2023-10-05 13:39:00+00:00,2023-10-05 13:40:00+00:00,2023-10-05 14:05:00+00:00,short,14882.0,14882.5,14882.25,14914.42857142857,14857.25,14832.25,14807.25,14782.25,84.51659370312416,high_probability,-72.51659370312416,32.17857142857065,True,True,True,True,False,tp4,14782.25,14782.5,99.75,0.0,99.75,3.0998890122087324,108.5,1.25,3.3718091009989717,0.03884572697003424,26,25.0,4,2023-10-05,2.0510543840177577,0.7789634146341464,0.6431980906921242,partial_bearish,2.089083323480229,1.3111139380061907,bearish,bearish,True,True,True,True
292,358631,358632,358680,2023-10-06 13:34:00+00:00,2023-10-06 13:35:00+00:00,2023-10-06 14:23:00+00:00,short,14766.25,14766.0,14765.75,14801.857142857143,14740.75,14715.75,14690.75,14665.75,74.37637286408993,near_trigger,-74.37637286408993,36.10714285714312,True,True,False,False,True,stop,14801.857142857143,14802.107142857143,-36.35714285714312,0.0,-36.35714285714312,-1.006923837784372,63.75,44.5,1.7655786350148241,1.232443125618191,49,48.0,2,2023-10-06,1.6617210682492582,1.2554186145346364,3.6022005924672027,partial_bullish,2.1818084062529404,1.4509309663636445,bearish,bearish,True,True,False,False
293,361401,361402,361417,2023-10-10 13:44:00+00:00,2023-10-10 13:45:00+00:00,2023-10-10 14:00:00+00:00,short,15207.25,15207.25,15207.0,15243.964285714286,15182.0,15157.0,15132.0,15107.0,74.09745199451025,near_trigger,-72.09745199451025,36.964285714286234,False,False,False,False,True,stop,15243.964285714286,15244.214285714286,-37.214285714286234,0.0,-37.214285714286234,-1.0067632850241546,13.5,51.75,0.36521739130434266,1.3999999999999804,16,15.0,0,2023-10-10,0.6492753623188405,0.41569459172852596,0.3822525597269625,partial_bullish,1.2716504081226359,1.2597376984518291,bearish,bearish,True,True,True,False
294,362821,362822,362827,2023-10-11 14:24:00+00:00,2023-10-11 14:25:00+00:00,2023-10-11 14:30:00+00:00,long,15328.75,15328.5,15328.75,15306.92857142857,15353.75,15378.75,15403.75,15428.75,71.66288955099833,near_trigger,51.66288955099833,21.82142857142935,False,False,False,False,True,stop,15306.92857142857,15306.67857142857,-22.07142857142935,0.0,-22.07142857142935,-1.0114566284779047,3.25,28.5,0.14893617021276065,1.3060556464811317,6,5.0,0,2023-10-11,1.55810147299509,0.9962149886449659,1.19859649122807,partial_bearish,0.9634646570638176,0.7659929467976185,bullish,bullish,True,True,True,True
295,364153,364154,364186,2023-10-12 13:36:00+00:00,2023-10-12 13:37:00+00:00,2023-10-12 14:09:00+00:00,short,15403.0,15403.25,15403.0,15429.25,15378.0,15353.0,15328.0,15303.0,71.56747252747253,near_trigger,-51.56747252747253,26.25,True,False,False,False,True,stop,15429.25,15429.5,-26.5,0.0,-26.5,-1.0095238095238095,37.5,27.0,1.4285714285714286,1.0285714285714285,33,32.0,1,2023-10-12,1.3333333333333333,0.20481927710843373,2.1615798922800717,partial_bullish,3.0406019864125104,1.550069085884663,bearish,bearish,True,True,False,False
296,364193,364194,364204,2023-10-12 14:16:00+00:00,2023-10-12 14:17:00+00:00,2023-10-12 14:27:00+00:00,short,15423.5,15423.0,15422.75,15451.5,15397.75,15372.75,15347.75,15322.75,85.8,high_probability,-85.8,28.75,False,False,False,False,True,stop,15451.5,15451.75,-29.0,0.0,-29.0,-1.008695652173913,5.5,38.25,0.19130434782608696,1.3304347826086957,11,10.0,0,2023-10-12,1.9130434782608696,3.4236760124610592,1.9852034525277436,partial_bullish,1.7343378902032978,1.8564877324867108,bearish,bearish,True,True,False,False
297,364205,364206,364254,2023-10-12 14:28:00+00:00,2023-10-12 14:29:00+00:00,2023-10-12 15:17:00+00:00,short,15428.5,15428.75,15428.5,15455.964285714286,15403.5,15378.5,15353.5,15328.5,70.2,near_trigger,-70.2,27.464285714286234,True,False,False,False,True,stop,15455.964285714286,15456.214285714286,-27.714285714286234,0.0,-27.714285714286234,-1.0091027308192455,31.75,30.0,1.1560468140441913,1.092327698309472,49,48.0,1,2023-10-12,0.8556566970091027,1.7389473684210526,1.9852034525277436,partial_bullish,1.5441867101023672,1.777254751707057,bearish,bearish,True,True,False,False
298,365534,365535,365564,2023-10-13 13:37:00+00:00,2023-10-13 13:38:00+00:00,2023-10-13 14:07:00+00:00,long,15317.0,15317.25,15317.5,15289.607142857143,15342.5,15367.5,15392.5,15417.5,73.82216710379227,near_trigger,31.822167103792268,27.892857142856883,True,False,False,False,True,stop,15289.607142857143,15289.357142857143,-28.142857142856883,0.0,-28.142857142856883,-1.0089628681177978,45.0,31.75,1.6133162612036003,1.138284250960318,30,29.0,1,2023-10-13,1.9001280409731114,0.5011547344110855,3.8013964313421256,partial_bearish,1.8709541971377583,1.0142645775636405,neutral,bullish,True,True,True,False
299,368316,368317,368323,2023-10-17 13:59:00+00:00,2023-10-17 14:00:00+00:00,2023-10-17 14:06:00+00:00,short,15079.0,15079.25,15079.0,15107.642857142857,15054.0,15029.0,15004.0,14979.0,72.51911528189017,near_trigger,-44.519115281890166,28.642857142856883,False,False,False,False,True,stop,15107.642857142857,15107.892857142857,-28.892857142856883,0.0,-28.892857142856883,-1.0087281795511223,7.5,29.5,0.26184538653366823,1.0299251870324282,7,6.0,0,2023-10-17,1.1870324189526185,3.480225988700565,4.816559600285511,partial_bearish,0.6749118362886802,1.0397918579736762,bearish,bearish,False,True,True,False
300,369673,369674,369716,2023-10-18 13:36:00+00:00,2023-10-18 13:37:00+00:00,2023-10-18 14:19:00+00:00,short,15171.25,15171.5,15171.25,15199.857142857143,15146.25,15121.25,15096.25,15071.25,70.04244694132335,near_trigger,-52.04244694132335,28.607142857143117,True,False,False,False,True,stop,15199.857142857143,15200.107142857143,-28.857142857143117,0.0,-28.857142857143117,-1.0087390761548065,49.75,35.0,1.7390761548064761,1.2234706616728976,43,42.0,1,2023-10-18,2.9013732833957553,3.086729362591431,1.7353215284249768,partial_bullish,2.7757949905147745,1.501365193648806,bearish,bearish,False,True,False,False
301,369718,369719,369733,2023-10-18 14:21:00+00:00,2023-10-18 14:22:00+00:00,2023-10-18 14:36:00+00:00,short,15209.0,15209.5,15209.25,15240.32142857143,15184.25,15159.25,15134.25,15109.25,70.77389920424403,near_trigger,-70.77389920424403,31.07142857142935,True,True,True,True,False,tp4,15109.25,15109.5,99.75,0.0,99.75,3.2103448275861264,101.25,13.75,3.2586206896550904,0.4425287356321728,15,14.0,4,2023-10-18,2.4459770114942527,1.2593818984547462,1.0795805058605799,strong_bullish,1.1916785942549533,1.7090111025045185,bearish,bearish,True,False,False,False
302,371053,371054,371059,2023-10-19 13:36:00+00:00,2023-10-19 13:37:00+00:00,2023-10-19 13:42:00+00:00,long,15056.75,15057.0,15057.25,15029.107142857143,15082.25,15107.25,15132.25,15157.25,74.0,near_trigger,31.43604824501965,28.142857142856883,False,False,False,False,True,stop,15029.107142857143,15028.857142857143,-28.392857142856883,0.0,-28.392857142856883,-1.0088832487309645,1.5,33.25,0.053299492385787295,1.181472081218285,6,5.0,0,2023-10-19,2.8248730964467006,1.2901459854014599,2.2329945269741986,partial_bearish,2.724974140903344,1.204939693725437,bullish,bullish,False,True,True,False
303,373810,373811,373827,2023-10-23 13:33:00+00:00,2023-10-23 13:34:00+00:00,2023-10-23 13:50:00+00:00,short,14580.0,14580.5,14580.25,14606.214285714286,14555.25,14530.25,14505.25,14480.25,83.73140178284928,high_probability,-59.731401782849275,25.964285714286234,True,True,False,False,True,stop,14606.214285714286,14606.464285714286,-26.214285714286234,0.0,-26.214285714286234,-1.009628610729023,66.0,29.25,2.5419532324621223,1.1265474552957133,17,16.0,2,2023-10-23,1.7909215955983493,0.981549815498155,0.8671641791044776,partial_bearish,3.8013952418674775,1.1642522285615897,bearish,bearish,True,True,True,False
304,375197,375198,375202,2023-10-24 13:40:00+00:00,2023-10-24 13:41:00+00:00,2023-10-24 13:45:00+00:00,long,14828.75,14829.0,14829.25,14790.035714285714,14854.25,14879.25,14904.25,14929.25,84.22442057659694,high_probability,58.22442057659694,39.214285714286234,False,False,False,False,True,stop,14790.035714285714,14789.785714285714,-39.464285714286234,0.0,-39.464285714286234,-1.006375227686703,8.0,47.0,0.20400728597449638,1.1985428051001663,5,4.0,0,2023-10-24,1.7340619307832421,1.6338329764453963,0.5666337611056268,partial_bullish,2.4457370196907893,1.5817930135982412,bullish,bullish,True,True,True,False
305,376568,376569,376623,2023-10-25 13:31:00+00:00,2023-10-25 13:32:00+00:00,2023-10-25 14:26:00+00:00,short,14703.5,14703.25,14703.0,14720.285714285714,14678.0,14653.0,14628.0,14603.0,81.6,high_probability,-67.6,17.285714285713766,True,True,True,True,False,tp4,14603.0,14603.25,99.75,0.0,99.75,5.770661157024967,103.0,0.5,5.958677685950592,0.028925619834711612,55,54.0,4,2023-10-25,4.975206611570248,0.8839941262848752,2.51006711409396,strong_bearish,10.774151718175924,1.5877343287194807,bearish,bearish,False,True,True,False
306,376624,376625,376628,2023-10-25 14:27:00+00:00,2023-10-25 14:28:00+00:00,2023-10-25 14:31:00+00:00,short,14603.75,14604.0,14603.75,14632.892857142857,14578.75,14553.75,14528.75,14503.75,74.0,near_trigger,-66.59509803921569,29.142857142856883,False,False,False,False,True,stop,14632.892857142857,14633.142857142857,-29.392857142856883,0.0,-29.392857142856883,-1.008578431372549,2.5,38.0,0.08578431372549096,1.3039215686274626,4,3.0,0,2023-10-25,1.3382352941176472,0.7394957983193278,4.472222222222222,strong_bearish,2.246007918896576,1.8301286975430469,bearish,bearish,True,True,True,True
307,377959,377960,377966,2023-10-26 13:42:00+00:00,2023-10-26 13:43:00+00:00,2023-10-26 13:49:00+00:00,long,14413.0,14413.0,14413.25,14360.17857142857,14438.25,14463.25,14488.25,14513.25,73.53912650385789,near_trigger,51.53912650385789,53.07142857142935,False,False,False,False,True,stop,14360.17857142857,14359.92857142857,-53.32142857142935,0.0,-53.32142857142935,-1.0047106325706594,16.25,58.0,0.3061911170928623,1.0928667563929853,7,6.0,0,2023-10-26,0.2920592193808883,1.593103448275862,3.119314436387607,partial_bearish,1.7282899537825347,1.8877091102318122,bullish,bullish,True,True,False,False
308,378005,378006,378010,2023-10-26 14:28:00+00:00,2023-10-26 14:29:00+00:00,2023-10-26 14:33:00+00:00,long,14330.25,14330.0,14330.25,14292.32142857143,14355.25,14380.25,14405.25,14430.25,98.4,a_plus_plus,72.4,37.92857142857065,False,False,False,False,True,stop,14292.32142857143,14292.07142857143,-38.17857142857065,0.0,-38.17857142857065,-1.0065913370998119,0.0,39.25,0.0,1.0348399246704545,5,4.0,0,2023-10-26,2.8606403013182673,1.3970401691331924,2.5494018608772704,partial_bearish,2.3064312042691313,2.67048856615071,bullish,bullish,True,True,True,False
309,379333,379334,379352,2023-10-27 13:36:00+00:00,2023-10-27 13:37:00+00:00,2023-10-27 13:55:00+00:00,long,14323.0,14323.0,14323.25,14291.07142857143,14348.25,14373.25,14398.25,14423.25,77.0876050613435,near_trigger,77.0876050613435,32.17857142857065,True,False,False,False,True,stop,14291.07142857143,14290.82142857143,-32.42857142857065,0.0,-32.42857142857065,-1.0077691453940067,33.0,32.25,1.025527192008904,1.0022197558268833,19,18.0,1,2023-10-27,0.015538290788013318,0.18229166666666666,0.6511627906976745,partial_bullish,2.4075669466580516,1.025448930135845,bullish,bullish,True,True,True,False
310,382095,382096,382155,2023-10-31 13:38:00+00:00,2023-10-31 13:39:00+00:00,2023-10-31 14:38:00+00:00,long,14338.25,14337.75,14338.0,14306.464285714286,14363.0,14388.0,14413.0,14438.0,70.90295385699201,near_trigger,70.90295385699201,31.535714285713766,True,True,True,False,False,max_holding_time,14351.0,14350.75,12.75,0.0,12.75,0.40430351075878357,79.5,26.75,2.5209513023782977,0.8482446206115655,60,59.0,3,2023-10-31,3.0600226500566254,1.854054054054054,1.0129198966408268,strong_bearish,1.7225566492897366,1.0517003948892394,bullish,bullish,True,True,False,False
311,383503,383504,383563,2023-11-01 14:06:00+00:00,2023-11-01 14:07:00+00:00,2023-11-01 15:06:00+00:00,long,14552.25,14552.75,14553.0,14518.607142857143,14578.0,14603.0,14628.0,14653.0,72.24361370716511,near_trigger,72.24361370716511,34.39285714285688,True,True,True,False,False,max_holding_time,14637.5,14637.25,84.25,0.0,84.25,2.4496365524403094,96.5,23.0,2.805815160955369,0.6687435098650103,60,59.0,3,2023-11-01,1.0176531671858773,0.7357357357357358,2.121495327102804,partial_bullish,1.9559384073426813,1.5301475891617238,bullish,bullish,True,True,False,False
312,386274,386275,386283,2023-11-03 14:17:00+00:00,2023-11-03 14:18:00+00:00,2023-11-03 14:26:00+00:00,long,15110.5,15110.5,15110.75,15082.892857142857,15135.75,15160.75,15185.75,15210.75,80.39625879099222,high_probability,80.39625879099222,27.857142857143117,False,False,False,False,True,stop,15082.892857142857,15082.642857142857,-28.107142857143117,0.0,-28.107142857143117,-1.008974358974359,6.0,50.5,0.21538461538461337,1.812820512820496,9,8.0,0,2023-11-03,0.8615384615384615,0.7668789808917198,1.4,partial_bullish,0.792896305668593,0.8940414374582284,bullish,bullish,True,True,True,True
313,387659,387660,387662,2023-11-06 15:22:00+00:00,2023-11-06 15:23:00+00:00,2023-11-06 15:25:00+00:00,long,15224.0,15223.75,15224.0,15201.5,15249.0,15274.0,15299.0,15324.0,71.8986279977691,near_trigger,64.8986279977691,22.5,False,False,False,False,True,stop,15201.5,15201.25,-22.75,0.0,-22.75,-1.011111111111111,2.75,23.5,0.12222222222222222,1.0444444444444445,3,2.0,0,2023-11-06,1.1555555555555554,0.17384952520087654,0.9659735349716446,partial_bearish,1.2046891381008356,0.9399516638780443,bullish,bullish,True,True,True,False
314,393134,393135,393194,2023-11-10 14:37:00+00:00,2023-11-10 14:38:00+00:00,2023-11-10 15:37:00+00:00,long,15335.75,15336.0,15336.25,15314.75,15361.25,15386.25,15411.25,15436.25,70.56347787410377,near_trigger,44.56347787410377,21.5,True,True,False,False,False,max_holding_time,15331.75,15331.5,-4.75,0.0,-4.75,-0.22093023255813954,52.75,14.25,2.453488372093023,0.6627906976744186,60,59.0,2,2023-11-10,1.5348837209302326,0.6845425867507886,2.354228855721393,strong_bullish,3.1906712890009454,1.2683008310017956,bullish,bullish,True,True,False,False
315,397268,397269,397269,2023-11-15 14:31:00+00:00,2023-11-15 14:32:00+00:00,2023-11-15 14:32:00+00:00,long,15954.75,15954.5,15954.75,15939.464285714286,15979.75,16004.75,16029.75,16054.75,74.55657434186199,near_trigger,74.55657434186199,15.285714285713766,False,False,False,False,True,stop,15939.464285714286,15939.214285714286,-15.535714285713766,0.0,-15.535714285713766,-1.0163551401869164,0.75,18.75,0.049065420560749334,1.2266355140187333,1,0.0,0,2023-11-15,0.9485981308411214,0.157439446366782,1.4614220877458397,partial_bearish,4.334767305436058,0.735437553495717,bullish,bullish,True,False,True,False
316,397272,397273,397277,2023-11-15 14:35:00+00:00,2023-11-15 14:36:00+00:00,2023-11-15 14:40:00+00:00,long,15967.5,15967.75,15968.0,15947.82142857143,15993.0,16018.0,16043.0,16068.0,83.1305650003185,high_probability,57.1305650003185,20.17857142857065,False,False,False,False,True,stop,15947.82142857143,15947.57142857143,-20.42857142857065,0.0,-20.42857142857065,-1.0123893805309738,6.0,22.5,0.2973451327433743,1.1150442477876537,5,4.0,0,2023-11-15,1.561061946902655,0.35782747603833864,1.4614220877458397,partial_bullish,2.667833242687224,0.8539142149998864,bullish,bullish,True,True,True,False
317,401431,401432,401443,2023-11-20 14:54:00+00:00,2023-11-20 14:55:00+00:00,2023-11-20 15:06:00+00:00,short,15982.5,15982.0,15981.75,16001.42857142857,15956.75,15931.75,15906.75,15881.75,78.57261644178843,near_trigger,-67.57261644178843,19.67857142857065,False,False,False,False,True,stop,16001.42857142857,16001.67857142857,-19.92857142857065,0.0,-19.92857142857065,-1.0127041742286755,3.75,21.25,0.1905626134301346,1.0798548094374294,12,11.0,0,2023-11-20,1.8039927404718694,3.9295454545454547,3.3950617283950617,strong_bullish,0.916591346265267,1.042284328840047,neutral,bearish,True,True,True,False
318,401465,401466,401525,2023-11-20 15:28:00+00:00,2023-11-20 15:29:00+00:00,2023-11-20 16:28:00+00:00,long,15961.5,15961.0,15961.25,15941.857142857143,15986.25,16011.25,16036.25,16061.25,77.17531326625812,near_trigger,70.17531326625812,19.392857142856883,True,True,False,False,False,max_holding_time,16007.25,16007.0,45.75,0.0,45.75,2.359116022099479,57.25,19.0,2.952117863720113,0.979742173112352,60,59.0,2,2023-11-20,1.8563535911602211,2.087431693989071,2.4151753758052967,partial_bullish,0.9319111913124738,0.7564344005021971,bullish,bullish,True,False,False,False
319,402787,402788,402791,2023-11-21 14:30:00+00:00,2023-11-21 14:31:00+00:00,2023-11-21 14:34:00+00:00,short,15994.25,15994.25,15994.0,16005.392857142857,15969.0,15944.0,15919.0,15894.0,73.58044502904747,near_trigger,-48.58044502904747,11.392857142856883,False,False,False,False,True,stop,16005.392857142857,16005.642857142857,-11.642857142856883,0.0,-11.642857142856883,-1.021943573667712,13.5,14.5,1.1849529780564534,1.2727272727273018,4,3.0,0,2023-11-21,1.9310344827586208,0.9204152249134948,1.5333333333333334,partial_bearish,12.042396451928138,0.975556286309328,neutral,bearish,True,True,True,False
320,404209,404210,404215,2023-11-22 15:12:00+00:00,2023-11-22 15:13:00+00:00,2023-11-22 15:18:00+00:00,long,16043.75,16043.5,16043.75,16012.214285714286,16068.75,16093.75,16118.75,16143.75,82.32739343445732,high_probability,64.32739343445732,31.535714285713766,False,False,False,False,True,stop,16012.214285714286,16011.964285714286,-31.785714285713766,0.0,-31.785714285713766,-1.0079275198187996,0.25,38.5,0.007927519818799678,1.2208380520951503,6,5.0,0,2023-11-22,1.2684031710079275,4.266747133373567,0.44245676803816336,partial_bullish,0.9360244902194781,1.4803063457330417,bullish,bullish,True,False,True,False
321,404218,404219,404278,2023-11-22 15:21:00+00:00,2023-11-22 15:22:00+00:00,2023-11-22 16:21:00+00:00,long,16044.75,16044.5,16044.75,16019.75,16069.75,16094.75,16119.75,16144.75,83.0,high_probability,71.0,25.0,True,True,False,False,False,max_holding_time,16053.0,16052.75,8.0,0.0,8.0,0.32,54.25,17.75,2.17,0.71,60,59.0,2,2023-11-22,1.5,0.836283185840708,0.8961807423345886,partial_bearish,1.3074759027809804,1.5786396413954396,bullish,bullish,True,True,True,False
322,406695,406696,406755,2023-11-24 14:38:00+00:00,2023-11-24 14:39:00+00:00,2023-11-24 15:38:00+00:00,short,16019.25,16019.25,16019.0,16043.32142857143,15994.0,15969.0,15944.0,15919.0,70.41698111501007,near_trigger,-44.416981115010074,24.32142857142935,True,False,False,False,False,max_holding_time,15997.5,15997.75,21.25,0.0,21.25,0.8737151248164184,29.0,18.25,1.1923641703377004,0.750367107195277,60,59.0,1,2023-11-24,2.5903083700440526,0.6688632619439868,0.6189856957087125,partial_bearish,1.9266535690897184,0.9647377740856524,bearish,bearish,True,True,False,False
323,407853,407854,407881,2023-11-27 14:41:00+00:00,2023-11-27 14:42:00+00:00,2023-11-27 15:09:00+00:00,short,16003.5,16003.75,16003.5,16035.42857142857,15978.5,15953.5,15928.5,15903.5,72.1972685086438,near_trigger,-72.1972685086438,31.92857142857065,False,False,False,False,True,stop,16035.42857142857,16035.67857142857,-32.17857142857065,0.0,-32.17857142857065,-1.0078299776286355,19.75,41.75,0.6185682326622075,1.3076062639821349,28,27.0,0,2023-11-27,1.4563758389261745,1.608982826948481,1.3500660501981507,partial_bullish,1.3710278432761969,1.3895320761258527,bearish,bearish,True,True,True,True
324,409226,409227,409286,2023-11-28 14:34:00+00:00,2023-11-28 14:35:00+00:00,2023-11-28 15:34:00+00:00,short,15998.0,15998.0,15997.75,16014.642857142857,15972.75,15947.75,15922.75,15897.75,70.87541252597444,near_trigger,-70.87541252597444,16.892857142856883,True,False,False,False,False,max_holding_time,15988.25,15988.5,9.25,0.0,9.25,0.5475687103594165,39.5,8.0,2.3382663847780485,0.47357293868922506,60,59.0,1,2023-11-28,2.7822410147991543,0.28413284132841327,1.5272727272727271,strong_bullish,2.7655474733850376,1.1237582578908736,bearish,bearish,True,False,False,False
325,412012,412013,412028,2023-11-30 15:00:00+00:00,2023-11-30 15:01:00+00:00,2023-11-30 15:16:00+00:00,short,15956.25,15955.75,15955.5,15982.035714285714,15930.5,15905.5,15880.5,15855.5,73.59471224679797,near_trigger,-51.59471224679797,26.535714285713766,True,False,False,False,True,stop,15982.035714285714,15982.285714285714,-26.785714285713766,0.0,-26.785714285713766,-1.0094212651413192,36.75,36.5,1.3849259757739167,1.3755047106325975,16,15.0,1,2023-11-30,1.1305518169582773,2.765564950038432,4.016058394160583,strong_bearish,1.560451028881276,1.2433903084974647,bearish,bearish,True,True,True,False
326,413367,413368,413368,2023-12-01 14:35:00+00:00,2023-12-01 14:36:00+00:00,2023-12-01 14:36:00+00:00,short,15882.25,15882.0,15881.75,15903.285714285714,15856.75,15831.75,15806.75,15781.75,72.3874883574093,near_trigger,-46.387488357409296,21.535714285713766,False,False,False,False,True,stop,15903.285714285714,15903.535714285714,-21.785714285713766,0.0,-21.785714285713766,-1.0116086235489223,0.5,24.0,0.023217247097844673,1.1144278606965443,1,0.0,0,2023-12-01,3.5522388059701493,3.170860927152318,0.016766467065868262,partial_bearish,2.737645608873693,1.2190847127555988,bearish,bearish,True,True,False,False
327,413382,413383,413392,2023-12-01 14:50:00+00:00,2023-12-01 14:51:00+00:00,2023-12-01 15:00:00+00:00,short,15912.5,15912.5,15912.25,15938.25,15887.25,15862.25,15837.25,15812.25,88.15384615384616,high_probability,-76.15384615384616,26.0,False,False,False,False,True,stop,15938.25,15938.5,-26.25,0.0,-26.25,-1.0096153846153846,7.5,28.75,0.28846153846153844,1.1057692307692308,10,9.0,0,2023-12-01,2.0,0.08179162609542356,0.4804575786463298,partial_bearish,1.17960492875046,1.785406359017894,bearish,bearish,True,True,True,False
328,416124,416125,416128,2023-12-05 14:32:00+00:00,2023-12-05 14:33:00+00:00,2023-12-05 14:36:00+00:00,short,15805.0,15804.75,15804.5,15824.67857142857,15779.5,15754.5,15729.5,15704.5,78.0,near_trigger,-57.871868951517726,20.17857142857065,False,False,False,False,True,stop,15824.67857142857,15824.92857142857,-20.42857142857065,0.0,-20.42857142857065,-1.0123893805309738,17.5,26.0,0.8672566371681751,1.2884955752212888,4,3.0,0,2023-12-05,2.2548672566371684,0.9320652173913044,0.40867389491242706,partial_bearish,3.797268907563025,0.9101638106028419,bearish,bearish,True,True,True,False
329,416152,416153,416180,2023-12-05 15:00:00+00:00,2023-12-05 15:01:00+00:00,2023-12-05 15:28:00+00:00,long,15894.5,15894.75,15895.0,15865.75,15920.0,15945.0,15970.0,15995.0,80.4,high_probability,44.400000000000006,29.25,True,False,False,False,True,stop,15865.75,15865.5,-29.5,0.0,-29.5,-1.0085470085470085,41.75,29.5,1.4273504273504274,1.0085470085470085,28,27.0,1,2023-12-05,2.2222222222222223,2.890688259109312,1.696969696969697,strong_bullish,2.720379271055699,1.8731063338623575,bullish,bullish,False,True,True,False
330,416181,416182,416232,2023-12-05 15:29:00+00:00,2023-12-05 15:30:00+00:00,2023-12-05 16:20:00+00:00,long,15891.5,15891.5,15891.75,15863.214285714286,15916.75,15941.75,15966.75,15991.75,85.72215269086358,high_probability,84.72215269086358,28.535714285713766,True,True,False,False,True,stop,15863.214285714286,15862.964285714286,-28.785714285713766,0.0,-28.785714285713766,-1.0087609511889863,70.0,34.0,2.45306633291619,1.1914893617021494,51,50.0,2,2023-12-05,1.6996245306633293,1.998843930635838,3.3391506689936006,partial_bullish,0.9503592748726841,1.8942810035557496,bullish,bullish,True,True,True,False
331,417560,417561,417620,2023-12-06 15:28:00+00:00,2023-12-06 15:29:00+00:00,2023-12-06 16:28:00+00:00,long,15901.5,15901.5,15901.75,15870.75,15926.75,15951.75,15976.75,16001.75,73.50967741935484,near_trigger,65.50967741935484,31.0,True,False,False,False,False,max_holding_time,15919.0,15918.75,17.0,0.0,17.0,0.5483870967741935,48.0,10.0,1.5483870967741935,0.3225806451612903,60,59.0,1,2023-12-06,0.7741935483870968,1.79570516540917,1.9486850545221295,strong_bearish,0.987975592246949,1.616591722492429,bullish,bullish,True,False,False,False
332,418884,418885,418898,2023-12-07 14:32:00+00:00,2023-12-07 14:33:00+00:00,2023-12-07 14:46:00+00:00,long,15950.0,15950.0,15950.25,15934.714285714286,15975.25,16000.25,16025.25,16050.25,85.6,high_probability,39.599999999999994,15.535714285713766,True,False,False,False,True,stop,15934.714285714286,15934.464285714286,-15.785714285713766,0.0,-15.785714285713766,-1.0160919540229891,31.75,24.25,2.0436781609196086,1.5609195402299372,14,13.0,1,2023-12-07,1.8022988505747126,1.74,4.424870466321243,strong_bullish,6.097332966730822,1.726954855892408,neutral,bullish,True,True,True,False
333,420292,420293,420299,2023-12-08 15:00:00+00:00,2023-12-08 15:01:00+00:00,2023-12-08 15:07:00+00:00,short,16031.5,16031.75,16031.5,16064.57142857143,16006.5,15981.5,15956.5,15931.5,78.0,near_trigger,-67.7864077669903,33.07142857142935,False,False,False,False,True,stop,16064.57142857143,16064.82142857143,-33.32142857142935,0.0,-33.32142857142935,-1.00755939524838,21.5,41.5,0.6501079913606759,1.254859611231072,7,6.0,0,2023-12-08,2.192224622030238,1.2222222222222223,0.753208292201382,strong_bullish,2.531909477690639,1.9251258041326427,bearish,bearish,True,False,True,False
334,420318,420319,420378,2023-12-08 15:26:00+00:00,2023-12-08 15:27:00+00:00,2023-12-08 16:26:00+00:00,short,16092.0,16092.25,16092.0,16117.07142857143,16067.0,16042.0,16017.0,15992.0,77.25629557460462,near_trigger,-77.25629557460462,25.07142857142935,True,True,False,False,False,max_holding_time,16055.0,16055.25,36.75,0.0,36.75,1.4658119658119202,71.75,20.0,2.861823361823273,0.7977207977207729,60,59.0,2,2023-12-08,0.41880341880341876,3.596330275229358,2.8301724137931035,partial_bullish,0.8948678310254471,1.1188025166888271,bearish,bearish,True,False,True,False
335,423023,423024,423043,2023-12-12 14:31:00+00:00,2023-12-12 14:32:00+00:00,2023-12-12 14:51:00+00:00,short,16427.75,16427.75,16427.5,16446.714285714286,16402.5,16377.5,16352.5,16327.5,71.43669209606486,near_trigger,-53.43669209606486,19.214285714286234,True,False,False,False,True,stop,16446.714285714286,16446.964285714286,-19.464285714286234,0.0,-19.464285714286234,-1.0130111524163565,31.0,21.25,1.6133828996282091,1.1059479553903047,20,19.0,1,2023-12-12,2.8624535315985127,0.5192727272727273,2.16260162601626,strong_bearish,6.601048340128131,0.7586903988914847,bearish,bearish,True,True,False,False
336,425809,425810,425850,2023-12-14 14:57:00+00:00,2023-12-14 14:58:00+00:00,2023-12-14 15:38:00+00:00,short,16867.0,16867.25,16867.0,16891.964285714286,16842.0,16817.0,16792.0,16767.0,71.14649499284693,near_trigger,-71.14649499284693,24.964285714286234,True,True,True,True,False,tp4,16767.0,16767.25,99.75,0.0,99.75,3.9957081545063544,100.0,1.75,4.005722460657999,0.07010014306151499,41,40.0,4,2023-12-14,1.742489270386266,1.6612209802235598,0.9670682730923694,strong_bullish,1.347035611992772,2.115035707392395,bearish,bearish,True,True,False,False
337,427207,427208,427267,2023-12-15 15:15:00+00:00,2023-12-15 15:16:00+00:00,2023-12-15 16:15:00+00:00,long,16847.0,16846.5,16846.75,16823.964285714286,16871.75,16896.75,16921.75,16946.75,70.1021332512357,near_trigger,44.1021332512357,22.785714285713766,True,False,False,False,False,max_holding_time,16854.75,16854.5,7.75,0.0,7.75,0.34012539184953755,30.0,11.5,1.3166144200627259,0.5047021943573783,60,59.0,1,2023-12-15,2.040752351097179,1.2635046113306982,1.935483870967742,strong_bullish,1.5406396340799362,1.1292339621637442,bullish,bullish,True,True,False,True
338,431307,431308,431367,2023-12-20 14:35:00+00:00,2023-12-20 14:36:00+00:00,2023-12-20 15:35:00+00:00,long,16992.25,16992.75,16993.0,16979.785714285714,17018.0,17043.0,17068.0,17093.0,78.69933422450963,near_trigger,78.69933422450963,13.214285714286234,True,True,True,False,False,max_holding_time,17060.25,17060.0,67.0,0.0,67.0,5.070270270270071,80.5,3.0,6.0918918918916525,0.2270270270270181,60,59.0,3,2023-12-20,1.2108108108108109,1.548235294117647,0.6858108108108109,strong_bullish,2.796833773087071,0.7511948076640538,bullish,bullish,True,False,True,False
339,432682,432683,432684,2023-12-21 14:30:00+00:00,2023-12-21 14:31:00+00:00,2023-12-21 14:32:00+00:00,long,16945.5,16945.25,16945.5,16930.178571428572,16970.5,16995.5,17020.5,17045.5,73.79118030143275,near_trigger,68.79118030143275,15.321428571427532,False,False,False,False,True,stop,16930.178571428572,16929.928571428572,-15.571428571427532,0.0,-15.571428571427532,-1.0163170163170174,13.25,19.0,0.8648018648019234,1.2400932400933242,2,1.0,0,2023-12-21,3.5244755244755246,0.5522935779816514,2.032450896669513,partial_bullish,12.84134739007457,1.2389753767909197,bullish,neutral,True,True,True,False
340,432685,432686,432694,2023-12-21 14:33:00+00:00,2023-12-21 14:34:00+00:00,2023-12-21 14:42:00+00:00,long,16921.5,16921.75,16922.0,16901.10714285714,16947.0,16972.0,16997.0,17022.0,73.0,near_trigger,67.71958863763123,20.892857142858702,False,False,False,False,True,stop,16901.10714285714,16900.85714285714,-21.142857142858702,0.0,-21.142857142858702,-1.011965811965811,16.75,21.25,0.8017094017093419,1.017094017093941,9,8.0,0,2023-12-21,0.2871794871794872,0.5522935779816514,2.032450896669513,partial_bearish,2.2125493190785286,0.8505142029609479,bullish,bullish,True,True,True,False
341,432722,432723,432782,2023-12-21 15:10:00+00:00,2023-12-21 15:11:00+00:00,2023-12-21 16:10:00+00:00,long,16866.5,16866.25,16866.5,16836.821428571428,16891.5,16916.5,16941.5,16966.5,73.8546329723225,near_trigger,73.8546329723225,29.678571428572468,True,True,False,False,False,max_holding_time,16874.5,16874.25,7.75,0.0,7.75,0.26113116726834223,67.0,12.75,2.257521058965023,0.42960288808662755,60,59.0,2,2023-12-21,0.6401925391095067,3.4115898959881132,2.25496915695682,strong_bearish,1.2387090758633552,1.6076722938222303,bullish,bullish,True,True,False,False
342,434076,434077,434093,2023-12-22 14:44:00+00:00,2023-12-22 14:45:00+00:00,2023-12-22 15:01:00+00:00,long,17032.75,17032.5,17032.75,17006.464285714286,17057.75,17082.75,17107.75,17132.75,72.70652173913044,near_trigger,46.70652173913044,26.285714285713766,False,False,False,False,True,stop,17006.464285714286,17006.214285714286,-26.535714285713766,0.0,-26.535714285713766,-1.0095108695652175,8.5,26.5,0.3233695652173977,1.0081521739130634,17,16.0,0,2023-12-22,2.0543478260869565,0.3085399449035812,2.663716814159292,strong_bullish,1.8350527688841458,1.7464168829703193,bullish,bullish,True,True,False,False
343,438237,438238,438257,2023-12-28 15:05:00+00:00,2023-12-28 15:06:00+00:00,2023-12-28 15:25:00+00:00,short,17110.5,17110.75,17110.5,17124.60714285714,17085.5,17060.5,17035.5,17010.5,84.16741882223445,high_probability,-84.16741882223445,14.107142857141298,False,False,False,False,True,stop,17124.60714285714,17124.85714285714,-14.357142857141298,0.0,-14.357142857141298,-1.0177215189873436,7.75,16.75,0.5493670886076557,1.1873417721520299,20,19.0,0,2023-12-28,1.4177215189873418,0.9531914893617022,3.130434782608696,strong_bearish,4.390172820796782,1.6177844600762499,bearish,bearish,True,True,True,True
