trade_id,signal_index,entry_index,exit_index,signal_time,entry_time,exit_time,direction,signal_close,entry_price_raw,entry_price,stop_price,tp1,tp2,tp3,tp4,raw_score,score_band,score_edge,stop_distance_points,tp1_hit,tp2_hit,tp3_hit,tp4_hit,stop_hit,exit_reason,exit_price_raw,exit_price,gross_result_points,commission_cost,net_result_points,net_result_r,mfe_points,mae_points,mfe_r,mae_r,bars_held,minutes_held,maximum_target_reached,session_date,snr_1m,snr_5m,snr_15m,snr_alignment,rvol_rolling,rvol_time_of_day,htf_bias,dol_direction,liquidity_sweep,displacement,structure_shift,fvg_context,setup_family,feature_matched,directional_displacement,opposite_displacement,displacement_any_exact,displacement_direction_exact,displacement_category_exact,displacement_score,displacement_atr,displacement_body,displacement_range,displacement_body_atr_ratio,displacement_range_atr_ratio,displacement_close_location,displacement_rvol,structure_break_same_direction,mss_same_direction,choch_same_direction,bos_same_direction,fvg_same_direction,year
1,972,973,1032,2022-10-03 14:12:00+00:00,2022-10-03 14:13:00+00:00,2022-10-03 15:12:00+00:00,long,11157.75,11158.25,11158.5,11133.5,11183.5,11208.5,11233.5,11258.5,72.0,70-79,72.0,25.0,True,True,True,False,False,max_holding_time,11213.25,11213.0,54.5,0.0,54.5,2.18,78.25,23.5,3.13,0.94,60,59.0,3,2022-10-03,0.8114186851211073,2.5643919958953307,0.0893470790378006,partial_bearish,0.6277917557996475,,bullish,bullish,True,False,True,False,reversal,True,False,False,False,neutral,none,26.91033490754608,20.642857142857142,7.5,16.75,0.3633217993079585,0.8114186851211073,0.3880597014925373,,False,False,False,False,False,2023
2,3691,3692,3693,2022-10-05 13:31:00+00:00,2022-10-05 13:32:00+00:00,2022-10-05 13:33:00+00:00,short,11502.5,11502.75,11502.5,11527.5,11477.5,11452.5,11427.5,11402.5,88.0,80-89,-34.85664488017429,25.0,False,False,False,False,True,stop,11527.5,11527.75,-25.25,0.0,-25.25,-1.01,0.75,36.5,0.03,1.46,2,1.0,0,2022-10-05,2.440087145969499,2.15625,2.32468495181616,partial_bearish,4.131540697674419,,bearish,bearish,True,False,True,False,reversal,True,False,False,False,bullish,strong,76.19462599854756,8.196428571428571,2.25,15.0,0.27450980392156865,1.8300653594771243,0.65,,False,False,False,False,False,2023
3,3694,3695,3725,2022-10-05 13:34:00+00:00,2022-10-05 13:35:00+00:00,2022-10-05 14:05:00+00:00,short,11528.25,11527.75,11527.5,11552.5,11502.5,11477.5,11452.5,11427.5,76.14916286149163,70-79,-32.14916286149163,25.0,True,True,True,True,False,tp4,11427.5,11427.75,99.75,0.0,99.75,3.99,102.5,3.75,4.1,0.15,31,30.0,4,2022-10-05,4.027397260273973,2.15625,2.32468495181616,partial_bearish,1.8684258251722887,,bearish,bearish,False,False,True,False,continuation,True,False,False,False,neutral,none,17.909690512430238,10.428571428571429,2.0,10.0,0.1917808219178082,0.958904109589041,0.575,,False,False,False,False,False,2023
4,3735,3736,3795,2022-10-05 14:15:00+00:00,2022-10-05 14:16:00+00:00,2022-10-05 15:15:00+00:00,short,11417.5,11417.5,11417.25,11442.25,11392.25,11367.25,11342.25,11317.25,77.4974358974359,70-79,-65.4974358974359,25.0,True,False,False,False,False,max_holding_time,11412.25,11412.5,4.75,0.0,4.75,0.19,49.25,3.75,1.97,0.15,60,59.0,1,2022-10-05,0.7076923076923077,1.965426925091671,2.339368856699431,strong_bearish,1.277489049769648,,bearish,bearish,True,True,True,False,reversal,True,True,False,True,bearish,strong,79.14529914529915,16.25,14.25,16.5,0.8769230769230769,1.0153846153846153,0.10606060606060606,,True,False,False,False,True,2023
5,5071,5072,5101,2022-10-06 13:31:00+00:00,2022-10-06 13:32:00+00:00,2022-10-06 14:01:00+00:00,long,11626.5,11627.0,11627.25,11602.25,11652.25,11677.25,11702.25,11727.25,71.0,70-79,38.0,25.0,True,True,True,False,True,stop,11602.25,11602.0,-25.25,0.0,-25.25,-1.01,94.5,58.75,3.78,2.35,30,29.0,3,2022-10-06,4.176666666666667,0.1269841269841269,0.3259701492537313,partial_bullish,6.009862627685805,,bullish,neutral,True,True,True,True,reversal,True,True,False,True,bullish,strong,100.0,10.714285714285714,21.5,24.5,2.006666666666667,2.2866666666666666,0.9489795918367347,,True,False,False,False,True,2023
6,6457,6458,6460,2022-10-07 13:37:00+00:00,2022-10-07 13:38:00+00:00,2022-10-07 13:40:00+00:00,short,11323.0,11323.0,11322.75,11347.75,11297.75,11272.75,11247.75,11222.75,83.95639373319514,80-89,-65.95639373319514,25.0,False,False,False,False,True,stop,11347.75,11348.0,-25.25,0.0,-25.25,-1.01,11.25,27.5,0.45,1.1,3,2.0,0,2022-10-07,1.0456942003514935,0.2096505823627288,3.6008,partial_bearish,1.830721003134796,,bearish,bearish,True,True,True,False,reversal,True,False,False,False,bearish,weak,49.63661444329283,20.321428571428573,16.75,26.0,0.8242530755711774,1.2794376098418276,0.33653846153846156,,False,False,False,False,False,2023
7,6464,6465,6524,2022-10-07 13:44:00+00:00,2022-10-07 13:45:00+00:00,2022-10-07 14:44:00+00:00,short,11275.0,11275.0,11274.75,11299.75,11249.75,11224.75,11199.75,11174.75,73.46395405024796,70-79,-47.46395405024796,25.0,True,True,False,False,False,max_holding_time,11236.25,11236.5,38.25,0.0,38.25,1.53,70.25,14.0,2.81,0.56,60,59.0,2,2022-10-07,1.8273283480625424,0.7317744154057771,3.6008,strong_bearish,2.4315380468125456,,bearish,bearish,True,False,False,False,reversal,True,False,False,False,bearish,strong,95.53295041873308,26.267857142857142,27.25,36.5,1.0373895309313392,1.389530931339225,0.2534246575342466,,True,False,False,False,True,2023
8,7836,7837,7855,2022-10-10 13:36:00+00:00,2022-10-10 13:37:00+00:00,2022-10-10 13:55:00+00:00,long,11028.0,11028.0,11028.25,11003.25,11053.25,11078.25,11103.25,11128.25,76.0,70-79,33.72417157958935,25.0,True,False,False,False,True,stop,11003.25,11003.0,-25.25,0.0,-25.25,-1.01,48.75,25.25,1.95,1.01,19,18.0,1,2022-10-10,5.28,2.687813021702838,2.096960926193922,partial_bearish,3.14868804664723,1.3447855255133156,bullish,bullish,True,True,False,False,reversal,True,False,True,True,bearish,strong,85.6319035034221,15.625,21.25,27.0,1.36,1.728,0.08333333333333333,1.3447855255133156,False,False,False,False,False,2023
9,9253,9254,9273,2022-10-11 14:13:00+00:00,2022-10-11 14:14:00+00:00,2022-10-11 14:33:00+00:00,short,10831.25,10831.0,10830.75,10855.75,10805.75,10780.75,10755.75,10730.75,76.0,70-79,-31.797026022304838,25.0,False,False,False,False,True,stop,10855.75,10856.0,-25.25,0.0,-25.25,-1.01,22.0,33.75,0.88,1.35,20,19.0,0,2022-10-11,1.1623296158612144,2.496815286624204,3.9368088467614535,partial_bearish,1.1350781109714492,1.585846443317828,bearish,bearish,True,False,False,True,reversal,True,False,True,True,bullish,strong,85.02478314745971,14.410714285714286,18.25,19.25,1.2664188351920693,1.335811648079306,0.948051948051948,1.5858464433178279,False,False,False,False,False,2023
10,10591,10592,10595,2022-10-12 13:31:00+00:00,2022-10-12 13:32:00+00:00,2022-10-12 13:35:00+00:00,short,10822.5,10822.25,10822.0,10847.0,10797.0,10772.0,10747.0,10722.0,75.26413599035203,70-79,-29.26413599035203,25.0,False,False,False,False,True,stop,10847.0,10847.25,-25.25,0.0,-25.25,-1.01,16.25,63.75,0.65,2.55,4,3.0,0,2022-10-12,2.811965811965812,0.1180012040939193,2.482039397450753,strong_bearish,6.010289293170295,1.0801699879400448,neutral,bearish,True,True,True,False,reversal,True,True,False,True,bearish,strong,93.86779991960029,12.535714285714286,26.25,30.25,2.0940170940170937,2.413105413105413,0.03305785123966942,1.0801699879400448,True,False,False,False,True,2023
11,10598,10599,10604,2022-10-12 13:38:00+00:00,2022-10-12 13:39:00+00:00,2022-10-12 13:44:00+00:00,short,10905.0,10904.75,10904.5,10929.5,10879.5,10854.5,10829.5,10804.5,72.27135676071728,70-79,-30.27135676071728,25.0,True,False,False,False,True,stop,10929.5,10929.75,-25.25,0.0,-25.25,-1.01,32.0,27.5,1.28,1.1,6,5.0,1,2022-10-12,4.026600166251039,0.5111716621253406,2.482039397450753,partial_bearish,1.6869117105747489,1.2826136623257938,neutral,bearish,True,True,True,False,reversal,True,False,False,False,neutral,none,35.59463967264403,21.482142857142858,4.25,18.25,0.19783873649210307,0.8495428096425602,0.3013698630136986,1.2826136623257938,False,False,False,False,False,2023
12,11970,11971,11986,2022-10-13 13:30:00+00:00,2022-10-13 13:31:00+00:00,2022-10-13 13:46:00+00:00,short,10535.25,10535.0,10534.75,10559.75,10509.75,10484.75,10459.75,10434.75,70.0,70-79,-48.09906542056075,25.0,True,True,False,False,True,stop,10559.75,10560.0,-25.25,0.0,-25.25,-1.01,50.25,27.0,2.01,1.08,16,15.0,2,2022-10-13,0.7032710280373832,0.181965881397238,6.464027737648078,partial_bearish,7.868448539061035,1.680201303900263,bearish,bearish,True,False,True,False,reversal,True,False,False,False,bullish,moderate,74.17445482866043,15.285714285714286,12.0,46.0,0.7850467289719626,3.009345794392523,0.9021739130434783,1.680201303900263,False,False,False,False,False,2023
13,13353,13354,13354,2022-10-14 13:33:00+00:00,2022-10-14 13:34:00+00:00,2022-10-14 13:34:00+00:00,long,11134.0,11134.5,11134.75,11109.75,11159.75,11184.75,11209.75,11234.75,76.0,70-79,22.11904398522634,25.0,False,False,False,False,True,stop,11109.75,11109.5,-25.25,0.0,-25.25,-1.01,0.25,29.75,0.01,1.19,1,0.0,0,2022-10-14,2.4660550458715598,1.090818858560794,2.4580514208389714,partial_bearish,3.3424508588029425,1.3511950184670798,bullish,bullish,True,False,False,False,reversal,True,False,True,True,bearish,strong,82.34130012311388,19.464285714285715,38.25,56.0,1.965137614678899,2.877064220183486,0.0,1.3511950184670798,False,False,False,False,False,2023
14,13356,13357,13364,2022-10-14 13:36:00+00:00,2022-10-14 13:37:00+00:00,2022-10-14 13:44:00+00:00,long,11131.5,11131.75,11132.0,11107.0,11157.0,11182.0,11207.0,11232.0,81.84164766264003,80-89,49.84164766264003,25.0,True,True,False,False,True,stop,11107.0,11106.75,-25.25,0.0,-25.25,-1.01,69.25,32.75,2.77,1.31,8,7.0,2,2022-10-14,1.5726872246696035,2.230406852248394,2.4580514208389714,partial_bearish,1.7764727902297506,1.1345441867414872,bullish,bullish,True,False,False,False,reversal,True,False,False,False,bullish,weak,48.68039718866695,24.321428571428573,17.5,27.25,0.7195301027900146,1.120411160058737,0.7431192660550459,1.1345441867414872,False,False,False,False,False,2023
15,13383,13384,13387,2022-10-14 14:03:00+00:00,2022-10-14 14:04:00+00:00,2022-10-14 14:07:00+00:00,long,10992.75,10992.75,10993.0,10968.0,11018.0,11043.0,11068.0,11093.0,73.27626896889323,70-79,73.27626896889323,25.0,True,False,False,False,True,stop,10968.0,10967.75,-25.25,0.0,-25.25,-1.01,35.0,29.5,1.4,1.18,4,3.0,1,2022-10-14,1.569089048106448,1.439207650273224,1.0837004405286343,strong_bearish,1.4880067455122372,2.161314966457373,bullish,bullish,True,False,False,False,reversal,True,False,False,False,bullish,moderate,60.635574740776995,34.892857142857146,33.25,57.5,0.9529170931422721,1.6479017400204707,0.6347826086956522,2.161314966457373,False,False,False,False,False,2023
16,13408,13409,13410,2022-10-14 14:28:00+00:00,2022-10-14 14:29:00+00:00,2022-10-14 14:30:00+00:00,long,10936.75,10936.75,10937.0,10912.0,10962.0,10987.0,11012.0,11037.0,70.0,70-79,12.0,25.0,False,False,False,False,True,stop,10912.0,10911.75,-25.25,0.0,-25.25,-1.01,1.0,26.75,0.04,1.07,2,1.0,0,2022-10-14,1.862255232950709,2.6517231717567946,4.720262510254306,partial_bearish,1.566646880690564,2.2544155969501016,bullish,bearish,False,True,True,False,continuation,True,True,False,True,bullish,strong,83.33333333333334,26.446428571428573,52.5,58.0,1.9851451721809588,2.1931127616475354,0.9612068965517241,2.2544155969501016,True,True,True,False,False,2023
17,14757,14758,14812,2022-10-17 13:57:00+00:00,2022-10-17 13:58:00+00:00,2022-10-17 14:52:00+00:00,long,11071.25,11071.0,11071.25,11046.25,11096.25,11121.25,11146.25,11171.25,75.29398911669611,70-79,58.29398911669611,25.0,True,True,False,False,True,stop,11046.25,11046.0,-25.25,0.0,-25.25,-1.01,61.75,25.25,2.47,1.01,55,54.0,2,2022-10-17,0.9551656920077972,3.1345911949685537,5.282488710486703,partial_bullish,1.0345591084377364,1.3090068637064016,bullish,bullish,True,False,False,False,reversal,True,False,False,False,bullish,weak,44.11657597246763,18.321428571428573,6.0,21.25,0.32748538011695905,1.1598440545808966,0.8705882352941177,1.3090068637064016,False,False,False,False,False,2023
18,16156,16157,16166,2022-10-18 14:16:00+00:00,2022-10-18 14:17:00+00:00,2022-10-18 14:26:00+00:00,long,11303.5,11303.25,11303.5,11278.5,11328.5,11353.5,11378.5,11403.5,72.0,70-79,67.02406409007253,25.0,True,False,False,False,True,stop,11278.5,11278.25,-25.25,0.0,-25.25,-1.01,26.0,35.75,1.04,1.43,10,9.0,1,2022-10-18,2.0558428128231645,0.8998393144081414,1.4801762114537445,strong_bearish,1.3271664917667485,1.219919887409332,bullish,bullish,True,True,True,False,reversal,True,False,True,True,bearish,strong,83.13279924939555,17.267857142857142,22.5,26.25,1.3029989658738366,1.5201654601861427,0.047619047619047616,1.219919887409332,False,False,False,False,False,2023
19,18870,18871,18875,2022-10-20 13:30:00+00:00,2022-10-20 13:31:00+00:00,2022-10-20 13:35:00+00:00,long,11133.5,11134.25,11134.5,11109.5,11159.5,11184.5,11209.5,11234.5,83.46428599214222,80-89,71.46428599214222,25.0,True,False,False,False,True,stop,11109.5,11109.25,-25.25,0.0,-25.25,-1.01,26.75,26.5,1.07,1.06,5,4.0,1,2022-10-20,1.775609756097561,0.5103757711721817,0.8743126472898665,partial_bullish,8.950667756881984,0.8303574901777727,bullish,bullish,True,True,True,False,reversal,True,True,False,True,bullish,strong,78.8690499345185,10.982142857142858,22.5,37.0,2.048780487804878,3.3691056910569106,0.831081081081081,0.8303574901777727,True,True,True,False,False,2023
20,18876,18877,18890,2022-10-20 13:36:00+00:00,2022-10-20 13:37:00+00:00,2022-10-20 13:50:00+00:00,long,11107.0,11107.0,11107.25,11082.25,11132.25,11157.25,11182.25,11207.25,78.0,70-79,68.61707263953829,25.0,True,True,True,True,False,tp4,11207.25,11207.0,99.75,0.0,99.75,3.99,100.0,15.75,4.0,0.63,14,13.0,4,2022-10-20,1.80684811237928,0.5833333333333334,0.8743126472898665,partial_bearish,2.325489964812958,0.8765959872321022,bullish,bullish,True,True,True,False,reversal,True,False,False,False,bearish,moderate,69.85772800384761,20.339285714285715,11.0,36.5,0.5408252853380158,1.7945566286215977,0.22602739726027396,0.8765959872321022,False,False,False,False,False,2023
21,18902,18903,18962,2022-10-20 14:02:00+00:00,2022-10-20 14:03:00+00:00,2022-10-20 15:02:00+00:00,long,11240.25,11240.0,11240.25,11215.25,11265.25,11290.25,11315.25,11340.25,84.16903626315391,80-89,58.16903626315391,25.0,True,True,True,False,False,max_holding_time,11297.5,11297.25,57.0,0.0,57.0,2.28,88.75,9.25,3.55,0.37,60,59.0,3,2022-10-20,1.4583333333333337,1.70126582278481,1.7529610829103217,strong_bullish,1.573446760377514,1.232128662275721,bullish,bullish,True,False,True,False,reversal,True,False,False,False,bullish,strong,84.74196885961591,17.142857142857142,17.0,26.5,0.9916666666666667,1.5458333333333334,0.8207547169811321,1.232128662275721,True,True,True,False,False,2023
22,20280,20281,20304,2022-10-21 14:00:00+00:00,2022-10-21 14:01:00+00:00,2022-10-21 14:24:00+00:00,long,11161.25,11160.75,11161.0,11136.0,11186.0,11211.0,11236.0,11261.0,70.17974329331722,70-79,48.179743293317216,25.0,True,True,False,False,True,stop,11136.0,11135.75,-25.25,0.0,-25.25,-1.01,63.0,30.5,2.52,1.22,24,23.0,2,2022-10-21,1.6915604128718884,1.9649122807017545,4.056171470805618,strong_bullish,1.2746103281906986,1.0321168822810067,bullish,bullish,False,False,True,False,continuation,True,False,False,False,bullish,weak,51.49786077764347,29.410714285714285,5.5,25.0,0.1870066788099575,0.8500303582270796,0.55,1.0321168822810067,True,False,False,False,False,2023
23,23020,23021,23030,2022-10-25 13:40:00+00:00,2022-10-25 13:41:00+00:00,2022-10-25 13:50:00+00:00,long,11541.0,11541.5,11541.75,11516.75,11566.75,11591.75,11616.75,11641.75,70.34220987160593,70-79,70.34220987160593,25.0,True,True,True,True,False,tp4,11641.75,11641.5,99.75,0.0,99.75,3.99,101.0,1.0,4.04,0.04,10,9.0,4,2022-10-25,0.30078125,1.2213039485766757,2.333333333333333,partial_bullish,1.5280272530195107,0.7363560895074107,bullish,bullish,True,True,False,False,reversal,True,False,False,False,neutral,none,36.18508226338274,18.285714285714285,1.75,20.75,0.095703125,1.134765625,0.9156626506024096,0.7363560895074107,False,False,False,False,False,2023
24,23063,23064,23080,2022-10-25 14:23:00+00:00,2022-10-25 14:24:00+00:00,2022-10-25 14:40:00+00:00,long,11629.75,11630.75,11631.0,11606.0,11656.0,11681.0,11706.0,11731.0,76.64755530773527,70-79,69.64755530773527,25.0,True,False,False,False,True,stop,11606.0,11605.75,-25.25,0.0,-25.25,-1.01,25.0,25.5,1.0,1.02,17,16.0,1,2022-10-25,0.2641509433962264,0.2835820895522388,4.976744186046512,partial_bearish,0.8373015228096407,0.6968872055864599,bullish,bullish,True,True,True,False,reversal,True,False,False,False,neutral,none,38.72962756446059,16.089285714285715,10.0,14.5,0.6215316315205327,0.9012208657047724,0.6896551724137931,0.6968872055864599,False,False,False,False,False,2023
25,24445,24446,24463,2022-10-26 14:25:00+00:00,2022-10-26 14:26:00+00:00,2022-10-26 14:43:00+00:00,long,11533.25,11532.75,11533.0,11508.0,11558.0,11583.0,11608.0,11633.0,76.5583304941521,70-79,65.5583304941521,25.0,True,True,True,True,False,tp4,11633.0,11632.75,99.75,0.0,99.75,3.99,101.75,1.0,4.07,0.04,18,17.0,4,2022-10-26,1.2394366197183098,0.9601891998423334,1.064516129032258,partial_bullish,0.6124009453635478,0.7155187514929532,bullish,bullish,True,False,True,False,reversal,True,False,False,False,neutral,none,37.98608745126757,17.75,7.75,13.5,0.43661971830985913,0.7605633802816901,0.7777777777777778,0.7155187514929532,False,False,False,False,False,2023
26,25771,25772,25772,2022-10-27 13:31:00+00:00,2022-10-27 13:32:00+00:00,2022-10-27 13:32:00+00:00,short,11437.0,11438.0,11437.75,11462.75,11412.75,11387.75,11362.75,11337.75,70.28433178781798,70-79,-36.284331787817976,25.0,False,False,False,False,True,stop,11462.75,11463.0,-25.25,0.0,-25.25,-1.01,11.0,26.75,0.44,1.07,1,0.0,0,2022-10-27,1.096774193548387,0.9910195456946644,0.7044967880085654,partial_bullish,3.209090909090909,0.9521889283208568,bearish,bearish,False,False,True,False,continuation,True,False,False,False,bearish,weak,52.369431565149796,15.5,12.25,22.5,0.7903225806451613,1.4516129032258065,0.0,0.9521889283208567,False,False,False,False,False,2023
27,25789,25790,25805,2022-10-27 13:49:00+00:00,2022-10-27 13:50:00+00:00,2022-10-27 14:05:00+00:00,short,11324.5,11324.75,11324.5,11349.5,11299.5,11274.5,11249.5,11224.5,72.0,70-79,-60.0,25.0,True,True,False,False,True,stop,11349.5,11349.75,-25.25,0.0,-25.25,-1.01,61.0,26.5,2.44,1.06,16,15.0,2,2022-10-27,3.277456647398844,0.4056974459724951,0.4453665283540802,partial_bearish,1.469038208168643,1.8891856593206175,bearish,bearish,False,True,True,False,continuation,True,True,False,True,bearish,strong,100.0,24.714285714285715,37.25,42.5,1.5072254335260116,1.7196531791907514,0.07058823529411765,1.8891856593206178,True,False,False,False,True,2023
28,27150,27151,27160,2022-10-28 13:30:00+00:00,2022-10-28 13:31:00+00:00,2022-10-28 13:40:00+00:00,long,11234.0,11234.25,11234.5,11209.5,11259.5,11284.5,11309.5,11334.5,83.29008884894694,80-89,35.29008884894694,25.0,True,True,True,True,False,tp4,11334.5,11334.25,99.75,0.0,99.75,3.99,107.5,10.5,4.3,0.42,10,9.0,4,2022-10-28,1.82529335071708,1.5149253731343284,2.655399061032864,strong_bullish,7.761614911104233,1.157642117084285,neutral,bullish,True,True,True,False,reversal,True,False,False,False,bullish,strong,77.41740707455777,13.696428571428571,21.25,40.25,1.5514993481095176,2.938722294654498,0.6894409937888198,1.157642117084285,True,False,False,True,False,2023
29,27185,27186,27188,2022-10-28 14:05:00+00:00,2022-10-28 14:06:00+00:00,2022-10-28 14:08:00+00:00,long,11330.0,11329.5,11329.75,11304.75,11354.75,11379.75,11404.75,11429.75,80.69090432414329,80-89,69.69090432414329,25.0,False,False,False,False,True,stop,11304.75,11304.5,-25.25,0.0,-25.25,-1.01,7.0,25.75,0.28,1.03,3,2.0,0,2022-10-28,0.7304347826086957,0.4460294816928197,3.542817196784341,partial_bearish,1.3930154300722255,1.2159211952679454,bullish,bullish,True,False,True,False,reversal,True,False,False,False,bullish,moderate,72.42420270119412,24.642857142857142,23.0,31.0,0.9333333333333333,1.2579710144927536,0.7419354838709677,1.2159211952679454,False,False,False,False,True,2023
30,28530,28531,28532,2022-10-31 13:30:00+00:00,2022-10-31 13:31:00+00:00,2022-10-31 13:32:00+00:00,long,11504.75,11504.75,11505.0,11480.0,11530.0,11555.0,11580.0,11605.0,76.05335202634913,70-79,53.05335202634913,25.0,False,False,False,False,True,stop,11480.0,11479.75,-25.25,0.0,-25.25,-1.01,17.75,42.5,0.71,1.7,2,1.0,0,2022-10-31,1.3254437869822484,1.6035242290748897,1.2243816254416962,partial_bearish,13.314191371760822,0.9439089678476554,neutral,bullish,True,True,True,False,reversal,True,True,False,True,bullish,moderate,67.11126688624276,9.053571428571429,16.5,29.75,1.8224852071005917,3.2859960552268244,0.7563025210084033,0.9439089678476554,True,True,True,False,False,2023
31,28533,28534,28546,2022-10-31 13:33:00+00:00,2022-10-31 13:34:00+00:00,2022-10-31 13:46:00+00:00,long,11465.75,11466.0,11466.25,11441.25,11491.25,11516.25,11541.25,11566.25,72.48577535503145,70-79,53.48577535503145,25.0,True,False,False,False,True,stop,11441.25,11441.0,-25.25,0.0,-25.25,-1.01,46.5,38.25,1.86,1.53,13,12.0,1,2022-10-31,2.044736842105263,1.6035242290748897,1.2243816254416962,strong_bearish,3.638213558958981,0.978271825368256,neutral,bullish,True,True,True,True,reversal,True,False,False,False,neutral,none,37.38146129192872,13.571428571428571,2.25,13.25,0.16578947368421054,0.9763157894736842,0.9245283018867925,0.9782718253682559,False,False,False,False,False,2023
32,29950,29951,29952,2022-11-01 14:10:00+00:00,2022-11-01 14:11:00+00:00,2022-11-01 14:12:00+00:00,long,11415.25,11415.0,11415.25,11390.25,11440.25,11465.25,11490.25,11515.25,73.3259040590406,70-79,51.3259040590406,25.0,False,False,False,False,True,stop,11390.25,11390.0,-25.25,0.0,-25.25,-1.01,0.25,32.25,0.01,1.29,2,1.0,0,2022-11-01,1.5704797047970478,5.496644295302014,3.7905759162303663,strong_bearish,1.2514077907786478,1.879381802688151,bullish,bullish,True,False,False,False,reversal,True,False,False,False,bullish,weak,44.38253382533825,24.196428571428573,9.5,23.0,0.39261992619926195,0.9505535055350552,0.8260869565217391,1.879381802688151,False,False,False,False,False,2023
33,29953,29954,29980,2022-11-01 14:13:00+00:00,2022-11-01 14:14:00+00:00,2022-11-01 14:40:00+00:00,long,11398.5,11398.75,11399.0,11374.0,11424.0,11449.0,11474.0,11499.0,72.386092265943,70-79,50.386092265943006,25.0,True,False,False,False,True,stop,11374.0,11373.75,-25.25,0.0,-25.25,-1.01,46.5,26.75,1.86,1.07,27,26.0,1,2022-11-01,0.7978290366350067,5.496644295302014,3.7905759162303663,strong_bearish,1.0139467912334454,1.567815258756828,bullish,bullish,True,False,False,False,reversal,True,False,False,False,neutral,none,36.550768882858435,26.321428571428573,4.5,24.0,0.17096336499321574,0.9118046132971506,0.6875,1.5678152587568281,False,False,False,False,False,2023
34,31298,31299,31300,2022-11-02 13:38:00+00:00,2022-11-02 13:39:00+00:00,2022-11-02 13:40:00+00:00,short,11296.5,11296.25,11296.0,11316.75,11271.0,11246.0,11221.0,11196.0,77.28951065289215,70-79,-57.28951065289215,20.75,False,False,False,False,True,stop,11316.75,11317.0,-21.0,0.0,-21.0,-1.0120481927710845,8.75,30.5,0.4216867469879518,1.4698795180722892,2,1.0,0,2022-11-02,1.147540983606557,2.629107981220657,0.5873287671232876,partial_bearish,1.2299221725451237,0.5428467019915951,bearish,bearish,True,True,True,True,reversal,True,False,False,False,bearish,weak,44.079255440767845,14.160714285714286,8.75,16.75,0.617906683480454,1.1828499369482974,0.208955223880597,0.5428467019915951,False,False,False,False,False,2023
35,32714,32715,32725,2022-11-03 14:14:00+00:00,2022-11-03 14:15:00+00:00,2022-11-03 14:25:00+00:00,short,10802.25,10802.0,10801.75,10826.75,10776.75,10751.75,10726.75,10701.75,76.0,70-79,-44.0,25.0,True,False,False,False,True,stop,10826.75,10827.0,-25.25,0.0,-25.25,-1.01,31.0,31.0,1.24,1.24,11,10.0,1,2022-11-03,2.6130329847144003,1.4146880176697956,2.908783783783784,partial_bearish,1.7819288276306773,1.9728270569337856,bearish,bearish,True,False,False,False,reversal,True,False,True,True,bullish,strong,83.33333333333334,22.196428571428573,32.5,33.75,1.4641995172968623,1.5205148833467417,0.9629629629629629,1.9728270569337856,False,False,False,False,False,2023
36,34050,34051,34051,2022-11-04 13:30:00+00:00,2022-11-04 13:31:00+00:00,2022-11-04 13:31:00+00:00,long,10945.75,10946.0,10946.25,10921.25,10971.25,10996.25,11021.25,11046.25,84.36859352551545,80-89,62.36859352551545,25.0,False,False,False,False,True,stop,10921.25,10921.0,-25.25,0.0,-25.25,-1.01,3.5,34.25,0.14,1.37,1,0.0,0,2022-11-04,2.289544235924933,0.822972972972973,3.2585249801744647,strong_bullish,6.545164597334549,1.1772298425511427,bullish,bullish,True,True,True,False,reversal,True,False,False,False,bullish,moderate,69.73827937929536,13.321428571428571,13.5,32.25,1.0134048257372654,2.420911528150134,0.4418604651162791,1.1772298425511427,True,False,False,False,False,2023
37,34052,34053,34055,2022-11-04 13:32:00+00:00,2022-11-04 13:33:00+00:00,2022-11-04 13:35:00+00:00,long,10879.5,10879.75,10880.0,10855.0,10905.0,10930.0,10955.0,10980.0,74.0,70-79,18.783561471411943,25.0,False,False,False,False,True,stop,10855.0,10854.75,-25.25,0.0,-25.25,-1.01,19.25,27.5,0.77,1.1,3,2.0,0,2022-11-04,2.7751479289940826,0.822972972972973,3.2585249801744647,partial_bullish,3.218673706357555,1.0205481607350766,bullish,bullish,False,True,True,False,continuation,True,False,True,True,bearish,strong,93.47032107156717,18.107142857142858,43.0,48.5,2.3747534516765287,2.678500986193294,0.07731958762886598,1.0205481607350766,False,False,False,False,False,2023
38,34076,34077,34102,2022-11-04 13:56:00+00:00,2022-11-04 13:57:00+00:00,2022-11-04 14:22:00+00:00,long,10815.5,10815.5,10815.75,10790.75,10840.75,10865.75,10890.75,10915.75,88.8,80-89,70.8,25.0,True,True,True,True,False,tp4,10915.75,10915.5,99.75,0.0,99.75,3.99,102.75,9.25,4.11,0.37,26,25.0,4,2022-11-04,2.457296570275723,3.131445170660857,0.7946859903381642,partial_bearish,1.3613758382394072,2.331008865683148,bullish,bullish,True,True,True,False,reversal,True,True,False,True,bullish,strong,90.0,26.553571428571427,33.25,41.75,1.2521856086079355,1.5722932078009415,0.8083832335329342,2.331008865683148,True,True,True,False,False,2023
39,35434,35435,35436,2022-11-07 14:34:00+00:00,2022-11-07 14:35:00+00:00,2022-11-07 14:36:00+00:00,long,10910.5,10910.75,10911.0,10886.0,10936.0,10961.0,10986.0,11011.0,71.07406813800274,70-79,70.07406813800274,25.0,False,False,False,False,True,stop,10886.0,10885.75,-25.25,0.0,-25.25,-1.01,8.0,30.5,0.32,1.22,2,1.0,0,2022-11-07,1.9950433705080544,0.902676399026764,0.5529061102831594,partial_bullish,3.0202300008394194,1.1337371891321302,bullish,bullish,True,True,False,False,reversal,True,False,False,False,bullish,weak,42.28390115002291,14.410714285714286,12.5,31.0,0.8674101610904584,2.1511771995043367,0.532258064516129,1.1337371891321302,False,False,False,False,False,2023
40,35462,35463,35468,2022-11-07 15:02:00+00:00,2022-11-07 15:03:00+00:00,2022-11-07 15:08:00+00:00,long,10924.0,10923.75,10924.0,10899.0,10949.0,10974.0,10999.0,11024.0,75.16056938221885,70-79,37.16056938221885,25.0,False,False,False,False,True,stop,10899.0,10898.75,-25.25,0.0,-25.25,-1.01,12.0,29.25,0.48,1.17,6,5.0,0,2022-11-07,1.990942028985507,0.9385964912280702,0.98732782369146,partial_bearish,1.6681449569183984,1.467533673943335,neutral,bullish,True,True,True,False,reversal,True,False,False,False,bullish,strong,93.00474485182374,19.714285714285715,19.75,28.0,1.0018115942028984,1.4202898550724636,0.7053571428571429,1.467533673943335,True,False,False,False,True,2023
41,36831,36832,36891,2022-11-08 14:51:00+00:00,2022-11-08 14:52:00+00:00,2022-11-08 15:51:00+00:00,long,11045.75,11045.75,11046.0,11021.0,11071.0,11096.0,11121.0,11146.0,77.65302638359915,70-79,53.65302638359916,25.0,True,True,True,False,False,max_holding_time,11125.5,11125.25,79.25,0.0,79.25,3.17,92.0,5.0,3.68,0.2,60,59.0,3,2022-11-08,2.025258323765786,2.903901046622265,0.9408327246165084,partial_bearish,0.7374621068040619,0.5872149052361066,bullish,bullish,True,True,True,False,reversal,True,False,False,False,bullish,weak,47.10855319665959,15.553571428571429,6.5,10.25,0.417910447761194,0.6590126291618829,0.6585365853658537,0.5872149052361066,True,True,True,False,False,2023
42,39579,39580,39580,2022-11-10 14:39:00+00:00,2022-11-10 14:40:00+00:00,2022-11-10 14:40:00+00:00,long,11329.0,11329.0,11329.25,11304.25,11354.25,11379.25,11404.25,11429.25,70.9075508864084,70-79,36.9075508864084,25.0,False,False,False,False,True,stop,11304.25,11304.0,-25.25,0.0,-25.25,-1.01,8.75,33.25,0.35,1.33,1,0.0,0,2022-11-10,0.3401181877872619,0.716401831403178,7.709658068386322,partial_bullish,1.7195926909764148,1.6358293530385843,bullish,bullish,True,True,False,False,reversal,True,False,False,False,bullish,weak,40.89625738673671,27.196428571428573,7.0,22.5,0.2573867367038739,0.8273145108338804,0.8666666666666667,1.6358293530385843,False,False,False,False,False,2023
43,39582,39583,39591,2022-11-10 14:42:00+00:00,2022-11-10 14:43:00+00:00,2022-11-10 14:51:00+00:00,long,11298.5,11297.5,11297.75,11272.75,11322.75,11347.75,11372.75,11397.75,71.78168288494562,70-79,37.78168288494562,25.0,True,True,True,True,False,tp4,11397.75,11397.5,99.75,0.0,99.75,3.99,101.0,7.0,4.04,0.28,9,8.0,4,2022-11-10,0.9456210646823124,0.1946446961894953,7.709658068386322,partial_bullish,1.5419143216514168,1.738405071738405,bullish,bullish,True,True,False,False,reversal,True,False,False,False,bullish,weak,48.18069070788018,31.196428571428573,18.25,31.5,0.5850028620492272,1.0097309673726387,0.9365079365079365,1.738405071738405,False,False,False,False,False,2023
44,40950,40951,40965,2022-11-11 14:30:00+00:00,2022-11-11 14:31:00+00:00,2022-11-11 14:45:00+00:00,short,11613.25,11613.0,11612.75,11637.75,11587.75,11562.75,11537.75,11512.75,72.66446709568686,70-79,-55.66446709568686,25.0,True,False,False,False,True,stop,11637.75,11638.0,-25.25,0.0,-25.25,-1.01,43.25,45.25,1.73,1.81,15,14.0,1,2022-11-11,0.5685279187817259,3.5421686746987957,3.1935028248587574,strong_bearish,6.216666666666667,0.9892133112329464,neutral,bearish,True,True,True,True,reversal,True,True,False,True,bearish,moderate,72.2038924640572,10.553571428571429,11.25,36.0,1.065989847715736,3.4111675126903553,0.125,0.9892133112329465,True,False,False,True,False,2023
45,42353,42354,42358,2022-11-14 14:53:00+00:00,2022-11-14 14:54:00+00:00,2022-11-14 14:58:00+00:00,short,11729.75,11729.75,11729.5,11754.5,11704.5,11679.5,11654.5,11629.5,78.09279380598365,70-79,-46.092793805983646,25.0,False,False,False,False,True,stop,11754.5,11754.75,-25.25,0.0,-25.25,-1.01,8.75,26.5,0.35,1.06,5,4.0,0,2022-11-14,1.188548864758144,1.8038237738985867,2.8529170090386198,partial_bearish,0.7154211362942533,0.8198422081212151,bearish,bearish,True,False,True,False,reversal,True,False,False,False,bearish,weak,50.77328171653037,18.089285714285715,13.5,17.25,0.7462981243830207,0.9536031589338597,0.11594202898550725,0.8198422081212151,False,False,False,False,False,2023
46,42384,42385,42401,2022-11-14 15:24:00+00:00,2022-11-14 15:25:00+00:00,2022-11-14 15:41:00+00:00,short,11783.0,11783.75,11783.5,11808.5,11758.5,11733.5,11708.5,11683.5,81.98902738638375,80-89,-63.98902738638375,25.0,False,False,False,False,True,stop,11808.5,11808.75,-25.25,0.0,-25.25,-1.01,22.5,33.25,0.9,1.33,17,16.0,0,2022-11-14,1.1974842767295597,2.259678379988088,0.77228992944195,partial_bullish,1.115433460330192,1.1759068744891343,bearish,bearish,True,True,True,False,reversal,True,True,False,True,bearish,strong,83.24189488653133,14.196428571428571,17.75,19.5,1.250314465408805,1.3735849056603773,0.02564102564102564,1.1759068744891343,True,True,True,False,False,2023
47,43712,43713,43713,2022-11-15 14:32:00+00:00,2022-11-15 14:33:00+00:00,2022-11-15 14:33:00+00:00,long,12055.5,12056.25,12056.5,12031.5,12081.5,12106.5,12131.5,12156.5,71.71945623961045,70-79,45.71945623961045,25.0,False,False,False,False,True,stop,12031.5,12031.25,-25.25,0.0,-25.25,-1.01,3.0,25.0,0.12,1.0,1,0.0,0,2022-11-15,1.3311965811965811,0.7670319199618867,2.136599152143193,partial_bullish,3.708484117410535,1.1906098922732349,bullish,bullish,True,False,False,False,reversal,True,False,False,False,bullish,strong,80.99546866342037,16.714285714285715,15.75,25.5,0.9423076923076923,1.5256410256410255,0.7058823529411765,1.1906098922732349,True,False,False,False,False,2023
48,43750,43751,43760,2022-11-15 15:10:00+00:00,2022-11-15 15:11:00+00:00,2022-11-15 15:20:00+00:00,long,12019.75,12019.5,12019.75,11994.75,12044.75,12069.75,12094.75,12119.75,72.0,70-79,70.01889765883904,25.0,False,False,False,False,True,stop,11994.75,11994.5,-25.25,0.0,-25.25,-1.01,18.0,25.75,0.72,1.03,10,9.0,0,2022-11-15,2.3056872037914693,0.2616822429906542,0.5916271721958926,partial_bearish,0.910418492093295,0.7690319548872181,bullish,bullish,True,False,True,False,reversal,True,False,False,False,neutral,none,24.84251950967466,15.071428571428571,2.5,15.5,0.16587677725118483,1.028436018957346,0.5645161290322581,0.7690319548872181,False,False,False,False,False,2023
49,43765,43766,43777,2022-11-15 15:25:00+00:00,2022-11-15 15:26:00+00:00,2022-11-15 15:37:00+00:00,long,12043.75,12043.75,12044.0,12019.0,12069.0,12094.0,12119.0,12144.0,77.16098015162746,70-79,65.16098015162746,25.0,False,False,False,False,True,stop,12019.0,12018.75,-25.25,0.0,-25.25,-1.01,8.25,29.25,0.33,1.17,12,11.0,0,2022-11-15,2.11441647597254,0.1331331331331331,1.1754916792738277,partial_bullish,1.1321369247304822,0.8625524206555993,bullish,bullish,True,True,True,True,reversal,True,False,False,False,bullish,strong,76.34150126356212,15.607142857142858,8.0,11.0,0.5125858123569794,0.7048054919908466,0.8409090909090909,0.8625524206555993,True,False,False,False,True,2023
50,45095,45096,45155,2022-11-16 14:35:00+00:00,2022-11-16 14:36:00+00:00,2022-11-16 15:35:00+00:00,short,11811.0,11811.5,11811.25,11836.25,11786.25,11761.25,11736.25,11711.25,81.54936842590526,80-89,-72.54936842590526,25.0,True,True,True,False,False,max_holding_time,11765.5,11765.75,45.5,0.0,45.5,1.82,87.25,13.25,3.49,0.53,60,59.0,3,2022-11-16,0.5390070921985816,0.7406451612903227,1.8490566037735847,strong_bearish,2.7358521372824347,1.1846468188598942,bearish,bearish,True,True,True,False,reversal,True,False,False,False,bearish,moderate,62.91140354921052,17.625,20.5,30.5,1.1631205673758864,1.7304964539007093,0.29508196721311475,1.1846468188598942,False,False,False,False,False,2023
51,47853,47854,47857,2022-11-18 14:33:00+00:00,2022-11-18 14:34:00+00:00,2022-11-18 14:37:00+00:00,long,11779.5,11778.75,11779.0,11754.0,11804.0,11829.0,11854.0,11879.0,71.31870848181518,70-79,49.31870848181518,25.0,False,False,False,False,True,stop,11754.0,11753.75,-25.25,0.0,-25.25,-1.01,9.75,25.5,0.39,1.02,4,3.0,0,2022-11-18,4.299492385786802,0.38,0.768361581920904,partial_bullish,2.5129208911566123,0.9021927088679558,bullish,bullish,True,True,False,False,reversal,True,False,False,False,bullish,weak,44.32257068179314,14.071428571428571,4.75,15.5,0.33756345177664976,1.101522842639594,0.9032258064516129,0.9021927088679558,False,False,False,False,False,2023
52,47873,47874,47880,2022-11-18 14:53:00+00:00,2022-11-18 14:54:00+00:00,2022-11-18 15:00:00+00:00,long,11764.25,11764.0,11764.25,11739.25,11789.25,11814.25,11839.25,11864.25,71.29048925036973,70-79,43.29048925036973,25.0,False,False,False,False,True,stop,11739.25,11739.0,-25.25,0.0,-25.25,-1.01,20.5,38.25,0.82,1.53,7,6.0,0,2022-11-18,1.5874547647768396,3.966666666666667,2.629021667760998,partial_bearish,0.6213454347753725,0.7029788729742282,bullish,bullish,True,False,False,False,reversal,True,False,False,False,bullish,weak,44.08741041974777,14.803571428571429,1.75,11.0,0.11821471652593486,0.7430639324487334,0.9772727272727273,0.7029788729742282,False,False,False,False,False,2023
53,47900,47901,47907,2022-11-18 15:20:00+00:00,2022-11-18 15:21:00+00:00,2022-11-18 15:27:00+00:00,long,11715.75,11716.0,11716.25,11691.25,11741.25,11766.25,11791.25,11816.25,78.41361793655157,70-79,78.41361793655157,25.0,False,False,False,False,True,stop,11691.25,11691.0,-25.25,0.0,-25.25,-1.01,9.75,39.0,0.39,1.56,7,6.0,0,2022-11-18,1.7183462532299745,1.9956308028399783,4.203655352480418,partial_bearish,0.8606440581362211,0.9143092423948846,bullish,bullish,True,True,False,False,reversal,True,True,False,True,bullish,moderate,70.1134828045964,13.821428571428571,17.25,20.5,1.248062015503876,1.483204134366925,0.8658536585365854,0.9143092423948846,True,False,False,False,False,2023
54,49234,49235,49240,2022-11-21 14:34:00+00:00,2022-11-21 14:35:00+00:00,2022-11-21 14:40:00+00:00,short,11638.75,11639.5,11639.25,11664.25,11614.25,11589.25,11564.25,11539.25,80.75500355859378,80-89,-73.75500355859378,25.0,False,False,False,False,True,stop,11664.25,11664.5,-25.25,0.0,-25.25,-1.01,11.0,26.75,0.44,1.07,6,5.0,0,2022-11-21,0.7945945945945947,0.2280130293159609,0.5737704918032788,partial_bullish,3.68224197745013,1.1937544482422304,bearish,bearish,True,True,True,True,reversal,True,True,False,True,bearish,strong,97.95836298828154,13.214285714285714,19.25,27.0,1.4567567567567568,2.0432432432432432,0.25,1.1937544482422304,True,True,True,False,True,2023
55,49242,49243,49247,2022-11-21 14:42:00+00:00,2022-11-21 14:43:00+00:00,2022-11-21 14:47:00+00:00,short,11664.75,11664.25,11664.0,11689.0,11639.0,11614.0,11589.0,11564.0,72.0,70-79,-53.45168848582329,25.0,False,False,False,False,True,stop,11689.0,11689.25,-25.25,0.0,-25.25,-1.01,20.75,27.5,0.83,1.1,5,4.0,0,2022-11-21,1.7315010570824525,0.3515981735159817,0.5737704918032788,partial_bullish,1.0656482436823382,0.7160447838413939,bearish,bearish,True,True,True,True,reversal,True,False,False,False,neutral,none,21.235929284805913,16.892857142857142,1.0,9.25,0.059196617336152224,0.547568710359408,0.40540540540540543,0.7160447838413939,False,False,False,False,False,2023
56,51992,51993,52045,2022-11-23 14:32:00+00:00,2022-11-23 14:33:00+00:00,2022-11-23 15:25:00+00:00,long,11765.25,11765.0,11765.25,11742.75,11790.25,11815.25,11840.25,11865.25,70.59113173258339,70-79,53.59113173258339,22.5,True,True,True,True,False,tp4,11865.25,11865.0,99.75,0.0,99.75,4.433333333333334,103.0,10.0,4.5777777777777775,0.4444444444444444,53,52.0,4,2022-11-23,1.0325379609544467,0.6171284634760705,1.4516450648055834,partial_bearish,2.9506694496767296,0.382488418440746,bullish,neutral,True,True,True,False,reversal,True,False,False,False,bullish,weak,54.926097771528326,8.232142857142858,2.0,12.0,0.24295010845986983,1.457700650759219,0.6458333333333334,0.382488418440746,True,False,False,False,False,2023
57,57046,57047,57049,2022-11-29 14:31:00+00:00,2022-11-29 14:32:00+00:00,2022-11-29 14:34:00+00:00,short,11601.25,11601.5,11601.25,11626.25,11576.25,11551.25,11526.25,11501.25,70.20985452972175,70-79,-44.20985452972175,25.0,False,False,False,False,True,stop,11626.25,11626.5,-25.25,0.0,-25.25,-1.01,3.25,26.75,0.13,1.07,3,2.0,0,2022-11-29,4.107438016528926,1.3618677042801557,0.6176470588235294,strong_bearish,5.62251517053777,0.7623181621521941,bearish,bearish,False,True,True,False,continuation,True,True,False,True,bearish,strong,85.08212108101463,8.642857142857142,13.5,20.0,1.5619834710743803,2.31404958677686,0.15,0.7623181621521941,True,False,False,False,False,2023
58,57091,57092,57100,2022-11-29 15:16:00+00:00,2022-11-29 15:17:00+00:00,2022-11-29 15:25:00+00:00,short,11588.5,11588.25,11588.0,11612.75,11563.0,11538.0,11513.0,11488.0,72.0,70-79,-47.84035446347174,24.75,False,False,False,False,True,stop,11612.75,11613.0,-25.0,0.0,-25.0,-1.0101010101010102,2.75,29.5,0.1111111111111111,1.1919191919191918,9,8.0,0,2022-11-29,0.0912646675358539,0.7730061349693251,2.5078929306794784,partial_bearish,1.1586917112258732,0.9140288893695772,bearish,bearish,True,True,True,True,reversal,True,False,False,False,bullish,moderate,67.99704613773547,13.696428571428571,9.0,15.0,0.6571056062581486,1.0951760104302477,0.7833333333333333,0.9140288893695773,False,False,False,False,False,2023
59,59805,59806,59807,2022-12-01 14:30:00+00:00,2022-12-01 14:31:00+00:00,2022-12-01 14:32:00+00:00,short,12037.0,12036.5,12036.25,12061.25,12011.25,11986.25,11961.25,11936.25,73.96253033178772,70-79,-69.96253033178772,25.0,False,False,False,False,True,stop,12061.25,12061.5,-25.25,0.0,-25.25,-1.01,2.0,36.0,0.08,1.44,2,1.0,0,2022-12-01,3.33214920071048,0.7755395683453237,0.2898550724637681,strong_bearish,14.8220302640446,1.453162914734642,bearish,bearish,True,True,False,False,reversal,True,True,False,True,bearish,strong,99.68775276489761,10.053571428571429,19.75,32.25,1.9644760213143873,3.2078152753108347,0.17054263565891473,1.4531629147346419,True,False,False,False,True,2023
60,59861,59862,59864,2022-12-01 15:26:00+00:00,2022-12-01 15:27:00+00:00,2022-12-01 15:29:00+00:00,long,11991.75,11992.0,11992.25,11967.25,12017.25,12042.25,12067.25,12092.25,87.24129032258064,80-89,75.24129032258064,25.0,False,False,False,False,True,stop,11967.25,11967.0,-25.25,0.0,-25.25,-1.01,1.25,30.25,0.05,1.21,3,2.0,0,2022-12-01,1.1591397849462366,3.988527724665393,1.7808336914482166,partial_bearish,1.0104549854791869,1.6738025368419365,bullish,bullish,True,True,True,False,reversal,True,True,False,True,bullish,strong,77.01075268817203,16.607142857142858,18.0,18.25,1.0838709677419354,1.0989247311827957,0.9863013698630136,1.6738025368419365,True,True,True,False,False,2023
61,62575,62576,62635,2022-12-05 14:40:00+00:00,2022-12-05 14:41:00+00:00,2022-12-05 15:40:00+00:00,short,11948.75,11949.0,11948.75,11973.75,11923.75,11898.75,11873.75,11848.75,73.28423879446424,70-79,-72.28423879446424,25.0,True,True,True,False,False,max_holding_time,11910.0,11910.25,38.5,0.0,38.5,1.54,87.75,22.75,3.51,0.91,60,59.0,3,2022-12-05,0.6339622641509434,1.851508120649652,1.5476673427991885,partial_bearish,1.763461790413446,1.028568933331878,bearish,bearish,True,True,False,False,reversal,True,True,False,True,bearish,moderate,60.701989953868704,14.196428571428571,11.75,19.0,0.8276729559748428,1.3383647798742138,0.039473684210526314,1.028568933331878,False,False,False,False,False,2023
62,63964,63965,63982,2022-12-06 14:49:00+00:00,2022-12-06 14:50:00+00:00,2022-12-06 15:07:00+00:00,short,11730.0,11730.0,11729.75,11754.75,11704.75,11679.75,11654.75,11629.75,70.0,70-79,-28.20410783055199,25.0,True,True,True,True,False,tp4,11629.75,11630.0,99.75,0.0,99.75,3.99,118.0,1.25,4.72,0.05,18,17.0,4,2022-12-06,0.503209242618742,4.9284332688588,4.0355871886121,partial_bearish,1.0843305380194102,1.520050721191948,bearish,bearish,False,True,True,False,continuation,True,False,False,False,bullish,weak,48.299101412066754,13.910714285714286,4.5,11.0,0.32349165596919127,0.7907573812580231,0.45454545454545453,1.520050721191948,False,False,False,False,False,2023
63,63995,63996,64055,2022-12-06 15:20:00+00:00,2022-12-06 15:21:00+00:00,2022-12-06 16:20:00+00:00,short,11647.0,11647.0,11646.75,11671.75,11621.75,11596.75,11571.75,11546.75,76.0,70-79,-32.05177111716621,25.0,True,True,False,False,False,max_holding_time,11621.25,11621.5,25.25,0.0,25.25,1.01,57.75,8.5,2.31,0.34,60,59.0,2,2022-12-06,2.0027247956403267,2.072398190045249,5.698644986449865,partial_bearish,1.2101614303509192,1.5397422556631717,bearish,bearish,True,True,False,False,reversal,True,False,False,False,bullish,strong,82.90190735694821,13.107142857142858,9.5,12.0,0.7247956403269754,0.9155313351498637,0.9166666666666666,1.5397422556631715,False,False,False,False,False,2023
64,65330,65331,65332,2022-12-07 14:35:00+00:00,2022-12-07 14:36:00+00:00,2022-12-07 14:37:00+00:00,short,11569.25,11569.5,11569.25,11594.25,11544.25,11519.25,11494.25,11469.25,76.0,70-79,-56.11163152140587,25.0,False,False,False,False,True,stop,11594.25,11594.5,-25.25,0.0,-25.25,-1.01,0.5,26.75,0.02,1.07,2,1.0,0,2022-12-07,2.6875,2.526994359387591,2.165042235217674,strong_bullish,2.496301032057722,1.1026480982426698,bearish,bearish,True,True,False,False,reversal,True,False,True,True,bullish,strong,90.73640398828447,16.0,14.5,21.25,0.90625,1.328125,0.9882352941176471,1.1026480982426698,False,False,False,False,False,2023
65,65333,65334,65342,2022-12-07 14:38:00+00:00,2022-12-07 14:39:00+00:00,2022-12-07 14:47:00+00:00,short,11587.75,11588.25,11588.0,11613.0,11563.0,11538.0,11513.0,11488.0,70.0,70-79,-59.731672617994406,25.0,True,True,True,True,False,tp4,11488.0,11488.25,99.75,0.0,99.75,3.99,104.5,0.75,4.18,0.03,9,8.0,4,2022-12-07,2.643835616438356,2.526994359387591,2.165042235217674,strong_bullish,1.4298169136878816,1.2908886795617895,bearish,bearish,True,True,False,False,reversal,True,False,False,False,bullish,moderate,60.569394850046635,18.25,10.5,16.5,0.5753424657534246,0.9041095890410958,0.9242424242424242,1.2908886795617895,False,False,False,False,False,2023
66,65363,65364,65406,2022-12-07 15:08:00+00:00,2022-12-07 15:09:00+00:00,2022-12-07 15:51:00+00:00,short,11520.75,11520.5,11520.25,11545.25,11495.25,11470.25,11445.25,11420.25,75.69707617487586,70-79,-68.69707617487586,25.0,True,True,False,False,True,stop,11545.25,11545.5,-25.25,0.0,-25.25,-1.01,62.75,40.25,2.51,1.61,43,42.0,2,2022-12-07,2.1816443594646278,1.693548387096774,0.4599722350763535,partial_bearish,1.0192633047401385,1.4936495969378878,bearish,bearish,True,True,True,False,reversal,True,False,False,False,neutral,none,30.808968123965546,18.678571428571427,2.25,19.75,0.12045889101338433,1.0573613766730403,0.4177215189873418,1.4936495969378878,False,False,False,False,False,2023
67,66726,66727,66731,2022-12-08 14:51:00+00:00,2022-12-08 14:52:00+00:00,2022-12-08 14:56:00+00:00,short,11540.75,11540.75,11540.5,11565.5,11515.5,11490.5,11465.5,11440.5,74.0,70-79,-20.409768093172573,25.0,False,False,False,False,True,stop,11565.5,11565.75,-25.25,0.0,-25.25,-1.01,3.0,35.75,0.12,1.43,5,4.0,0,2022-12-08,1.7299771167048057,2.076788830715532,3.094736842105263,partial_bearish,1.17836912846173,1.530023906623541,bearish,bearish,False,True,True,False,continuation,True,False,False,False,bullish,strong,79.91859922356183,15.607142857142858,10.0,16.75,0.6407322654462242,1.0732265446224256,0.6417910447761194,1.530023906623541,False,False,False,False,False,2023
68,66740,66741,66800,2022-12-08 15:05:00+00:00,2022-12-08 15:06:00+00:00,2022-12-08 16:05:00+00:00,long,11628.25,11628.25,11628.5,11603.5,11653.5,11678.5,11703.5,11728.5,71.98312020460358,70-79,59.98312020460358,25.0,True,False,False,False,False,max_holding_time,11637.0,11636.75,8.25,0.0,8.25,0.33,42.75,21.0,1.71,0.84,60,59.0,1,2022-12-08,1.3248081841432229,3.710280373831776,0.7488738738738738,strong_bullish,1.5720080015030449,2.0339758622662014,bullish,bullish,False,True,True,False,continuation,True,True,False,True,bullish,strong,99.85933503836317,13.964285714285714,17.5,20.75,1.2531969309462916,1.4859335038363173,0.8433734939759037,2.0339758622662014,True,False,False,True,True,2023
69,68086,68087,68088,2022-12-09 14:31:00+00:00,2022-12-09 14:32:00+00:00,2022-12-09 14:33:00+00:00,short,11569.25,11569.75,11569.5,11594.5,11544.5,11519.5,11494.5,11469.5,71.61718671935323,70-79,-59.61718671935323,25.0,False,False,False,False,True,stop,11594.5,11594.75,-25.25,0.0,-25.25,-1.01,19.5,33.0,0.78,1.32,2,1.0,0,2022-12-09,1.8167938931297711,0.1249442213297634,2.9392265193370166,strong_bearish,6.559719994166546,1.0214833991915335,bearish,bearish,True,True,False,False,reversal,True,True,False,True,bearish,strong,80.1432226612769,11.696428571428571,45.25,46.75,3.868702290076336,3.9969465648854965,0.0,1.0214833991915337,True,False,False,False,False,2023
70,70849,70850,70851,2022-12-13 14:35:00+00:00,2022-12-13 14:36:00+00:00,2022-12-13 14:37:00+00:00,long,12211.75,12211.5,12211.75,12186.75,12236.75,12261.75,12286.75,12311.75,76.0,70-79,35.40517428777623,25.0,False,False,False,False,True,stop,12186.75,12186.5,-25.25,0.0,-25.25,-1.01,17.75,28.5,0.71,1.14,2,1.0,0,2022-12-13,3.5914811229428847,1.0532574974146849,7.176744186046512,partial_bearish,2.216772576747516,1.0867161585847418,bullish,bullish,True,False,False,False,reversal,True,False,False,False,bearish,moderate,71.62354760186477,18.446428571428573,5.25,27.5,0.2846079380445305,1.4908034849951597,0.2545454545454545,1.0867161585847418,False,False,False,False,False,2023
71,72278,72279,72338,2022-12-14 15:24:00+00:00,2022-12-14 15:25:00+00:00,2022-12-14 16:24:00+00:00,long,12020.75,12021.0,12021.25,11996.25,12046.25,12071.25,12096.25,12121.25,70.0,70-79,59.4917028541801,25.0,True,False,False,False,False,max_holding_time,12042.75,12042.5,21.25,0.0,21.25,0.85,34.5,15.5,1.38,0.62,60,59.0,1,2022-12-14,1.3040421792618628,1.4538461538461538,3.201550387596899,partial_bullish,0.5695165255394701,0.5839654568794492,bullish,bullish,True,False,False,False,reversal,True,False,False,False,bearish,weak,54.23580954849919,10.160714285714286,3.75,8.25,0.3690685413005272,0.8119507908611598,0.18181818181818182,0.5839654568794492,False,False,False,False,False,2023
72,73608,73609,73636,2022-12-15 14:34:00+00:00,2022-12-15 14:35:00+00:00,2022-12-15 15:02:00+00:00,short,11641.5,11642.25,11642.0,11667.0,11617.0,11592.0,11567.0,11542.0,82.57705496810142,80-89,-66.57705496810142,25.0,True,True,True,True,False,tp4,11542.0,11542.25,99.75,0.0,99.75,3.99,102.0,16.5,4.08,0.66,28,27.0,4,2022-12-15,3.171171171171171,0.6589506172839507,1.204398447606727,strong_bearish,3.324771023066345,1.378976367784426,bearish,bearish,True,True,True,True,reversal,True,False,False,False,bearish,moderate,71.4754580675118,13.875,7.0,19.25,0.5045045045045045,1.3873873873873874,0.5584415584415584,1.378976367784426,True,False,False,False,True,2023
73,74993,74994,74997,2022-12-16 14:39:00+00:00,2022-12-16 14:40:00+00:00,2022-12-16 14:43:00+00:00,short,11417.5,11417.75,11417.5,11442.5,11392.5,11367.5,11342.5,11317.5,71.50210100658491,70-79,-45.50210100658491,25.0,False,False,False,False,True,stop,11442.5,11442.75,-25.25,0.0,-25.25,-1.01,11.0,35.0,0.44,1.4,4,3.0,0,2022-12-16,0.9795221843003412,2.2842724978973927,0.8436911487758945,partial_bullish,1.2457149075871077,0.904076770176524,neutral,bearish,True,False,True,False,reversal,True,False,False,False,bearish,strong,79.18417505487422,20.928571428571427,12.0,18.0,0.5733788395904438,0.8600682593856656,0.2361111111111111,0.904076770176524,True,False,False,False,True,2023
74,75001,75002,75003,2022-12-16 14:47:00+00:00,2022-12-16 14:48:00+00:00,2022-12-16 14:49:00+00:00,short,11439.25,11439.25,11439.0,11464.0,11414.0,11389.0,11364.0,11339.0,71.65654964514229,70-79,-60.65654964514229,25.0,False,False,False,False,True,stop,11464.0,11464.25,-25.25,0.0,-25.25,-1.01,0.0,48.75,0.0,1.95,2,1.0,0,2022-12-16,0.0115990057995029,2.4279720279720283,1.3132892363199038,partial_bullish,1.415744050213582,1.668109583412816,neutral,bearish,True,False,True,False,reversal,True,False,False,False,neutral,none,30.47124704285244,21.553571428571427,4.0,20.75,0.1855840927920464,0.9627174813587408,0.4819277108433735,1.6681095834128161,False,False,False,False,False,2023
75,77783,77784,77788,2022-12-20 15:09:00+00:00,2022-12-20 15:10:00+00:00,2022-12-20 15:14:00+00:00,short,11169.25,11169.0,11168.75,11193.75,11143.75,11118.75,11093.75,11068.75,74.5940450882623,70-79,-74.5940450882623,25.0,False,False,False,False,True,stop,11193.75,11194.0,-25.25,0.0,-25.25,-1.01,10.75,25.0,0.43,1.0,5,4.0,0,2022-12-20,0.5732758620689654,1.2893642305407012,0.4745762711864407,partial_bullish,0.87521942294855,1.2856598086037518,bearish,bearish,True,True,True,False,reversal,True,False,False,False,bearish,moderate,63.28370906885259,16.571428571428573,13.5,16.0,0.814655172413793,0.9655172413793103,0.078125,1.2856598086037518,True,True,True,False,False,2023
76,79124,79125,79125,2022-12-21 14:30:00+00:00,2022-12-21 14:31:00+00:00,2022-12-21 14:31:00+00:00,long,11229.25,11228.75,11229.0,11204.0,11254.0,11279.0,11304.0,11329.0,82.70223757467387,80-89,44.70223757467387,25.0,False,False,False,False,True,stop,11204.0,11203.75,-25.25,0.0,-25.25,-1.01,0.0,29.25,0.0,1.17,1,0.0,0,2022-12-21,1.1878787878787878,0.7573770491803279,1.501818181818182,partial_bearish,13.59234560742244,0.9823424228877962,bullish,bullish,True,True,True,False,reversal,True,True,False,True,bullish,moderate,72.51864645561561,5.892857142857143,12.0,24.25,2.036363636363636,4.115151515151515,0.9587628865979382,0.9823424228877962,True,False,False,True,False,2023
77,79126,79127,79164,2022-12-21 14:32:00+00:00,2022-12-21 14:33:00+00:00,2022-12-21 15:10:00+00:00,long,11192.5,11192.25,11192.5,11167.5,11217.5,11242.5,11267.5,11292.5,78.0,70-79,54.22116856805962,25.0,True,True,True,True,False,tp4,11292.5,11292.25,99.75,0.0,99.75,3.99,104.25,11.5,4.17,0.46,38,37.0,4,2022-12-21,3.226215644820296,0.7573770491803279,1.501818181818182,strong_bearish,5.125353030632197,1.105674596479388,bullish,bullish,True,True,True,False,reversal,True,False,True,True,bearish,strong,89.82359526616986,8.446428571428571,8.0,13.0,0.9471458773784356,1.5391120507399578,0.07692307692307693,1.1056745964793881,False,False,False,False,False,2023
78,80505,80506,80535,2022-12-22 14:31:00+00:00,2022-12-22 14:32:00+00:00,2022-12-22 15:01:00+00:00,short,11180.0,11179.75,11179.5,11204.5,11154.5,11129.5,11104.5,11079.5,75.40485782972726,70-79,-37.40485782972726,25.0,True,True,True,True,False,tp4,11079.5,11079.75,99.75,0.0,99.75,3.99,101.75,0.25,4.07,0.01,30,29.0,4,2022-12-22,2.919597989949749,0.1620658949243099,3.835137385512073,partial_bearish,8.67712747680678,1.2560722871590817,bearish,neutral,True,True,True,True,reversal,True,True,False,True,bearish,strong,95.04048191439387,7.107142857142857,16.75,19.25,2.3567839195979903,2.7085427135678395,0.07792207792207792,1.2560722871590815,True,True,True,False,True,2023
79,80538,80539,80598,2022-12-22 15:04:00+00:00,2022-12-22 15:05:00+00:00,2022-12-22 16:04:00+00:00,short,11068.75,11068.5,11068.25,11093.25,11043.25,11018.25,10993.25,10968.25,72.216701388986,70-79,-64.216701388986,25.0,True,True,False,False,False,max_holding_time,11018.5,11018.75,49.5,0.0,49.5,1.98,69.75,5.75,2.79,0.23,60,59.0,2,2022-12-22,4.080213903743315,0.8968386023294509,3.421641791044776,strong_bearish,1.0844918688760068,0.9754221907779383,bearish,bearish,False,True,True,False,continuation,True,False,False,False,bearish,moderate,68.47251157488323,13.357142857142858,7.0,11.0,0.5240641711229946,0.8235294117647058,0.11363636363636363,0.9754221907779383,True,False,False,False,False,2023
80,81896,81897,81899,2022-12-23 14:42:00+00:00,2022-12-23 14:43:00+00:00,2022-12-23 14:45:00+00:00,long,10996.25,10996.75,10997.0,10972.0,11022.0,11047.0,11072.0,11097.0,70.02507196029777,70-79,65.02507196029777,25.0,False,False,False,False,True,stop,10972.0,10971.75,-25.25,0.0,-25.25,-1.01,1.75,30.25,0.07,1.21,3,2.0,0,2022-12-23,1.8933002481389576,2.13510747185261,2.130558955528356,partial_bearish,1.9049448649479384,1.8734413179837268,bullish,bullish,True,True,False,False,reversal,True,False,False,False,bullish,moderate,66.87559966914806,28.785714285714285,21.5,37.5,0.7468982630272953,1.3027295285359801,0.6066666666666667,1.8734413179837268,False,False,False,False,True,2023
81,81915,81916,81922,2022-12-23 15:01:00+00:00,2022-12-23 15:02:00+00:00,2022-12-23 15:08:00+00:00,short,10948.25,10947.25,10947.0,10972.0,10922.0,10897.0,10872.0,10847.0,73.48739063623604,70-79,-56.48739063623604,25.0,True,False,False,False,True,stop,10972.0,10972.25,-25.25,0.0,-25.25,-1.01,31.25,31.0,1.25,1.24,7,6.0,1,2022-12-23,0.9246231155778896,1.1755725190839696,3.5092226613965742,partial_bearish,1.6787930246228202,1.4697910591141454,bearish,bearish,True,True,False,False,reversal,True,True,False,True,bearish,moderate,62.39492196863367,24.875,28.75,54.75,1.1557788944723617,2.201005025125628,0.0776255707762557,1.4697910591141454,False,False,False,False,False,2023
82,83315,83316,83375,2022-12-27 15:21:00+00:00,2022-12-27 15:22:00+00:00,2022-12-27 16:21:00+00:00,short,11000.5,11000.5,11000.25,11025.25,10975.25,10950.25,10925.25,10900.25,76.0,70-79,-35.6,25.0,True,True,False,False,False,max_holding_time,10958.25,10958.5,41.75,0.0,41.75,1.67,51.75,17.25,2.07,0.69,60,59.0,2,2022-12-27,4.4774774774774775,0.8599889319313779,3.412266666666667,partial_bullish,2.0230759557344062,1.9954416484487647,bearish,bearish,True,True,False,False,reversal,True,False,True,True,bullish,strong,86.66666666666666,15.857142857142858,24.75,28.5,1.5608108108108107,1.7972972972972971,0.868421052631579,1.9954416484487651,False,False,False,False,False,2023
83,84667,84668,84669,2022-12-28 14:53:00+00:00,2022-12-28 14:54:00+00:00,2022-12-28 14:55:00+00:00,short,10928.25,10928.0,10927.75,10952.75,10902.75,10877.75,10852.75,10827.75,72.19716312056738,70-79,-60.19716312056738,25.0,False,False,False,False,True,stop,10952.75,10953.0,-25.25,0.0,-25.25,-1.01,6.5,29.5,0.26,1.18,2,1.0,0,2022-12-28,2.75177304964539,2.6676994577846638,1.2023898431665423,partial_bullish,1.00446807307279,1.5647025655483509,bearish,bearish,True,True,False,False,reversal,True,True,False,True,bearish,strong,84.97635933806146,17.625,17.0,24.5,0.9645390070921985,1.3900709219858156,0.24489795918367346,1.5647025655483509,True,False,False,False,False,2023
84,84699,84700,84734,2022-12-28 15:25:00+00:00,2022-12-28 15:26:00+00:00,2022-12-28 16:00:00+00:00,short,10923.5,10923.75,10923.5,10948.5,10898.5,10873.5,10848.5,10823.5,85.96949152542373,80-89,-61.96949152542373,25.0,True,True,True,True,False,tp4,10823.5,10823.75,99.75,0.0,99.75,3.99,100.5,0.75,4.02,0.03,35,34.0,4,2022-12-28,2.8532608695652173,0.1909758656873032,0.943089430894309,partial_bearish,2.447206147424343,2.222988228400062,bearish,bearish,True,True,True,True,reversal,True,False,False,False,bearish,strong,99.74576271186442,13.142857142857142,20.75,29.5,1.578804347826087,2.244565217391304,0.2542372881355932,2.222988228400062,True,True,True,False,True,2023
85,86029,86030,86072,2022-12-29 14:35:00+00:00,2022-12-29 14:36:00+00:00,2022-12-29 15:18:00+00:00,long,10906.5,10906.25,10906.5,10881.5,10931.5,10956.5,10981.5,11006.5,72.06051210214106,70-79,46.06051210214106,25.0,True,True,True,True,False,tp4,11006.5,11006.25,99.75,0.0,99.75,3.99,104.25,8.0,4.17,0.32,43,42.0,4,2022-12-29,1.6884422110552764,0.5861733203505355,1.603883495145631,strong_bullish,2.8608820834969246,0.963547406003438,bullish,bullish,True,True,False,False,reversal,True,False,False,False,bullish,strong,83.83760085117547,14.214285714285714,11.0,23.25,0.7738693467336684,1.635678391959799,0.7419354838709677,0.9635474060034381,True,False,False,False,True,2023
86,87410,87411,87470,2022-12-30 14:36:00+00:00,2022-12-30 14:37:00+00:00,2022-12-30 15:36:00+00:00,short,10927.0,10927.5,10927.25,10949.75,10902.25,10877.25,10852.25,10827.25,70.86055793578372,70-79,-36.86055793578372,22.5,True,True,False,False,False,max_holding_time,10922.25,10922.5,4.75,0.0,4.75,0.2111111111111111,71.75,19.5,3.188888888888889,0.8666666666666667,60,59.0,2,2022-12-30,1.5705669481302773,1.3445378151260503,0.6581782566111655,partial_bullish,1.551003148052436,0.6956210224638598,bearish,bearish,True,True,False,False,reversal,True,False,False,False,bearish,weak,40.50464946486428,14.803571428571429,5.5,13.5,0.3715319662243667,0.9119420989143546,0.35185185185185186,0.6956210224638598,False,False,False,False,False,2023
87,88787,88788,88789,2023-01-03 14:33:00+00:00,2023-01-03 14:34:00+00:00,2023-01-03 14:35:00+00:00,long,11134.25,11134.0,11134.25,11109.25,11159.25,11184.25,11209.25,11234.25,77.89499172415711,70-79,58.89499172415711,25.0,False,False,False,False,True,stop,11109.25,11109.0,-25.25,0.0,-25.25,-1.01,7.5,33.0,0.3,1.32,2,1.0,0,2023-01-03,0.765625,0.7878077373974208,1.1355831853167555,strong_bullish,2.888580931263858,0.9663959051963948,bullish,bullish,True,True,True,False,reversal,True,True,False,True,bullish,moderate,74.12493103464263,13.714285714285714,32.0,34.75,2.3333333333333335,2.533854166666667,0.9640287769784173,0.9663959051963948,True,True,True,False,False,2023
88,88790,88791,88802,2023-01-03 14:36:00+00:00,2023-01-03 14:37:00+00:00,2023-01-03 14:48:00+00:00,long,11103.5,11103.5,11103.75,11078.75,11128.75,11153.75,11178.75,11203.75,73.0,70-79,53.68721304790135,25.0,True,True,True,False,True,stop,11078.75,11078.5,-25.25,0.0,-25.25,-1.01,78.0,44.75,3.12,1.79,12,11.0,3,2023-01-03,0.7494949494949495,0.247787610619469,1.1355831853167555,partial_bullish,1.5733402885059085,0.8392551369863014,bullish,bullish,True,True,True,False,reversal,True,False,False,False,neutral,none,35.939891267488704,17.678571428571427,6.0,17.75,0.3393939393939394,1.004040404040404,0.4225352112676056,0.8392551369863014,False,False,False,False,False,2023
89,88807,88808,88809,2023-01-03 14:53:00+00:00,2023-01-03 14:54:00+00:00,2023-01-03 14:55:00+00:00,long,11036.25,11036.25,11036.5,11011.5,11061.5,11086.5,11111.5,11136.5,70.608206485771,70-79,70.608206485771,25.0,False,False,False,False,True,stop,11011.5,11011.25,-25.25,0.0,-25.25,-1.01,6.75,27.25,0.27,1.09,2,1.0,0,2023-01-03,0.9080079417604237,2.225108225108225,1.2538347352795645,partial_bearish,0.9225384793874236,1.5450129533678756,bullish,bullish,True,False,False,False,reversal,True,False,False,False,neutral,none,38.40172071475844,26.982142857142858,7.75,14.25,0.2872270019854401,0.528127068166777,0.7543859649122807,1.5450129533678756,False,False,False,False,False,2023
90,90168,90169,90180,2023-01-04 14:34:00+00:00,2023-01-04 14:35:00+00:00,2023-01-04 14:46:00+00:00,long,10982.0,10982.5,10982.75,10957.75,11007.75,11032.75,11057.75,11082.75,84.98619717827638,80-89,84.98619717827638,25.0,True,True,False,False,True,stop,10957.75,10957.5,-25.25,0.0,-25.25,-1.01,64.0,28.5,2.56,1.14,12,11.0,2,2023-01-04,3.577395577395577,1.5272727272727271,0.9319826338639652,partial_bullish,2.2667701519015413,0.9864319765309864,bullish,bullish,True,True,True,False,reversal,True,True,False,True,bullish,weak,58.218309818969885,14.535714285714286,16.0,21.75,1.1007371007371007,1.4963144963144963,0.8620689655172413,0.9864319765309864,False,False,False,False,False,2023
91,90210,90211,90217,2023-01-04 15:16:00+00:00,2023-01-04 15:17:00+00:00,2023-01-04 15:23:00+00:00,long,10918.25,10918.75,10919.0,10894.0,10944.0,10969.0,10994.0,11019.0,77.55015460330547,70-79,73.55015460330547,25.0,False,False,False,False,True,stop,10894.0,10893.75,-25.25,0.0,-25.25,-1.01,8.75,29.5,0.35,1.18,7,6.0,0,2023-01-04,1.7924242424242425,2.0476190476190474,3.0455717970765264,partial_bearish,0.5913198337840512,1.157390223828812,bullish,bullish,True,False,False,False,reversal,True,False,False,False,bullish,moderate,62.91795502754562,23.571428571428573,11.75,16.25,0.4984848484848485,0.6893939393939393,0.8461538461538461,1.157390223828812,False,False,False,False,True,2023
92,92927,92928,92930,2023-01-06 14:33:00+00:00,2023-01-06 14:34:00+00:00,2023-01-06 14:36:00+00:00,long,10920.75,10920.5,10920.75,10895.75,10945.75,10970.75,10995.75,11020.75,73.6,70-79,61.6,25.0,False,False,False,False,True,stop,10895.75,10895.5,-25.25,0.0,-25.25,-1.01,24.25,29.25,0.97,1.17,3,2.0,0,2023-01-06,2.0597014925373136,0.893735130848533,2.5221465076660987,partial_bullish,3.079985072770245,1.621616564216278,bullish,bullish,True,True,False,False,reversal,True,True,False,True,bullish,strong,96.66666666666666,16.75,34.75,39.0,2.074626865671642,2.328358208955224,0.9423076923076923,1.6216165642162779,True,False,False,False,True,2023
93,92945,92946,92966,2023-01-06 14:51:00+00:00,2023-01-06 14:52:00+00:00,2023-01-06 15:12:00+00:00,long,10812.5,10812.25,10812.5,10787.5,10837.5,10862.5,10887.5,10912.5,71.43686157454293,70-79,47.43686157454293,25.0,True,True,True,True,False,tp4,10912.5,10912.25,99.75,0.0,99.75,3.99,105.0,11.25,4.2,0.45,21,20.0,4,2023-01-06,0.6863813229571984,1.8269947800149144,0.4768392370572207,partial_bullish,0.8420661091996366,1.525700510640504,bullish,bullish,False,False,True,False,continuation,True,False,False,False,bullish,moderate,61.97384645452446,22.946428571428573,16.75,36.5,0.7299610894941634,1.5906614785992217,0.6438356164383562,1.525700510640504,True,True,True,False,False,2023
94,95687,95688,95688,2023-01-10 14:33:00+00:00,2023-01-10 14:34:00+00:00,2023-01-10 14:34:00+00:00,short,11205.0,11205.0,11204.75,11229.75,11179.75,11154.75,11129.75,11104.75,78.0,70-79,-69.47702950427202,25.0,False,False,False,False,True,stop,11229.75,11230.0,-25.25,0.0,-25.25,-1.01,2.25,41.5,0.09,1.66,1,0.0,0,2023-01-10,4.062937062937063,1.220125786163522,0.8134556574923547,partial_bullish,2.605881225645721,1.1169727282684094,bearish,bearish,True,False,True,False,reversal,True,False,False,False,bullish,strong,79.35808746439976,15.321428571428571,4.25,21.5,0.2773892773892774,1.4032634032634033,0.7209302325581395,1.1169727282684094,False,False,False,False,False,2023
95,95689,95690,95726,2023-01-10 14:35:00+00:00,2023-01-10 14:36:00+00:00,2023-01-10 15:12:00+00:00,short,11233.25,11233.0,11232.75,11257.75,11207.75,11182.75,11157.75,11132.75,81.85033400578354,80-89,-61.85033400578354,25.0,True,True,True,False,True,stop,11257.75,11258.0,-25.25,0.0,-25.25,-1.01,90.5,34.25,3.62,1.37,37,36.0,3,2023-01-10,4.571428571428571,2.670248488918737,0.8134556574923547,strong_bullish,2.3128780761179515,1.2483874698623678,bearish,bearish,True,False,True,False,reversal,True,False,False,False,neutral,none,32.08611671486285,18.375,6.75,17.75,0.3673469387755102,0.9659863945578231,0.4225352112676056,1.2483874698623678,False,False,False,False,False,2023
96,95730,95731,95732,2023-01-10 15:16:00+00:00,2023-01-10 15:17:00+00:00,2023-01-10 15:18:00+00:00,long,11282.25,11282.0,11282.25,11257.25,11307.25,11332.25,11357.25,11382.25,80.35872382851446,80-89,52.35872382851446,25.0,False,False,False,False,True,stop,11257.25,11257.0,-25.25,0.0,-25.25,-1.01,0.25,26.75,0.01,1.07,2,1.0,0,2023-01-10,3.1545363908275177,1.6014975041597337,2.93650143383859,strong_bullish,1.502684981063818,2.2158873051596237,bullish,bullish,False,True,True,False,continuation,True,True,False,True,bullish,strong,86.3226985709538,17.910714285714285,23.5,26.25,1.3120638085742773,1.465603190428714,0.9619047619047619,2.2158873051596233,True,False,False,True,False,2023
97,95739,95740,95743,2023-01-10 15:25:00+00:00,2023-01-10 15:26:00+00:00,2023-01-10 15:29:00+00:00,long,11247.75,11247.5,11247.75,11222.75,11272.75,11297.75,11322.75,11347.75,71.09586776859504,70-79,47.09586776859504,25.0,False,False,False,False,True,stop,11222.75,11222.5,-25.25,0.0,-25.25,-1.01,2.75,49.25,0.11,1.97,4,3.0,0,2023-01-10,0.578512396694215,0.5739549839228295,2.93650143383859,strong_bullish,1.0117357446652937,1.5020263424518745,bullish,bullish,False,True,True,False,continuation,True,False,False,False,bullish,weak,59.13223140495868,17.285714285714285,11.75,19.25,0.6797520661157025,1.1136363636363638,0.8441558441558441,1.5020263424518745,False,False,False,False,False,2023
98,97067,97068,97127,2023-01-11 14:33:00+00:00,2023-01-11 14:34:00+00:00,2023-01-11 15:33:00+00:00,long,11307.25,11307.0,11307.25,11282.25,11332.25,11357.25,11382.25,11407.25,72.47894859089345,70-79,71.47894859089345,25.0,True,True,True,False,False,max_holding_time,11362.5,11362.25,55.0,0.0,55.0,2.2,81.5,5.0,3.26,0.2,60,59.0,3,2023-01-11,1.912676056338028,1.1264367816091954,0.6953199617956064,partial_bullish,3.707595148940927,1.188122358335124,bullish,bullish,True,True,False,False,reversal,True,False,False,False,bullish,weak,53.99123825744543,12.678571428571429,10.0,18.5,0.7887323943661971,1.4591549295774648,0.8918918918918919,1.1881223583351241,False,False,False,False,False,2023
99,98498,98499,98558,2023-01-12 15:24:00+00:00,2023-01-12 15:25:00+00:00,2023-01-12 16:24:00+00:00,short,11487.0,11487.5,11487.25,11512.25,11462.25,11437.25,11412.25,11387.25,70.0,70-79,-70.0,25.0,True,True,True,False,False,max_holding_time,11454.5,11454.75,32.5,0.0,32.5,1.3,99.0,16.0,3.96,0.64,60,59.0,3,2023-01-12,0.4336775218427323,3.0746641674476725,0.7911620990014872,partial_bearish,0.8255323710161497,1.7630002670634468,bearish,bearish,True,False,True,False,reversal,True,False,False,False,bullish,weak,42.60391845379931,22.482142857142858,6.5,21.25,0.2891183478951549,0.9451945988880064,0.9882352941176471,1.7630002670634468,False,False,False,False,False,2023
100,99877,99878,99900,2023-01-13 15:23:00+00:00,2023-01-13 15:24:00+00:00,2023-01-13 15:46:00+00:00,short,11510.0,11510.5,11510.25,11535.25,11485.25,11460.25,11435.25,11410.25,70.0,70-79,-62.669373579773776,25.0,False,False,False,False,True,stop,11535.25,11535.5,-25.25,0.0,-25.25,-1.01,14.0,28.25,0.56,1.13,23,22.0,0,2023-01-13,1.6342412451361867,0.9723237597911228,2.6054590570719607,strong_bullish,0.9600688126509412,1.0960042299267316,bearish,bearish,True,True,False,False,reversal,True,False,False,False,neutral,none,36.088553501885194,13.767857142857142,0.5,10.25,0.03631647211413749,0.7444876783398184,0.5121951219512195,1.0960042299267316,False,False,False,False,False,2023
101,101209,101210,101244,2023-01-16 14:35:00+00:00,2023-01-16 14:36:00+00:00,2023-01-16 15:10:00+00:00,long,11607.0,11607.25,11607.5,11586.5,11632.5,11657.5,11682.5,11707.5,83.16722881947909,80-89,83.16722881947909,21.0,False,False,False,False,True,stop,11586.5,11586.25,-21.25,0.0,-21.25,-1.011904761904762,2.75,26.0,0.1309523809523809,1.238095238095238,35,34.0,0,2023-01-16,2.705521472392638,0.717948717948718,0.9164345403899722,strong_bullish,7.73109243697479,0.4590360243488673,bullish,bullish,True,True,True,False,reversal,True,True,False,True,bullish,strong,76.39357349565913,5.821428571428571,11.0,17.5,1.8895705521472392,3.0061349693251533,0.7714285714285715,0.45903602434886737,True,False,False,True,False,2023
102,102352,102353,102356,2023-01-17 14:38:00+00:00,2023-01-17 14:39:00+00:00,2023-01-17 14:42:00+00:00,short,11567.25,11567.25,11567.0,11592.0,11542.0,11517.0,11492.0,11467.0,73.94562482491013,70-79,-41.94562482491013,25.0,False,False,False,False,True,stop,11592.0,11592.25,-25.25,0.0,-25.25,-1.01,17.75,26.75,0.71,1.07,4,3.0,0,2023-01-17,1.363533408833522,0.8067796610169491,2.357076780758557,partial_bullish,2.032111899133176,1.4170253686235,neutral,bearish,True,True,True,False,reversal,True,True,False,True,bearish,strong,82.88020687425104,15.767857142857142,14.0,21.5,0.8878822197055493,1.363533408833522,0.011627906976744186,1.4170253686235001,True,False,False,True,False,2023
103,102402,102403,102406,2023-01-17 15:28:00+00:00,2023-01-17 15:29:00+00:00,2023-01-17 15:32:00+00:00,long,11657.75,11657.5,11657.75,11632.75,11682.75,11707.75,11732.75,11757.75,76.0,70-79,68.83210936461245,25.0,False,False,False,False,True,stop,11632.75,11632.5,-25.25,0.0,-25.25,-1.01,6.0,25.0,0.24,1.0,4,3.0,0,2023-01-17,2.5225225225225225,2.0811940298507463,3.3242764323685763,partial_bullish,1.494182243453785,1.477430861802003,bullish,bullish,True,False,False,False,reversal,True,False,True,True,bearish,strong,84.7324219615629,9.910714285714286,12.75,14.75,1.2864864864864864,1.4882882882882882,0.0847457627118644,1.477430861802003,False,False,False,False,False,2023
104,103765,103766,103772,2023-01-18 15:11:00+00:00,2023-01-18 15:12:00+00:00,2023-01-18 15:18:00+00:00,long,11727.5,11727.75,11728.0,11703.0,11753.0,11778.0,11803.0,11828.0,82.0,80-89,45.3063555586283,25.0,False,False,False,False,True,stop,11703.0,11702.75,-25.25,0.0,-25.25,-1.01,10.0,34.25,0.4,1.37,7,6.0,0,2023-01-18,1.742971887550201,1.8704839809134288,2.0552188552188557,partial_bullish,0.8394068283710772,1.05279852360218,bullish,bullish,True,True,True,True,reversal,True,False,False,False,bearish,moderate,72.44703701143087,13.339285714285714,9.75,11.0,0.7309236947791166,0.8246318607764391,0.11363636363636363,1.05279852360218,False,False,False,False,False,2023
105,105117,105118,105177,2023-01-19 14:43:00+00:00,2023-01-19 14:44:00+00:00,2023-01-19 15:43:00+00:00,short,11403.5,11404.0,11403.75,11428.75,11378.75,11353.75,11328.75,11303.75,94.11309565369314,90-100,-72.11309565369314,25.0,True,True,False,False,False,max_holding_time,11366.0,11366.25,37.5,0.0,37.5,1.5,54.75,14.0,2.19,0.56,60,59.0,2,2023-01-19,1.893967093235832,2.6744186046511627,1.9154228855721396,partial_bullish,1.5203375923103972,1.2985907736977798,bearish,bearish,True,True,True,True,reversal,True,True,False,True,bearish,strong,84.27579711410951,19.535714285714285,16.25,23.0,0.8318098720292505,1.1773308957952469,0.043478260869565216,1.2985907736977798,True,True,True,False,True,2023
106,106485,106486,106489,2023-01-20 14:31:00+00:00,2023-01-20 14:32:00+00:00,2023-01-20 14:35:00+00:00,long,11411.75,11410.75,11411.0,11386.0,11436.0,11461.0,11486.0,11511.0,82.93261104696441,80-89,69.93261104696441,25.0,False,False,False,False,True,stop,11386.0,11385.75,-25.25,0.0,-25.25,-1.01,8.25,25.5,0.33,1.02,4,3.0,0,2023-01-20,2.4738955823293174,0.9290123456790124,0.6932185145317545,partial_bearish,5.825810109468359,0.9549204352115294,bullish,bullish,True,True,True,False,reversal,True,False,False,False,bullish,weak,41.1050920580367,8.892857142857142,0.75,18.75,0.08433734939759037,2.108433734939759,0.8133333333333334,0.9549204352115294,False,False,False,False,False,2023
107,106494,106495,106554,2023-01-20 14:40:00+00:00,2023-01-20 14:41:00+00:00,2023-01-20 15:40:00+00:00,long,11421.5,11421.5,11421.75,11396.75,11446.75,11471.75,11496.75,11521.75,73.06698763943159,70-79,61.06698763943159,25.0,True,True,True,False,False,max_holding_time,11474.25,11474.0,52.25,0.0,52.25,2.09,76.5,5.75,3.06,0.23,60,59.0,3,2023-01-20,1.9228149829738928,1.0831408775981526,0.6932185145317545,partial_bearish,1.5593209612859336,0.895202455993751,bullish,bullish,True,False,False,False,reversal,True,False,False,False,bullish,weak,58.89156366192994,15.732142857142858,9.75,15.5,0.6197502837684449,0.985244040862656,0.6290322580645161,0.895202455993751,False,False,False,False,True,2023
108,107865,107866,107881,2023-01-23 14:31:00+00:00,2023-01-23 14:32:00+00:00,2023-01-23 14:47:00+00:00,long,11678.75,11679.25,11679.5,11654.5,11704.5,11729.5,11754.5,11779.5,78.0,70-79,78.0,25.0,True,True,True,True,False,tp4,11779.5,11779.25,99.75,0.0,99.75,3.99,106.0,5.0,4.24,0.2,16,15.0,4,2023-01-23,3.1283185840707968,0.9634831460674158,0.0267686424474187,partial_bearish,7.096594392731732,0.9112249864017636,bullish,bullish,True,True,True,False,reversal,True,False,False,False,bearish,strong,79.92098708883228,8.071428571428571,15.25,26.0,1.8893805309734515,3.2212389380530975,0.2692307692307692,0.9112249864017635,False,False,False,False,False,2023
109,107900,107901,107958,2023-01-23 15:06:00+00:00,2023-01-23 15:07:00+00:00,2023-01-23 16:04:00+00:00,long,11798.5,11798.75,11799.0,11774.0,11824.0,11849.0,11874.0,11899.0,85.8787223259344,80-89,85.8787223259344,25.0,True,True,True,True,False,tp4,11899.0,11898.75,99.75,0.0,99.75,3.99,117.25,4.75,4.69,0.19,58,57.0,4,2023-01-23,1.589519650655022,3.4975438596491224,3.465,partial_bullish,0.7911699586637145,0.94604640244141,bullish,bullish,True,True,True,False,reversal,True,False,False,False,neutral,none,32.32268604945335,12.267857142857142,1.0,9.25,0.08151382823871907,0.7540029112081514,0.7297297297297297,0.9460464024414101,False,False,False,False,False,2023
110,109247,109248,109256,2023-01-24 14:33:00+00:00,2023-01-24 14:34:00+00:00,2023-01-24 14:42:00+00:00,short,11876.25,11876.25,11876.0,11901.0,11851.0,11826.0,11801.0,11776.0,70.01033741318378,70-79,-48.01033741318378,25.0,True,False,False,False,True,stop,11901.0,11901.25,-25.25,0.0,-25.25,-1.01,30.75,26.25,1.23,1.05,9,8.0,1,2023-01-24,1.8260869565217392,1.0870147255689424,1.2552742616033756,partial_bullish,2.5546139635809166,0.7486529917761603,bearish,bearish,True,True,False,False,reversal,True,False,False,False,neutral,none,33.419478443198116,10.267857142857142,5.5,11.0,0.5356521739130435,1.071304347826087,0.4090909090909091,0.7486529917761603,False,False,False,False,False,2023
111,109271,109272,109289,2023-01-24 14:57:00+00:00,2023-01-24 14:58:00+00:00,2023-01-24 15:15:00+00:00,short,11906.25,11906.75,11906.5,11931.5,11881.5,11856.5,11831.5,11806.5,86.85015806111696,80-89,-62.85015806111696,25.0,True,True,False,False,True,stop,11931.5,11931.75,-25.25,0.0,-25.25,-1.01,68.5,30.25,2.74,1.21,18,17.0,2,2023-01-24,1.386722866174921,3.782041442824252,0.7075812274368232,partial_bullish,1.1980543186515975,1.90671031096563,bearish,bearish,True,True,True,True,reversal,True,False,False,False,bearish,moderate,73.7513171759747,16.946428571428573,12.0,15.75,0.7081138040042149,0.929399367755532,0.20634920634920634,1.90671031096563,True,True,True,False,True,2023
112,113443,113444,113460,2023-01-27 15:29:00+00:00,2023-01-27 15:30:00+00:00,2023-01-27 15:46:00+00:00,long,12167.25,12167.25,12167.5,12142.5,12192.5,12217.5,12242.5,12267.5,83.06577724981814,80-89,83.06577724981814,25.0,False,False,False,False,True,stop,12142.5,12142.25,-25.25,0.0,-25.25,-1.01,14.25,37.0,0.57,1.48,17,16.0,0,2023-01-27,0.9051724137931034,0.8500619578686492,3.679715302491103,strong_bullish,1.1726972035682068,1.4687158151462438,bullish,bullish,True,True,True,True,reversal,True,True,False,True,bullish,strong,92.2148104151512,12.428571428571429,11.75,14.5,0.9454022988505747,1.1666666666666667,0.8275862068965517,1.4687158151462438,True,True,True,False,True,2023
113,116148,116149,116150,2023-01-31 14:34:00+00:00,2023-01-31 14:35:00+00:00,2023-01-31 14:36:00+00:00,long,12024.25,12024.75,12025.0,12000.0,12050.0,12075.0,12100.0,12125.0,81.60009624858426,80-89,45.600096248584265,25.0,False,False,False,False,True,stop,12000.0,11999.75,-25.25,0.0,-25.25,-1.01,3.0,26.0,0.12,1.04,2,1.0,0,2023-01-31,3.495608531994981,1.632340425531915,2.059135708870357,partial_bullish,3.3912429378531077,1.289947080471709,bullish,bullish,True,True,False,False,reversal,True,False,False,False,bullish,strong,80.0008020715356,14.232142857142858,15.75,23.25,1.1066499372647427,1.6336260978670012,0.6881720430107527,1.289947080471709,True,False,False,False,False,2023
114,116189,116190,116249,2023-01-31 15:15:00+00:00,2023-01-31 15:16:00+00:00,2023-01-31 16:15:00+00:00,long,12034.25,12034.0,12034.25,12009.25,12059.25,12084.25,12109.25,12134.25,73.28473365034888,70-79,67.28473365034888,25.0,True,True,False,False,False,max_holding_time,12076.25,12076.0,41.75,0.0,41.75,1.67,58.0,14.75,2.32,0.59,60,59.0,2,2023-01-31,1.6439393939393938,0.2485604606525911,0.9492833517089304,partial_bullish,0.9168482624154146,1.0239135168368063,bullish,bullish,True,True,True,False,reversal,True,False,False,False,bullish,weak,44.03944708624064,18.857142857142858,2.75,11.75,0.14583333333333334,0.6231060606060606,0.6595744680851063,1.0239135168368065,True,True,True,False,False,2023
115,117532,117533,117592,2023-02-01 14:38:00+00:00,2023-02-01 14:39:00+00:00,2023-02-01 15:38:00+00:00,long,12128.25,12128.5,12128.75,12103.75,12153.75,12178.75,12203.75,12228.75,73.15068462295653,70-79,51.15068462295653,25.0,True,False,False,False,False,max_holding_time,12134.25,12134.0,5.25,0.0,5.25,0.21,29.0,21.25,1.16,0.85,60,59.0,1,2023-02-01,0.3821339950372208,2.3264705882352943,0.3425531914893617,partial_bullish,1.5511702615878844,0.7553532973060827,bullish,bullish,True,True,False,False,reversal,True,False,False,False,bullish,weak,59.589038524637736,14.392857142857142,8.25,22.25,0.5732009925558312,1.5459057071960298,0.9438202247191011,0.7553532973060827,False,False,False,False,False,2023
116,118926,118927,118933,2023-02-02 14:52:00+00:00,2023-02-02 14:53:00+00:00,2023-02-02 14:59:00+00:00,long,12699.5,12699.5,12699.75,12674.75,12724.75,12749.75,12774.75,12799.75,80.81138157894736,80-89,69.81138157894736,25.0,False,False,False,False,True,stop,12674.75,12674.5,-25.25,0.0,-25.25,-1.01,20.25,30.75,0.81,1.23,7,6.0,0,2023-02-02,1.553125,2.351145038167939,3.1149354640442533,partial_bullish,1.219738313469497,1.7148615963450686,bullish,bullish,True,True,False,False,reversal,True,False,False,False,bullish,weak,40.09484649122807,22.857142857142858,3.0,28.5,0.13125,1.246875,0.7017543859649122,1.7148615963450686,False,False,False,False,False,2023
117,118951,118952,118976,2023-02-02 15:17:00+00:00,2023-02-02 15:18:00+00:00,2023-02-02 15:42:00+00:00,long,12711.75,12711.75,12712.0,12687.0,12737.0,12762.0,12787.0,12812.0,70.22628774422735,70-79,66.22628774422735,25.0,True,True,True,True,False,tp4,12812.0,12811.75,99.75,0.0,99.75,3.99,104.75,6.75,4.19,0.27,25,24.0,4,2023-02-02,1.492007104795737,1.1753086419753087,0.6784140969162996,partial_bullish,1.5412598834403652,1.779301478465824,bullish,bullish,False,True,True,False,continuation,True,True,False,True,bullish,strong,85.21906453522794,20.107142857142858,24.75,27.25,1.2309058614564832,1.355239786856128,0.9541284403669725,1.7793014784658239,True,False,False,True,False,2023
118,120285,120286,120300,2023-02-03 14:31:00+00:00,2023-02-03 14:32:00+00:00,2023-02-03 14:46:00+00:00,long,12607.75,12607.75,12608.0,12583.0,12633.0,12658.0,12683.0,12708.0,74.63873873873874,70-79,20.638738738738738,25.0,True,True,True,True,False,tp4,12708.0,12707.75,99.75,0.0,99.75,3.99,107.75,12.0,4.31,0.48,15,14.0,4,2023-02-03,2.9954954954954958,0.4907975460122699,4.299915038232795,partial_bearish,5.912300055157198,1.556749691380437,neutral,neutral,True,True,True,False,reversal,True,True,False,True,bullish,strong,88.65615615615616,15.857142857142858,17.75,37.0,1.1193693693693694,2.333333333333333,0.9662162162162162,1.556749691380437,True,False,False,False,False,2023
119,120330,120331,120390,2023-02-03 15:16:00+00:00,2023-02-03 15:17:00+00:00,2023-02-03 16:16:00+00:00,long,12773.0,12772.5,12772.75,12747.75,12797.75,12822.75,12847.75,12872.75,72.64465445953928,70-79,34.64465445953928,25.0,True,True,True,False,False,max_holding_time,12830.25,12830.0,57.25,0.0,57.25,2.29,84.5,13.75,3.38,0.55,60,59.0,3,2023-02-03,2.604843473124631,0.582903463522476,2.761563712324679,strong_bullish,1.4773184836153352,2.3971641064850213,neutral,bullish,True,True,True,True,reversal,True,False,False,False,bullish,moderate,72.03878716282733,30.232142857142858,22.75,33.75,0.7525103366804489,1.1163614884819846,0.7703703703703704,2.3971641064850213,True,False,False,False,False,2023
120,121671,121672,121676,2023-02-06 14:37:00+00:00,2023-02-06 14:38:00+00:00,2023-02-06 14:42:00+00:00,short,12524.25,12524.25,12524.0,12549.0,12499.0,12474.0,12449.0,12424.0,75.92532028653376,70-79,-51.92532028653376,25.0,False,False,False,False,True,stop,12549.0,12549.25,-25.25,0.0,-25.25,-1.01,5.0,32.75,0.2,1.31,5,4.0,0,2023-02-06,2.2114014251781478,3.1383763837638377,0.3745480838756326,partial_bearish,2.43321475130919,1.1637762489035437,bearish,bearish,True,True,False,False,reversal,True,True,False,True,bearish,strong,82.71100238778135,15.035714285714286,18.0,24.0,1.1971496437054632,1.5961995249406176,0.21875,1.1637762489035437,False,False,False,False,True,2023
121,121705,121706,121765,2023-02-06 15:11:00+00:00,2023-02-06 15:12:00+00:00,2023-02-06 16:11:00+00:00,short,12554.75,12555.5,12555.25,12580.25,12530.25,12505.25,12480.25,12455.25,70.58558699710753,70-79,-32.58558699710753,25.0,True,True,True,False,False,max_holding_time,12540.5,12540.75,14.5,0.0,14.5,0.58,98.75,22.25,3.95,0.89,60,59.0,3,2023-02-06,0.5,1.752988047808765,1.4148061104582843,partial_bullish,1.25349721418494,1.3996769154773507,neutral,bearish,True,True,True,True,reversal,True,False,False,False,bearish,moderate,71.54655830922938,19.0,16.5,23.5,0.868421052631579,1.236842105263158,0.2978723404255319,1.3996769154773507,True,True,True,False,True,2023
122,123046,123047,123054,2023-02-07 14:32:00+00:00,2023-02-07 14:33:00+00:00,2023-02-07 14:40:00+00:00,short,12509.5,12509.5,12509.25,12534.25,12484.25,12459.25,12434.25,12409.25,83.59861858160913,80-89,-45.59861858160913,25.0,False,False,False,False,True,stop,12534.25,12534.5,-25.25,0.0,-25.25,-1.01,20.75,27.0,0.83,1.08,8,7.0,0,2023-02-07,0.7521663778162911,0.7170294494238156,2.5045871559633026,partial_bearish,4.81253272119528,0.8457602287445238,bearish,bearish,True,True,True,False,reversal,True,False,False,False,bearish,weak,46.65515484674281,10.303571428571429,4.75,18.25,0.4610051993067591,1.7712305025996533,0.2328767123287671,0.8457602287445238,False,False,False,False,False,2023
123,125825,125826,125827,2023-02-09 14:51:00+00:00,2023-02-09 14:52:00+00:00,2023-02-09 14:53:00+00:00,long,12697.0,12697.0,12697.25,12672.25,12722.25,12747.25,12772.25,12797.25,75.02956139534093,70-79,69.02956139534093,25.0,False,False,False,False,True,stop,12672.25,12672.0,-25.25,0.0,-25.25,-1.01,3.75,29.25,0.15,1.17,2,1.0,0,2023-02-09,1.381044487427466,1.2188235294117646,1.6019900497512438,partial_bearish,0.8746290950929533,0.8836635430156319,bullish,bullish,True,True,True,True,reversal,True,False,False,False,bullish,weak,58.57967829450782,18.464285714285715,8.0,12.5,0.43326885880077365,0.6769825918762089,0.78,0.8836635430156319,True,True,True,False,True,2023
124,129950,129951,129952,2023-02-14 14:36:00+00:00,2023-02-14 14:37:00+00:00,2023-02-14 14:38:00+00:00,long,12470.75,12470.75,12471.0,12446.0,12496.0,12521.0,12546.0,12571.0,73.6875915250401,70-79,52.687591525040105,25.0,False,False,False,False,True,stop,12446.0,12445.75,-25.25,0.0,-25.25,-1.01,11.0,26.25,0.44,1.05,2,1.0,0,2023-02-14,2.9101707498144025,0.8016967126193001,2.380054966627405,partial_bearish,1.611291766812762,1.3129044025881764,neutral,bullish,True,True,False,True,reversal,True,True,False,True,bullish,moderate,64.06326270866754,24.053571428571427,25.0,35.25,1.0393466963622866,1.4654788418708242,0.9432624113475178,1.3129044025881764,False,False,False,False,False,2023
125,129993,129994,130010,2023-02-14 15:19:00+00:00,2023-02-14 15:20:00+00:00,2023-02-14 15:36:00+00:00,short,12628.25,12628.25,12628.0,12653.0,12603.0,12578.0,12553.0,12528.0,75.69563409563409,70-79,-21.69563409563409,25.0,True,True,True,True,False,tp4,12528.0,12528.25,99.75,0.0,99.75,3.99,114.75,20.5,4.59,0.82,17,16.0,4,2023-02-14,1.266112266112266,2.395247524752475,2.025302530253025,partial_bullish,1.2336945502061414,1.6844566120151343,neutral,bearish,True,True,False,False,reversal,True,True,False,True,bearish,strong,80.7969507969508,17.178571428571427,18.0,26.5,1.0478170478170479,1.5426195426195428,0.2358490566037736,1.6844566120151343,True,False,False,False,False,2023
126,131369,131370,131429,2023-02-15 15:15:00+00:00,2023-02-15 15:16:00+00:00,2023-02-15 16:15:00+00:00,long,12565.75,12566.25,12566.5,12541.5,12591.5,12616.5,12641.5,12666.5,77.23557804632833,70-79,71.23557804632833,25.0,True,True,False,False,False,max_holding_time,12609.5,12609.25,42.75,0.0,42.75,1.71,52.25,10.25,2.09,0.41,60,59.0,2,2023-02-15,0.7987987987987988,1.824928639391056,0.637546468401487,partial_bearish,0.5268643306379155,0.5652593021014074,bullish,bullish,True,True,True,True,reversal,True,False,False,False,bullish,weak,43.62981705273605,17.839285714285715,6.5,11.75,0.36436436436436437,0.6586586586586586,0.6595744680851063,0.5652593021014074,True,False,False,False,False,2023
127,132712,132713,132766,2023-02-16 14:38:00+00:00,2023-02-16 14:39:00+00:00,2023-02-16 15:32:00+00:00,long,12528.25,12528.5,12528.75,12503.75,12553.75,12578.75,12603.75,12628.75,75.92546643895209,70-79,68.92546643895209,25.0,True,True,True,True,False,tp4,12628.75,12628.5,99.75,0.0,99.75,3.99,101.5,2.0,4.06,0.08,54,53.0,4,2023-02-16,1.1211498973305956,0.1918951132300357,5.380427738172392,strong_bearish,1.7764948453608247,1.1568330486901042,neutral,bullish,True,True,True,False,reversal,True,True,False,True,bullish,moderate,66.04555365793402,17.392857142857142,26.5,34.25,1.5236139630390144,1.969199178644764,0.8686131386861314,1.1568330486901042,False,False,False,False,False,2023
128,134085,134086,134087,2023-02-17 14:31:00+00:00,2023-02-17 14:32:00+00:00,2023-02-17 14:33:00+00:00,short,12385.0,12385.25,12385.0,12410.0,12360.0,12335.0,12310.0,12285.0,81.87011112920372,80-89,-51.87011112920372,25.0,False,False,False,False,True,stop,12410.0,12410.25,-25.25,0.0,-25.25,-1.01,0.25,25.5,0.01,1.02,2,1.0,0,2023-02-17,3.3180873180873185,0.375,0.7652733118971061,partial_bearish,3.903432228039558,0.6416929655586978,bearish,bearish,True,True,True,True,reversal,True,False,False,False,bearish,moderate,65.58425941003097,8.589285714285714,3.25,16.25,0.3783783783783784,1.891891891891892,0.2153846153846154,0.6416929655586978,True,False,False,False,False,2023
129,134088,134089,134103,2023-02-17 14:34:00+00:00,2023-02-17 14:35:00+00:00,2023-02-17 14:49:00+00:00,short,12414.25,12415.0,12414.75,12439.75,12389.75,12364.75,12339.75,12314.75,78.0,70-79,-56.74952789699571,25.0,True,True,True,True,False,tp4,12314.75,12315.0,99.75,0.0,99.75,3.99,103.0,8.75,4.12,0.35,15,14.0,4,2023-02-17,2.1728,0.375,0.7652733118971061,partial_bullish,1.7045848250375333,0.5630901287553648,bearish,bearish,True,True,True,True,reversal,True,False,True,True,bullish,moderate,68.75393419170243,11.160714285714286,14.25,18.25,1.2768,1.6352,0.8493150684931506,0.5630901287553648,False,False,False,False,False,2023
130,134114,134115,134117,2023-02-17 15:00:00+00:00,2023-02-17 15:01:00+00:00,2023-02-17 15:03:00+00:00,short,12337.0,12337.0,12336.75,12361.75,12311.75,12286.75,12261.75,12236.75,74.0,70-79,-37.88348119219669,25.0,False,False,False,False,True,stop,12361.75,12362.0,-25.25,0.0,-25.25,-1.01,4.0,26.0,0.16,1.04,3,2.0,0,2023-02-17,2.036363636363636,3.261580381471389,1.689806128830519,partial_bearish,0.9541736694677873,0.6480727521783798,bearish,bearish,True,False,True,False,reversal,True,False,False,False,bullish,moderate,67.63765673169425,14.732142857142858,8.0,14.75,0.543030303030303,1.0012121212121212,0.9152542372881356,0.6480727521783798,False,False,False,False,False,2023
131,135466,135467,135526,2023-02-20 14:32:00+00:00,2023-02-20 14:33:00+00:00,2023-02-20 15:32:00+00:00,short,12386.5,12386.75,12386.5,12411.5,12361.5,12336.5,12311.5,12286.5,70.8946184268786,70-79,-70.8946184268786,25.0,False,False,False,False,False,max_holding_time,12377.75,12378.0,8.5,0.0,8.5,0.34,15.5,6.5,0.62,0.26,60,59.0,0,2023-02-20,2.817073170731708,0.224,1.0059880239520955,strong_bearish,4.62848751835536,0.1182730335982469,bearish,bearish,False,True,True,False,continuation,True,True,False,True,bearish,strong,90.78848689065498,2.9285714285714284,5.25,5.75,1.7926829268292683,1.9634146341463417,0.043478260869565216,0.11827303359824691,True,False,False,True,True,2023
132,136622,136623,136682,2023-02-21 14:48:00+00:00,2023-02-21 14:49:00+00:00,2023-02-21 15:48:00+00:00,short,12252.5,12253.0,12252.75,12277.75,12227.75,12202.75,12177.75,12152.75,72.33403423289225,70-79,-60.33403423289225,25.0,True,True,False,False,False,max_holding_time,12189.75,12190.0,62.75,0.0,62.75,2.51,71.75,16.25,2.87,0.65,60,59.0,2,2023-02-21,1.7230769230769232,2.6162402669632927,1.4220472440944882,partial_bullish,1.5599013767439012,1.1521581757307031,bearish,bearish,False,True,True,False,continuation,True,True,False,True,bearish,moderate,69.45028527410213,16.25,19.25,31.25,1.1846153846153846,1.9230769230769231,0.24,1.1521581757307031,True,True,True,False,False,2023
133,139409,139410,139425,2023-02-23 15:15:00+00:00,2023-02-23 15:16:00+00:00,2023-02-23 15:31:00+00:00,long,12192.0,12191.75,12192.0,12167.0,12217.0,12242.0,12267.0,12292.0,78.99406713866622,70-79,46.99406713866623,25.0,False,False,False,False,True,stop,12167.0,12166.75,-25.25,0.0,-25.25,-1.01,8.0,41.0,0.32,1.64,16,15.0,0,2023-02-23,1.336870026525199,1.896305897602074,1.0329171396140748,partial_bearish,0.9232679700811506,0.9525795926880504,bullish,bullish,True,False,True,False,reversal,True,False,False,False,bullish,weak,58.2838928222185,13.464285714285714,3.75,12.25,0.27851458885941643,0.9098143236074271,0.673469387755102,0.9525795926880503,True,True,True,False,True,2023
134,140778,140779,140838,2023-02-24 15:04:00+00:00,2023-02-24 15:05:00+00:00,2023-02-24 16:04:00+00:00,short,11980.25,11980.25,11980.0,12005.0,11955.0,11930.0,11905.0,11880.0,71.10120422627341,70-79,-48.10120422627341,25.0,True,True,False,False,False,max_holding_time,11926.25,11926.5,53.5,0.0,53.5,2.14,57.25,8.5,2.29,0.34,60,59.0,2,2023-02-24,0.3452914798206278,1.6686046511627906,0.0980163360560093,partial_bearish,0.8335207057547582,0.920241815367542,bearish,bearish,True,False,True,False,reversal,True,False,False,False,neutral,none,34.176701885611806,15.928571428571429,3.5,19.25,0.21973094170403587,1.2085201793721974,0.35064935064935066,0.9202418153675419,False,False,False,False,False,2023
135,142126,142127,142186,2023-02-27 14:32:00+00:00,2023-02-27 14:33:00+00:00,2023-02-27 15:32:00+00:00,long,12128.0,12127.75,12128.0,12103.0,12153.0,12178.0,12203.0,12228.0,71.85431311217214,70-79,58.854313112172136,25.0,True,True,False,False,False,max_holding_time,12151.25,12151.0,23.0,0.0,23.0,0.92,61.5,21.5,2.46,0.86,60,59.0,2,2023-02-27,0.1145194274028629,0.4471744471744471,3.401500938086304,partial_bearish,4.192991366175724,0.6776489128561227,bullish,bullish,True,True,False,False,reversal,True,False,False,False,bullish,weak,48.78594260143443,8.732142857142858,7.75,17.5,0.887525562372188,2.004089979550102,0.6857142857142857,0.6776489128561227,False,False,False,False,False,2023
136,143510,143511,143570,2023-02-28 14:36:00+00:00,2023-02-28 14:37:00+00:00,2023-02-28 15:36:00+00:00,long,12063.5,12063.75,12064.0,12039.25,12089.0,12114.0,12139.0,12164.0,71.87125562619971,70-79,47.87125562619971,24.75,True,True,False,False,False,max_holding_time,12074.5,12074.25,10.25,0.0,10.25,0.4141414141414141,60.25,8.25,2.4343434343434343,0.3333333333333333,60,59.0,2,2023-02-28,0.1906614785992217,2.7573062261753494,3.0114942528735638,strong_bearish,1.7568804540184293,0.628952801232127,bullish,bullish,True,True,False,False,reversal,True,False,False,False,bullish,weak,48.92713021833091,9.178571428571429,2.75,12.0,0.29961089494163423,1.3073929961089494,0.8125,0.628952801232127,False,False,False,False,False,2023
137,150456,150457,150493,2023-03-07 15:22:00+00:00,2023-03-07 15:23:00+00:00,2023-03-07 15:59:00+00:00,long,12245.25,12245.0,12245.25,12220.25,12270.25,12295.25,12320.25,12345.25,78.0,70-79,22.0,25.0,True,True,False,False,True,stop,12220.25,12220.0,-25.25,0.0,-25.25,-1.01,73.75,32.5,2.95,1.3,37,36.0,2,2023-03-07,1.9683168316831685,5.228710462287104,4.753196930946292,partial_bearish,1.7596760127108872,3.261673386722161,neutral,bullish,True,True,False,False,reversal,True,True,False,True,bullish,strong,100.0,18.035714285714285,24.75,29.5,1.3722772277227724,1.6356435643564358,0.8728813559322034,3.2616733867221614,True,False,False,False,True,2023
138,151789,151790,151814,2023-03-08 14:35:00+00:00,2023-03-08 14:36:00+00:00,2023-03-08 15:00:00+00:00,long,12178.0,12177.25,12177.5,12152.5,12202.5,12227.5,12252.5,12277.5,78.0,70-79,72.61209733799208,25.0,False,False,False,False,True,stop,12152.5,12152.25,-25.25,0.0,-25.25,-1.01,12.0,52.5,0.48,2.1,25,24.0,0,2023-03-08,2.771573604060914,0.3181818181818182,0.7012302284710017,partial_bullish,2.4581305788578085,0.9221430811270884,bullish,bullish,True,True,True,False,reversal,True,False,False,False,neutral,none,36.565855516732704,10.553571428571429,1.25,12.25,0.11844331641285956,1.1607445008460238,0.46938775510204084,0.9221430811270885,False,False,False,False,False,2023
139,151831,151832,151835,2023-03-08 15:17:00+00:00,2023-03-08 15:18:00+00:00,2023-03-08 15:21:00+00:00,long,12163.75,12164.75,12165.0,12140.0,12190.0,12215.0,12240.0,12265.0,70.93637395765501,70-79,55.93637395765501,25.0,False,False,False,False,True,stop,12140.0,12139.75,-25.25,0.0,-25.25,-1.01,5.75,31.0,0.23,1.24,4,3.0,0,2023-03-08,1.0996168582375478,0.3011797362942401,0.2761506276150627,partial_bearish,0.4357781679655813,0.6237415675842506,bullish,bullish,True,True,True,True,reversal,True,False,False,False,neutral,none,32.803116313791676,18.642857142857142,7.25,13.75,0.3888888888888889,0.7375478927203065,0.6909090909090909,0.6237415675842506,False,False,False,False,False,2023
140,153169,153170,153229,2023-03-09 14:35:00+00:00,2023-03-09 14:36:00+00:00,2023-03-09 15:35:00+00:00,long,12281.75,12281.5,12281.75,12256.75,12306.75,12331.75,12356.75,12381.75,71.15896148378981,70-79,45.15896148378981,25.0,True,True,False,False,False,max_holding_time,12337.25,12337.0,55.25,0.0,55.25,2.21,72.0,20.75,2.88,0.83,60,59.0,2,2023-03-09,3.004878048780488,0.7427652733118971,4.015420200462606,strong_bullish,2.3620827382537337,1.0905717734364522,bullish,bullish,True,True,False,False,reversal,True,False,False,False,bullish,strong,76.32467903158177,10.982142857142858,6.25,16.0,0.5691056910569106,1.456910569105691,0.921875,1.0905717734364522,True,False,False,False,False,2023
141,158300,158301,158301,2023-03-15 14:06:00+00:00,2023-03-15 14:07:00+00:00,2023-03-15 14:07:00+00:00,short,12241.75,12241.25,12241.0,12266.0,12216.0,12191.0,12166.0,12141.0,72.0,70-79,-60.76481922984848,25.0,False,False,False,False,True,stop,12266.0,12266.25,-25.25,0.0,-25.25,-1.01,6.75,27.75,0.27,1.11,1,0.0,0,2023-03-15,2.0291411042944785,0.3522012578616352,1.4196925089957475,strong_bullish,0.8392533502665661,0.7383011160636354,bearish,bearish,True,False,True,False,reversal,True,False,False,False,neutral,none,26.959839751262678,23.285714285714285,7.25,17.5,0.3113496932515338,0.7515337423312883,0.6,0.7383011160636354,False,False,False,False,False,2023
142,158302,158303,158362,2023-03-15 14:08:00+00:00,2023-03-15 14:09:00+00:00,2023-03-15 15:08:00+00:00,short,12245.5,12245.25,12245.0,12270.0,12220.0,12195.0,12170.0,12145.0,76.43770429063457,70-79,-56.43770429063457,25.0,True,True,True,False,False,max_holding_time,12243.0,12243.25,1.75,0.0,1.75,0.07,93.5,9.5,3.74,0.38,60,59.0,3,2023-03-15,1.6488888888888888,0.3522012578616352,1.4196925089957475,strong_bullish,1.0265148933269717,0.9444848606477184,bearish,bearish,True,False,True,False,reversal,True,False,False,False,neutral,none,36.980869088621475,24.107142857142858,11.0,26.25,0.4562962962962963,1.0888888888888888,0.3523809523809524,0.9444848606477184,False,False,False,False,False,2023
143,159660,159661,159664,2023-03-16 13:46:00+00:00,2023-03-16 13:47:00+00:00,2023-03-16 13:50:00+00:00,short,12342.25,12342.5,12342.25,12367.25,12317.25,12292.25,12267.25,12242.25,73.96835664109987,70-79,-39.968356641099874,25.0,False,False,False,False,True,stop,12367.25,12367.5,-25.25,0.0,-25.25,-1.01,7.5,28.75,0.3,1.15,4,3.0,0,2023-03-16,1.482824427480916,0.5539246968730057,1.259850905218317,partial_bearish,1.5090928590032326,1.2247587784740874,bearish,bearish,True,True,False,False,reversal,True,True,False,True,bearish,moderate,66.40297200916567,18.714285714285715,21.5,23.25,1.148854961832061,1.2423664122137403,0.07526881720430108,1.2247587784740874,False,False,False,False,False,2023
144,166544,166545,166554,2023-03-23 13:30:00+00:00,2023-03-23 13:31:00+00:00,2023-03-23 13:40:00+00:00,long,12875.5,12875.5,12875.75,12850.75,12900.75,12925.75,12950.75,12975.75,81.97771592372564,80-89,45.97771592372564,25.0,False,False,False,False,True,stop,12850.75,12850.5,-25.25,0.0,-25.25,-1.01,12.75,28.0,0.51,1.12,10,9.0,0,2023-03-23,5.850746268656716,3.1601941747572817,1.84652278177458,strong_bullish,12.309295539808252,1.4721449046570565,bullish,bullish,False,True,True,False,continuation,True,True,False,True,bullish,strong,99.81429936438037,7.178571428571429,20.5,27.25,2.855721393034826,3.7960199004975124,0.8348623853211009,1.4721449046570563,True,False,False,False,True,2023
145,166584,166585,166644,2023-03-23 14:10:00+00:00,2023-03-23 14:11:00+00:00,2023-03-23 15:10:00+00:00,long,12932.0,12932.5,12932.75,12907.75,12957.75,12982.75,13007.75,13032.75,80.0,80-89,66.0,25.0,True,True,True,False,False,max_holding_time,13013.5,13013.25,80.5,0.0,80.5,3.22,98.75,19.75,3.95,0.79,60,59.0,3,2023-03-23,2.009732360097324,1.4637268847795164,2.339779005524862,strong_bullish,2.190642095290486,2.0470641992232124,bullish,bullish,False,True,True,False,continuation,True,True,False,True,bullish,strong,83.33333333333334,14.678571428571429,19.75,24.25,1.3454987834549879,1.6520681265206811,0.8969072164948454,2.0470641992232124,True,False,False,True,False,2023
146,167926,167927,167950,2023-03-24 13:32:00+00:00,2023-03-24 13:33:00+00:00,2023-03-24 13:56:00+00:00,short,12801.25,12801.25,12801.0,12826.0,12776.0,12751.0,12726.0,12701.0,73.52342047688029,70-79,-56.52342047688029,25.0,True,True,False,False,True,stop,12826.0,12826.25,-25.25,0.0,-25.25,-1.01,65.0,28.25,2.6,1.13,24,23.0,2,2023-03-24,0.4908835904628331,1.344493392070485,1.376,partial_bullish,4.73099975174664,1.3044158485547777,bearish,bearish,True,True,False,False,reversal,True,False,False,False,bearish,moderate,62.69517064066906,12.732142857142858,13.75,31.25,1.0799438990182328,2.4544179523141656,0.4,1.3044158485547777,False,False,False,False,False,2023
147,167975,167976,167979,2023-03-24 14:21:00+00:00,2023-03-24 14:22:00+00:00,2023-03-24 14:25:00+00:00,short,12763.5,12763.5,12763.25,12788.25,12738.25,12713.25,12688.25,12663.25,71.8106196161931,70-79,-64.8106196161931,25.0,False,False,False,False,True,stop,12788.25,12788.5,-25.25,0.0,-25.25,-1.01,6.75,31.25,0.27,1.25,4,3.0,0,2023-03-24,1.2028343666961914,0.3653686826843413,0.0762144053601339,partial_bearish,0.9820347194186516,1.2437882492050556,bearish,bearish,True,False,True,False,reversal,True,False,False,False,bearish,moderate,73.42183013494247,20.160714285714285,12.5,19.75,0.6200177147918512,0.9796279893711249,0.0379746835443038,1.2437882492050556,True,False,False,True,False,2023
148,167981,167982,167984,2023-03-24 14:27:00+00:00,2023-03-24 14:28:00+00:00,2023-03-24 14:30:00+00:00,short,12807.75,12808.0,12807.75,12832.75,12782.75,12757.75,12732.75,12707.75,72.0,70-79,-36.986337050143554,25.0,False,False,False,False,True,stop,12832.75,12833.0,-25.25,0.0,-25.25,-1.01,15.75,27.25,0.63,1.09,3,2.0,0,2023-03-24,1.85,0.9807846277021618,0.0762144053601339,partial_bullish,0.7817292337329852,1.029578687320558,bearish,bearish,True,False,True,False,reversal,True,False,False,False,bullish,weak,58.44719124880372,20.0,9.25,12.5,0.4625,0.625,0.8,1.0295786873205581,False,False,False,False,False,2023
149,169304,169305,169318,2023-03-27 13:30:00+00:00,2023-03-27 13:31:00+00:00,2023-03-27 13:44:00+00:00,short,12915.25,12915.0,12914.75,12939.0,12889.75,12864.75,12839.75,12814.75,70.72163648702495,70-79,-65.72163648702495,24.25,True,False,False,False,True,stop,12939.0,12939.25,-24.5,0.0,-24.5,-1.0103092783505154,33.0,26.0,1.3608247422680413,1.0721649484536082,14,13.0,1,2023-03-27,0.7777777777777778,0.5823627287853577,1.3125,strong_bearish,9.394586894586894,0.8479520415297209,bearish,neutral,True,True,True,True,reversal,True,False,False,False,bearish,weak,56.013637391874546,6.107142857142857,4.0,20.25,0.6549707602339182,3.3157894736842106,0.48148148148148145,0.8479520415297209,True,False,False,False,False,2023
150,169321,169322,169324,2023-03-27 13:47:00+00:00,2023-03-27 13:48:00+00:00,2023-03-27 13:50:00+00:00,short,12937.75,12938.0,12937.75,12962.75,12912.75,12887.75,12862.75,12837.75,71.76939735113734,70-79,-69.76939735113734,25.0,False,False,False,False,True,stop,12962.75,12963.0,-25.25,0.0,-25.25,-1.01,0.0,27.5,0.0,1.1,3,2.0,0,2023-03-27,0.7121387283236994,0.1669980119284294,0.328695652173913,strong_bullish,0.7482626495141247,0.6707062264939406,bearish,bearish,True,False,True,False,reversal,True,False,False,False,neutral,none,39.74497792614458,15.446428571428571,8.5,12.0,0.5502890173410405,0.7768786127167631,0.125,0.6707062264939406,False,False,False,False,False,2023
151,169330,169331,169390,2023-03-27 13:56:00+00:00,2023-03-27 13:57:00+00:00,2023-03-27 14:56:00+00:00,short,12928.0,12927.75,12927.5,12952.5,12902.5,12877.5,12852.5,12827.5,73.39259259259259,70-79,-65.39259259259259,25.0,True,True,False,False,False,max_holding_time,12895.25,12895.5,32.0,0.0,32.0,1.28,61.0,21.0,2.44,0.84,60,59.0,2,2023-03-27,2.333333333333333,0.8873239436619719,0.328695652173913,partial_bullish,1.2693677778099568,1.5078696138298788,bearish,bearish,True,False,False,True,reversal,True,False,False,False,bearish,moderate,61.60493827160495,13.5,10.75,22.25,0.7962962962962963,1.6481481481481481,0.11235955056179775,1.5078696138298788,False,False,False,False,False,2023
152,172069,172070,172119,2023-03-29 13:35:00+00:00,2023-03-29 13:36:00+00:00,2023-03-29 14:25:00+00:00,long,12912.0,12912.25,12912.5,12887.5,12937.5,12962.5,12987.5,13012.5,70.61249696603247,70-79,42.61249696603247,25.0,False,False,False,False,True,stop,12887.5,12887.25,-25.25,0.0,-25.25,-1.01,20.5,26.5,0.82,1.06,50,49.0,0,2023-03-29,2.4742729306487696,3.731927710843373,2.9013732833957557,strong_bullish,2.1287450868105267,0.8919865187657473,bullish,bullish,False,True,True,False,continuation,True,False,False,False,bullish,moderate,71.77080805027059,7.982142857142857,7.25,12.75,0.9082774049217003,1.5973154362416109,0.7058823529411765,0.8919865187657473,True,False,False,False,False,2023
153,173451,173452,173511,2023-03-30 13:37:00+00:00,2023-03-30 13:38:00+00:00,2023-03-30 14:37:00+00:00,long,13046.0,13046.0,13046.25,13021.25,13071.25,13096.25,13121.25,13146.25,70.51774749324021,70-79,57.51774749324021,25.0,True,True,False,False,False,max_holding_time,13081.75,13081.5,35.25,0.0,35.25,1.41,62.75,18.0,2.51,0.72,60,59.0,2,2023-03-30,2.3486842105263155,1.2685082872928175,1.1666666666666667,partial_bullish,2.311305017323239,1.169807889643706,bullish,bullish,True,True,False,False,reversal,True,False,False,False,neutral,none,37.64789577700172,10.857142857142858,0.75,12.25,0.06907894736842105,1.1282894736842104,0.7346938775510204,1.169807889643706,False,False,False,False,False,2023
154,174824,174825,174884,2023-03-31 13:30:00+00:00,2023-03-31 13:31:00+00:00,2023-03-31 14:30:00+00:00,long,13093.25,13094.0,13094.25,13069.25,13119.25,13144.25,13169.25,13194.25,71.03482608324005,70-79,71.03482608324005,25.0,True,True,False,False,False,max_holding_time,13154.5,13154.25,60.0,0.0,60.0,2.4,68.25,1.0,2.73,0.04,60,59.0,2,2023-03-31,2.6511627906976742,0.3661971830985915,1.019211324570273,partial_bearish,11.776309667814273,1.0033137258010814,bullish,bullish,True,False,False,False,reversal,True,False,False,False,bullish,weak,41.95688402700037,5.375,1.25,21.25,0.23255813953488372,3.953488372093023,0.7176470588235294,1.0033137258010814,False,False,False,False,False,2023
155,177589,177590,177614,2023-04-04 13:35:00+00:00,2023-04-04 13:36:00+00:00,2023-04-04 14:00:00+00:00,short,13271.5,13271.5,13271.25,13296.25,13246.25,13221.25,13196.25,13171.25,70.42305746630079,70-79,-23.42305746630079,25.0,True,False,False,False,True,stop,13296.25,13296.5,-25.25,0.0,-25.25,-1.01,41.25,46.5,1.65,1.86,25,24.0,1,2023-04-04,1.4843373493975904,1.5525291828793777,2.904564315352697,strong_bearish,2.0872820872820874,0.6017133991410518,neutral,bearish,True,True,False,False,reversal,True,True,False,True,bearish,moderate,70.1921455525066,7.410714285714286,6.25,7.75,0.8433734939759037,1.0457831325301206,0.03225806451612903,0.6017133991410518,True,False,False,False,False,2023
156,177631,177632,177685,2023-04-04 14:17:00+00:00,2023-04-04 14:18:00+00:00,2023-04-04 15:17:00+00:00,short,13294.5,13294.5,13294.25,13319.25,13269.25,13244.25,13219.25,13194.25,71.530223352362,70-79,-45.530223352362,25.0,True,True,False,False,False,max_holding_time,13221.0,13221.25,73.0,0.0,73.0,2.92,74.0,9.25,2.96,0.37,54,59.0,2,2023-04-04,2.0855172413793106,2.707718993928881,0.5649717514124294,partial_bullish,1.110732828325815,1.1120895352800817,neutral,bearish,True,True,True,True,reversal,True,True,False,True,bearish,strong,79.41852793634997,12.946428571428571,12.75,17.0,0.9848275862068966,1.3131034482758621,0.014705882352941176,1.1120895352800817,True,True,True,False,True,2023
157,178988,178989,179032,2023-04-05 14:00:00+00:00,2023-04-05 14:01:00+00:00,2023-04-05 14:44:00+00:00,short,13154.0,13154.0,13153.75,13178.75,13128.75,13103.75,13078.75,13053.75,76.0,70-79,-69.08130059294723,25.0,True,True,True,True,False,tp4,13053.75,13054.0,99.75,0.0,99.75,3.99,106.5,11.0,4.26,0.44,44,43.0,4,2023-04-05,1.8106666666666664,1.5233949945593035,3.344028520499109,partial_bearish,2.7671861138543425,1.3983742588159664,bearish,bearish,True,False,False,True,reversal,True,False,True,True,bullish,strong,82.65582839210646,13.392857142857142,16.25,39.0,1.2133333333333334,2.912,0.8205128205128205,1.3983742588159664,False,False,False,False,False,2023
158,184055,184056,184115,2023-04-11 14:12:00+00:00,2023-04-11 14:13:00+00:00,2023-04-11 15:12:00+00:00,short,13085.0,13085.25,13085.0,13110.0,13060.0,13035.0,13010.0,12985.0,84.49565217391304,80-89,-84.49565217391304,25.0,True,False,False,False,False,max_holding_time,13076.5,13076.75,8.25,0.0,8.25,0.33,30.0,22.5,1.2,0.9,60,59.0,1,2023-04-11,1.8494983277591968,0.3694267515923566,2.0334600760456274,strong_bearish,2.1108049035446164,1.8161599973835256,bearish,bearish,True,True,True,False,reversal,True,True,False,True,bearish,strong,87.46376811594203,10.678571428571429,12.25,14.25,1.1471571906354514,1.334448160535117,0.017543859649122806,1.8161599973835258,True,False,False,True,False,2023
159,185418,185419,185423,2023-04-12 13:55:00+00:00,2023-04-12 13:56:00+00:00,2023-04-12 14:00:00+00:00,long,13074.0,13074.0,13074.25,13049.25,13099.25,13124.25,13149.25,13174.25,73.49484562885928,70-79,61.49484562885928,25.0,False,False,False,False,True,stop,13049.25,13049.0,-25.25,0.0,-25.25,-1.01,5.0,29.25,0.2,1.17,5,4.0,0,2023-04-12,0.3712707182320442,3.13022113022113,1.0946773433820067,partial_bullish,0.9403560968806656,1.808784605479648,bullish,bullish,True,True,False,False,reversal,True,False,False,False,bullish,moderate,62.45704690716066,16.160714285714285,8.25,12.75,0.5104972375690608,0.788950276243094,0.6470588235294118,1.808784605479648,True,False,False,False,True,2023
160,185427,185428,185459,2023-04-12 14:04:00+00:00,2023-04-12 14:05:00+00:00,2023-04-12 14:36:00+00:00,long,13084.25,13084.5,13084.75,13059.75,13109.75,13134.75,13159.75,13184.75,71.71545233524168,70-79,43.71545233524168,25.0,True,False,False,False,True,stop,13059.75,13059.5,-25.25,0.0,-25.25,-1.01,44.25,26.75,1.77,1.07,32,31.0,1,2023-04-12,1.45872801082544,2.9830295411690764,3.177433247200689,partial_bearish,0.5890360858257477,0.829541877700518,bullish,bullish,True,False,False,False,reversal,True,False,False,False,bullish,weak,47.62876946034738,13.196428571428571,2.0,8.5,0.15155615696887687,0.6441136671177267,0.5294117647058824,0.829541877700518,True,False,False,False,True,2023
161,186774,186775,186834,2023-04-13 13:31:00+00:00,2023-04-13 13:32:00+00:00,2023-04-13 14:31:00+00:00,long,13045.0,13045.25,13045.5,13020.5,13070.5,13095.5,13120.5,13145.5,85.4774193548387,80-89,61.4774193548387,25.0,True,True,True,False,False,max_holding_time,13117.0,13116.75,71.25,0.0,71.25,2.85,93.25,4.5,3.73,0.18,60,59.0,3,2023-04-13,4.873831775700935,0.1440598690364826,2.754471544715447,partial_bullish,7.453986232485475,1.5102626242643058,bullish,bullish,True,True,True,True,reversal,True,False,False,False,bullish,strong,95.64516129032258,7.642857142857143,10.25,15.5,1.3411214953271027,2.02803738317757,0.6774193548387096,1.5102626242643058,True,False,False,False,True,2023
162,188183,188184,188191,2023-04-14 14:00:00+00:00,2023-04-14 14:01:00+00:00,2023-04-14 14:08:00+00:00,long,13221.0,13220.75,13221.0,13196.0,13246.0,13271.0,13296.0,13321.0,74.0,70-79,29.20484851098263,25.0,True,False,False,False,True,stop,13196.0,13195.75,-25.25,0.0,-25.25,-1.01,34.0,34.25,1.36,1.37,8,7.0,1,2023-04-14,1.2145110410094635,4.055172413793104,3.872514619883041,partial_bullish,1.9535219399538104,1.269772765654026,bullish,bullish,False,True,True,False,continuation,True,False,False,False,bearish,strong,89.9595957418115,11.321428571428571,12.0,27.75,1.0599369085173502,2.451104100946372,0.2972972972972973,1.2697727656540259,False,False,False,False,False,2023
163,192315,192316,192326,2023-04-19 13:52:00+00:00,2023-04-19 13:53:00+00:00,2023-04-19 14:03:00+00:00,short,13099.5,13099.25,13099.0,13124.0,13074.0,13049.0,13024.0,12999.0,72.21911627286076,70-79,-46.21911627286076,25.0,False,False,False,False,True,stop,13124.0,13124.25,-25.25,0.0,-25.25,-1.01,10.5,26.0,0.42,1.04,11,10.0,0,2023-04-19,1.8091042584434651,2.2761290322580647,1.1774358974358976,partial_bullish,1.2333912951139547,1.657302869780798,bearish,neutral,True,False,True,False,reversal,True,False,False,False,bearish,moderate,68.49263560717304,12.160714285714286,7.25,13.75,0.5961820851688693,1.1306901615271658,0.36363636363636365,1.657302869780798,True,True,True,False,True,2023
164,192346,192347,192355,2023-04-19 14:23:00+00:00,2023-04-19 14:24:00+00:00,2023-04-19 14:32:00+00:00,short,13098.25,13098.5,13098.25,13123.25,13073.25,13048.25,13023.25,12998.25,76.77778829427791,70-79,-76.77778829427791,25.0,False,False,False,False,True,stop,13123.25,13123.5,-25.25,0.0,-25.25,-1.01,7.0,27.0,0.28,1.08,9,8.0,0,2023-04-19,1.5555555555555556,0.8503521126760564,1.6547619047619049,partial_bullish,1.010498971750189,0.971225266837276,bearish,bearish,True,True,True,False,reversal,True,False,False,False,bearish,moderate,73.14823578564919,8.839285714285714,6.25,10.0,0.7070707070707072,1.1313131313131315,0.025,0.9712252668372761,True,False,False,True,False,2023
165,195053,195054,195055,2023-04-21 13:30:00+00:00,2023-04-21 13:31:00+00:00,2023-04-21 13:32:00+00:00,short,13047.0,13047.0,13046.75,13071.75,13021.75,12996.75,12971.75,12946.75,85.65122212279132,80-89,-61.65122212279133,25.0,False,False,False,False,True,stop,13071.75,13072.0,-25.25,0.0,-25.25,-1.01,3.75,27.25,0.15,1.09,2,1.0,0,2023-04-21,4.022988505747127,0.2245989304812834,0.7375231053604435,partial_bullish,8.047243049565392,1.0640276534891473,bearish,bearish,True,True,True,True,reversal,True,True,False,True,bearish,strong,97.09351768992765,6.214285714285714,10.75,14.5,1.7298850574712643,2.3333333333333335,0.13793103448275862,1.0640276534891473,True,False,False,False,True,2023
166,196468,196469,196488,2023-04-24 14:05:00+00:00,2023-04-24 14:06:00+00:00,2023-04-24 14:25:00+00:00,short,13075.25,13075.0,13074.75,13099.75,13049.75,13024.75,12999.75,12974.75,73.70692444367134,70-79,-27.70692444367134,25.0,False,False,False,False,True,stop,13099.75,13100.0,-25.25,0.0,-25.25,-1.01,7.0,27.25,0.28,1.09,20,19.0,0,2023-04-24,1.9318568994889267,1.1810699588477367,0.4417177914110429,partial_bearish,1.5406696948717515,1.1336555545891678,neutral,bearish,True,True,True,False,reversal,True,True,False,True,bearish,strong,80.89103703059446,10.482142857142858,12.75,17.5,1.2163543441226574,1.6695059625212947,0.12857142857142856,1.1336555545891678,True,False,False,False,False,2023
167,199195,199196,199214,2023-04-26 13:32:00+00:00,2023-04-26 13:33:00+00:00,2023-04-26 13:51:00+00:00,short,12919.75,12920.25,12920.0,12945.0,12895.0,12870.0,12845.0,12820.0,72.15891736410414,70-79,-68.15891736410414,25.0,False,False,False,False,True,stop,12945.0,12945.25,-25.25,0.0,-25.25,-1.01,21.0,25.5,0.84,1.02,19,18.0,0,2023-04-26,1.4065934065934067,0.4412121212121212,1.054732775273664,partial_bullish,4.60033373687138,1.4911127136978746,bearish,bearish,True,True,False,False,reversal,True,False,False,False,bearish,strong,84.6576447008678,11.375,9.0,14.75,0.7912087912087912,1.2967032967032968,0.3050847457627119,1.4911127136978746,True,False,False,False,True,2023
168,199239,199240,199284,2023-04-26 14:16:00+00:00,2023-04-26 14:17:00+00:00,2023-04-26 15:01:00+00:00,short,12927.5,12927.5,12927.25,12952.25,12902.25,12877.25,12852.25,12827.25,80.5387509509648,80-89,-68.5387509509648,25.0,True,False,False,False,True,stop,12952.25,12952.5,-25.25,0.0,-25.25,-1.01,31.0,29.0,1.24,1.16,45,44.0,1,2023-04-26,2.5755584756898817,0.3463541666666667,0.180226570545829,partial_bearish,1.227890386893275,1.8873637051735777,bearish,bearish,True,True,True,True,reversal,True,False,False,False,bearish,weak,54.48959125803998,13.589285714285714,0.75,9.5,0.055190538764783185,0.6990801576872536,0.47368421052631576,1.8873637051735777,True,False,False,False,True,2023
169,200586,200587,200646,2023-04-27 13:43:00+00:00,2023-04-27 13:44:00+00:00,2023-04-27 14:43:00+00:00,long,13024.5,13024.5,13024.75,12999.75,13049.75,13074.75,13099.75,13124.75,70.48351466740118,70-79,69.48351466740118,25.0,True,True,True,False,False,max_holding_time,13107.5,13107.25,82.5,0.0,82.5,3.3,90.0,8.75,3.6,0.35,60,59.0,3,2023-04-27,1.635036496350365,0.9309462915601022,0.5875706214689266,partial_bullish,1.536688436419516,1.7767906718489728,bullish,bullish,True,True,False,False,reversal,True,False,False,False,neutral,none,37.3626222283432,14.678571428571429,0.75,13.25,0.051094890510948905,0.902676399026764,0.7358490566037735,1.7767906718489728,False,False,False,False,False,2023
170,201956,201957,201965,2023-04-28 13:33:00+00:00,2023-04-28 13:34:00+00:00,2023-04-28 13:42:00+00:00,long,13203.75,13203.25,13203.5,13178.5,13228.5,13253.5,13278.5,13303.5,78.0,70-79,34.18665123359712,25.0,False,False,False,False,True,stop,13178.5,13178.25,-25.25,0.0,-25.25,-1.01,11.5,31.0,0.46,1.24,9,8.0,0,2023-04-28,1.1104199066874028,0.248612652608213,1.781021897810219,partial_bullish,3.323869263783427,1.2666859580035983,bullish,bullish,True,True,True,False,reversal,True,False,True,True,bearish,strong,81.77790638669066,11.482142857142858,19.75,22.0,1.7200622083981336,1.91601866251944,0.09090909090909091,1.2666859580035983,False,False,False,False,False,2023
171,202007,202008,202020,2023-04-28 14:24:00+00:00,2023-04-28 14:25:00+00:00,2023-04-28 14:37:00+00:00,long,13285.25,13285.0,13285.25,13261.0,13310.25,13335.25,13360.25,13385.25,70.59456310679612,70-79,70.59456310679612,24.25,False,False,False,False,True,stop,13261.0,13260.75,-24.5,0.0,-24.5,-1.0103092783505154,8.0,45.0,0.3298969072164948,1.855670103092784,13,12.0,0,2023-04-28,1.4135922330097088,2.6462745098039218,1.995,strong_bullish,1.1295244611700308,1.814863676341249,bullish,bullish,False,False,True,False,continuation,True,False,False,False,bullish,strong,88.28802588996764,9.196428571428571,7.0,9.75,0.7611650485436894,1.0601941747572816,0.7948717948717948,1.814863676341249,True,False,False,False,True,2023
172,203385,203386,203439,2023-05-01 14:22:00+00:00,2023-05-01 14:23:00+00:00,2023-05-01 15:16:00+00:00,long,13291.25,13291.25,13291.5,13266.5,13316.5,13341.5,13366.5,13391.5,83.37435897435897,80-89,70.37435897435897,25.0,True,False,False,False,True,stop,13266.5,13266.25,-25.25,0.0,-25.25,-1.01,41.0,28.5,1.64,1.14,54,53.0,1,2023-05-01,2.266025641025641,1.2453987730061349,0.3729189789123196,strong_bearish,2.02359231894792,2.0629074435564068,bullish,bullish,True,True,True,False,reversal,True,False,False,False,bullish,weak,44.78632478632479,11.142857142857142,2.75,13.75,0.2467948717948718,1.233974358974359,0.8727272727272727,2.0629074435564068,False,False,False,False,False,2023
173,208855,208856,208915,2023-05-05 13:32:00+00:00,2023-05-05 13:33:00+00:00,2023-05-05 14:32:00+00:00,long,13152.75,13152.5,13152.75,13127.75,13177.75,13202.75,13227.75,13252.75,71.28896273641308,70-79,53.28896273641308,25.0,True,True,True,False,False,max_holding_time,13247.75,13247.5,94.75,0.0,94.75,3.79,96.0,6.25,3.84,0.25,60,59.0,3,2023-05-05,2.274599542334096,1.4553014553014554,0.5974781765276431,strong_bullish,4.974480569063216,1.3697326487252126,bullish,bullish,True,True,False,False,reversal,True,False,False,False,bullish,strong,77.40802280344234,7.803571428571429,6.5,13.75,0.8329519450800915,1.7620137299771166,0.5454545454545454,1.3697326487252126,True,False,False,False,True,2023
174,213021,213022,213065,2023-05-10 13:58:00+00:00,2023-05-10 13:59:00+00:00,2023-05-10 14:42:00+00:00,long,13375.0,13374.75,13375.0,13350.0,13400.0,13425.0,13450.0,13475.0,83.96466552315609,80-89,71.96466552315609,25.0,True,True,False,False,True,stop,13350.0,13349.75,-25.25,0.0,-25.25,-1.01,59.0,26.0,2.36,1.04,44,43.0,2,2023-05-10,2.92967409948542,0.7665982203969883,3.2641165755919856,partial_bullish,1.0999509764801114,1.688809536312556,bullish,bullish,True,False,True,False,reversal,True,False,False,False,bullish,strong,83.03887935963408,10.410714285714286,6.75,11.0,0.6483704974271012,1.0566037735849056,0.75,1.688809536312556,True,False,False,False,True,2023
175,214375,214376,214429,2023-05-11 13:32:00+00:00,2023-05-11 13:33:00+00:00,2023-05-11 14:26:00+00:00,short,13395.25,13395.0,13394.75,13419.75,13369.75,13344.75,13319.75,13294.75,84.84615384615384,80-89,-46.84615384615384,25.0,False,False,False,False,True,stop,13419.75,13420.0,-25.25,0.0,-25.25,-1.01,22.5,25.0,0.9,1.0,54,53.0,0,2023-05-11,3.829885057471264,0.2716688227684347,0.461961503208066,partial_bearish,5.866509727895867,1.9205313024162476,bearish,bearish,True,True,True,False,reversal,True,False,False,False,bearish,strong,90.38461538461539,7.767857142857143,10.0,19.5,1.2873563218390804,2.5103448275862066,0.41025641025641024,1.9205313024162474,True,False,False,False,True,2023
176,215784,215785,215844,2023-05-12 14:01:00+00:00,2023-05-12 14:02:00+00:00,2023-05-12 15:01:00+00:00,short,13425.5,13425.0,13424.75,13449.75,13399.75,13374.75,13349.75,13324.75,80.0,80-89,-44.0,25.0,True,False,False,False,False,max_holding_time,13400.25,13400.5,24.25,0.0,24.25,0.97,42.25,12.0,1.69,0.48,60,59.0,1,2023-05-12,2.7186544342507646,2.8034825870646767,2.3273195876288657,strong_bearish,2.782800286778464,2.088396630009711,bearish,bearish,False,True,True,False,continuation,True,True,False,True,bearish,strong,83.33333333333334,11.678571428571429,15.75,20.5,1.348623853211009,1.7553516819571866,0.1951219512195122,2.088396630009711,True,False,False,True,False,2023
177,219929,219930,219989,2023-05-17 14:06:00+00:00,2023-05-17 14:07:00+00:00,2023-05-17 15:06:00+00:00,long,13497.75,13498.0,13498.25,13473.25,13523.25,13548.25,13573.25,13598.25,72.10583433686696,70-79,55.10583433686696,25.0,True,False,False,False,False,max_holding_time,13528.25,13528.0,29.75,0.0,29.75,1.19,44.5,12.0,1.78,0.48,60,59.0,1,2023-05-17,2.0528846153846154,2.88659793814433,1.6592592592592592,partial_bearish,1.2792798405183154,1.2669083056990822,neutral,bullish,True,True,True,False,reversal,True,True,False,True,bullish,strong,84.21528614055799,7.428571428571429,8.75,10.75,1.1778846153846154,1.4471153846153846,0.9302325581395349,1.2669083056990822,True,True,True,False,False,2023
178,224054,224055,224114,2023-05-22 13:51:00+00:00,2023-05-22 13:52:00+00:00,2023-05-22 14:51:00+00:00,short,13940.0,13940.0,13939.75,13964.75,13914.75,13889.75,13864.75,13839.75,70.0,70-79,-60.4676859639678,25.0,True,True,True,False,False,max_holding_time,13889.5,13889.75,50.0,0.0,50.0,2.0,77.75,7.0,3.11,0.28,60,59.0,3,2023-05-22,3.376344086021505,5.093935790725327,2.8000000000000003,strong_bullish,0.9349191500735,1.025069964395083,bearish,bearish,True,False,False,False,reversal,True,False,False,False,bullish,weak,54.43595030026829,11.625,1.5,7.5,0.12903225806451613,0.6451612903225806,0.5666666666666667,1.0250699643950827,False,False,False,False,False,2023
179,225415,225416,225475,2023-05-23 13:32:00+00:00,2023-05-23 13:33:00+00:00,2023-05-23 14:32:00+00:00,short,13862.25,13862.0,13861.75,13886.75,13836.75,13811.75,13786.75,13761.75,74.0,70-79,-18.61114227078833,25.0,False,False,False,False,False,max_holding_time,13851.75,13852.0,9.75,0.0,9.75,0.39,22.25,18.25,0.89,0.73,60,59.0,0,2023-05-23,4.244343891402715,1.6809210526315788,1.893503727369542,partial_bearish,4.924657534246576,1.236072161514575,bearish,bearish,False,False,True,False,continuation,True,False,True,True,bullish,strong,94.9071477434305,7.892857142857143,13.25,18.5,1.678733031674208,2.343891402714932,0.9324324324324325,1.2360721615145753,False,False,False,False,False,2023
180,226797,226798,226857,2023-05-24 13:34:00+00:00,2023-05-24 13:35:00+00:00,2023-05-24 14:34:00+00:00,short,13660.25,13660.25,13660.0,13685.0,13635.0,13610.0,13585.0,13560.0,78.0,70-79,-32.07107750472589,25.0,True,True,False,False,False,max_holding_time,13598.25,13598.5,61.5,0.0,61.5,2.46,74.0,15.0,2.96,0.6,60,59.0,2,2023-05-24,1.8525519848771268,0.0755395683453237,2.087443946188341,partial_bullish,3.794890781192151,1.811914442283896,bearish,bearish,True,True,True,False,reversal,True,False,True,True,bullish,strong,99.40768746061752,9.446428571428571,11.0,15.0,1.164461247637051,1.5879017013232515,0.95,1.8119144422838962,False,False,False,False,False,2023
181,228192,228193,228252,2023-05-25 13:49:00+00:00,2023-05-25 13:50:00+00:00,2023-05-25 14:49:00+00:00,long,13866.25,13866.5,13866.75,13841.75,13891.75,13916.75,13941.75,13966.75,78.0,70-79,70.49223744292237,25.0,True,True,False,False,False,max_holding_time,13925.75,13925.5,58.75,0.0,58.75,2.35,68.25,15.5,2.73,0.62,60,59.0,2,2023-05-25,2.0136986301369864,3.0285714285714285,1.743910925539318,strong_bearish,1.616872673804163,2.693302717183314,bullish,bullish,True,True,True,False,reversal,True,False,False,False,bearish,weak,54.23135464231355,15.642857142857142,7.25,18.0,0.4634703196347032,1.1506849315068493,0.4444444444444444,2.693302717183314,False,False,False,False,False,2023
182,232082,232083,232086,2023-05-30 13:39:00+00:00,2023-05-30 13:40:00+00:00,2023-05-30 13:43:00+00:00,long,14540.75,14540.75,14541.0,14516.0,14566.0,14591.0,14616.0,14641.0,70.69380710659898,70-79,44.69380710659898,25.0,False,False,False,False,True,stop,14516.0,14515.75,-25.25,0.0,-25.25,-1.01,18.75,35.0,0.75,1.4,4,3.0,0,2023-05-30,1.563451776649746,1.0995575221238938,2.217142857142857,partial_bearish,1.7836439262437362,1.597067448680352,bullish,bullish,False,True,True,False,continuation,True,False,False,False,bullish,strong,89.11505922165821,17.589285714285715,13.75,19.5,0.781725888324873,1.1086294416243654,0.9102564102564102,1.597067448680352,True,False,False,True,True,2023
183,232089,232090,232094,2023-05-30 13:46:00+00:00,2023-05-30 13:47:00+00:00,2023-05-30 13:51:00+00:00,long,14508.5,14508.5,14508.75,14483.75,14533.75,14558.75,14583.75,14608.75,73.0,70-79,70.34146798851955,25.0,False,False,False,False,True,stop,14483.75,14483.5,-25.25,0.0,-25.25,-1.01,17.5,27.5,0.7,1.1,5,4.0,0,2023-05-30,1.5302619692863595,0.391125718981101,0.550098231827112,strong_bearish,1.1475252895937709,1.7002096105656332,bullish,bullish,True,True,True,False,reversal,True,False,False,False,bearish,weak,55.48776676233711,19.767857142857142,12.5,19.75,0.6323396567299007,0.9990966576332431,0.27848101265822783,1.7002096105656332,False,False,False,False,False,2023
184,232110,232111,232165,2023-05-30 14:07:00+00:00,2023-05-30 14:08:00+00:00,2023-05-30 15:02:00+00:00,short,14448.5,14448.75,14448.5,14473.5,14423.5,14398.5,14373.5,14348.5,81.61776858910855,80-89,-46.61776858910855,25.0,True,False,False,False,True,stop,14473.5,14473.75,-25.25,0.0,-25.25,-1.01,39.75,25.5,1.59,1.02,55,54.0,1,2023-05-30,2.16921508664628,4.002382370458606,2.567292225201072,partial_bearish,1.130883820932197,2.051076719530665,neutral,bearish,True,True,True,False,reversal,True,False,False,False,neutral,none,30.148071575904627,17.517857142857142,1.25,17.75,0.07135575942915393,1.0132517838939858,0.4084507042253521,2.051076719530665,False,False,False,False,False,2023
185,233475,233476,233509,2023-05-31 13:52:00+00:00,2023-05-31 13:53:00+00:00,2023-05-31 14:26:00+00:00,short,14387.0,14386.75,14386.5,14411.5,14361.5,14336.5,14311.5,14286.5,76.96860724959228,70-79,-48.96860724959228,25.0,True,True,True,True,False,tp4,14286.5,14286.75,99.75,0.0,99.75,3.99,111.25,7.0,4.45,0.28,34,33.0,4,2023-05-31,1.0229007633587786,3.824596774193548,2.7857142857142856,partial_bullish,1.1502792059235936,1.397781962753714,bearish,bearish,True,False,False,False,reversal,True,False,False,False,bearish,weak,58.0717270799357,16.375,12.25,15.75,0.7480916030534351,0.9618320610687023,0.12698412698412698,1.397781962753714,False,False,False,False,False,2023
186,234845,234846,234860,2023-06-01 13:42:00+00:00,2023-06-01 13:43:00+00:00,2023-06-01 13:57:00+00:00,short,14292.25,14292.0,14291.75,14316.75,14266.75,14241.75,14216.75,14191.75,72.9754384554879,70-79,-61.975438455487904,25.0,False,False,False,False,True,stop,14316.75,14317.0,-25.25,0.0,-25.25,-1.01,19.75,27.5,0.79,1.1,15,14.0,0,2023-06-01,1.841392649903288,0.8880597014925373,0.2471315092674316,partial_bullish,1.289403271005842,1.1124315316422844,bearish,bearish,True,True,True,False,reversal,True,False,False,False,bearish,weak,49.795320462399246,18.464285714285715,11.5,16.0,0.6228239845261122,0.8665377176015473,0.21875,1.1124315316422844,False,False,False,False,False,2023
187,234881,234882,234904,2023-06-01 14:18:00+00:00,2023-06-01 14:19:00+00:00,2023-06-01 14:41:00+00:00,short,14309.0,14309.5,14309.25,14334.25,14284.25,14259.25,14234.25,14209.25,81.70376526897957,80-89,-81.70376526897957,25.0,True,False,False,False,True,stop,14334.25,14334.5,-25.25,0.0,-25.25,-1.01,36.5,34.75,1.46,1.39,23,22.0,1,2023-06-01,0.486404833836858,1.1751085383502171,1.0824742268041236,partial_bullish,1.334291070271028,1.1281960122063224,bearish,bearish,True,True,True,True,reversal,True,True,False,True,bearish,strong,80.86471057482966,11.821428571428571,10.75,14.0,0.9093655589123867,1.1842900302114805,0.10714285714285714,1.1281960122063224,True,True,True,False,True,2023
188,236228,236229,236229,2023-06-02 13:45:00+00:00,2023-06-02 13:46:00+00:00,2023-06-02 13:46:00+00:00,long,14587.5,14588.0,14588.25,14563.25,14613.25,14638.25,14663.25,14688.25,80.0,80-89,20.0,25.0,False,False,False,False,True,stop,14563.25,14563.0,-25.25,0.0,-25.25,-1.01,0.5,37.0,0.02,1.48,1,0.0,0,2023-06-02,2.3240371845949537,3.250414593698176,2.725228390723823,partial_bullish,1.8015516537362188,1.6205098068023214,bullish,bullish,True,False,True,False,reversal,True,False,True,True,bearish,strong,100.0,13.446428571428571,17.25,23.25,1.2828685258964143,1.7290836653386454,0.010752688172043012,1.6205098068023214,False,False,False,False,False,2023
189,236231,236232,236233,2023-06-02 13:48:00+00:00,2023-06-02 13:49:00+00:00,2023-06-02 13:50:00+00:00,long,14554.25,14554.5,14554.75,14529.75,14579.75,14604.75,14629.75,14654.75,72.77110946563002,70-79,28.77110946563002,25.0,False,False,False,False,True,stop,14529.75,14529.5,-25.25,0.0,-25.25,-1.01,0.75,37.25,0.03,1.49,2,1.0,0,2023-06-02,4.225225225225225,3.250414593698176,2.725228390723823,partial_bullish,1.4679219325893451,2.067649057858888,bullish,bullish,True,False,True,False,reversal,True,False,False,False,bullish,weak,48.09257888025011,15.857142857142858,10.0,18.25,0.6306306306306306,1.1509009009009008,0.7123287671232876,2.067649057858888,False,False,False,False,False,2023
190,236234,236235,236240,2023-06-02 13:51:00+00:00,2023-06-02 13:52:00+00:00,2023-06-02 13:57:00+00:00,long,14524.5,14524.25,14524.5,14499.5,14549.5,14574.5,14599.5,14624.5,70.37985757884029,70-79,36.37985757884029,25.0,False,False,False,False,True,stop,14499.5,14499.25,-25.25,0.0,-25.25,-1.01,23.5,26.75,0.94,1.07,6,5.0,0,2023-06-02,1.723296032553408,0.173469387755102,2.725228390723823,partial_bullish,1.2925659926853763,1.900449967262444,bullish,bullish,True,False,False,False,reversal,True,False,False,False,neutral,none,36.498813157002374,17.553571428571427,1.25,12.25,0.07121057985757885,0.6978636826042727,0.8571428571428571,1.9004499672624438,False,False,False,False,False,2023
191,236254,236255,236256,2023-06-02 14:11:00+00:00,2023-06-02 14:12:00+00:00,2023-06-02 14:13:00+00:00,short,14508.5,14508.0,14507.75,14532.75,14482.75,14457.75,14432.75,14407.75,71.13594232749743,70-79,-66.13594232749743,25.0,False,False,False,False,True,stop,14532.75,14533.0,-25.25,0.0,-25.25,-1.01,2.5,28.75,0.1,1.15,2,1.0,0,2023-06-02,0.5767250257466529,3.611390284757119,0.9733403031887088,strong_bearish,0.985602891206568,1.685957632670889,bearish,bearish,True,False,False,False,reversal,True,False,False,False,bearish,weak,42.79951939581188,17.339285714285715,5.0,16.75,0.2883625128733264,0.9660144181256436,0.07462686567164178,1.685957632670889,False,False,False,False,False,2023
192,236264,236265,236282,2023-06-02 14:21:00+00:00,2023-06-02 14:22:00+00:00,2023-06-02 14:39:00+00:00,short,14511.0,14510.75,14510.5,14535.5,14485.5,14460.5,14435.5,14410.5,70.97949886104783,70-79,-63.97949886104783,25.0,True,False,False,False,True,stop,14535.5,14535.75,-25.25,0.0,-25.25,-1.01,27.5,34.25,1.1,1.37,18,17.0,1,2023-06-02,0.8929384965831435,0.1601664066562662,0.5243445692883895,partial_bearish,1.183608087484076,1.6075925513507956,bearish,bearish,True,True,True,False,reversal,True,True,False,True,bearish,strong,83.16249050873196,15.678571428571429,21.5,23.25,1.3712984054669703,1.4829157175398633,0.07526881720430108,1.6075925513507956,True,True,True,False,False,2023
193,237614,237615,237620,2023-06-05 13:51:00+00:00,2023-06-05 13:52:00+00:00,2023-06-05 13:57:00+00:00,long,14606.5,14606.5,14606.75,14581.75,14631.75,14656.75,14681.75,14706.75,76.0,70-79,61.0,25.0,False,False,False,False,True,stop,14581.75,14581.5,-25.25,0.0,-25.25,-1.01,0.75,27.75,0.03,1.11,6,5.0,0,2023-06-05,2.216216216216216,4.495412844036697,4.931979695431472,partial_bullish,1.698530013363515,1.65348059257686,bullish,bullish,True,True,False,False,reversal,True,False,False,False,neutral,none,0.0,13.875,0.0,15.0,0.0,1.0810810810810811,0.7,1.6534805925768599,False,False,False,False,False,2023
194,238991,238992,238995,2023-06-06 13:48:00+00:00,2023-06-06 13:49:00+00:00,2023-06-06 13:52:00+00:00,long,14552.75,14552.5,14552.75,14527.75,14577.75,14602.75,14627.75,14652.75,75.41352234721187,70-79,39.41352234721187,25.0,False,False,False,False,True,stop,14527.75,14527.5,-25.25,0.0,-25.25,-1.01,9.0,25.25,0.36,1.01,4,3.0,0,2023-06-06,2.464788732394366,3.454068241469816,2.266075388026608,partial_bearish,1.0667216877724188,1.1270215403899342,neutral,bullish,True,False,True,False,reversal,True,False,False,False,bullish,moderate,61.77935289343227,12.678571428571429,2.75,9.5,0.21690140845070421,0.7492957746478873,0.5526315789473685,1.1270215403899342,True,False,False,False,True,2023
195,239015,239016,239048,2023-06-06 14:12:00+00:00,2023-06-06 14:13:00+00:00,2023-06-06 14:45:00+00:00,short,14558.75,14558.75,14558.5,14583.5,14533.5,14508.5,14483.5,14458.5,71.04133738601824,70-79,-37.04133738601824,25.0,False,False,False,False,True,stop,14583.5,14583.75,-25.25,0.0,-25.25,-1.01,15.75,38.75,0.63,1.55,33,32.0,0,2023-06-06,1.0,1.2272340425531914,1.3655172413793104,partial_bullish,1.4229457415432272,1.5254446858495398,bearish,bearish,False,False,True,False,continuation,True,False,False,False,bearish,weak,58.67781155015198,11.75,8.25,15.75,0.7021276595744681,1.3404255319148937,0.30158730158730157,1.5254446858495398,False,False,False,False,False,2023
196,240353,240354,240386,2023-06-07 13:30:00+00:00,2023-06-07 13:31:00+00:00,2023-06-07 14:03:00+00:00,long,14626.25,14626.25,14626.5,14601.5,14651.5,14676.5,14701.5,14726.5,72.0,70-79,60.0,25.0,True,False,False,False,True,stop,14601.5,14601.25,-25.25,0.0,-25.25,-1.01,49.0,39.0,1.96,1.56,33,32.0,1,2023-06-07,3.88,0.2434782608695652,0.9183673469387756,partial_bearish,20.79411421230877,1.5976671152983402,bullish,bullish,True,True,False,False,reversal,True,True,False,True,bullish,strong,83.33333333333334,6.25,34.25,36.5,5.48,5.84,0.9383561643835616,1.5976671152983402,True,False,False,False,False,2023
197,241736,241737,241737,2023-06-08 13:33:00+00:00,2023-06-08 13:34:00+00:00,2023-06-08 13:34:00+00:00,long,14373.75,14373.75,14374.0,14349.0,14399.0,14424.0,14449.0,14474.0,82.12348045459605,80-89,44.12348045459605,25.0,False,False,False,False,True,stop,14349.0,14348.75,-25.25,0.0,-25.25,-1.01,0.0,43.0,0.0,1.72,1,0.0,0,2023-06-08,3.150554675118859,1.0790513833992097,1.849270664505673,partial_bullish,3.5279132622945726,1.4043505682450563,bullish,bullish,True,True,True,False,reversal,True,True,False,True,bullish,moderate,67.69567045496704,11.267857142857142,18.5,23.5,1.641838351822504,2.0855784469096674,0.9893617021276596,1.4043505682450563,False,False,False,False,False,2023
198,241739,241740,241799,2023-06-08 13:36:00+00:00,2023-06-08 13:37:00+00:00,2023-06-08 14:36:00+00:00,long,14359.5,14359.75,14360.0,14335.0,14385.0,14410.0,14435.0,14460.0,78.9916054564533,70-79,40.9916054564533,25.0,True,True,False,False,False,max_holding_time,14411.5,14411.25,51.25,0.0,51.25,2.05,67.75,18.5,2.71,0.74,60,59.0,2,2023-06-08,0.323189926547744,0.9650959860383944,1.849270664505673,partial_bearish,2.1294363256784967,1.564835536038509,bullish,bullish,True,True,True,False,reversal,True,False,False,False,bullish,weak,41.59671213711088,17.017857142857142,7.75,21.0,0.4554039874081847,1.2339979013641134,0.42857142857142855,1.5648355360385087,False,False,False,False,False,2023
199,243134,243135,243183,2023-06-09 13:51:00+00:00,2023-06-09 13:52:00+00:00,2023-06-09 14:40:00+00:00,long,14654.0,14653.75,14654.0,14631.0,14679.0,14704.0,14729.0,14754.0,73.92454838594546,70-79,73.92454838594546,23.0,True,False,False,False,True,stop,14631.0,14630.75,-23.25,0.0,-23.25,-1.0108695652173914,34.0,23.0,1.4782608695652173,1.0,49,48.0,1,2023-06-09,1.184174624829468,4.703247480403135,4.168539325842697,strong_bullish,1.3107110477917367,1.350774159103043,bullish,bullish,False,True,True,False,continuation,True,True,False,True,bullish,strong,82.70456988287886,13.089285714285714,18.5,20.25,1.4133697135061392,1.5470668485675307,0.9135802469135802,1.350774159103043,True,False,False,True,False,2023
200,244108,244109,244168,2023-06-12 14:05:00+00:00,2023-06-12 14:06:00+00:00,2023-06-12 15:05:00+00:00,long,14769.75,14769.5,14769.75,14744.75,14794.75,14819.75,14844.75,14869.75,70.0,70-79,57.25947230248009,25.0,True,True,False,False,False,max_holding_time,14802.75,14802.5,32.75,0.0,32.75,1.31,63.25,5.75,2.53,0.23,60,59.0,2,2023-06-12,1.3713450292397662,1.08130081300813,0.7007007007007007,strong_bearish,2.7251402345741966,1.175659621899887,bullish,bullish,True,True,True,False,reversal,True,False,True,True,bearish,strong,97.83773081266591,12.214285714285714,19.0,23.0,1.5555555555555556,1.8830409356725146,0.06521739130434782,1.175659621899887,False,False,False,False,False,2023
201,245458,245459,245459,2023-06-13 13:35:00+00:00,2023-06-13 13:36:00+00:00,2023-06-13 13:36:00+00:00,long,15116.0,15115.75,15116.0,15091.0,15141.0,15166.0,15191.0,15216.0,72.61349234312134,70-79,46.61349234312134,25.0,False,False,False,False,True,stop,15091.0,15090.75,-25.25,0.0,-25.25,-1.01,0.75,28.25,0.03,1.13,1,0.0,0,2023-06-13,1.8441926345609063,1.0299943406904355,2.5543859649122806,partial_bullish,2.37745879851143,0.9843932289946952,bullish,bullish,True,True,False,False,reversal,True,False,False,False,bullish,weak,55.11243619267784,12.607142857142858,9.0,16.75,0.7138810198300283,1.3286118980169972,0.5522388059701493,0.9843932289946951,True,False,False,False,False,2023
202,245502,245503,245561,2023-06-13 14:19:00+00:00,2023-06-13 14:20:00+00:00,2023-06-13 15:18:00+00:00,long,15001.75,15001.75,15002.0,14977.0,15027.0,15052.0,15077.0,15102.0,88.43400576368876,80-89,70.43400576368876,25.0,True,True,True,True,False,tp4,15102.0,15101.75,99.75,0.0,99.75,3.99,100.0,23.5,4.0,0.94,59,58.0,4,2023-06-13,1.0355427473583092,1.4986619090098128,2.9900662251655628,partial_bearish,1.1072654892679792,1.5935580406363208,bullish,bullish,True,True,True,True,reversal,True,True,False,True,bullish,strong,86.95004803073968,18.589285714285715,17.25,18.25,0.9279538904899135,0.9817483189241114,0.9726027397260274,1.5935580406363208,True,True,True,False,True,2023
203,246839,246840,246843,2023-06-14 13:36:00+00:00,2023-06-14 13:37:00+00:00,2023-06-14 13:40:00+00:00,short,15057.5,15057.75,15057.5,15082.5,15032.5,15007.5,14982.5,14957.5,74.41566826289487,70-79,-28.41566826289487,25.0,False,False,False,False,True,stop,15082.5,15082.75,-25.25,0.0,-25.25,-1.01,4.5,37.25,0.18,1.49,4,3.0,0,2023-06-14,2.4647887323943665,0.7296969696969696,1.532258064516129,strong_bearish,2.840731450176319,1.0195853286185883,neutral,bearish,True,True,True,False,reversal,True,True,False,True,bearish,strong,86.79723552412392,10.142857142857142,14.75,16.0,1.4542253521126762,1.5774647887323945,0.03125,1.0195853286185885,True,False,False,True,False,2023
204,248216,248217,248222,2023-06-15 13:33:00+00:00,2023-06-15 13:34:00+00:00,2023-06-15 13:39:00+00:00,short,15117.75,15117.75,15117.5,15142.5,15092.5,15067.5,15042.5,15017.5,84.50792211996485,80-89,-58.507922119964846,25.0,False,False,False,False,True,stop,15142.5,15142.75,-25.25,0.0,-25.25,-1.01,1.5,38.0,0.06,1.52,6,5.0,0,2023-06-15,2.04031007751938,0.2728813559322033,1.6234939759036144,partial_bullish,3.305940994207194,1.1349026499560653,bearish,bearish,True,True,True,False,reversal,True,True,False,True,bearish,strong,87.56601766637377,11.517857142857142,15.25,19.0,1.324031007751938,1.6496124031007753,0.18421052631578946,1.1349026499560653,True,False,False,False,False,2023
205,249595,249596,249598,2023-06-16 13:32:00+00:00,2023-06-16 13:33:00+00:00,2023-06-16 13:35:00+00:00,long,15415.75,15416.0,15416.25,15391.25,15441.25,15466.25,15491.25,15516.25,78.0,70-79,54.88914069877242,25.0,False,False,False,False,True,stop,15391.25,15391.0,-25.25,0.0,-25.25,-1.01,21.5,31.25,0.86,1.25,3,2.0,0,2023-06-16,2.4721435316336167,2.5855855855855854,1.8961881589618816,partial_bullish,3.0019112845424862,1.5768337830206436,bullish,bullish,True,True,True,False,reversal,True,False,False,False,bearish,strong,84.25716084356311,18.910714285714285,7.75,23.5,0.4098205854579792,1.242681775259679,0.0425531914893617,1.5768337830206436,False,False,False,False,False,2023
206,249599,249600,249606,2023-06-16 13:36:00+00:00,2023-06-16 13:37:00+00:00,2023-06-16 13:43:00+00:00,long,15387.75,15388.25,15388.5,15363.5,15413.5,15438.5,15463.5,15488.5,78.0,70-79,36.21247081299087,25.0,False,False,False,False,True,stop,15363.5,15363.25,-25.25,0.0,-25.25,-1.01,8.75,37.5,0.35,1.5,7,6.0,0,2023-06-16,1.5289747399702824,0.4378801042571677,1.8961881589618816,partial_bearish,1.926290719735196,1.8615416623322585,bullish,bullish,True,True,True,False,reversal,True,False,False,False,bearish,moderate,64.89607655840939,24.035714285714285,7.0,28.0,0.2912332838038633,1.1649331352154533,0.2767857142857143,1.8615416623322585,False,False,False,False,False,2023
207,249614,249615,249616,2023-06-16 13:51:00+00:00,2023-06-16 13:52:00+00:00,2023-06-16 13:53:00+00:00,long,15369.75,15370.25,15370.5,15345.5,15395.5,15420.5,15445.5,15470.5,72.36492280225497,70-79,72.36492280225497,25.0,False,False,False,False,True,stop,15345.5,15345.25,-25.25,0.0,-25.25,-1.01,7.25,25.5,0.29,1.02,2,1.0,0,2023-06-16,1.1257731958762889,4.100709219858156,2.429682824655895,partial_bearish,1.0059563203176705,1.3705864925094355,bullish,bullish,True,True,True,False,reversal,True,True,False,True,bullish,moderate,69.70769001879142,17.321428571428573,15.75,21.0,0.9092783505154638,1.2123711340206185,0.8095238095238095,1.3705864925094355,True,True,True,False,False,2023
208,249617,249618,249677,2023-06-16 13:54:00+00:00,2023-06-16 13:55:00+00:00,2023-06-16 14:54:00+00:00,long,15338.75,15338.5,15338.75,15313.75,15363.75,15388.75,15413.75,15438.75,70.0,70-79,45.95539000974604,25.0,True,True,True,False,False,max_holding_time,15369.5,15369.25,30.5,0.0,30.5,1.22,75.75,1.75,3.03,0.07,60,59.0,3,2023-06-16,1.186440677966102,4.100709219858156,2.429682824655895,strong_bearish,1.3166920926803798,1.988311326880856,bullish,bullish,True,True,True,False,reversal,True,False,False,False,bearish,strong,92.03841658544965,17.910714285714285,16.25,22.25,0.9072781655034896,1.2422731804586242,0.25842696629213485,1.9883113268808559,False,False,False,False,False,2023
209,252115,252116,252139,2023-06-20 13:32:00+00:00,2023-06-20 13:33:00+00:00,2023-06-20 13:56:00+00:00,long,15260.25,15260.75,15261.0,15236.0,15286.0,15311.0,15336.0,15361.0,71.81949173451764,70-79,23.81949173451764,25.0,True,False,False,False,True,stop,15236.0,15235.75,-25.25,0.0,-25.25,-1.01,49.25,29.0,1.97,1.16,24,23.0,1,2023-06-20,3.5698924731182795,2.431578947368421,1.366183574879227,partial_bearish,4.20574065277872,1.2743646681470515,bullish,neutral,False,True,True,False,continuation,True,True,False,True,bullish,strong,98.49576445431367,11.625,17.75,23.5,1.5268817204301075,2.021505376344086,0.925531914893617,1.2743646681470515,True,False,False,False,True,2023
210,252140,252141,252144,2023-06-20 13:57:00+00:00,2023-06-20 13:58:00+00:00,2023-06-20 14:01:00+00:00,long,15232.25,15232.5,15232.75,15207.75,15257.75,15282.75,15307.75,15332.75,78.0,70-79,36.20338983050848,25.0,False,False,False,False,True,stop,15207.75,15207.5,-25.25,0.0,-25.25,-1.01,8.25,28.5,0.33,1.14,4,3.0,0,2023-06-20,3.440677966101695,1.812018489984592,1.5768645357686453,partial_bullish,1.0761778489570344,1.5130765397464054,bullish,bullish,True,True,True,False,reversal,True,False,False,False,bearish,moderate,64.97175141242937,14.75,5.75,12.5,0.3898305084745763,0.847457627118644,0.08,1.5130765397464054,False,False,False,False,False,2023
211,253493,253494,253494,2023-06-21 13:30:00+00:00,2023-06-21 13:31:00+00:00,2023-06-21 13:31:00+00:00,short,15179.25,15178.75,15178.5,15203.5,15153.5,15128.5,15103.5,15078.5,83.65660209673969,80-89,-80.65660209673969,25.0,False,False,False,False,True,stop,15203.5,15203.75,-25.25,0.0,-25.25,-1.01,0.0,29.25,0.0,1.17,1,0.0,0,2023-06-21,3.0223325062034743,0.6810810810810811,0.5793103448275861,partial_bearish,12.503122898049387,1.070752620924606,bearish,bearish,True,True,True,False,reversal,True,True,False,True,bearish,strong,80.47168413949738,7.196428571428571,22.5,31.75,3.1265508684863526,4.411910669975186,0.03937007874015748,1.070752620924606,True,True,True,False,False,2023
212,254880,254881,254887,2023-06-22 13:37:00+00:00,2023-06-22 13:38:00+00:00,2023-06-22 13:44:00+00:00,short,15019.0,15019.5,15019.25,15044.25,14994.25,14969.25,14944.25,14919.25,71.2244000472869,70-79,-49.224400047286906,25.0,False,False,False,False,True,stop,15044.25,15044.5,-25.25,0.0,-25.25,-1.01,17.25,30.5,0.69,1.22,7,6.0,0,2023-06-22,0.764629388816645,0.9190371991247264,0.7838899803536347,partial_bullish,2.3412854115985247,1.7509059698645817,bearish,bearish,True,False,False,False,reversal,True,False,False,False,bearish,weak,43.53666706072428,13.732142857142858,3.75,16.5,0.2730819245773732,1.2015604681404422,0.2727272727272727,1.7509059698645815,False,False,False,False,False,2023
213,254907,254908,254908,2023-06-22 14:04:00+00:00,2023-06-22 14:05:00+00:00,2023-06-22 14:05:00+00:00,long,15095.25,15094.75,15095.0,15072.5,15120.0,15145.0,15170.0,15195.0,70.72287291344362,70-79,70.72287291344362,22.5,False,False,False,False,True,stop,15072.5,15072.25,-22.75,0.0,-22.75,-1.011111111111111,2.25,23.0,0.1,1.022222222222222,1,0.0,0,2023-06-22,0.9491525423728814,3.505862646566164,3.317108088761632,strong_bullish,0.7714719190129026,1.05613351468588,bullish,bullish,False,True,True,False,continuation,True,False,False,False,bullish,weak,56.02394094536349,12.642857142857142,6.75,12.75,0.5338983050847458,1.0084745762711864,0.8823529411764706,1.0561335146858801,False,False,False,False,False,2023
214,254911,254912,254971,2023-06-22 14:08:00+00:00,2023-06-22 14:09:00+00:00,2023-06-22 15:08:00+00:00,long,15071.0,15071.25,15071.5,15046.5,15096.5,15121.5,15146.5,15171.5,70.0,70-79,35.35457368275367,25.0,True,True,True,False,False,max_holding_time,15140.75,15140.5,69.0,0.0,69.0,2.76,77.75,15.5,3.11,0.62,60,59.0,3,2023-06-22,1.2598225602027884,3.35195530726257,3.317108088761632,partial_bullish,0.7513161156723491,1.0006992463678035,bullish,bullish,True,False,False,False,reversal,True,False,False,False,bearish,weak,55.37855264371946,14.089285714285714,10.5,15.25,0.7452471482889734,1.082382762991128,0.13114754098360656,1.0006992463678037,False,False,False,False,False,2023
215,256255,256256,256315,2023-06-23 13:32:00+00:00,2023-06-23 13:33:00+00:00,2023-06-23 14:32:00+00:00,short,15062.5,15063.75,15063.5,15088.5,15038.5,15013.5,14988.5,14963.5,76.0,70-79,-25.11195326072908,25.0,True,True,True,False,False,max_holding_time,15054.5,15054.75,8.75,0.0,8.75,0.35,78.75,24.25,3.15,0.97,60,59.0,3,2023-06-23,2.500970873786408,0.5872259294566253,3.2550000000000003,partial_bearish,6.797945205479452,1.4522914337973782,bearish,bearish,True,False,False,False,reversal,True,False,False,False,bullish,weak,57.40038949392427,9.196428571428571,1.5,22.0,0.16310679611650486,2.392233009708738,0.3977272727272727,1.4522914337973782,False,False,False,False,False,2023
216,259015,259016,259075,2023-06-27 13:32:00+00:00,2023-06-27 13:33:00+00:00,2023-06-27 14:32:00+00:00,long,14901.75,14901.5,14901.75,14876.75,14926.75,14951.75,14976.75,15001.75,78.0,70-79,54.70440481080617,25.0,True,True,True,False,False,max_holding_time,14916.75,14916.5,14.75,0.0,14.75,0.59,77.75,13.5,3.11,0.54,60,59.0,3,2023-06-27,1.926356589147287,0.716374269005848,1.0831408775981526,partial_bullish,6.037481575068435,1.3694939864922957,bullish,bullish,True,True,True,False,reversal,True,False,True,True,bearish,strong,85.7966265766153,9.214285714285714,26.0,36.25,2.8217054263565893,3.9341085271317833,0.10344827586206896,1.3694939864922957,False,False,False,False,False,2023
217,260393,260394,260453,2023-06-28 13:30:00+00:00,2023-06-28 13:31:00+00:00,2023-06-28 14:30:00+00:00,long,15047.25,15047.5,15047.75,15022.75,15072.75,15097.75,15122.75,15147.75,83.57536030614449,80-89,83.57536030614449,25.0,True,True,True,True,False,tp4,15147.75,15147.5,99.75,0.0,99.75,3.99,101.5,22.25,4.06,0.89,60,59.0,4,2023-06-28,1.5,1.7238805970149254,1.5588865096359743,partial_bearish,13.725961538461538,0.969200382680616,bullish,bullish,True,True,True,False,reversal,True,True,False,True,bullish,strong,79.79466921787078,6.5,17.75,25.75,2.730769230769231,3.9615384615384617,0.7669902912621359,0.9692003826806159,True,False,False,False,False,2023
218,261773,261774,261774,2023-06-29 13:30:00+00:00,2023-06-29 13:31:00+00:00,2023-06-29 13:31:00+00:00,long,15121.0,15121.25,15121.5,15101.0,15146.5,15171.5,15196.5,15221.5,74.08419211279605,70-79,74.08419211279605,20.5,False,False,False,False,True,stop,15101.0,15100.75,-20.75,0.0,-20.75,-1.0121951219512195,8.5,27.75,0.4146341463414634,1.353658536585366,1,0.0,0,2023-06-29,1.3719376391982183,0.2864768683274021,2.5716639209225702,partial_bearish,5.153379549393415,0.9075786710618684,bullish,bullish,True,False,True,False,reversal,True,False,False,False,bullish,moderate,67.36826760663368,8.017857142857142,2.0,15.25,0.24944320712694878,1.9020044543429846,0.7540983606557377,0.9075786710618685,True,False,False,False,False,2023
219,261776,261777,261787,2023-06-29 13:33:00+00:00,2023-06-29 13:34:00+00:00,2023-06-29 13:44:00+00:00,long,15125.25,15125.5,15125.75,15101.0,15150.75,15175.75,15200.75,15225.75,76.0338820158606,70-79,64.0338820158606,24.75,False,False,False,False,True,stop,15101.0,15100.75,-25.0,0.0,-25.0,-1.0101010101010102,19.0,42.0,0.7676767676767676,1.696969696969697,11,10.0,0,2023-06-29,0.8863309352517985,0.2864768683274021,2.5716639209225702,partial_bearish,2.4956729194929133,1.1865971241423026,bullish,bullish,True,True,True,False,reversal,True,False,False,False,bullish,weak,58.61568346550503,12.410714285714286,9.5,14.0,0.7654676258992805,1.1280575539568345,0.8928571428571429,1.1865971241423026,False,False,False,False,False,2023
220,261810,261811,261824,2023-06-29 14:07:00+00:00,2023-06-29 14:08:00+00:00,2023-06-29 14:21:00+00:00,short,15065.75,15065.25,15065.0,15090.0,15040.0,15015.0,14990.0,14965.0,84.4,80-89,-60.400000000000006,25.0,True,False,False,False,True,stop,15090.0,15090.25,-25.25,0.0,-25.25,-1.01,29.75,31.5,1.19,1.26,14,13.0,1,2023-06-29,2.8228105906313647,0.1779661016949152,2.350032530904359,strong_bearish,3.649666451474069,3.8164429799887487,bearish,bearish,True,True,True,False,reversal,True,True,False,True,bearish,strong,86.66666666666666,17.535714285714285,55.0,58.25,3.1364562118126273,3.3217922606924644,0.04291845493562232,3.8164429799887487,True,True,True,False,False,2023
221,264588,264589,264648,2023-07-03 14:25:00+00:00,2023-07-03 14:26:00+00:00,2023-07-03 15:25:00+00:00,short,15360.5,15360.5,15360.25,15385.25,15335.25,15310.25,15285.25,15260.25,73.10170361840187,70-79,-73.10170361840187,25.0,True,True,False,False,False,max_holding_time,15323.5,15323.75,36.5,0.0,36.5,1.46,51.25,8.75,2.05,0.35,60,59.0,2,2023-07-03,0.821917808219178,0.2449355432780847,0.5476429287863591,partial_bullish,1.0764998471670326,0.7298692490297298,bearish,bearish,True,False,True,False,reversal,True,False,False,False,bearish,weak,50.847530153348885,9.125,6.25,10.25,0.684931506849315,1.1232876712328768,0.024390243902439025,0.7298692490297298,False,False,False,False,False,2023
222,270997,270998,271057,2023-07-10 14:00:00+00:00,2023-07-10 14:01:00+00:00,2023-07-10 15:00:00+00:00,long,15123.0,15122.5,15122.75,15097.75,15147.75,15172.75,15197.75,15222.75,80.2170228925765,80-89,44.217022892576495,25.0,True,True,True,False,False,max_holding_time,15143.0,15142.75,20.0,0.0,20.0,0.8,81.25,0.25,3.25,0.01,60,59.0,3,2023-07-10,1.9267480577136515,2.7719799857040743,1.736,partial_bearish,1.008594300621693,1.2959733992944324,neutral,bullish,True,False,True,False,reversal,True,False,False,False,bullish,moderate,68.47519077147084,16.089285714285715,8.0,17.0,0.49722530521642616,1.0566037735849056,0.7352941176470589,1.2959733992944324,True,True,True,False,True,2023
223,272360,272361,272373,2023-07-11 13:43:00+00:00,2023-07-11 13:44:00+00:00,2023-07-11 13:56:00+00:00,long,15169.0,15169.0,15169.25,15144.25,15194.25,15219.25,15244.25,15269.25,70.39682224428996,70-79,48.396822244289964,25.0,False,False,False,False,True,stop,15144.25,15144.0,-25.25,0.0,-25.25,-1.01,10.5,27.75,0.42,1.11,13,12.0,0,2023-07-11,3.461767626613704,0.550761421319797,1.6282973621103118,partial_bearish,1.5573687667357148,1.7522667197225932,bullish,bullish,False,True,True,False,continuation,True,False,False,False,bullish,weak,53.30685203574975,17.982142857142858,8.5,21.75,0.47269116186693144,1.2095332671300894,0.8620689655172413,1.7522667197225932,False,False,False,False,False,2023
224,272381,272382,272397,2023-07-11 14:04:00+00:00,2023-07-11 14:05:00+00:00,2023-07-11 14:20:00+00:00,short,15132.75,15133.0,15132.75,15157.75,15107.75,15082.75,15057.75,15032.75,72.0,70-79,-58.0,25.0,False,False,False,False,True,stop,15157.75,15158.0,-25.25,0.0,-25.25,-1.01,23.75,27.25,0.95,1.09,16,15.0,0,2023-07-11,2.2386634844868736,2.2246256239600664,3.2746536267318667,strong_bearish,1.495357028498239,2.1634559703509244,bearish,bearish,False,True,True,False,continuation,True,True,False,True,bearish,strong,83.33333333333334,14.964285714285714,22.75,25.5,1.5202863961813844,1.704057279236277,0.029411764705882353,2.1634559703509244,True,False,False,True,False,2023
225,277881,277882,277887,2023-07-17 13:44:00+00:00,2023-07-17 13:45:00+00:00,2023-07-17 13:50:00+00:00,long,15739.25,15739.25,15739.5,15714.5,15764.5,15789.5,15814.5,15839.5,74.0,70-79,32.97003745318352,25.0,False,False,False,False,True,stop,15714.5,15714.25,-25.25,0.0,-25.25,-1.01,2.5,27.75,0.1,1.11,6,5.0,0,2023-07-17,1.8701622971285887,3.6654545454545455,2.8301435406698565,partial_bullish,1.9025295158112716,1.913840990626085,bullish,bullish,False,False,True,False,continuation,True,False,True,True,bearish,strong,91.916354556804,14.303571428571429,13.5,16.0,0.9438202247191011,1.118601747815231,0.0625,1.913840990626085,False,False,False,False,False,2023
226,277896,277897,277956,2023-07-17 13:59:00+00:00,2023-07-17 14:00:00+00:00,2023-07-17 14:59:00+00:00,long,15739.75,15740.0,15740.25,15715.25,15765.25,15790.25,15815.25,15840.25,74.92881355932204,70-79,50.92881355932204,25.0,True,False,False,False,False,max_holding_time,15755.75,15755.5,15.25,0.0,15.25,0.61,32.0,12.0,1.28,0.48,60,59.0,1,2023-07-17,1.0847457627118644,0.3307086614173228,2.344693281402142,partial_bullish,1.4534043930866165,2.4266112266112265,bullish,bullish,True,False,False,False,reversal,True,False,False,False,bullish,moderate,74.40677966101696,14.75,13.25,17.5,0.8983050847457628,1.1864406779661016,0.7714285714285715,2.4266112266112265,True,False,False,False,False,2023
227,279303,279304,279317,2023-07-18 14:26:00+00:00,2023-07-18 14:27:00+00:00,2023-07-18 14:40:00+00:00,short,15758.25,15758.25,15758.0,15783.0,15733.0,15708.0,15683.0,15658.0,70.33498964803313,70-79,-70.33498964803313,25.0,False,False,False,False,True,stop,15783.0,15783.25,-25.25,0.0,-25.25,-1.01,6.25,26.0,0.25,1.04,14,13.0,0,2023-07-18,1.738095238095238,0.2161764705882353,1.821998320738875,strong_bearish,1.744333125865842,1.6771229465474973,bearish,bearish,True,True,False,False,reversal,True,False,False,False,bearish,moderate,69.45824706694272,10.5,1.25,11.5,0.11904761904761904,1.0952380952380953,0.391304347826087,1.6771229465474973,True,False,False,False,True,2023
228,282010,282011,282057,2023-07-20 13:33:00+00:00,2023-07-20 13:34:00+00:00,2023-07-20 14:20:00+00:00,short,15874.25,15873.75,15873.5,15898.5,15848.5,15823.5,15798.5,15773.5,70.27853047356126,70-79,-62.27853047356126,25.0,True,True,True,True,False,tp4,15773.5,15773.75,99.75,0.0,99.75,3.99,101.5,21.5,4.06,0.86,47,46.0,4,2023-07-20,4.068592057761733,0.2020997375328083,1.5064935064935066,partial_bullish,3.722755425275401,1.742883704457922,bearish,bearish,True,True,False,False,reversal,True,False,False,False,neutral,none,35.65442061301055,9.892857142857142,5.25,12.75,0.5306859205776173,1.288808664259928,0.49019607843137253,1.742883704457922,False,False,False,False,False,2023
229,282058,282059,282061,2023-07-20 14:21:00+00:00,2023-07-20 14:22:00+00:00,2023-07-20 14:24:00+00:00,long,15788.5,15788.5,15788.75,15763.75,15813.75,15838.75,15863.75,15888.75,74.86936114732725,70-79,32.869361147327254,25.0,False,False,False,False,True,stop,15763.75,15763.5,-25.25,0.0,-25.25,-1.01,3.0,28.0,0.12,1.12,3,2.0,0,2023-07-20,1.4054758800521512,3.1871382636655947,0.7713742875237491,strong_bearish,1.0696943585584673,1.831753636773947,neutral,bullish,True,False,True,False,reversal,True,False,False,False,bullish,weak,57.244676227727076,13.696428571428571,11.25,14.0,0.8213820078226858,1.0221642764015646,0.8214285714285714,1.831753636773947,False,False,False,False,False,2023
230,283410,283411,283418,2023-07-21 13:53:00+00:00,2023-07-21 13:54:00+00:00,2023-07-21 14:01:00+00:00,long,15637.25,15637.5,15637.75,15612.75,15662.75,15687.75,15712.75,15737.75,70.54106074268383,70-79,70.54106074268383,25.0,False,False,False,False,True,stop,15612.75,15612.5,-25.25,0.0,-25.25,-1.01,12.0,33.25,0.48,1.33,8,7.0,0,2023-07-21,0.467087466185753,2.473684210526316,0.5035971223021583,strong_bearish,0.8009362038997023,1.5722707386699548,bullish,bullish,True,True,False,False,reversal,True,False,False,False,neutral,none,37.84217285569855,19.803571428571427,9.5,16.5,0.4797114517583409,0.8331830477908025,0.6363636363636364,1.5722707386699548,False,False,False,False,False,2023
231,283428,283429,283439,2023-07-21 14:11:00+00:00,2023-07-21 14:12:00+00:00,2023-07-21 14:22:00+00:00,long,15633.5,15633.5,15633.75,15608.75,15658.75,15683.75,15708.75,15733.75,88.2857444561774,80-89,32.2857444561774,25.0,False,False,False,False,True,stop,15608.75,15608.5,-25.25,0.0,-25.25,-1.01,14.25,25.25,0.57,1.01,11,10.0,0,2023-07-21,1.41921858500528,2.193333333333333,2.891970802919708,partial_bearish,1.032045341895998,1.5927496466284194,neutral,bullish,True,True,True,True,reversal,True,False,False,False,bullish,strong,85.71453713481168,16.910714285714285,13.75,17.75,0.8130939809926083,1.0496304118268216,0.8169014084507042,1.5927496466284194,True,True,True,False,True,2023
232,284784,284785,284788,2023-07-24 13:47:00+00:00,2023-07-24 13:48:00+00:00,2023-07-24 13:51:00+00:00,long,15563.0,15563.0,15563.25,15538.25,15588.25,15613.25,15638.25,15663.25,71.20593301435406,70-79,70.20593301435406,25.0,False,False,False,False,True,stop,15538.25,15538.0,-25.25,0.0,-25.25,-1.01,5.75,42.25,0.23,1.69,4,3.0,0,2023-07-24,1.9559808612440197,1.4593939393939392,1.8054298642533932,partial_bullish,2.142604165476585,2.286292485492759,bullish,bullish,True,False,False,False,reversal,True,False,False,False,bullish,weak,43.38277511961722,18.660714285714285,4.25,21.0,0.22775119617224882,1.1253588516746411,0.9404761904761905,2.286292485492759,False,False,False,False,False,2023
233,284811,284812,284818,2023-07-24 14:14:00+00:00,2023-07-24 14:15:00+00:00,2023-07-24 14:21:00+00:00,short,15553.25,15552.75,15552.5,15577.5,15527.5,15502.5,15477.5,15452.5,76.0,70-79,-34.17741176470588,25.0,False,False,False,False,True,stop,15577.5,15577.75,-25.25,0.0,-25.25,-1.01,4.0,28.25,0.16,1.13,7,6.0,0,2023-07-24,3.1623529411764704,3.518087855297157,2.52863436123348,partial_bearish,1.0508168459075609,1.6518564949669998,bearish,bearish,True,False,False,False,reversal,True,False,False,False,bullish,strong,81.85490196078432,15.178571428571429,8.0,12.25,0.5270588235294118,0.8070588235294117,0.8163265306122449,1.6518564949669998,False,False,False,False,False,2023
234,287530,287531,287539,2023-07-26 13:33:00+00:00,2023-07-26 13:34:00+00:00,2023-07-26 13:42:00+00:00,short,15579.75,15579.25,15579.0,15604.0,15554.0,15529.0,15504.0,15479.0,81.0,80-89,-56.0,25.0,False,False,False,False,True,stop,15604.0,15604.25,-25.25,0.0,-25.25,-1.01,13.25,30.75,0.53,1.23,9,8.0,0,2023-07-26,3.0297029702970297,0.1975308641975308,0.1084070796460177,partial_bullish,4.389994895354773,1.606259014454256,bearish,bearish,True,True,True,False,reversal,True,True,False,True,bearish,strong,100.0,12.625,17.5,29.75,1.386138613861386,2.3564356435643563,0.11764705882352941,1.606259014454256,True,False,False,False,True,2023
235,288947,288948,288962,2023-07-27 14:10:00+00:00,2023-07-27 14:11:00+00:00,2023-07-27 14:25:00+00:00,long,15841.5,15841.75,15842.0,15817.0,15867.0,15892.0,15917.0,15942.0,70.0,70-79,37.95838632432429,25.0,False,False,False,False,True,stop,15817.0,15816.75,-25.25,0.0,-25.25,-1.01,11.75,50.75,0.47,2.03,15,14.0,0,2023-07-27,1.7576642335766424,2.3410596026490063,1.6387596899224808,partial_bearish,1.101291436053086,1.0382214741566729,bullish,bullish,True,False,False,False,reversal,True,False,False,False,bearish,weak,50.34678063063086,12.232142857142858,2.5,12.5,0.20437956204379562,1.021897810218978,0.42,1.0382214741566729,False,False,False,False,False,2023
236,290297,290298,290357,2023-07-28 13:40:00+00:00,2023-07-28 13:41:00+00:00,2023-07-28 14:40:00+00:00,long,15784.5,15784.75,15785.0,15760.0,15810.0,15835.0,15860.0,15885.0,73.04262574595055,70-79,35.042625745950545,25.0,True,True,False,False,False,max_holding_time,15800.5,15800.25,15.25,0.0,15.25,0.61,52.75,14.75,2.11,0.59,60,59.0,2,2023-07-28,2.052855924978687,1.6786011656952535,1.0615521855486174,strong_bullish,2.5533330007814965,1.802537826765738,bullish,bullish,True,True,False,False,reversal,True,True,False,True,bullish,strong,92.02188121625461,20.946428571428573,20.0,30.25,0.9548167092924126,1.444160272804774,0.9256198347107438,1.8025378267657381,True,False,False,False,True,2023
237,291667,291668,291692,2023-07-31 13:30:00+00:00,2023-07-31 13:31:00+00:00,2023-07-31 13:55:00+00:00,long,15866.75,15867.0,15867.25,15842.25,15892.25,15917.25,15942.25,15967.25,72.2555917852659,70-79,72.2555917852659,25.0,True,False,False,False,True,stop,15842.25,15842.0,-25.25,0.0,-25.25,-1.01,37.75,52.25,1.51,2.09,25,24.0,1,2023-07-31,0.259946949602122,2.171532846715328,1.0892857142857142,strong_bearish,10.722571840169838,0.905696628134106,bullish,bullish,True,True,False,False,reversal,True,False,False,False,bullish,weak,52.12993154388255,6.732142857142857,6.5,22.75,0.9655172413793104,3.3793103448275863,0.34065934065934067,0.9056966281341061,False,False,False,False,False,2023
238,291704,291705,291764,2023-07-31 14:07:00+00:00,2023-07-31 14:08:00+00:00,2023-07-31 15:07:00+00:00,long,15846.0,15845.75,15846.0,15821.0,15871.0,15896.0,15921.0,15946.0,75.78472553699284,70-79,33.78472553699284,25.0,True,False,False,False,False,max_holding_time,15877.0,15876.75,30.75,0.0,30.75,1.23,33.0,18.5,1.32,0.74,60,59.0,1,2023-07-31,2.155131264916468,2.1819537658463832,2.607950116913484,partial_bearish,1.1253637053222685,1.6010050575008858,neutral,bullish,True,True,False,False,reversal,True,False,False,False,bullish,strong,81.53937947494033,14.964285714285714,8.25,11.0,0.5513126491646778,0.7350835322195705,0.7954545454545454,1.6010050575008858,True,False,False,False,True,2023
239,294431,294432,294473,2023-08-02 13:34:00+00:00,2023-08-02 13:35:00+00:00,2023-08-02 14:16:00+00:00,short,15625.25,15625.25,15625.0,15650.0,15600.0,15575.0,15550.0,15525.0,70.26417879659535,70-79,-58.26417879659535,25.0,True,True,True,True,False,tp4,15525.0,15525.25,99.75,0.0,99.75,3.99,100.5,6.75,4.02,0.27,42,41.0,4,2023-08-02,3.607361963190184,0.0640732265446224,1.502283105022831,strong_bearish,3.712349579183447,1.3578308577073703,bearish,bearish,False,True,True,False,continuation,True,True,False,True,bearish,strong,85.5348233049612,11.642857142857142,17.5,24.0,1.5030674846625767,2.061349693251534,0.15625,1.3578308577073703,True,False,False,True,False,2023
240,297198,297199,297219,2023-08-04 13:41:00+00:00,2023-08-04 13:42:00+00:00,2023-08-04 14:02:00+00:00,short,15529.25,15529.5,15529.25,15554.25,15504.25,15479.25,15454.25,15429.25,85.8,80-89,-63.8,25.0,True,True,True,True,False,tp4,15429.25,15429.5,99.75,0.0,99.75,3.99,107.25,12.5,4.29,0.5,21,20.0,4,2023-08-04,2.763358778625954,1.525179856115108,2.0823045267489717,partial_bullish,1.9763057386819765,1.9762817004196316,bearish,bearish,True,True,False,False,reversal,True,True,False,True,bearish,strong,81.66666666666666,16.375,28.75,31.0,1.7557251908396947,1.8931297709923665,0.056451612903225805,1.9762817004196314,False,False,False,False,True,2023
241,297238,297239,297242,2023-08-04 14:21:00+00:00,2023-08-04 14:22:00+00:00,2023-08-04 14:25:00+00:00,short,15452.25,15453.0,15452.75,15477.75,15427.75,15402.75,15377.75,15352.75,73.38158458244112,70-79,-73.38158458244112,25.0,False,False,False,False,True,stop,15477.75,15478.0,-25.25,0.0,-25.25,-1.01,12.25,27.25,0.49,1.09,4,3.0,0,2023-08-04,0.7194860813704498,0.2057044079515989,1.824644549763033,partial_bearish,0.9105571992598384,1.5164549035118076,bearish,bearish,True,True,False,False,reversal,True,False,False,False,bearish,moderate,61.51320485367595,16.678571428571427,14.25,23.25,0.8543897216274091,1.3940042826552463,0.22580645161290322,1.5164549035118076,False,False,False,False,False,2023
242,298572,298573,298579,2023-08-07 13:35:00+00:00,2023-08-07 13:36:00+00:00,2023-08-07 13:42:00+00:00,long,15427.25,15427.25,15427.5,15402.5,15452.5,15477.5,15502.5,15527.5,75.68125044200455,70-79,41.68125044200456,25.0,False,False,False,False,True,stop,15402.5,15402.25,-25.25,0.0,-25.25,-1.01,21.0,26.25,0.84,1.05,7,6.0,0,2023-08-07,2.596026490066225,1.2475247524752475,0.8846153846153846,partial_bearish,2.7302441838108056,1.1906359001878186,bullish,bullish,True,True,True,False,reversal,True,False,False,False,bullish,weak,47.34375368337133,13.482142857142858,4.75,16.0,0.352317880794702,1.186754966887417,0.8125,1.1906359001878186,False,False,False,False,False,2023
243,298604,298605,298617,2023-08-07 14:07:00+00:00,2023-08-07 14:08:00+00:00,2023-08-07 14:20:00+00:00,short,15404.75,15405.0,15404.75,15429.75,15379.75,15354.75,15329.75,15304.75,72.0,70-79,-33.880983835360894,25.0,False,False,False,False,True,stop,15429.75,15430.0,-25.25,0.0,-25.25,-1.01,12.0,25.25,0.48,1.01,13,12.0,0,2023-08-07,1.9194776931447224,1.2669683257918551,1.4346952444742131,partial_bearish,1.1553764692780415,1.4828289653200972,bearish,bearish,True,True,True,True,reversal,True,False,True,True,bullish,strong,84.32513470532585,16.410714285714285,17.5,25.5,1.0663764961915125,1.5538628944504898,0.8431372549019608,1.4828289653200972,False,False,False,False,False,2023
244,299982,299983,300042,2023-08-08 14:05:00+00:00,2023-08-08 14:06:00+00:00,2023-08-08 15:05:00+00:00,short,15296.0,15296.5,15296.25,15321.25,15271.25,15246.25,15221.25,15196.25,76.70036171996647,70-79,-76.70036171996647,25.0,True,True,False,False,False,max_holding_time,15227.5,15227.75,68.5,0.0,68.5,2.74,74.0,4.5,2.96,0.18,60,59.0,2,2023-08-08,0.8,2.978021978021978,3.166370633510953,partial_bearish,1.288447844164197,1.343633968139897,bearish,bearish,True,True,True,True,reversal,True,False,False,False,neutral,none,39.16968099972052,13.75,2.0,13.0,0.14545454545454545,0.9454545454545454,0.09615384615384616,1.343633968139897,False,False,False,False,False,2023
245,301347,301348,301358,2023-08-09 13:50:00+00:00,2023-08-09 13:51:00+00:00,2023-08-09 14:01:00+00:00,short,15272.75,15272.5,15272.25,15297.25,15247.25,15222.25,15197.25,15172.25,70.39766081871345,70-79,-36.39766081871345,25.0,False,False,False,False,True,stop,15297.25,15297.5,-25.25,0.0,-25.25,-1.01,9.0,29.25,0.36,1.17,11,10.0,0,2023-08-09,1.6046783625730994,4.364319248826291,3.446319018404908,strong_bearish,1.4579214637360935,1.661402540033131,neutral,bearish,False,True,True,False,continuation,True,True,False,True,bearish,strong,86.64717348927876,15.267857142857142,15.25,28.75,0.9988304093567252,1.8830409356725146,0.1391304347826087,1.661402540033131,True,False,False,True,False,2023
246,301377,301378,301434,2023-08-09 14:20:00+00:00,2023-08-09 14:21:00+00:00,2023-08-09 15:17:00+00:00,short,15266.5,15267.0,15266.75,15291.75,15241.75,15216.75,15191.75,15166.75,70.4,70-79,-58.400000000000006,25.0,True,True,True,True,False,tp4,15166.75,15167.0,99.75,0.0,99.75,3.99,108.25,23.75,4.33,0.95,57,56.0,4,2023-08-09,2.305637982195845,0.2899408284023668,2.9362577107607954,partial_bearish,1.9949618641102795,1.8789955842615167,bearish,bearish,False,True,True,False,continuation,True,True,False,True,bearish,strong,86.66666666666666,12.035714285714286,18.25,21.25,1.516320474777448,1.7655786350148366,0.023529411764705882,1.8789955842615171,True,False,False,True,False,2023
247,302709,302710,302731,2023-08-10 13:32:00+00:00,2023-08-10 13:33:00+00:00,2023-08-10 13:54:00+00:00,long,15294.75,15295.0,15295.25,15271.25,15320.25,15345.25,15370.25,15395.25,73.0,70-79,53.56751218481689,24.0,True,True,True,True,False,tp4,15395.25,15395.0,99.75,0.0,99.75,4.15625,100.75,10.5,4.197916666666667,0.4375,22,21.0,4,2023-08-10,0.7581227436823105,0.9808917197452228,0.4484256243213897,partial_bearish,4.325486130427087,1.2906097689788896,bullish,bullish,True,True,True,False,reversal,True,False,True,True,bearish,moderate,61.937398459859274,14.839285714285714,21.75,37.0,1.4657039711191338,2.49338146811071,0.02027027027027027,1.2906097689788896,False,False,False,False,False,2023
248,302735,302736,302765,2023-08-10 13:58:00+00:00,2023-08-10 13:59:00+00:00,2023-08-10 14:28:00+00:00,long,15413.75,15413.25,15413.5,15388.5,15438.5,15463.5,15488.5,15513.5,71.16267942583733,70-79,43.162679425837325,25.0,True,False,False,False,True,stop,15388.5,15388.25,-25.25,0.0,-25.25,-1.01,28.25,28.0,1.13,1.12,30,29.0,1,2023-08-10,2.110047846889952,2.746376811594203,1.7736943907156673,strong_bullish,1.2976010279753023,1.9857021446782983,bullish,bullish,False,True,True,False,continuation,True,True,False,True,bullish,strong,76.35566188197768,14.928571428571429,14.75,17.25,0.9880382775119617,1.1555023923444976,0.8695652173913043,1.9857021446782983,True,False,False,True,False,2023
249,304094,304095,304122,2023-08-11 13:37:00+00:00,2023-08-11 13:38:00+00:00,2023-08-11 14:05:00+00:00,short,15105.25,15104.75,15104.5,15129.5,15079.5,15054.5,15029.5,15004.5,75.07182858891831,70-79,-58.07182858891831,25.0,True,True,False,False,True,stop,15129.5,15129.75,-25.25,0.0,-25.25,-1.01,52.5,25.25,2.1,1.01,28,27.0,2,2023-08-11,2.538011695906433,1.268392370572207,3.1628895184135977,partial_bearish,1.4027438451418903,0.6915401221127923,bearish,bearish,True,True,False,False,reversal,True,False,False,False,bearish,weak,42.26523824098587,15.267857142857142,10.5,12.0,0.6877192982456141,0.7859649122807018,0.041666666666666664,0.6915401221127923,False,False,False,False,False,2023
250,306847,306848,306855,2023-08-15 13:30:00+00:00,2023-08-15 13:31:00+00:00,2023-08-15 13:38:00+00:00,short,15224.0,15224.25,15224.0,15249.0,15199.0,15174.0,15149.0,15124.0,70.8840033270211,70-79,-70.8840033270211,25.0,False,False,False,False,True,stop,15249.0,15249.25,-25.25,0.0,-25.25,-1.01,12.0,26.5,0.48,1.06,8,7.0,0,2023-08-15,0.0340632603406326,1.527027027027027,1.352168199737188,partial_bullish,8.5667880696919,1.10896614996464,bearish,bearish,True,False,False,False,reversal,True,False,False,False,bearish,weak,40.700027725175815,7.339285714285714,1.0,27.75,0.1362530413625304,3.781021897810219,0.2882882882882883,1.10896614996464,False,False,False,False,False,2023
251,306861,306862,306921,2023-08-15 13:44:00+00:00,2023-08-15 13:45:00+00:00,2023-08-15 14:44:00+00:00,short,15208.0,15208.0,15207.75,15232.75,15182.75,15157.75,15132.75,15107.75,90.95711711711712,90-100,-56.95711711711712,25.0,True,True,True,False,False,max_holding_time,15137.25,15137.5,70.25,0.0,70.25,2.81,99.75,9.5,3.99,0.38,60,59.0,3,2023-08-15,2.497297297297297,1.7853107344632768,1.352168199737188,partial_bullish,1.721018046292664,1.5809448730221296,bearish,bearish,True,True,True,True,reversal,True,False,False,False,bearish,weak,57.97597597597598,19.821428571428573,4.75,14.5,0.23963963963963963,0.7315315315315315,0.5,1.5809448730221296,True,False,False,False,True,2023
252,308236,308237,308245,2023-08-16 13:39:00+00:00,2023-08-16 13:40:00+00:00,2023-08-16 13:48:00+00:00,short,15096.25,15096.5,15096.25,15121.25,15071.25,15046.25,15021.25,14996.25,70.3816929635706,70-79,-36.3816929635706,25.0,False,False,False,False,True,stop,15121.25,15121.5,-25.25,0.0,-25.25,-1.01,13.5,29.0,0.54,1.16,9,8.0,0,2023-08-16,2.5919395465994963,0.8484848484848485,1.2955974842767295,partial_bearish,1.8365725785097708,1.0928571428571427,bearish,bearish,True,False,False,False,reversal,True,False,False,False,neutral,none,36.51410802975504,14.178571428571429,1.5,14.75,0.10579345088161209,1.0403022670025188,0.2711864406779661,1.0928571428571427,False,False,False,False,False,2023
253,310988,310989,311005,2023-08-18 13:31:00+00:00,2023-08-18 13:32:00+00:00,2023-08-18 13:48:00+00:00,short,14653.75,14654.25,14654.0,14679.0,14629.0,14604.0,14579.0,14554.0,73.0,70-79,-57.85757371389328,25.0,True,False,False,False,True,stop,14679.0,14679.25,-25.25,0.0,-25.25,-1.01,26.0,29.5,1.04,1.18,17,16.0,1,2023-08-18,1.3873873873873874,0.6575028636884307,0.8387096774193549,partial_bearish,4.191797882750644,0.9730779026784424,bearish,bearish,True,True,True,False,reversal,True,False,False,False,bullish,weak,59.52021905088931,11.892857142857142,5.25,25.0,0.4414414414414415,2.1021021021021022,0.89,0.9730779026784423,False,False,False,False,False,2023
254,311036,311037,311040,2023-08-18 14:19:00+00:00,2023-08-18 14:20:00+00:00,2023-08-18 14:23:00+00:00,short,14647.5,14647.5,14647.25,14672.25,14622.25,14597.25,14572.25,14547.25,73.0,70-79,-67.67333333333333,25.0,False,False,False,False,True,stop,14672.25,14672.5,-25.25,0.0,-25.25,-1.01,2.25,25.5,0.09,1.02,4,3.0,0,2023-08-18,0.1666666666666666,0.9820289855072464,0.0327293980128579,partial_bearish,1.1285916156382478,1.5862822337713929,bearish,bearish,True,True,True,True,reversal,True,False,True,True,bullish,strong,77.72222222222223,15.0,16.25,19.5,1.0833333333333333,1.3,0.8717948717948718,1.5862822337713927,False,False,False,False,False,2023
255,312410,312411,312413,2023-08-21 14:13:00+00:00,2023-08-21 14:14:00+00:00,2023-08-21 14:16:00+00:00,long,14905.75,14905.5,14905.75,14880.75,14930.75,14955.75,14980.75,15005.75,85.17121807856822,80-89,85.17121807856822,25.0,False,False,False,False,True,stop,14880.75,14880.5,-25.25,0.0,-25.25,-1.01,0.0,26.5,0.0,1.06,3,2.0,0,2023-08-21,1.447415329768271,2.3537653239929948,3.476009139375476,partial_bullish,0.713177386772843,0.7429887301175788,bullish,bullish,True,True,True,False,reversal,True,False,False,False,neutral,none,26.426817321401806,10.017857142857142,0.5,8.5,0.049910873440285206,0.8484848484848485,0.6470588235294118,0.7429887301175788,False,False,False,False,False,2023
256,313747,313748,313753,2023-08-22 13:30:00+00:00,2023-08-22 13:31:00+00:00,2023-08-22 13:36:00+00:00,long,15072.25,15072.0,15072.25,15047.25,15097.25,15122.25,15147.25,15172.25,70.0,70-79,26.39662638793959,25.0,False,False,False,False,True,stop,15047.25,15047.0,-25.25,0.0,-25.25,-1.01,16.75,28.0,0.67,1.12,6,5.0,0,2023-08-22,2.855524079320113,0.1458333333333333,0.8648018648018648,strong_bearish,13.928986673821663,1.0042170150755063,bullish,bullish,True,True,True,False,reversal,True,False,True,True,bearish,strong,80.02811343383672,6.303571428571429,19.5,25.25,3.093484419263456,4.005665722379603,0.2079207920792079,1.0042170150755065,False,False,False,False,False,2023
257,313764,313765,313767,2023-08-22 13:47:00+00:00,2023-08-22 13:48:00+00:00,2023-08-22 13:50:00+00:00,long,15054.0,15053.5,15053.75,15028.75,15078.75,15103.75,15128.75,15153.75,77.56856636756976,70-79,69.56856636756976,25.0,False,False,False,False,True,stop,15028.75,15028.5,-25.25,0.0,-25.25,-1.01,0.25,28.0,0.01,1.12,3,2.0,0,2023-08-22,1.705128205128205,2.994219653179191,2.9453894359892567,partial_bearish,0.8788025108643167,1.1325028312570782,bullish,bullish,True,True,False,False,reversal,True,True,False,True,bullish,moderate,63.07138639641471,13.928571428571429,15.5,19.0,1.1128205128205129,1.3641025641025641,0.8157894736842105,1.1325028312570782,False,False,False,False,False,2023
258,313770,313771,313775,2023-08-22 13:53:00+00:00,2023-08-22 13:54:00+00:00,2023-08-22 13:58:00+00:00,long,15023.75,15024.0,15024.25,14999.25,15049.25,15074.25,15099.25,15124.25,70.0,70-79,59.260501776701446,25.0,False,False,False,False,True,stop,14999.25,14999.0,-25.25,0.0,-25.25,-1.01,0.0,25.0,0.0,1.0,5,4.0,0,2023-08-22,0.9026548672566372,3.2203023758099354,2.9453894359892567,strong_bearish,0.9321921569370016,1.3115409207161126,bullish,bullish,True,True,False,False,reversal,True,False,False,False,bearish,moderate,64.49581852748794,14.125,9.5,19.25,0.672566371681416,1.3628318584070795,0.23376623376623376,1.3115409207161126,False,False,False,False,False,2023
259,316508,316509,316527,2023-08-24 13:31:00+00:00,2023-08-24 13:32:00+00:00,2023-08-24 13:50:00+00:00,short,15293.5,15293.25,15293.0,15318.0,15268.0,15243.0,15218.0,15193.0,76.0,70-79,-30.0,25.0,True,True,True,True,False,tp4,15193.0,15193.25,99.75,0.0,99.75,3.99,107.0,4.25,4.28,0.17,19,18.0,4,2023-08-24,4.805642633228841,0.6932367149758454,0.2276422764227642,strong_bearish,8.226720111306191,1.797728407931027,neutral,bearish,True,True,True,True,reversal,True,True,False,True,bearish,strong,100.0,11.392857142857142,21.5,29.25,1.8871473354231976,2.5673981191222572,0.18803418803418803,1.797728407931027,True,False,False,False,True,2023
260,316535,316536,316540,2023-08-24 13:58:00+00:00,2023-08-24 13:59:00+00:00,2023-08-24 14:03:00+00:00,long,15227.25,15227.25,15227.5,15202.5,15252.5,15277.5,15302.5,15327.5,71.64415349887133,70-79,25.644153498871333,25.0,False,False,False,False,True,stop,15202.5,15202.25,-25.25,0.0,-25.25,-1.01,7.25,28.25,0.29,1.13,5,4.0,0,2023-08-24,1.674943566591422,4.614195361911455,4.591349257585539,partial_bearish,1.0975498452577517,1.978018691588785,neutral,bullish,False,True,True,False,continuation,True,False,False,False,bullish,moderate,63.70127915726109,15.821428571428571,4.75,10.0,0.30022573363431154,0.6320541760722348,0.6,1.978018691588785,True,False,False,False,True,2023
261,316544,316545,316566,2023-08-24 14:07:00+00:00,2023-08-24 14:08:00+00:00,2023-08-24 14:29:00+00:00,short,15183.0,15183.0,15182.75,15207.75,15157.75,15132.75,15107.75,15082.75,78.68356499705675,70-79,-72.68356499705675,25.0,True,True,True,True,False,tp4,15082.75,15083.0,99.75,0.0,99.75,3.99,111.0,2.25,4.44,0.09,22,21.0,4,2023-08-24,1.738255033557047,0.5296803652968036,3.917625681405209,strong_bearish,1.0279752109519975,1.4478566937482278,bearish,bearish,True,True,True,True,reversal,True,False,False,False,bearish,strong,89.02970830880624,15.964285714285714,10.75,21.0,0.6733780760626399,1.3154362416107384,0.15476190476190477,1.4478566937482278,True,False,False,False,True,2023
262,317887,317888,317924,2023-08-25 13:30:00+00:00,2023-08-25 13:31:00+00:00,2023-08-25 14:07:00+00:00,long,14921.0,14921.25,14921.5,14896.5,14946.5,14971.5,14996.5,15021.5,85.7532383095774,80-89,73.7532383095774,25.0,True,True,False,False,True,stop,14896.5,14896.25,-25.25,0.0,-25.25,-1.01,74.0,26.25,2.96,1.05,37,36.0,2,2023-08-25,4.231237322515213,0.4869565217391304,0.2922465208747514,strong_bullish,13.884032634032634,1.1915478869717429,bullish,bullish,True,True,True,True,reversal,True,True,False,True,bullish,strong,97.94365257981161,8.803571428571429,24.0,33.25,2.7261663286004056,3.7768762677484786,0.8721804511278195,1.1915478869717429,True,False,False,False,True,2023
263,317927,317928,317932,2023-08-25 14:10:00+00:00,2023-08-25 14:11:00+00:00,2023-08-25 14:15:00+00:00,long,14908.0,14908.0,14908.25,14883.25,14933.25,14958.25,14983.25,15008.25,71.95003564688614,70-79,70.95003564688614,25.0,True,True,True,True,False,tp4,15008.25,15008.0,99.75,0.0,99.75,3.99,119.0,1.5,4.76,0.06,5,4.0,4,2023-08-25,1.199203187250996,1.5070821529745042,1.5879899916597164,partial_bearish,1.5176193272233711,2.1741356609938074,bullish,bullish,True,True,False,False,reversal,True,False,False,False,bullish,weak,49.58363039071783,26.892857142857142,15.0,23.75,0.5577689243027889,0.8831341301460823,0.6631578947368421,2.1741356609938074,False,False,False,False,False,2023
264,317933,317934,317935,2023-08-25 14:16:00+00:00,2023-08-25 14:17:00+00:00,2023-08-25 14:18:00+00:00,long,15033.0,15032.75,15033.0,15008.0,15058.0,15083.0,15108.0,15133.0,81.10398179749716,80-89,45.10398179749716,25.0,False,False,False,False,True,stop,15008.0,15007.75,-25.25,0.0,-25.25,-1.01,16.0,54.25,0.64,2.17,2,1.0,0,2023-08-25,3.0420932878270763,1.3636363636363635,3.4226044226044223,strong_bullish,1.3175332588605666,2.933329565045361,bullish,bullish,True,True,False,False,reversal,True,False,False,False,bullish,strong,75.86651497914298,31.392857142857142,9.5,27.0,0.3026166097838453,0.8600682593856656,0.7037037037037037,2.933329565045361,True,False,False,False,True,2023
265,319272,319273,319273,2023-08-28 13:35:00+00:00,2023-08-28 13:36:00+00:00,2023-08-28 13:36:00+00:00,long,15123.0,15123.0,15123.25,15098.25,15148.25,15173.25,15198.25,15223.25,73.61373369374833,70-79,25.61373369374833,25.0,False,False,False,False,True,stop,15098.25,15098.0,-25.25,0.0,-25.25,-1.01,1.5,31.25,0.06,1.25,1,0.0,0,2023-08-28,3.511400651465798,0.998965873836608,3.0405405405405403,strong_bullish,3.0431874468969755,1.351043338683788,bullish,bullish,True,True,True,False,reversal,True,True,False,True,bullish,strong,88.4477807812361,16.446428571428573,19.75,23.75,1.2008686210640607,1.4440825190010858,0.8421052631578947,1.3510433386837881,True,False,False,False,False,2023
266,320673,320674,320677,2023-08-29 13:56:00+00:00,2023-08-29 13:57:00+00:00,2023-08-29 14:00:00+00:00,short,15146.25,15146.25,15146.0,15171.0,15121.0,15096.0,15071.0,15046.0,82.7618801275465,80-89,-82.7618801275465,25.0,False,False,False,False,True,stop,15171.0,15171.25,-25.25,0.0,-25.25,-1.01,1.75,58.5,0.07,2.34,4,3.0,0,2023-08-29,1.094972067039106,3.847682119205298,3.252187748607796,partial_bullish,0.8085956481831434,0.9579367516119128,bearish,bearish,True,True,True,False,reversal,True,True,False,True,bearish,moderate,73.01566772955427,12.785714285714286,11.5,19.75,0.8994413407821229,1.5446927374301676,0.13924050632911392,0.9579367516119128,True,True,True,False,False,2023
267,324806,324807,324866,2023-09-01 13:49:00+00:00,2023-09-01 13:50:00+00:00,2023-09-01 14:49:00+00:00,long,15517.5,15517.25,15517.5,15492.5,15542.5,15567.5,15592.5,15617.5,71.21871559633027,70-79,71.21871559633027,25.0,True,True,True,False,False,max_holding_time,15513.5,15513.25,-4.25,0.0,-4.25,-0.17,76.0,16.5,3.04,0.66,60,59.0,3,2023-09-01,1.8110091743119263,3.151969981238274,0.7104477611940299,strong_bearish,1.135921079549329,1.692347635657602,bullish,bullish,True,False,False,False,reversal,True,False,False,False,bullish,weak,43.489296636085626,19.464285714285715,3.75,23.25,0.19266055045871558,1.1944954128440366,0.8279569892473119,1.692347635657602,False,False,False,False,False,2023
268,328734,328735,328794,2023-09-06 14:17:00+00:00,2023-09-06 14:18:00+00:00,2023-09-06 15:17:00+00:00,short,15424.25,15424.0,15423.75,15448.75,15398.75,15373.75,15348.75,15323.75,70.0,70-79,-17.97088409451686,25.0,True,True,True,False,False,max_holding_time,15368.75,15369.0,54.75,0.0,54.75,2.19,75.5,9.25,3.02,0.37,60,59.0,3,2023-09-06,1.9743589743589745,3.1183079973562458,4.256080114449213,partial_bearish,0.8278975085188299,1.1992153946744273,bearish,bearish,True,False,False,False,reversal,True,False,False,False,bullish,strong,83.5759658790261,13.928571428571429,9.25,13.25,0.6641025641025641,0.9512820512820512,0.9433962264150944,1.1992153946744273,False,False,False,False,False,2023
269,331452,331453,331459,2023-09-08 13:35:00+00:00,2023-09-08 13:36:00+00:00,2023-09-08 13:42:00+00:00,short,15334.5,15334.0,15333.75,15358.75,15308.75,15283.75,15258.75,15233.75,74.206336834289,70-79,-55.20633683428901,25.0,False,False,False,False,True,stop,15358.75,15359.0,-25.25,0.0,-25.25,-1.01,0.0,25.25,0.0,1.01,7,6.0,0,2023-09-08,3.608024691358025,4.20158550396376,0.6693794506612412,strong_bullish,2.825679792395352,0.9816864749600176,neutral,bearish,True,False,True,False,reversal,True,False,False,False,bearish,weak,51.71947361907502,11.571428571428571,4.75,17.5,0.4104938271604938,1.5123456790123457,0.22857142857142856,0.9816864749600175,False,False,False,False,False,2023
270,331473,331474,331479,2023-09-08 13:56:00+00:00,2023-09-08 13:57:00+00:00,2023-09-08 14:02:00+00:00,short,15325.0,15325.25,15325.0,15350.0,15300.0,15275.0,15250.0,15225.0,73.73333333333333,70-79,-40.73333333333333,25.0,False,False,False,False,True,stop,15350.0,15350.25,-25.25,0.0,-25.25,-1.01,11.0,26.75,0.44,1.07,6,5.0,0,2023-09-08,3.295238095238095,4.456928838951311,3.804347826086957,partial_bullish,1.5428630608704657,1.5690456442460867,neutral,bearish,True,True,False,False,reversal,True,True,False,True,bearish,strong,97.77777777777777,13.125,14.0,19.75,1.0666666666666667,1.5047619047619047,0.10126582278481013,1.5690456442460867,True,False,False,False,True,2023
271,332414,332415,332416,2023-09-11 13:37:00+00:00,2023-09-11 13:38:00+00:00,2023-09-11 13:39:00+00:00,long,15607.75,15607.5,15607.75,15582.75,15632.75,15657.75,15682.75,15707.75,73.0,70-79,45.52466148363641,25.0,False,False,False,False,True,stop,15582.75,15582.5,-25.25,0.0,-25.25,-1.01,3.5,25.0,0.14,1.0,2,1.0,0,2023-09-11,2.0082758620689654,0.3896103896103896,0.1534713763702801,partial_bullish,3.179705654531371,0.9800352144200064,bullish,bullish,True,True,True,False,reversal,True,False,True,True,bearish,strong,87.29448763636326,12.946428571428571,12.25,24.75,0.9462068965517242,1.9117241379310346,0.15151515151515152,0.9800352144200065,False,False,False,False,False,2023
272,333787,333788,333789,2023-09-12 13:30:00+00:00,2023-09-12 13:31:00+00:00,2023-09-12 13:32:00+00:00,short,15588.5,15588.75,15588.5,15613.5,15563.5,15538.5,15513.5,15488.5,70.67955010961613,70-79,-46.67955010961613,25.0,False,False,False,False,True,stop,15613.5,15613.75,-25.25,0.0,-25.25,-1.01,4.75,27.75,0.19,1.11,2,1.0,0,2023-09-12,2.6538461538461537,1.025,1.3585798816568049,strong_bearish,6.712421623453651,0.5225145600970893,bearish,bearish,False,True,True,False,continuation,True,True,False,True,bearish,strong,88.99625091346778,6.5,12.0,13.5,1.8461538461538463,2.076923076923077,0.09259259259259259,0.5225145600970893,True,False,False,True,True,2023
273,333793,333794,333799,2023-09-12 13:36:00+00:00,2023-09-12 13:37:00+00:00,2023-09-12 13:42:00+00:00,short,15617.0,15617.0,15616.75,15641.75,15591.75,15566.75,15541.75,15516.75,78.0,70-79,-49.95530093173824,25.0,False,False,False,False,True,stop,15641.75,15642.0,-25.25,0.0,-25.25,-1.01,13.5,28.0,0.54,1.12,6,5.0,0,2023-09-12,1.5777460770328104,0.3439306358381502,1.3585798816568049,partial_bullish,1.9499072840763665,0.6418224801203525,bearish,bearish,True,True,True,False,reversal,True,False,True,True,bullish,weak,50.37249223551468,12.517857142857142,10.5,17.25,0.8388017118402282,1.378031383737518,0.8260869565217391,0.6418224801203525,False,False,False,False,False,2023
274,335194,335195,335254,2023-09-13 13:57:00+00:00,2023-09-13 13:58:00+00:00,2023-09-13 14:57:00+00:00,short,15548.75,15549.5,15549.25,15574.25,15524.25,15499.25,15474.25,15449.25,72.0,70-79,-48.31580148456383,25.0,True,True,True,False,False,max_holding_time,15556.75,15557.0,-7.75,0.0,-7.75,-0.31,95.25,22.75,3.81,0.91,60,59.0,3,2023-09-13,1.2714570858283434,0.509090909090909,1.8798328108672933,strong_bullish,1.116106850039672,1.2898788828181715,bearish,bearish,True,True,True,False,reversal,True,False,False,False,bullish,moderate,64.03498762863478,17.892857142857142,8.75,19.0,0.48902195608782434,1.06187624750499,0.9342105263157895,1.2898788828181715,False,False,False,False,False,2023
275,337927,337928,337943,2023-09-15 13:30:00+00:00,2023-09-15 13:31:00+00:00,2023-09-15 13:46:00+00:00,short,15619.0,15619.0,15618.75,15643.75,15593.75,15568.75,15543.75,15518.75,78.0,70-79,-78.0,25.0,True,True,True,True,False,tp4,15518.75,15519.0,99.75,0.0,99.75,3.99,102.25,9.0,4.09,0.36,16,15.0,4,2023-09-15,1.1375,1.1142490372272142,3.1777301927194865,partial_bearish,5.4864116937486695,1.00591292582498,bearish,bearish,True,True,True,False,reversal,True,False,True,True,bullish,moderate,68.23386394994432,8.571428571428571,8.5,19.0,0.9916666666666667,2.216666666666667,0.9342105263157895,1.00591292582498,False,False,False,False,False,2023
276,337986,337987,338046,2023-09-15 14:29:00+00:00,2023-09-15 14:30:00+00:00,2023-09-15 15:29:00+00:00,short,15496.0,15496.25,15496.0,15516.75,15471.0,15446.0,15421.0,15396.0,72.0,70-79,-35.209197106946164,20.75,True,True,True,False,False,max_holding_time,15430.5,15430.75,65.25,0.0,65.25,3.144578313253012,82.0,10.75,3.9518072289156634,0.5180722891566265,60,59.0,3,2023-09-15,0.3744427934621099,0.392,4.658166363084396,strong_bearish,0.6728685191047902,0.9351519664252352,bearish,bearish,True,False,True,False,reversal,True,False,False,False,neutral,none,39.92335744211532,12.017857142857142,7.0,13.25,0.5824665676077266,1.1025260029717683,0.660377358490566,0.9351519664252352,False,False,False,False,False,2023
277,339316,339317,339349,2023-09-18 13:39:00+00:00,2023-09-18 13:40:00+00:00,2023-09-18 14:12:00+00:00,short,15409.75,15409.75,15409.5,15434.5,15384.5,15359.5,15334.5,15309.5,73.91341153616337,70-79,-73.91341153616337,25.0,True,False,False,False,True,stop,15434.5,15434.75,-25.25,0.0,-25.25,-1.01,39.25,29.25,1.57,1.17,33,32.0,1,2023-09-18,0.1962616822429906,3.859375,0.4950135992747053,strong_bullish,1.7470561892468586,1.4922317099238358,bearish,bearish,True,True,False,False,reversal,True,True,False,True,bearish,moderate,65.94509613469472,15.285714285714286,16.25,17.75,1.0630841121495327,1.161214953271028,0.014084507042253521,1.4922317099238358,False,False,False,False,False,2023
278,339351,339352,339358,2023-09-18 14:14:00+00:00,2023-09-18 14:15:00+00:00,2023-09-18 14:21:00+00:00,short,15417.25,15417.25,15417.0,15440.75,15392.0,15367.0,15342.0,15317.0,70.33678647939033,70-79,-70.33678647939033,23.75,False,False,False,False,True,stop,15440.75,15441.0,-24.0,0.0,-24.0,-1.0105263157894735,0.0,24.25,0.0,1.0210526315789474,7,6.0,0,2023-09-18,0.1170848267622461,0.8952916373858046,1.709044908285895,partial_bullish,0.8797903065310778,1.0022256320933385,bearish,bearish,True,True,True,False,reversal,True,False,False,False,bearish,weak,52.806553994919334,14.946428571428571,9.5,13.25,0.6356033452807647,0.8864994026284349,0.03773584905660377,1.0022256320933383,False,False,False,False,False,2023
279,339360,339361,339420,2023-09-18 14:23:00+00:00,2023-09-18 14:24:00+00:00,2023-09-18 15:23:00+00:00,short,15413.5,15413.5,15413.25,15438.25,15388.25,15363.25,15338.25,15313.25,81.37729486844994,80-89,-75.37729486844994,25.0,True,False,False,False,False,max_holding_time,15416.5,15416.75,-3.5,0.0,-3.5,-0.14,49.0,14.5,1.96,0.58,60,59.0,1,2023-09-18,1.5295902883156298,0.6115591397849462,1.7328727691421992,partial_bullish,0.8391981944685567,0.9416489345760782,bearish,bearish,True,False,True,False,reversal,True,False,False,False,bearish,strong,78.14412390374949,11.767857142857142,9.0,12.75,0.7647951441578149,1.0834597875569045,0.11764705882352941,0.9416489345760782,True,True,True,False,True,2023
280,342068,342069,342128,2023-09-20 13:31:00+00:00,2023-09-20 13:32:00+00:00,2023-09-20 14:31:00+00:00,long,15377.0,15377.25,15377.5,15352.5,15402.5,15427.5,15452.5,15477.5,76.0,70-79,55.10333374243432,25.0,True,True,False,False,False,max_holding_time,15366.5,15366.25,-11.25,0.0,-11.25,-0.45,57.75,17.25,2.31,0.69,60,59.0,2,2023-09-20,6.825484764542937,1.8032786885245904,1.409271523178808,partial_bearish,10.58876359644746,1.370832821957096,bullish,bullish,True,True,False,False,reversal,True,False,True,True,bearish,strong,99.13888547971398,6.446428571428571,13.25,17.5,2.0554016620498614,2.7146814404432136,0.11428571428571428,1.370832821957096,False,False,False,False,False,2023
281,346212,346213,346215,2023-09-25 13:35:00+00:00,2023-09-25 13:36:00+00:00,2023-09-25 13:38:00+00:00,short,14810.75,14810.75,14810.5,14835.5,14785.5,14760.5,14735.5,14710.5,73.0,70-79,-49.09354089670741,25.0,False,False,False,False,True,stop,14835.5,14835.75,-25.25,0.0,-25.25,-1.01,7.75,27.75,0.31,1.11,3,2.0,0,2023-09-25,1.3167358229598891,0.2627986348122867,0.1361111111111111,partial_bearish,3.110708339480284,1.1404552549025668,bearish,bearish,True,True,True,True,reversal,True,False,False,False,bullish,weak,57.55382586077158,12.910714285714286,9.5,24.5,0.7358229598893499,1.8976486860304287,0.6836734693877551,1.1404552549025668,False,False,False,False,False,2023
282,346217,346218,346233,2023-09-25 13:40:00+00:00,2023-09-25 13:41:00+00:00,2023-09-25 13:56:00+00:00,short,14858.25,14858.0,14857.75,14882.75,14832.75,14807.75,14782.75,14757.75,78.0,70-79,-59.44453125,25.0,False,False,False,False,True,stop,14882.75,14883.0,-25.25,0.0,-25.25,-1.01,15.5,34.5,0.62,1.38,16,15.0,0,2023-09-25,2.59765625,1.860759493670886,0.1361111111111111,partial_bullish,2.3065650210939235,1.538051525022209,bearish,bearish,True,True,True,False,reversal,True,False,True,True,bullish,strong,87.96223958333334,18.285714285714285,17.0,19.75,0.9296875,1.080078125,0.8860759493670886,1.538051525022209,False,False,False,False,False,2023
283,347595,347596,347631,2023-09-26 13:38:00+00:00,2023-09-26 13:39:00+00:00,2023-09-26 14:14:00+00:00,short,14846.0,14845.75,14845.5,14870.5,14820.5,14795.5,14770.5,14745.5,76.0,70-79,-33.2,25.0,True,True,True,True,False,tp4,14745.5,14745.75,99.75,0.0,99.75,3.99,106.75,0.5,4.27,0.02,36,35.0,4,2023-09-26,2.861035422343324,0.7063389391979301,2.716595744680851,partial_bearish,2.6229668982427463,1.75686772579462,bearish,bearish,True,True,False,False,reversal,True,False,True,True,bullish,strong,90.0,13.107142857142858,18.75,24.75,1.430517711171662,1.888283378746594,1.0,1.75686772579462,False,False,False,False,False,2023
284,348969,348970,348999,2023-09-27 13:32:00+00:00,2023-09-27 13:33:00+00:00,2023-09-27 14:02:00+00:00,long,14766.75,14766.75,14767.0,14742.0,14792.0,14817.0,14842.0,14867.0,73.0,70-79,53.791627824530586,25.0,True,False,False,False,True,stop,14742.0,14741.75,-25.25,0.0,-25.25,-1.01,39.25,29.0,1.57,1.16,30,29.0,1,2023-09-27,1.0523917995444192,0.4963325183374082,0.090982940698619,partial_bearish,4.167133858787059,0.9483923263982708,bullish,bullish,True,True,True,True,reversal,True,False,True,True,bearish,moderate,60.0697681289118,7.839285714285714,7.25,14.75,0.9248291571753986,1.8815489749430523,0.22033898305084745,0.9483923263982708,False,False,False,False,False,2023
285,349017,349018,349049,2023-09-27 14:20:00+00:00,2023-09-27 14:21:00+00:00,2023-09-27 14:52:00+00:00,long,14727.5,14727.25,14727.5,14703.25,14752.5,14777.5,14802.5,14827.5,81.92540793149978,80-89,81.92540793149978,24.25,True,False,False,False,True,stop,14703.25,14703.0,-24.5,0.0,-24.5,-1.0103092783505154,44.5,29.25,1.8350515463917525,1.2061855670103092,32,31.0,1,2023-09-27,1.1746575342465753,2.486842105263158,2.1296969696969694,partial_bearish,1.1361719493946405,1.2306604190610908,bullish,bullish,True,False,True,False,reversal,True,False,False,False,bullish,strong,82.71173276249812,10.428571428571429,7.0,9.5,0.6712328767123288,0.910958904109589,0.7368421052631579,1.2306604190610908,True,False,False,False,True,2023
286,350347,350348,350351,2023-09-28 13:30:00+00:00,2023-09-28 13:31:00+00:00,2023-09-28 13:34:00+00:00,short,14677.5,14677.75,14677.5,14702.5,14652.5,14627.5,14602.5,14577.5,83.59414799227763,80-89,-83.59414799227763,25.0,False,False,False,False,True,stop,14702.5,14702.75,-25.25,0.0,-25.25,-1.01,16.25,34.0,0.65,1.36,4,3.0,0,2023-09-28,1.076923076923077,0.5458276333789329,1.246451612903226,strong_bearish,10.256688554838007,1.2031166450232984,bearish,bearish,True,False,True,False,reversal,True,False,False,False,bearish,strong,79.95123326898025,10.214285714285714,17.75,34.75,1.737762237762238,3.4020979020979025,0.2733812949640288,1.2031166450232984,True,False,False,True,False,2023
287,350352,350353,350370,2023-09-28 13:35:00+00:00,2023-09-28 13:36:00+00:00,2023-09-28 13:53:00+00:00,short,14696.75,14696.5,14696.25,14721.25,14671.25,14646.25,14621.25,14596.25,78.63883830923962,70-79,-78.63883830923962,25.0,True,False,False,False,True,stop,14721.25,14721.5,-25.25,0.0,-25.25,-1.01,40.0,38.5,1.6,1.54,18,17.0,1,2023-09-28,1.1964483906770254,0.1140350877192982,1.246451612903226,partial_bullish,1.875980875214424,0.8102016046405321,bearish,bearish,True,True,True,False,reversal,True,False,False,False,bearish,weak,46.990319243663485,16.089285714285715,11.5,18.25,0.7147613762486126,1.1342952275249722,0.1780821917808219,0.8102016046405321,False,False,False,False,False,2023
288,353107,353108,353108,2023-10-02 13:30:00+00:00,2023-10-02 13:31:00+00:00,2023-10-02 13:31:00+00:00,short,14854.0,14854.25,14854.0,14879.0,14829.0,14804.0,14779.0,14754.0,73.56870155716935,70-79,-49.56870155716935,25.0,False,False,False,False,True,stop,14879.0,14879.25,-25.25,0.0,-25.25,-1.01,1.75,30.25,0.07,1.21,1,0.0,0,2023-10-02,1.418103448275862,2.497863247863248,0.3050847457627119,partial_bullish,8.476050671451096,0.9819049838448604,bearish,bearish,False,False,True,False,continuation,True,False,False,False,bearish,strong,79.73917964307789,8.285714285714286,20.0,26.75,2.413793103448276,3.2284482758620685,0.2523364485981308,0.9819049838448604,True,True,True,False,False,2023
289,353123,353124,353137,2023-10-02 13:46:00+00:00,2023-10-02 13:47:00+00:00,2023-10-02 14:00:00+00:00,short,14931.25,14931.25,14931.0,14956.0,14906.0,14881.0,14856.0,14831.0,72.63758175933187,70-79,-52.637581759331866,25.0,True,False,False,False,True,stop,14956.0,14956.25,-25.25,0.0,-25.25,-1.01,26.75,33.0,1.07,1.32,14,13.0,1,2023-10-02,0.6674418604651162,4.329787234042553,3.32367758186398,partial_bullish,1.0778244527968164,0.9934888270718064,bearish,bearish,True,True,True,False,reversal,True,True,False,True,bearish,moderate,71.9798479944322,15.357142857142858,15.25,19.0,0.9930232558139535,1.2372093023255815,0.013157894736842105,0.9934888270718063,True,True,True,False,False,2023
290,355867,355868,355905,2023-10-04 13:30:00+00:00,2023-10-04 13:31:00+00:00,2023-10-04 14:08:00+00:00,long,14774.5,14774.75,14775.0,14751.25,14800.0,14825.0,14850.0,14875.0,83.55162288783707,80-89,79.55162288783707,23.75,True,True,False,False,True,stop,14751.25,14751.0,-24.0,0.0,-24.0,-1.0105263157894735,59.5,34.5,2.5052631578947366,1.4526315789473685,38,37.0,2,2023-10-04,2.23728813559322,1.370411568409344,0.2768361581920904,partial_bullish,10.049597423510466,0.9395286097963412,bullish,bullish,True,True,True,False,reversal,True,True,False,True,bullish,strong,79.59685739864229,7.375,21.25,29.25,2.8813559322033897,3.9661016949152543,0.905982905982906,0.9395286097963411,True,True,True,False,False,2023
291,355910,355911,355913,2023-10-04 14:13:00+00:00,2023-10-04 14:14:00+00:00,2023-10-04 14:16:00+00:00,long,14786.0,14786.5,14786.75,14761.75,14811.75,14836.75,14861.75,14886.75,82.53427065026362,80-89,66.53427065026362,25.0,False,False,False,False,True,stop,14761.75,14761.5,-25.25,0.0,-25.25,-1.01,4.25,28.5,0.17,1.14,3,2.0,0,2023-10-04,2.12829525483304,1.655006031363088,0.2370289459311851,partial_bullish,1.2377548182408142,1.6470201217171994,bullish,bullish,True,False,True,False,reversal,True,False,False,False,bullish,moderate,71.11892208553016,20.321428571428573,11.5,16.25,0.5659050966608083,0.7996485061511422,0.7692307692307693,1.6470201217171994,True,True,True,False,True,2023
292,357256,357257,357282,2023-10-05 13:39:00+00:00,2023-10-05 13:40:00+00:00,2023-10-05 14:05:00+00:00,short,14882.0,14882.5,14882.25,14907.25,14857.25,14832.25,14807.25,14782.25,84.51659370312416,80-89,-72.51659370312416,25.0,True,True,True,True,False,tp4,14782.25,14782.5,99.75,0.0,99.75,3.99,108.5,1.25,4.34,0.05,26,25.0,4,2023-10-05,2.0510543840177577,0.7789634146341464,0.6431980906921242,partial_bearish,2.089083323480229,1.3111139380061907,bearish,bearish,True,True,True,True,reversal,True,True,False,True,bearish,strong,87.63828085936794,16.089285714285715,15.5,16.5,0.9633740288568257,1.0255271920088789,0.0,1.3111139380061907,True,True,True,False,True,2023
293,358631,358632,358643,2023-10-06 13:34:00+00:00,2023-10-06 13:35:00+00:00,2023-10-06 13:46:00+00:00,short,14766.25,14766.0,14765.75,14790.75,14740.75,14715.75,14690.75,14665.75,74.37637286408993,70-79,-74.37637286408993,25.0,True,True,False,False,True,stop,14790.75,14791.0,-25.25,0.0,-25.25,-1.01,63.75,33.0,2.55,1.32,12,11.0,2,2023-10-06,1.6617210682492582,1.2554186145346364,3.6022005924672027,partial_bullish,2.1818084062529404,1.4509309663636445,bearish,bearish,True,True,False,False,reversal,True,True,False,True,bearish,moderate,69.80310720074938,18.053571428571427,20.0,35.5,1.1078140454995056,1.9663699307616223,0.09859154929577464,1.4509309663636445,False,False,False,False,False,2023
294,358644,358645,358680,2023-10-06 13:47:00+00:00,2023-10-06 13:48:00+00:00,2023-10-06 14:23:00+00:00,short,14772.25,14772.5,14772.25,14797.25,14747.25,14722.25,14697.25,14672.25,70.06523803725801,70-79,-48.06523803725801,25.0,True,True,False,False,True,stop,14797.25,14797.5,-25.25,0.0,-25.25,-1.01,64.75,38.0,2.59,1.52,36,35.0,2,2023-10-06,1.0903141361256543,0.0462919225318847,2.9798356982823004,partial_bearish,1.516457416854008,2.344626896695074,bearish,bearish,False,False,True,False,continuation,True,False,False,False,bearish,weak,50.54365031048339,27.285714285714285,16.25,32.25,0.5955497382198953,1.181937172774869,0.32558139534883723,2.344626896695074,False,False,False,False,False,2023
295,361401,361402,361416,2023-10-10 13:44:00+00:00,2023-10-10 13:45:00+00:00,2023-10-10 13:59:00+00:00,short,15207.25,15207.25,15207.0,15232.0,15182.0,15157.0,15132.0,15107.0,74.09745199451025,70-79,-72.09745199451025,25.0,False,False,False,False,True,stop,15232.0,15232.25,-25.25,0.0,-25.25,-1.01,13.5,34.75,0.54,1.39,15,14.0,0,2023-10-10,0.6492753623188405,0.4156945917285259,0.3822525597269625,partial_bullish,1.271650408122636,1.2597376984518291,bearish,bearish,True,True,True,False,reversal,True,True,False,True,bearish,weak,59.14543328758546,18.482142857142858,18.25,20.25,0.9874396135265701,1.0956521739130434,0.08641975308641975,1.2597376984518291,False,False,False,False,False,2023
296,362821,362822,362827,2023-10-11 14:24:00+00:00,2023-10-11 14:25:00+00:00,2023-10-11 14:30:00+00:00,long,15328.75,15328.5,15328.75,15305.75,15353.75,15378.75,15403.75,15428.75,71.66288955099833,70-79,51.66288955099833,23.0,False,False,False,False,True,stop,15305.75,15305.5,-23.25,0.0,-23.25,-1.0108695652173914,3.25,28.5,0.1413043478260869,1.2391304347826086,6,5.0,0,2023-10-11,1.55810147299509,0.996214988644966,1.19859649122807,partial_bearish,0.9634646570638176,0.7659929467976185,bullish,bullish,True,True,True,True,reversal,True,False,False,False,neutral,none,30.524079591652782,10.910714285714286,3.5,12.25,0.32078559738134205,1.1227495908346972,0.5918367346938775,0.7659929467976185,False,False,False,False,False,2023
297,364153,364154,364185,2023-10-12 13:36:00+00:00,2023-10-12 13:37:00+00:00,2023-10-12 14:08:00+00:00,short,15403.0,15403.25,15403.0,15428.0,15378.0,15353.0,15328.0,15303.0,71.56747252747253,70-79,-51.56747252747253,25.0,True,False,False,False,True,stop,15428.0,15428.25,-25.25,0.0,-25.25,-1.01,37.5,26.0,1.5,1.04,32,31.0,1,2023-10-12,1.3333333333333333,0.2048192771084337,2.161579892280072,partial_bullish,3.0406019864125104,1.550069085884663,bearish,bearish,True,True,False,False,reversal,True,False,False,False,bearish,weak,46.3956043956044,13.125,5.25,19.5,0.4,1.4857142857142858,0.3076923076923077,1.550069085884663,False,False,False,False,False,2023
298,364193,364194,364204,2023-10-12 14:16:00+00:00,2023-10-12 14:17:00+00:00,2023-10-12 14:27:00+00:00,short,15423.5,15423.0,15422.75,15447.75,15397.75,15372.75,15347.75,15322.75,85.8,80-89,-85.8,25.0,False,False,False,False,True,stop,15447.75,15448.0,-25.25,0.0,-25.25,-1.01,5.5,38.25,0.22,1.53,11,10.0,0,2023-10-12,1.9130434782608696,3.4236760124610592,1.985203452527744,partial_bullish,1.7343378902032978,1.8564877324867108,bearish,bearish,True,True,False,False,reversal,True,True,False,True,bearish,strong,81.66666666666666,14.375,17.75,23.25,1.2347826086956522,1.617391304347826,0.1935483870967742,1.8564877324867108,False,False,False,False,True,2023
299,364205,364206,364254,2023-10-12 14:28:00+00:00,2023-10-12 14:29:00+00:00,2023-10-12 15:17:00+00:00,short,15428.5,15428.75,15428.5,15453.5,15403.5,15378.5,15353.5,15328.5,70.2,70-79,-70.2,25.0,True,False,False,False,True,stop,15453.5,15453.75,-25.25,0.0,-25.25,-1.01,31.75,30.0,1.27,1.2,49,48.0,1,2023-10-12,0.8556566970091027,1.7389473684210526,1.985203452527744,partial_bullish,1.5441867101023672,1.777254751707057,bearish,bearish,True,True,False,False,reversal,True,True,False,True,bearish,moderate,68.33333333333334,13.732142857142858,28.25,31.25,2.057217165149545,2.275682704811443,0.096,1.777254751707057,False,False,False,False,False,2023
300,365534,365535,365564,2023-10-13 13:37:00+00:00,2023-10-13 13:38:00+00:00,2023-10-13 14:07:00+00:00,long,15317.0,15317.25,15317.5,15292.5,15342.5,15367.5,15392.5,15417.5,73.82216710379227,70-79,31.822167103792268,25.0,True,False,False,False,True,stop,15292.5,15292.25,-25.25,0.0,-25.25,-1.01,45.0,31.75,1.8,1.27,30,29.0,1,2023-10-13,1.9001280409731116,0.5011547344110855,3.8013964313421256,partial_bearish,1.8709541971377583,1.0142645775636403,neutral,bullish,True,True,True,False,reversal,True,True,False,True,bullish,weak,48.51805919826892,13.946428571428571,11.5,13.5,0.8245838668373879,0.9679897567221512,0.9259259259259259,1.0142645775636405,False,False,False,False,False,2023
301,368316,368317,368323,2023-10-17 13:59:00+00:00,2023-10-17 14:00:00+00:00,2023-10-17 14:06:00+00:00,short,15079.0,15079.25,15079.0,15104.0,15054.0,15029.0,15004.0,14979.0,72.51911528189017,70-79,-44.519115281890166,25.0,False,False,False,False,True,stop,15104.0,15104.25,-25.25,0.0,-25.25,-1.01,7.5,29.5,0.3,1.18,7,6.0,0,2023-10-17,1.1870324189526185,3.480225988700565,4.816559600285511,partial_bearish,0.6749118362886802,1.0397918579736762,bearish,bearish,False,True,True,False,continuation,True,False,False,False,neutral,none,37.65929401575136,14.321428571428571,5.25,9.0,0.36658354114713215,0.628428927680798,0.027777777777777776,1.0397918579736762,False,False,False,False,False,2023
302,369673,369674,369716,2023-10-18 13:36:00+00:00,2023-10-18 13:37:00+00:00,2023-10-18 14:19:00+00:00,short,15171.25,15171.5,15171.25,15196.25,15146.25,15121.25,15096.25,15071.25,70.04244694132335,70-79,-52.04244694132335,25.0,True,False,False,False,True,stop,15196.25,15196.5,-25.25,0.0,-25.25,-1.01,49.75,35.0,1.99,1.4,43,42.0,1,2023-10-18,2.9013732833957557,3.086729362591431,1.7353215284249768,partial_bullish,2.7757949905147745,1.501365193648806,bearish,bearish,False,True,False,False,continuation,True,True,False,True,bearish,moderate,67.02039117769455,14.303571428571429,13.75,20.5,0.9612983770287141,1.4332084893882646,0.1951219512195122,1.501365193648806,False,False,False,False,False,2023
303,369718,369719,369733,2023-10-18 14:21:00+00:00,2023-10-18 14:22:00+00:00,2023-10-18 14:36:00+00:00,short,15209.0,15209.5,15209.25,15234.25,15184.25,15159.25,15134.25,15109.25,70.77389920424403,70-79,-70.77389920424403,25.0,True,True,True,True,False,tp4,15109.25,15109.5,99.75,0.0,99.75,3.99,101.25,13.75,4.05,0.55,15,14.0,4,2023-10-18,2.4459770114942527,1.2593818984547462,1.07958050586058,strong_bullish,1.1916785942549533,1.7090111025045185,bearish,bearish,True,False,False,False,reversal,True,False,False,False,neutral,none,39.78249336870026,15.535714285714286,8.25,13.0,0.5310344827586206,0.8367816091954022,0.34615384615384615,1.7090111025045185,False,False,False,False,False,2023
304,371053,371054,371059,2023-10-19 13:36:00+00:00,2023-10-19 13:37:00+00:00,2023-10-19 13:42:00+00:00,long,15056.75,15057.0,15057.25,15032.25,15082.25,15107.25,15132.25,15157.25,74.0,70-79,31.43604824501965,25.0,False,False,False,False,True,stop,15032.25,15032.0,-25.25,0.0,-25.25,-1.01,1.5,33.25,0.06,1.33,6,5.0,0,2023-10-19,2.8248730964467006,1.29014598540146,2.232994526974198,partial_bearish,2.724974140903344,1.204939693725437,bullish,bullish,False,True,True,False,continuation,True,False,True,True,bearish,strong,88.03293129150292,14.071428571428571,19.25,22.0,1.368020304568528,1.5634517766497462,0.056818181818181816,1.204939693725437,False,False,False,False,False,2023
305,373810,373811,373826,2023-10-23 13:33:00+00:00,2023-10-23 13:34:00+00:00,2023-10-23 13:49:00+00:00,short,14580.0,14580.5,14580.25,14605.25,14555.25,14530.25,14505.25,14480.25,83.73140178284928,80-89,-59.73140178284928,25.0,True,True,False,False,True,stop,14605.25,14605.5,-25.25,0.0,-25.25,-1.01,66.0,25.0,2.64,1.0,16,15.0,2,2023-10-23,1.7909215955983493,0.981549815498155,0.8671641791044776,partial_bearish,3.8013952418674775,1.1642522285615895,bearish,bearish,True,True,True,False,reversal,True,True,False,True,bearish,strong,81.09501485707727,12.982142857142858,19.75,22.75,1.5213204951856947,1.7524071526822558,0.08791208791208792,1.1642522285615897,True,True,True,False,False,2023
306,375197,375198,375201,2023-10-24 13:40:00+00:00,2023-10-24 13:41:00+00:00,2023-10-24 13:44:00+00:00,long,14828.75,14829.0,14829.25,14804.25,14854.25,14879.25,14904.25,14929.25,84.22442057659694,80-89,58.22442057659694,25.0,False,False,False,False,True,stop,14804.25,14804.0,-25.25,0.0,-25.25,-1.01,8.0,26.5,0.32,1.06,4,3.0,0,2023-10-24,1.734061930783242,1.6338329764453965,0.5666337611056268,partial_bullish,2.4457370196907893,1.5817930135982412,bullish,bullish,True,True,True,False,reversal,True,False,False,False,bullish,strong,85.20350480497456,19.607142857142858,15.75,21.75,0.8032786885245902,1.1092896174863387,0.735632183908046,1.5817930135982412,True,False,False,False,True,2023
307,376568,376569,376623,2023-10-25 13:31:00+00:00,2023-10-25 13:32:00+00:00,2023-10-25 14:26:00+00:00,short,14703.5,14703.25,14703.0,14728.0,14678.0,14653.0,14628.0,14603.0,81.6,80-89,-67.6,25.0,True,True,True,True,False,tp4,14603.0,14603.25,99.75,0.0,99.75,3.99,103.0,0.5,4.12,0.02,55,54.0,4,2023-10-25,4.975206611570248,0.8839941262848752,2.51006711409396,strong_bearish,10.774151718175924,1.5877343287194807,bearish,bearish,False,True,True,False,continuation,True,True,False,True,bearish,strong,96.66666666666666,8.642857142857142,23.75,28.0,2.7479338842975207,3.2396694214876036,0.10714285714285714,1.5877343287194807,True,False,False,False,True,2023
308,376624,376625,376627,2023-10-25 14:27:00+00:00,2023-10-25 14:28:00+00:00,2023-10-25 14:30:00+00:00,short,14603.75,14604.0,14603.75,14628.75,14578.75,14553.75,14528.75,14503.75,74.0,70-79,-66.59509803921569,25.0,False,False,False,False,True,stop,14628.75,14629.0,-25.25,0.0,-25.25,-1.01,2.5,25.0,0.1,1.0,3,2.0,0,2023-10-25,1.3382352941176472,0.7394957983193278,4.472222222222222,strong_bearish,2.246007918896576,1.8301286975430469,bearish,bearish,True,True,True,True,reversal,True,False,False,False,neutral,none,28.374183006535947,14.571428571428571,1.75,19.0,0.12009803921568628,1.303921568627451,0.35526315789473684,1.8301286975430469,True,False,False,False,True,2023
309,377959,377960,377964,2023-10-26 13:42:00+00:00,2023-10-26 13:43:00+00:00,2023-10-26 13:47:00+00:00,long,14413.0,14413.0,14413.25,14388.25,14438.25,14463.25,14488.25,14513.25,73.53912650385789,70-79,51.53912650385789,25.0,False,False,False,False,True,stop,14388.25,14388.0,-25.25,0.0,-25.25,-1.01,16.25,35.0,0.65,1.4,5,4.0,0,2023-10-26,0.2920592193808883,1.593103448275862,3.119314436387607,partial_bearish,1.7282899537825347,1.887709110231812,bullish,bullish,True,True,False,False,reversal,True,False,False,False,bullish,moderate,62.826054198815754,26.535714285714285,21.25,32.75,0.800807537012113,1.2341857335127862,0.7022900763358778,1.8877091102318122,False,False,False,False,False,2023
310,378005,378006,378008,2023-10-26 14:28:00+00:00,2023-10-26 14:29:00+00:00,2023-10-26 14:31:00+00:00,long,14330.25,14330.0,14330.25,14305.25,14355.25,14380.25,14405.25,14430.25,98.4,90-100,72.4,25.0,False,False,False,False,True,stop,14305.25,14305.0,-25.25,0.0,-25.25,-1.01,0.0,26.25,0.0,1.05,3,2.0,0,2023-10-26,2.8606403013182677,1.3970401691331924,2.5494018608772704,partial_bearish,2.3064312042691317,2.67048856615071,bullish,bullish,True,True,True,False,reversal,True,True,False,True,bullish,strong,86.66666666666666,18.964285714285715,32.0,37.0,1.687382297551789,1.951035781544256,0.9121621621621622,2.67048856615071,True,True,True,False,False,2023
311,379333,379334,379346,2023-10-27 13:36:00+00:00,2023-10-27 13:37:00+00:00,2023-10-27 13:49:00+00:00,long,14323.0,14323.0,14323.25,14298.25,14348.25,14373.25,14398.25,14423.25,77.0876050613435,70-79,77.0876050613435,25.0,True,False,False,False,True,stop,14298.25,14298.0,-25.25,0.0,-25.25,-1.01,33.0,32.0,1.32,1.28,13,12.0,1,2023-10-27,0.0155382907880133,0.1822916666666666,0.6511627906976745,partial_bullish,2.407566946658052,1.025448930135845,bullish,bullish,True,True,True,False,reversal,True,False,False,False,neutral,none,34.06337551119579,16.089285714285715,5.0,26.25,0.31076581576026635,1.6315205327413984,0.5619047619047619,1.025448930135845,False,False,False,False,False,2023
312,382095,382096,382110,2023-10-31 13:38:00+00:00,2023-10-31 13:39:00+00:00,2023-10-31 13:53:00+00:00,long,14338.25,14337.75,14338.0,14313.0,14363.0,14388.0,14413.0,14438.0,70.90295385699201,70-79,70.90295385699201,25.0,False,False,False,False,True,stop,14313.0,14312.75,-25.25,0.0,-25.25,-1.01,18.0,26.75,0.72,1.07,15,14.0,0,2023-10-31,3.060022650056625,1.854054054054054,1.0129198966408268,strong_bearish,1.7225566492897366,1.0517003948892394,bullish,bullish,True,True,False,False,reversal,True,False,False,False,bullish,weak,40.85794880826682,15.767857142857142,6.75,15.5,0.42808607021517553,0.9830124575311439,0.7258064516129032,1.0517003948892394,False,False,False,False,False,2023
313,383503,383504,383563,2023-11-01 14:06:00+00:00,2023-11-01 14:07:00+00:00,2023-11-01 15:06:00+00:00,long,14552.25,14552.75,14553.0,14528.0,14578.0,14603.0,14628.0,14653.0,72.24361370716511,70-79,72.24361370716511,25.0,True,True,True,False,False,max_holding_time,14637.5,14637.25,84.25,0.0,84.25,3.37,96.5,23.0,3.86,0.92,60,59.0,3,2023-11-01,1.0176531671858773,0.7357357357357358,2.121495327102804,partial_bullish,1.955938407342681,1.5301475891617238,bullish,bullish,True,True,False,False,reversal,True,False,False,False,bullish,weak,52.030114226375915,17.196428571428573,10.5,23.25,0.6105919003115264,1.35202492211838,0.8494623655913979,1.5301475891617238,False,False,False,False,False,2023
314,386274,386275,386280,2023-11-03 14:17:00+00:00,2023-11-03 14:18:00+00:00,2023-11-03 14:23:00+00:00,long,15110.5,15110.5,15110.75,15085.75,15135.75,15160.75,15185.75,15210.75,80.39625879099222,80-89,80.39625879099222,25.0,False,False,False,False,True,stop,15085.75,15085.5,-25.25,0.0,-25.25,-1.01,6.0,25.0,0.24,1.0,6,5.0,0,2023-11-03,0.8615384615384615,0.7668789808917198,1.4,partial_bullish,0.792896305668593,0.8940414374582284,bullish,bullish,True,True,True,True,reversal,True,False,False,False,bullish,moderate,69.96882325826854,13.928571428571429,6.5,12.25,0.4666666666666667,0.8794871794871795,0.9387755102040817,0.8940414374582284,True,True,True,False,True,2023
315,386281,386282,386283,2023-11-03 14:24:00+00:00,2023-11-03 14:25:00+00:00,2023-11-03 14:26:00+00:00,long,15089.75,15090.0,15090.25,15065.25,15115.25,15140.25,15165.25,15190.25,74.42254928327877,70-79,74.42254928327877,25.0,False,False,False,False,True,stop,15065.25,15065.0,-25.25,0.0,-25.25,-1.01,4.0,30.0,0.16,1.2,2,1.0,0,2023-11-03,1.6111111111111112,0.3297101449275362,1.4,partial_bearish,0.9850638131862008,0.8430014189132793,bullish,bullish,True,True,True,True,reversal,True,False,False,False,neutral,none,20.187910693989764,13.5,0.25,14.75,0.018518518518518517,1.0925925925925926,0.2711864406779661,0.8430014189132793,False,False,False,False,False,2023
316,387659,387660,387719,2023-11-06 15:22:00+00:00,2023-11-06 15:23:00+00:00,2023-11-06 16:22:00+00:00,long,15224.0,15223.75,15224.0,15199.0,15249.0,15274.0,15299.0,15324.0,71.8986279977691,70-79,64.8986279977691,25.0,False,False,False,False,False,max_holding_time,15227.5,15227.25,3.25,0.0,3.25,0.13,22.25,24.0,0.89,0.96,60,59.0,0,2023-11-06,1.1555555555555554,0.1738495252008765,0.9659735349716446,partial_bearish,1.2046891381008356,0.9399516638780444,bullish,bullish,True,True,True,False,reversal,True,True,False,True,bullish,moderate,74.15523331474252,11.25,12.0,13.25,1.0666666666666667,1.1777777777777778,0.9622641509433962,0.9399516638780443,True,True,True,False,False,2023
317,393134,393135,393194,2023-11-10 14:37:00+00:00,2023-11-10 14:38:00+00:00,2023-11-10 15:37:00+00:00,long,15335.75,15336.0,15336.25,15311.25,15361.25,15386.25,15411.25,15436.25,70.56347787410377,70-79,44.56347787410377,25.0,True,True,False,False,False,max_holding_time,15331.75,15331.5,-4.75,0.0,-4.75,-0.19,52.75,14.25,2.11,0.57,60,59.0,2,2023-11-10,1.5348837209302326,0.6845425867507886,2.354228855721393,strong_bullish,3.190671289000945,1.2683008310017956,bullish,bullish,True,True,False,False,reversal,True,False,False,False,bullish,moderate,71.36231561753135,10.75,5.25,19.25,0.4883720930232558,1.7906976744186047,0.8181818181818182,1.2683008310017956,True,False,False,False,False,2023
318,397268,397269,397283,2023-11-15 14:31:00+00:00,2023-11-15 14:32:00+00:00,2023-11-15 14:46:00+00:00,long,15954.75,15954.5,15954.75,15929.75,15979.75,16004.75,16029.75,16054.75,74.55657434186199,70-79,74.55657434186199,25.0,False,False,False,False,True,stop,15929.75,15929.5,-25.25,0.0,-25.25,-1.01,19.25,25.5,0.77,1.02,15,14.0,0,2023-11-15,0.9485981308411214,0.157439446366782,1.4614220877458397,partial_bearish,4.334767305436058,0.735437553495717,bullish,bullish,True,False,True,False,reversal,True,False,False,False,bullish,weak,46.304786182183285,7.642857142857143,3.25,14.5,0.4252336448598131,1.8971962616822429,0.7758620689655172,0.735437553495717,False,False,False,False,False,2023
319,401431,401432,401491,2023-11-20 14:54:00+00:00,2023-11-20 14:55:00+00:00,2023-11-20 15:54:00+00:00,short,15982.5,15982.0,15981.75,16006.75,15956.75,15931.75,15906.75,15881.75,78.57261644178843,70-79,-67.57261644178843,25.0,True,False,False,False,False,max_holding_time,15981.75,15982.0,-0.25,0.0,-0.25,-0.01,44.25,21.25,1.77,0.85,60,59.0,1,2023-11-20,1.8039927404718692,3.929545454545455,3.3950617283950617,strong_bullish,0.916591346265267,1.042284328840047,neutral,bearish,True,True,True,False,reversal,True,False,False,False,bearish,weak,54.77180368157018,9.839285714285714,7.5,11.0,0.7622504537205083,1.117967332123412,0.29545454545454547,1.042284328840047,False,False,False,False,False,2023
320,402787,402788,402796,2023-11-21 14:30:00+00:00,2023-11-21 14:31:00+00:00,2023-11-21 14:39:00+00:00,short,15994.25,15994.25,15994.0,16015.0,15969.0,15944.0,15919.0,15894.0,73.58044502904747,70-79,-48.58044502904747,21.0,False,False,False,False,True,stop,16015.0,16015.25,-21.25,0.0,-21.25,-1.011904761904762,13.5,27.25,0.6428571428571429,1.2976190476190477,9,8.0,0,2023-11-21,1.9310344827586208,0.9204152249134948,1.5333333333333334,partial_bearish,12.042396451928138,0.975556286309328,neutral,bearish,True,True,True,False,reversal,True,True,False,True,bearish,strong,79.83704190872886,5.696428571428571,18.75,21.0,3.29153605015674,3.6865203761755487,0.0,0.975556286309328,True,False,False,True,False,2023
321,404209,404210,404214,2023-11-22 15:12:00+00:00,2023-11-22 15:13:00+00:00,2023-11-22 15:17:00+00:00,long,16043.75,16043.5,16043.75,16018.75,16068.75,16093.75,16118.75,16143.75,82.32739343445732,80-89,64.32739343445732,25.0,False,False,False,False,True,stop,16018.75,16018.5,-25.25,0.0,-25.25,-1.01,0.25,30.0,0.01,1.2,5,4.0,0,2023-11-22,1.2684031710079275,4.266747133373567,0.4424567680381633,partial_bullish,0.936024490219478,1.4803063457330417,bullish,bullish,True,False,True,False,reversal,True,False,False,False,bullish,strong,86.06161195381107,15.767857142857142,11.5,14.25,0.7293318233295584,0.9037372593431484,0.9649122807017544,1.4803063457330417,True,True,True,False,True,2023
322,404218,404219,404278,2023-11-22 15:21:00+00:00,2023-11-22 15:22:00+00:00,2023-11-22 16:21:00+00:00,long,16044.75,16044.5,16044.75,16019.75,16069.75,16094.75,16119.75,16144.75,83.0,80-89,71.0,25.0,True,True,False,False,False,max_holding_time,16053.0,16052.75,8.0,0.0,8.0,0.32,54.25,17.75,2.17,0.71,60,59.0,2,2023-11-22,1.5,0.836283185840708,0.8961807423345886,partial_bearish,1.3074759027809804,1.5786396413954396,bullish,bullish,True,True,True,False,reversal,True,True,False,True,bullish,strong,75.0,12.5,10.5,12.25,0.84,0.98,0.9387755102040817,1.5786396413954396,True,False,False,False,True,2023
323,406695,406696,406755,2023-11-24 14:38:00+00:00,2023-11-24 14:39:00+00:00,2023-11-24 15:38:00+00:00,short,16019.25,16019.25,16019.0,16044.0,15994.0,15969.0,15944.0,15919.0,70.41698111501007,70-79,-44.41698111501008,25.0,True,False,False,False,False,max_holding_time,15997.5,15997.75,21.25,0.0,21.25,0.85,29.0,18.25,1.16,0.73,60,59.0,1,2023-11-24,2.590308370044053,0.6688632619439868,0.6189856957087125,partial_bearish,1.9266535690897184,0.9647377740856524,bearish,bearish,True,True,False,False,reversal,True,False,False,False,bearish,moderate,70.14150929175065,12.160714285714286,11.5,16.0,0.9456681350954478,1.315712187958884,0.28125,0.9647377740856524,False,False,False,False,True,2023
324,407853,407854,407880,2023-11-27 14:41:00+00:00,2023-11-27 14:42:00+00:00,2023-11-27 15:08:00+00:00,short,16003.5,16003.75,16003.5,16028.5,15978.5,15953.5,15928.5,15903.5,72.1972685086438,70-79,-72.1972685086438,25.0,False,False,False,False,True,stop,16028.5,16028.75,-25.25,0.0,-25.25,-1.01,19.75,30.25,0.79,1.21,27,26.0,0,2023-11-27,1.4563758389261745,1.608982826948481,1.3500660501981507,partial_bullish,1.3710278432761969,1.3895320761258527,bearish,bearish,True,True,True,True,reversal,True,False,False,False,neutral,none,34.97723757203171,15.964285714285714,0.25,17.0,0.015659955257270694,1.0648769574944073,0.3088235294117647,1.3895320761258527,False,False,False,False,False,2023
325,409226,409227,409286,2023-11-28 14:34:00+00:00,2023-11-28 14:35:00+00:00,2023-11-28 15:34:00+00:00,short,15998.0,15998.0,15997.75,16022.75,15972.75,15947.75,15922.75,15897.75,70.87541252597444,70-79,-70.87541252597444,25.0,True,False,False,False,False,max_holding_time,15988.25,15988.5,9.25,0.0,9.25,0.37,39.5,8.0,1.58,0.32,60,59.0,1,2023-11-28,2.7822410147991543,0.2841328413284132,1.5272727272727271,strong_bullish,2.7655474733850376,1.1237582578908736,bearish,bearish,True,False,False,False,reversal,True,False,False,False,bearish,weak,40.628437716453604,8.446428571428571,2.25,13.75,0.266384778012685,1.627906976744186,0.32727272727272727,1.1237582578908736,False,False,False,False,False,2023
326,412012,412013,412028,2023-11-30 15:00:00+00:00,2023-11-30 15:01:00+00:00,2023-11-30 15:16:00+00:00,short,15956.25,15955.75,15955.5,15980.5,15930.5,15905.5,15880.5,15855.5,73.59471224679797,70-79,-51.59471224679797,25.0,True,False,False,False,True,stop,15980.5,15980.75,-25.25,0.0,-25.25,-1.01,36.75,36.5,1.47,1.46,16,15.0,1,2023-11-30,1.1305518169582771,2.765564950038432,4.016058394160583,strong_bearish,1.560451028881276,1.243390308497465,bearish,bearish,True,True,True,False,reversal,True,True,False,True,bearish,strong,88.28926872331643,13.267857142857142,20.0,29.0,1.5074024226110363,2.185733512786003,0.21551724137931033,1.2433903084974647,True,True,True,False,False,2023
327,413367,413368,413369,2023-12-01 14:35:00+00:00,2023-12-01 14:36:00+00:00,2023-12-01 14:37:00+00:00,short,15882.25,15882.0,15881.75,15906.75,15856.75,15831.75,15806.75,15781.75,72.3874883574093,70-79,-46.387488357409296,25.0,False,False,False,False,True,stop,15906.75,15907.0,-25.25,0.0,-25.25,-1.01,0.5,27.25,0.02,1.09,2,1.0,0,2023-12-01,3.5522388059701493,3.170860927152318,0.0167664670658682,partial_bearish,2.737645608873693,1.2190847127555988,bearish,bearish,True,True,False,False,reversal,True,False,False,False,bearish,strong,86.56240297841083,10.767857142857142,10.5,17.75,0.9751243781094527,1.648424543946932,0.38028169014084506,1.2190847127555988,True,False,False,False,True,2023
328,413382,413383,413392,2023-12-01 14:50:00+00:00,2023-12-01 14:51:00+00:00,2023-12-01 15:00:00+00:00,short,15912.5,15912.5,15912.25,15937.25,15887.25,15862.25,15837.25,15812.25,88.15384615384616,80-89,-76.15384615384616,25.0,False,False,False,False,True,stop,15937.25,15937.5,-25.25,0.0,-25.25,-1.01,7.5,28.75,0.3,1.15,10,9.0,0,2023-12-01,2.0,0.0817916260954235,0.4804575786463298,partial_bearish,1.17960492875046,1.785406359017894,bearish,bearish,True,True,True,False,reversal,True,True,False,True,bearish,strong,84.61538461538461,13.0,12.0,18.5,0.9230769230769231,1.4230769230769231,0.0945945945945946,1.785406359017894,True,True,True,False,False,2023
329,416124,416125,416128,2023-12-05 14:32:00+00:00,2023-12-05 14:33:00+00:00,2023-12-05 14:36:00+00:00,short,15805.0,15804.75,15804.5,15829.5,15779.5,15754.5,15729.5,15704.5,78.0,70-79,-57.871868951517726,25.0,False,False,False,False,True,stop,15829.5,15829.75,-25.25,0.0,-25.25,-1.01,17.5,26.0,0.7,1.04,4,3.0,0,2023-12-05,2.2548672566371684,0.9320652173913044,0.408673894912427,partial_bearish,3.797268907563025,0.910163810602842,bearish,bearish,True,True,True,False,reversal,True,False,True,True,bullish,weak,59.401092070685614,10.089285714285714,12.5,23.25,1.2389380530973453,2.3044247787610623,0.9354838709677419,0.9101638106028419,False,False,False,False,False,2023
330,416152,416153,416179,2023-12-05 15:00:00+00:00,2023-12-05 15:01:00+00:00,2023-12-05 15:27:00+00:00,long,15894.5,15894.75,15895.0,15870.0,15920.0,15945.0,15970.0,15995.0,80.4,80-89,44.400000000000006,25.0,True,False,False,False,True,stop,15870.0,15869.75,-25.25,0.0,-25.25,-1.01,41.75,26.0,1.67,1.04,27,26.0,1,2023-12-05,2.2222222222222223,2.890688259109312,1.696969696969697,strong_bullish,2.720379271055699,1.8731063338623573,bullish,bullish,False,True,True,False,continuation,True,True,False,True,bullish,strong,86.66666666666666,14.625,40.5,47.0,2.769230769230769,3.213675213675214,0.9414893617021277,1.8731063338623575,True,False,False,True,False,2023
331,416180,416181,416240,2023-12-05 15:28:00+00:00,2023-12-05 15:29:00+00:00,2023-12-05 16:28:00+00:00,long,15877.25,15877.25,15877.5,15852.5,15902.5,15927.5,15952.5,15977.5,73.51505347917943,70-79,55.51505347917943,25.0,True,True,True,False,False,max_holding_time,15886.5,15886.25,8.75,0.0,8.75,0.35,84.25,19.75,3.37,0.79,60,59.0,3,2023-12-05,2.7454545454545456,1.998843930635838,3.3391506689936006,partial_bullish,0.8733245118736174,1.4983623035197475,bullish,bullish,False,True,True,False,continuation,True,False,False,False,bullish,weak,45.95877899316196,13.75,6.75,13.0,0.4909090909090909,0.9454545454545454,0.9038461538461539,1.4983623035197475,False,False,False,False,False,2023
332,417560,417561,417620,2023-12-06 15:28:00+00:00,2023-12-06 15:29:00+00:00,2023-12-06 16:28:00+00:00,long,15901.5,15901.5,15901.75,15876.75,15926.75,15951.75,15976.75,16001.75,73.50967741935484,70-79,65.50967741935484,25.0,True,False,False,False,False,max_holding_time,15919.0,15918.75,17.0,0.0,17.0,0.68,48.0,10.0,1.92,0.4,60,59.0,1,2023-12-06,0.7741935483870968,1.79570516540917,1.9486850545221293,strong_bearish,0.987975592246949,1.616591722492429,bullish,bullish,True,False,False,False,reversal,True,False,False,False,bullish,moderate,62.58064516129031,15.5,9.75,18.75,0.6290322580645161,1.2096774193548387,0.9333333333333333,1.616591722492429,False,False,False,False,False,2023
333,418884,418885,418899,2023-12-07 14:32:00+00:00,2023-12-07 14:33:00+00:00,2023-12-07 14:47:00+00:00,long,15950.0,15950.0,15950.25,15925.25,15975.25,16000.25,16025.25,16050.25,85.6,80-89,39.6,25.0,True,False,False,False,True,stop,15925.25,15925.0,-25.25,0.0,-25.25,-1.01,31.75,30.75,1.27,1.23,15,14.0,1,2023-12-07,1.8022988505747128,1.74,4.424870466321243,strong_bullish,6.097332966730822,1.726954855892408,neutral,bullish,True,True,True,False,reversal,True,True,False,True,bullish,strong,96.66666666666666,7.767857142857143,13.5,18.0,1.7379310344827585,2.3172413793103446,0.7916666666666666,1.726954855892408,True,False,False,False,True,2023
334,420292,420293,420299,2023-12-08 15:00:00+00:00,2023-12-08 15:01:00+00:00,2023-12-08 15:07:00+00:00,short,16031.5,16031.75,16031.5,16056.5,16006.5,15981.5,15956.5,15931.5,78.0,70-79,-67.7864077669903,25.0,False,False,False,False,True,stop,16056.5,16056.75,-25.25,0.0,-25.25,-1.01,21.5,41.5,0.86,1.66,7,6.0,0,2023-12-08,2.192224622030238,1.2222222222222223,0.753208292201382,strong_bullish,2.531909477690639,1.925125804132643,bearish,bearish,True,False,True,False,reversal,True,False,False,False,bullish,strong,93.44660194174757,16.535714285714285,33.0,51.5,1.9956803455723544,3.1144708423326137,0.6407766990291263,1.9251258041326427,False,False,False,False,False,2023
335,420318,420319,420378,2023-12-08 15:26:00+00:00,2023-12-08 15:27:00+00:00,2023-12-08 16:26:00+00:00,short,16092.0,16092.25,16092.0,16115.25,16067.0,16042.0,16017.0,15992.0,77.25629557460462,70-79,-77.25629557460462,23.25,True,True,False,False,False,max_holding_time,16055.0,16055.25,36.75,0.0,36.75,1.5806451612903225,71.75,20.0,3.086021505376344,0.8602150537634409,60,59.0,2,2023-12-08,0.4188034188034187,3.596330275229358,2.8301724137931035,partial_bullish,0.8948678310254471,1.1188025166888271,bearish,bearish,True,False,True,False,reversal,True,False,False,False,bearish,weak,43.802463121705195,12.535714285714286,4.0,11.25,0.3190883190883191,0.8974358974358974,0.5555555555555556,1.1188025166888271,True,True,True,False,True,2023
336,423023,423024,423048,2023-12-12 14:31:00+00:00,2023-12-12 14:32:00+00:00,2023-12-12 14:56:00+00:00,short,16427.75,16427.75,16427.5,16452.5,16402.5,16377.5,16352.5,16327.5,71.43669209606486,70-79,-53.43669209606486,25.0,True,False,False,False,True,stop,16452.5,16452.75,-25.25,0.0,-25.25,-1.01,31.0,28.0,1.24,1.12,25,24.0,1,2023-12-12,2.8624535315985127,0.5192727272727273,2.16260162601626,strong_bearish,6.601048340128131,0.7586903988914847,bearish,bearish,True,True,False,False,reversal,True,True,False,True,bearish,strong,78.6391008005405,9.607142857142858,9.75,23.75,1.0148698884758365,2.4721189591078065,0.2,0.7586903988914847,True,False,False,False,False,2023
337,425809,425810,425850,2023-12-14 14:57:00+00:00,2023-12-14 14:58:00+00:00,2023-12-14 15:38:00+00:00,short,16867.0,16867.25,16867.0,16892.0,16842.0,16817.0,16792.0,16767.0,71.14649499284693,70-79,-71.14649499284693,25.0,True,True,True,True,False,tp4,16767.0,16767.25,99.75,0.0,99.75,3.99,100.0,1.75,4.0,0.07,41,40.0,4,2023-12-14,1.742489270386266,1.6612209802235598,0.9670682730923694,strong_bullish,1.347035611992772,2.115035707392395,bearish,bearish,True,True,False,False,reversal,True,False,False,False,bearish,weak,42.88745827372437,12.482142857142858,3.25,12.75,0.2603719599427754,1.0214592274678111,0.19607843137254902,2.115035707392395,False,False,False,False,False,2023
338,427207,427208,427267,2023-12-15 15:15:00+00:00,2023-12-15 15:16:00+00:00,2023-12-15 16:15:00+00:00,long,16847.0,16846.5,16846.75,16821.75,16871.75,16896.75,16921.75,16946.75,70.1021332512357,70-79,44.1021332512357,25.0,True,False,False,False,False,max_holding_time,16854.75,16854.5,7.75,0.0,7.75,0.31,30.0,11.5,1.2,0.46,60,59.0,1,2023-12-15,2.040752351097179,1.2635046113306982,1.935483870967742,strong_bullish,1.5406396340799362,1.1292339621637442,bullish,bullish,True,True,False,True,reversal,True,False,False,False,bullish,moderate,67.51777709363083,11.392857142857142,6.25,16.25,0.54858934169279,1.426332288401254,0.9076923076923077,1.1292339621637442,True,False,False,False,False,2023
339,431307,431308,431367,2023-12-20 14:35:00+00:00,2023-12-20 14:36:00+00:00,2023-12-20 15:35:00+00:00,long,16992.25,16992.75,16993.0,16968.75,17018.0,17043.0,17068.0,17093.0,78.69933422450963,70-79,78.69933422450963,24.25,True,True,True,False,False,max_holding_time,17060.25,17060.0,67.0,0.0,67.0,2.7628865979381443,80.5,3.0,3.31958762886598,0.1237113402061855,60,59.0,3,2023-12-20,1.2108108108108109,1.548235294117647,0.6858108108108109,strong_bullish,2.796833773087071,0.7511948076640538,bullish,bullish,True,False,True,False,reversal,True,False,False,False,neutral,none,39.16111853758018,6.607142857142857,0.75,7.0,0.11351351351351352,1.0594594594594595,0.2857142857142857,0.7511948076640538,True,False,False,False,False,2023
340,432682,432683,432685,2023-12-21 14:30:00+00:00,2023-12-21 14:31:00+00:00,2023-12-21 14:33:00+00:00,long,16945.5,16945.25,16945.5,16920.5,16970.5,16995.5,17020.5,17045.5,73.79118030143275,70-79,68.79118030143275,25.0,False,False,False,False,True,stop,16920.5,16920.25,-25.25,0.0,-25.25,-1.01,13.25,27.0,0.53,1.08,3,2.0,0,2023-12-21,3.5244755244755246,0.5522935779816514,2.032450896669513,partial_bullish,12.84134739007457,1.2389753767909195,bullish,neutral,True,True,True,False,reversal,True,True,False,True,bullish,strong,81.59316917860615,7.660714285714286,23.25,34.5,3.034965034965035,4.503496503496503,0.9927536231884058,1.2389753767909197,True,True,True,False,False,2023
341,432688,432689,432716,2023-12-21 14:36:00+00:00,2023-12-21 14:37:00+00:00,2023-12-21 15:04:00+00:00,long,16908.75,16908.75,16909.0,16884.0,16934.0,16959.0,16984.0,17009.0,78.0,70-79,47.12461497232962,25.0,True,False,False,False,True,stop,16884.0,16883.75,-25.25,0.0,-25.25,-1.01,29.75,25.5,1.19,1.02,28,27.0,1,2023-12-21,2.8073394495412844,0.1908580593424218,2.032450896669513,partial_bearish,2.1814374107567827,1.018543211193486,bullish,bullish,True,True,True,False,reversal,True,False,True,True,bearish,moderate,73.9615418972532,13.625,17.75,22.75,1.3027522935779816,1.6697247706422018,0.10989010989010989,1.018543211193486,False,False,False,False,False,2023
342,432722,432723,432782,2023-12-21 15:10:00+00:00,2023-12-21 15:11:00+00:00,2023-12-21 16:10:00+00:00,long,16866.5,16866.25,16866.5,16841.5,16891.5,16916.5,16941.5,16966.5,73.8546329723225,70-79,73.8546329723225,25.0,True,True,False,False,False,max_holding_time,16874.5,16874.25,7.75,0.0,7.75,0.31,67.0,12.75,2.68,0.51,60,59.0,2,2023-12-21,0.6401925391095067,3.411589895988113,2.25496915695682,strong_bearish,1.2387090758633552,1.6076722938222303,bullish,bullish,True,True,False,False,reversal,True,True,False,True,bullish,moderate,65.45527476935419,14.839285714285714,16.75,19.75,1.1287605294825511,1.3309265944645006,0.8607594936708861,1.6076722938222303,False,False,False,False,False,2023
343,434076,434077,434093,2023-12-22 14:44:00+00:00,2023-12-22 14:45:00+00:00,2023-12-22 15:01:00+00:00,long,17032.75,17032.5,17032.75,17007.75,17057.75,17082.75,17107.75,17132.75,72.70652173913044,70-79,46.70652173913044,25.0,False,False,False,False,True,stop,17007.75,17007.5,-25.25,0.0,-25.25,-1.01,8.5,26.5,0.34,1.06,17,16.0,0,2023-12-22,2.0543478260869565,0.3085399449035812,2.663716814159292,strong_bullish,1.8350527688841456,1.7464168829703193,bullish,bullish,True,True,False,False,reversal,True,True,False,True,bullish,strong,89.22101449275362,13.142857142857142,11.0,13.5,0.8369565217391305,1.0271739130434783,0.8333333333333334,1.7464168829703193,True,False,False,False,True,2023
344,438237,438238,438268,2023-12-28 15:05:00+00:00,2023-12-28 15:06:00+00:00,2023-12-28 15:36:00+00:00,short,17110.5,17110.75,17110.5,17135.5,17085.5,17060.5,17035.5,17010.5,84.16741882223445,80-89,-84.16741882223445,25.0,False,False,False,False,True,stop,17135.5,17135.75,-25.25,0.0,-25.25,-1.01,7.75,25.0,0.31,1.0,31,30.0,0,2023-12-28,1.4177215189873418,0.9531914893617022,3.130434782608696,strong_bearish,4.390172820796782,1.61778446007625,bearish,bearish,True,True,True,True,reversal,True,False,False,False,bearish,strong,84.7284901852871,7.053571428571429,7.0,11.5,0.9924050632911392,1.630379746835443,0.391304347826087,1.6177844600762499,True,True,True,False,True,2023
1,930,931,931,2023-10-02 13:30:00+00:00,2023-10-02 13:31:00+00:00,2023-10-02 13:31:00+00:00,short,14854.0,14854.25,14854.0,14879.0,14829.0,14804.0,14779.0,14754.0,87.75908618899273,80-89,-84.75908618899273,25.0,False,False,False,False,True,stop,14879.0,14879.25,-25.25,0.0,-25.25,-1.01,1.75,30.25,0.07,1.21,1,0.0,0,2023-10-02,1.418103448275862,2.497863247863248,0.3050847457627119,partial_bullish,8.476050671451096,,bearish,bearish,True,False,True,False,reversal,True,False,False,False,bearish,strong,81.3257182416061,8.285714285714286,20.0,26.75,2.413793103448276,3.2284482758620685,0.2523364485981308,,True,True,True,False,False,2024
2,932,933,935,2023-10-02 13:32:00+00:00,2023-10-02 13:33:00+00:00,2023-10-02 13:35:00+00:00,short,14884.0,14884.0,14883.75,14908.75,14858.75,14833.75,14808.75,14783.75,70.0,70-79,-28.562606626395755,25.0,False,False,False,False,True,stop,14908.75,14909.0,-25.25,0.0,-25.25,-1.01,2.75,34.75,0.11,1.39,3,2.0,0,2023-10-02,1.014827018121911,2.497863247863248,0.3050847457627119,strong_bullish,3.40750315452559,,bearish,bearish,True,False,True,False,reversal,True,False,False,False,bullish,moderate,61.978278113368724,10.839285714285714,3.5,12.5,0.32289950576606263,1.1532125205930808,0.62,,False,False,False,False,False,2024
3,936,937,939,2023-10-02 13:36:00+00:00,2023-10-02 13:37:00+00:00,2023-10-02 13:39:00+00:00,short,14923.5,14923.75,14923.5,14948.5,14898.5,14873.5,14848.5,14823.5,80.0,80-89,-26.54774774774775,25.0,False,False,False,False,True,stop,14948.5,14948.75,-25.25,0.0,-25.25,-1.01,9.25,33.5,0.37,1.34,3,2.0,0,2023-10-02,3.235135135135135,3.972451790633608,0.3050847457627119,strong_bullish,1.8760015261350629,,bearish,bearish,True,False,True,False,reversal,True,False,False,False,bullish,strong,78.76876876876878,13.214285714285714,6.75,9.75,0.5108108108108108,0.7378378378378379,0.9487179487179487,,False,False,False,False,False,2024
4,946,947,960,2023-10-02 13:46:00+00:00,2023-10-02 13:47:00+00:00,2023-10-02 14:00:00+00:00,short,14931.25,14931.25,14931.0,14956.0,14906.0,14881.0,14856.0,14831.0,72.71421188630491,70-79,-52.71421188630491,25.0,True,False,False,False,True,stop,14956.0,14956.25,-25.25,0.0,-25.25,-1.01,26.75,33.0,1.07,1.32,14,13.0,1,2023-10-02,0.6674418604651162,4.329787234042553,3.32367758186398,partial_bullish,1.0778244527968164,,bearish,bearish,True,True,True,False,reversal,True,True,False,True,bearish,moderate,72.61843238587426,15.357142857142858,15.25,19.0,0.9930232558139535,1.2372093023255815,0.013157894736842105,,True,True,True,False,False,2024
5,3690,3691,3728,2023-10-04 13:30:00+00:00,2023-10-04 13:31:00+00:00,2023-10-04 14:08:00+00:00,long,14774.5,14774.75,14775.0,14751.25,14800.0,14825.0,14850.0,14875.0,83.77777777777779,80-89,79.77777777777779,23.75,True,True,False,False,True,stop,14751.25,14751.0,-24.0,0.0,-24.0,-1.0105263157894735,59.5,34.5,2.5052631578947366,1.4526315789473685,38,37.0,2,2023-10-04,2.23728813559322,1.370411568409344,0.2768361581920904,partial_bullish,10.049597423510466,,bullish,bullish,True,True,True,False,reversal,True,True,False,True,bullish,strong,81.4814814814815,7.375,21.25,29.25,2.8813559322033897,3.9661016949152543,0.905982905982906,,True,True,True,False,False,2024
6,3733,3734,3736,2023-10-04 14:13:00+00:00,2023-10-04 14:14:00+00:00,2023-10-04 14:16:00+00:00,long,14786.0,14786.5,14786.75,14761.75,14811.75,14836.75,14861.75,14886.75,76.14918961140403,70-79,66.14918961140403,25.0,False,False,False,False,True,stop,14761.75,14761.5,-25.25,0.0,-25.25,-1.01,4.25,28.5,0.17,1.14,3,2.0,0,2023-10-04,2.12829525483304,1.655006031363088,0.2370289459311851,partial_bullish,1.2377548182408142,,bullish,bullish,True,False,True,False,reversal,True,False,False,False,bullish,moderate,67.90991342836685,20.321428571428573,11.5,16.25,0.5659050966608083,0.7996485061511422,0.7692307692307693,,True,True,True,False,True,2024
7,5079,5080,5105,2023-10-05 13:39:00+00:00,2023-10-05 13:40:00+00:00,2023-10-05 14:05:00+00:00,short,14882.0,14882.5,14882.25,14907.25,14857.25,14832.25,14807.25,14782.25,84.51966950302133,80-89,-72.51966950302133,25.0,True,True,True,True,False,tp4,14782.25,14782.5,99.75,0.0,99.75,3.99,108.5,1.25,4.34,0.05,26,25.0,4,2023-10-05,2.0510543840177577,0.7789634146341464,0.6431980906921242,partial_bearish,2.089083323480229,,bearish,bearish,True,True,True,True,reversal,True,True,False,True,bearish,strong,87.66391252517779,16.089285714285715,15.5,16.5,0.9633740288568257,1.0255271920088789,0.0,,True,True,True,False,True,2024
8,5129,5130,5189,2023-10-05 14:29:00+00:00,2023-10-05 14:30:00+00:00,2023-10-05 15:29:00+00:00,short,14799.75,14800.25,14800.0,14825.0,14775.0,14750.0,14725.0,14700.0,74.0,70-79,-69.0,25.0,True,True,True,False,False,max_holding_time,14755.75,14756.0,44.0,0.0,44.0,1.76,84.0,3.5,3.36,0.14,60,59.0,3,2023-10-05,2.32033426183844,2.1864801864801864,2.6775956284153004,partial_bearish,0.6853226727584237,,bearish,bearish,True,True,True,False,reversal,True,False,False,False,neutral,none,0.0,12.821428571428571,0.0,5.25,0.0,0.4094707520891365,0.7142857142857143,,False,False,False,False,False,2024
9,6452,6453,6504,2023-10-06 13:32:00+00:00,2023-10-06 13:33:00+00:00,2023-10-06 14:24:00+00:00,short,14796.75,14796.75,14796.5,14821.5,14771.5,14746.5,14721.5,14696.5,76.0,70-79,-35.920451629458555,25.0,True,True,True,False,True,stop,14821.5,14821.75,-25.25,0.0,-25.25,-1.01,94.5,28.25,3.78,1.13,52,51.0,3,2023-10-06,3.540415704387991,1.2554186145346364,3.6022005924672027,partial_bullish,2.1515580090332587,,bearish,bearish,True,True,False,False,reversal,True,False,False,False,bullish,strong,83.9962364211787,15.464285714285714,11.0,21.25,0.7113163972286375,1.374133949191686,0.9647058823529412,,False,False,False,False,False,2024
10,10601,10602,10610,2023-10-11 13:41:00+00:00,2023-10-11 13:42:00+00:00,2023-10-11 13:50:00+00:00,long,15360.0,15359.75,15360.0,15335.0,15385.0,15410.0,15435.0,15460.0,72.0,70-79,47.26561192555435,25.0,False,False,False,False,True,stop,15335.0,15334.75,-25.25,0.0,-25.25,-1.01,0.0,28.0,0.0,1.12,9,8.0,0,2023-10-11,0.963226571767497,2.3481717011128773,0.2597402597402597,partial_bearish,1.2623568178252,1.0982935153583615,bullish,bullish,True,False,True,False,reversal,True,False,False,False,neutral,none,39.45323395371371,15.053571428571429,9.5,22.5,0.631079478054567,1.4946619217081851,0.5555555555555556,1.0982935153583617,False,False,False,False,False,2024
11,10644,10645,10650,2023-10-11 14:24:00+00:00,2023-10-11 14:25:00+00:00,2023-10-11 14:30:00+00:00,long,15328.75,15328.5,15328.75,15305.75,15353.75,15378.75,15403.75,15428.75,71.49626926666042,70-79,51.49626926666042,23.0,False,False,False,False,True,stop,15305.75,15305.5,-23.25,0.0,-23.25,-1.0108695652173914,3.25,28.5,0.1413043478260869,1.2391304347826086,6,5.0,0,2023-10-11,1.55810147299509,0.996214988644966,1.19859649122807,partial_bearish,0.9634646570638176,0.55771759137523,bullish,bullish,True,True,True,True,reversal,True,False,False,False,neutral,none,29.135577222170188,10.910714285714286,3.5,12.25,0.32078559738134205,1.1227495908346972,0.5918367346938775,0.55771759137523,False,False,False,False,False,2024
12,11976,11977,12008,2023-10-12 13:36:00+00:00,2023-10-12 13:37:00+00:00,2023-10-12 14:08:00+00:00,short,15403.0,15403.25,15403.0,15428.0,15378.0,15353.0,15328.0,15303.0,71.56747252747253,70-79,-71.56747252747253,25.0,True,False,False,False,True,stop,15428.0,15428.25,-25.25,0.0,-25.25,-1.01,37.5,26.0,1.5,1.04,32,31.0,1,2023-10-12,1.3333333333333333,0.2048192771084337,2.161579892280072,partial_bullish,3.0406019864125104,1.5526519462781698,bearish,bearish,True,True,False,False,reversal,True,False,False,False,bearish,weak,46.3956043956044,13.125,5.25,19.5,0.4,1.4857142857142858,0.3076923076923077,1.5526519462781698,False,False,False,False,False,2024
13,12016,12017,12027,2023-10-12 14:16:00+00:00,2023-10-12 14:17:00+00:00,2023-10-12 14:27:00+00:00,short,15423.5,15423.0,15422.75,15447.75,15397.75,15372.75,15347.75,15322.75,75.8,70-79,-75.8,25.0,False,False,False,False,True,stop,15447.75,15448.0,-25.25,0.0,-25.25,-1.01,5.5,38.25,0.22,1.53,11,10.0,0,2023-10-12,1.9130434782608696,3.4236760124610592,1.985203452527744,partial_bullish,1.7343378902032978,1.719129283883867,bearish,neutral,True,True,False,False,reversal,True,True,False,True,bearish,strong,81.66666666666666,14.375,17.75,23.25,1.2347826086956522,1.617391304347826,0.1935483870967742,1.719129283883867,False,False,False,False,True,2024
14,13357,13358,13387,2023-10-13 13:37:00+00:00,2023-10-13 13:38:00+00:00,2023-10-13 14:07:00+00:00,long,15317.0,15317.25,15317.5,15292.5,15342.5,15367.5,15392.5,15417.5,73.83892736447078,70-79,31.838927364470777,25.0,True,False,False,False,True,stop,15292.5,15292.25,-25.25,0.0,-25.25,-1.01,45.0,31.75,1.8,1.27,30,29.0,1,2023-10-13,1.9001280409731116,0.5011547344110855,3.8013964313421256,partial_bearish,1.8709541971377583,1.03521490341178,neutral,bullish,True,True,True,False,reversal,True,True,False,True,bullish,weak,48.65772803725652,13.946428571428571,11.5,13.5,0.8245838668373879,0.9679897567221512,0.9259259259259259,1.03521490341178,False,False,False,False,False,2024
15,14735,14736,14742,2023-10-16 13:35:00+00:00,2023-10-16 13:36:00+00:00,2023-10-16 13:42:00+00:00,long,15244.0,15244.0,15244.25,15219.25,15269.25,15294.25,15319.25,15344.25,73.94712036689666,70-79,51.947120366896655,25.0,False,False,False,False,True,stop,15219.25,15219.0,-25.25,0.0,-25.25,-1.01,15.75,30.0,0.63,1.2,7,6.0,0,2023-10-16,5.729166666666667,3.899122807017544,2.2056384742951907,strong_bullish,2.399986888899815,1.1943171252874876,bullish,bullish,True,True,True,False,reversal,True,True,False,True,bullish,strong,91.22600305747214,12.0,11.5,14.75,0.9583333333333334,1.2291666666666667,0.9322033898305084,1.1943171252874876,True,False,False,False,True,2024
16,14759,14760,14819,2023-10-16 13:59:00+00:00,2023-10-16 14:00:00+00:00,2023-10-16 14:59:00+00:00,long,15227.0,15227.0,15227.25,15202.25,15252.25,15277.25,15302.25,15327.25,83.57067938021454,80-89,79.57067938021454,25.0,True,True,True,False,False,max_holding_time,15308.25,15308.0,80.75,0.0,80.75,3.23,98.0,18.25,3.92,0.73,60,59.0,3,2023-10-16,1.8855780691299164,1.053763440860215,2.53840830449827,strong_bullish,1.2297508036026863,1.8885630498533723,bullish,bullish,True,True,True,False,reversal,True,True,False,True,bullish,strong,79.75566150178784,14.982142857142858,14.0,18.75,0.934445768772348,1.2514898688915375,0.88,1.8885630498533725,True,False,False,True,False,2024
17,16139,16140,16146,2023-10-17 13:59:00+00:00,2023-10-17 14:00:00+00:00,2023-10-17 14:06:00+00:00,short,15079.0,15079.25,15079.0,15104.0,15054.0,15029.0,15004.0,14979.0,86.50659879381195,80-89,-79.50659879381195,25.0,False,False,False,False,True,stop,15104.0,15104.25,-25.25,0.0,-25.25,-1.01,7.5,29.5,0.3,1.18,7,6.0,0,2023-10-17,1.1870324189526185,3.480225988700565,4.816559600285511,partial_bearish,0.6749118362886802,1.0241462478758976,bearish,bearish,True,True,True,False,reversal,True,False,False,False,neutral,none,37.554989948432834,14.321428571428571,5.25,9.0,0.36658354114713215,0.628428927680798,0.027777777777777776,1.0241462478758976,False,False,False,False,False,2024
18,17496,17497,17539,2023-10-18 13:36:00+00:00,2023-10-18 13:37:00+00:00,2023-10-18 14:19:00+00:00,short,15171.25,15171.5,15171.25,15196.25,15146.25,15121.25,15096.25,15071.25,70.00255276587296,70-79,-38.00255276587296,25.0,True,False,False,False,True,stop,15196.25,15196.5,-25.25,0.0,-25.25,-1.01,49.75,35.0,1.99,1.4,43,42.0,1,2023-10-18,2.9013732833957557,3.086729362591431,1.7353215284249768,partial_bullish,2.7757949905147745,1.4501322806870196,bearish,bearish,False,True,False,False,continuation,True,True,False,True,bearish,moderate,66.68793971560801,14.303571428571429,13.75,20.5,0.9612983770287141,1.4332084893882646,0.1951219512195122,1.4501322806870196,False,False,False,False,False,2024
19,17541,17542,17556,2023-10-18 14:21:00+00:00,2023-10-18 14:22:00+00:00,2023-10-18 14:36:00+00:00,short,15209.0,15209.5,15209.25,15234.25,15184.25,15159.25,15134.25,15109.25,70.77389920424403,70-79,-70.77389920424403,25.0,True,True,True,True,False,tp4,15109.25,15109.5,99.75,0.0,99.75,3.99,101.25,13.75,4.05,0.55,15,14.0,4,2023-10-18,2.4459770114942527,1.2593818984547462,1.07958050586058,strong_bullish,1.1916785942549533,1.5680499072136451,bearish,bearish,True,False,False,False,reversal,True,False,False,False,neutral,none,39.78249336870026,15.535714285714286,8.25,13.0,0.5310344827586206,0.8367816091954022,0.34615384615384615,1.5680499072136453,False,False,False,False,False,2024
20,18872,18873,18874,2023-10-19 13:32:00+00:00,2023-10-19 13:33:00+00:00,2023-10-19 13:34:00+00:00,long,15107.5,15107.25,15107.5,15082.5,15132.5,15157.5,15182.5,15207.5,82.84173310386834,80-89,56.841733103868336,25.0,False,False,False,False,True,stop,15082.5,15082.25,-25.25,0.0,-25.25,-1.01,1.75,34.5,0.07,1.38,2,1.0,0,2023-10-19,2.5719237435008666,0.126,2.232994526974198,partial_bullish,4.3795476892822025,1.011871752452408,bullish,bullish,True,True,True,True,reversal,True,True,False,True,bullish,moderate,73.68110919890283,10.303571428571429,11.5,25.5,1.1161178509532061,2.4748700173310225,0.9509803921568627,1.0118717524524081,True,False,False,False,False,2024
21,18875,18876,18877,2023-10-19 13:35:00+00:00,2023-10-19 13:36:00+00:00,2023-10-19 13:37:00+00:00,long,15076.0,15076.0,15076.25,15051.25,15101.25,15126.25,15151.25,15176.25,78.0,70-79,50.287217329108906,25.0,False,False,False,False,True,stop,15051.25,15051.0,-25.25,0.0,-25.25,-1.01,1.25,40.0,0.05,1.6,2,1.0,0,2023-10-19,2.137551581843191,1.29014598540146,2.232994526974198,partial_bearish,2.775434670339129,0.9844182988117044,bullish,bullish,True,True,True,True,reversal,True,False,False,False,bearish,weak,47.606522257425766,12.982142857142858,2.0,11.75,0.15405777166437412,0.9050894085281981,0.46808510638297873,0.9844182988117045,False,False,False,False,False,2024
22,18878,18879,18928,2023-10-19 13:38:00+00:00,2023-10-19 13:39:00+00:00,2023-10-19 14:28:00+00:00,long,15045.5,15045.5,15045.75,15020.75,15070.75,15095.75,15120.75,15145.75,91.5421815332359,90-100,59.54218153323591,25.0,True,True,False,False,True,stop,15020.75,15020.5,-25.25,0.0,-25.25,-1.01,61.25,26.75,2.45,1.07,50,49.0,2,2023-10-19,2.816374269005848,1.29014598540146,2.232994526974198,partial_bearish,1.8490072595554088,1.1449783785331769,bullish,bullish,True,True,True,True,reversal,True,False,False,False,neutral,none,29.518179443632487,15.267857142857142,2.75,10.0,0.18011695906432748,0.6549707602339182,0.65,1.1449783785331769,False,False,False,False,False,2024
23,21633,21634,21649,2023-10-23 13:33:00+00:00,2023-10-23 13:34:00+00:00,2023-10-23 13:49:00+00:00,short,14580.0,14580.5,14580.25,14605.25,14555.25,14530.25,14505.25,14480.25,83.71633899697142,80-89,-59.716338996971416,25.0,True,True,False,False,True,stop,14605.25,14605.5,-25.25,0.0,-25.25,-1.01,66.0,25.0,2.64,1.0,16,15.0,2,2023-10-23,1.7909215955983493,0.981549815498155,0.8671641791044776,partial_bearish,3.8013952418674775,1.14542374621426,bearish,bearish,True,True,True,False,reversal,True,True,False,True,bearish,strong,80.9694916414284,12.982142857142858,19.75,22.75,1.5213204951856947,1.7524071526822558,0.08791208791208792,1.14542374621426,True,True,True,False,False,2024
24,23020,23021,23024,2023-10-24 13:40:00+00:00,2023-10-24 13:41:00+00:00,2023-10-24 13:44:00+00:00,long,14828.75,14829.0,14829.25,14804.25,14854.25,14879.25,14904.25,14929.25,84.22442057659694,80-89,58.22442057659694,25.0,False,False,False,False,True,stop,14804.25,14804.0,-25.25,0.0,-25.25,-1.01,8.0,26.5,0.32,1.06,4,3.0,0,2023-10-24,1.734061930783242,1.6338329764453965,0.5666337611056268,partial_bullish,2.4457370196907893,1.520105638969042,bullish,bullish,True,True,True,False,reversal,True,False,False,False,bullish,strong,85.20350480497456,19.607142857142858,15.75,21.75,0.8032786885245902,1.1092896174863387,0.735632183908046,1.520105638969042,True,False,False,False,True,2024
25,24391,24392,24446,2023-10-25 13:31:00+00:00,2023-10-25 13:32:00+00:00,2023-10-25 14:26:00+00:00,short,14703.5,14703.25,14703.0,14728.0,14678.0,14653.0,14628.0,14603.0,81.6,80-89,-67.6,25.0,True,True,True,True,False,tp4,14603.0,14603.25,99.75,0.0,99.75,3.99,103.0,0.5,4.12,0.02,55,54.0,4,2023-10-25,4.975206611570248,0.8839941262848752,2.51006711409396,strong_bearish,10.774151718175924,1.6052900752369623,bearish,bearish,False,True,True,False,continuation,True,True,False,True,bearish,strong,96.66666666666666,8.642857142857142,23.75,28.0,2.7479338842975207,3.2396694214876036,0.10714285714285714,1.6052900752369623,True,False,False,False,True,2024
26,24447,24448,24450,2023-10-25 14:27:00+00:00,2023-10-25 14:28:00+00:00,2023-10-25 14:30:00+00:00,short,14603.75,14604.0,14603.75,14628.75,14578.75,14553.75,14528.75,14503.75,74.0,70-79,-66.59509803921569,25.0,False,False,False,False,True,stop,14628.75,14629.0,-25.25,0.0,-25.25,-1.01,2.5,25.0,0.1,1.0,3,2.0,0,2023-10-25,1.3382352941176472,0.7394957983193278,4.472222222222222,strong_bearish,2.246007918896576,1.7792781832927818,bearish,bearish,True,True,True,True,reversal,True,False,False,False,neutral,none,28.374183006535947,14.571428571428571,1.75,19.0,0.12009803921568628,1.303921568627451,0.35526315789473684,1.7792781832927818,True,False,False,False,True,2024
27,25782,25783,25787,2023-10-26 13:42:00+00:00,2023-10-26 13:43:00+00:00,2023-10-26 13:47:00+00:00,long,14413.0,14413.0,14413.25,14388.25,14438.25,14463.25,14488.25,14513.25,73.53912650385789,70-79,51.53912650385789,25.0,False,False,False,False,True,stop,14388.25,14388.0,-25.25,0.0,-25.25,-1.01,16.25,35.0,0.65,1.4,5,4.0,0,2023-10-26,0.2920592193808883,1.593103448275862,3.119314436387607,partial_bearish,1.7282899537825347,1.8332480085188296,bullish,bullish,True,True,False,False,reversal,True,False,False,False,bullish,moderate,62.826054198815754,26.535714285714285,21.25,32.75,0.800807537012113,1.2341857335127862,0.7022900763358778,1.8332480085188296,False,False,False,False,False,2024
28,25790,25791,25797,2023-10-26 13:50:00+00:00,2023-10-26 13:51:00+00:00,2023-10-26 13:57:00+00:00,long,14345.75,14345.75,14346.0,14321.0,14371.0,14396.0,14421.0,14446.0,76.0,70-79,37.65598866052445,25.0,False,False,False,False,True,stop,14321.0,14320.75,-25.25,0.0,-25.25,-1.01,17.0,28.25,0.68,1.13,7,6.0,0,2023-10-26,2.738483345145287,1.6282527881040891,1.915131211613624,partial_bearish,1.1439964335248662,1.7376819621079913,bullish,bullish,True,False,False,False,reversal,True,False,False,False,bearish,moderate,69.53342782896291,25.196428571428573,17.5,24.25,0.6945428773919206,0.9624379872430899,0.14432989690721648,1.7376819621079913,False,False,False,False,False,2024
29,25828,25829,25831,2023-10-26 14:28:00+00:00,2023-10-26 14:29:00+00:00,2023-10-26 14:31:00+00:00,long,14330.25,14330.0,14330.25,14305.25,14355.25,14380.25,14405.25,14430.25,98.4,90-100,72.4,25.0,False,False,False,False,True,stop,14305.25,14305.0,-25.25,0.0,-25.25,-1.01,0.0,26.25,0.0,1.05,3,2.0,0,2023-10-26,2.8606403013182677,1.3970401691331924,2.5494018608772704,partial_bearish,2.3064312042691317,2.647051395378204,bullish,bullish,True,True,True,False,reversal,True,True,False,True,bullish,strong,86.66666666666666,18.964285714285715,32.0,37.0,1.687382297551789,1.951035781544256,0.9121621621621622,2.647051395378204,True,True,True,False,False,2024
30,27159,27160,27219,2023-10-27 13:39:00+00:00,2023-10-27 13:40:00+00:00,2023-10-27 14:39:00+00:00,long,14313.75,14313.25,14313.5,14288.5,14338.5,14363.5,14388.5,14413.5,73.0,70-79,69.14370802006238,25.0,True,True,False,False,False,max_holding_time,14302.75,14302.5,-11.0,0.0,-11.0,-0.44,56.75,22.5,2.27,0.9,60,59.0,2,2023-10-27,0.5727272727272728,0.1822916666666666,0.6511627906976745,partial_bearish,1.6921427837246523,1.0703649749220283,bullish,bullish,True,True,True,False,reversal,True,False,True,True,bearish,moderate,65.46909983281353,19.642857142857142,26.25,33.5,1.3363636363636364,1.7054545454545456,0.17164179104477612,1.0703649749220285,False,False,False,False,False,2024
31,29918,29919,29933,2023-10-31 13:38:00+00:00,2023-10-31 13:39:00+00:00,2023-10-31 13:53:00+00:00,long,14338.25,14337.75,14338.0,14313.0,14363.0,14388.0,14413.0,14438.0,70.90295385699201,70-79,70.90295385699201,25.0,False,False,False,False,True,stop,14313.0,14312.75,-25.25,0.0,-25.25,-1.01,18.0,26.75,0.72,1.07,15,14.0,0,2023-10-31,3.060022650056625,1.854054054054054,1.0129198966408268,strong_bearish,1.7225566492897366,1.0517003948892394,bullish,bullish,True,True,False,False,reversal,True,False,False,False,bullish,weak,40.85794880826682,15.767857142857142,6.75,15.5,0.42808607021517553,0.9830124575311439,0.7258064516129032,1.0517003948892394,False,False,False,False,False,2024
32,31326,31327,31386,2023-11-01 14:06:00+00:00,2023-11-01 14:07:00+00:00,2023-11-01 15:06:00+00:00,long,14552.25,14552.75,14553.0,14528.0,14578.0,14603.0,14628.0,14653.0,72.24361370716511,70-79,72.24361370716511,25.0,True,True,True,False,False,max_holding_time,14637.5,14637.25,84.25,0.0,84.25,3.37,96.5,23.0,3.86,0.92,60,59.0,3,2023-11-01,1.0176531671858773,0.7357357357357358,2.121495327102804,partial_bullish,1.955938407342681,1.5301475891617238,bullish,bullish,True,True,False,False,reversal,True,False,False,False,bullish,weak,52.030114226375915,17.196428571428573,10.5,23.25,0.6105919003115264,1.35202492211838,0.8494623655913979,1.5301475891617238,False,False,False,False,False,2024
33,34065,34066,34095,2023-11-03 13:45:00+00:00,2023-11-03 13:46:00+00:00,2023-11-03 14:15:00+00:00,long,15106.75,15106.25,15106.5,15081.5,15131.5,15156.5,15181.5,15206.5,73.8092745326776,70-79,45.809274532677605,25.0,True,True,False,False,True,stop,15081.5,15081.25,-25.25,0.0,-25.25,-1.01,56.75,30.0,2.27,1.2,30,29.0,2,2023-11-03,3.5310519645120406,2.672623883021933,5.04296100462657,strong_bullish,1.796587364687175,1.074013951651823,bullish,bullish,True,True,True,True,reversal,True,True,False,True,bullish,strong,90.07728777231338,14.089285714285714,12.5,18.5,0.8871989860583017,1.3130544993662865,0.8243243243243243,1.074013951651823,True,False,False,False,True,2024
34,34097,34098,34103,2023-11-03 14:17:00+00:00,2023-11-03 14:18:00+00:00,2023-11-03 14:23:00+00:00,long,15110.5,15110.5,15110.75,15085.75,15135.75,15160.75,15185.75,15210.75,80.39625879099222,80-89,80.39625879099222,25.0,False,False,False,False,True,stop,15085.75,15085.5,-25.25,0.0,-25.25,-1.01,6.0,25.0,0.24,1.0,6,5.0,0,2023-11-03,0.8615384615384615,0.7668789808917198,1.4,partial_bullish,0.792896305668593,0.8940414374582284,bullish,bullish,True,True,True,True,reversal,True,False,False,False,bullish,moderate,69.96882325826854,13.928571428571429,6.5,12.25,0.4666666666666667,0.8794871794871795,0.9387755102040817,0.8940414374582284,True,True,True,False,True,2024
35,34104,34105,34106,2023-11-03 14:24:00+00:00,2023-11-03 14:25:00+00:00,2023-11-03 14:26:00+00:00,long,15089.75,15090.0,15090.25,15065.25,15115.25,15140.25,15165.25,15190.25,74.42254928327877,70-79,74.42254928327877,25.0,False,False,False,False,True,stop,15065.25,15065.0,-25.25,0.0,-25.25,-1.01,4.0,30.0,0.16,1.2,2,1.0,0,2023-11-03,1.6111111111111112,0.3297101449275362,1.4,partial_bearish,0.9850638131862008,0.8430014189132793,bullish,bullish,True,True,True,True,reversal,True,False,False,False,neutral,none,20.187910693989764,13.5,0.25,14.75,0.018518518518518517,1.0925925925925926,0.2711864406779661,0.8430014189132793,False,False,False,False,False,2024
36,35482,35483,35542,2023-11-06 15:22:00+00:00,2023-11-06 15:23:00+00:00,2023-11-06 16:22:00+00:00,long,15224.0,15223.75,15224.0,15199.0,15249.0,15274.0,15299.0,15324.0,71.8986279977691,70-79,64.8986279977691,25.0,False,False,False,False,False,max_holding_time,15227.5,15227.25,3.25,0.0,3.25,0.13,22.25,24.0,0.89,0.96,60,59.0,0,2023-11-06,1.1555555555555554,0.1738495252008765,0.9659735349716446,partial_bearish,1.2046891381008356,0.9399516638780444,bullish,bullish,True,True,True,False,reversal,True,True,False,True,bullish,moderate,74.15523331474252,11.25,12.0,13.25,1.0666666666666667,1.1777777777777778,0.9622641509433962,0.9399516638780443,True,True,True,False,False,2024
37,38221,38222,38223,2023-11-08 15:01:00+00:00,2023-11-08 15:02:00+00:00,2023-11-08 15:03:00+00:00,long,15375.0,15375.5,15375.75,15350.75,15400.75,15425.75,15450.75,15475.75,70.0,70-79,38.44081693577903,25.0,False,False,False,False,True,stop,15350.75,15350.5,-25.25,0.0,-25.25,-1.01,0.25,25.0,0.01,1.0,2,1.0,0,2023-11-08,2.926126126126126,1.2934782608695654,1.4095022624434388,partial_bearish,1.553748629202664,1.0575373888347792,bullish,bullish,True,False,True,False,reversal,True,False,True,True,bearish,strong,79.65985886850814,9.910714285714286,10.0,14.0,1.009009009009009,1.4126126126126124,0.03571428571428571,1.0575373888347792,False,False,False,False,False,2024
38,38228,38229,38240,2023-11-08 15:08:00+00:00,2023-11-08 15:09:00+00:00,2023-11-08 15:20:00+00:00,long,15376.25,15376.25,15376.5,15351.5,15401.5,15426.5,15451.5,15476.5,76.22673168971268,70-79,64.22673168971268,25.0,False,False,False,False,True,stop,15351.5,15351.25,-25.25,0.0,-25.25,-1.01,10.5,26.5,0.42,1.06,12,11.0,0,2023-11-08,1.9211678832116788,2.7243947858473,1.4095022624434388,partial_bullish,0.8165858709464866,0.8002029333087354,bullish,bullish,True,False,False,False,reversal,True,False,False,False,bullish,weak,51.88943074760568,12.232142857142858,5.25,11.5,0.4291970802919708,0.9401459854014598,0.8043478260869565,0.8002029333087354,False,False,False,False,False,2024
39,40957,40958,41017,2023-11-10 14:37:00+00:00,2023-11-10 14:38:00+00:00,2023-11-10 15:37:00+00:00,long,15335.75,15336.0,15336.25,15311.25,15361.25,15386.25,15411.25,15436.25,70.56347787410377,70-79,44.56347787410377,25.0,True,True,False,False,False,max_holding_time,15331.75,15331.5,-4.75,0.0,-4.75,-0.19,52.75,14.25,2.11,0.57,60,59.0,2,2023-11-10,1.5348837209302326,0.6845425867507886,2.354228855721393,strong_bullish,3.190671289000945,1.2683008310017956,bullish,bullish,True,True,False,False,reversal,True,False,False,False,bullish,moderate,71.36231561753135,10.75,5.25,19.25,0.4883720930232558,1.7906976744186047,0.8181818181818182,1.2683008310017956,True,False,False,False,False,2024
40,43711,43712,43771,2023-11-14 14:31:00+00:00,2023-11-14 14:32:00+00:00,2023-11-14 15:31:00+00:00,long,15801.75,15801.75,15802.0,15777.0,15827.0,15852.0,15877.0,15902.0,70.0,70-79,26.27419059376369,25.0,True,True,True,False,False,max_holding_time,15890.75,15890.5,88.5,0.0,88.5,3.54,90.0,12.0,3.6,0.48,60,59.0,3,2023-11-14,1.605095541401274,0.0205479452054794,6.6541861674466976,partial_bullish,4.792611527995383,1.1572617577953883,bullish,bullish,True,True,True,False,reversal,True,False,True,True,bearish,strong,81.04841171863593,11.214285714285714,13.75,28.0,1.2261146496815287,2.496815286624204,0.05357142857142857,1.1572617577953885,False,False,False,False,False,2024
41,45091,45092,45106,2023-11-15 14:31:00+00:00,2023-11-15 14:32:00+00:00,2023-11-15 14:46:00+00:00,long,15954.75,15954.5,15954.75,15929.75,15979.75,16004.75,16029.75,16054.75,74.55657434186199,70-79,74.55657434186199,25.0,False,False,False,False,True,stop,15929.75,15929.5,-25.25,0.0,-25.25,-1.01,19.25,25.5,0.77,1.02,15,14.0,0,2023-11-15,0.9485981308411214,0.157439446366782,1.4614220877458397,partial_bearish,4.334767305436058,0.735437553495717,bullish,bullish,True,False,True,False,reversal,True,False,False,False,bullish,weak,46.304786182183285,7.642857142857143,3.25,14.5,0.4252336448598131,1.8971962616822429,0.7758620689655172,0.735437553495717,False,False,False,False,False,2024
42,49254,49255,49314,2023-11-20 14:54:00+00:00,2023-11-20 14:55:00+00:00,2023-11-20 15:54:00+00:00,short,15982.5,15982.0,15981.75,16006.75,15956.75,15931.75,15906.75,15881.75,78.57261644178843,70-79,-67.57261644178843,25.0,True,False,False,False,False,max_holding_time,15981.75,15982.0,-0.25,0.0,-0.25,-0.01,44.25,21.25,1.77,0.85,60,59.0,1,2023-11-20,1.8039927404718692,3.929545454545455,3.3950617283950617,strong_bullish,0.916591346265267,1.042284328840047,neutral,bearish,True,True,True,False,reversal,True,False,False,False,bearish,weak,54.77180368157018,9.839285714285714,7.5,11.0,0.7622504537205083,1.117967332123412,0.29545454545454547,1.042284328840047,False,False,False,False,False,2024
43,50610,50611,50619,2023-11-21 14:30:00+00:00,2023-11-21 14:31:00+00:00,2023-11-21 14:39:00+00:00,short,15994.25,15994.25,15994.0,16015.0,15969.0,15944.0,15919.0,15894.0,73.58044502904747,70-79,-48.58044502904747,21.0,False,False,False,False,True,stop,16015.0,16015.25,-21.25,0.0,-21.25,-1.011904761904762,13.5,27.25,0.6428571428571429,1.2976190476190477,9,8.0,0,2023-11-21,1.9310344827586208,0.9204152249134948,1.5333333333333334,partial_bearish,12.042396451928138,0.975556286309328,neutral,bearish,True,True,True,False,reversal,True,True,False,True,bearish,strong,79.83704190872886,5.696428571428571,18.75,21.0,3.29153605015674,3.6865203761755487,0.0,0.975556286309328,True,False,False,True,False,2024
44,52032,52033,52037,2023-11-22 15:12:00+00:00,2023-11-22 15:13:00+00:00,2023-11-22 15:17:00+00:00,long,16043.75,16043.5,16043.75,16018.75,16068.75,16093.75,16118.75,16143.75,82.32739343445732,80-89,64.32739343445732,25.0,False,False,False,False,True,stop,16018.75,16018.5,-25.25,0.0,-25.25,-1.01,0.25,30.0,0.01,1.2,5,4.0,0,2023-11-22,1.2684031710079275,4.266747133373567,0.4424567680381633,partial_bullish,0.936024490219478,1.4803063457330417,bullish,bullish,True,False,True,False,reversal,True,False,False,False,bullish,strong,86.06161195381107,15.767857142857142,11.5,14.25,0.7293318233295584,0.9037372593431484,0.9649122807017544,1.4803063457330417,True,True,True,False,True,2024
45,52041,52042,52101,2023-11-22 15:21:00+00:00,2023-11-22 15:22:00+00:00,2023-11-22 16:21:00+00:00,long,16044.75,16044.5,16044.75,16019.75,16069.75,16094.75,16119.75,16144.75,83.0,80-89,71.0,25.0,True,True,False,False,False,max_holding_time,16053.0,16052.75,8.0,0.0,8.0,0.32,54.25,17.75,2.17,0.71,60,59.0,2,2023-11-22,1.5,0.836283185840708,0.8961807423345886,partial_bearish,1.3074759027809804,1.5786396413954396,bullish,bullish,True,True,True,False,reversal,True,True,False,True,bullish,strong,75.0,12.5,10.5,12.25,0.84,0.98,0.9387755102040817,1.5786396413954396,True,False,False,False,True,2024
46,54566,54567,54626,2023-11-24 15:26:00+00:00,2023-11-24 15:27:00+00:00,2023-11-24 16:26:00+00:00,short,15995.25,15995.0,15994.75,16016.75,15969.75,15944.75,15919.75,15894.75,70.99096345925712,70-79,-70.99096345925712,22.0,False,False,False,False,False,max_holding_time,16009.0,16009.25,-14.5,0.0,-14.5,-0.6590909090909091,13.0,18.0,0.5909090909090909,0.8181818181818182,60,59.0,0,2023-11-24,2.0622406639004147,1.3241505968778695,2.49601593625498,strong_bearish,1.3852907117658146,0.8258412535319805,bearish,bearish,False,True,True,False,continuation,True,False,False,False,bearish,weak,58.25802882714266,8.607142857142858,5.0,9.75,0.5809128630705394,1.1327800829875518,0.1282051282051282,0.8258412535319805,True,False,False,True,False,2024
47,55676,55677,55703,2023-11-27 14:41:00+00:00,2023-11-27 14:42:00+00:00,2023-11-27 15:08:00+00:00,short,16003.5,16003.75,16003.5,16028.5,15978.5,15953.5,15928.5,15903.5,72.1972685086438,70-79,-72.1972685086438,25.0,False,False,False,False,True,stop,16028.5,16028.75,-25.25,0.0,-25.25,-1.01,19.75,30.25,0.79,1.21,27,26.0,0,2023-11-27,1.4563758389261745,1.608982826948481,1.3500660501981507,partial_bullish,1.3710278432761969,1.3895320761258527,bearish,bearish,True,True,True,True,reversal,True,False,False,False,neutral,none,34.97723757203171,15.964285714285714,0.25,17.0,0.015659955257270694,1.0648769574944073,0.3088235294117647,1.3895320761258527,False,False,False,False,False,2024
48,57049,57050,57109,2023-11-28 14:34:00+00:00,2023-11-28 14:35:00+00:00,2023-11-28 15:34:00+00:00,short,15998.0,15998.0,15997.75,16022.75,15972.75,15947.75,15922.75,15897.75,70.87541252597444,70-79,-70.87541252597444,25.0,True,False,False,False,False,max_holding_time,15988.25,15988.5,9.25,0.0,9.25,0.37,39.5,8.0,1.58,0.32,60,59.0,1,2023-11-28,2.7822410147991543,0.2841328413284132,1.5272727272727271,strong_bullish,2.7655474733850376,1.1237582578908736,bearish,bearish,True,False,False,False,reversal,True,False,False,False,bearish,weak,40.628437716453604,8.446428571428571,2.25,13.75,0.266384778012685,1.627906976744186,0.32727272727272727,1.1237582578908736,False,False,False,False,False,2024
49,59835,59836,59851,2023-11-30 15:00:00+00:00,2023-11-30 15:01:00+00:00,2023-11-30 15:16:00+00:00,short,15956.25,15955.75,15955.5,15980.5,15930.5,15905.5,15880.5,15855.5,73.59471224679797,70-79,-51.59471224679797,25.0,True,False,False,False,True,stop,15980.5,15980.75,-25.25,0.0,-25.25,-1.01,36.75,36.5,1.47,1.46,16,15.0,1,2023-11-30,1.1305518169582771,2.765564950038432,4.016058394160583,strong_bearish,1.560451028881276,1.243390308497465,bearish,bearish,True,True,True,False,reversal,True,True,False,True,bearish,strong,88.28926872331643,13.267857142857142,20.0,29.0,1.5074024226110363,2.185733512786003,0.21551724137931033,1.2433903084974647,True,True,True,False,False,2024
50,61190,61191,61192,2023-12-01 14:35:00+00:00,2023-12-01 14:36:00+00:00,2023-12-01 14:37:00+00:00,short,15882.25,15882.0,15881.75,15906.75,15856.75,15831.75,15806.75,15781.75,72.3874883574093,70-79,-46.387488357409296,25.0,False,False,False,False,True,stop,15906.75,15907.0,-25.25,0.0,-25.25,-1.01,0.5,27.25,0.02,1.09,2,1.0,0,2023-12-01,3.5522388059701493,3.170860927152318,0.0167664670658682,partial_bearish,2.737645608873693,1.2190847127555988,bearish,bearish,True,True,False,False,reversal,True,False,False,False,bearish,strong,86.56240297841083,10.767857142857142,10.5,17.75,0.9751243781094527,1.648424543946932,0.38028169014084506,1.2190847127555988,True,False,False,False,True,2024
51,61205,61206,61215,2023-12-01 14:50:00+00:00,2023-12-01 14:51:00+00:00,2023-12-01 15:00:00+00:00,short,15912.5,15912.5,15912.25,15937.25,15887.25,15862.25,15837.25,15812.25,88.15384615384616,80-89,-76.15384615384616,25.0,False,False,False,False,True,stop,15937.25,15937.5,-25.25,0.0,-25.25,-1.01,7.5,28.75,0.3,1.15,10,9.0,0,2023-12-01,2.0,0.0817916260954235,0.4804575786463298,partial_bearish,1.17960492875046,1.785406359017894,bearish,bearish,True,True,True,False,reversal,True,True,False,True,bearish,strong,84.61538461538461,13.0,12.0,18.5,0.9230769230769231,1.4230769230769231,0.0945945945945946,1.785406359017894,True,True,True,False,False,2024
52,63947,63948,63951,2023-12-05 14:32:00+00:00,2023-12-05 14:33:00+00:00,2023-12-05 14:36:00+00:00,short,15805.0,15804.75,15804.5,15829.5,15779.5,15754.5,15729.5,15704.5,78.0,70-79,-57.871868951517726,25.0,False,False,False,False,True,stop,15829.5,15829.75,-25.25,0.0,-25.25,-1.01,17.5,26.0,0.7,1.04,4,3.0,0,2023-12-05,2.2548672566371684,0.9320652173913044,0.408673894912427,partial_bearish,3.797268907563025,0.910163810602842,bearish,bearish,True,True,True,False,reversal,True,False,True,True,bullish,weak,59.401092070685614,10.089285714285714,12.5,23.25,1.2389380530973453,2.3044247787610623,0.9354838709677419,0.9101638106028419,False,False,False,False,False,2024
53,63975,63976,64002,2023-12-05 15:00:00+00:00,2023-12-05 15:01:00+00:00,2023-12-05 15:27:00+00:00,long,15894.5,15894.75,15895.0,15870.0,15920.0,15945.0,15970.0,15995.0,80.4,80-89,44.400000000000006,25.0,True,False,False,False,True,stop,15870.0,15869.75,-25.25,0.0,-25.25,-1.01,41.75,26.0,1.67,1.04,27,26.0,1,2023-12-05,2.2222222222222223,2.890688259109312,1.696969696969697,strong_bullish,2.720379271055699,1.8731063338623573,bullish,bullish,False,True,True,False,continuation,True,True,False,True,bullish,strong,86.66666666666666,14.625,40.5,47.0,2.769230769230769,3.213675213675214,0.9414893617021277,1.8731063338623575,True,False,False,True,False,2024
54,64003,64004,64063,2023-12-05 15:28:00+00:00,2023-12-05 15:29:00+00:00,2023-12-05 16:28:00+00:00,long,15877.25,15877.25,15877.5,15852.5,15902.5,15927.5,15952.5,15977.5,73.51505347917943,70-79,55.51505347917943,25.0,True,True,True,False,False,max_holding_time,15886.5,15886.25,8.75,0.0,8.75,0.35,84.25,19.75,3.37,0.79,60,59.0,3,2023-12-05,2.7454545454545456,1.998843930635838,3.3391506689936006,partial_bullish,0.8733245118736174,1.4983623035197475,bullish,bullish,False,True,True,False,continuation,True,False,False,False,bullish,weak,45.95877899316196,13.75,6.75,13.0,0.4909090909090909,0.9454545454545454,0.9038461538461539,1.4983623035197475,False,False,False,False,False,2024
55,65383,65384,65443,2023-12-06 15:28:00+00:00,2023-12-06 15:29:00+00:00,2023-12-06 16:28:00+00:00,long,15901.5,15901.5,15901.75,15876.75,15926.75,15951.75,15976.75,16001.75,73.50967741935484,70-79,65.50967741935484,25.0,True,False,False,False,False,max_holding_time,15919.0,15918.75,17.0,0.0,17.0,0.68,48.0,10.0,1.92,0.4,60,59.0,1,2023-12-06,0.7741935483870968,1.79570516540917,1.9486850545221293,strong_bearish,0.987975592246949,1.616591722492429,bullish,bullish,True,False,False,False,reversal,True,False,False,False,bullish,moderate,62.58064516129031,15.5,9.75,18.75,0.6290322580645161,1.2096774193548387,0.9333333333333333,1.616591722492429,False,False,False,False,False,2024
56,66707,66708,66722,2023-12-07 14:32:00+00:00,2023-12-07 14:33:00+00:00,2023-12-07 14:47:00+00:00,long,15950.0,15950.0,15950.25,15925.25,15975.25,16000.25,16025.25,16050.25,85.6,80-89,39.6,25.0,True,False,False,False,True,stop,15925.25,15925.0,-25.25,0.0,-25.25,-1.01,31.75,30.75,1.27,1.23,15,14.0,1,2023-12-07,1.8022988505747128,1.74,4.424870466321243,strong_bullish,6.097332966730822,1.726954855892408,neutral,bullish,True,True,True,False,reversal,True,True,False,True,bullish,strong,96.66666666666666,7.767857142857143,13.5,18.0,1.7379310344827585,2.3172413793103446,0.7916666666666666,1.726954855892408,True,False,False,False,True,2024
57,68115,68116,68122,2023-12-08 15:00:00+00:00,2023-12-08 15:01:00+00:00,2023-12-08 15:07:00+00:00,short,16031.5,16031.75,16031.5,16056.5,16006.5,15981.5,15956.5,15931.5,78.0,70-79,-67.7864077669903,25.0,False,False,False,False,True,stop,16056.5,16056.75,-25.25,0.0,-25.25,-1.01,21.5,41.5,0.86,1.66,7,6.0,0,2023-12-08,2.192224622030238,1.2222222222222223,0.753208292201382,strong_bullish,2.531909477690639,1.925125804132643,bearish,bearish,True,False,True,False,reversal,True,False,False,False,bullish,strong,93.44660194174757,16.535714285714285,33.0,51.5,1.9956803455723544,3.1144708423326137,0.6407766990291263,1.9251258041326427,False,False,False,False,False,2024
58,68141,68142,68201,2023-12-08 15:26:00+00:00,2023-12-08 15:27:00+00:00,2023-12-08 16:26:00+00:00,short,16092.0,16092.25,16092.0,16115.25,16067.0,16042.0,16017.0,15992.0,77.25629557460462,70-79,-77.25629557460462,23.25,True,True,False,False,False,max_holding_time,16055.0,16055.25,36.75,0.0,36.75,1.5806451612903225,71.75,20.0,3.086021505376344,0.8602150537634409,60,59.0,2,2023-12-08,0.4188034188034187,3.596330275229358,2.8301724137931035,partial_bullish,0.8948678310254471,1.1188025166888271,bearish,bearish,True,False,True,False,reversal,True,False,False,False,bearish,weak,43.802463121705195,12.535714285714286,4.0,11.25,0.3190883190883191,0.8974358974358974,0.5555555555555556,1.1188025166888271,True,True,True,False,True,2024
59,70846,70847,70871,2023-12-12 14:31:00+00:00,2023-12-12 14:32:00+00:00,2023-12-12 14:56:00+00:00,short,16427.75,16427.75,16427.5,16452.5,16402.5,16377.5,16352.5,16327.5,71.43669209606486,70-79,-53.43669209606486,25.0,True,False,False,False,True,stop,16452.5,16452.75,-25.25,0.0,-25.25,-1.01,31.0,28.0,1.24,1.12,25,24.0,1,2023-12-12,2.8624535315985127,0.5192727272727273,2.16260162601626,strong_bearish,6.601048340128131,0.7586903988914847,bearish,bearish,True,True,False,False,reversal,True,True,False,True,bearish,strong,78.6391008005405,9.607142857142858,9.75,23.75,1.0148698884758365,2.4721189591078065,0.2,0.7586903988914847,True,False,False,False,False,2024
60,73632,73633,73673,2023-12-14 14:57:00+00:00,2023-12-14 14:58:00+00:00,2023-12-14 15:38:00+00:00,short,16867.0,16867.25,16867.0,16892.0,16842.0,16817.0,16792.0,16767.0,71.14649499284693,70-79,-71.14649499284693,25.0,True,True,True,True,False,tp4,16767.0,16767.25,99.75,0.0,99.75,3.99,100.0,1.75,4.0,0.07,41,40.0,4,2023-12-14,1.742489270386266,1.6612209802235598,0.9670682730923694,strong_bullish,1.347035611992772,2.115035707392395,bearish,bearish,True,True,False,False,reversal,True,False,False,False,bearish,weak,42.88745827372437,12.482142857142858,3.25,12.75,0.2603719599427754,1.0214592274678111,0.19607843137254902,2.115035707392395,False,False,False,False,False,2024
61,75030,75031,75090,2023-12-15 15:15:00+00:00,2023-12-15 15:16:00+00:00,2023-12-15 16:15:00+00:00,long,16847.0,16846.5,16846.75,16821.75,16871.75,16896.75,16921.75,16946.75,70.1021332512357,70-79,44.1021332512357,25.0,True,False,False,False,False,max_holding_time,16854.75,16854.5,7.75,0.0,7.75,0.31,30.0,11.5,1.2,0.46,60,59.0,1,2023-12-15,2.040752351097179,1.2635046113306982,1.935483870967742,strong_bullish,1.5406396340799362,1.1292339621637442,bullish,bullish,True,True,False,True,reversal,True,False,False,False,bullish,moderate,67.51777709363083,11.392857142857142,6.25,16.25,0.54858934169279,1.426332288401254,0.9076923076923077,1.1292339621637442,True,False,False,False,False,2024
62,79130,79131,79190,2023-12-20 14:35:00+00:00,2023-12-20 14:36:00+00:00,2023-12-20 15:35:00+00:00,long,16992.25,16992.75,16993.0,16968.75,17018.0,17043.0,17068.0,17093.0,78.69933422450963,70-79,78.69933422450963,24.25,True,True,True,False,False,max_holding_time,17060.25,17060.0,67.0,0.0,67.0,2.7628865979381443,80.5,3.0,3.31958762886598,0.1237113402061855,60,59.0,3,2023-12-20,1.2108108108108109,1.548235294117647,0.6858108108108109,strong_bullish,2.796833773087071,0.7511948076640538,bullish,bullish,True,False,True,False,reversal,True,False,False,False,neutral,none,39.16111853758018,6.607142857142857,0.75,7.0,0.11351351351351352,1.0594594594594595,0.2857142857142857,0.7511948076640538,True,False,False,False,False,2024
63,80505,80506,80508,2023-12-21 14:30:00+00:00,2023-12-21 14:31:00+00:00,2023-12-21 14:33:00+00:00,long,16945.5,16945.25,16945.5,16920.5,16970.5,16995.5,17020.5,17045.5,73.79118030143275,70-79,68.79118030143275,25.0,False,False,False,False,True,stop,16920.5,16920.25,-25.25,0.0,-25.25,-1.01,13.25,27.0,0.53,1.08,3,2.0,0,2023-12-21,3.5244755244755246,0.5522935779816514,2.032450896669513,partial_bullish,12.84134739007457,1.2389753767909195,bullish,neutral,True,True,True,False,reversal,True,True,False,True,bullish,strong,81.59316917860615,7.660714285714286,23.25,34.5,3.034965034965035,4.503496503496503,0.9927536231884058,1.2389753767909197,True,True,True,False,False,2024
64,80511,80512,80539,2023-12-21 14:36:00+00:00,2023-12-21 14:37:00+00:00,2023-12-21 15:04:00+00:00,long,16908.75,16908.75,16909.0,16884.0,16934.0,16959.0,16984.0,17009.0,78.0,70-79,47.12461497232962,25.0,True,False,False,False,True,stop,16884.0,16883.75,-25.25,0.0,-25.25,-1.01,29.75,25.5,1.19,1.02,28,27.0,1,2023-12-21,2.8073394495412844,0.1908580593424218,2.032450896669513,partial_bearish,2.1814374107567827,1.018543211193486,bullish,bullish,True,True,True,False,reversal,True,False,True,True,bearish,moderate,73.9615418972532,13.625,17.75,22.75,1.3027522935779816,1.6697247706422018,0.10989010989010989,1.018543211193486,False,False,False,False,False,2024
65,80545,80546,80605,2023-12-21 15:10:00+00:00,2023-12-21 15:11:00+00:00,2023-12-21 16:10:00+00:00,long,16866.5,16866.25,16866.5,16841.5,16891.5,16916.5,16941.5,16966.5,73.8546329723225,70-79,73.8546329723225,25.0,True,True,False,False,False,max_holding_time,16874.5,16874.25,7.75,0.0,7.75,0.31,67.0,12.75,2.68,0.51,60,59.0,2,2023-12-21,0.6401925391095067,3.411589895988113,2.25496915695682,strong_bearish,1.2387090758633552,1.6076722938222303,bullish,bullish,True,True,False,False,reversal,True,True,False,True,bullish,moderate,65.45527476935419,14.839285714285714,16.75,19.75,1.1287605294825511,1.3309265944645006,0.8607594936708861,1.6076722938222303,False,False,False,False,False,2024
66,81899,81900,81916,2023-12-22 14:44:00+00:00,2023-12-22 14:45:00+00:00,2023-12-22 15:01:00+00:00,long,17032.75,17032.5,17032.75,17007.75,17057.75,17082.75,17107.75,17132.75,72.70652173913044,70-79,46.70652173913044,25.0,False,False,False,False,True,stop,17007.75,17007.5,-25.25,0.0,-25.25,-1.01,8.5,26.5,0.34,1.06,17,16.0,0,2023-12-22,2.0543478260869565,0.3085399449035812,2.663716814159292,strong_bullish,1.8350527688841456,1.7464168829703193,bullish,bullish,True,True,False,False,reversal,True,True,False,True,bullish,strong,89.22101449275362,13.142857142857142,11.0,13.5,0.8369565217391305,1.0271739130434783,0.8333333333333334,1.7464168829703193,True,False,False,False,True,2024
67,86060,86061,86091,2023-12-28 15:05:00+00:00,2023-12-28 15:06:00+00:00,2023-12-28 15:36:00+00:00,short,17110.5,17110.75,17110.5,17135.5,17085.5,17060.5,17035.5,17010.5,84.16741882223445,80-89,-84.16741882223445,25.0,False,False,False,False,True,stop,17135.5,17135.75,-25.25,0.0,-25.25,-1.01,7.75,25.0,0.31,1.0,31,30.0,0,2023-12-28,1.4177215189873418,0.9531914893617022,3.130434782608696,strong_bearish,4.390172820796782,1.61778446007625,bearish,bearish,True,True,True,True,reversal,True,False,False,False,bearish,strong,84.7284901852871,7.053571428571429,7.0,11.5,0.9924050632911392,1.630379746835443,0.391304347826087,1.6177844600762499,True,True,True,False,True,2024
68,88787,88788,88801,2024-01-02 14:32:00+00:00,2024-01-02 14:33:00+00:00,2024-01-02 14:46:00+00:00,short,16863.5,16863.5,16863.25,16888.25,16838.25,16813.25,16788.25,16763.25,70.06640759196586,70-79,-65.06640759196586,25.0,True,True,True,True,False,tp4,16763.25,16763.5,99.75,0.0,99.75,3.99,100.0,0.25,4.0,0.01,14,13.0,4,2024-01-02,0.1076923076923076,1.8053097345132745,1.5179621162638797,strong_bullish,3.355672713192148,0.9580094899573124,bearish,bearish,True,True,False,False,reversal,True,False,False,False,neutral,none,33.88672993304875,9.285714285714286,3.25,16.75,0.35,1.8038461538461537,0.6268656716417911,0.9580094899573123,False,False,False,False,False,2024
69,90169,90170,90179,2024-01-03 14:34:00+00:00,2024-01-03 14:35:00+00:00,2024-01-03 14:44:00+00:00,short,16611.5,16611.5,16611.25,16636.25,16586.25,16561.25,16536.25,16511.25,73.0,70-79,-73.0,25.0,False,False,False,False,True,stop,16636.25,16636.5,-25.25,0.0,-25.25,-1.01,8.25,30.75,0.33,1.23,10,9.0,0,2024-01-03,0.1129032258064516,0.2575558475689882,0.1793229643183897,partial_bearish,2.913122563880468,1.6245930305577294,bearish,bearish,True,True,True,False,reversal,True,False,False,False,bullish,weak,49.06047056318535,15.5,11.25,25.25,0.7258064516129032,1.6290322580645162,0.504950495049505,1.6245930305577294,False,False,False,False,False,2024
70,90222,90223,90255,2024-01-03 15:27:00+00:00,2024-01-03 15:28:00+00:00,2024-01-03 16:00:00+00:00,short,16585.0,16584.75,16584.5,16609.5,16559.5,16534.5,16509.5,16484.5,78.0,70-79,-32.184016227180535,25.0,True,False,False,False,True,stop,16609.5,16609.75,-25.25,0.0,-25.25,-1.01,41.0,29.0,1.64,1.16,33,32.0,1,2024-01-03,2.3655172413793104,1.392583872866392,1.5573770491803278,partial_bearish,1.1351411424761058,2.124155141936155,bearish,bearish,True,False,True,True,reversal,True,False,False,False,bullish,moderate,65.13319810682893,10.357142857142858,6.75,12.75,0.6517241379310345,1.2310344827586206,0.5882352941176471,2.124155141936155,False,False,False,False,False,2024
71,92955,92956,93015,2024-01-05 15:00:00+00:00,2024-01-05 15:01:00+00:00,2024-01-05 16:00:00+00:00,long,16498.0,16498.25,16498.5,16474.25,16523.5,16548.5,16573.5,16598.5,83.36712328767123,80-89,59.367123287671234,24.25,True,True,False,False,False,max_holding_time,16566.5,16566.25,67.75,0.0,67.75,2.7938144329896906,71.0,0.5,2.927835051546392,0.0206185567010309,60,59.0,2,2024-01-05,1.4490106544901065,0.5283018867924528,3.1845130066545675,partial_bullish,2.883958252802474,1.5811067408110675,bullish,bullish,True,True,True,False,reversal,True,True,False,True,bullish,strong,78.0593607305936,11.732142857142858,25.0,33.0,2.13089802130898,2.8127853881278537,0.7575757575757576,1.5811067408110675,True,False,False,True,False,2024
72,94329,94330,94389,2024-01-08 14:54:00+00:00,2024-01-08 14:55:00+00:00,2024-01-08 15:54:00+00:00,long,16592.75,16592.75,16593.0,16568.0,16618.0,16643.0,16668.0,16693.0,71.05964912280702,70-79,57.059649122807016,25.0,True,True,True,False,False,max_holding_time,16660.75,16660.5,67.5,0.0,67.5,2.7,78.25,9.75,3.13,0.39,60,59.0,3,2024-01-08,1.031578947368421,4.7518796992481205,3.5466666666666664,strong_bullish,1.2404144792897782,1.851905045240977,bullish,bullish,True,True,True,False,reversal,True,True,False,True,bullish,moderate,67.16374269005848,10.178571428571429,11.5,19.0,1.1298245614035087,1.8666666666666667,0.8552631578947368,1.8519050452409775,False,False,False,False,False,2024
73,95686,95687,95699,2024-01-09 14:31:00+00:00,2024-01-09 14:32:00+00:00,2024-01-09 14:44:00+00:00,long,16699.75,16700.25,16700.5,16675.5,16725.5,16750.5,16775.5,16800.5,75.24276838607138,70-79,43.242768386071376,25.0,False,False,False,False,True,stop,16675.5,16675.25,-25.25,0.0,-25.25,-1.01,14.0,39.75,0.56,1.59,13,12.0,0,2024-01-09,2.8850325379609543,0.1647058823529411,2.4342105263157894,partial_bearish,5.937296416938111,1.053460482589221,neutral,bullish,True,True,True,True,reversal,True,True,False,True,bullish,strong,93.6897365505948,8.232142857142858,16.75,20.25,2.03470715835141,2.459869848156182,0.8518518518518519,1.0534604825892213,True,False,False,False,True,2024
74,95720,95721,95723,2024-01-09 15:05:00+00:00,2024-01-09 15:06:00+00:00,2024-01-09 15:08:00+00:00,short,16687.25,16687.25,16687.0,16712.0,16662.0,16637.0,16612.0,16587.0,70.21966033267798,70-79,-32.219660332677975,25.0,False,False,False,False,True,stop,16712.0,16712.25,-25.25,0.0,-25.25,-1.01,0.25,27.0,0.01,1.08,3,2.0,0,2024-01-09,1.175257731958763,0.2050447518307567,1.7566539923954372,partial_bullish,1.325364893835717,1.2131883493057702,neutral,bearish,True,False,True,False,reversal,True,False,False,False,bearish,moderate,68.49716943898316,12.125,4.75,11.0,0.3917525773195876,0.9072164948453608,0.38636363636363635,1.2131883493057702,True,False,False,False,True,2024
75,95725,95726,95785,2024-01-09 15:10:00+00:00,2024-01-09 15:11:00+00:00,2024-01-09 16:10:00+00:00,long,16729.25,16729.0,16729.25,16704.25,16754.25,16779.25,16804.25,16829.25,72.63136,70-79,18.63136,25.0,True,False,False,False,False,max_holding_time,16758.75,16758.5,29.25,0.0,29.25,1.17,33.0,17.5,1.32,0.7,60,59.0,1,2024-01-09,3.7632,1.8763961280714816,1.7566539923954372,strong_bullish,1.6713598752328551,1.909207878328,neutral,bullish,True,True,False,False,reversal,True,False,False,False,bullish,strong,88.59466666666667,11.160714285714286,8.75,11.75,0.7839999999999999,1.0528,0.8297872340425532,1.9092078783279998,True,False,False,False,True,2024
76,97094,97095,97097,2024-01-10 14:59:00+00:00,2024-01-10 15:00:00+00:00,2024-01-10 15:02:00+00:00,long,16837.75,16837.25,16837.5,16812.5,16862.5,16887.5,16912.5,16937.5,70.9049458257542,70-79,53.9049458257542,25.0,False,False,False,False,True,stop,16812.5,16812.25,-25.25,0.0,-25.25,-1.01,1.75,33.25,0.07,1.33,3,2.0,0,2024-01-10,1.2863705972434916,1.1111111111111112,0.972407231208373,partial_bullish,0.9799261115560494,1.3685482852555428,neutral,bullish,True,False,True,False,reversal,True,False,False,False,bullish,moderate,74.20788188128503,11.660714285714286,8.25,13.25,0.7075038284839203,1.1362940275650841,0.9245283018867925,1.3685482852555428,True,True,True,False,True,2024
77,98481,98482,98493,2024-01-11 15:06:00+00:00,2024-01-11 15:07:00+00:00,2024-01-11 15:18:00+00:00,short,16841.0,16841.25,16841.0,16866.0,16816.0,16791.0,16766.0,16741.0,72.0,70-79,-44.0,25.0,False,False,False,False,True,stop,16866.0,16866.25,-25.25,0.0,-25.25,-1.01,16.5,29.5,0.66,1.18,12,11.0,0,2024-01-11,5.088630259623993,3.887133182844244,0.5773835920177384,partial_bearish,2.0143938269772965,3.22690873434459,bearish,neutral,False,True,True,False,continuation,True,True,False,True,bearish,strong,100.0,19.946428571428573,26.25,34.5,1.316025067144136,1.729632945389436,0.06521739130434782,3.22690873434459,True,False,False,False,True,2024
78,99832,99833,99836,2024-01-12 14:37:00+00:00,2024-01-12 14:38:00+00:00,2024-01-12 14:41:00+00:00,short,17003.25,17003.25,17003.0,17028.0,16978.0,16953.0,16928.0,16903.0,72.63130272407865,70-79,-65.63130272407865,25.0,False,False,False,False,True,stop,17028.0,17028.25,-25.25,0.0,-25.25,-1.01,0.0,25.0,0.0,1.0,4,3.0,0,2024-01-12,1.7548209366391183,1.1408227848101264,3.6513879922530665,strong_bullish,1.7477999898265426,1.24573997534624,neutral,bearish,True,True,True,False,reversal,True,False,False,False,neutral,none,38.594189367322045,12.964285714285714,1.5,13.0,0.11570247933884298,1.0027548209366393,0.19230769230769232,1.2457399753462401,False,False,False,False,False,2024
79,99862,99863,99867,2024-01-12 15:07:00+00:00,2024-01-12 15:08:00+00:00,2024-01-12 15:12:00+00:00,long,16996.75,16996.5,16996.75,16971.75,17021.75,17046.75,17071.75,17096.75,71.48790786948176,70-79,47.48790786948176,25.0,False,False,False,False,True,stop,16971.75,16971.5,-25.25,0.0,-25.25,-1.01,8.25,31.5,0.33,1.26,5,4.0,0,2024-01-12,2.337811900191938,1.875785066294487,0.9471458773784356,partial_bullish,1.2530087805539545,1.8473226483622671,bullish,bullish,True,True,False,False,reversal,True,True,False,True,bullish,strong,79.06589891234805,18.607142857142858,17.75,24.5,0.9539347408829174,1.3166986564299423,0.9489795918367347,1.8473226483622671,False,False,False,False,True,2024
80,99879,99880,99898,2024-01-12 15:24:00+00:00,2024-01-12 15:25:00+00:00,2024-01-12 15:43:00+00:00,long,16967.25,16966.75,16967.0,16942.0,16992.0,17017.0,17042.0,17067.0,86.37593360995851,80-89,74.37593360995851,25.0,False,False,False,False,True,stop,16942.0,16941.75,-25.25,0.0,-25.25,-1.01,22.75,31.0,0.91,1.24,19,18.0,0,2024-01-12,1.4522821576763485,2.377067254685777,0.0206489675516224,partial_bullish,0.8303143282567151,1.769305718639918,bullish,bullish,True,False,True,False,reversal,True,False,False,False,bullish,moderate,69.79944674965421,17.214285714285715,5.0,11.5,0.2904564315352697,0.6680497925311203,0.8478260869565217,1.7693057186399181,True,True,True,False,True,2024
81,102355,102356,102376,2024-01-16 14:40:00+00:00,2024-01-16 14:41:00+00:00,2024-01-16 15:01:00+00:00,short,16896.75,16896.75,16896.5,16921.5,16871.5,16846.5,16821.5,16796.5,71.15168005843682,70-79,-52.15168005843682,25.0,True,False,False,False,True,stop,16921.5,16921.75,-25.25,0.0,-25.25,-1.01,41.5,29.0,1.66,1.16,21,20.0,1,2024-01-16,2.6021739130434787,0.817167381974249,0.9545454545454544,partial_bullish,1.441479775730877,1.314600073046019,neutral,bearish,True,True,True,False,reversal,True,True,False,True,bearish,strong,76.26400048697347,16.428571428571427,17.5,18.75,1.065217391304348,1.1413043478260871,0.02666666666666667,1.314600073046019,True,False,False,False,False,2024
82,103761,103762,103782,2024-01-17 15:06:00+00:00,2024-01-17 15:07:00+00:00,2024-01-17 15:27:00+00:00,short,16738.0,16737.75,16737.5,16762.5,16712.5,16687.5,16662.5,16637.5,74.0,70-79,-70.26116860404903,25.0,False,False,False,False,True,stop,16762.5,16762.75,-25.25,0.0,-25.25,-1.01,21.0,25.75,0.84,1.03,21,20.0,0,2024-01-17,2.491965389369592,1.4812903225806453,3.9906158357771258,partial_bearish,1.050527508471134,1.2721177369040992,bearish,bearish,True,True,True,False,reversal,True,False,False,False,bullish,weak,56.1569282995914,14.446428571428571,12.25,14.75,0.8479604449938195,1.0210135970333745,0.8983050847457628,1.2721177369040992,False,False,False,False,False,2024
83,106509,106510,106522,2024-01-19 14:54:00+00:00,2024-01-19 14:55:00+00:00,2024-01-19 15:07:00+00:00,long,17210.25,17210.0,17210.25,17185.25,17235.25,17260.25,17285.25,17310.25,74.58669159761267,70-79,46.58669159761267,25.0,False,False,False,False,True,stop,17185.25,17185.0,-25.25,0.0,-25.25,-1.01,22.75,29.75,0.91,1.19,13,12.0,0,2024-01-19,1.9219380888290716,2.0766902119071644,1.91812865497076,partial_bearish,0.9562601683111532,1.4823550757507031,neutral,bullish,True,True,True,False,reversal,True,False,False,False,bullish,weak,54.889096646772295,13.267857142857142,3.5,12.5,0.2637954239569314,0.9421265141318977,0.78,1.4823550757507031,True,True,True,False,False,2024
84,107879,107880,107925,2024-01-22 14:44:00+00:00,2024-01-22 14:45:00+00:00,2024-01-22 15:30:00+00:00,long,17504.75,17504.75,17505.0,17480.0,17530.0,17555.0,17580.0,17605.0,70.52343909928352,70-79,36.52343909928352,25.0,True,False,False,False,True,stop,17480.0,17479.75,-25.25,0.0,-25.25,-1.01,47.75,33.75,1.91,1.35,46,45.0,1,2024-01-22,2.493346980552712,2.036363636363636,1.5135135135135134,partial_bearish,1.156306507748245,1.5478917230609055,bullish,bullish,True,False,False,False,reversal,True,False,False,False,neutral,none,37.69532582736267,17.446428571428573,1.25,14.25,0.07164790174002046,0.8167860798362333,0.9122807017543859,1.5478917230609057,False,False,False,False,False,2024
85,109219,109220,109275,2024-01-23 14:35:00+00:00,2024-01-23 14:36:00+00:00,2024-01-23 15:35:00+00:00,long,17428.5,17428.5,17428.75,17403.75,17453.75,17478.75,17503.75,17528.75,72.40592193808882,70-79,71.40592193808882,25.0,True,True,False,False,False,max_holding_time,17456.5,17456.25,27.5,0.0,27.5,1.1,58.75,1.75,2.35,0.07,56,59.0,2,2024-01-23,3.693135935397039,3.748387096774193,0.0435233160621761,partial_bearish,3.2747901225894838,1.684570003704139,bullish,bullish,True,True,False,False,reversal,True,False,False,False,bullish,weak,53.38268281740691,13.267857142857142,8.0,20.75,0.6029609690444145,1.5639300134589502,0.927710843373494,1.6845700037041387,False,False,False,False,False,2024
86,110596,110597,110656,2024-01-24 14:36:00+00:00,2024-01-24 14:37:00+00:00,2024-01-24 15:36:00+00:00,long,17653.25,17653.75,17654.0,17629.0,17679.0,17704.0,17729.0,17754.0,78.72087912087912,70-79,70.72087912087912,25.0,True,True,True,False,False,max_holding_time,17733.25,17733.0,79.0,0.0,79.0,3.16,79.5,16.75,3.18,0.67,60,59.0,3,2024-01-24,1.010989010989011,0.6956521739130435,0.4537037037037037,partial_bearish,2.503286796469041,1.6002961658528776,bullish,bullish,True,True,True,False,reversal,True,False,False,False,bullish,weak,47.67399267399268,11.375,4.5,14.5,0.3956043956043956,1.2747252747252746,0.8793103448275862,1.6002961658528776,False,False,False,False,False,2024
87,111963,111964,111977,2024-01-25 14:32:00+00:00,2024-01-25 14:33:00+00:00,2024-01-25 14:46:00+00:00,long,17698.5,17698.75,17699.0,17674.0,17724.0,17749.0,17774.0,17799.0,74.2,70-79,73.2,25.0,False,False,False,False,True,stop,17674.0,17673.75,-25.25,0.0,-25.25,-1.01,15.25,26.75,0.61,1.07,14,13.0,0,2024-01-25,0.8801169590643275,0.7872539831302718,3.2922848664688424,partial_bullish,4.51717811874583,1.5455946131020315,bullish,bullish,True,True,False,False,reversal,True,True,False,True,bullish,moderate,68.33333333333334,12.214285714285714,15.5,24.25,1.2690058479532165,1.9853801169590644,0.979381443298969,1.5455946131020315,False,False,False,False,False,2024
88,111999,112000,112059,2024-01-25 15:08:00+00:00,2024-01-25 15:09:00+00:00,2024-01-25 16:08:00+00:00,long,17687.5,17687.75,17688.0,17663.0,17713.0,17738.0,17763.0,17788.0,77.18760958970381,70-79,53.18760958970381,25.0,True,True,False,False,False,max_holding_time,17695.5,17695.25,7.25,0.0,7.25,0.29,50.25,12.0,2.01,0.48,60,59.0,2,2024-01-25,2.6639676113360324,0.9196290571870168,0.9367396593673966,partial_bearish,1.2222291679689945,1.2210841868598552,bullish,bullish,True,True,True,True,reversal,True,False,False,False,bullish,strong,76.56341324753174,13.232142857142858,8.5,16.25,0.6423751686909581,1.2280701754385965,0.6461538461538462,1.2210841868598552,True,True,True,False,True,2024
89,113341,113342,113343,2024-01-26 14:30:00+00:00,2024-01-26 14:31:00+00:00,2024-01-26 14:32:00+00:00,long,17563.0,17562.75,17563.0,17538.0,17588.0,17613.0,17638.0,17663.0,72.15307483249426,70-79,45.153074832494255,25.0,False,False,False,False,True,stop,17538.0,17537.75,-25.25,0.0,-25.25,-1.01,2.25,27.75,0.09,1.11,2,1.0,0,2024-01-26,1.3774597495527727,0.3382137628111273,1.0140845070422535,partial_bearish,8.917159511551716,1.126495597862894,neutral,bullish,True,True,True,True,reversal,True,False,False,False,bullish,strong,76.27562360411876,9.982142857142858,5.25,32.25,0.5259391771019678,3.2307692307692304,0.7751937984496124,1.126495597862894,True,False,False,False,False,2024
90,113392,113393,113452,2024-01-26 15:21:00+00:00,2024-01-26 15:22:00+00:00,2024-01-26 16:21:00+00:00,long,17553.25,17552.75,17553.0,17528.0,17578.0,17603.0,17628.0,17653.0,76.0,70-79,44.0,25.0,True,True,True,False,False,max_holding_time,17612.5,17612.25,59.25,0.0,59.25,2.37,76.75,10.5,3.07,0.42,60,59.0,3,2024-01-26,2.020408163265306,0.2368249837345478,1.750968456004427,partial_bullish,1.4730742583611514,2.024234031504241,neutral,bullish,True,True,True,True,reversal,True,True,False,True,bullish,strong,100.0,12.25,15.75,18.5,1.2857142857142858,1.510204081632653,0.8918918918918919,2.024234031504241,True,True,True,False,True,2024
91,114725,114726,114755,2024-01-29 14:34:00+00:00,2024-01-29 14:35:00+00:00,2024-01-29 15:04:00+00:00,long,17553.25,17553.5,17553.75,17528.75,17578.75,17603.75,17628.75,17653.75,76.46782082145488,70-79,64.46782082145488,25.0,True,False,False,False,True,stop,17528.75,17528.5,-25.25,0.0,-25.25,-1.01,31.0,29.0,1.24,1.16,30,29.0,1,2024-01-29,0.5773195876288659,0.5175097276264591,0.8696711327649208,partial_bullish,3.257403189066059,1.025744202524559,bullish,bullish,True,True,True,False,reversal,True,False,False,False,bullish,moderate,62.23184017879064,8.660714285714286,7.25,11.5,0.8371134020618556,1.3278350515463917,0.6739130434782609,1.025744202524559,True,True,True,False,False,2024
92,116132,116133,116138,2024-01-30 15:01:00+00:00,2024-01-30 15:02:00+00:00,2024-01-30 15:07:00+00:00,short,17622.5,17623.0,17622.75,17647.75,17597.75,17572.75,17547.75,17522.75,71.6,70-79,-53.6,25.0,False,False,False,False,True,stop,17647.75,17648.0,-25.25,0.0,-25.25,-1.01,3.25,29.5,0.13,1.18,6,5.0,0,2024-01-30,4.386986301369863,0.0769230769230769,0.7818756585879872,partial_bullish,4.636931878376947,2.3069787054606787,bearish,bearish,False,True,True,False,continuation,True,True,False,True,bearish,strong,96.66666666666666,10.428571428571429,22.5,28.75,2.1575342465753424,2.756849315068493,0.21739130434782608,2.3069787054606787,True,False,False,False,True,2024
93,117487,117488,117543,2024-01-31 14:36:00+00:00,2024-01-31 14:37:00+00:00,2024-01-31 15:32:00+00:00,short,17407.0,17407.0,17406.75,17428.25,17381.75,17356.75,17331.75,17306.75,73.35389913221185,70-79,-72.35389913221185,21.5,True,True,True,True,False,tp4,17306.75,17307.0,99.75,0.0,99.75,4.6395348837209305,104.75,2.75,4.872093023255814,0.127906976744186,56,55.0,4,2024-01-31,1.2115384615384617,0.7068403908794789,1.1835260115606936,partial_bullish,1.9713478611783697,1.0229027614186623,bearish,bearish,True,True,False,False,reversal,True,True,False,True,bearish,moderate,61.28249276843212,14.857142857142858,15.75,20.0,1.0600961538461537,1.346153846153846,0.1875,1.0229027614186625,False,False,False,False,False,2024
94,118865,118866,118871,2024-02-01 14:34:00+00:00,2024-02-01 14:35:00+00:00,2024-02-01 14:40:00+00:00,long,17333.75,17333.75,17334.0,17309.0,17359.0,17384.0,17409.0,17434.0,73.30516314314383,70-79,29.30516314314383,25.0,False,False,False,False,True,stop,17309.0,17308.75,-25.25,0.0,-25.25,-1.01,3.5,27.25,0.14,1.09,6,5.0,0,2024-02-01,2.1194444444444445,1.0563514804202483,0.4950038431975403,partial_bearish,2.63022463314556,0.9814539289297948,neutral,bullish,True,True,True,False,reversal,True,True,False,True,bullish,strong,77.5430261928653,12.857142857142858,15.75,19.75,1.2249999999999999,1.536111111111111,0.9873417721518988,0.9814539289297949,True,True,True,False,False,2024
95,120243,120244,120245,2024-02-02 14:32:00+00:00,2024-02-02 14:33:00+00:00,2024-02-02 14:34:00+00:00,short,17476.0,17476.5,17476.25,17501.25,17451.25,17426.25,17401.25,17376.25,73.30544829472204,70-79,-47.30544829472204,25.0,False,False,False,False,True,stop,17501.25,17501.5,-25.25,0.0,-25.25,-1.01,10.5,44.5,0.42,1.78,2,1.0,0,2024-02-02,1.6815642458100557,0.3652912621359223,3.997549019607843,partial_bearish,5.227611170931752,1.4857209829276867,bearish,bearish,True,True,False,False,reversal,True,False,False,False,bearish,strong,94.21206912268364,12.785714285714286,12.0,18.75,0.9385474860335195,1.4664804469273742,0.26666666666666666,1.4857209829276867,True,False,False,False,True,2024
96,120251,120252,120255,2024-02-02 14:40:00+00:00,2024-02-02 14:41:00+00:00,2024-02-02 14:44:00+00:00,short,17551.5,17551.5,17551.25,17576.25,17526.25,17501.25,17476.25,17451.25,80.12881355932204,80-89,-48.12881355932204,25.0,False,False,False,False,True,stop,17576.25,17576.5,-25.25,0.0,-25.25,-1.01,7.0,27.0,0.28,1.08,4,3.0,0,2024-02-02,1.493519441674975,1.36289500509684,3.997549019607843,partial_bullish,1.603025705677472,1.6110466864235706,bearish,bearish,True,True,False,False,reversal,True,False,False,False,neutral,none,34.406779661016955,17.910714285714285,2.0,16.5,0.11166500498504488,0.9212362911266202,0.3333333333333333,1.6110466864235706,False,False,False,False,False,2024
97,121630,121631,121640,2024-02-05 14:39:00+00:00,2024-02-05 14:40:00+00:00,2024-02-05 14:49:00+00:00,long,17712.25,17712.75,17713.0,17688.0,17738.0,17763.0,17788.0,17813.0,71.59398417932908,70-79,58.59398417932909,25.0,False,False,False,False,True,stop,17688.0,17687.75,-25.25,0.0,-25.25,-1.01,6.75,30.5,0.27,1.22,10,9.0,0,2024-02-05,1.4195183776932827,2.6980273141122915,0.6067653276955602,partial_bearish,1.5813937048230031,1.1550277526784565,bullish,bullish,True,False,False,False,reversal,True,False,False,False,bullish,weak,46.61653482774231,14.089285714285714,9.0,14.0,0.6387832699619772,0.9936628643852979,0.8214285714285714,1.1550277526784563,False,False,False,False,False,2024
98,121652,121653,121655,2024-02-05 15:01:00+00:00,2024-02-05 15:02:00+00:00,2024-02-05 15:04:00+00:00,long,17680.0,17680.75,17681.0,17656.0,17706.0,17731.0,17756.0,17781.0,70.0,70-79,70.0,25.0,False,False,False,False,True,stop,17656.0,17655.75,-25.25,0.0,-25.25,-1.01,9.75,28.75,0.39,1.15,3,2.0,0,2024-02-05,1.8284960422163588,1.4614634146341463,0.1613168724279835,partial_bearish,1.941762837646615,1.3233182607204852,bullish,bullish,True,False,True,False,reversal,True,False,False,False,bearish,weak,47.25797266161941,13.535714285714286,2.75,16.0,0.20316622691292874,1.1820580474934037,0.390625,1.3233182607204852,False,False,False,False,False,2024
99,121656,121657,121666,2024-02-05 15:05:00+00:00,2024-02-05 15:06:00+00:00,2024-02-05 15:15:00+00:00,long,17670.25,17670.0,17670.25,17645.25,17695.25,17720.25,17745.25,17770.25,77.94109732176479,70-79,77.94109732176479,25.0,False,False,False,False,True,stop,17645.25,17645.0,-25.25,0.0,-25.25,-1.01,11.75,37.0,0.47,1.48,10,9.0,0,2024-02-05,0.8761174968071519,2.66,0.1613168724279835,partial_bearish,1.8611205344328177,1.4943793150412252,bullish,bullish,True,True,True,False,reversal,True,True,False,True,bullish,moderate,66.17581101470651,13.982142857142858,15.0,26.0,1.0727969348659003,1.8595146871008938,0.7980769230769231,1.4943793150412252,False,False,False,False,False,2024
100,123006,123007,123019,2024-02-06 14:35:00+00:00,2024-02-06 14:36:00+00:00,2024-02-06 14:48:00+00:00,long,17714.75,17715.0,17715.25,17690.25,17740.25,17765.25,17790.25,17815.25,78.0,70-79,44.58620689655172,25.0,False,False,False,False,True,stop,17690.25,17690.0,-25.25,0.0,-25.25,-1.01,17.25,31.75,0.69,1.27,13,12.0,0,2024-02-06,4.514657980456026,0.924924924924925,0.6883116883116883,partial_bearish,4.083036380210491,1.5557064144866672,bullish,bullish,True,True,True,False,reversal,True,False,False,False,bearish,strong,95.11494252873564,10.964285714285714,15.0,21.75,1.3680781758957656,1.9837133550488601,0.27586206896551724,1.5557064144866672,False,False,False,False,False,2024
101,123031,123032,123091,2024-02-06 15:00:00+00:00,2024-02-06 15:01:00+00:00,2024-02-06 16:00:00+00:00,short,17647.25,17647.0,17646.75,17671.75,17621.75,17596.75,17571.75,17546.75,77.75580865603645,70-79,-41.75580865603645,25.0,True,False,False,False,False,max_holding_time,17638.25,17638.5,8.25,0.0,8.25,0.33,48.75,12.25,1.95,0.49,60,59.0,1,2024-02-06,1.8337129840546695,3.4570727718724448,2.8233782915863843,strong_bearish,1.8618020376800049,1.648440256009676,bearish,bearish,False,True,True,False,continuation,True,False,False,False,bearish,moderate,64.63173880030372,15.678571428571429,7.0,16.5,0.44646924829157175,1.0523917995444192,0.5303030303030303,1.648440256009676,True,False,False,False,True,2024
102,124384,124385,124390,2024-02-07 14:33:00+00:00,2024-02-07 14:34:00+00:00,2024-02-07 14:39:00+00:00,long,17749.75,17750.0,17750.25,17725.25,17775.25,17800.25,17825.25,17850.25,78.0,70-79,25.03886910486007,25.0,False,False,False,False,True,stop,17725.25,17725.0,-25.25,0.0,-25.25,-1.01,11.5,25.0,0.46,1.0,6,5.0,0,2024-02-07,2.3963963963963963,2.0625,2.256794751640113,partial_bullish,3.298963578717395,1.0572694747807674,bullish,neutral,True,True,True,False,reversal,True,False,True,True,bearish,moderate,74.67609079283275,9.910714285714286,8.5,19.0,0.8576576576576576,1.917117117117117,0.25,1.0572694747807674,False,False,False,False,False,2024
103,124399,124400,124406,2024-02-07 14:48:00+00:00,2024-02-07 14:49:00+00:00,2024-02-07 14:55:00+00:00,long,17749.25,17749.5,17749.75,17724.75,17774.75,17799.75,17824.75,17849.75,76.18046651959445,70-79,63.18046651959445,25.0,False,False,False,False,True,stop,17724.75,17724.5,-25.25,0.0,-25.25,-1.01,18.25,28.0,0.73,1.12,7,6.0,0,2024-02-07,1.1962616822429906,1.8764568764568763,0.1797752808988764,partial_bearish,0.9599518217404396,1.0737139906145452,bullish,bullish,True,True,True,True,reversal,True,False,False,False,bullish,strong,76.503887663287,13.375,9.0,10.75,0.6728971962616822,0.8037383177570093,0.8604651162790697,1.0737139906145452,True,True,True,False,True,2024
104,124408,124409,124435,2024-02-07 14:57:00+00:00,2024-02-07 14:58:00+00:00,2024-02-07 15:24:00+00:00,long,17736.0,17736.0,17736.25,17711.25,17761.25,17786.25,17811.25,17836.25,77.980234703498,70-79,77.980234703498,25.0,True,True,True,True,False,tp4,17836.25,17836.0,99.75,0.0,99.75,3.99,101.25,11.0,4.05,0.44,27,26.0,4,2024-02-07,2.1914618369987062,1.815061963775024,0.1797752808988764,strong_bearish,0.714124014735239,1.0755521115846571,bullish,bullish,True,False,True,False,reversal,True,False,False,False,bullish,weak,49.83528919581664,13.803571428571429,7.25,10.0,0.5252263906856404,0.7244501940491591,0.95,1.0755521115846571,False,False,False,False,False,2024
105,128553,128554,128613,2024-02-12 15:02:00+00:00,2024-02-12 15:03:00+00:00,2024-02-12 16:02:00+00:00,long,18030.5,18030.5,18030.75,18005.75,18055.75,18080.75,18105.75,18130.75,71.84719510672825,70-79,71.84719510672825,25.0,True,True,False,False,False,max_holding_time,18066.0,18065.75,35.0,0.0,35.0,1.4,53.25,16.5,2.13,0.66,60,59.0,2,2024-02-12,0.6363636363636364,0.389920424403183,0.6632522407170295,partial_bearish,1.0973824840872732,0.7317211561375835,bullish,bullish,True,False,True,False,reversal,True,False,False,False,bullish,weak,40.393292556068744,7.857142857142857,3.0,8.5,0.38181818181818183,1.0818181818181818,0.8529411764705882,0.7317211561375835,False,False,False,False,False,2024
106,129926,129927,129951,2024-02-13 14:55:00+00:00,2024-02-13 14:56:00+00:00,2024-02-13 15:20:00+00:00,short,17661.25,17661.0,17660.75,17685.75,17635.75,17610.75,17585.75,17560.75,70.54144368540715,70-79,-63.541443685407145,25.0,True,False,False,False,True,stop,17685.75,17686.0,-25.25,0.0,-25.25,-1.01,29.75,32.5,1.19,1.3,25,24.0,1,2024-02-13,1.034548944337812,1.582815149802148,4.722175021240442,partial_bullish,1.0243076893985952,1.4296836854537538,bearish,bearish,True,True,True,False,reversal,True,True,False,True,bearish,weak,54.51203071172625,18.607142857142858,17.0,21.25,0.9136276391554702,1.1420345489443378,0.1411764705882353,1.4296836854537538,False,False,False,False,False,2024
107,131291,131292,131351,2024-02-14 14:40:00+00:00,2024-02-14 14:41:00+00:00,2024-02-14 15:40:00+00:00,long,17755.0,17754.25,17754.5,17729.5,17779.5,17804.5,17829.5,17854.5,70.54222222222222,70-79,57.54222222222222,25.0,True,True,True,False,False,max_holding_time,17803.5,17803.25,48.75,0.0,48.75,1.95,92.5,3.75,3.7,0.15,60,59.0,3,2024-02-14,1.5883040935672514,1.4522821576763485,0.7071917808219178,strong_bearish,2.4556433765412584,2.0374159295749523,bullish,bullish,True,False,False,False,reversal,True,False,False,False,neutral,none,37.85185185185185,15.267857142857142,2.5,18.0,0.16374269005847955,1.1789473684210527,0.6666666666666666,2.0374159295749523,False,False,False,False,False,2024
108,132669,132670,132685,2024-02-15 14:38:00+00:00,2024-02-15 14:39:00+00:00,2024-02-15 14:54:00+00:00,long,17863.0,17862.75,17863.0,17838.0,17888.0,17913.0,17938.0,17963.0,70.52949225203544,70-79,69.52949225203544,25.0,False,False,False,False,True,stop,17838.0,17837.75,-25.25,0.0,-25.25,-1.01,10.75,43.75,0.43,1.75,16,15.0,0,2024-02-15,1.7375886524822697,0.941818181818182,0.6756756756756757,strong_bearish,1.815893287488296,1.2392884828930002,bullish,bullish,True,True,False,False,reversal,True,False,False,False,neutral,none,37.745768766962,15.107142857142858,7.0,15.25,0.46335697399527187,1.0094562647754137,0.45901639344262296,1.2392884828930002,False,False,False,False,False,2024
109,132694,132695,132697,2024-02-15 15:03:00+00:00,2024-02-15 15:04:00+00:00,2024-02-15 15:06:00+00:00,short,17800.25,17800.5,17800.25,17825.25,17775.25,17750.25,17725.25,17700.25,80.69280397022332,80-89,-66.69280397022332,25.0,False,False,False,False,True,stop,17825.25,17825.5,-25.25,0.0,-25.25,-1.01,3.0,26.0,0.12,1.04,3,2.0,0,2024-02-15,0.9205955334987592,2.6343467543138868,3.875432525951557,strong_bearish,1.6180125217317105,1.7019128288551075,bearish,bearish,False,True,True,False,continuation,True,True,False,True,bearish,strong,89.10669975186104,14.392857142857142,16.5,25.25,1.1464019851116625,1.7543424317617866,0.07920792079207921,1.7019128288551075,True,False,False,True,False,2024
110,132699,132700,132704,2024-02-15 15:08:00+00:00,2024-02-15 15:09:00+00:00,2024-02-15 15:13:00+00:00,short,17827.75,17827.75,17827.5,17852.5,17802.5,17777.5,17752.5,17727.5,72.41854353759955,70-79,-38.41854353759955,25.0,False,False,False,False,True,stop,17852.5,17852.75,-25.25,0.0,-25.25,-1.01,0.5,29.75,0.02,1.19,5,4.0,0,2024-02-15,2.078272604588394,2.315384615384615,3.875432525951557,partial_bearish,0.7848149805074455,1.0255410954137378,bearish,bearish,False,True,True,False,continuation,True,False,False,False,neutral,none,36.821196146662885,13.232142857142858,3.25,10.0,0.24561403508771928,0.7557354925775979,0.175,1.0255410954137378,False,False,False,False,False,2024
111,134061,134062,134071,2024-02-16 14:50:00+00:00,2024-02-16 14:51:00+00:00,2024-02-16 15:00:00+00:00,short,17843.0,17843.0,17842.75,17867.75,17817.75,17792.75,17767.75,17742.75,72.0,70-79,-24.0,25.0,True,True,True,True,False,tp4,17742.75,17743.0,99.75,0.0,99.75,3.99,129.0,5.25,5.16,0.21,10,9.0,4,2024-02-16,2.8464088397790057,2.6774716369529985,4.565671641791045,strong_bearish,1.934676424064385,2.4169643535760432,neutral,bearish,False,True,True,False,continuation,True,True,False,True,bearish,strong,100.0,16.160714285714285,19.75,28.0,1.2220994475138123,1.7325966850828731,0.16071428571428573,2.4169643535760432,True,False,False,False,True,2024
112,134072,134073,134074,2024-02-16 15:01:00+00:00,2024-02-16 15:02:00+00:00,2024-02-16 15:03:00+00:00,short,17729.25,17729.75,17729.5,17754.5,17704.5,17679.5,17654.5,17629.5,80.07917594654788,80-89,-52.07917594654788,25.0,False,False,False,False,True,stop,17754.5,17754.75,-25.25,0.0,-25.25,-1.01,2.25,25.25,0.09,1.01,2,1.0,0,2024-02-16,2.057906458797328,4.832803560076287,4.481798715203427,strong_bearish,1.0978230138535483,1.6463679630277397,bearish,bearish,False,True,True,False,continuation,True,False,False,False,bearish,strong,83.99313288789904,24.053571428571427,23.25,36.0,0.9665924276169265,1.4966592427616927,0.3125,1.6463679630277397,True,False,False,False,True,2024
113,136564,136565,136571,2024-02-20 14:33:00+00:00,2024-02-20 14:34:00+00:00,2024-02-20 14:40:00+00:00,short,17691.75,17692.0,17691.75,17716.75,17666.75,17641.75,17616.75,17591.75,74.17290825680178,70-79,-66.17290825680178,25.0,True,True,True,True,False,tp4,17591.75,17592.0,99.75,0.0,99.75,3.99,108.0,4.0,4.32,0.16,7,6.0,4,2024-02-20,2.70653685674548,0.5971563981042655,0.971900826446281,partial_bearish,3.7567817917162896,1.466135321002212,bearish,bearish,True,True,False,False,reversal,True,True,False,True,bearish,moderate,68.10756880668141,12.839285714285714,20.75,22.75,1.616133518776078,1.7719054242002783,0.06593406593406594,1.466135321002212,False,False,False,False,False,2024
114,139322,139323,139382,2024-02-22 14:31:00+00:00,2024-02-22 14:32:00+00:00,2024-02-22 15:31:00+00:00,long,17870.5,17870.25,17870.5,17845.5,17895.5,17920.5,17945.5,17970.5,73.0,70-79,68.4,25.0,True,True,True,False,False,max_holding_time,17958.75,17958.5,88.0,0.0,88.0,3.52,99.75,6.5,3.99,0.26,60,59.0,3,2024-02-22,0.6858108108108109,0.3186077643908969,0.2178046672428695,partial_bearish,7.83777058969893,1.6151878937821675,bullish,bullish,True,True,True,True,reversal,True,False,True,True,bearish,moderate,71.66666666666666,10.571428571428571,18.75,35.75,1.7736486486486487,3.381756756756757,0.013986013986013986,1.6151878937821675,False,False,False,False,False,2024
115,142086,142087,142095,2024-02-26 14:35:00+00:00,2024-02-26 14:36:00+00:00,2024-02-26 14:44:00+00:00,long,18020.0,18020.5,18020.75,17995.75,18045.75,18070.75,18095.75,18120.75,77.69092434883473,70-79,77.69092434883473,25.0,False,False,False,False,True,stop,17995.75,17995.5,-25.25,0.0,-25.25,-1.01,13.75,30.0,0.55,1.2,9,8.0,0,2024-02-26,1.0348675034867505,0.6746987951807228,1.3037694013303769,partial_bullish,2.335340416349849,0.9267656173544284,bullish,bullish,True,True,True,True,reversal,True,False,False,False,neutral,none,39.091036240289405,12.803571428571429,3.25,13.25,0.25383542538354253,1.0348675034867503,0.9245283018867925,0.9267656173544283,False,False,False,False,False,2024
116,143469,143470,143491,2024-02-27 14:38:00+00:00,2024-02-27 14:39:00+00:00,2024-02-27 15:00:00+00:00,short,17990.25,17990.5,17990.25,18015.25,17965.25,17940.25,17915.25,17890.25,71.02485875706215,70-79,-58.02485875706215,25.0,True,True,False,False,True,stop,18015.25,18015.5,-25.25,0.0,-25.25,-1.01,52.25,27.75,2.09,1.11,22,21.0,2,2024-02-27,1.6807909604519775,0.3605150214592275,0.4188034188034187,partial_bearish,2.747727443467809,1.5851517975166316,bearish,bearish,True,True,True,False,reversal,True,True,False,True,bearish,strong,83.54048964218455,12.642857142857142,11.75,16.5,0.9293785310734464,1.305084745762712,0.06060606060606061,1.5851517975166316,True,False,False,False,False,2024
117,143518,143519,143527,2024-02-27 15:27:00+00:00,2024-02-27 15:28:00+00:00,2024-02-27 15:36:00+00:00,short,17992.5,17992.75,17992.5,18017.5,17967.5,17942.5,17917.5,17892.5,83.33262854441429,80-89,-59.33262854441429,25.0,False,False,False,False,True,stop,18017.5,18017.75,-25.25,0.0,-25.25,-1.01,0.5,27.0,0.02,1.08,9,8.0,0,2024-02-27,2.4857621440536013,0.9306930693069309,0.7700463883366467,partial_bearish,1.522435213251932,1.493675127754042,bearish,bearish,True,True,True,False,reversal,True,True,False,True,bearish,strong,77.77190453678574,10.660714285714286,16.5,20.25,1.5477386934673365,1.8994974874371857,0.04938271604938271,1.493675127754042,True,True,True,False,False,2024
118,144847,144848,144907,2024-02-28 14:36:00+00:00,2024-02-28 14:37:00+00:00,2024-02-28 15:36:00+00:00,short,17940.25,17940.5,17940.25,17965.25,17915.25,17890.25,17865.25,17840.25,73.0,70-79,-59.12957229331825,25.0,True,True,False,False,False,max_holding_time,17923.5,17923.75,16.5,0.0,16.5,0.66,64.0,6.25,2.56,0.25,60,59.0,2,2024-02-28,1.179144385026738,0.0534351145038167,0.1596491228070175,partial_bullish,1.8889250423852173,1.0330810729806683,bearish,bearish,True,True,True,False,reversal,True,False,False,False,bullish,weak,48.920230889014576,13.357142857142858,0.25,14.25,0.01871657754010695,1.0668449197860963,0.6842105263157895,1.0330810729806685,False,False,False,False,False,2024
119,146262,146263,146313,2024-02-29 15:11:00+00:00,2024-02-29 15:12:00+00:00,2024-02-29 16:02:00+00:00,long,18003.5,18003.5,18003.75,17978.75,18028.75,18053.75,18078.75,18103.75,78.0,70-79,46.05788351107465,25.0,True,False,False,False,True,stop,17978.75,17978.5,-25.25,0.0,-25.25,-1.01,34.25,37.25,1.37,1.49,51,50.0,1,2024-02-29,4.138364779874214,0.1532447224394058,1.3402537485582469,partial_bullish,2.6171248609526008,2.7456805092452257,bullish,bullish,True,True,True,False,reversal,True,False,False,False,bearish,strong,82.85097074104456,14.196428571428571,8.25,17.25,0.5811320754716981,1.2150943396226415,0.2608695652173913,2.7456805092452257,False,False,False,False,False,2024
120,147654,147655,147685,2024-03-01 15:23:00+00:00,2024-03-01 15:24:00+00:00,2024-03-01 15:54:00+00:00,short,18166.0,18165.75,18165.5,18190.5,18140.5,18115.5,18090.5,18065.5,80.07030824276984,80-89,-18.07030824276984,25.0,False,False,False,False,True,stop,18190.5,18190.75,-25.25,0.0,-25.25,-1.01,21.25,28.0,0.85,1.12,31,30.0,0,2024-03-01,1.4924924924924925,1.9910714285714288,3.6538461538461537,partial_bullish,0.924740067479171,1.1481085702073093,neutral,bearish,True,False,True,False,reversal,True,False,False,False,bearish,moderate,67.2525686897487,11.892857142857142,9.0,17.25,0.7567567567567568,1.4504504504504505,0.37681159420289856,1.1481085702073093,True,True,True,False,False,2024
121,151782,151783,151784,2024-03-06 15:11:00+00:00,2024-03-06 15:12:00+00:00,2024-03-06 15:13:00+00:00,long,18006.5,18006.75,18007.0,17982.0,18032.0,18057.0,18082.0,18107.0,78.2149515352422,70-79,46.21495153524219,25.0,False,False,False,False,True,stop,17982.0,17981.75,-25.25,0.0,-25.25,-1.01,0.25,26.0,0.01,1.04,2,1.0,0,2024-03-06,1.0602782071097372,4.298327759197324,0.8062387522495501,partial_bearish,0.8397129384171973,1.4317496972598496,bullish,bullish,True,True,True,False,reversal,True,False,False,False,bullish,weak,51.791262793684936,23.107142857142858,6.75,20.25,0.29211746522411125,0.8763523956723338,0.8518518518518519,1.4317496972598496,True,True,True,False,False,2024
122,151786,151787,151846,2024-03-06 15:15:00+00:00,2024-03-06 15:16:00+00:00,2024-03-06 16:15:00+00:00,long,18018.5,18018.5,18018.75,17993.75,18043.75,18068.75,18093.75,18118.75,87.82456140350877,80-89,61.82456140350877,25.0,True,True,True,False,False,max_holding_time,18101.0,18100.75,82.0,0.0,82.0,3.28,89.5,24.25,3.58,0.97,60,59.0,3,2024-03-06,0.8373205741626795,2.864864864864865,2.7885597548518897,partial_bearish,1.09505754230069,1.770647653000594,bullish,bullish,True,True,True,True,reversal,True,False,False,False,bullish,strong,81.87134502923976,22.392857142857142,17.75,22.25,0.7926634768740032,0.9936204146730463,0.9213483146067416,1.7706476530005941,True,False,False,False,True,2024
123,153126,153127,153132,2024-03-07 14:35:00+00:00,2024-03-07 14:36:00+00:00,2024-03-07 14:41:00+00:00,long,18205.0,18205.0,18205.25,18180.25,18230.25,18255.25,18280.25,18305.25,95.32470327377072,90-100,59.32470327377071,25.0,False,False,False,False,True,stop,18180.25,18180.0,-25.25,0.0,-25.25,-1.01,20.0,27.25,0.8,1.09,6,5.0,0,2024-03-07,2.149210903873745,2.753072625698324,3.0429553264604814,strong_bullish,4.59253678074315,1.7638771484925333,bullish,bullish,True,True,True,False,reversal,True,False,False,False,bullish,strong,94.37252728142255,12.446428571428571,14.75,22.0,1.1850789096126255,1.7675753228120517,0.7159090909090909,1.7638771484925333,True,False,False,True,True,2024
124,153133,153134,153136,2024-03-07 14:42:00+00:00,2024-03-07 14:43:00+00:00,2024-03-07 14:45:00+00:00,long,18180.5,18181.0,18181.25,18156.25,18206.25,18231.25,18256.25,18281.25,72.0,70-79,71.38278874498377,25.0,False,False,False,False,True,stop,18156.25,18156.0,-25.25,0.0,-25.25,-1.01,5.75,40.0,0.23,1.6,3,2.0,0,2024-03-07,2.006012024048096,3.0821917808219177,3.0429553264604814,partial_bullish,1.4046990827993466,1.3777264936199771,bullish,neutral,True,True,True,False,reversal,True,False,False,False,bearish,weak,46.81009379180185,17.821428571428573,0.75,21.25,0.04208416833667334,1.1923847695390781,0.08235294117647059,1.3777264936199771,False,False,False,False,False,2024
125,153166,153167,153226,2024-03-07 15:15:00+00:00,2024-03-07 15:16:00+00:00,2024-03-07 16:15:00+00:00,long,18228.5,18228.75,18229.0,18204.0,18254.0,18279.0,18304.0,18329.0,71.94073760740251,70-79,53.94073760740251,25.0,True,True,False,False,False,max_holding_time,18267.25,18267.0,38.0,0.0,38.0,1.52,53.25,20.5,2.13,0.82,60,59.0,2,2024-03-07,1.7788235294117647,1.8300653594771243,1.9189034837235863,strong_bullish,2.03696752545072,2.397932539735676,bullish,bullish,True,False,False,False,reversal,True,False,False,False,bullish,strong,82.8394800616876,15.178571428571429,15.5,22.25,1.0211764705882354,1.4658823529411764,0.7415730337078652,2.3979325397356757,True,False,False,False,False,2024
126,155471,155472,155531,2024-03-11 13:40:00+00:00,2024-03-11 13:41:00+00:00,2024-03-11 14:40:00+00:00,short,18229.0,18228.5,18228.25,18253.25,18203.25,18178.25,18153.25,18128.25,70.17079732995603,70-79,-69.17079732995603,25.0,True,True,True,False,False,max_holding_time,18201.0,18201.25,27.0,0.0,27.0,1.08,90.5,20.75,3.62,0.83,60,59.0,3,2024-03-11,1.957627118644068,0.0181582360570687,1.0424710424710424,partial_bullish,2.0524580285556464,1.1370970733335806,bearish,bearish,True,True,False,False,reversal,True,False,False,False,neutral,none,34.756644416300226,25.285714285714285,1.25,22.0,0.04943502824858757,0.8700564971751413,0.26136363636363635,1.1370970733335806,False,False,False,False,False,2024
127,156863,156864,156878,2024-03-12 13:52:00+00:00,2024-03-12 13:53:00+00:00,2024-03-12 14:07:00+00:00,long,18225.0,18225.25,18225.5,18200.5,18250.5,18275.5,18300.5,18325.5,76.1906430950623,70-79,48.1906430950623,25.0,True,True,True,True,False,tp4,18325.5,18325.25,99.75,0.0,99.75,3.99,103.75,3.25,4.15,0.13,15,14.0,4,2024-03-12,2.242038216560509,2.549949545913219,2.0388349514563107,partial_bearish,0.777362856992584,1.1427624675539847,bullish,bullish,True,True,False,False,reversal,True,False,False,False,bullish,weak,51.58869245885246,19.625,12.75,19.25,0.6496815286624203,0.9808917197452229,0.7532467532467533,1.1427624675539847,False,False,False,False,False,2024
128,156894,156895,156923,2024-03-12 14:23:00+00:00,2024-03-12 14:24:00+00:00,2024-03-12 14:52:00+00:00,long,18344.75,18344.5,18344.75,18319.75,18369.75,18394.75,18419.75,18444.75,85.41012101210121,80-89,59.410121012101214,25.0,True,True,True,True,False,tp4,18444.75,18444.5,99.75,0.0,99.75,3.99,101.25,7.0,4.05,0.28,29,28.0,4,2024-03-12,2.572057205720572,1.9306049822064053,0.258575197889182,partial_bullish,1.7222073399410662,1.915644880141833,bullish,bullish,True,True,True,True,reversal,True,True,False,True,bullish,strong,95.08434176751008,16.232142857142858,17.0,20.5,1.0473047304730472,1.2629262926292628,0.8902439024390244,1.9156448801418333,True,False,False,False,True,2024
129,158221,158222,158252,2024-03-13 13:30:00+00:00,2024-03-13 13:31:00+00:00,2024-03-13 14:01:00+00:00,short,18410.0,18410.25,18410.0,18435.0,18385.0,18360.0,18335.0,18310.0,70.54109649425624,70-79,-44.54109649425624,25.0,True,True,True,True,False,tp4,18310.0,18310.25,99.75,0.0,99.75,3.99,104.5,0.75,4.18,0.03,31,30.0,4,2024-03-13,3.7857142857142856,0.4946236559139785,1.5161943319838058,strong_bearish,16.6679208367823,1.1763706178202888,bearish,bearish,False,True,True,False,continuation,True,True,False,True,bearish,strong,87.84247078546859,7.0,18.25,24.0,2.607142857142857,3.4285714285714284,0.1875,1.1763706178202888,True,False,False,False,False,2024
130,159631,159632,159634,2024-03-14 14:00:00+00:00,2024-03-14 14:01:00+00:00,2024-03-14 14:03:00+00:00,short,18210.75,18211.0,18210.75,18235.75,18185.75,18160.75,18135.75,18110.75,83.82217090069284,80-89,-57.82217090069284,25.0,False,False,False,False,True,stop,18235.75,18236.0,-25.25,0.0,-25.25,-1.01,7.25,39.75,0.29,1.59,3,2.0,0,2024-03-14,1.5519630484988451,4.063324538258575,4.186309830159547,strong_bearish,1.4255830459090286,1.5677870362128816,bearish,bearish,True,True,False,False,reversal,True,True,False,True,bearish,strong,98.518090839107,23.196428571428573,27.0,32.75,1.163972286374134,1.4118552732871439,0.15267175572519084,1.5677870362128816,True,False,False,False,True,2024
131,159637,159638,159642,2024-03-14 14:06:00+00:00,2024-03-14 14:07:00+00:00,2024-03-14 14:11:00+00:00,short,18257.5,18257.5,18257.25,18282.25,18232.25,18207.25,18182.25,18157.25,70.0,70-79,-58.88873657032631,25.0,False,False,False,False,True,stop,18282.25,18282.5,-25.25,0.0,-25.25,-1.01,4.25,36.0,0.17,1.44,5,4.0,0,2024-03-14,1.5720601237842615,3.9250374812593702,4.186309830159547,partial_bearish,0.5026805577505197,1.0099899855890184,bearish,bearish,True,True,False,False,reversal,True,False,False,False,bullish,weak,50.92719524728076,20.196428571428573,10.0,12.0,0.49513704686118476,0.5941644562334217,0.8333333333333334,1.0099899855890184,False,False,False,False,False,2024
132,159643,159644,159661,2024-03-14 14:12:00+00:00,2024-03-14 14:13:00+00:00,2024-03-14 14:30:00+00:00,short,18298.5,18298.5,18298.25,18323.25,18273.25,18248.25,18223.25,18198.25,76.0,70-79,-35.164382600561275,25.0,True,False,False,False,True,stop,18323.25,18323.5,-25.25,0.0,-25.25,-1.01,25.5,38.5,1.02,1.54,18,17.0,1,2024-03-14,1.9644527595884005,2.706395348837209,4.186309830159547,partial_bearish,1.1766330392969118,2.074169530355097,bearish,bearish,True,False,False,False,reversal,True,False,False,False,bullish,moderate,73.63014499532272,19.089285714285715,6.25,16.0,0.3274087932647334,0.8381665107577174,0.71875,2.0741695303550975,False,False,False,False,False,2024
133,161025,161026,161036,2024-03-15 14:14:00+00:00,2024-03-15 14:15:00+00:00,2024-03-15 14:25:00+00:00,short,18094.75,18095.0,18094.75,18119.75,18069.75,18044.75,18019.75,17994.75,78.0,70-79,-78.0,25.0,False,False,False,False,True,stop,18119.75,18120.0,-25.25,0.0,-25.25,-1.01,11.25,31.25,0.45,1.25,11,10.0,0,2024-03-15,1.1226944667201284,0.3342516069788797,4.18968058968059,partial_bearish,1.0090963614554178,1.82307970142066,bearish,bearish,True,False,True,False,reversal,True,False,False,False,neutral,none,23.66479550922213,22.267857142857142,0.5,14.75,0.022453889334402566,0.6623897353648757,0.2542372881355932,1.8230797014206597,False,False,False,False,False,2024
134,162382,162383,162388,2024-03-18 13:51:00+00:00,2024-03-18 13:52:00+00:00,2024-03-18 13:57:00+00:00,long,18324.25,18324.5,18324.75,18299.75,18349.75,18374.75,18399.75,18424.75,74.0,70-79,59.034390989862686,25.0,False,False,False,False,True,stop,18299.75,18299.5,-25.25,0.0,-25.25,-1.01,1.75,35.0,0.07,1.4,6,5.0,0,2024-03-18,1.8496969696969696,2.839556004036327,2.046403712296984,partial_bullish,0.6068091504671893,0.9024658081261856,bullish,bullish,True,False,True,False,reversal,True,False,False,False,bearish,weak,49.71340841781093,14.732142857142858,9.0,15.0,0.6109090909090908,1.018181818181818,0.06666666666666667,0.9024658081261855,False,False,False,False,False,2024
135,163742,163743,163744,2024-03-19 13:31:00+00:00,2024-03-19 13:32:00+00:00,2024-03-19 13:33:00+00:00,short,18116.5,18116.25,18116.0,18141.0,18091.0,18066.0,18041.0,18016.0,85.14869121304507,80-89,-73.14869121304507,25.0,False,False,False,False,True,stop,18141.0,18141.25,-25.25,0.0,-25.25,-1.01,3.25,26.5,0.13,1.06,2,1.0,0,2024-03-19,2.536412078152753,0.2143540669856459,1.4645873944119558,partial_bullish,9.330470290059138,1.408836989279317,bearish,bearish,True,True,True,True,reversal,True,False,False,False,bearish,strong,92.90576010870896,10.053571428571429,17.5,37.0,1.7406749555950265,3.6802841918294846,0.3581081081081081,1.408836989279317,True,False,False,False,True,2024
136,163746,163747,163806,2024-03-19 13:35:00+00:00,2024-03-19 13:36:00+00:00,2024-03-19 14:35:00+00:00,short,18116.0,18116.25,18116.0,18141.0,18091.0,18066.0,18041.0,18016.0,75.80612752271436,70-79,-54.80612752271436,25.0,True,True,False,False,False,max_holding_time,18105.75,18106.0,10.0,0.0,10.0,0.4,62.75,11.0,2.51,0.44,60,59.0,2,2024-03-19,1.1971496437054632,0.4348576358930112,1.4645873944119558,partial_bullish,3.063834850377773,1.3436914988682986,bearish,bearish,True,True,True,True,reversal,True,False,False,False,bearish,weak,56.717729355953,15.035714285714286,13.0,20.5,0.8646080760095012,1.363420427553444,0.36585365853658536,1.3436914988682986,False,False,False,False,False,2024
137,165122,165123,165125,2024-03-20 13:31:00+00:00,2024-03-20 13:32:00+00:00,2024-03-20 13:34:00+00:00,long,18332.0,18332.0,18332.25,18307.25,18357.25,18382.25,18407.25,18432.25,70.25673481188622,70-79,52.25673481188622,25.0,False,False,False,False,True,stop,18307.25,18307.0,-25.25,0.0,-25.25,-1.01,0.25,30.0,0.01,1.2,3,2.0,0,2024-03-20,2.333333333333333,2.0522496371552976,0.7170445004198153,strong_bullish,6.0508809418215534,0.7883098192055972,bullish,bullish,False,True,True,False,continuation,True,True,False,True,bullish,strong,85.4727900990518,7.392857142857143,6.75,13.5,0.9130434782608695,1.826086956521739,0.7962962962962963,0.7883098192055972,True,False,False,False,True,2024
138,165174,165175,165196,2024-03-20 14:23:00+00:00,2024-03-20 14:24:00+00:00,2024-03-20 14:45:00+00:00,long,18278.5,18278.5,18278.75,18255.0,18303.75,18328.75,18353.75,18378.75,71.66089569665974,70-79,67.66089569665974,23.75,True,False,False,False,True,stop,18255.0,18254.75,-24.0,0.0,-24.0,-1.0105263157894735,26.0,25.25,1.0947368421052632,1.063157894736842,22,21.0,1,2024-03-20,1.6775599128540306,0.2297174111212397,1.3551465576005453,partial_bearish,1.985960197391284,1.1757928234390431,bullish,bullish,False,True,True,False,continuation,True,True,False,True,bullish,strong,97.17413080549775,8.196428571428571,10.5,11.75,1.281045751633987,1.4335511982570806,0.9361702127659575,1.1757928234390431,True,False,False,True,True,2024
139,166505,166506,166525,2024-03-21 13:34:00+00:00,2024-03-21 13:35:00+00:00,2024-03-21 13:54:00+00:00,long,18659.25,18659.5,18659.75,18634.75,18684.75,18709.75,18734.75,18759.75,76.0,70-79,71.60467956555172,25.0,True,False,False,False,True,stop,18634.75,18634.5,-25.25,0.0,-25.25,-1.01,48.75,28.75,1.95,1.15,20,19.0,1,2024-03-21,2.4821150855365475,2.7404255319148936,1.906163753449862,partial_bullish,2.407226472485944,0.9764450758992,bullish,bullish,True,True,False,False,reversal,True,False,False,False,bearish,moderate,61.627670287068945,11.482142857142858,5.0,13.0,0.43545878693623635,1.1321928460342146,0.3076923076923077,0.9764450758991999,False,False,False,False,False,2024
140,169319,169320,169367,2024-03-25 14:28:00+00:00,2024-03-25 14:29:00+00:00,2024-03-25 15:16:00+00:00,short,18515.5,18515.75,18515.5,18540.5,18490.5,18465.5,18440.5,18415.5,80.21279774115337,80-89,-48.212797741153366,25.0,False,False,False,False,True,stop,18540.5,18540.75,-25.25,0.0,-25.25,-1.01,16.5,26.25,0.66,1.05,48,47.0,0,2024-03-25,1.204,1.6218905472636815,1.2481927710843377,partial_bullish,0.5711449531511028,0.7239971764417027,bearish,bearish,True,False,True,False,reversal,True,False,False,False,bearish,moderate,68.43998117627801,8.928571428571429,2.75,7.5,0.308,0.84,0.16666666666666666,0.7239971764417027,True,False,False,False,True,2024
141,172023,172024,172027,2024-03-27 13:32:00+00:00,2024-03-27 13:33:00+00:00,2024-03-27 13:36:00+00:00,long,18536.25,18536.25,18536.5,18511.5,18561.5,18586.5,18611.5,18636.5,74.0,70-79,18.23497942386831,25.0,False,False,False,False,True,stop,18511.5,18511.25,-25.25,0.0,-25.25,-1.01,3.25,45.75,0.13,1.83,4,3.0,0,2024-03-27,3.7966101694915255,1.6047430830039524,2.982456140350877,partial_bullish,6.234007908816003,1.206275720164609,bullish,bullish,False,True,True,False,continuation,True,False,True,True,bearish,strong,98.04183813443072,7.375,12.75,17.25,1.728813559322034,2.3389830508474576,0.17391304347826086,1.206275720164609,False,False,False,False,False,2024
142,172037,172038,172044,2024-03-27 13:46:00+00:00,2024-03-27 13:47:00+00:00,2024-03-27 13:53:00+00:00,long,18508.5,18508.75,18509.0,18484.0,18534.0,18559.0,18584.0,18609.0,78.43908933306771,70-79,78.43908933306771,25.0,False,False,False,False,True,stop,18484.0,18483.75,-25.25,0.0,-25.25,-1.01,5.0,29.0,0.2,1.16,7,6.0,0,2024-03-27,1.002386634844869,4.130081300813008,1.1174311926605505,partial_bearish,0.7862843629914277,0.7143026387495756,bullish,bullish,True,False,True,False,reversal,True,False,False,False,bullish,weak,53.65907777556422,14.964285714285714,3.75,10.75,0.2505966587112172,0.7183770883054893,0.6976744186046512,0.7143026387495756,True,True,True,False,True,2024
143,172046,172047,172052,2024-03-27 13:55:00+00:00,2024-03-27 13:56:00+00:00,2024-03-27 14:01:00+00:00,long,18460.5,18460.0,18460.25,18435.25,18485.25,18510.25,18535.25,18560.25,74.0,70-79,41.112,25.0,False,False,False,False,True,stop,18435.25,18435.0,-25.25,0.0,-25.25,-1.01,2.25,35.75,0.09,1.43,6,5.0,0,2024-03-27,3.5225806451612907,5.0583941605839415,1.1174311926605505,strong_bearish,1.2839952583596994,1.6238136324417602,bullish,bullish,False,False,True,False,continuation,True,False,False,False,bearish,strong,82.4,13.839285714285714,7.5,18.5,0.5419354838709678,1.3367741935483872,0.16216216216216217,1.6238136324417602,False,False,False,False,False,2024
144,172059,172060,172092,2024-03-27 14:08:00+00:00,2024-03-27 14:09:00+00:00,2024-03-27 14:41:00+00:00,short,18418.0,18417.25,18417.0,18442.0,18392.0,18367.0,18342.0,18317.0,82.0,80-89,-82.0,25.0,True,False,False,False,True,stop,18442.0,18442.25,-25.25,0.0,-25.25,-1.01,38.5,26.25,1.54,1.05,33,32.0,1,2024-03-27,1.5555555555555554,3.6267409470752088,3.7165231010180113,partial_bearish,0.5614446127032201,0.7676305997480297,bearish,bearish,True,True,True,False,reversal,True,False,False,False,bullish,weak,42.30227108501473,17.839285714285715,8.75,12.75,0.4904904904904905,0.7147147147147147,0.7254901960784313,0.7676305997480297,False,False,False,False,False,2024
145,173439,173440,173499,2024-03-28 14:08:00+00:00,2024-03-28 14:09:00+00:00,2024-03-28 15:08:00+00:00,short,18505.0,18504.5,18504.25,18529.25,18479.25,18454.25,18429.25,18404.25,84.05452597078317,80-89,-72.05452597078317,25.0,True,False,False,False,False,max_holding_time,18494.75,18495.0,9.25,0.0,9.25,0.37,28.25,12.25,1.13,0.49,60,59.0,1,2024-03-28,2.2773972602739727,1.904593639575972,1.329608938547486,partial_bullish,1.5871188763275097,1.169580013531663,bearish,bearish,True,True,True,True,reversal,True,False,False,False,bearish,strong,83.78771642319317,10.428571428571429,7.5,13.0,0.7191780821917808,1.2465753424657533,0.3076923076923077,1.169580013531663,True,True,True,False,True,2024
146,177542,177543,177566,2024-04-03 13:31:00+00:00,2024-04-03 13:32:00+00:00,2024-04-03 13:55:00+00:00,short,18259.75,18259.25,18259.0,18284.0,18234.0,18209.0,18184.0,18159.0,70.0,70-79,-33.55973422742065,25.0,False,False,False,False,True,stop,18284.0,18284.25,-25.25,0.0,-25.25,-1.01,9.25,26.0,0.37,1.04,24,23.0,0,2024-04-03,2.3526970954356847,1.95213319458897,2.9930286599535245,partial_bearish,3.643113159242192,0.6312450787947345,bearish,neutral,True,True,True,False,reversal,True,False,False,False,bullish,strong,78.66888143816129,8.607142857142858,6.0,17.0,0.6970954356846473,1.975103734439834,0.7941176470588235,0.6312450787947345,False,False,False,False,False,2024
147,177580,177581,177584,2024-04-03 14:09:00+00:00,2024-04-03 14:10:00+00:00,2024-04-03 14:13:00+00:00,short,18332.5,18333.0,18332.75,18357.75,18307.75,18282.75,18257.75,18232.75,75.74561403508773,70-79,-67.74561403508773,25.0,False,False,False,False,True,stop,18357.75,18358.0,-25.25,0.0,-25.25,-1.01,4.25,26.5,0.17,1.06,4,3.0,0,2024-04-03,1.212719298245614,3.226086956521739,0.2360080917060013,partial_bearish,1.6838517623711118,1.8540686903235,bearish,bearish,True,True,False,False,reversal,True,True,False,True,bearish,strong,81.21345029239767,16.285714285714285,17.75,21.25,1.0899122807017545,1.3048245614035088,0.15294117647058825,1.8540686903235002,False,False,False,False,True,2024
148,177590,177591,177597,2024-04-03 14:19:00+00:00,2024-04-03 14:20:00+00:00,2024-04-03 14:26:00+00:00,short,18390.0,18389.75,18389.5,18414.5,18364.5,18339.5,18314.5,18289.5,70.0,70-79,-61.63289984625495,25.0,False,False,False,False,True,stop,18414.5,18414.75,-25.25,0.0,-25.25,-1.01,6.25,27.5,0.25,1.1,7,6.0,0,2024-04-03,1.4476439790575917,3.6529338327091136,3.13168044077135,strong_bullish,0.5493936458089733,0.8489275482022558,bearish,bearish,True,False,False,False,reversal,True,False,False,False,bullish,weak,44.725834614542094,13.642857142857142,4.75,9.0,0.3481675392670157,0.6596858638743456,0.8888888888888888,0.8489275482022558,False,False,False,False,False,2024
149,178951,178952,178973,2024-04-04 14:00:00+00:00,2024-04-04 14:01:00+00:00,2024-04-04 14:22:00+00:00,long,18527.0,18527.5,18527.75,18504.5,18552.75,18577.75,18602.75,18627.75,77.91493641798711,70-79,74.91493641798711,23.25,False,False,False,False,True,stop,18504.5,18504.25,-23.5,0.0,-23.5,-1.010752688172043,3.5,29.0,0.1505376344086021,1.2473118279569892,22,21.0,0,2024-04-04,0.646795827123696,1.736220472440945,1.3471901462663587,partial_bullish,1.5689089144968569,0.8622100157774791,bullish,bullish,True,False,True,False,reversal,True,False,False,False,bullish,moderate,65.95780348322592,11.982142857142858,9.25,12.5,0.7719821162444113,1.0432190760059612,0.74,0.8622100157774791,True,True,True,False,False,2024
150,180343,180344,180349,2024-04-05 14:12:00+00:00,2024-04-05 14:13:00+00:00,2024-04-05 14:18:00+00:00,long,18250.25,18250.5,18250.75,18225.75,18275.75,18300.75,18325.75,18350.75,84.4,80-89,46.400000000000006,25.0,False,False,False,False,True,stop,18225.75,18225.5,-25.25,0.0,-25.25,-1.01,2.25,33.5,0.09,1.34,6,5.0,0,2024-04-05,3.4306306306306302,1.0972423802612483,0.6296296296296297,strong_bullish,1.9322761752230768,2.39954539990602,bullish,bullish,True,True,True,False,reversal,True,True,False,True,bullish,strong,86.66666666666666,19.821428571428573,44.75,47.75,2.2576576576576577,2.409009009009009,0.93717277486911,2.39954539990602,True,True,True,False,False,2024
151,180352,180353,180357,2024-04-05 14:21:00+00:00,2024-04-05 14:22:00+00:00,2024-04-05 14:26:00+00:00,long,18225.5,18225.5,18225.75,18200.75,18250.75,18275.75,18300.75,18325.75,77.11605203166202,70-79,77.11605203166202,25.0,False,False,False,False,True,stop,18200.75,18200.5,-25.25,0.0,-25.25,-1.01,7.0,31.75,0.28,1.27,5,4.0,0,2024-04-05,0.585972850678733,0.1095764272559852,2.101951413779371,partial_bearish,0.6871868289191124,0.9900876640119176,bullish,bullish,True,True,True,False,reversal,True,False,False,False,bullish,weak,42.633766930516856,15.785714285714286,3.25,12.0,0.20588235294117646,0.7601809954751131,0.9375,0.9900876640119177,False,False,False,False,False,2024
152,181682,181683,181685,2024-04-08 13:31:00+00:00,2024-04-08 13:32:00+00:00,2024-04-08 13:34:00+00:00,long,18326.0,18326.0,18326.25,18301.25,18351.25,18376.25,18401.25,18426.25,71.27764995561523,70-79,37.27764995561523,25.0,False,False,False,False,True,stop,18301.25,18301.0,-25.25,0.0,-25.25,-1.01,3.75,38.5,0.15,1.54,3,2.0,0,2024-04-08,2.014388489208633,2.022222222222222,0.7973372781065089,partial_bearish,6.772291553626334,1.0719725164614944,bullish,bullish,True,False,False,False,reversal,True,False,False,False,bullish,weak,43.980416296793656,9.928571428571429,7.0,20.0,0.7050359712230215,2.014388489208633,0.6125,1.0719725164614944,False,False,False,False,False,2024
153,181700,181701,181760,2024-04-08 13:49:00+00:00,2024-04-08 13:50:00+00:00,2024-04-08 14:49:00+00:00,long,18290.25,18290.5,18290.75,18265.75,18315.75,18340.75,18365.75,18390.75,72.0,70-79,61.61287899759371,25.0,True,True,True,False,False,max_holding_time,18361.5,18361.25,70.5,0.0,70.5,2.82,83.75,21.0,3.35,0.84,60,59.0,3,2024-04-08,0.6035751840168244,3.307513555383424,1.564102564102564,partial_bearish,0.6160481599336888,0.8896237611710167,bullish,bullish,True,True,True,False,reversal,True,False,False,False,neutral,none,36.559341686719094,16.982142857142858,8.0,14.25,0.47108307045215564,0.8391167192429022,0.3157894736842105,0.8896237611710167,False,False,False,False,False,2024
154,183065,183066,183118,2024-04-09 13:34:00+00:00,2024-04-09 13:35:00+00:00,2024-04-09 14:27:00+00:00,long,18353.0,18353.5,18353.75,18328.75,18378.75,18403.75,18428.75,18453.75,78.0,70-79,44.400000000000006,25.0,True,False,False,False,True,stop,18328.75,18328.5,-25.25,0.0,-25.25,-1.01,49.25,43.25,1.97,1.73,53,52.0,1,2024-04-09,3.2372372372372373,2.1678726483357456,1.1473759884974837,partial_bullish,4.282062902202483,1.794425748816858,bullish,bullish,True,True,True,False,reversal,True,False,True,True,bearish,strong,96.66666666666666,11.892857142857142,19.75,23.0,1.6606606606606606,1.933933933933934,0.05434782608695652,1.794425748816858,False,False,False,False,False,2024
155,184457,184458,184459,2024-04-10 13:46:00+00:00,2024-04-10 13:47:00+00:00,2024-04-10 13:48:00+00:00,short,18116.5,18116.5,18116.25,18141.25,18091.25,18066.25,18041.25,18016.25,83.94097530082331,80-89,-59.94097530082331,25.0,False,False,False,False,True,stop,18141.25,18141.5,-25.25,0.0,-25.25,-1.01,9.0,25.25,0.36,1.01,2,1.0,0,2024-04-10,1.7555414819506014,1.8159246575342465,3.789808917197452,partial_bearish,1.4949920513944406,1.939206734441031,bearish,bearish,True,True,True,True,reversal,True,False,False,False,bearish,strong,82.8414608401942,28.196428571428573,16.5,37.75,0.5851804939835339,1.3388220392653578,0.16556291390728478,1.939206734441031,True,True,True,False,True,2024
156,184463,184464,184465,2024-04-10 13:52:00+00:00,2024-04-10 13:53:00+00:00,2024-04-10 13:54:00+00:00,short,18167.5,18167.75,18167.5,18192.5,18142.5,18117.5,18092.5,18067.5,75.64896253756456,70-79,-47.64896253756456,25.0,False,False,False,False,True,stop,18192.5,18192.75,-25.25,0.0,-25.25,-1.01,15.0,33.0,0.6,1.32,2,1.0,0,2024-04-10,1.269521410579345,0.2294117647058823,3.789808917197452,partial_bullish,0.6411468905702159,1.081275590091711,bearish,bearish,True,True,True,True,reversal,True,False,False,False,neutral,none,30.408021146371272,28.357142857142858,8.25,16.0,0.29093198992443325,0.5642317380352645,0.34375,1.081275590091711,False,False,False,False,False,2024
157,184466,184467,184468,2024-04-10 13:55:00+00:00,2024-04-10 13:56:00+00:00,2024-04-10 13:57:00+00:00,short,18182.25,18182.5,18182.25,18207.25,18157.25,18132.25,18107.25,18082.25,75.17004276357851,70-79,-47.17004276357851,25.0,False,False,False,False,True,stop,18207.25,18207.5,-25.25,0.0,-25.25,-1.01,5.25,26.0,0.21,1.04,2,1.0,0,2024-04-10,1.1101694915254237,1.1899441340782122,3.789808917197452,partial_bullish,0.8182375291089594,1.3989941324392288,bearish,bearish,True,False,True,False,reversal,True,False,False,False,neutral,none,26.417023029820847,29.5,11.0,22.25,0.3728813559322034,0.7542372881355932,0.5056179775280899,1.3989941324392288,False,False,False,False,False,2024
158,184469,184470,184505,2024-04-10 13:58:00+00:00,2024-04-10 13:59:00+00:00,2024-04-10 14:34:00+00:00,short,18186.5,18186.25,18186.0,18211.0,18161.0,18136.0,18111.0,18086.0,70.97910447761194,70-79,-50.97910447761194,25.0,True,False,False,False,True,stop,18211.0,18211.25,-25.25,0.0,-25.25,-1.01,38.5,30.0,1.54,1.2,36,35.0,1,2024-04-10,0.3830845771144278,1.1899441340782122,3.789808917197452,partial_bullish,0.6817710493571133,1.572566781768988,bearish,bearish,True,False,False,False,reversal,True,False,False,False,bearish,weak,41.492537313432834,28.714285714285715,9.0,18.0,0.31343283582089554,0.6268656716417911,0.3611111111111111,1.5725667817689881,False,False,False,False,False,2024
159,185831,185832,185858,2024-04-11 13:40:00+00:00,2024-04-11 13:41:00+00:00,2024-04-11 14:07:00+00:00,long,18242.0,18241.5,18241.75,18216.75,18266.75,18291.75,18316.75,18341.75,70.91962441314554,70-79,70.91962441314554,25.0,True,False,False,False,True,stop,18216.75,18216.5,-25.25,0.0,-25.25,-1.01,32.25,25.0,1.29,1.0,27,26.0,1,2024-04-11,1.3408450704225352,0.7795975666822649,3.584053794428434,partial_bearish,2.322771703559051,1.5289971253610957,bullish,bullish,True,True,False,False,reversal,True,False,False,False,bullish,weak,40.996870109546165,19.017857142857142,2.0,20.75,0.1051643192488263,1.0910798122065728,0.9397590361445783,1.5289971253610957,False,False,False,False,False,2024
160,187204,187205,187230,2024-04-12 13:33:00+00:00,2024-04-12 13:34:00+00:00,2024-04-12 13:59:00+00:00,short,18313.25,18313.0,18312.75,18337.75,18287.75,18262.75,18237.75,18212.75,71.45680438012242,70-79,-58.45680438012242,25.0,False,False,False,False,True,stop,18337.75,18338.0,-25.25,0.0,-25.25,-1.01,18.0,30.5,0.72,1.22,26,25.0,0,2024-04-12,1.7716643741403026,0.1666666666666666,3.809523809523809,partial_bearish,2.561175715202968,1.009107263323589,bearish,bearish,True,False,False,False,reversal,True,False,False,False,bearish,weak,45.4733698343535,12.982142857142858,7.5,14.0,0.577716643741403,1.078404401650619,0.017857142857142856,1.009107263323589,False,False,False,False,False,2024
161,188623,188624,188649,2024-04-15 14:12:00+00:00,2024-04-15 14:13:00+00:00,2024-04-15 14:38:00+00:00,long,18217.75,18217.25,18217.5,18192.5,18242.5,18267.5,18292.5,18317.5,73.49666366095582,70-79,53.49666366095582,25.0,True,False,False,False,True,stop,18192.5,18192.25,-25.25,0.0,-25.25,-1.01,43.25,27.0,1.73,1.08,26,25.0,1,2024-04-15,2.587917042380523,2.3477722772277225,0.6810344827586207,strong_bearish,1.9204553233519464,2.043857914511412,bullish,bullish,True,True,False,False,reversal,True,True,False,True,bullish,moderate,62.4721971746318,19.803571428571427,25.25,28.0,1.2750225428313797,1.4138863841298468,0.9553571428571429,2.043857914511412,False,False,False,False,False,2024
162,190006,190007,190008,2024-04-16 14:15:00+00:00,2024-04-16 14:16:00+00:00,2024-04-16 14:17:00+00:00,long,17928.0,17927.5,17927.75,17902.75,17952.75,17977.75,18002.75,18027.75,85.22566371681415,80-89,69.22566371681415,25.0,False,False,False,False,True,stop,17902.75,17902.5,-25.25,0.0,-25.25,-1.01,2.25,32.25,0.09,1.29,2,1.0,0,2024-04-16,2.183628318584071,1.9588477366255144,0.4967320261437908,strong_bullish,1.9556361383014127,1.645441291481206,bullish,bullish,True,False,True,False,reversal,True,False,False,False,bullish,strong,93.54719764011799,16.142857142857142,15.5,20.25,0.9601769911504425,1.254424778761062,0.8518518518518519,1.645441291481206,True,False,False,False,True,2024
163,191374,191375,191434,2024-04-17 14:03:00+00:00,2024-04-17 14:04:00+00:00,2024-04-17 15:03:00+00:00,short,17853.75,17854.0,17853.75,17878.75,17828.75,17803.75,17778.75,17753.75,70.1281290129909,70-79,-52.1281290129909,25.0,True,True,True,False,False,max_holding_time,17839.75,17840.0,13.75,0.0,13.75,0.55,90.0,18.75,3.6,0.75,60,59.0,3,2024-04-17,1.9027624309392264,1.5070527097253157,0.8690842040565459,strong_bearish,2.046565513877173,2.1966730297245705,bearish,bearish,False,True,True,False,continuation,True,False,False,False,bearish,strong,84.40107510825743,16.160714285714285,11.25,18.5,0.6961325966850829,1.1447513812154697,0.3108108108108108,2.1966730297245705,True,False,False,False,True,2024
164,194123,194124,194140,2024-04-19 13:52:00+00:00,2024-04-19 13:53:00+00:00,2024-04-19 14:09:00+00:00,long,17455.75,17455.75,17456.0,17431.0,17481.0,17506.0,17531.0,17556.0,74.93268608414239,70-79,53.93268608414239,25.0,True,False,False,False,True,stop,17431.0,17430.75,-25.25,0.0,-25.25,-1.01,29.0,25.75,1.16,1.03,17,16.0,1,2024-04-19,1.29126213592233,0.9135802469135802,1.1362725450901805,strong_bearish,1.335925900804148,1.7557622401172754,neutral,bullish,True,False,True,False,reversal,True,False,False,False,bullish,weak,57.772384034519966,22.071428571428573,12.5,35.75,0.5663430420711973,1.6197411003236244,0.8461538461538461,1.7557622401172754,False,False,False,False,False,2024
165,196882,196883,196920,2024-04-23 13:51:00+00:00,2024-04-23 13:52:00+00:00,2024-04-23 14:29:00+00:00,long,17470.25,17470.0,17470.25,17445.25,17495.25,17520.25,17545.25,17570.25,72.662203351542,70-79,56.662203351542,25.0,True,True,True,True,False,tp4,17570.25,17570.0,99.75,0.0,99.75,3.99,100.5,1.0,4.02,0.04,38,37.0,4,2024-04-23,1.218372280419017,2.6676994577846638,2.379800853485064,partial_bullish,1.0049773093251355,1.4081329162607046,bullish,bullish,False,True,True,False,continuation,True,False,False,False,neutral,none,38.851694596183364,22.160714285714285,4.0,18.0,0.18049959709911362,0.8122481869460113,0.8194444444444444,1.4081329162607046,False,False,False,False,False,2024
166,198267,198268,198316,2024-04-24 13:56:00+00:00,2024-04-24 13:57:00+00:00,2024-04-24 14:45:00+00:00,long,17716.75,17716.75,17717.0,17692.0,17742.0,17767.0,17792.0,17817.0,78.0,70-79,53.0,25.0,True,True,False,False,True,stop,17692.0,17691.75,-25.25,0.0,-25.25,-1.01,59.0,27.0,2.36,1.08,49,48.0,2,2024-04-24,4.749116607773852,1.4467408585055643,1.305750350631136,partial_bullish,1.9740104158000695,2.6716508658544824,bullish,bullish,True,False,True,False,reversal,True,False,True,True,bearish,strong,100.0,15.160714285714286,26.0,31.0,1.7149587750294464,2.044758539458186,0.16129032258064516,2.6716508658544824,False,False,False,False,False,2024
167,201060,201061,201066,2024-04-26 14:29:00+00:00,2024-04-26 14:30:00+00:00,2024-04-26 14:35:00+00:00,short,17795.25,17795.5,17795.25,17820.25,17770.25,17745.25,17720.25,17695.25,82.0,80-89,-68.0,25.0,False,False,False,False,True,stop,17820.25,17820.5,-25.25,0.0,-25.25,-1.01,14.0,39.75,0.56,1.59,6,5.0,0,2024-04-26,2.581967213114754,1.2830957230142568,2.134115060461708,partial_bullish,1.6372507138521033,1.9195234141262367,bearish,bearish,False,True,True,False,continuation,True,True,False,True,bearish,strong,100.0,13.071428571428571,16.75,20.75,1.2814207650273224,1.5874316939890711,0.12048192771084337,1.9195234141262372,True,False,False,True,True,2024
168,202389,202390,202391,2024-04-29 13:38:00+00:00,2024-04-29 13:39:00+00:00,2024-04-29 13:40:00+00:00,long,17906.0,17905.75,17906.0,17881.0,17931.0,17956.0,17981.0,18006.0,78.0,70-79,39.05868904043714,25.0,False,False,False,False,True,stop,17881.0,17880.75,-25.25,0.0,-25.25,-1.01,1.75,34.0,0.07,1.36,2,1.0,0,2024-04-29,2.5251989389920424,1.6644649933949802,0.3876464323748669,partial_bullish,1.6494257554777223,0.9856572670928384,bullish,bullish,True,True,True,False,reversal,True,False,False,False,bearish,weak,41.17759132969054,13.464285714285714,0.25,8.75,0.01856763925729443,0.649867374005305,0.8,0.9856572670928384,False,False,False,False,False,2024
169,202399,202400,202404,2024-04-29 13:48:00+00:00,2024-04-29 13:49:00+00:00,2024-04-29 13:53:00+00:00,long,17859.75,17859.75,17860.0,17835.0,17885.0,17910.0,17935.0,17960.0,70.0,70-79,54.52153508037705,25.0,False,False,False,False,True,stop,17835.0,17834.75,-25.25,0.0,-25.25,-1.01,9.5,26.5,0.38,1.06,5,4.0,0,2024-04-29,1.5314917127071823,3.481546572934973,2.81893313298272,partial_bearish,0.5597500650872168,0.6439375031198523,bullish,bullish,True,False,False,False,reversal,True,False,False,False,neutral,none,28.987207663524607,16.160714285714285,4.0,9.0,0.24751381215469614,0.5569060773480663,0.3055555555555556,0.6439375031198523,False,False,False,False,False,2024
170,202405,202406,202465,2024-04-29 13:54:00+00:00,2024-04-29 13:55:00+00:00,2024-04-29 14:54:00+00:00,long,17833.75,17833.75,17834.0,17809.0,17859.0,17884.0,17909.0,17934.0,70.0,70-79,70.0,25.0,True,True,True,False,False,max_holding_time,17885.25,17885.0,51.0,0.0,51.0,2.04,82.5,4.0,3.3,0.16,60,59.0,3,2024-04-29,2.2864321608040203,1.9444444444444444,2.81893313298272,strong_bearish,0.8873575921080431,1.2008709613565884,bullish,bullish,True,False,False,False,reversal,True,False,False,False,bearish,weak,45.02183895271466,14.214285714285714,4.25,15.75,0.2989949748743719,1.1080402010050252,0.31746031746031744,1.2008709613565884,False,False,False,False,False,2024
171,203762,203763,203765,2024-04-30 13:31:00+00:00,2024-04-30 13:32:00+00:00,2024-04-30 13:34:00+00:00,short,17827.0,17826.75,17826.5,17851.5,17801.5,17776.5,17751.5,17726.5,81.80479149338683,80-89,-55.80479149338683,25.0,False,False,False,False,True,stop,17851.5,17851.75,-25.25,0.0,-25.25,-1.01,1.25,31.5,0.05,1.26,3,2.0,0,2024-04-30,1.2962962962962965,0.7165354330708662,1.895148669796557,partial_bearish,5.837246303698242,0.8177177617952608,bearish,bearish,True,False,True,False,reversal,True,False,False,False,bearish,moderate,65.03992911155689,8.678571428571429,5.25,15.0,0.6049382716049383,1.728395061728395,0.13333333333333333,0.8177177617952608,True,True,True,False,False,2024
172,205142,205143,205202,2024-05-01 13:31:00+00:00,2024-05-01 13:32:00+00:00,2024-05-01 14:31:00+00:00,short,17486.5,17487.0,17486.75,17511.75,17461.75,17436.75,17411.75,17386.75,74.88013991872529,70-79,-56.88013991872529,25.0,True,True,False,False,False,max_holding_time,17472.0,17472.25,14.5,0.0,14.5,0.58,61.25,24.25,2.45,0.97,60,59.0,2,2024-05-01,2.606896551724138,0.2461220268872802,1.778102189781022,partial_bullish,6.305426669356466,0.8501748984066021,bearish,bearish,True,True,True,False,reversal,True,True,False,True,bearish,moderate,74.00116598937736,10.357142857142858,26.75,32.25,2.582758620689655,3.1137931034482755,0.17054263565891473,0.8501748984066021,True,False,False,False,False,2024
173,206527,206528,206539,2024-05-02 13:36:00+00:00,2024-05-02 13:37:00+00:00,2024-05-02 13:48:00+00:00,long,17531.25,17531.25,17531.5,17506.5,17556.5,17581.5,17606.5,17631.5,70.0771363140952,70-79,57.0771363140952,25.0,False,False,False,False,True,stop,17506.5,17506.25,-25.25,0.0,-25.25,-1.01,23.5,28.25,0.94,1.13,12,11.0,0,2024-05-02,1.8091787439613525,1.0953545232273838,0.3612903225806452,strong_bearish,2.9099462365591395,1.354324141166658,bullish,bullish,True,True,False,False,reversal,True,False,False,False,neutral,none,33.97613595079327,14.785714285714286,0.25,19.75,0.016908212560386472,1.3357487922705313,0.6329113924050633,1.354324141166658,False,False,False,False,False,2024
174,206547,206548,206550,2024-05-02 13:56:00+00:00,2024-05-02 13:57:00+00:00,2024-05-02 13:59:00+00:00,long,17522.75,17522.5,17522.75,17497.75,17547.75,17572.75,17597.75,17622.75,81.12760677271135,80-89,63.12760677271135,25.0,False,False,False,False,True,stop,17497.75,17497.5,-25.25,0.0,-25.25,-1.01,4.75,25.75,0.19,1.03,3,2.0,0,2024-05-02,1.2842582106455267,2.889952153110048,1.3013365735115432,partial_bearish,0.8554314174182259,0.9717961216083189,bullish,bullish,True,False,True,False,reversal,True,False,False,False,bullish,strong,76.06338977259453,15.767857142857142,12.25,18.75,0.7768969422423556,1.189127972819932,1.0,0.9717961216083187,True,True,True,False,False,2024
175,206552,206553,206555,2024-05-02 14:01:00+00:00,2024-05-02 14:02:00+00:00,2024-05-02 14:04:00+00:00,short,17452.75,17452.25,17452.0,17477.0,17427.0,17402.0,17377.0,17352.0,70.0,70-79,-22.0,25.0,False,False,False,False,True,stop,17477.0,17477.25,-25.25,0.0,-25.25,-1.01,13.25,26.0,0.53,1.04,3,2.0,0,2024-05-02,3.9043824701195216,1.7139055222887558,3.373404255319149,strong_bearish,2.491219721125018,2.5915364660686357,bearish,bearish,False,True,False,False,continuation,True,True,False,True,bearish,strong,100.0,17.928571428571427,39.0,45.5,2.175298804780877,2.5378486055776897,0.12087912087912088,2.5915364660686353,True,False,False,False,True,2024
176,207904,207905,207931,2024-05-03 13:33:00+00:00,2024-05-03 13:34:00+00:00,2024-05-03 14:00:00+00:00,long,17933.75,17933.25,17933.5,17908.5,17958.5,17983.5,18008.5,18033.5,74.90274437462458,70-79,69.90274437462458,25.0,True,True,True,True,False,tp4,18033.5,18033.25,99.75,0.0,99.75,3.99,116.5,8.5,4.66,0.34,27,26.0,4,2024-05-03,1.0968660968660968,0.5342019543973942,5.209143968871596,partial_bullish,3.2834177998945124,0.9453820352322848,bullish,bullish,True,True,True,False,reversal,True,False,False,False,bullish,weak,40.85620312187145,12.535714285714286,1.25,18.25,0.0997150997150997,1.4558404558404558,0.7945205479452054,0.9453820352322848,False,False,False,False,False,2024
177,207932,207933,207935,2024-05-03 14:01:00+00:00,2024-05-03 14:02:00+00:00,2024-05-03 14:04:00+00:00,long,17955.5,17956.0,17956.25,17931.25,17981.25,18006.25,18031.25,18056.25,88.0,80-89,32.32767031118587,25.0,True,False,False,False,True,stop,17931.25,17931.0,-25.25,0.0,-25.25,-1.01,34.25,25.0,1.37,1.0,3,2.0,1,2024-05-03,2.708158116063919,2.0916509730069053,2.022881355932203,partial_bullish,2.3811764705882354,1.980394476958504,bullish,bullish,True,False,True,True,reversal,True,False,True,True,bearish,strong,97.26941407345109,21.232142857142858,22.0,44.5,1.0361648444070648,2.095878889823381,0.1853932584269663,1.9803944769585042,False,False,False,False,False,2024
178,207959,207960,207963,2024-05-03 14:28:00+00:00,2024-05-03 14:29:00+00:00,2024-05-03 14:32:00+00:00,long,17952.25,17952.0,17952.25,17927.25,17977.25,18002.25,18027.25,18052.25,83.58515603403947,80-89,83.58515603403947,25.0,False,False,False,False,True,stop,17927.25,17927.0,-25.25,0.0,-25.25,-1.01,14.75,27.75,0.59,1.11,4,3.0,0,2024-05-03,1.391812865497076,1.6126582278481014,0.0488656195462478,partial_bullish,1.4269760516193075,1.4288134636019654,bullish,bullish,True,True,True,True,reversal,True,True,False,True,bullish,strong,96.54296695032889,21.375,27.0,29.25,1.263157894736842,1.368421052631579,1.0,1.4288134636019654,True,True,True,False,True,2024
179,209283,209284,209343,2024-05-06 13:32:00+00:00,2024-05-06 13:33:00+00:00,2024-05-06 14:32:00+00:00,long,18048.5,18048.25,18048.5,18023.5,18073.5,18098.5,18123.5,18148.5,78.0,70-79,36.44137753580007,25.0,True,True,False,False,False,max_holding_time,18093.75,18093.5,45.0,0.0,45.0,1.8,68.25,2.5,2.73,0.1,60,59.0,2,2024-05-06,1.943529411764706,1.2581261950286808,1.882506527415144,partial_bullish,4.582052858020898,0.6904775687409551,bullish,bullish,True,False,True,False,reversal,True,False,False,False,bearish,moderate,62.98852053499938,7.589285714285714,7.25,17.25,0.9552941176470588,2.2729411764705882,0.34782608695652173,0.6904775687409551,False,False,False,False,False,2024
180,212080,212081,212093,2024-05-08 14:09:00+00:00,2024-05-08 14:10:00+00:00,2024-05-08 14:22:00+00:00,short,18162.0,18162.25,18162.0,18187.0,18137.0,18112.0,18087.0,18062.0,74.47260710716603,70-79,-66.47260710716603,25.0,False,False,False,False,True,stop,18187.0,18187.25,-25.25,0.0,-25.25,-1.01,10.5,30.25,0.42,1.21,13,12.0,0,2024-05-08,1.1261425959780622,2.968814968814969,3.335324869305452,partial_bullish,0.5727712137486574,0.4093146426412596,bearish,bearish,True,True,False,True,reversal,True,False,False,False,neutral,none,37.2717258930502,9.767857142857142,5.0,7.5,0.5118829981718465,0.7678244972577697,0.13333333333333333,0.40931464264125966,False,False,False,False,False,2024
181,216210,216211,216270,2024-05-13 13:59:00+00:00,2024-05-13 14:00:00+00:00,2024-05-13 14:59:00+00:00,long,18286.0,18286.25,18286.5,18261.5,18311.5,18336.5,18361.5,18386.5,74.58977888669018,70-79,62.58977888669018,25.0,True,False,False,False,False,max_holding_time,18294.0,18293.75,7.25,0.0,7.25,0.29,25.25,9.5,1.01,0.38,60,59.0,1,2024-05-13,0.8764805414551607,3.3268817204301078,1.6338028169014085,partial_bearish,1.396282304456083,1.9350328702739683,bullish,bullish,False,True,True,False,continuation,True,False,False,False,bullish,strong,88.24815738908487,10.553571428571429,9.75,14.75,0.9238578680203046,1.3976311336717429,0.6610169491525424,1.9350328702739685,True,False,False,True,True,2024
182,217590,217591,217603,2024-05-14 13:59:00+00:00,2024-05-14 14:00:00+00:00,2024-05-14 14:12:00+00:00,short,18290.0,18290.0,18289.75,18314.75,18264.75,18239.75,18214.75,18189.75,72.0,70-79,-60.0,25.0,False,False,False,False,True,stop,18314.75,18315.0,-25.25,0.0,-25.25,-1.01,17.5,25.25,0.7,1.01,13,12.0,0,2024-05-14,2.574380165289256,2.0056179775280896,0.6059016393442623,partial_bullish,1.5887675146827516,1.5335116162460305,bearish,bearish,True,True,False,False,reversal,True,True,False,True,bearish,strong,83.33333333333334,8.642857142857142,12.75,15.0,1.475206611570248,1.7355371900826446,0.15,1.5335116162460303,True,False,False,False,False,2024
183,218943,218944,218949,2024-05-15 13:32:00+00:00,2024-05-15 13:33:00+00:00,2024-05-15 13:38:00+00:00,long,18519.25,18519.0,18519.25,18494.25,18544.25,18569.25,18594.25,18619.25,82.59803808845757,80-89,56.59803808845757,25.0,False,False,False,False,True,stop,18494.25,18494.0,-25.25,0.0,-25.25,-1.01,12.5,28.0,0.5,1.12,6,5.0,0,2024-05-15,1.637735849056604,0.3454657618753855,4.497688751926041,strong_bullish,5.470151519333204,1.2958059560001307,bullish,bullish,True,True,True,False,reversal,True,False,False,False,bullish,moderate,71.65031740381316,9.464285714285714,9.5,19.5,1.0037735849056604,2.060377358490566,0.5769230769230769,1.2958059560001307,True,True,True,False,False,2024
184,218956,218957,218960,2024-05-15 13:45:00+00:00,2024-05-15 13:46:00+00:00,2024-05-15 13:49:00+00:00,long,18504.5,18504.5,18504.75,18479.75,18529.75,18554.75,18579.75,18604.75,71.64494892167991,70-79,71.64494892167991,25.0,False,False,False,False,True,stop,18479.75,18479.5,-25.25,0.0,-25.25,-1.01,5.5,35.0,0.22,1.4,4,3.0,0,2024-05-15,0.7627695800227015,0.0103321033210332,3.6914446002805046,partial_bearish,1.93284440338606,1.7325322990865843,bullish,bullish,True,False,False,False,reversal,True,False,False,False,bullish,weak,47.04124101399925,15.732142857142858,3.5,23.75,0.2224744608399546,1.5096481271282634,0.8947368421052632,1.7325322990865843,False,False,False,False,False,2024
185,218961,218962,219009,2024-05-15 13:50:00+00:00,2024-05-15 13:51:00+00:00,2024-05-15 14:38:00+00:00,long,18460.0,18460.0,18460.25,18435.25,18485.25,18510.25,18535.25,18560.25,76.0,70-79,35.219548872180454,25.0,True,True,True,True,False,tp4,18560.25,18560.0,99.75,0.0,99.75,3.99,104.5,13.0,4.18,0.52,48,47.0,4,2024-05-15,2.6766917293233083,1.5085271317829458,3.6914446002805046,partial_bearish,1.6452978799005094,1.964260463800905,bullish,bullish,True,False,False,False,reversal,True,False,True,True,bearish,strong,89.83709273182957,16.625,15.5,21.0,0.9323308270676691,1.263157894736842,0.2261904761904762,1.964260463800905,False,False,False,False,False,2024
186,220322,220323,220333,2024-05-16 13:31:00+00:00,2024-05-16 13:32:00+00:00,2024-05-16 13:42:00+00:00,short,18674.75,18675.0,18674.75,18699.75,18649.75,18624.75,18599.75,18574.75,82.48682974165506,80-89,-82.48682974165506,25.0,False,False,False,False,True,stop,18699.75,18700.0,-25.25,0.0,-25.25,-1.01,2.5,25.25,0.1,1.01,11,10.0,0,2024-05-16,2.050955414012739,1.1827956989247312,2.518828451882845,strong_bearish,6.521674363175927,0.7357035227953821,bearish,bearish,True,True,True,False,reversal,True,False,False,False,bearish,moderate,70.72358118045884,5.607142857142857,6.0,10.75,1.070063694267516,1.9171974522292996,0.2558139534883721,0.7357035227953821,True,False,False,False,False,2024
187,221733,221734,221741,2024-05-17 14:02:00+00:00,2024-05-17 14:03:00+00:00,2024-05-17 14:10:00+00:00,long,18648.75,18648.75,18649.0,18624.0,18674.0,18699.0,18724.0,18749.0,72.88113524763429,70-79,62.88113524763429,25.0,False,False,False,False,True,stop,18624.0,18623.75,-25.25,0.0,-25.25,-1.01,4.5,25.75,0.18,1.03,8,7.0,0,2024-05-17,3.004048582995952,0.2348387096774193,2.753072625698324,partial_bearish,1.1967759632020931,0.9728765494213968,bullish,bullish,True,True,True,False,reversal,True,True,False,True,bullish,moderate,74.00946039695236,8.821428571428571,9.0,10.75,1.0202429149797572,1.2186234817813766,0.8837209302325582,0.9728765494213968,True,True,True,False,False,2024
188,224461,224462,224464,2024-05-21 13:30:00+00:00,2024-05-21 13:31:00+00:00,2024-05-21 13:33:00+00:00,short,18679.25,18679.5,18679.25,18701.25,18654.25,18629.25,18604.25,18579.25,70.90038877454343,70-79,-56.90038877454343,22.0,False,False,False,False,True,stop,18701.25,18701.5,-22.25,0.0,-22.25,-1.0113636363636365,1.25,23.25,0.0568181818181818,1.056818181818182,3,2.0,0,2024-05-21,1.873015873015873,1.9583333333333333,4.437587657784011,strong_bearish,6.423601870509067,0.9032637459570716,bearish,bearish,False,True,True,False,continuation,True,True,False,True,bearish,moderate,74.16990645452861,7.875,7.0,16.0,0.8888888888888888,2.0317460317460316,0.078125,0.9032637459570715,True,False,False,False,False,2024
189,225842,225843,225902,2024-05-22 13:31:00+00:00,2024-05-22 13:32:00+00:00,2024-05-22 14:31:00+00:00,short,18811.75,18811.75,18811.5,18836.5,18786.5,18761.5,18736.5,18711.5,71.17716933058,70-79,-71.17716933058,25.0,False,False,False,False,False,max_holding_time,18808.75,18809.0,2.5,0.0,2.5,0.1,22.5,22.75,0.9,0.91,60,59.0,0,2024-05-22,2.019230769230769,0.0945945945945945,1.2475247524752475,partial_bullish,5.337768092671178,0.5740257657891005,bearish,bearish,True,True,False,False,reversal,True,False,False,False,bearish,weak,43.14307775483332,5.571428571428571,2.0,10.75,0.358974358974359,1.9294871794871795,0.16279069767441862,0.5740257657891005,False,False,False,False,False,2024
190,228624,228625,228663,2024-05-24 13:53:00+00:00,2024-05-24 13:54:00+00:00,2024-05-24 14:32:00+00:00,long,18739.75,18739.75,18740.0,18715.0,18765.0,18790.0,18815.0,18840.0,72.0,70-79,70.11767469035604,25.0,True,True,True,True,False,tp4,18840.0,18839.75,99.75,0.0,99.75,3.99,100.75,8.25,4.03,0.33,39,38.0,4,2024-05-24,1.286486486486487,0.4335778321108394,1.6451104100946372,partial_bullish,0.9417532090563118,1.2069606911089985,bullish,bullish,True,False,True,False,reversal,True,False,False,False,bearish,weak,57.352710913699624,13.214285714285714,9.25,14.5,0.7000000000000001,1.0972972972972974,0.1724137931034483,1.2069606911089985,False,False,False,False,False,2024
191,230033,230034,230093,2024-05-27 14:22:00+00:00,2024-05-27 14:23:00+00:00,2024-05-27 15:22:00+00:00,long,18883.0,18882.75,18883.0,18858.0,18908.0,18933.0,18958.0,18983.0,70.31863319440559,70-79,70.31863319440559,25.0,True,False,False,False,False,max_holding_time,18923.75,18923.5,40.5,0.0,40.5,1.62,41.5,5.0,1.66,0.2,60,59.0,1,2024-05-27,0.0721649484536082,0.3297101449275362,1.008,partial_bullish,0.7660347961568423,0.0967451012544068,bullish,bullish,True,True,True,False,reversal,True,True,False,True,bullish,moderate,60.98860995337989,3.4642857142857144,4.0,5.0,1.1546391752577319,1.443298969072165,0.85,0.09674510125440682,False,False,False,False,False,2024
192,231136,231137,231196,2024-05-28 13:45:00+00:00,2024-05-28 13:46:00+00:00,2024-05-28 14:45:00+00:00,long,18856.75,18856.75,18857.0,18832.0,18882.0,18907.0,18932.0,18957.0,76.0,70-79,55.73303370786517,25.0,True,True,False,False,False,max_holding_time,18910.5,18910.25,53.25,0.0,53.25,2.13,58.0,18.25,2.32,0.73,60,59.0,2,2024-05-28,2.8786516853932587,2.8636363636363638,2.1244309559939305,strong_bearish,2.270980179528887,1.706180014302655,bullish,bullish,True,True,False,False,reversal,True,False,True,True,bearish,strong,93.89138576779027,15.892857142857142,15.25,20.5,0.9595505617977529,1.2898876404494382,0.13414634146341464,1.706180014302655,False,False,False,False,False,2024
193,232502,232503,232521,2024-05-29 13:31:00+00:00,2024-05-29 13:32:00+00:00,2024-05-29 13:50:00+00:00,short,18795.5,18795.75,18795.5,18820.5,18770.5,18745.5,18720.5,18695.5,70.78647235047272,70-79,-48.78647235047272,25.0,False,False,False,False,True,stop,18820.5,18820.75,-25.25,0.0,-25.25,-1.01,16.5,43.5,0.66,1.74,19,18.0,0,2024-05-29,3.764705882352941,0.2356241234221598,3.2662397072278133,partial_bearish,6.758403052986937,1.3172273715528091,bearish,bearish,True,True,False,False,reversal,True,False,False,False,neutral,none,39.88726958727267,8.5,2.25,15.25,0.2647058823529412,1.7941176470588236,0.36065573770491804,1.3172273715528093,False,False,False,False,False,2024
194,233907,233908,233917,2024-05-30 13:56:00+00:00,2024-05-30 13:57:00+00:00,2024-05-30 14:06:00+00:00,short,18727.25,18728.0,18727.75,18752.75,18702.75,18677.75,18652.75,18627.75,77.14527687296417,70-79,-65.14527687296417,25.0,False,False,False,False,True,stop,18752.75,18753.0,-25.25,0.0,-25.25,-1.01,10.25,25.0,0.41,1.0,10,9.0,0,2024-05-30,1.1856677524429968,1.3725490196078431,0.5679939894815929,strong_bearish,1.649181655196345,2.098863569451805,bearish,bearish,True,False,True,False,reversal,True,False,False,False,bearish,weak,59.54397394136808,10.964285714285714,6.5,21.0,0.5928338762214984,1.9153094462540718,0.5714285714285714,2.098863569451805,True,True,True,False,False,2024
195,233922,233923,233933,2024-05-30 14:11:00+00:00,2024-05-30 14:12:00+00:00,2024-05-30 14:22:00+00:00,short,18705.75,18705.75,18705.5,18730.5,18680.5,18655.5,18630.5,18605.5,74.0,70-79,-50.0,25.0,False,False,False,False,True,stop,18730.5,18730.75,-25.25,0.0,-25.25,-1.01,21.25,28.5,0.85,1.14,11,10.0,0,2024-05-30,2.907006369426752,0.0,1.6827393431167017,partial_bearish,2.492302379787632,2.606105285329562,bearish,bearish,True,True,False,False,reversal,True,True,False,True,bearish,strong,100.0,14.017857142857142,19.5,25.5,1.3910828025477708,1.819108280254777,0.22549019607843138,2.606105285329562,True,False,False,False,True,2024
196,235278,235279,235281,2024-05-31 13:47:00+00:00,2024-05-31 13:48:00+00:00,2024-05-31 13:50:00+00:00,long,18585.25,18585.25,18585.5,18560.5,18610.5,18635.5,18660.5,18685.5,84.27628657921292,80-89,71.27628657921292,25.0,False,False,False,False,True,stop,18560.5,18560.25,-25.25,0.0,-25.25,-1.01,8.0,26.75,0.32,1.07,3,2.0,0,2024-05-31,1.921291624621594,0.4847020933977456,1.4039436619718308,partial_bearish,1.9097093382807668,2.461571164755743,bullish,bullish,True,False,True,False,reversal,True,False,False,False,bullish,weak,52.30238816010764,17.696428571428573,10.75,24.5,0.6074672048435923,1.3844601412714428,0.9795918367346939,2.461571164755743,False,False,False,False,False,2024
197,235298,235299,235301,2024-05-31 14:07:00+00:00,2024-05-31 14:08:00+00:00,2024-05-31 14:10:00+00:00,long,18544.75,18545.0,18545.25,18520.25,18570.25,18595.25,18620.25,18645.25,75.6974184895158,70-79,47.6974184895158,25.0,False,False,False,False,True,stop,18520.25,18520.0,-25.25,0.0,-25.25,-1.01,3.5,25.25,0.14,1.01,3,2.0,0,2024-05-31,1.85099685204617,2.8583690987124464,3.121667474551624,partial_bearish,0.8406725380304243,0.972245304969254,bullish,bullish,False,False,True,False,continuation,True,False,False,False,bullish,moderate,64.14515407929834,17.017857142857142,12.75,16.5,0.7492130115424974,0.9695697796432319,0.8939393939393939,0.9722453049692539,True,True,True,False,False,2024
198,235304,235305,235306,2024-05-31 14:13:00+00:00,2024-05-31 14:14:00+00:00,2024-05-31 14:15:00+00:00,long,18500.5,18500.25,18500.5,18475.5,18525.5,18550.5,18575.5,18600.5,74.0,70-79,53.085830602035536,25.0,False,False,False,False,True,stop,18475.5,18475.25,-25.25,0.0,-25.25,-1.01,6.0,27.5,0.24,1.1,2,1.0,0,2024-05-31,2.4256684491978606,2.661853188929001,3.121667474551624,strong_bearish,1.924074300786858,2.569063647036096,bullish,bullish,False,False,True,False,continuation,True,False,False,False,bearish,strong,82.61807831637054,16.696428571428573,15.75,23.25,0.9433155080213903,1.392513368983957,0.2903225806451613,2.5690636470360957,False,False,False,False,False,2024
199,235307,235308,235311,2024-05-31 14:16:00+00:00,2024-05-31 14:17:00+00:00,2024-05-31 14:20:00+00:00,long,18484.25,18484.0,18484.25,18459.25,18509.25,18534.25,18559.25,18584.25,88.0,80-89,69.49710467706014,25.0,False,False,False,False,True,stop,18459.25,18459.0,-25.25,0.0,-25.25,-1.01,2.0,26.5,0.08,1.06,4,3.0,0,2024-05-31,2.369710467706013,3.015855658829962,3.936339522546419,strong_bearish,1.3926868044515104,2.0074514326266297,bullish,bullish,True,False,True,False,reversal,True,False,False,False,bearish,moderate,62.52412769116555,16.035714285714285,2.0,16.75,0.12472160356347439,1.044543429844098,0.22388059701492538,2.0074514326266297,False,False,False,False,False,2024
200,236671,236672,236672,2024-06-03 14:00:00+00:00,2024-06-03 14:01:00+00:00,2024-06-03 14:01:00+00:00,long,18705.0,18704.75,18705.0,18680.0,18730.0,18755.0,18780.0,18805.0,85.40067567567567,80-89,85.40067567567567,25.0,False,False,False,False,True,stop,18680.0,18679.75,-25.25,0.0,-25.25,-1.01,11.0,29.25,0.44,1.17,1,0.0,0,2024-06-03,1.2297297297297298,1.9021739130434785,0.497986577181208,partial_bearish,2.016334056601138,1.975853918947282,bullish,bullish,True,True,True,False,reversal,True,False,False,False,bullish,moderate,61.672297297297305,21.142857142857142,24.25,49.0,1.1469594594594594,2.3175675675675675,0.49489795918367346,1.9758539189472821,True,True,True,False,False,2024
201,236673,236674,236680,2024-06-03 14:02:00+00:00,2024-06-03 14:03:00+00:00,2024-06-03 14:09:00+00:00,long,18685.75,18686.0,18686.25,18661.25,18711.25,18736.25,18761.25,18786.25,78.62924667651403,70-79,75.62924667651403,25.0,False,False,False,False,True,stop,18661.25,18661.0,-25.25,0.0,-25.25,-1.01,3.25,33.75,0.13,1.35,7,6.0,0,2024-06-03,0.0,1.9021739130434785,0.497986577181208,partial_bearish,1.4354333566888122,2.3557119503477324,bullish,bullish,True,True,True,False,reversal,True,False,False,False,bullish,weak,46.91038897095027,24.178571428571427,8.5,30.75,0.3515509601181684,1.27178729689808,0.8536585365853658,2.3557119503477324,False,False,False,False,False,2024
202,236684,236685,236706,2024-06-03 14:13:00+00:00,2024-06-03 14:14:00+00:00,2024-06-03 14:35:00+00:00,long,18685.5,18685.25,18685.5,18660.5,18710.5,18735.5,18760.5,18785.5,73.68363351605325,70-79,69.68363351605325,25.0,True,False,False,False,True,stop,18660.5,18660.25,-25.25,0.0,-25.25,-1.01,25.0,27.5,1.0,1.1,22,21.0,1,2024-06-03,0.5591229444009398,2.5377643504531724,0.497986577181208,partial_bearish,1.1049713812592246,1.7822615764261869,bullish,bullish,True,True,False,False,reversal,True,True,False,True,bullish,moderate,64.03027930044375,22.803571428571427,23.25,31.25,1.019577133907596,1.370399373531715,0.856,1.7822615764261867,False,False,False,False,False,2024
203,238026,238027,238065,2024-06-04 13:35:00+00:00,2024-06-04 13:36:00+00:00,2024-06-04 14:14:00+00:00,long,18597.75,18597.5,18597.75,18572.75,18622.75,18647.75,18672.75,18697.75,83.59973371540877,80-89,31.59973371540877,25.0,True,True,False,False,True,stop,18572.75,18572.5,-25.25,0.0,-25.25,-1.01,66.5,30.0,2.66,1.2,39,38.0,2,2024-06-04,2.9429429429429432,1.0221238938053097,2.6137820512820515,partial_bearish,3.353212652519334,1.4223398169336383,neutral,bullish,True,True,True,False,reversal,True,False,False,False,bullish,weak,46.664447628406435,11.892857142857142,3.25,17.0,0.2732732732732733,1.4294294294294294,0.9558823529411765,1.4223398169336383,False,False,False,False,False,2024
204,242161,242162,242178,2024-06-07 13:30:00+00:00,2024-06-07 13:31:00+00:00,2024-06-07 13:47:00+00:00,short,19012.25,19012.25,19012.0,19037.0,18987.0,18962.0,18937.0,18912.0,77.56576721540779,70-79,-58.56576721540779,25.0,False,False,False,False,True,stop,19037.0,19037.25,-25.25,0.0,-25.25,-1.01,19.75,27.75,0.79,1.11,17,16.0,0,2024-06-07,0.8579970104633782,0.9734675205855444,1.547843331680714,partial_bearish,7.25999109203547,1.1746978084973958,bearish,bearish,True,True,True,False,reversal,True,True,False,True,bearish,moderate,71.38139346173152,11.946428571428571,28.25,35.75,2.3647234678624813,2.992526158445441,0.20279720279720279,1.1746978084973958,True,True,True,False,False,2024
205,244924,244925,244984,2024-06-11 13:33:00+00:00,2024-06-11 13:34:00+00:00,2024-06-11 14:33:00+00:00,short,19075.0,19075.0,19074.75,19099.75,19049.75,19024.75,18999.75,18974.75,78.0,70-79,-34.01350573716505,25.0,True,True,True,False,False,max_holding_time,19084.0,19084.25,-9.5,0.0,-9.5,-0.38,80.0,19.0,3.2,0.76,60,59.0,3,2024-06-11,2.189189189189189,0.8703374777975132,0.479253112033195,partial_bullish,3.714107978914972,0.983117828543696,bearish,bearish,True,True,True,False,reversal,True,False,True,True,bullish,strong,83.22078552362463,9.25,14.25,18.75,1.5405405405405406,2.027027027027027,0.92,0.9831178285436961,False,False,False,False,False,2024
206,246304,246305,246355,2024-06-12 13:33:00+00:00,2024-06-12 13:34:00+00:00,2024-06-12 14:24:00+00:00,long,19428.5,19428.25,19428.5,19403.5,19453.5,19478.5,19503.5,19528.5,84.62140177428887,80-89,46.62140177428887,25.0,True,True,True,True,False,tp4,19528.5,19528.25,99.75,0.0,99.75,3.99,102.0,14.0,4.08,0.56,51,50.0,4,2024-06-12,2.0732484076433124,0.56,4.325272067714631,partial_bullish,3.1973290126184515,1.1534850766096891,bullish,bullish,True,True,True,True,reversal,True,False,False,False,bullish,strong,88.5116814524073,11.214285714285714,10.25,17.0,0.9140127388535032,1.515923566878981,0.6764705882352942,1.1534850766096891,True,True,True,False,True,2024
207,249064,249065,249124,2024-06-14 13:33:00+00:00,2024-06-14 13:34:00+00:00,2024-06-14 14:33:00+00:00,long,19572.5,19572.75,19573.0,19548.0,19598.0,19623.0,19648.0,19673.0,81.42010849299477,80-89,64.42010849299477,25.0,True,True,True,False,False,max_holding_time,19605.75,19605.5,32.5,0.0,32.5,1.3,76.0,1.25,3.04,0.05,60,59.0,3,2024-06-14,0.2032667876588021,1.6124661246612466,1.4451019066403683,strong_bullish,4.066531381359617,1.0101628394739448,bullish,bullish,True,True,True,False,reversal,True,True,False,True,bullish,moderate,61.83423744162304,9.839285714285714,11.5,17.25,1.1687840290381126,1.7531760435571688,0.8985507246376812,1.0101628394739448,True,False,False,False,False,2024
208,250027,250028,250038,2024-06-17 13:36:00+00:00,2024-06-17 13:37:00+00:00,2024-06-17 13:47:00+00:00,long,19947.5,19947.75,19948.0,19923.0,19973.0,19998.0,20023.0,20048.0,75.42070463544854,70-79,42.420704635448544,25.0,False,False,False,False,True,stop,19923.0,19922.75,-25.25,0.0,-25.25,-1.01,11.25,26.5,0.45,1.06,11,10.0,0,2024-06-17,1.700189753320683,0.9971509971509972,1.5302325581395348,strong_bearish,2.2514335535360988,0.6700933180298418,neutral,bullish,True,True,True,False,reversal,True,True,False,True,bullish,moderate,61.83920529540451,9.410714285714286,10.75,16.25,1.142314990512334,1.7267552182163186,0.9692307692307692,0.6700933180298418,False,False,False,False,False,2024
209,251428,251429,251431,2024-06-18 13:57:00+00:00,2024-06-18 13:58:00+00:00,2024-06-18 14:00:00+00:00,long,20196.5,20196.25,20196.5,20171.5,20221.5,20246.5,20271.5,20296.5,80.18580550956823,80-89,68.18580550956823,25.0,False,False,False,False,True,stop,20171.5,20171.25,-25.25,0.0,-25.25,-1.01,4.75,28.5,0.19,1.14,3,2.0,0,2024-06-18,2.1462728551336148,0.4375,1.776879547291835,partial_bearish,1.6068559185859668,1.380991064175467,bullish,bullish,True,True,True,True,reversal,True,False,False,False,bullish,weak,51.54837924640185,12.696428571428571,4.5,14.25,0.35443037974683544,1.1223628691983123,0.45614035087719296,1.380991064175467,True,True,True,False,True,2024
210,255301,255302,255303,2024-06-21 13:30:00+00:00,2024-06-21 13:31:00+00:00,2024-06-21 13:32:00+00:00,short,19993.0,19993.25,19993.0,20018.0,19968.0,19943.0,19918.0,19893.0,73.796992481203,70-79,-43.796992481203006,25.0,False,False,False,False,True,stop,20018.0,20018.25,-25.25,0.0,-25.25,-1.01,4.0,28.75,0.16,1.15,2,1.0,0,2024-06-21,2.8636363636363638,0.2770833333333333,1.1944055944055945,partial_bearish,11.247455380391042,1.7407423689570785,bearish,bearish,True,True,False,False,reversal,True,False,False,False,bearish,strong,98.30827067669173,11.785714285714286,24.0,33.25,2.036363636363636,2.821212121212121,0.2781954887218045,1.7407423689570785,True,False,False,False,True,2024
211,255322,255323,255329,2024-06-21 13:51:00+00:00,2024-06-21 13:52:00+00:00,2024-06-21 13:58:00+00:00,short,19929.25,19929.5,19929.25,19954.25,19904.25,19879.25,19854.25,19829.25,70.2746395250212,70-79,-52.2746395250212,25.0,False,False,False,False,True,stop,19954.25,19954.5,-25.25,0.0,-25.25,-1.01,15.25,26.25,0.61,1.05,7,6.0,0,2024-06-21,2.232400339270568,3.2015503875969,0.0532994923857868,strong_bearish,1.836011759450672,2.135030985371039,bearish,bearish,False,True,True,False,continuation,True,False,False,False,bearish,strong,85.62199604184337,21.053571428571427,12.25,23.0,0.5818490245971163,1.09245122985581,0.18478260869565216,2.135030985371039,True,False,False,False,True,2024
212,255331,255332,255346,2024-06-21 14:00:00+00:00,2024-06-21 14:01:00+00:00,2024-06-21 14:15:00+00:00,short,19973.5,19973.75,19973.5,19998.5,19948.5,19923.5,19898.5,19873.5,70.0,70-79,-34.1257290203127,25.0,True,False,False,False,True,stop,19998.5,19998.75,-25.25,0.0,-25.25,-1.01,25.25,33.25,1.01,1.33,15,14.0,1,2024-06-21,2.23417172593235,2.4635587655942217,2.563719862227325,partial_bearish,1.267233455882353,1.1123530351034951,bearish,bearish,True,False,False,False,reversal,True,False,True,True,bullish,strong,82.28559149739421,20.589285714285715,20.25,27.75,0.9835212489158716,1.3477883781439721,0.8378378378378378,1.1123530351034951,False,False,False,False,False,2024
213,256686,256687,256712,2024-06-24 13:35:00+00:00,2024-06-24 13:36:00+00:00,2024-06-24 14:01:00+00:00,short,19940.0,19940.5,19940.25,19965.25,19915.25,19890.25,19865.25,19840.25,73.85222848070163,70-79,-39.852228480701626,25.0,True,True,False,False,True,stop,19965.25,19965.5,-25.25,0.0,-25.25,-1.01,73.5,48.5,2.94,1.94,26,25.0,2,2024-06-24,1.9051987767584095,2.277189605389798,0.8252840909090909,partial_bullish,2.647811890723732,1.065285600877027,bearish,bearish,True,True,False,False,reversal,True,True,False,True,bearish,moderate,65.43523733918019,11.678571428571429,18.5,19.75,1.584097859327217,1.691131498470948,0.0,1.065285600877027,False,False,False,False,False,2024
214,256726,256727,256759,2024-06-24 14:15:00+00:00,2024-06-24 14:16:00+00:00,2024-06-24 14:48:00+00:00,short,19956.25,19956.25,19956.0,19981.0,19931.0,19906.0,19881.0,19856.0,80.44920720847267,80-89,-70.44920720847267,25.0,True,True,True,True,False,tp4,19856.0,19856.25,99.75,0.0,99.75,3.99,114.0,10.5,4.56,0.42,33,32.0,4,2024-06-24,1.4499424626006905,2.866304884065121,1.0692599620493357,partial_bullish,1.0033745781777277,1.1167449139280126,bearish,bearish,True,True,True,False,reversal,True,True,False,True,bearish,moderate,70.41006007060562,15.517857142857142,17.25,21.5,1.1116225546605294,1.385500575373993,0.0,1.1167449139280126,True,True,True,False,False,2024
215,258095,258096,258155,2024-06-25 14:04:00+00:00,2024-06-25 14:05:00+00:00,2024-06-25 15:04:00+00:00,long,19874.5,19874.5,19874.75,19849.75,19899.75,19924.75,19949.75,19974.75,70.04460431654677,70-79,40.04460431654677,25.0,True,False,False,False,False,max_holding_time,19888.5,19888.25,13.5,0.0,13.5,0.54,27.0,21.5,1.08,0.86,60,59.0,1,2024-06-25,2.887290167865708,0.7335701598579041,0.7151702786377708,strong_bullish,1.8294341675734496,2.4482737697955224,bullish,bullish,False,True,True,False,continuation,True,True,False,True,bullish,strong,83.70503597122303,14.892857142857142,13.5,20.25,0.9064748201438849,1.3597122302158273,0.8271604938271605,2.4482737697955224,True,False,False,True,False,2024
216,259498,259499,259517,2024-06-26 14:27:00+00:00,2024-06-26 14:28:00+00:00,2024-06-26 14:46:00+00:00,short,19982.25,19982.25,19982.0,20007.0,19957.0,19932.0,19907.0,19882.0,81.24626234132582,80-89,-33.24626234132582,25.0,True,False,False,False,True,stop,20007.0,20007.25,-25.25,0.0,-25.25,-1.01,38.0,25.25,1.52,1.01,19,18.0,1,2024-06-26,2.4287729196050774,1.3963963963963963,2.382089552238806,partial_bullish,2.4504881880062834,2.577593468541437,bearish,bearish,True,True,False,False,reversal,True,False,False,False,bearish,strong,77.0521861777151,12.660714285714286,9.75,22.0,0.7700987306064879,1.7376586741889986,0.5454545454545454,2.5775934685414374,True,False,False,False,True,2024
217,262201,262202,262207,2024-06-28 13:30:00+00:00,2024-06-28 13:31:00+00:00,2024-06-28 13:36:00+00:00,short,20048.5,20048.75,20048.5,20073.5,20023.5,19998.5,19973.5,19948.5,71.78952415626524,70-79,-53.78952415626525,25.0,False,False,False,False,True,stop,20073.5,20073.75,-25.25,0.0,-25.25,-1.01,9.5,30.75,0.38,1.23,6,5.0,0,2024-06-28,2.554744525547445,0.1607875307629204,3.2463768115942027,strong_bearish,7.2047055057618445,1.236905195331552,bearish,bearish,True,True,False,False,reversal,True,True,False,True,bearish,strong,81.57936796887702,9.785714285714286,21.75,27.5,2.222627737226277,2.8102189781021893,0.03636363636363636,1.236905195331552,True,False,False,False,False,2024
218,263583,263584,263589,2024-07-01 13:32:00+00:00,2024-07-01 13:33:00+00:00,2024-07-01 13:38:00+00:00,short,19946.25,19946.5,19946.25,19971.25,19921.25,19896.25,19871.25,19846.25,78.98596814812188,70-79,-45.98596814812189,25.0,False,False,False,False,True,stop,19971.25,19971.5,-25.25,0.0,-25.25,-1.01,18.25,28.25,0.73,1.13,6,5.0,0,2024-07-01,1.5152439024390243,1.1062176165803108,0.1037037037037037,strong_bearish,5.024796369210423,1.482460185152343,bearish,bearish,True,True,True,False,reversal,True,True,False,True,bearish,strong,83.21640123434896,11.714285714285714,30.0,35.25,2.5609756097560976,3.0091463414634148,0.0425531914893617,1.4824601851523427,True,True,True,False,False,2024
219,263621,263622,263630,2024-07-01 14:10:00+00:00,2024-07-01 14:11:00+00:00,2024-07-01 14:19:00+00:00,short,19884.25,19884.0,19883.75,19908.75,19858.75,19833.75,19808.75,19783.75,88.4,80-89,-62.400000000000006,25.0,True,True,False,False,True,stop,19908.75,19909.0,-25.25,0.0,-25.25,-1.01,72.25,36.25,2.89,1.45,9,8.0,2,2024-07-01,2.07305034550839,0.0318362706083001,2.935768261964736,strong_bearish,2.047922533471666,2.47516002675074,bearish,bearish,True,True,True,False,reversal,True,True,False,True,bearish,strong,86.66666666666666,18.089285714285715,34.0,37.75,1.8795656465942743,2.0868706811451134,0.046357615894039736,2.47516002675074,True,True,True,False,False,2024
220,264981,264982,264984,2024-07-02 13:50:00+00:00,2024-07-02 13:51:00+00:00,2024-07-02 13:53:00+00:00,short,20050.0,20049.5,20049.25,20074.25,20024.25,19999.25,19974.25,19949.25,72.96714649818718,70-79,-18.967146498187176,25.0,False,False,False,False,True,stop,20074.25,20074.5,-25.25,0.0,-25.25,-1.01,3.0,27.5,0.12,1.1,3,2.0,0,2024-07-02,1.3306709265175718,3.042599277978339,4.373819163292847,partial_bullish,1.3257078447320725,2.0396500078827056,neutral,bearish,True,True,False,False,reversal,True,False,False,False,bearish,weak,58.05955415155976,22.357142857142858,10.75,22.25,0.48083067092651754,0.9952076677316294,0.3595505617977528,2.0396500078827056,False,False,False,False,True,2024
221,265005,265006,265015,2024-07-02 14:14:00+00:00,2024-07-02 14:15:00+00:00,2024-07-02 14:24:00+00:00,long,20048.75,20049.0,20049.25,20024.25,20074.25,20099.25,20124.25,20149.25,71.03389830508475,70-79,37.03389830508475,25.0,False,False,False,False,True,stop,20024.25,20024.0,-25.25,0.0,-25.25,-1.01,15.5,30.0,0.62,1.2,10,9.0,0,2024-07-02,0.3915254237288135,0.4195338512763595,4.257948410317937,partial_bearish,1.2079401668297374,1.79097871921909,bullish,bullish,True,True,False,False,reversal,True,False,False,False,bullish,weak,41.94915254237288,21.071428571428573,3.25,16.25,0.1542372881355932,0.771186440677966,0.3230769230769231,1.79097871921909,False,False,False,False,True,2024
222,266342,266343,266367,2024-07-03 13:31:00+00:00,2024-07-03 13:32:00+00:00,2024-07-03 13:56:00+00:00,short,20256.5,20256.75,20256.5,20281.5,20231.5,20206.5,20181.5,20156.5,78.0,70-79,-32.51329817943882,25.0,False,False,False,False,True,stop,20281.5,20281.75,-25.25,0.0,-25.25,-1.01,22.25,27.5,0.89,1.1,25,24.0,0,2024-07-03,4.841121495327103,0.1112582781456953,1.5589519650655022,partial_bearish,6.496097776468855,1.3583772757014745,bearish,bearish,True,True,True,False,reversal,True,False,True,True,bullish,strong,95.72251517134315,9.553571428571429,14.0,20.0,1.4654205607476636,2.0934579439252334,0.9625,1.3583772757014743,False,False,False,False,False,2024
223,266371,266372,266373,2024-07-03 14:00:00+00:00,2024-07-03 14:01:00+00:00,2024-07-03 14:02:00+00:00,short,20247.5,20247.5,20247.25,20272.25,20222.25,20197.25,20172.25,20147.25,76.0,70-79,-60.0,25.0,False,False,False,False,True,stop,20272.25,20272.5,-25.25,0.0,-25.25,-1.01,0.0,27.0,0.0,1.08,2,1.0,0,2024-07-03,1.6851851851851851,0.7488061127029608,3.039864291772689,partial_bullish,3.3713565186792565,2.002298890611122,bearish,bearish,True,True,True,False,reversal,True,True,False,True,bearish,strong,83.33333333333334,15.428571428571429,42.5,61.25,2.7546296296296298,3.9699074074074074,0.2,2.002298890611122,True,True,True,False,False,2024
224,266377,266378,266415,2024-07-03 14:06:00+00:00,2024-07-03 14:07:00+00:00,2024-07-03 14:44:00+00:00,short,20279.25,20279.5,20279.25,20304.25,20254.25,20229.25,20204.25,20179.25,70.0,70-79,-70.0,25.0,True,False,False,False,True,stop,20304.25,20304.5,-25.25,0.0,-25.25,-1.01,35.25,30.0,1.41,1.2,38,37.0,1,2024-07-03,0.6978636826042727,0.6888888888888889,3.039864291772689,strong_bullish,1.3593763058298214,1.5976538931062063,bearish,bearish,True,True,True,False,reversal,True,False,False,False,bullish,weak,46.97539998150375,17.553571428571427,7.5,16.5,0.4272634791454731,0.9399796541200408,0.5909090909090909,1.5976538931062063,False,False,False,False,False,2024
225,267533,267534,267593,2024-07-04 14:07:00+00:00,2024-07-04 14:08:00+00:00,2024-07-04 15:07:00+00:00,short,20380.25,20380.25,20380.0,20405.0,20355.0,20330.0,20305.0,20280.0,71.25053018059178,70-79,-70.25053018059178,25.0,False,False,False,False,False,max_holding_time,20385.75,20386.0,-6.0,0.0,-6.0,-0.24,10.5,6.25,0.42,0.25,60,59.0,0,2024-07-04,1.0824742268041236,2.348993288590604,3.955555555555556,strong_bearish,0.5924932975871313,0.0708946845026144,bearish,bearish,True,True,False,False,reversal,True,False,False,False,bearish,weak,43.75441817159818,3.4642857142857144,1.25,2.0,0.36082474226804123,0.5773195876288659,0.0,0.07089468450261444,True,False,False,False,False,2024
226,268673,268674,268674,2024-07-05 14:07:00+00:00,2024-07-05 14:08:00+00:00,2024-07-05 14:08:00+00:00,long,20507.0,20506.75,20507.0,20482.0,20532.0,20557.0,20582.0,20607.0,83.02337078651685,80-89,80.02337078651685,25.0,False,False,False,False,True,stop,20482.0,20481.75,-25.25,0.0,-25.25,-1.01,0.25,27.0,0.01,1.08,1,0.0,0,2024-07-05,2.107865168539326,1.6132075471698113,2.019597169297768,partial_bullish,0.9359195141847184,1.7427553965333915,bullish,bullish,True,True,True,False,reversal,True,False,False,False,bullish,weak,41.86142322097378,15.892857142857142,6.0,11.5,0.3775280898876405,0.7235955056179776,0.782608695652174,1.7427553965333917,False,False,False,False,False,2024
227,270023,270024,270083,2024-07-08 13:37:00+00:00,2024-07-08 13:38:00+00:00,2024-07-08 14:37:00+00:00,long,20611.25,20611.25,20611.5,20586.5,20636.5,20661.5,20686.5,20711.5,71.19459134020885,70-79,58.194591340208845,25.0,True,False,False,False,False,max_holding_time,20600.75,20600.5,-11.0,0.0,-11.0,-0.44,42.5,23.5,1.7,0.94,60,59.0,1,2024-07-08,2.5,1.25,0.0789473684210526,strong_bearish,1.7489452462130055,1.2987433380732725,bullish,bullish,True,True,False,False,reversal,True,False,False,False,bullish,weak,43.288261168407075,11.5,6.25,11.75,0.5434782608695652,1.0217391304347827,0.6170212765957447,1.2987433380732725,False,False,False,False,False,2024
228,272780,272781,272840,2024-07-10 13:34:00+00:00,2024-07-10 13:35:00+00:00,2024-07-10 14:34:00+00:00,long,20740.5,20741.0,20741.25,20716.25,20766.25,20791.25,20816.25,20841.25,78.0,70-79,49.08512656725488,25.0,True,True,False,False,False,max_holding_time,20753.5,20753.25,12.0,0.0,12.0,0.48,54.5,19.75,2.18,0.79,60,59.0,2,2024-07-10,2.3894230769230766,0.0992907801418439,0.4674457429048414,partial_bearish,2.459953644089621,0.9825340986237118,bullish,bullish,True,True,True,False,reversal,True,False,False,False,bearish,weak,57.62394527287603,7.428571428571429,2.0,9.75,0.2692307692307692,1.3125,0.358974358974359,0.9825340986237118,False,False,False,False,False,2024
229,274157,274158,274166,2024-07-11 13:31:00+00:00,2024-07-11 13:32:00+00:00,2024-07-11 13:40:00+00:00,long,20885.75,20886.25,20886.5,20861.5,20911.5,20936.5,20961.5,20986.5,70.9853349350921,70-79,70.9853349350921,25.0,False,False,False,False,True,stop,20861.5,20861.25,-25.25,0.0,-25.25,-1.01,9.75,29.25,0.39,1.17,9,8.0,0,2024-07-11,2.4220532319391634,0.3752233472304943,0.5850746268656717,partial_bearish,4.846913644258938,1.4867239747759498,bullish,bullish,True,False,False,False,reversal,True,False,False,False,bullish,weak,41.5444577924342,9.392857142857142,2.5,22.0,0.2661596958174905,2.3422053231939164,0.6477272727272727,1.4867239747759498,False,False,False,False,False,2024
230,274180,274181,274196,2024-07-11 13:54:00+00:00,2024-07-11 13:55:00+00:00,2024-07-11 14:10:00+00:00,long,20836.25,20836.75,20837.0,20812.0,20862.0,20887.0,20912.0,20937.0,72.01255230125523,70-79,50.012552301255226,25.0,True,False,False,False,True,stop,20812.0,20811.75,-25.25,0.0,-25.25,-1.01,35.0,31.0,1.4,1.24,16,15.0,1,2024-07-11,1.3765690376569035,2.0352422907488985,0.0927152317880794,partial_bearish,1.1566577901049695,2.0026565852661693,bullish,bullish,True,False,False,False,reversal,True,False,False,False,bullish,weak,50.10460251046025,17.071428571428573,11.5,18.0,0.6736401673640167,1.0543933054393304,0.7777777777777778,2.0026565852661693,False,False,False,False,False,2024
231,274212,274213,274216,2024-07-11 14:26:00+00:00,2024-07-11 14:27:00+00:00,2024-07-11 14:30:00+00:00,long,20708.75,20708.5,20708.75,20683.75,20733.75,20758.75,20783.75,20808.75,73.9245283018868,70-79,73.9245283018868,25.0,False,False,False,False,True,stop,20683.75,20683.5,-25.25,0.0,-25.25,-1.01,12.5,25.5,0.5,1.02,4,3.0,0,2024-07-11,1.8173584905660376,5.093778178539225,3.376507369361322,partial_bearish,1.0583324500436595,2.570615927814829,bullish,neutral,True,True,False,False,reversal,True,False,False,False,bullish,moderate,66.0377358490566,23.660714285714285,14.75,21.25,0.6233962264150944,0.8981132075471698,0.8352941176470589,2.5706159278148295,False,False,False,False,True,2024
232,275566,275567,275569,2024-07-12 14:00:00+00:00,2024-07-12 14:01:00+00:00,2024-07-12 14:03:00+00:00,long,20569.5,20569.25,20569.5,20544.5,20594.5,20619.5,20644.5,20669.5,80.7014248377034,80-89,66.7014248377034,25.0,False,False,False,False,True,stop,20544.5,20544.25,-25.25,0.0,-25.25,-1.01,3.0,29.25,0.12,1.17,3,2.0,0,2024-07-12,3.9173553719008254,3.5607940446650126,2.9161230195712955,strong_bullish,1.479743015848564,1.3767810471292472,bullish,bullish,False,True,True,False,continuation,True,True,False,True,bullish,strong,89.17854031419498,15.125,27.0,27.75,1.7851239669421488,1.834710743801653,0.972972972972973,1.3767810471292472,True,False,False,False,False,2024
233,275576,275577,275582,2024-07-12 14:10:00+00:00,2024-07-12 14:11:00+00:00,2024-07-12 14:16:00+00:00,long,20575.5,20575.5,20575.75,20550.75,20600.75,20625.75,20650.75,20675.75,71.05334949924755,70-79,63.053349499247545,25.0,False,False,False,False,True,stop,20550.75,20550.5,-25.25,0.0,-25.25,-1.01,11.0,25.25,0.44,1.01,6,5.0,0,2024-07-12,1.368421052631579,4.063731170336037,2.9161230195712955,strong_bullish,1.054808889411719,1.09112296428499,bullish,bullish,False,True,True,False,continuation,True,False,False,False,bullish,weak,58.7779124937295,16.625,6.75,15.5,0.40601503759398494,0.9323308270676691,0.967741935483871,1.09112296428499,True,False,False,True,False,2024
234,275590,275591,275615,2024-07-12 14:24:00+00:00,2024-07-12 14:25:00+00:00,2024-07-12 14:49:00+00:00,long,20553.0,20553.25,20553.5,20528.5,20578.5,20603.5,20628.5,20653.5,73.80896174863388,70-79,57.80896174863388,25.0,True,True,True,True,False,tp4,20653.5,20653.25,99.75,0.0,99.75,3.99,100.25,8.5,4.01,0.34,25,24.0,4,2024-07-12,0.0306010928961748,1.160938352427714,3.096212451023073,partial_bullish,1.2748666723101667,1.6048165809734396,bullish,bullish,True,True,False,False,reversal,True,True,False,True,bullish,moderate,65.07468123861565,16.339285714285715,16.0,19.75,0.9792349726775955,1.208743169398907,0.9620253164556962,1.6048165809734396,False,False,False,False,False,2024
235,276933,276934,276982,2024-07-15 13:47:00+00:00,2024-07-15 13:48:00+00:00,2024-07-15 14:36:00+00:00,long,20613.5,20613.25,20613.5,20588.5,20638.5,20663.5,20688.5,20713.5,75.92446717817562,70-79,42.92446717817562,25.0,True,True,True,True,False,tp4,20713.5,20713.25,99.75,0.0,99.75,3.99,101.0,20.5,4.04,0.82,49,48.0,4,2024-07-15,2.076726342710997,0.4393063583815029,1.327679259830378,strong_bearish,1.3372620126926564,1.819714602952667,neutral,bullish,True,True,True,False,reversal,True,True,False,True,bullish,moderate,66.03722648479682,20.946428571428573,22.25,32.25,1.062233589087809,1.5396419437340152,0.9922480620155039,1.819714602952667,False,False,False,False,False,2024
236,278326,278327,278386,2024-07-16 14:00:00+00:00,2024-07-16 14:01:00+00:00,2024-07-16 15:00:00+00:00,short,20574.75,20575.0,20574.75,20599.75,20549.75,20524.75,20499.75,20474.75,71.41642134081458,70-79,-55.41642134081458,25.0,True,True,True,False,False,max_holding_time,20532.0,20532.25,42.5,0.0,42.5,1.7,89.25,5.25,3.57,0.21,60,59.0,3,2024-07-16,2.096045197740113,3.033333333333333,2.503846153846154,strong_bearish,1.191491451347569,1.1867225328920554,bearish,bearish,False,False,True,True,continuation,True,False,False,False,bearish,moderate,61.803511173454886,18.964285714285715,5.5,23.5,0.2900188323917137,1.239171374764595,0.13829787234042554,1.1867225328920554,True,False,False,False,False,2024
237,279709,279710,279711,2024-07-17 14:03:00+00:00,2024-07-17 14:04:00+00:00,2024-07-17 14:05:00+00:00,short,20148.75,20149.25,20149.0,20174.0,20124.0,20099.0,20074.0,20049.0,72.5602862254025,70-79,-50.56028622540251,25.0,False,False,False,False,True,stop,20174.0,20174.25,-25.25,0.0,-25.25,-1.01,0.0,27.0,0.0,1.08,2,1.0,0,2024-07-17,4.069767441860465,0.921172638436482,2.333333333333333,strong_bearish,1.2317832738707142,2.0398813323819898,bearish,bearish,True,True,True,True,reversal,True,False,False,False,bearish,strong,79.66905187835421,19.964285714285715,13.5,26.75,0.6762075134168157,1.3398926654740608,0.009345794392523364,2.0398813323819898,True,False,False,False,False,2024
238,282436,282437,282440,2024-07-19 13:30:00+00:00,2024-07-19 13:31:00+00:00,2024-07-19 13:34:00+00:00,short,19853.75,19853.5,19853.25,19878.25,19828.25,19803.25,19778.25,19753.25,72.23281460164769,70-79,-56.23281460164769,25.0,False,False,False,False,True,stop,19878.25,19878.5,-25.25,0.0,-25.25,-1.01,17.25,54.75,0.69,2.19,4,3.0,0,2024-07-19,2.1789883268482493,2.2253275109170305,1.616778871051269,strong_bearish,7.542189351530257,1.1126784336419753,bearish,bearish,True,True,False,False,reversal,True,True,False,True,bearish,strong,85.27345501373077,13.767857142857142,14.75,27.25,1.0713359273670557,1.979247730220493,0.009174311926605505,1.1126784336419753,True,False,False,False,False,2024
239,283820,283821,283833,2024-07-22 13:34:00+00:00,2024-07-22 13:35:00+00:00,2024-07-22 13:47:00+00:00,long,19911.25,19911.0,19911.25,19886.25,19936.25,19961.25,19986.25,20011.25,70.02322406591799,70-79,26.023224065917987,25.0,True,True,True,True,False,tp4,20011.25,20011.0,99.75,0.0,99.75,3.99,113.25,3.5,4.53,0.14,13,12.0,4,2024-07-22,2.784090909090909,2.327365728900256,2.1843971631205674,partial_bullish,3.0675085749922046,1.2790300823974907,bullish,bullish,False,True,False,False,continuation,True,True,False,True,bullish,moderate,66.8602005493166,15.714285714285714,25.0,32.0,1.590909090909091,2.0363636363636366,0.90625,1.2790300823974907,False,False,False,False,False,2024
240,285201,285202,285261,2024-07-23 13:35:00+00:00,2024-07-23 13:36:00+00:00,2024-07-23 14:35:00+00:00,long,19980.75,19980.5,19980.75,19955.75,20005.75,20030.75,20055.75,20080.75,76.75191676350798,70-79,57.75191676350798,25.0,True,True,False,False,False,max_holding_time,20014.0,20013.75,33.0,0.0,33.0,1.32,67.0,20.5,2.68,0.82,60,59.0,2,2024-07-23,1.5536159600997506,0.2303030303030303,0.7843137254901961,partial_bullish,2.4146530929310277,0.843262537926111,bullish,bullish,True,True,True,True,reversal,True,False,False,False,bullish,moderate,64.59930636256644,14.321428571428571,3.75,16.5,0.26184538653366585,1.1521197007481296,0.9393939393939394,0.843262537926111,True,False,False,False,False,2024
241,286584,286585,286644,2024-07-24 13:38:00+00:00,2024-07-24 13:39:00+00:00,2024-07-24 14:38:00+00:00,short,19547.0,19546.75,19546.5,19571.5,19521.5,19496.5,19471.5,19446.5,72.9900044550646,70-79,-44.99000445506459,25.0,True,True,True,False,False,max_holding_time,19459.5,19459.75,86.75,0.0,86.75,3.47,93.0,14.75,3.72,0.59,60,59.0,3,2024-07-24,3.354430379746836,2.602065131056394,1.2486255345143555,strong_bearish,2.0622353984884727,1.487505568830748,bearish,bearish,True,True,True,True,reversal,True,True,False,True,bearish,strong,83.25003712553833,19.75,25.25,33.5,1.2784810126582278,1.6962025316455696,0.1865671641791045,1.4875055688307481,True,False,False,False,False,2024
242,288001,288002,288002,2024-07-25 14:15:00+00:00,2024-07-25 14:16:00+00:00,2024-07-25 14:16:00+00:00,short,18940.5,18940.25,18940.0,18965.0,18915.0,18890.0,18865.0,18840.0,70.0,70-79,-41.74762334783679,25.0,False,False,False,False,True,stop,18965.0,18965.25,-25.25,0.0,-25.25,-1.01,2.75,51.0,0.11,2.04,1,0.0,0,2024-07-25,0.2988260405549626,3.459314456035768,4.1723886048210375,partial_bearish,1.1818964392852485,1.8855706485550676,bearish,bearish,False,True,True,True,continuation,True,False,False,False,bullish,weak,52.10313876802671,33.464285714285715,13.0,39.0,0.3884738527214514,1.1654215581643543,0.5384615384615384,1.8855706485550674,False,False,False,False,False,2024
243,289336,289337,289340,2024-07-26 13:30:00+00:00,2024-07-26 13:31:00+00:00,2024-07-26 13:34:00+00:00,long,19134.0,19133.5,19133.75,19108.75,19158.75,19183.75,19208.75,19233.75,78.0,70-79,55.41837837837838,25.0,False,False,False,False,True,stop,19108.75,19108.5,-25.25,0.0,-25.25,-1.01,21.25,44.75,0.85,1.79,4,3.0,0,2024-07-26,4.113846153846153,0.2357658380112269,1.8278052223006356,strong_bearish,14.089145254326167,1.5588936659065988,bullish,bullish,True,True,True,False,reversal,True,False,False,False,bearish,strong,79.84684684684686,11.607142857142858,29.75,46.25,2.563076923076923,3.9846153846153842,0.3081081081081081,1.5588936659065988,False,False,False,False,False,2024
244,289341,289342,289346,2024-07-26 13:35:00+00:00,2024-07-26 13:36:00+00:00,2024-07-26 13:40:00+00:00,long,19121.5,19121.0,19121.25,19096.25,19146.25,19171.25,19196.25,19221.25,73.99060965631254,70-79,39.99060965631254,25.0,False,False,False,False,True,stop,19096.25,19096.0,-25.25,0.0,-25.25,-1.01,23.0,26.0,0.92,1.04,5,4.0,0,2024-07-26,0.6156552330694811,2.79625918503674,1.8278052223006356,strong_bearish,2.896025967451348,1.283116951657167,bullish,bullish,True,True,False,False,reversal,True,True,False,True,bullish,moderate,66.58841380260452,20.303571428571427,24.0,36.25,1.1820580474934037,1.7854001759014952,0.8413793103448276,1.283116951657167,False,False,False,False,False,2024
245,290725,290726,290758,2024-07-29 13:39:00+00:00,2024-07-29 13:40:00+00:00,2024-07-29 14:12:00+00:00,long,19313.0,19312.5,19312.75,19287.75,19337.75,19362.75,19387.75,19412.75,72.64773413897281,70-79,26.647734138972808,25.0,True,True,False,False,True,stop,19287.75,19287.5,-25.25,0.0,-25.25,-1.01,64.5,44.25,2.58,1.77,33,32.0,2,2024-07-29,2.305135951661632,1.5528169014084507,0.2850678733031674,partial_bearish,2.116903633491312,1.5401922183365533,neutral,bullish,True,True,True,True,reversal,True,False,False,False,bullish,moderate,72.06445115810675,23.642857142857142,13.0,30.5,0.5498489425981873,1.2900302114803626,0.47540983606557374,1.5401922183365533,True,False,False,False,True,2024
246,292133,292134,292136,2024-07-30 14:07:00+00:00,2024-07-30 14:08:00+00:00,2024-07-30 14:10:00+00:00,long,19229.0,19229.25,19229.5,19204.5,19254.5,19279.5,19304.5,19329.5,72.21528662420383,70-79,18.215286624203827,25.0,False,False,False,False,True,stop,19204.5,19204.25,-25.25,0.0,-25.25,-1.01,3.5,31.5,0.14,1.26,3,2.0,0,2024-07-30,2.407643312101911,3.3567251461988303,1.8858447488584476,partial_bearish,1.3645190725388197,1.6086944528728655,neutral,bullish,True,False,False,False,reversal,True,False,False,False,bullish,weak,51.794055201698505,22.428571428571427,7.75,24.75,0.3455414012738854,1.1035031847133758,0.47474747474747475,1.6086944528728657,False,False,False,False,True,2024
247,293477,293478,293480,2024-07-31 13:31:00+00:00,2024-07-31 13:32:00+00:00,2024-07-31 13:34:00+00:00,long,19344.5,19344.25,19344.5,19319.5,19369.5,19394.5,19419.5,19444.5,78.0,70-79,32.0,25.0,False,False,False,False,True,stop,19319.5,19319.25,-25.25,0.0,-25.25,-1.01,9.5,34.0,0.38,1.36,3,2.0,0,2024-07-31,1.5698924731182795,0.8477292965271594,3.9637023593466423,partial_bullish,7.9187904472825155,1.6846889106848044,bullish,bullish,True,True,True,True,reversal,True,False,True,True,bearish,strong,100.0,11.625,17.0,29.0,1.4623655913978495,2.4946236559139785,0.21551724137931033,1.6846889106848044,False,False,False,False,False,2024
248,293481,293482,293513,2024-07-31 13:35:00+00:00,2024-07-31 13:36:00+00:00,2024-07-31 14:07:00+00:00,long,19338.75,19338.75,19339.0,19314.0,19364.0,19389.0,19414.0,19439.0,85.41433854387626,80-89,51.414338543876255,25.0,True,True,True,True,False,tp4,19439.0,19438.75,99.75,0.0,99.75,3.99,100.0,19.0,4.0,0.76,32,31.0,4,2024-07-31,1.221476510067114,2.1865724381625444,3.9637023593466423,partial_bearish,2.9747375888388223,1.4779231798453154,bullish,bullish,True,True,True,True,reversal,True,False,False,False,bullish,moderate,61.786154532302106,18.625,27.25,37.5,1.4630872483221478,2.0134228187919465,0.7266666666666667,1.4779231798453154,False,False,False,False,False,2024
249,294857,294858,294865,2024-08-01 13:31:00+00:00,2024-08-01 13:32:00+00:00,2024-08-01 13:39:00+00:00,short,19544.75,19545.0,19544.75,19569.75,19519.75,19494.75,19469.75,19444.75,78.0,70-79,-68.45559292279106,25.0,True,False,False,False,True,stop,19569.75,19570.0,-25.25,0.0,-25.25,-1.01,39.75,25.0,1.59,1.0,8,7.0,1,2024-08-01,0.6119205298013245,2.651810584958217,1.9919839679358715,partial_bearish,6.868522043936784,1.343753879623773,bearish,bearish,True,True,True,False,reversal,True,False,True,True,bullish,moderate,71.2033923100746,13.482142857142858,13.5,35.0,1.0013245033112583,2.596026490066225,0.9214285714285714,1.3437538796237727,False,False,False,False,False,2024
250,294908,294909,294910,2024-08-01 14:22:00+00:00,2024-08-01 14:23:00+00:00,2024-08-01 14:24:00+00:00,short,19471.75,19471.75,19471.5,19496.5,19446.5,19421.5,19396.5,19371.5,86.0,80-89,-60.0,25.0,False,False,False,False,True,stop,19496.5,19496.75,-25.25,0.0,-25.25,-1.01,9.75,40.5,0.39,1.62,2,1.0,0,2024-08-01,2.684715172024817,1.7632623601587876,0.3810483870967742,strong_bearish,1.467078092892188,2.162114172412773,bearish,bearish,True,True,True,True,reversal,True,True,False,True,bearish,strong,100.0,31.660714285714285,43.25,51.5,1.3660462492949803,1.6266215454032713,0.06796116504854369,2.162114172412773,True,False,False,False,True,2024
251,294915,294916,294934,2024-08-01 14:29:00+00:00,2024-08-01 14:30:00+00:00,2024-08-01 14:48:00+00:00,short,19446.0,19447.0,19446.75,19471.75,19421.75,19396.75,19371.75,19346.75,71.83420074349442,70-79,-45.83420074349442,25.0,True,True,True,True,False,tp4,19346.75,19347.0,99.75,0.0,99.75,3.99,116.5,24.5,4.66,0.98,19,18.0,4,2024-08-01,2.029739776951673,2.480781758957655,0.3810483870967742,strong_bearish,1.25256457835881,2.1079424935187365,bearish,bearish,False,True,True,False,continuation,True,True,False,True,bearish,strong,98.61833952912019,28.821428571428573,37.0,39.25,1.2837670384138784,1.3618339529120198,0.025477707006369428,2.1079424935187365,True,False,False,True,True,2024
252,296236,296237,296244,2024-08-02 13:30:00+00:00,2024-08-02 13:31:00+00:00,2024-08-02 13:38:00+00:00,short,18635.5,18635.0,18634.75,18659.75,18609.75,18584.75,18559.75,18534.75,71.62396822451007,70-79,-59.62396822451007,25.0,True,True,True,False,True,stop,18659.75,18660.0,-25.25,0.0,-25.25,-1.01,93.0,33.75,3.72,1.35,8,7.0,3,2024-08-02,0.6686567164179105,1.349296617779108,0.7448425624321389,partial_bullish,5.500213897207114,1.3844378925778746,bearish,bearish,True,True,False,False,reversal,True,False,False,False,bearish,weak,46.86640187091717,23.928571428571427,15.75,43.25,0.6582089552238807,1.8074626865671644,0.5606936416184971,1.3844378925778746,False,False,False,False,False,2024
253,296247,296248,296253,2024-08-02 13:41:00+00:00,2024-08-02 13:42:00+00:00,2024-08-02 13:47:00+00:00,short,18727.25,18727.75,18727.5,18752.5,18702.5,18677.5,18652.5,18627.5,71.66182171712092,70-79,-49.66182171712092,25.0,True,True,True,True,False,tp4,18627.5,18627.75,99.75,0.0,99.75,3.99,106.0,5.0,4.24,0.2,6,5.0,4,2024-08-02,2.450715746421268,1.1754989676531316,0.7448425624321389,partial_bullish,1.590196981479664,1.5661226159051196,bearish,bearish,True,True,False,False,reversal,True,False,False,False,bearish,weak,47.181847642674356,43.660714285714285,23.0,45.75,0.5267893660531697,1.0478527607361963,0.2568306010928962,1.5661226159051196,False,False,False,False,False,2024
254,297620,297621,297621,2024-08-05 13:34:00+00:00,2024-08-05 13:35:00+00:00,2024-08-05 13:35:00+00:00,short,17677.25,17678.25,17678.0,17703.0,17653.0,17628.0,17603.0,17578.0,77.58092399403874,70-79,-77.58092399403874,25.0,False,False,False,False,True,stop,17703.0,17703.25,-25.25,0.0,-25.25,-1.01,32.75,30.0,1.31,1.2,1,0.0,0,2024-08-05,2.357675111773472,0.4308855291576674,0.1004195425632697,partial_bearish,2.46149727848666,1.7262288414004567,bearish,bearish,True,True,True,False,reversal,True,False,False,False,neutral,none,38.174366616989566,47.92857142857143,3.25,41.75,0.06780923994038748,0.8710879284649776,0.23353293413173654,1.7262288414004567,False,False,False,False,False,2024
255,297647,297648,297648,2024-08-05 14:01:00+00:00,2024-08-05 14:02:00+00:00,2024-08-05 14:02:00+00:00,long,18102.25,18102.0,18102.25,18077.25,18127.25,18152.25,18177.25,18202.25,71.16295336787564,70-79,25.162953367875645,25.0,False,False,False,False,True,stop,18077.25,18077.0,-25.25,0.0,-25.25,-1.01,10.25,50.5,0.41,2.02,1,0.0,0,2024-08-05,3.5770725388601035,1.7861163227016887,2.2836543877436077,strong_bullish,1.7377434519811954,1.6321703134240095,neutral,bullish,False,True,True,False,continuation,True,True,False,True,bullish,strong,93.02461139896373,55.142857142857146,57.25,77.5,1.0382124352331605,1.405440414507772,0.8870967741935484,1.6321703134240095,True,False,False,False,True,2024
256,299000,299001,299008,2024-08-06 13:34:00+00:00,2024-08-06 13:35:00+00:00,2024-08-06 13:42:00+00:00,short,18112.0,18111.0,18110.75,18135.75,18085.75,18060.75,18035.75,18010.75,76.2802678619389,70-79,-18.280267861938896,25.0,True,True,True,True,False,tp4,18010.75,18011.0,99.75,0.0,99.75,3.99,135.0,20.25,5.4,0.81,8,7.0,4,2024-08-06,1.067471201316511,0.4819277108433735,1.4212368728121354,partial_bearish,3.019127472815407,1.100334827423619,neutral,bearish,True,True,True,False,reversal,True,True,False,True,bearish,moderate,69.00223218282413,32.55357142857143,41.75,61.0,1.2825013713658804,1.8738343390016454,0.16393442622950818,1.1003348274236193,False,False,False,False,False,2024
257,301759,301760,301763,2024-08-08 13:33:00+00:00,2024-08-08 13:34:00+00:00,2024-08-08 13:37:00+00:00,long,18194.75,18194.75,18195.0,18170.0,18220.0,18245.0,18270.0,18295.0,70.18050767039401,70-79,62.18050767039401,25.0,True,False,False,False,True,stop,18170.0,18169.75,-25.25,0.0,-25.25,-1.01,34.75,38.0,1.39,1.52,4,3.0,1,2024-08-08,1.5616653574234092,0.826148409893993,4.118935837245696,partial_bullish,2.6734662339669293,0.7649451715599576,bullish,bullish,True,False,False,False,reversal,True,False,False,False,neutral,none,34.837563919950085,22.732142857142858,3.75,29.5,0.16496465043205027,1.2977219167321288,0.6779661016949152,0.7649451715599576,False,False,False,False,False,2024
258,301803,301804,301804,2024-08-08 14:17:00+00:00,2024-08-08 14:18:00+00:00,2024-08-08 14:18:00+00:00,long,18349.0,18348.75,18349.0,18324.0,18374.0,18399.0,18424.0,18449.0,73.45139346166928,70-79,51.45139346166928,25.0,False,False,False,False,True,stop,18324.0,18323.75,-25.25,0.0,-25.25,-1.01,0.75,35.5,0.03,1.42,1,0.0,0,2024-08-08,2.330423940149626,3.2329157175398637,1.949658903787344,strong_bullish,0.8898811616623304,0.8497779866875949,bullish,bullish,False,True,True,False,continuation,True,False,False,False,bullish,strong,78.76161218057732,28.642857142857142,11.75,32.25,0.4102244389027431,1.125935162094763,0.9147286821705426,0.8497779866875949,True,False,False,False,True,2024
259,301814,301815,301857,2024-08-08 14:28:00+00:00,2024-08-08 14:29:00+00:00,2024-08-08 15:11:00+00:00,long,18368.5,18368.0,18368.25,18343.25,18393.25,18418.25,18443.25,18468.25,71.35641394089598,70-79,41.356413940895976,25.0,True,True,False,False,True,stop,18343.25,18343.0,-25.25,0.0,-25.25,-1.01,70.0,32.75,2.8,1.31,43,42.0,2,2024-08-08,2.085308056872038,1.851891601824524,1.949658903787344,strong_bullish,1.1085048243174618,0.8874605540820475,bullish,bullish,False,False,True,True,continuation,True,False,False,False,bullish,moderate,61.303449507466425,26.375,19.0,26.5,0.7203791469194313,1.004739336492891,0.9433962264150944,0.8874605540820475,True,False,False,False,False,2024
260,304516,304517,304517,2024-08-12 13:30:00+00:00,2024-08-12 13:31:00+00:00,2024-08-12 13:31:00+00:00,long,18662.75,18662.75,18663.0,18638.0,18688.0,18713.0,18738.0,18763.0,76.83694059452144,70-79,76.83694059452144,25.0,False,False,False,False,True,stop,18638.0,18637.75,-25.25,0.0,-25.25,-1.01,3.25,29.5,0.13,1.18,1,0.0,0,2024-08-12,0.0496453900709219,1.779527559055118,0.8873974645786725,partial_bearish,8.204696810375044,0.5461757431518036,bullish,bullish,True,True,True,False,reversal,True,True,False,True,bullish,moderate,65.30783828767869,10.071428571428571,21.5,30.5,2.1347517730496453,3.028368794326241,0.860655737704918,0.5461757431518036,False,False,False,False,False,2024
261,304544,304545,304559,2024-08-12 13:58:00+00:00,2024-08-12 13:59:00+00:00,2024-08-12 14:13:00+00:00,long,18548.0,18548.25,18548.5,18523.5,18573.5,18598.5,18623.5,18648.5,71.49230769230769,70-79,63.49230769230769,25.0,True,True,True,True,False,tp4,18648.5,18648.25,99.75,0.0,99.75,3.99,106.0,17.25,4.24,0.69,15,14.0,4,2024-08-12,0.9333333333333332,2.2361715351149782,4.1786133960047005,strong_bearish,1.1614818658076975,1.5495395027783654,bullish,bullish,True,True,False,False,reversal,True,False,False,False,bullish,weak,45.769230769230774,24.375,9.75,26.25,0.4,1.0769230769230769,0.9142857142857143,1.5495395027783654,False,False,False,False,False,2024
262,305900,305901,305907,2024-08-13 13:34:00+00:00,2024-08-13 13:35:00+00:00,2024-08-13 13:41:00+00:00,long,18864.0,18863.5,18863.75,18838.75,18888.75,18913.75,18938.75,18963.75,74.0,70-79,38.7519483544716,25.0,False,False,False,False,True,stop,18838.75,18838.5,-25.25,0.0,-25.25,-1.01,12.5,27.0,0.5,1.08,7,6.0,0,2024-08-13,2.625,0.45841519318926,1.7256719184430027,strong_bullish,3.778082623068793,1.0131895569104956,bullish,bullish,True,True,True,False,reversal,True,False,False,False,bearish,weak,43.733763712736646,16.0,3.5,32.0,0.21875,2.0,0.1484375,1.0131895569104956,True,False,False,False,False,2024
263,305908,305909,305968,2024-08-13 13:42:00+00:00,2024-08-13 13:43:00+00:00,2024-08-13 14:42:00+00:00,long,18847.0,18847.0,18847.25,18822.25,18872.25,18897.25,18922.25,18947.25,71.2688611191888,70-79,49.2688611191888,25.0,True,True,False,False,False,max_holding_time,18901.25,18901.0,53.75,0.0,53.75,2.15,74.75,1.5,2.99,0.06,60,59.0,2,2024-08-13,0.7300252312867956,1.4022617124394186,1.7256719184430027,partial_bullish,1.907888784044052,1.045496079389702,bullish,bullish,True,True,False,True,reversal,True,False,False,False,bullish,weak,43.90717599324002,21.232142857142858,9.0,24.5,0.4238856181665265,1.1539108494533221,0.8571428571428571,1.0454960793897021,False,False,False,False,False,2024
264,307281,307282,307287,2024-08-14 13:35:00+00:00,2024-08-14 13:36:00+00:00,2024-08-14 13:41:00+00:00,long,19117.75,19118.0,19118.25,19093.25,19143.25,19168.25,19193.25,19218.25,72.09145169168063,70-79,38.09145169168063,25.0,False,False,False,False,True,stop,19093.25,19093.0,-25.25,0.0,-25.25,-1.01,13.0,32.75,0.52,1.31,6,5.0,0,2024-08-14,2.269927536231884,0.7444952222683839,1.11913357400722,partial_bearish,4.401082923894515,1.3461986725718,bullish,bullish,True,True,False,False,reversal,True,False,False,False,bullish,weak,50.7620974306719,19.714285714285715,10.0,42.75,0.5072463768115941,2.168478260869565,0.8128654970760234,1.3461986725718,False,False,False,False,False,2024
265,307332,307333,307335,2024-08-14 14:26:00+00:00,2024-08-14 14:27:00+00:00,2024-08-14 14:29:00+00:00,short,18984.0,18984.5,18984.25,19009.25,18959.25,18934.25,18909.25,18884.25,77.47253011047795,70-79,-57.47253011047795,25.0,False,False,False,False,True,stop,19009.25,19009.5,-25.25,0.0,-25.25,-1.01,9.0,30.25,0.36,1.21,3,2.0,0,2024-08-14,0.7769929364278506,0.376068376068376,2.739845585767036,strong_bearish,1.200110805685184,1.073508248591878,bearish,bearish,True,True,True,False,reversal,True,True,False,True,bearish,strong,78.93775092064952,17.696428571428573,23.0,27.5,1.2996972754793137,1.5539858728557012,0.14545454545454545,1.073508248591878,True,True,True,False,False,2024
266,311441,311442,311449,2024-08-19 13:55:00+00:00,2024-08-19 13:56:00+00:00,2024-08-19 14:03:00+00:00,long,19586.0,19586.25,19586.5,19561.5,19611.5,19636.5,19661.5,19686.5,74.95492626509791,70-79,63.95492626509791,25.0,False,False,False,False,True,stop,19561.5,19561.25,-25.25,0.0,-25.25,-1.01,23.0,26.5,0.92,1.06,8,7.0,0,2024-08-19,0.8666666666666667,0.9116279069767442,1.1458333333333333,strong_bearish,0.9935139259824496,0.7943504720650366,bullish,bullish,True,False,True,False,reversal,True,False,False,False,neutral,none,24.624385542482635,18.75,2.5,19.25,0.13333333333333333,1.0266666666666666,0.5584415584415584,0.7943504720650366,False,False,False,False,False,2024
267,312837,312838,312865,2024-08-20 14:11:00+00:00,2024-08-20 14:12:00+00:00,2024-08-20 14:39:00+00:00,short,19862.25,19862.25,19862.0,19887.0,19837.0,19812.0,19787.0,19762.0,85.85783938385948,80-89,-67.85783938385948,25.0,True,True,True,True,False,tp4,19762.0,19762.25,99.75,0.0,99.75,3.99,100.5,6.5,4.02,0.26,28,27.0,4,2024-08-20,1.944873208379272,1.3989481592787378,2.644556596971882,partial_bullish,1.81957262004639,1.322299229824357,bearish,bearish,True,True,True,True,reversal,True,True,False,True,bearish,strong,98.81532819882905,16.196428571428573,28.5,32.75,1.7596471885336271,2.022050716648291,0.0916030534351145,1.322299229824357,True,True,True,False,True,2024
268,314180,314181,314185,2024-08-21 13:34:00+00:00,2024-08-21 13:35:00+00:00,2024-08-21 13:39:00+00:00,short,19820.25,19821.0,19820.75,19845.75,19795.75,19770.75,19745.75,19720.75,72.39595656072858,70-79,-26.395956560728575,25.0,False,False,False,False,True,stop,19845.75,19846.0,-25.25,0.0,-25.25,-1.01,7.5,27.75,0.3,1.11,5,4.0,0,2024-08-21,2.2450450450450448,0.5523520485584219,0.4366471734892787,partial_bearish,3.735730076468669,0.6503511063161282,neutral,bearish,True,True,True,False,reversal,True,False,False,False,bearish,moderate,69.96630467273815,9.910714285714286,6.75,12.5,0.681081081081081,1.2612612612612613,0.14,0.6503511063161282,True,False,False,False,False,2024
269,315561,315562,315576,2024-08-22 13:35:00+00:00,2024-08-22 13:36:00+00:00,2024-08-22 13:50:00+00:00,long,19985.75,19985.75,19986.0,19961.0,20011.0,20036.0,20061.0,20086.0,78.0,70-79,57.987644216363535,25.0,False,False,False,False,True,stop,19961.0,19960.75,-25.25,0.0,-25.25,-1.01,21.5,37.0,0.86,1.48,15,14.0,0,2024-08-22,2.556372549019608,0.6975524475524476,0.9984152139461172,partial_bullish,3.625152969970818,1.0177800976550886,bullish,bullish,True,True,True,False,reversal,True,False,False,False,bearish,weak,58.43629819697054,14.571428571428571,14.5,26.5,0.9950980392156863,1.8186274509803921,0.330188679245283,1.0177800976550886,False,False,False,False,False,2024
270,315610,315611,315616,2024-08-22 14:24:00+00:00,2024-08-22 14:25:00+00:00,2024-08-22 14:30:00+00:00,long,19918.25,19918.5,19918.75,19893.75,19943.75,19968.75,19993.75,20018.75,80.77244416432148,80-89,72.77244416432148,25.0,False,False,False,False,True,stop,19893.75,19893.5,-25.25,0.0,-25.25,-1.01,13.25,33.5,0.53,1.34,6,5.0,0,2024-08-22,1.2322097378277153,2.9453551912568305,2.1123829344432883,partial_bearish,0.9391446850083516,0.9131207484730252,bullish,bullish,True,True,True,False,reversal,True,False,False,False,bullish,weak,56.43703470267909,19.071428571428573,13.75,19.25,0.7209737827715356,1.0093632958801497,0.8571428571428571,0.9131207484730252,True,True,True,False,False,2024
271,322458,322459,322482,2024-08-29 13:32:00+00:00,2024-08-29 13:33:00+00:00,2024-08-29 13:56:00+00:00,long,19546.5,19545.5,19545.75,19520.75,19570.75,19595.75,19620.75,19645.75,70.37686010385102,70-79,44.376860103851016,25.0,True,True,True,True,False,tp4,19645.75,19645.5,99.75,0.0,99.75,3.99,105.75,13.0,4.23,0.52,24,23.0,4,2024-08-29,4.335100742311771,1.1403636363636365,1.037037037037037,strong_bullish,5.711959524294147,1.3085618742464311,bullish,bullish,False,True,True,False,continuation,True,False,False,False,bullish,strong,86.47383419875845,16.839285714285715,16.25,33.75,0.9650053022269353,2.00424178154825,0.6666666666666666,1.3085618742464311,True,False,False,False,True,2024
272,323840,323841,323900,2024-08-30 13:34:00+00:00,2024-08-30 13:35:00+00:00,2024-08-30 14:34:00+00:00,long,19537.0,19537.25,19537.5,19512.5,19562.5,19587.5,19612.5,19637.5,70.10136092879846,70-79,36.10136092879846,25.0,True,True,True,False,False,max_holding_time,19559.0,19558.75,21.25,0.0,21.25,0.85,90.5,24.5,3.62,0.98,60,59.0,3,2024-08-30,1.4911242603550297,1.8633540372670807,0.1314553990610328,partial_bullish,2.9296723937903986,0.8042159538974826,bullish,bullish,False,True,True,False,continuation,True,False,False,False,bullish,weak,50.84467440665384,15.089285714285714,11.0,25.25,0.7289940828402367,1.673372781065089,0.8613861386138614,0.8042159538974826,False,False,False,False,False,2024
273,326373,326374,326399,2024-09-03 13:47:00+00:00,2024-09-03 13:48:00+00:00,2024-09-03 14:13:00+00:00,short,19396.5,19396.75,19396.5,19421.5,19371.5,19346.5,19321.5,19296.5,70.0,70-79,-57.65984861220948,25.0,True,True,True,True,False,tp4,19296.5,19296.75,99.75,0.0,99.75,3.99,100.5,23.75,4.02,0.95,26,25.0,4,2024-09-03,1.2119113573407203,3.469182389937107,2.860143198090692,partial_bearish,0.9130204507013376,0.9643076256811866,bearish,bearish,True,True,False,False,reversal,True,False,False,False,neutral,none,27.834594898254363,25.785714285714285,9.5,28.75,0.368421052631579,1.1149584487534627,0.5130434782608696,0.9643076256811866,False,False,False,False,False,2024
274,329120,329121,329121,2024-09-05 13:34:00+00:00,2024-09-05 13:35:00+00:00,2024-09-05 13:35:00+00:00,short,18912.5,18912.25,18912.0,18937.0,18887.0,18862.0,18837.0,18812.0,70.08176005435963,70-79,-29.081760054359638,25.0,False,False,False,False,True,stop,18937.0,18937.25,-25.25,0.0,-25.25,-1.01,4.75,43.5,0.19,1.74,1,0.0,0,2024-09-05,1.4503171247357294,0.3640661938534278,0.5318077803203661,partial_bearish,2.825040128410915,0.9663649728121292,neutral,bearish,True,True,True,False,reversal,True,True,False,True,bearish,weak,59.01466711966366,16.892857142857142,19.5,31.25,1.1543340380549683,1.849894291754757,0.152,0.9663649728121292,False,False,False,False,False,2024
275,329166,329167,329191,2024-09-05 14:20:00+00:00,2024-09-05 14:21:00+00:00,2024-09-05 14:45:00+00:00,long,19085.0,19084.5,19084.75,19059.75,19109.75,19134.75,19159.75,19184.75,77.41622266666647,70-79,71.41622266666647,25.0,True,True,False,False,True,stop,19059.75,19059.5,-25.25,0.0,-25.25,-1.01,65.5,51.5,2.62,2.06,25,24.0,2,2024-09-05,2.283987915407855,0.4659685863874345,2.5675923100396703,strong_bullish,0.9266909396443076,1.3095532578043834,bullish,bullish,True,True,True,False,reversal,True,True,False,True,bullish,strong,78.46852222222056,23.642857142857142,27.0,29.25,1.1419939577039275,1.2371601208459215,0.9316239316239316,1.3095532578043834,True,True,True,False,False,2024
276,331925,331926,331927,2024-09-09 14:19:00+00:00,2024-09-09 14:20:00+00:00,2024-09-09 14:21:00+00:00,long,18652.75,18652.25,18652.5,18627.5,18677.5,18702.5,18727.5,18752.5,88.0,80-89,70.95819672131148,25.0,False,False,False,False,True,stop,18627.5,18627.25,-25.25,0.0,-25.25,-1.01,4.5,27.0,0.18,1.08,2,1.0,0,2024-09-09,2.6250000000000004,1.8359375,2.5609756097560976,partial_bullish,1.9778586632073452,1.9790550843719676,bullish,bullish,True,True,True,False,reversal,True,False,False,False,bearish,weak,50.348360655737714,17.428571428571427,3.75,20.5,0.21516393442622953,1.1762295081967213,0.7439024390243902,1.9790550843719674,False,False,False,False,False,2024
277,333243,333244,333244,2024-09-10 13:33:00+00:00,2024-09-10 13:34:00+00:00,2024-09-10 13:34:00+00:00,long,18793.0,18793.25,18793.5,18768.5,18818.5,18843.5,18868.5,18893.5,74.0,70-79,54.18624256877036,25.0,False,False,False,False,True,stop,18768.5,18768.25,-25.25,0.0,-25.25,-1.01,3.5,31.5,0.14,1.26,1,0.0,0,2024-09-10,2.559345156889495,0.1242078580481622,1.0482673267326732,partial_bullish,3.234712950600801,1.017196789037047,bullish,bullish,True,True,True,True,reversal,True,False,True,True,bearish,moderate,65.11464526024699,13.089285714285714,27.0,30.25,2.062755798090041,2.311050477489768,0.049586776859504134,1.017196789037047,True,False,False,False,False,2024
278,333246,333247,333283,2024-09-10 13:36:00+00:00,2024-09-10 13:37:00+00:00,2024-09-10 14:13:00+00:00,long,18742.25,18742.5,18742.75,18717.75,18767.75,18792.75,18817.75,18842.75,78.0,70-79,45.95724137931035,25.0,True,True,False,False,True,stop,18717.75,18717.5,-25.25,0.0,-25.25,-1.01,73.75,37.75,2.95,1.51,37,36.0,2,2024-09-10,3.1310344827586207,0.9153846153846154,1.0482673267326732,partial_bullish,2.991625256281058,1.6312957137984614,bullish,bullish,True,True,True,False,reversal,True,False,True,True,bearish,strong,83.6896551724138,18.125,27.5,29.5,1.5172413793103448,1.6275862068965516,0.059322033898305086,1.6312957137984614,False,False,False,False,False,2024
279,333284,333285,333321,2024-09-10 14:14:00+00:00,2024-09-10 14:15:00+00:00,2024-09-10 14:51:00+00:00,long,18710.75,18711.25,18711.5,18686.5,18736.5,18761.5,18786.5,18811.5,82.3679012345679,80-89,60.367901234567896,25.0,True,True,True,False,True,stop,18686.5,18686.25,-25.25,0.0,-25.25,-1.01,77.75,38.0,3.11,1.52,37,36.0,3,2024-09-10,3.274348422496571,0.7511563367252545,0.0067307692307692,partial_bearish,1.3958250383937203,1.9315664601441536,bullish,bullish,True,False,True,False,reversal,True,False,False,False,neutral,none,36.39917695473251,26.035714285714285,0.75,19.75,0.02880658436213992,0.7585733882030179,0.759493670886076,1.9315664601441536,False,False,False,False,False,2024
280,336001,336002,336002,2024-09-12 13:31:00+00:00,2024-09-12 13:32:00+00:00,2024-09-12 13:32:00+00:00,short,19213.25,19213.75,19213.5,19238.5,19188.5,19163.5,19138.5,19113.5,73.97756016093524,70-79,-35.97756016093524,25.0,False,False,False,False,True,stop,19238.5,19238.75,-25.25,0.0,-25.25,-1.01,2.75,26.25,0.11,1.05,1,0.0,0,2024-09-12,4.431654676258993,0.5325530358449159,1.4887892376681615,strong_bearish,8.043640587405626,1.471950201169058,bearish,bearish,True,True,False,False,reversal,True,True,False,True,bearish,strong,99.81300134112705,12.410714285714286,23.0,31.25,1.8532374100719424,2.5179856115107913,0.104,1.471950201169058,True,False,False,False,True,2024
281,337438,337439,337440,2024-09-13 14:28:00+00:00,2024-09-13 14:29:00+00:00,2024-09-13 14:30:00+00:00,long,19481.0,19480.5,19480.75,19455.75,19505.75,19530.75,19555.75,19580.75,72.0,70-79,58.15340703662285,25.0,False,False,False,False,True,stop,19455.75,19455.5,-25.25,0.0,-25.25,-1.01,4.0,52.5,0.16,2.1,2,1.0,0,2024-09-13,1.4951456310679612,1.4417520969245108,1.0991444388525415,partial_bullish,1.4555541616136272,1.3441635343185212,bullish,bullish,True,False,True,False,reversal,True,False,False,False,bearish,weak,57.05494136147622,18.392857142857142,5.0,28.75,0.27184466019417475,1.5631067961165048,0.6260869565217392,1.3441635343185212,False,False,False,False,False,2024
282,339723,339724,339725,2024-09-17 13:33:00+00:00,2024-09-17 13:34:00+00:00,2024-09-17 13:35:00+00:00,long,19793.75,19793.75,19794.0,19769.0,19819.0,19844.0,19869.0,19894.0,73.0,70-79,57.27072023461377,25.0,False,False,False,False,True,stop,19769.0,19768.75,-25.25,0.0,-25.25,-1.01,1.0,30.75,0.04,1.23,2,1.0,0,2024-09-17,0.3584905660377358,0.5571428571428572,0.9355877616747182,partial_bullish,3.4645126952819263,0.911599706732789,bullish,bullish,True,True,True,True,reversal,True,False,True,True,bearish,moderate,64.41066471155193,13.25,21.75,36.0,1.6415094339622642,2.7169811320754715,0.1527777777777778,0.911599706732789,False,False,False,False,False,2024
283,339726,339727,339728,2024-09-17 13:36:00+00:00,2024-09-17 13:37:00+00:00,2024-09-17 13:38:00+00:00,long,19787.75,19787.5,19787.75,19762.75,19812.75,19837.75,19862.75,19887.75,85.61906353359943,80-89,84.61906353359943,25.0,False,False,False,False,True,stop,19762.75,19762.5,-25.25,0.0,-25.25,-1.01,6.25,31.25,0.25,1.25,2,1.0,0,2024-09-17,1.5243128964059196,1.7884940778341794,0.9355877616747182,partial_bearish,2.1207280675942664,0.924992207696962,bullish,bullish,True,True,True,False,reversal,True,True,False,True,bullish,moderate,63.49219611332859,16.892857142857142,19.25,25.5,1.1395348837209303,1.5095137420718816,0.7647058823529411,0.9249922076969619,False,False,False,False,False,2024
284,339740,339741,339743,2024-09-17 13:50:00+00:00,2024-09-17 13:51:00+00:00,2024-09-17 13:53:00+00:00,long,19757.75,19757.75,19758.0,19733.0,19783.0,19808.0,19833.0,19858.0,71.48038341540395,70-79,58.48038341540395,25.0,False,False,False,False,True,stop,19733.0,19732.75,-25.25,0.0,-25.25,-1.01,2.75,35.5,0.11,1.42,3,2.0,0,2024-09-17,1.5004219409282702,1.7644411102775694,0.3781228899392302,partial_bearish,1.5753191752449842,1.3418294802253936,bullish,bullish,True,False,False,False,reversal,True,False,False,False,bullish,weak,45.66986179503287,21.160714285714285,8.5,24.75,0.4016877637130802,1.169620253164557,0.9090909090909091,1.3418294802253936,False,False,False,False,False,2024
285,339752,339753,339809,2024-09-17 14:02:00+00:00,2024-09-17 14:03:00+00:00,2024-09-17 14:59:00+00:00,long,19771.5,19771.75,19772.0,19747.0,19797.0,19822.0,19847.0,19872.0,70.7961361998756,70-79,69.7961361998756,25.0,True,True,True,False,True,stop,19747.0,19746.75,-25.25,0.0,-25.25,-1.01,78.5,27.0,3.14,1.08,57,56.0,3,2024-09-17,1.0374787052810903,0.3994927076727965,0.6463878326996197,partial_bearish,1.0873243741880547,1.0323918113500907,bullish,bullish,True,False,True,False,reversal,True,False,False,False,bullish,moderate,64.96780166563009,20.964285714285715,17.75,26.5,0.8466780238500852,1.2640545144804087,0.7264150943396226,1.0323918113500907,True,True,True,False,False,2024
286,341104,341105,341164,2024-09-18 13:34:00+00:00,2024-09-18 13:35:00+00:00,2024-09-18 14:34:00+00:00,short,19697.75,19698.0,19697.75,19722.75,19672.75,19647.75,19622.75,19597.75,73.52997193067395,70-79,-35.52997193067395,25.0,True,True,False,False,False,max_holding_time,19680.25,19680.5,17.25,0.0,17.25,0.69,51.0,19.5,2.04,0.78,60,59.0,2,2024-09-18,2.919431279620853,0.0434108527131782,3.0514631685166496,partial_bearish,4.264346538319141,0.9957982466757732,neutral,bearish,True,True,True,False,reversal,True,False,False,False,bearish,strong,79.41643275561626,11.303571428571429,15.75,27.0,1.3933649289099526,2.3886255924170614,0.3148148148148148,0.9957982466757733,True,False,False,True,False,2024
287,342484,342485,342500,2024-09-19 13:34:00+00:00,2024-09-19 13:35:00+00:00,2024-09-19 13:50:00+00:00,long,20024.75,20025.75,20026.0,20001.0,20051.0,20076.0,20101.0,20126.0,76.0,70-79,23.824331223195585,25.0,True,False,False,False,True,stop,20001.0,20000.75,-25.25,0.0,-25.25,-1.01,47.25,48.5,1.89,1.94,16,15.0,1,2024-09-19,2.252173913043478,3.402677651905252,1.841816758026625,partial_bullish,2.341845824919824,0.8478468405707356,bullish,bullish,True,False,False,False,reversal,True,False,True,True,bearish,moderate,68.13057314003679,12.321428571428571,12.0,20.75,0.9739130434782609,1.6840579710144927,0.12048192771084337,0.8478468405707356,False,False,False,False,False,2024
288,345242,345243,345302,2024-09-23 13:32:00+00:00,2024-09-23 13:33:00+00:00,2024-09-23 14:32:00+00:00,long,20041.75,20041.75,20042.0,20017.0,20067.0,20092.0,20117.0,20142.0,78.0,70-79,47.89836157065976,25.0,True,True,True,False,False,max_holding_time,20100.5,20100.25,58.25,0.0,58.25,2.33,78.25,10.25,3.13,0.41,60,59.0,3,2024-09-23,2.5261382799325465,1.0637254901960784,0.1360323886639676,partial_bearish,5.939994957559458,1.127048036675304,bullish,bullish,True,True,True,True,reversal,True,False,True,True,bearish,strong,84.18032024450201,10.589285714285714,33.5,34.25,3.163575042158516,3.2344013490725128,0.0,1.127048036675304,False,False,False,False,False,2024
289,350762,350763,350766,2024-09-27 13:32:00+00:00,2024-09-27 13:33:00+00:00,2024-09-27 13:36:00+00:00,long,20353.75,20353.25,20353.5,20328.5,20378.5,20403.5,20428.5,20453.5,71.5492125591641,70-79,51.5492125591641,25.0,False,False,False,False,True,stop,20328.5,20328.25,-25.25,0.0,-25.25,-1.01,15.75,34.75,0.63,1.39,4,3.0,0,2024-09-27,1.8469055374592835,0.1045751633986928,0.8950276243093923,partial_bearish,4.183193771117966,0.9104570670333008,bullish,bullish,True,False,False,False,reversal,True,False,False,False,bullish,weak,46.24343799303417,10.964285714285714,4.5,17.25,0.41042345276872966,1.5732899022801303,0.855072463768116,0.9104570670333008,False,False,False,False,False,2024
290,352155,352156,352160,2024-09-30 13:45:00+00:00,2024-09-30 13:46:00+00:00,2024-09-30 13:50:00+00:00,short,20238.75,20238.75,20238.5,20262.0,20213.5,20188.5,20163.5,20138.5,71.9256635517045,70-79,-71.9256635517045,23.5,False,False,False,False,True,stop,20262.0,20262.25,-23.75,0.0,-23.75,-1.0106382978723405,8.0,23.75,0.3404255319148936,1.0106382978723405,5,4.0,0,2024-09-30,0.1302998965873836,3.632432432432432,2.734994337485844,partial_bullish,1.6272604991780002,1.104080473756794,bearish,bearish,True,True,False,False,reversal,True,False,False,False,bearish,weak,49.380529597537546,17.267857142857142,9.0,28.0,0.5211995863495347,1.6215098241985522,0.09821428571428571,1.104080473756794,False,False,False,False,False,2024
291,353573,353574,353581,2024-10-01 14:23:00+00:00,2024-10-01 14:24:00+00:00,2024-10-01 14:31:00+00:00,short,19969.75,19970.0,19969.75,19994.75,19944.75,19919.75,19894.75,19869.75,74.0,70-79,-48.31421052631579,25.0,True,True,True,True,False,tp4,19869.75,19870.0,99.75,0.0,99.75,3.99,101.5,6.5,4.06,0.26,8,7.0,4,2024-10-01,1.556578947368421,1.4464944649446496,6.460034904013962,partial_bearish,1.2446815474242323,1.943851668221373,bearish,bearish,False,False,True,True,continuation,True,False,False,False,neutral,none,30.714912280701757,27.142857142857142,4.25,22.0,0.15657894736842107,0.8105263157894737,0.29545454545454547,1.9438516682213731,False,False,False,False,False,2024
292,354907,354908,354909,2024-10-02 13:37:00+00:00,2024-10-02 13:38:00+00:00,2024-10-02 13:39:00+00:00,long,19905.5,19905.75,19906.0,19881.0,19931.0,19956.0,19981.0,20006.0,73.0,70-79,36.633816539342696,25.0,False,False,False,False,True,stop,19881.0,19880.75,-25.25,0.0,-25.25,-1.01,3.5,32.75,0.14,1.31,2,1.0,0,2024-10-02,2.8078358208955225,0.0179028132992327,0.1431111111111111,partial_bearish,2.06831030884483,1.0827293258216268,bullish,bullish,True,True,True,False,reversal,True,False,False,False,bearish,moderate,61.38486217214418,19.142857142857142,6.5,26.25,0.3395522388059702,1.3712686567164178,0.23809523809523808,1.0827293258216268,False,False,False,False,False,2024
293,354918,354919,354962,2024-10-02 13:48:00+00:00,2024-10-02 13:49:00+00:00,2024-10-02 14:32:00+00:00,long,19914.75,19915.0,19915.25,19890.25,19940.25,19965.25,19990.25,20015.25,86.2,80-89,64.2,25.0,True,True,True,True,False,tp4,20015.25,20015.0,99.75,0.0,99.75,3.99,101.75,24.0,4.07,0.96,44,43.0,4,2024-10-02,2.746268656716418,2.975810602161606,2.0128983308042487,partial_bearish,1.8471764013131893,2.233666920270771,bullish,bullish,True,True,False,False,reversal,True,True,False,True,bullish,strong,85.0,25.125,40.75,49.0,1.6218905472636815,1.9502487562189055,0.8979591836734694,2.233666920270771,False,False,False,False,True,2024
294,356281,356282,356305,2024-10-03 13:31:00+00:00,2024-10-03 13:32:00+00:00,2024-10-03 13:55:00+00:00,long,19926.5,19926.0,19926.25,19901.25,19951.25,19976.25,20001.25,20026.25,80.77804225199785,80-89,68.77804225199785,25.0,True,True,True,True,False,tp4,20026.25,20026.0,99.75,0.0,99.75,3.99,108.75,3.25,4.35,0.13,24,23.0,4,2024-10-03,0.8578878748370274,0.6363636363636364,2.111533586818758,partial_bearish,6.038651249292472,1.1035828019594949,bullish,bullish,True,True,True,False,reversal,True,False,False,False,bullish,weak,56.483685433315365,13.696428571428571,5.25,33.25,0.3833116036505867,2.427640156453716,0.9624060150375939,1.1035828019594949,True,False,False,False,False,2024
295,356315,356316,356323,2024-10-03 14:05:00+00:00,2024-10-03 14:06:00+00:00,2024-10-03 14:13:00+00:00,long,20096.25,20096.25,20096.5,20071.5,20121.5,20146.5,20171.5,20196.5,76.92533333333333,70-79,48.92533333333333,25.0,False,False,False,False,True,stop,20071.5,20071.25,-25.25,0.0,-25.25,-1.01,18.5,88.75,0.74,3.55,8,7.0,0,2024-10-03,1.971666666666667,3.630434782608696,1.811764705882353,strong_bullish,1.630332174627678,1.5770871157998776,bullish,bullish,False,True,True,False,continuation,True,False,False,False,bullish,weak,57.711111111111116,21.428571428571427,5.5,14.5,0.2566666666666667,0.6766666666666667,0.5,1.5770871157998776,True,False,False,False,True,2024
296,360442,360443,360485,2024-10-08 13:52:00+00:00,2024-10-08 13:53:00+00:00,2024-10-08 14:35:00+00:00,long,20117.5,20117.5,20117.75,20092.75,20142.75,20167.75,20192.75,20217.75,76.25955985372501,70-79,56.25955985372501,25.0,True,True,True,True,False,tp4,20217.75,20217.5,99.75,0.0,99.75,3.99,100.0,0.25,4.0,0.01,43,42.0,4,2024-10-08,1.5053763440860215,0.9223826714801444,1.2736389684813754,strong_bullish,1.2346674219481908,1.32298354149644,bullish,bullish,True,False,True,False,reversal,True,False,False,False,bullish,moderate,68.82966544770844,18.267857142857142,15.0,17.25,0.8211143695014663,0.9442815249266863,0.8695652173913043,1.32298354149644,True,True,True,False,False,2024
297,363230,363231,363254,2024-10-10 14:20:00+00:00,2024-10-10 14:21:00+00:00,2024-10-10 14:44:00+00:00,short,20390.0,20390.5,20390.25,20415.25,20365.25,20340.25,20315.25,20290.25,70.54968823470465,70-79,-64.54968823470465,25.0,True,False,False,False,True,stop,20415.25,20415.5,-25.25,0.0,-25.25,-1.01,30.0,28.25,1.2,1.13,24,23.0,1,2024-10-10,1.4421296296296295,1.6969696969696968,1.0344827586206895,partial_bullish,1.200397583913143,1.0891936267141502,bearish,bearish,True,False,True,False,reversal,True,False,False,False,bearish,weak,54.58073528920544,15.428571428571429,9.0,18.75,0.5833333333333334,1.2152777777777777,0.4,1.0891936267141502,True,True,True,False,False,2024
298,364590,364591,364592,2024-10-11 14:00:00+00:00,2024-10-11 14:01:00+00:00,2024-10-11 14:02:00+00:00,short,20344.5,20344.25,20344.0,20369.0,20319.0,20294.0,20269.0,20244.0,84.23220264618148,80-89,-60.23220264618148,25.0,False,False,False,False,True,stop,20369.0,20369.25,-25.25,0.0,-25.25,-1.01,7.5,36.5,0.3,1.46,2,1.0,0,2024-10-11,1.4697173620457604,0.7905282331511839,0.9860601614086574,partial_bearish,2.1294696264787984,0.9174403871346452,bearish,bearish,True,False,True,False,reversal,True,False,False,False,bearish,weak,51.93502205151227,13.267857142857142,14.75,36.0,1.1117092866756393,2.7133243606998656,0.5833333333333334,0.9174403871346453,True,True,True,False,False,2024
299,364595,364596,364596,2024-10-11 14:05:00+00:00,2024-10-11 14:06:00+00:00,2024-10-11 14:06:00+00:00,short,20368.0,20367.25,20367.0,20392.0,20342.0,20317.0,20292.0,20267.0,72.0,70-79,-49.809088245831816,25.0,False,False,False,False,True,stop,20392.0,20392.25,-25.25,0.0,-25.25,-1.01,0.0,29.75,0.0,1.19,1,0.0,0,2024-10-11,1.5373831775700937,1.9198075380914197,0.9860601614086574,partial_bullish,1.039205590290548,0.7526583842990177,bearish,bearish,True,False,True,False,reversal,True,False,False,False,bullish,weak,51.590931284734886,15.285714285714286,6.5,14.5,0.4252336448598131,0.9485981308411214,0.9137931034482759,0.7526583842990177,False,False,False,False,False,2024
300,364597,364598,364601,2024-10-11 14:07:00+00:00,2024-10-11 14:08:00+00:00,2024-10-11 14:11:00+00:00,short,20401.25,20401.5,20401.25,20426.25,20376.25,20351.25,20326.25,20301.25,78.0,70-79,-66.48991358269015,25.0,False,False,False,False,True,stop,20426.25,20426.5,-25.25,0.0,-25.25,-1.01,7.5,36.75,0.3,1.47,4,3.0,0,2024-10-11,2.7627811860940694,1.9198075380914197,0.9860601614086574,partial_bullish,2.143454822293247,1.863410329489488,bearish,bearish,True,False,True,False,reversal,True,False,False,False,bullish,strong,87.58405347758207,17.464285714285715,12.25,23.25,0.7014314928425357,1.331288343558282,0.7096774193548387,1.863410329489488,False,False,False,False,False,2024
301,365945,365946,366005,2024-10-14 13:35:00+00:00,2024-10-14 13:36:00+00:00,2024-10-14 14:35:00+00:00,long,20594.25,20594.25,20594.5,20569.5,20619.5,20644.5,20669.5,20694.5,72.65834494696162,70-79,36.65834494696162,25.0,True,True,True,False,False,max_holding_time,20641.25,20641.0,46.5,0.0,46.5,1.86,85.5,15.5,3.42,0.62,60,59.0,3,2024-10-14,3.624595469255663,2.0608,2.236111111111111,strong_bullish,4.237491289198606,1.290821091958903,bullish,bullish,True,False,True,False,reversal,True,False,False,False,bullish,strong,80.48620789134682,11.035714285714286,13.5,27.25,1.2233009708737863,2.4692556634304204,0.6146788990825688,1.290821091958903,True,False,False,False,False,2024
302,367360,367361,367380,2024-10-15 14:10:00+00:00,2024-10-15 14:11:00+00:00,2024-10-15 14:30:00+00:00,short,20608.5,20608.0,20607.75,20632.75,20582.75,20557.75,20532.75,20507.75,75.33929539295393,70-79,-51.33929539295393,25.0,True,True,True,True,False,tp4,20507.75,20508.0,99.75,0.0,99.75,3.99,132.25,6.5,5.29,0.26,20,19.0,4,2024-10-15,2.2222222222222223,0.4110929853181077,0.9270833333333334,partial_bearish,2.0864736215787385,1.5547673338400474,neutral,bearish,True,False,True,False,reversal,True,False,False,False,bearish,strong,94.49412827461609,12.375,13.75,20.5,1.1111111111111112,1.6565656565656566,0.3170731707317073,1.5547673338400474,True,False,False,False,True,2024
303,368701,368702,368702,2024-10-16 13:31:00+00:00,2024-10-16 13:32:00+00:00,2024-10-16 13:32:00+00:00,short,20304.5,20305.0,20304.75,20329.75,20279.75,20254.75,20229.75,20204.75,72.0,70-79,-60.0,25.0,False,False,False,False,True,stop,20329.75,20330.0,-25.25,0.0,-25.25,-1.01,4.0,26.25,0.16,1.05,1,0.0,0,2024-10-16,5.8593481989708405,1.11340206185567,0.6633064516129031,strong_bearish,9.981613079560702,1.5499293943345709,bearish,bearish,False,True,True,False,continuation,True,True,False,True,bearish,strong,100.0,10.410714285714286,39.25,42.0,3.7701543739279586,4.0343053173241845,0.041666666666666664,1.5499293943345707,True,False,False,False,True,2024
304,370087,370088,370088,2024-10-17 13:37:00+00:00,2024-10-17 13:38:00+00:00,2024-10-17 13:38:00+00:00,long,20438.75,20438.5,20438.75,20413.75,20463.75,20488.75,20513.75,20538.75,72.64749596122779,70-79,42.64749596122779,25.0,False,False,False,False,True,stop,20413.75,20413.5,-25.25,0.0,-25.25,-1.01,0.75,27.0,0.03,1.08,1,0.0,0,2024-10-17,4.172859450726979,4.244210526315789,1.850453172205438,partial_bearish,2.088657960024341,1.815777158320956,bullish,neutral,True,False,False,False,reversal,True,False,False,False,bullish,weak,55.39579967689823,22.107142857142858,16.0,37.5,0.7237479806138933,1.6962843295638126,0.8466666666666667,1.8157771583209557,False,False,False,False,False,2024
305,370111,370112,370114,2024-10-17 14:01:00+00:00,2024-10-17 14:02:00+00:00,2024-10-17 14:04:00+00:00,short,20386.75,20386.75,20386.5,20411.5,20361.5,20336.5,20311.5,20286.5,74.0,70-79,-50.0,25.0,False,False,False,False,True,stop,20411.5,20411.75,-25.25,0.0,-25.25,-1.01,15.75,26.0,0.63,1.04,3,2.0,0,2024-10-17,2.8092105263157894,1.341188524590164,2.229299363057325,strong_bearish,2.2115840364015544,2.628140137433818,neutral,bearish,True,True,True,False,reversal,True,True,False,True,bearish,strong,83.33333333333334,21.714285714285715,48.75,49.5,2.245065789473684,2.2796052631578947,0.015151515151515152,2.628140137433818,True,True,True,False,False,2024
306,371479,371480,371539,2024-10-18 13:49:00+00:00,2024-10-18 13:50:00+00:00,2024-10-18 14:49:00+00:00,long,20452.75,20453.25,20453.5,20428.5,20478.5,20503.5,20528.5,20553.5,78.0,70-79,54.77037037037037,25.0,True,True,False,False,False,max_holding_time,20498.5,20498.25,44.75,0.0,44.75,1.79,69.75,6.0,2.79,0.24,60,59.0,2,2024-10-18,2.135802469135802,0.1663619744058501,1.1351351351351353,partial_bearish,1.1962961032643629,1.5762306433337532,bullish,bullish,True,True,True,False,reversal,True,False,True,True,bearish,strong,85.24691358024691,20.25,21.0,26.25,1.037037037037037,1.2962962962962963,0.11428571428571428,1.5762306433337532,False,False,False,False,False,2024
307,372841,372842,372846,2024-10-21 13:31:00+00:00,2024-10-21 13:32:00+00:00,2024-10-21 13:36:00+00:00,short,20439.75,20440.0,20439.75,20464.75,20414.75,20389.75,20364.75,20339.75,75.37425029928544,70-79,-64.37425029928544,25.0,False,False,False,False,True,stop,20464.75,20465.0,-25.25,0.0,-25.25,-1.01,16.75,45.0,0.67,1.8,5,4.0,0,2024-10-21,2.423076923076923,1.6713483146067416,2.436744560838034,strong_bullish,7.446237781313935,1.2178128741067908,bearish,bearish,True,True,False,False,reversal,True,True,False,True,bearish,moderate,61.45208582737861,8.357142857142858,15.25,24.75,1.8247863247863247,2.9615384615384612,0.06060606060606061,1.2178128741067908,False,False,False,False,False,2024
308,372847,372848,372863,2024-10-21 13:37:00+00:00,2024-10-21 13:38:00+00:00,2024-10-21 13:53:00+00:00,short,20469.0,20468.5,20468.25,20493.25,20443.25,20418.25,20393.25,20368.25,74.52701280372797,70-79,-44.52701280372797,25.0,False,False,False,False,True,stop,20493.25,20493.5,-25.25,0.0,-25.25,-1.01,16.5,33.25,0.66,1.33,16,15.0,0,2024-10-21,1.896882494004796,2.5454545454545454,2.436744560838034,strong_bullish,2.169019559340601,1.2037300334369454,bearish,bearish,True,True,False,False,reversal,True,True,False,True,bearish,weak,54.39177336439979,14.892857142857142,12.75,20.5,0.8561151079136691,1.3764988009592327,0.06097560975609756,1.2037300334369454,False,False,False,False,False,2024
309,372866,372867,372876,2024-10-21 13:56:00+00:00,2024-10-21 13:57:00+00:00,2024-10-21 14:06:00+00:00,short,20492.75,20492.5,20492.25,20517.25,20467.25,20442.25,20417.25,20392.25,70.0,70-79,-62.46664680829923,25.0,False,False,False,False,True,stop,20517.25,20517.5,-25.25,0.0,-25.25,-1.01,11.75,41.5,0.47,1.66,10,9.0,0,2024-10-21,1.3315217391304348,3.512773722627737,3.255363321799308,strong_bullish,0.6393826650130908,0.5484849678868355,bearish,bearish,True,False,False,False,reversal,True,False,False,False,neutral,none,37.7779432641731,13.142857142857142,6.0,10.75,0.4565217391304348,0.8179347826086957,0.8372093023255814,0.5484849678868355,False,False,False,False,True,2024
310,374220,374221,374223,2024-10-22 13:30:00+00:00,2024-10-22 13:31:00+00:00,2024-10-22 13:33:00+00:00,short,20386.5,20385.5,20385.25,20406.25,20360.25,20335.25,20310.25,20285.25,74.1926376280503,70-79,-57.19263762805031,21.0,False,False,False,False,True,stop,20406.25,20406.5,-21.25,0.0,-21.25,-1.011904761904762,16.5,26.0,0.7857142857142857,1.238095238095238,3,2.0,0,2024-10-22,1.0337552742616034,1.3664596273291925,1.0775969962453067,partial_bearish,10.3179940436161,1.49079703506288,bearish,bearish,True,True,False,False,reversal,True,True,False,True,bearish,moderate,68.27198023375254,8.464285714285714,16.25,34.5,1.919831223628692,4.075949367088608,0.08695652173913043,1.49079703506288,False,False,False,False,False,2024
311,374229,374230,374232,2024-10-22 13:39:00+00:00,2024-10-22 13:40:00+00:00,2024-10-22 13:42:00+00:00,short,20426.0,20426.25,20426.0,20451.0,20401.0,20376.0,20351.0,20326.0,70.53117761116307,70-79,-62.53117761116307,25.0,False,False,False,False,True,stop,20451.0,20451.25,-25.25,0.0,-25.25,-1.01,9.25,31.0,0.37,1.24,3,2.0,0,2024-10-22,1.4146806482364156,1.466360856269113,1.0775969962453067,partial_bullish,1.7050010550749104,1.3257927956506994,bearish,bearish,True,True,False,False,reversal,True,False,False,False,neutral,none,37.75981342635897,18.732142857142858,4.25,12.75,0.22688274547187798,0.6806482364156339,0.19607843137254902,1.3257927956506994,False,False,False,False,False,2024
312,378360,378361,378378,2024-10-25 13:30:00+00:00,2024-10-25 13:31:00+00:00,2024-10-25 13:48:00+00:00,long,20519.25,20519.0,20519.25,20494.25,20544.25,20569.25,20594.25,20619.25,71.92988583655622,70-79,59.929885836556224,25.0,True,True,True,True,False,tp4,20619.25,20619.0,99.75,0.0,99.75,3.99,103.5,4.0,4.14,0.16,18,17.0,4,2024-10-25,2.7377777777777776,0.4278438030560272,1.268882175226586,partial_bullish,10.21188680151828,1.4123572956952806,bullish,bullish,True,True,False,False,reversal,True,True,False,True,bullish,strong,82.74904863796854,8.035714285714286,28.25,38.25,3.5155555555555553,4.76,0.7647058823529411,1.4123572956952806,True,False,False,False,False,2024
313,378412,378413,378416,2024-10-25 14:22:00+00:00,2024-10-25 14:23:00+00:00,2024-10-25 14:26:00+00:00,long,20701.75,20701.75,20702.0,20677.0,20727.0,20752.0,20777.0,20802.0,75.0,70-79,53.0,25.0,False,False,False,False,True,stop,20677.0,20676.75,-25.25,0.0,-25.25,-1.01,5.5,29.0,0.22,1.16,4,3.0,0,2024-10-25,3.165217391304348,1.159077468953282,5.464594127806564,strong_bullish,2.5022058823529414,2.408123791102515,bullish,bullish,True,True,True,True,reversal,True,True,False,True,bullish,strong,100.0,16.428571428571427,19.75,25.0,1.2021739130434783,1.5217391304347827,0.85,2.408123791102515,True,False,False,False,True,2024
314,381121,381122,381122,2024-10-29 13:31:00+00:00,2024-10-29 13:32:00+00:00,2024-10-29 13:32:00+00:00,long,20479.75,20480.0,20480.25,20455.25,20505.25,20530.25,20555.25,20580.25,78.0,70-79,53.66888665997994,25.0,False,False,False,False,True,stop,20455.25,20455.0,-25.25,0.0,-25.25,-1.01,2.0,35.5,0.08,1.42,1,0.0,0,2024-10-29,1.4344262295081969,1.364953886693017,1.181749049429658,partial_bullish,8.547436652916911,1.1638916750250752,bullish,bullish,True,True,True,True,reversal,True,False,True,True,bearish,strong,94.42594450016716,8.714285714285714,13.75,26.25,1.5778688524590165,3.0122950819672134,0.14285714285714285,1.1638916750250752,False,False,False,False,False,2024
315,381123,381124,381161,2024-10-29 13:33:00+00:00,2024-10-29 13:34:00+00:00,2024-10-29 14:11:00+00:00,long,20445.25,20445.5,20445.75,20420.75,20470.75,20495.75,20520.75,20545.75,70.0,70-79,47.622115783078485,25.0,True,True,True,True,False,tp4,20545.75,20545.5,99.75,0.0,99.75,3.99,102.0,13.75,4.08,0.55,38,37.0,4,2024-10-29,5.2298850574712645,1.364953886693017,1.181749049429658,partial_bullish,4.295483501911126,1.4054670285262163,bullish,bullish,True,True,True,False,reversal,True,False,False,False,bearish,strong,78.1490351410126,12.428571428571429,10.5,20.75,0.8448275862068966,1.6695402298850575,0.42168674698795183,1.4054670285262163,False,False,False,False,False,2024
316,382504,382505,382506,2024-10-30 13:34:00+00:00,2024-10-30 13:35:00+00:00,2024-10-30 13:36:00+00:00,short,20617.5,20617.25,20617.0,20642.0,20592.0,20567.0,20542.0,20517.0,70.79114170622388,70-79,-44.79114170622388,25.0,False,False,False,False,True,stop,20642.0,20642.25,-25.25,0.0,-25.25,-1.01,4.25,25.0,0.17,1.0,2,1.0,0,2024-10-30,2.680525164113785,0.4936708860759494,2.149122807017544,partial_bearish,3.461800593602286,1.4889271327798477,bearish,bearish,False,True,True,False,continuation,True,True,False,True,bearish,strong,89.92618088519899,16.321428571428573,24.5,33.5,1.5010940919037197,2.0525164113785554,0.04477611940298507,1.4889271327798477,True,False,False,True,False,2024
317,382510,382511,382525,2024-10-30 13:40:00+00:00,2024-10-30 13:41:00+00:00,2024-10-30 13:55:00+00:00,short,20586.75,20586.25,20586.0,20611.0,20561.0,20536.0,20511.0,20486.0,81.61900161030596,80-89,-53.61900161030596,25.0,True,False,False,False,True,stop,20611.0,20611.25,-25.25,0.0,-25.25,-1.01,43.0,40.25,1.72,1.61,15,14.0,1,2024-10-30,2.276972624798712,2.5407407407407407,2.149122807017544,strong_bearish,2.8240576627673404,2.1505698860227955,bearish,bearish,False,True,True,False,continuation,True,True,False,True,bearish,strong,96.82501341921632,22.178571428571427,24.5,29.75,1.104669887278583,1.3413848631239937,0.11764705882352941,2.1505698860227955,True,False,False,False,True,2024
318,383880,383881,383895,2024-10-31 13:30:00+00:00,2024-10-31 13:31:00+00:00,2024-10-31 13:45:00+00:00,short,20334.0,20333.5,20333.25,20358.25,20308.25,20283.25,20258.25,20233.25,71.87047279214987,70-79,-67.87047279214987,25.0,True,True,True,True,False,tp4,20233.25,20233.5,99.75,0.0,99.75,3.99,110.25,8.75,4.41,0.35,15,14.0,4,2024-10-31,3.624036979969184,1.011914217633042,0.9577114427860696,strong_bearish,10.760187306964232,1.3380909901873328,bearish,bearish,False,True,True,False,continuation,True,True,False,True,bearish,strong,98.92060660124889,11.589285714285714,31.75,39.0,2.7395993836671804,3.3651771956856704,0.10256410256410256,1.3380909901873328,True,False,False,True,True,2024
319,383918,383919,383927,2024-10-31 14:08:00+00:00,2024-10-31 14:09:00+00:00,2024-10-31 14:17:00+00:00,short,20170.25,20170.25,20170.0,20195.0,20145.0,20120.0,20095.0,20070.0,71.35864087091814,70-79,-67.35864087091814,25.0,True,True,False,False,True,stop,20195.0,20195.25,-25.25,0.0,-25.25,-1.01,51.0,26.25,2.04,1.05,9,8.0,2,2024-10-31,1.2048192771084338,3.042613636363636,5.844600526777875,partial_bearish,0.4949230265312807,0.670393540086073,bearish,bearish,False,False,True,False,continuation,True,False,False,False,neutral,none,27.988673924317776,20.75,0.25,12.25,0.012048192771084338,0.5903614457831325,0.2653061224489796,0.670393540086073,False,False,False,False,False,2024
320,383928,383929,383958,2024-10-31 14:18:00+00:00,2024-10-31 14:19:00+00:00,2024-10-31 14:48:00+00:00,short,20190.25,20190.5,20190.25,20215.25,20165.25,20140.25,20115.25,20090.25,70.68402641542265,70-79,-32.68402641542265,25.0,True,True,True,True,False,tp4,20090.25,20090.5,99.75,0.0,99.75,3.99,100.25,11.25,4.01,0.45,30,29.0,4,2024-10-31,3.0357142857142856,1.083041958041958,5.584238037796542,partial_bearish,0.77986482087809,1.2002711145164142,bearish,bearish,False,True,True,False,continuation,True,False,False,False,neutral,none,22.36688679518879,21.0,3.25,17.75,0.15476190476190477,0.8452380952380952,0.7605633802816901,1.2002711145164142,False,False,False,False,False,2024
321,385266,385267,385269,2024-11-01 13:36:00+00:00,2024-11-01 13:37:00+00:00,2024-11-01 13:39:00+00:00,short,20097.5,20097.5,20097.25,20120.5,20072.25,20047.25,20022.25,19997.25,73.0,70-79,-59.31655064878265,23.25,False,False,False,False,True,stop,20120.5,20120.75,-23.5,0.0,-23.5,-1.010752688172043,13.25,24.5,0.5698924731182796,1.053763440860215,3,2.0,0,2024-11-01,0.2146768893756845,0.217391304347826,1.9296187683284456,partial_bullish,2.116469984607491,0.9925920833261715,bearish,bearish,True,True,True,False,reversal,True,False,False,False,bullish,weak,47.36207792681121,16.303571428571427,7.25,25.75,0.4446878422782038,1.579408543263965,0.912621359223301,0.9925920833261717,False,False,False,False,False,2024
322,385302,385303,385333,2024-11-01 14:12:00+00:00,2024-11-01 14:13:00+00:00,2024-11-01 14:43:00+00:00,long,20217.25,20217.75,20218.0,20193.0,20243.0,20268.0,20293.0,20318.0,72.91000885739592,70-79,48.91000885739592,25.0,True,True,False,False,True,stop,20193.0,20192.75,-25.25,0.0,-25.25,-1.01,59.75,38.75,2.39,1.55,31,30.0,2,2024-11-01,1.7484499557130204,0.7345225603357818,0.9898232458489556,strong_bullish,1.7970888550945037,2.248712128420165,bullish,bullish,True,True,False,False,reversal,True,True,False,True,bullish,strong,90.91674047829937,20.160714285714285,18.0,22.25,0.8928255093002657,1.1036315323294952,0.9438202247191011,2.2487121284201654,True,False,False,False,True,2024
323,386642,386643,386644,2024-11-04 14:32:00+00:00,2024-11-04 14:33:00+00:00,2024-11-04 14:34:00+00:00,long,20090.0,20090.0,20090.25,20065.25,20115.25,20140.25,20165.25,20190.25,73.0,70-79,73.0,25.0,False,False,False,False,True,stop,20065.25,20065.0,-25.25,0.0,-25.25,-1.01,2.25,46.25,0.09,1.85,2,1.0,0,2024-11-04,0.8507462686567164,0.5438247011952192,0.9211571185479296,strong_bearish,3.435628943482347,0.8996632239103992,bullish,bullish,True,True,True,False,reversal,True,False,False,False,bearish,moderate,65.6246204977111,16.75,8.0,31.5,0.47761194029850745,1.8805970149253732,0.18253968253968253,0.8996632239103992,False,False,False,False,False,2024
324,386645,386646,386646,2024-11-04 14:35:00+00:00,2024-11-04 14:36:00+00:00,2024-11-04 14:36:00+00:00,long,20042.75,20042.5,20042.75,20017.75,20067.75,20092.75,20117.75,20142.75,88.0,80-89,81.83875584617165,25.0,False,False,False,False,True,stop,20017.75,20017.5,-25.25,0.0,-25.25,-1.01,0.0,26.75,0.0,1.07,1,0.0,0,2024-11-04,4.1125,3.4629349470499244,0.9211571185479296,strong_bearish,2.266184499751826,0.8703051922854361,bullish,bullish,True,True,True,False,reversal,True,False,False,False,bearish,strong,76.34370128190291,20.0,5.75,21.5,0.2875,1.075,0.09302325581395349,0.8703051922854361,False,False,False,False,False,2024
325,386647,386648,386655,2024-11-04 14:37:00+00:00,2024-11-04 14:38:00+00:00,2024-11-04 14:45:00+00:00,long,20016.25,20016.25,20016.5,19991.5,20041.5,20066.5,20091.5,20116.5,88.0,80-89,82.75208303341306,25.0,True,True,True,True,False,tp4,20116.5,20116.25,99.75,0.0,99.75,3.99,111.5,0.5,4.46,0.02,8,7.0,4,2024-11-04,3.2908366533864544,3.4629349470499244,0.9211571185479296,strong_bearish,1.7672997162191662,1.4098962082336826,bullish,bullish,True,True,True,False,reversal,True,False,False,False,bearish,moderate,68.73264138822455,22.410714285714285,0.25,20.5,0.011155378486055778,0.9147410358565737,0.14634146341463414,1.4098962082336826,False,False,False,False,False,2024
326,388033,388034,388050,2024-11-05 14:43:00+00:00,2024-11-05 14:44:00+00:00,2024-11-05 15:00:00+00:00,long,20216.5,20216.75,20217.0,20194.0,20242.0,20267.0,20292.0,20317.0,78.0,70-79,77.08528241845664,23.0,True,True,True,True,False,tp4,20317.0,20316.75,99.75,0.0,99.75,4.336956521739131,107.5,10.75,4.673913043478261,0.4673913043478261,17,16.0,4,2024-11-05,0.6125696101829753,4.852488687782805,0.7285342584562012,partial_bullish,1.6718419195483416,1.563954447928701,bullish,bullish,True,True,True,False,reversal,True,False,False,False,neutral,none,32.62264651286131,22.446428571428573,1.25,26.25,0.05568814638027048,1.16945107398568,0.9142857142857143,1.563954447928701,False,False,False,False,False,2024
327,388057,388058,388061,2024-11-05 15:07:00+00:00,2024-11-05 15:08:00+00:00,2024-11-05 15:11:00+00:00,long,20287.5,20287.5,20287.75,20262.75,20312.75,20337.75,20362.75,20387.75,72.0,70-79,72.0,25.0,False,False,False,False,True,stop,20262.75,20262.5,-25.25,0.0,-25.25,-1.01,20.0,27.5,0.8,1.1,4,3.0,0,2024-11-05,0.2317429406037001,2.1044689495066744,4.116266070430408,partial_bullish,0.670112239918371,0.6212853470437018,bullish,bullish,True,True,True,False,reversal,True,False,False,False,neutral,none,24.304187286036232,18.339285714285715,6.75,13.5,0.36806231742940604,0.7361246348588121,0.4444444444444444,0.6212853470437018,False,False,False,False,False,2024
328,388063,388064,388083,2024-11-05 15:13:00+00:00,2024-11-05 15:14:00+00:00,2024-11-05 15:33:00+00:00,long,20280.25,20280.25,20280.5,20258.25,20305.5,20330.5,20355.5,20380.5,75.00653040986903,70-79,47.00653040986903,22.25,True,False,False,False,True,stop,20258.25,20258.0,-22.5,0.0,-22.5,-1.0112359550561798,30.75,26.25,1.3820224719101124,1.1797752808988764,20,19.0,1,2024-11-05,1.3430232558139537,2.3828032979976443,4.116266070430408,partial_bullish,0.9633710894085932,1.1157211518711745,bullish,bullish,True,True,False,False,reversal,True,False,False,False,bullish,weak,41.721086748908604,18.428571428571427,2.25,19.5,0.12209302325581396,1.058139534883721,0.6666666666666666,1.1157211518711745,False,False,False,False,False,2024
329,392209,392210,392228,2024-11-08 15:19:00+00:00,2024-11-08 15:20:00+00:00,2024-11-08 15:38:00+00:00,long,21201.5,21202.0,21202.25,21177.25,21227.25,21252.25,21277.25,21302.25,77.51580217129072,70-79,62.51580217129072,25.0,False,False,False,False,True,stop,21177.25,21177.0,-25.25,0.0,-25.25,-1.01,9.0,27.0,0.36,1.08,19,18.0,0,2024-11-08,2.347406513872135,1.6566837107377648,0.1797432239657632,partial_bullish,1.1078305670897393,1.646129376190726,neutral,bullish,True,False,True,False,reversal,True,False,False,False,bullish,strong,79.2983514274226,14.803571428571429,5.5,12.0,0.3715319662243667,0.8106151990349819,0.8541666666666666,1.6461293761907259,True,False,False,False,True,2024
330,393583,393584,393603,2024-11-11 15:13:00+00:00,2024-11-11 15:14:00+00:00,2024-11-11 15:33:00+00:00,short,21194.25,21194.0,21193.75,21218.75,21168.75,21143.75,21118.75,21093.75,72.0,70-79,-72.0,25.0,False,False,False,False,True,stop,21218.75,21219.0,-25.25,0.0,-25.25,-1.01,22.75,30.0,0.91,1.2,20,19.0,0,2024-11-11,0.8235294117647058,1.1819505094614264,5.109341057204924,partial_bearish,0.8538426349496798,0.9863267058590396,bearish,bearish,True,True,True,False,reversal,True,False,True,True,bullish,weak,54.006883921413205,15.178571428571429,16.0,17.5,1.0541176470588236,1.1529411764705881,0.9714285714285714,0.9863267058590396,False,False,False,False,False,2024
331,394932,394933,394942,2024-11-12 14:42:00+00:00,2024-11-12 14:43:00+00:00,2024-11-12 14:52:00+00:00,short,21211.25,21211.25,21211.0,21236.0,21186.0,21161.0,21136.0,21111.0,82.70570405868806,80-89,-70.70570405868806,25.0,False,False,False,False,True,stop,21236.0,21236.25,-25.25,0.0,-25.25,-1.01,11.0,33.0,0.44,1.32,10,9.0,0,2024-11-12,1.180722891566265,1.3893129770992367,0.6019108280254778,partial_bullish,1.649983979493752,1.2472268239989923,bearish,bearish,True,False,True,False,reversal,True,False,False,False,bearish,moderate,72.54753382240048,17.785714285714285,15.5,24.75,0.8714859437751005,1.391566265060241,0.25252525252525254,1.2472268239989923,True,True,True,False,False,2024
332,394954,394955,394960,2024-11-12 15:04:00+00:00,2024-11-12 15:05:00+00:00,2024-11-12 15:10:00+00:00,short,21191.75,21192.0,21191.75,21216.75,21166.75,21141.75,21116.75,21091.75,72.40251147443603,70-79,-56.402511474436025,25.0,False,False,False,False,True,stop,21216.75,21217.0,-25.25,0.0,-25.25,-1.01,12.75,33.25,0.51,1.33,6,5.0,0,2024-11-12,2.7522727272727274,1.2094240837696335,0.7535667963683528,partial_bullish,1.6095811154825272,1.4201847975904844,bearish,bearish,True,True,False,False,reversal,True,False,False,False,bearish,strong,86.6875956203002,15.714285714285714,10.75,17.0,0.6840909090909091,1.0818181818181818,0.08823529411764706,1.4201847975904844,True,False,False,False,True,2024
333,396320,396321,396330,2024-11-13 14:50:00+00:00,2024-11-13 14:51:00+00:00,2024-11-13 15:00:00+00:00,long,21139.75,21139.75,21140.0,21115.0,21165.0,21190.0,21215.0,21240.0,71.751335243553,70-79,71.751335243553,25.0,False,False,False,False,True,stop,21115.0,21114.75,-25.25,0.0,-25.25,-1.01,22.25,30.75,0.89,1.23,10,9.0,0,2024-11-13,1.2168099331423112,1.9888820259419395,0.9989583333333334,partial_bearish,1.7296654640865858,1.5613204055954408,bullish,bullish,True,True,False,False,reversal,True,False,False,False,bullish,weak,47.92779369627507,18.696428571428573,9.0,25.0,0.4813753581661891,1.3371537726838585,0.72,1.5613204055954408,False,False,False,False,False,2024
334,397681,397682,397686,2024-11-14 14:31:00+00:00,2024-11-14 14:32:00+00:00,2024-11-14 14:36:00+00:00,short,21146.25,21146.0,21145.75,21170.75,21120.75,21095.75,21070.75,21045.75,75.07739733677509,70-79,-21.077397336775093,25.0,False,False,False,False,True,stop,21170.75,21171.0,-25.25,0.0,-25.25,-1.01,8.75,25.5,0.35,1.02,5,4.0,0,2024-11-14,2.779783393501805,0.3560399636693915,1.5279187817258884,partial_bullish,5.101880584738476,0.8467466709688629,neutral,bearish,True,True,True,False,reversal,True,True,False,True,bearish,weak,58.978311139792424,9.892857142857142,14.75,19.75,1.4909747292418774,1.996389891696751,0.012658227848101266,0.8467466709688629,False,False,False,False,False,2024
335,399088,399089,399112,2024-11-15 14:58:00+00:00,2024-11-15 14:59:00+00:00,2024-11-15 15:22:00+00:00,short,20686.25,20687.0,20686.75,20711.75,20661.75,20636.75,20611.75,20586.75,71.40728996122361,70-79,-37.40728996122361,25.0,True,True,True,True,False,tp4,20586.75,20587.0,99.75,0.0,99.75,3.99,104.0,11.25,4.16,0.45,24,23.0,4,2024-11-15,2.0170616113744075,1.7392491467576792,4.711111111111111,strong_bearish,1.4591593973037271,2.505260552048521,bearish,bearish,True,True,True,False,reversal,True,False,False,False,bearish,moderate,70.06074967686342,18.839285714285715,12.75,22.0,0.6767772511848341,1.167772511848341,0.3181818181818182,2.505260552048521,True,False,False,True,True,2024
336,400440,400441,400449,2024-11-18 14:30:00+00:00,2024-11-18 14:31:00+00:00,2024-11-18 14:39:00+00:00,short,20536.5,20536.25,20536.0,20561.0,20511.0,20486.0,20461.0,20436.0,71.18639747362215,70-79,-45.18639747362215,25.0,False,False,False,False,True,stop,20561.0,20561.25,-25.25,0.0,-25.25,-1.01,15.75,33.25,0.63,1.33,9,8.0,0,2024-11-18,4.0285714285714285,0.0535372848948374,1.4043887147335423,partial_bearish,8.157523289733696,0.9829968420276788,bearish,bearish,False,True,True,False,continuation,True,True,False,True,bearish,strong,93.21997894685119,8.75,20.5,26.25,2.342857142857143,3.0,0.12380952380952381,0.9829968420276789,True,False,False,False,True,2024
337,401865,401866,401869,2024-11-19 15:15:00+00:00,2024-11-19 15:16:00+00:00,2024-11-19 15:19:00+00:00,short,20540.25,20539.75,20539.5,20564.5,20514.5,20489.5,20464.5,20439.5,82.88513548641392,80-89,-70.88513548641392,25.0,False,False,False,False,True,stop,20564.5,20564.75,-25.25,0.0,-25.25,-1.01,1.25,36.0,0.05,1.44,4,3.0,0,2024-11-19,1.218,0.0059957173447537,2.584974958263773,partial_bullish,1.832509926348013,1.489419358017392,bearish,bearish,True,True,True,False,reversal,True,True,False,True,bearish,moderate,74.04279572011595,17.857142857142858,20.0,27.25,1.1199999999999999,1.526,0.1834862385321101,1.489419358017392,True,True,True,False,False,2024
338,403203,403204,403207,2024-11-20 14:33:00+00:00,2024-11-20 14:34:00+00:00,2024-11-20 14:37:00+00:00,long,20715.5,20715.5,20715.75,20690.75,20740.75,20765.75,20790.75,20815.75,76.0,70-79,36.05214150333651,25.0,False,False,False,False,True,stop,20690.75,20690.5,-25.25,0.0,-25.25,-1.01,18.0,35.75,0.72,1.43,4,3.0,0,2024-11-20,2.2681564245810053,1.5281690140845072,3.0654362416107386,strong_bearish,2.8213463070199984,1.040968372226017,bullish,bullish,True,False,False,False,reversal,True,False,True,True,bearish,strong,82.89882080552911,15.982142857142858,18.5,25.0,1.1575418994413407,1.5642458100558658,0.03,1.040968372226017,False,False,False,False,False,2024
339,403232,403233,403246,2024-11-20 15:02:00+00:00,2024-11-20 15:03:00+00:00,2024-11-20 15:16:00+00:00,short,20611.75,20612.0,20611.75,20636.75,20586.75,20561.75,20536.75,20511.75,71.72248462694844,70-79,-63.72248462694844,25.0,True,True,True,True,False,tp4,20511.75,20512.0,99.75,0.0,99.75,3.99,103.75,9.0,4.15,0.36,14,13.0,4,2024-11-20,1.4127144298688192,3.872530274059911,5.957101449275362,strong_bearish,1.170563374820674,1.2878181953908991,bearish,bearish,False,True,True,False,continuation,True,True,False,True,bearish,moderate,64.35403855790366,17.696428571428573,17.25,19.75,0.9747729566094853,1.1160443995963671,0.0759493670886076,1.2878181953908991,True,False,False,True,False,2024
340,403250,403251,403251,2024-11-20 15:20:00+00:00,2024-11-20 15:21:00+00:00,2024-11-20 15:21:00+00:00,short,20482.75,20482.25,20482.0,20507.0,20457.0,20432.0,20407.0,20382.0,80.4,80-89,-52.400000000000006,25.0,False,False,False,False,True,stop,20507.0,20507.25,-25.25,0.0,-25.25,-1.01,0.25,29.0,0.01,1.16,1,0.0,0,2024-11-20,2.5068870523415976,3.655965500718735,6.836601307189542,strong_bearish,1.6009253711470608,2.752808184875152,bearish,bearish,False,True,True,False,continuation,True,True,False,True,bearish,strong,86.66666666666666,19.446428571428573,26.75,34.25,1.3755739210284663,1.761248852157943,0.16058394160583941,2.752808184875152,True,False,False,True,False,2024
341,403255,403256,403261,2024-11-20 15:25:00+00:00,2024-11-20 15:26:00+00:00,2024-11-20 15:31:00+00:00,short,20527.5,20527.0,20526.75,20551.75,20501.75,20476.75,20451.75,20426.75,74.0,70-79,-32.63324099722992,25.0,False,False,False,False,True,stop,20551.75,20552.0,-25.25,0.0,-25.25,-1.01,16.25,25.0,0.65,1.0,6,5.0,0,2024-11-20,2.313942751615881,2.310251798561151,6.836601307189542,partial_bearish,0.8558426783682757,1.5001353141424645,bearish,bearish,False,True,True,False,continuation,True,False,False,False,bullish,weak,44.72299168975069,19.339285714285715,5.25,16.5,0.2714681440443213,0.853185595567867,0.8787878787878788,1.5001353141424645,False,False,False,False,False,2024
342,404582,404583,404583,2024-11-21 14:32:00+00:00,2024-11-21 14:33:00+00:00,2024-11-21 14:33:00+00:00,long,20856.5,20857.25,20857.5,20832.5,20882.5,20907.5,20932.5,20957.5,78.0,70-79,65.47714105620872,25.0,False,False,False,False,True,stop,20832.5,20832.25,-25.25,0.0,-25.25,-1.01,5.5,30.5,0.22,1.22,1,0.0,0,2024-11-21,1.2414529914529917,0.7227310574521232,2.2947567312234294,partial_bullish,5.056898126434795,1.4035736797390994,bullish,bullish,True,True,True,False,reversal,True,False,True,True,bearish,moderate,62.690491198260666,16.714285714285715,46.5,54.0,2.782051282051282,3.2307692307692304,0.06481481481481481,1.4035736797390994,False,False,False,False,False,2024
343,404584,404585,404585,2024-11-21 14:34:00+00:00,2024-11-21 14:35:00+00:00,2024-11-21 14:35:00+00:00,long,20795.75,20796.0,20796.25,20771.25,20821.25,20846.25,20871.25,20896.25,78.0,70-79,32.11392405063292,25.0,False,False,False,False,True,stop,20771.25,20771.0,-25.25,0.0,-25.25,-1.01,2.0,41.25,0.08,1.65,1,0.0,0,2024-11-21,3.5248618784530388,0.7227310574521232,2.2947567312234294,partial_bullish,5.365627096485645,2.5604570603010948,bullish,bullish,True,True,True,False,reversal,True,False,False,False,bearish,strong,99.0506329113924,22.625,41.75,59.25,1.8453038674033149,2.6187845303867405,0.26582278481012656,2.5604570603010948,False,False,False,False,False,2024
344,404586,404587,404587,2024-11-21 14:36:00+00:00,2024-11-21 14:37:00+00:00,2024-11-21 14:37:00+00:00,long,20724.75,20724.25,20724.5,20699.5,20749.5,20774.5,20799.5,20824.5,88.0,80-89,32.17613488975357,25.0,False,False,False,False,True,stop,20699.5,20699.25,-25.25,0.0,-25.25,-1.01,0.0,34.5,0.0,1.38,1,0.0,0,2024-11-21,6.473411154345007,2.45360824742268,2.2947567312234294,partial_bearish,3.6234381732012064,2.524956841552203,bullish,bullish,True,True,True,False,reversal,True,False,True,True,bearish,strong,98.5322092520536,27.535714285714285,32.75,37.75,1.1893644617380026,1.37094682230869,0.12582781456953643,2.524956841552203,False,False,False,False,False,2024
345,404588,404589,404589,2024-11-21 14:38:00+00:00,2024-11-21 14:39:00+00:00,2024-11-21 14:39:00+00:00,long,20658.0,20658.25,20658.5,20633.5,20683.5,20708.5,20733.5,20758.5,88.0,80-89,32.0,25.0,False,False,False,False,True,stop,20633.5,20633.25,-25.25,0.0,-25.25,-1.01,3.5,28.25,0.14,1.13,1,0.0,0,2024-11-21,5.380568974771873,2.45360824742268,2.2947567312234294,partial_bearish,2.660663119115841,3.0933298722649445,bullish,bullish,True,True,True,False,reversal,True,False,True,True,bearish,strong,100.0,33.267857142857146,43.5,67.0,1.3075684380032204,2.0139559849704773,0.16791044776119404,3.0933298722649445,False,False,False,False,False,2024
346,404590,404591,404592,2024-11-21 14:40:00+00:00,2024-11-21 14:41:00+00:00,2024-11-21 14:42:00+00:00,long,20692.5,20693.25,20693.5,20668.5,20718.5,20743.5,20768.5,20793.5,95.84085422469823,90-100,71.84085422469823,25.0,False,False,False,False,True,stop,20668.5,20668.25,-25.25,0.0,-25.25,-1.01,11.5,52.25,0.46,2.09,2,1.0,0,2024-11-21,1.702878365831012,5.555555555555555,2.2947567312234294,partial_bearish,2.402343303050413,2.6532434709351307,bullish,bullish,True,True,True,False,reversal,True,True,False,True,bullish,moderate,65.3404518724853,38.464285714285715,39.25,65.75,1.020427112349118,1.7093779015784587,0.9771863117870723,2.6532434709351307,False,False,False,False,False,2024
347,404597,404598,404604,2024-11-21 14:47:00+00:00,2024-11-21 14:48:00+00:00,2024-11-21 14:54:00+00:00,long,20731.0,20730.5,20730.75,20705.75,20755.75,20780.75,20805.75,20830.75,70.31483420593368,70-79,34.31483420593368,25.0,True,True,False,False,True,stop,20705.75,20705.5,-25.25,0.0,-25.25,-1.01,55.25,35.5,2.21,1.42,7,6.0,2,2024-11-21,1.81413612565445,4.001657000828501,2.288903479973736,partial_bearish,0.8645714016726554,1.5960836567985632,bullish,neutral,False,True,True,False,continuation,True,False,False,False,bullish,weak,52.62361838278068,40.92857142857143,13.0,30.0,0.3176265270506108,0.7329842931937173,0.48333333333333334,1.5960836567985632,True,False,False,False,False,2024
348,404622,404623,404633,2024-11-21 15:12:00+00:00,2024-11-21 15:13:00+00:00,2024-11-21 15:23:00+00:00,long,20650.25,20649.75,20650.0,20625.0,20675.0,20700.0,20725.0,20750.0,74.2,70-79,66.2,25.0,True,True,False,False,True,stop,20625.0,20624.75,-25.25,0.0,-25.25,-1.01,69.0,36.0,2.76,1.44,11,10.0,2,2024-11-21,2.316029663434113,1.3100113765642776,3.091482649842271,partial_bearish,1.4979002415266225,2.520442285630599,bullish,bullish,True,True,False,False,reversal,True,True,False,True,bullish,moderate,68.33333333333334,31.303571428571427,53.75,58.25,1.717056474614946,1.860810039931546,0.9613733905579399,2.520442285630599,False,False,False,False,False,2024
349,405962,405963,405966,2024-11-22 14:32:00+00:00,2024-11-22 14:33:00+00:00,2024-11-22 14:36:00+00:00,short,20811.25,20812.0,20811.75,20836.75,20786.75,20761.75,20736.75,20711.75,73.0,70-79,-73.0,25.0,False,False,False,False,True,stop,20836.75,20837.0,-25.25,0.0,-25.25,-1.01,7.75,25.0,0.31,1.0,4,3.0,0,2024-11-22,2.164627363737486,0.3421309872922776,0.1091781643671265,strong_bullish,3.735840991664885,1.0608369634115091,bearish,bearish,True,False,True,False,reversal,True,False,True,True,bullish,strong,80.40557975607673,16.053571428571427,29.5,40.0,1.8375973303670747,2.4916573971078977,0.75,1.0608369634115093,False,False,False,False,False,2024
350,405981,405982,405985,2024-11-22 14:51:00+00:00,2024-11-22 14:52:00+00:00,2024-11-22 14:55:00+00:00,short,20800.0,20800.0,20799.75,20824.75,20774.75,20749.75,20724.75,20699.75,70.06190812720848,70-79,-54.06190812720848,25.0,False,False,False,False,True,stop,20824.75,20825.0,-25.25,0.0,-25.25,-1.01,8.75,26.75,0.35,1.07,4,3.0,0,2024-11-22,1.919434628975265,2.6422535211267606,1.102241662110443,partial_bullish,1.5408199928140844,2.110570350522229,bearish,bearish,True,True,False,False,reversal,True,False,False,False,bearish,moderate,67.18256772673735,25.267857142857142,7.0,31.75,0.27703180212014133,1.2565371024734984,0.23622047244094488,2.110570350522229,False,False,False,False,True,2024
351,407365,407366,407370,2024-11-25 14:55:00+00:00,2024-11-25 14:56:00+00:00,2024-11-25 15:00:00+00:00,long,20937.25,20937.0,20937.25,20912.25,20962.25,20987.25,21012.25,21037.25,71.0389357560026,70-79,27.0389357560026,25.0,False,False,False,False,True,stop,20912.25,20912.0,-25.25,0.0,-25.25,-1.01,21.25,25.25,0.85,1.01,5,4.0,0,2024-11-25,2.625567813108371,2.1983471074380163,3.526164462334675,partial_bearish,1.0281427212849144,1.8284891004760715,bullish,neutral,True,False,False,False,reversal,True,False,False,False,bullish,weak,41.991131300021635,27.517857142857142,7.25,25.5,0.26346528228423105,0.9266709928617781,0.7549019607843137,1.8284891004760713,False,False,False,False,False,2024
352,407384,407385,407444,2024-11-25 15:14:00+00:00,2024-11-25 15:15:00+00:00,2024-11-25 16:14:00+00:00,long,20894.0,20893.75,20894.0,20869.0,20919.0,20944.0,20969.0,20994.0,72.04013636932997,70-79,67.04013636932997,25.0,True,True,False,False,False,max_holding_time,20919.0,20918.75,24.75,0.0,24.75,0.99,51.0,21.0,2.04,0.84,60,59.0,2,2024-11-25,1.1233913701741105,3.253399258343634,1.0038643194504078,strong_bearish,1.074787690621861,1.981815120390638,bullish,bullish,True,False,False,False,reversal,True,False,False,False,bullish,weak,50.334469744416424,23.589285714285715,19.25,34.75,0.8160484481453444,1.4731264193792581,0.5611510791366906,1.981815120390638,False,False,False,False,False,2024
353,408720,408721,408769,2024-11-26 14:30:00+00:00,2024-11-26 14:31:00+00:00,2024-11-26 15:19:00+00:00,long,20946.0,20946.5,20946.75,20922.25,20971.75,20996.75,21021.75,21046.75,73.08470258308297,70-79,53.08470258308297,24.5,True,True,True,False,True,stop,20922.25,20922.0,-24.75,0.0,-24.75,-1.010204081632653,78.25,27.75,3.193877551020408,1.1326530612244898,49,48.0,3,2024-11-26,1.8157894736842104,1.0134969325153371,0.3453333333333333,partial_bullish,5.9539521924035785,0.9479834920116048,bullish,bullish,True,False,False,False,reversal,True,False,False,False,bullish,weak,59.03918819235807,9.5,7.25,24.5,0.7631578947368421,2.5789473684210527,0.30612244897959184,0.9479834920116047,False,False,False,False,True,2024
354,410131,410132,410133,2024-11-27 15:01:00+00:00,2024-11-27 15:02:00+00:00,2024-11-27 15:03:00+00:00,short,20828.5,20829.5,20829.25,20854.25,20804.25,20779.25,20754.25,20729.25,71.60200657246877,70-79,-45.60200657246877,25.0,False,False,False,False,True,stop,20854.25,20854.5,-25.25,0.0,-25.25,-1.01,6.5,27.75,0.26,1.11,2,1.0,0,2024-11-27,1.6857798165137614,1.1002162941600575,3.796610169491525,strong_bearish,1.82716311680034,1.2754439954024694,bearish,bearish,False,True,True,False,continuation,True,True,False,True,bearish,strong,96.68338810390637,15.571428571428571,17.5,22.5,1.1238532110091743,1.444954128440367,0.05555555555555555,1.2754439954024694,True,False,False,True,True,2024
355,410152,410153,410212,2024-11-27 15:22:00+00:00,2024-11-27 15:23:00+00:00,2024-11-27 16:22:00+00:00,short,20784.0,20784.75,20784.5,20809.5,20759.5,20734.5,20709.5,20684.5,72.83748645720476,70-79,-48.83748645720476,25.0,True,True,True,False,False,max_holding_time,20727.5,20727.75,56.75,0.0,56.75,2.27,88.75,21.75,3.55,0.87,60,59.0,3,2024-11-27,1.1072589382448537,1.030520646319569,4.959950708564387,strong_bearish,1.614488702539017,1.7601645630698124,bearish,bearish,True,True,False,False,reversal,True,True,False,True,bearish,strong,90.31238714337306,16.482142857142858,21.75,26.75,1.3196099674972914,1.6229685807150596,0.12149532710280374,1.7601645630698124,True,False,False,False,True,2024
356,411480,411481,411540,2024-11-28 14:30:00+00:00,2024-11-28 14:31:00+00:00,2024-11-28 15:30:00+00:00,long,20889.25,20889.5,20889.75,20864.75,20914.75,20939.75,20964.75,20989.75,75.03746659479052,70-79,71.03746659479052,25.0,False,False,False,False,False,max_holding_time,20899.0,20898.75,9.0,0.0,9.0,0.36,12.25,15.25,0.49,0.61,60,59.0,0,2024-11-28,4.975903614457831,1.1771771771771773,0.3326133909287257,strong_bullish,15.037768739105172,0.2968332434881346,bullish,bullish,True,True,True,False,reversal,True,True,False,True,bullish,strong,75.31222162325425,2.9642857142857144,14.75,16.25,4.975903614457831,5.481927710843373,0.9538461538461539,0.29683324348813467,True,True,True,False,False,2024
357,412658,412659,412718,2024-11-29 15:08:00+00:00,2024-11-29 15:09:00+00:00,2024-11-29 16:08:00+00:00,long,20946.25,20945.25,20945.5,20920.5,20970.5,20995.5,21020.5,21045.5,74.31744526316491,70-79,52.31744526316491,25.0,True,False,False,False,False,max_holding_time,20971.25,20971.0,25.5,0.0,25.5,1.02,36.75,10.0,1.47,0.4,60,59.0,1,2024-11-29,2.923599320882853,1.827676240208877,3.2458816351433804,strong_bullish,0.9874337623012868,0.7486741511123356,bullish,bullish,False,True,True,False,continuation,True,False,False,False,bullish,strong,85.97871052637426,10.517857142857142,9.5,11.5,0.903225806451613,1.0933786078098473,0.9565217391304348,0.7486741511123356,True,False,False,False,True,2024
358,413824,413825,413884,2024-12-02 15:19:00+00:00,2024-12-02 15:20:00+00:00,2024-12-02 16:19:00+00:00,long,21163.75,21164.0,21164.25,21139.25,21189.25,21214.25,21239.25,21264.25,88.0,80-89,88.0,25.0,True,False,False,False,False,max_holding_time,21191.5,21191.25,27.0,0.0,27.0,1.08,39.5,23.25,1.58,0.93,60,59.0,1,2024-12-02,2.264094955489614,1.3714285714285714,5.12994980479643,partial_bullish,1.2991513977727378,1.5392279705922314,bullish,bullish,True,False,True,False,reversal,True,False,True,True,bearish,strong,77.69535113748763,12.035714285714286,11.0,15.0,0.9139465875370919,1.2462908011869436,0.23333333333333334,1.5392279705922314,False,False,False,False,False,2024
359,415155,415156,415157,2024-12-03 14:30:00+00:00,2024-12-03 14:31:00+00:00,2024-12-03 14:32:00+00:00,short,21143.0,21143.5,21143.25,21168.25,21118.25,21093.25,21068.25,21043.25,81.97868279758974,80-89,-59.97868279758974,25.0,False,False,False,False,True,stop,21168.25,21168.5,-25.25,0.0,-25.25,-1.01,8.5,26.25,0.34,1.05,2,1.0,0,2024-12-03,2.1123595505617976,2.2371134020618557,2.537216828478964,strong_bearish,7.416937149601653,1.4733534969871749,bearish,bearish,True,True,False,True,reversal,True,True,False,True,bearish,strong,83.15568997991451,11.125,15.0,28.0,1.348314606741573,2.5168539325842696,0.16071428571428573,1.4733534969871749,True,False,False,False,False,2024
360,415160,415161,415185,2024-12-03 14:35:00+00:00,2024-12-03 14:36:00+00:00,2024-12-03 15:00:00+00:00,short,21184.75,21185.25,21185.0,21210.0,21160.0,21135.0,21110.0,21085.0,76.0,70-79,-23.663524303329567,25.0,False,False,False,False,True,stop,21210.0,21210.25,-25.25,0.0,-25.25,-1.01,19.25,33.0,0.77,1.32,25,24.0,0,2024-12-03,2.583425414364641,1.0440251572327044,2.537216828478964,partial_bullish,1.8001197539600458,1.0070496520852048,bearish,bearish,True,True,False,False,reversal,True,False,False,False,bullish,moderate,69.4706308055869,16.160714285714285,7.75,15.25,0.4795580110497238,0.943646408839779,0.6721311475409836,1.0070496520852048,False,False,False,False,False,2024
361,415205,415206,415220,2024-12-03 15:20:00+00:00,2024-12-03 15:21:00+00:00,2024-12-03 15:35:00+00:00,short,21188.5,21188.25,21188.0,21213.0,21163.0,21138.0,21113.0,21088.0,70.5322033898305,70-79,-58.5322033898305,25.0,False,False,False,False,True,stop,21213.0,21213.25,-25.25,0.0,-25.25,-1.01,19.5,26.0,0.78,1.04,15,14.0,0,2024-12-03,2.368064952638701,0.4986301369863013,0.6569435637285986,partial_bullish,2.4489162339128474,2.416083088532168,bearish,bearish,False,True,True,False,continuation,True,False,False,False,bearish,strong,87.7683615819209,13.196428571428571,16.0,29.5,1.212449255751015,2.235453315290934,0.3983050847457627,2.416083088532168,True,False,False,True,True,2024
362,417945,417946,417995,2024-12-05 15:00:00+00:00,2024-12-05 15:01:00+00:00,2024-12-05 15:50:00+00:00,long,21512.75,21513.25,21513.5,21488.5,21538.5,21563.5,21588.5,21613.5,70.68968573015451,70-79,70.68968573015451,25.0,False,False,False,False,True,stop,21488.5,21488.25,-25.25,0.0,-25.25,-1.01,24.0,26.0,0.96,1.04,50,49.0,0,2024-12-05,0.5255972696245734,1.967479674796748,0.5026399155227033,partial_bearish,1.601084681816842,0.9388989715668482,bullish,bullish,True,False,False,False,reversal,True,False,False,False,neutral,none,39.080714417954184,10.464285714285714,1.75,10.5,0.1672354948805461,1.0034129692832765,0.40476190476190477,0.9388989715668482,False,False,False,False,True,2024
363,419297,419298,419308,2024-12-06 14:32:00+00:00,2024-12-06 14:33:00+00:00,2024-12-06 14:43:00+00:00,short,21518.5,21518.25,21518.0,21543.0,21493.0,21468.0,21443.0,21418.0,73.0,70-79,-69.70523814436261,25.0,False,False,False,False,True,stop,21543.0,21543.25,-25.25,0.0,-25.25,-1.01,4.75,29.5,0.19,1.18,11,10.0,0,2024-12-06,1.022354694485842,0.5165257494235204,0.6142384105960265,partial_bullish,3.036079761417461,0.7001975711559598,bearish,bearish,True,True,True,True,reversal,True,False,False,False,bullish,moderate,60.7896821303116,11.982142857142858,5.25,11.75,0.4381520119225037,0.9806259314456035,0.7021276595744681,0.7001975711559598,False,False,False,False,False,2024
364,420677,420678,420737,2024-12-09 14:32:00+00:00,2024-12-09 14:33:00+00:00,2024-12-09 15:32:00+00:00,short,21629.75,21630.75,21630.5,21655.5,21605.5,21580.5,21555.5,21530.5,73.0,70-79,-50.999914107744615,25.0,True,True,True,False,False,max_holding_time,21563.75,21564.0,66.5,0.0,66.5,2.66,85.5,18.5,3.42,0.74,60,59.0,3,2024-12-09,0.4361370716510904,0.4460176991150443,0.0910780669144981,partial_bullish,4.659022691799736,1.056960947873753,bearish,bearish,True,True,True,False,reversal,True,False,False,False,bullish,weak,41.66738243546157,11.464285714285714,0.5,16.75,0.04361370716510904,1.4610591900311527,0.2537313432835821,1.056960947873753,False,False,False,False,False,2024
365,422079,422080,422139,2024-12-10 14:54:00+00:00,2024-12-10 14:55:00+00:00,2024-12-10 15:54:00+00:00,long,21526.5,21526.25,21526.5,21501.5,21551.5,21576.5,21601.5,21626.5,70.0,70-79,58.05552204009753,25.0,True,True,True,False,False,max_holding_time,21524.0,21523.75,-2.75,0.0,-2.75,-0.11,80.25,14.5,3.21,0.58,60,59.0,3,2024-12-10,3.555263157894737,3.127837514934289,3.230769230769231,partial_bullish,0.7879352981716463,1.0777779010059112,bullish,bullish,True,False,False,False,reversal,True,False,False,False,bearish,weak,57.870649665853946,13.571428571428571,8.25,14.0,0.6078947368421053,1.0315789473684212,0.35714285714285715,1.0777779010059112,False,False,False,False,False,2024
366,423440,423441,423472,2024-12-11 14:35:00+00:00,2024-12-11 14:36:00+00:00,2024-12-11 15:07:00+00:00,long,21619.25,21618.75,21619.0,21594.0,21644.0,21669.0,21694.0,21719.0,80.84278418491706,80-89,52.842784184917065,25.0,True,True,True,True,False,tp4,21719.0,21718.75,99.75,0.0,99.75,3.99,101.5,24.5,4.06,0.98,32,31.0,4,2024-12-11,3.731895223420648,1.456910569105691,6.012539184952979,strong_bullish,2.047339816933638,0.9244355470168952,bullish,bullish,False,True,True,False,continuation,True,True,False,True,bullish,strong,90.35653487430884,11.589285714285714,12.5,13.0,1.078582434514638,1.1217257318952234,1.0,0.9244355470168952,True,False,False,False,True,2024
367,423486,423487,423519,2024-12-11 15:21:00+00:00,2024-12-11 15:22:00+00:00,2024-12-11 15:54:00+00:00,long,21702.25,21702.0,21702.25,21677.25,21727.25,21752.25,21777.25,21802.25,70.0,70-79,49.266862170087975,25.0,True,False,False,False,True,stop,21677.25,21677.0,-25.25,0.0,-25.25,-1.01,26.75,26.0,1.07,1.04,33,32.0,1,2024-12-11,0.9237536656891496,0.7741065407956844,6.054852320675106,partial_bullish,1.1966816291038989,1.786478616286005,bullish,bullish,True,True,True,False,reversal,True,False,False,False,bearish,moderate,64.44281524926686,12.178571428571429,10.25,15.5,0.841642228739003,1.2727272727272727,0.2903225806451613,1.786478616286005,False,False,False,False,False,2024
368,424855,424856,424863,2024-12-12 15:10:00+00:00,2024-12-12 15:11:00+00:00,2024-12-12 15:18:00+00:00,short,21642.25,21642.75,21642.5,21667.5,21617.5,21592.5,21567.5,21542.5,70.76083550913839,70-79,-44.76083550913839,25.0,False,False,False,False,True,stop,21667.5,21667.75,-25.25,0.0,-25.25,-1.01,17.75,27.5,0.71,1.1,8,7.0,0,2024-12-12,2.7963446475195823,1.4522821576763485,0.174757281553398,strong_bearish,2.253165860187378,1.5724100767883604,bearish,bearish,False,True,True,False,continuation,True,False,False,False,bearish,strong,89.67362924281984,13.678571428571429,8.25,20.0,0.6031331592689295,1.4621409921671018,0.1625,1.5724100767883604,True,False,False,False,True,2024
369,426195,426196,426214,2024-12-13 14:30:00+00:00,2024-12-13 14:31:00+00:00,2024-12-13 14:49:00+00:00,long,21806.75,21805.75,21806.0,21781.0,21831.0,21856.0,21881.0,21906.0,83.92611782921595,80-89,71.92611782921595,25.0,True,True,True,True,False,tp4,21906.0,21905.75,99.75,0.0,99.75,3.99,102.0,10.0,4.08,0.4,19,18.0,4,2024-12-13,2.43585237258348,0.4840940525587828,2.237762237762238,partial_bearish,6.710493585871149,1.079110379665821,bullish,bullish,True,True,True,False,reversal,True,False,False,False,bullish,strong,82.71764857679966,10.160714285714286,11.75,24.0,1.156414762741652,2.362038664323374,0.6875,1.079110379665821,True,True,True,False,False,2024
370,426221,426222,426231,2024-12-13 14:56:00+00:00,2024-12-13 14:57:00+00:00,2024-12-13 15:06:00+00:00,long,21875.5,21876.25,21876.5,21851.5,21901.5,21926.5,21951.5,21976.5,70.0,70-79,31.49039365849567,25.0,False,False,False,False,True,stop,21851.5,21851.25,-25.25,0.0,-25.25,-1.01,21.0,37.5,0.84,1.5,10,9.0,0,2024-12-13,1.3268529769137305,3.523809523809524,2.1087435709037474,partial_bullish,0.4735518957467549,0.6327551929800507,bullish,bullish,True,False,False,False,reversal,True,False,False,False,neutral,none,37.58005284586943,14.696428571428571,2.0,10.0,0.13608748481166463,0.6804374240583232,0.775,0.6327551929800507,False,False,False,False,False,2024
371,427582,427583,427637,2024-12-16 14:37:00+00:00,2024-12-16 14:38:00+00:00,2024-12-16 15:32:00+00:00,long,21910.0,21910.5,21910.75,21885.75,21935.75,21960.75,21985.75,22010.75,70.08485594864905,70-79,50.08485594864905,25.0,True,True,True,True,False,tp4,22010.75,22010.5,99.75,0.0,99.75,3.99,102.0,13.75,4.08,0.55,55,54.0,4,2024-12-16,0.8923719958202716,1.9429312581063556,0.7631318136769079,partial_bullish,1.1360579410243146,0.4017857142857142,bullish,bullish,True,True,True,True,reversal,True,False,False,False,neutral,none,17.37379957207543,17.089285714285715,3.25,14.0,0.19017763845350052,0.8192267502612329,0.30357142857142855,0.40178571428571425,False,False,False,False,False,2024
372,430336,430337,430347,2024-12-18 14:31:00+00:00,2024-12-18 14:32:00+00:00,2024-12-18 14:42:00+00:00,short,22244.75,22244.75,22244.5,22269.5,22219.5,22194.5,22169.5,22144.5,71.7092137276352,70-79,-45.7092137276352,25.0,True,False,False,False,True,stop,22269.5,22269.75,-25.25,0.0,-25.25,-1.01,33.25,29.75,1.33,1.19,11,10.0,1,2024-12-18,3.2527472527472527,0.3555973659454374,3.796416938110749,strong_bearish,7.437893666131998,1.1365171595440062,bearish,bearish,True,True,False,False,reversal,True,True,False,True,bearish,strong,80.91011439696005,11.375,39.75,40.75,3.4945054945054945,3.5824175824175826,0.006134969325153374,1.1365171595440062,True,False,False,False,False,2024
373,431723,431724,431726,2024-12-19 14:38:00+00:00,2024-12-19 14:39:00+00:00,2024-12-19 14:41:00+00:00,long,21607.75,21607.75,21608.0,21583.0,21633.0,21658.0,21683.0,21708.0,72.79694563225412,70-79,50.79694563225412,25.0,False,False,False,False,True,stop,21583.0,21582.75,-25.25,0.0,-25.25,-1.01,34.5,26.5,1.38,1.06,3,2.0,0,2024-12-19,2.7025045815516187,0.7008871989860583,0.0287769784172661,partial_bullish,2.200916757059379,1.795347509633224,bullish,bullish,True,True,False,False,reversal,True,True,False,True,bullish,weak,56.64121360211769,29.232142857142858,28.5,35.25,0.9749541844838119,1.205864386072083,0.9645390070921985,1.7953475096332239,False,False,False,False,False,2024
374,431740,431741,431746,2024-12-19 14:55:00+00:00,2024-12-19 14:56:00+00:00,2024-12-19 15:01:00+00:00,long,21581.0,21581.0,21581.25,21556.25,21606.25,21631.25,21656.25,21681.25,71.43061825318941,70-79,71.43061825318941,25.0,False,False,False,False,True,stop,21556.25,21556.0,-25.25,0.0,-25.25,-1.01,23.75,35.0,0.95,1.4,6,5.0,0,2024-12-19,0.6594700686947987,2.5725774024929637,1.786857624262847,strong_bearish,1.0813359740242243,1.8612093454693024,bullish,bullish,True,False,False,False,reversal,True,False,False,False,bullish,weak,45.25515210991168,36.392857142857146,18.5,30.75,0.508341511285574,0.8449460255152109,0.9186991869918699,1.8612093454693026,False,False,False,False,False,2024
375,431758,431759,431760,2024-12-19 15:13:00+00:00,2024-12-19 15:14:00+00:00,2024-12-19 15:15:00+00:00,long,21637.25,21636.75,21637.0,21612.0,21662.0,21687.0,21712.0,21737.0,73.48809272918862,70-79,47.48809272918862,25.0,False,False,False,False,True,stop,21612.0,21611.75,-25.25,0.0,-25.25,-1.01,0.0,33.25,0.0,1.33,2,1.0,0,2024-12-19,3.0094836670179133,0.6387832699619772,1.2203516647961092,partial_bearish,1.2627413042522315,1.9001614568169185,bullish,bullish,True,True,False,False,reversal,True,True,False,True,bullish,strong,95.73410607657183,33.892857142857146,38.5,40.0,1.1359325605900947,1.180189673340358,0.99375,1.9001614568169185,True,False,False,False,True,2024
376,433098,433099,433101,2024-12-20 14:33:00+00:00,2024-12-20 14:34:00+00:00,2024-12-20 14:36:00+00:00,short,21193.75,21193.5,21193.25,21218.25,21168.25,21143.25,21118.25,21093.25,81.87119889423039,80-89,-63.87119889423039,25.0,False,False,False,False,True,stop,21218.25,21218.5,-25.25,0.0,-25.25,-1.01,5.25,29.5,0.21,1.18,3,2.0,0,2024-12-20,0.8115942028985507,0.2196078431372549,2.504354136429608,partial_bullish,1.894626504971684,1.0271912861596748,bearish,bearish,True,True,True,False,reversal,True,True,False,True,bearish,moderate,65.59332411858652,20.946428571428573,17.5,23.0,0.835464620630861,1.0980392156862744,0.03260869565217391,1.0271912861596748,True,True,True,False,False,2024
377,433105,433106,433115,2024-12-20 14:40:00+00:00,2024-12-20 14:41:00+00:00,2024-12-20 14:50:00+00:00,short,21285.5,21285.5,21285.25,21310.25,21260.25,21235.25,21210.25,21185.25,85.9820558526441,80-89,-74.9820558526441,25.0,True,True,True,True,False,tp4,21185.25,21185.5,99.75,0.0,99.75,3.99,125.0,11.25,5.0,0.45,10,9.0,4,2024-12-20,2.678550207961973,1.7860498735092158,2.504354136429608,strong_bullish,1.7027738408584734,1.761541610731865,bearish,bearish,True,True,True,False,reversal,True,False,False,False,bearish,weak,49.85046543870074,30.053571428571427,20.5,30.5,0.6821152703505645,1.0148544266191326,0.2459016393442623,1.7615416107318653,False,False,False,False,False,2024
378,433140,433141,433148,2024-12-20 15:15:00+00:00,2024-12-20 15:16:00+00:00,2024-12-20 15:23:00+00:00,short,21343.75,21343.5,21343.25,21368.25,21318.25,21293.25,21268.25,21243.25,76.0,70-79,-41.027286821705424,25.0,False,False,False,False,True,stop,21368.25,21368.5,-25.25,0.0,-25.25,-1.01,19.25,38.0,0.77,1.52,8,7.0,0,2024-12-20,2.833333333333333,2.345010303208713,1.8005727675084615,strong_bullish,1.0446238777846126,1.7012427085975146,bearish,bearish,True,True,False,False,reversal,True,False,False,False,bullish,weak,41.43927648578811,30.0,2.5,21.5,0.08333333333333333,0.7166666666666667,0.5813953488372093,1.7012427085975146,False,False,False,False,False,2024
379,434475,434476,434476,2024-12-23 14:30:00+00:00,2024-12-23 14:31:00+00:00,2024-12-23 14:31:00+00:00,long,21654.25,21654.25,21654.5,21629.5,21679.5,21704.5,21729.5,21754.5,70.12611012433392,70-79,52.12611012433392,25.0,False,False,False,False,True,stop,21629.5,21629.25,-25.25,0.0,-25.25,-1.01,3.0,37.0,0.12,1.48,1,0.0,0,2024-12-23,4.508474576271187,0.7512626262626263,0.725925925925926,partial_bullish,10.768833582898743,1.1576376554174068,bullish,bullish,False,True,True,True,continuation,True,True,False,True,bullish,strong,84.38425103611604,12.642857142857142,35.0,45.75,2.768361581920904,3.6186440677966103,0.9890710382513661,1.1576376554174068,True,False,False,False,False,2024
380,434510,434511,434511,2024-12-23 15:05:00+00:00,2024-12-23 15:06:00+00:00,2024-12-23 15:06:00+00:00,long,21588.75,21589.25,21589.5,21564.5,21614.5,21639.5,21664.5,21689.5,70.74242068155111,70-79,70.74242068155111,25.0,False,False,False,False,True,stop,21564.5,21564.25,-25.25,0.0,-25.25,-1.01,6.5,38.25,0.26,1.53,1,0.0,0,2024-12-23,0.773207990599295,1.646404449741756,1.2866640594446617,partial_bearish,1.1947125280153683,1.5918869833375997,bullish,bullish,True,False,False,False,reversal,True,False,False,False,neutral,none,39.5201723462593,30.392857142857142,2.25,30.25,0.07403055229142186,0.9952996474735605,0.7520661157024794,1.5918869833375995,False,False,False,False,False,2024
381,434512,434513,434513,2024-12-23 15:07:00+00:00,2024-12-23 15:08:00+00:00,2024-12-23 15:08:00+00:00,long,21573.75,21574.25,21574.5,21549.5,21599.5,21624.5,21649.5,21674.5,71.52905368013282,70-79,63.52905368013282,25.0,False,False,False,False,True,stop,21549.5,21549.25,-25.25,0.0,-25.25,-1.01,2.0,42.5,0.08,1.7,1,0.0,0,2024-12-23,0.3099059214167127,1.646404449741756,1.2866640594446617,partial_bearish,1.4156181123231872,1.864116191922408,bullish,bullish,True,False,False,False,reversal,True,False,False,False,bullish,weak,46.07544733444014,32.267857142857146,16.5,29.75,0.5113447703375761,0.9219701162147205,0.8907563025210085,1.864116191922408,False,False,False,False,False,2024
382,434515,434516,434528,2024-12-23 15:10:00+00:00,2024-12-23 15:11:00+00:00,2024-12-23 15:23:00+00:00,long,21484.0,21484.5,21484.75,21459.75,21509.75,21534.75,21559.75,21584.75,76.0,70-79,67.65066242713301,25.0,True,True,True,True,False,tp4,21584.75,21584.5,99.75,0.0,99.75,3.99,101.75,8.75,4.07,0.35,13,12.0,4,2024-12-23,3.1086380498145205,2.0389329488103822,1.2866640594446617,partial_bearish,1.7655204042934127,1.9549782704233605,bullish,bullish,True,False,False,False,reversal,True,False,True,True,bearish,strong,94.57781310722487,33.69642857142857,30.25,49.25,0.8977212506624271,1.4615792262851088,0.05583756345177665,1.9549782704233605,False,False,False,False,False,2024
383,438392,438393,438399,2024-12-27 14:32:00+00:00,2024-12-27 14:33:00+00:00,2024-12-27 14:39:00+00:00,short,21814.75,21814.25,21814.0,21839.0,21789.0,21764.0,21739.0,21714.0,78.26734533983272,70-79,-50.26734533983272,25.0,True,True,True,True,False,tp4,21714.0,21714.25,99.75,0.0,99.75,3.99,104.0,9.5,4.16,0.38,7,6.0,4,2024-12-27,3.31054131054131,1.75,4.120524017467249,strong_bearish,4.186353438036162,1.1027903516274151,bearish,bearish,False,True,True,False,continuation,True,False,False,False,bearish,moderate,68.89454449860594,12.535714285714286,6.0,19.75,0.4786324786324786,1.5754985754985753,0.46835443037974683,1.1027903516274153,True,False,False,False,True,2024
384,438420,438421,438432,2024-12-27 15:00:00+00:00,2024-12-27 15:01:00+00:00,2024-12-27 15:12:00+00:00,short,21655.0,21655.25,21655.0,21680.0,21630.0,21605.0,21580.0,21555.0,80.4,80-89,-46.400000000000006,25.0,True,True,True,True,False,tp4,21555.0,21555.25,99.75,0.0,99.75,3.99,102.5,6.75,4.1,0.27,12,11.0,4,2024-12-27,1.7937831690674757,2.138888888888889,5.829931972789115,strong_bearish,1.9973553190922888,2.093484023998884,bearish,bearish,False,True,True,False,continuation,True,True,False,True,bearish,strong,86.66666666666666,23.553571428571427,39.75,53.25,1.687642153146323,2.260803639120546,0.009389671361502348,2.093484023998884,True,False,False,True,False,2024
385,438436,438437,438442,2024-12-27 15:16:00+00:00,2024-12-27 15:17:00+00:00,2024-12-27 15:22:00+00:00,short,21547.75,21548.25,21548.0,21573.0,21523.0,21498.0,21473.0,21448.0,76.48891495601173,70-79,-48.488914956011726,25.0,True,False,False,False,True,stop,21573.0,21573.25,-25.25,0.0,-25.25,-1.01,35.25,34.5,1.41,1.38,6,5.0,1,2024-12-27,0.656891495601173,3.0948957584471604,6.686646433990895,strong_bearish,0.9172499349087956,1.81207546028048,bearish,bearish,False,True,True,False,continuation,True,False,False,False,bearish,weak,54.07429130009774,30.446428571428573,9.75,22.5,0.3202346041055718,0.7390029325513197,0.13333333333333333,1.8120754602804798,True,False,False,True,False,2024
386,438443,438444,438465,2024-12-27 15:23:00+00:00,2024-12-27 15:24:00+00:00,2024-12-27 15:45:00+00:00,short,21577.25,21577.75,21577.5,21602.5,21552.5,21527.5,21502.5,21477.5,92.88997429305913,90-100,-92.88997429305913,25.0,True,True,False,False,True,stop,21602.5,21602.75,-25.25,0.0,-25.25,-1.01,72.5,28.5,2.9,1.14,22,21.0,2,2024-12-27,1.87146529562982,3.390260173448966,6.686646433990895,partial_bearish,1.5474352908325124,2.777236406158644,bearish,bearish,True,True,True,False,reversal,True,False,False,False,bearish,weak,40.74978577549271,27.785714285714285,1.5,32.0,0.05398457583547558,1.1516709511568124,0.1484375,2.777236406158644,False,False,False,False,False,2024
387,441166,441167,441170,2024-12-31 14:46:00+00:00,2024-12-31 14:47:00+00:00,2024-12-31 14:50:00+00:00,long,21437.25,21437.5,21437.75,21412.75,21462.75,21487.75,21512.75,21537.75,77.99086096452622,70-79,61.99086096452622,25.0,False,False,False,False,True,stop,21412.75,21412.5,-25.25,0.0,-25.25,-1.01,16.0,35.75,0.64,1.43,4,3.0,0,2024-12-31,1.55837870538415,2.6072526121696376,2.0985772357723573,partial_bearish,1.340104176390419,1.4359446267104103,bullish,bullish,True,True,False,False,reversal,True,True,False,True,bullish,moderate,66.59050803771852,29.517857142857142,27.75,33.5,0.9401088929219601,1.134906231094979,0.917910447761194,1.4359446267104103,False,False,False,False,False,2024
388,441194,441195,441242,2024-12-31 15:14:00+00:00,2024-12-31 15:15:00+00:00,2024-12-31 16:02:00+00:00,long,21384.0,21383.75,21384.0,21359.0,21409.0,21434.0,21459.0,21484.0,71.12026484159956,70-79,33.120264841599564,25.0,True,True,True,False,True,stop,21359.0,21358.75,-25.25,0.0,-25.25,-1.01,84.75,27.75,3.39,1.11,48,47.0,3,2024-12-31,1.2503259452411994,1.111467522052927,1.39020979020979,partial_bearish,0.9482256551996446,1.333666541713524,neutral,bullish,True,False,True,False,reversal,True,False,False,False,bullish,strong,76.00220701332974,27.392857142857142,15.5,32.75,0.5658409387222947,1.1955671447196872,0.7404580152671756,1.333666541713524,True,True,True,False,True,2024
1,863,864,871,2024-10-01 14:23:00+00:00,2024-10-01 14:24:00+00:00,2024-10-01 14:31:00+00:00,short,19969.75,19970.0,19969.75,19994.75,19944.75,19919.75,19894.75,19869.75,82.0,80-89,-70.23801169590644,25.0,True,True,True,True,False,tp4,19869.75,19870.0,99.75,0.0,99.75,3.99,101.5,6.5,4.06,0.26,8,7.0,4,2024-10-01,1.556578947368421,1.4464944649446496,6.460034904013962,partial_bearish,1.2446815474242323,,bearish,bearish,True,False,True,True,reversal,True,False,False,False,neutral,none,23.016569200779728,27.142857142857142,4.25,22.0,0.15657894736842107,0.8105263157894737,0.29545454545454547,,False,False,False,False,False,2025
2,2197,2198,2199,2024-10-02 13:37:00+00:00,2024-10-02 13:38:00+00:00,2024-10-02 13:39:00+00:00,long,19905.5,19905.75,19906.0,19881.0,19931.0,19956.0,19981.0,20006.0,73.0,70-79,36.77777777777778,25.0,False,False,False,False,True,stop,19881.0,19880.75,-25.25,0.0,-25.25,-1.01,3.5,32.75,0.14,1.31,2,1.0,0,2024-10-02,2.8078358208955225,0.0179028132992327,0.1431111111111111,partial_bearish,2.06831030884483,,bullish,bullish,True,True,True,False,reversal,True,False,False,False,bearish,moderate,60.18518518518518,19.142857142857142,6.5,26.25,0.3395522388059702,1.3712686567164178,0.23809523809523808,,False,False,False,False,False,2025
3,2208,2209,2252,2024-10-02 13:48:00+00:00,2024-10-02 13:49:00+00:00,2024-10-02 14:32:00+00:00,long,19914.75,19915.0,19915.25,19890.25,19940.25,19965.25,19990.25,20015.25,86.0,80-89,64.0,25.0,True,True,True,True,False,tp4,20015.25,20015.0,99.75,0.0,99.75,3.99,101.75,24.0,4.07,0.96,44,43.0,4,2024-10-02,2.746268656716418,2.975810602161606,2.0128983308042487,partial_bearish,1.8471764013131893,,bullish,bullish,True,True,False,False,reversal,True,True,False,True,bullish,strong,83.33333333333334,25.125,40.75,49.0,1.6218905472636815,1.9502487562189055,0.8979591836734694,,False,False,False,False,True,2025
4,3571,3572,3595,2024-10-03 13:31:00+00:00,2024-10-03 13:32:00+00:00,2024-10-03 13:55:00+00:00,long,19926.5,19926.0,19926.25,19901.25,19951.25,19976.25,20001.25,20026.25,80.55019556714473,80-89,54.550195567144726,25.0,True,True,True,True,False,tp4,20026.25,20026.0,99.75,0.0,99.75,3.99,108.75,3.25,4.35,0.13,24,23.0,4,2024-10-03,0.8578878748370274,0.6363636363636364,2.111533586818758,partial_bearish,6.038651249292472,,bullish,bullish,True,True,True,False,reversal,True,False,False,False,bullish,weak,54.58496305953933,13.696428571428571,5.25,33.25,0.3833116036505867,2.427640156453716,0.9624060150375939,,True,False,False,False,False,2025
5,3605,3606,3613,2024-10-03 14:05:00+00:00,2024-10-03 14:06:00+00:00,2024-10-03 14:13:00+00:00,long,20096.25,20096.25,20096.5,20071.5,20121.5,20146.5,20171.5,20196.5,76.36148148148148,70-79,48.36148148148148,25.0,False,False,False,False,True,stop,20071.5,20071.25,-25.25,0.0,-25.25,-1.01,18.5,88.75,0.74,3.55,8,7.0,0,2024-10-03,1.971666666666667,3.630434782608696,1.811764705882353,strong_bullish,1.630332174627678,,bullish,bullish,False,True,True,False,continuation,True,False,False,False,bullish,weak,53.01234567901234,21.428571428571427,5.5,14.5,0.2566666666666667,0.6766666666666667,0.5,,True,False,False,False,True,2025
6,4952,4953,4973,2024-10-04 13:32:00+00:00,2024-10-04 13:33:00+00:00,2024-10-04 13:53:00+00:00,long,20204.0,20203.75,20204.0,20179.0,20229.0,20254.0,20279.0,20304.0,76.0,70-79,38.78967655438244,25.0,True,False,False,False,True,stop,20179.0,20178.75,-25.25,0.0,-25.25,-1.01,35.0,33.25,1.4,1.33,21,20.0,1,2024-10-04,2.4705882352941178,0.5035377358490566,4.766579634464752,partial_bearish,3.995073396340237,,bullish,bullish,True,False,False,False,reversal,True,False,False,False,bearish,moderate,60.0860287134797,11.839285714285714,10.0,22.25,0.8446455505279036,1.8793363499245854,0.5280898876404494,,False,False,False,False,False,2025
7,7732,7733,7775,2024-10-08 13:52:00+00:00,2024-10-08 13:53:00+00:00,2024-10-08 14:35:00+00:00,long,20117.5,20117.5,20117.75,20092.75,20142.75,20167.75,20192.75,20217.75,76.15835569091043,70-79,56.158355690910426,25.0,True,True,True,True,False,tp4,20217.75,20217.5,99.75,0.0,99.75,3.99,100.0,0.25,4.0,0.01,43,42.0,4,2024-10-08,1.5053763440860215,0.9223826714801444,1.2736389684813754,strong_bullish,1.2346674219481908,1.1964783379782111,bullish,bullish,True,False,True,False,reversal,True,False,False,False,bullish,moderate,67.98629742425356,18.267857142857142,15.0,17.25,0.8211143695014663,0.9442815249266863,0.8695652173913043,1.1964783379782113,True,True,True,False,False,2025
8,9106,9107,9156,2024-10-09 13:46:00+00:00,2024-10-09 13:47:00+00:00,2024-10-09 14:36:00+00:00,long,20257.75,20257.5,20257.75,20236.25,20282.75,20307.75,20332.75,20357.75,70.3463209369671,70-79,70.3463209369671,21.5,True,True,True,True,False,tp4,20357.75,20357.5,99.75,0.0,99.75,4.6395348837209305,100.25,11.75,4.662790697674419,0.5465116279069767,50,49.0,4,2024-10-09,1.2925045703839124,2.267256637168142,0.9454841334418226,strong_bearish,0.8506240206265767,0.7537421218487396,bullish,bullish,True,True,True,False,reversal,True,True,False,True,bullish,weak,52.88600780805924,19.535714285714285,17.5,18.75,0.8957952468007313,0.9597806215722121,0.9333333333333333,0.7537421218487396,False,False,False,False,False,2025
9,10520,10521,10544,2024-10-10 14:20:00+00:00,2024-10-10 14:21:00+00:00,2024-10-10 14:44:00+00:00,short,20390.0,20390.5,20390.25,20415.25,20365.25,20340.25,20315.25,20290.25,70.36891300553316,70-79,-64.36891300553316,25.0,True,False,False,False,True,stop,20415.25,20415.5,-25.25,0.0,-25.25,-1.01,30.0,28.25,1.2,1.13,24,23.0,1,2024-10-10,1.4421296296296295,1.6969696969696968,1.0344827586206895,partial_bullish,1.200397583913143,0.8632245902497774,bearish,bearish,True,False,True,False,reversal,True,False,False,False,bearish,weak,53.07427504610963,15.428571428571429,9.0,18.75,0.5833333333333334,1.2152777777777777,0.4,0.8632245902497774,True,True,True,False,False,2025
10,11880,11881,11882,2024-10-11 14:00:00+00:00,2024-10-11 14:01:00+00:00,2024-10-11 14:02:00+00:00,short,20344.5,20344.25,20344.0,20369.0,20319.0,20294.0,20269.0,20244.0,84.15798683567746,80-89,-60.15798683567746,25.0,False,False,False,False,True,stop,20369.0,20369.25,-25.25,0.0,-25.25,-1.01,7.5,36.5,0.3,1.46,2,1.0,0,2024-10-11,1.4697173620457604,0.7905282331511839,0.9860601614086574,partial_bearish,2.1294696264787984,0.824670624004633,bearish,bearish,True,False,True,False,reversal,True,False,False,False,bearish,weak,51.316556963978854,13.267857142857142,14.75,36.0,1.1117092866756393,2.7133243606998656,0.5833333333333334,0.824670624004633,True,True,True,False,False,2025
11,11885,11886,11886,2024-10-11 14:05:00+00:00,2024-10-11 14:06:00+00:00,2024-10-11 14:06:00+00:00,short,20368.0,20367.25,20367.0,20392.0,20342.0,20317.0,20292.0,20267.0,72.0,70-79,-70.84709626394458,25.0,False,False,False,False,True,stop,20392.0,20392.25,-25.25,0.0,-25.25,-1.01,0.0,29.75,0.0,1.19,1,0.0,0,2024-10-11,1.5373831775700937,1.9198075380914197,0.9860601614086574,partial_bullish,1.039205590290548,0.7051483616580569,bearish,bearish,True,False,True,False,reversal,True,False,False,False,bullish,weak,51.27419780046182,15.285714285714286,6.5,14.5,0.4252336448598131,0.9485981308411214,0.9137931034482759,0.7051483616580569,False,False,False,False,False,2025
12,11887,11888,11891,2024-10-11 14:07:00+00:00,2024-10-11 14:08:00+00:00,2024-10-11 14:11:00+00:00,short,20401.25,20401.5,20401.25,20426.25,20376.25,20351.25,20326.25,20301.25,78.0,70-79,-66.48991358269015,25.0,False,False,False,False,True,stop,20426.25,20426.5,-25.25,0.0,-25.25,-1.01,7.5,36.75,0.3,1.47,4,3.0,0,2024-10-11,2.7627811860940694,1.9198075380914197,0.9860601614086574,partial_bullish,2.143454822293247,1.5707285200914731,bearish,bearish,True,False,True,False,reversal,True,False,False,False,bullish,strong,87.58405347758207,17.464285714285715,12.25,23.25,0.7014314928425357,1.331288343558282,0.7096774193548387,1.5707285200914733,False,False,False,False,False,2025
13,14650,14651,14670,2024-10-15 14:10:00+00:00,2024-10-15 14:11:00+00:00,2024-10-15 14:30:00+00:00,short,20608.5,20608.0,20607.75,20632.75,20582.75,20557.75,20532.75,20507.75,75.14716509801107,70-79,-51.14716509801107,25.0,True,True,True,True,False,tp4,20507.75,20508.0,99.75,0.0,99.75,3.99,132.25,6.5,5.29,0.26,20,19.0,4,2024-10-15,2.2222222222222223,0.4110929853181077,0.9270833333333334,partial_bearish,2.0864736215787385,1.2598371313214265,neutral,bearish,True,False,True,False,reversal,True,False,False,False,bearish,strong,92.8930424834256,12.375,13.75,20.5,1.1111111111111112,1.6565656565656566,0.3170731707317073,1.2598371313214263,True,False,False,False,True,2025
14,15991,15992,15992,2024-10-16 13:31:00+00:00,2024-10-16 13:32:00+00:00,2024-10-16 13:32:00+00:00,short,20304.5,20305.0,20304.75,20329.75,20279.75,20254.75,20229.75,20204.75,72.0,70-79,-60.0,25.0,False,False,False,False,True,stop,20329.75,20330.0,-25.25,0.0,-25.25,-1.01,4.0,26.25,0.16,1.05,1,0.0,0,2024-10-16,5.8593481989708405,1.11340206185567,0.6633064516129031,strong_bearish,9.981613079560702,1.5627369433599274,bearish,bearish,False,True,True,False,continuation,True,True,False,True,bearish,strong,100.0,10.410714285714286,39.25,42.0,3.7701543739279586,4.0343053173241845,0.041666666666666664,1.5627369433599274,True,False,False,False,True,2025
15,17377,17378,17378,2024-10-17 13:37:00+00:00,2024-10-17 13:38:00+00:00,2024-10-17 13:38:00+00:00,long,20438.75,20438.5,20438.75,20413.75,20463.75,20488.75,20513.75,20538.75,72.64749596122779,70-79,42.64749596122779,25.0,False,False,False,False,True,stop,20413.75,20413.5,-25.25,0.0,-25.25,-1.01,0.75,27.0,0.03,1.08,1,0.0,0,2024-10-17,4.172859450726979,4.244210526315789,1.850453172205438,partial_bearish,2.088657960024341,1.7581349532096535,bullish,neutral,True,False,False,False,reversal,True,False,False,False,bullish,weak,55.39579967689823,22.107142857142858,16.0,37.5,0.7237479806138933,1.6962843295638126,0.8466666666666667,1.7581349532096537,False,False,False,False,False,2025
16,17401,17402,17404,2024-10-17 14:01:00+00:00,2024-10-17 14:02:00+00:00,2024-10-17 14:04:00+00:00,short,20386.75,20386.75,20386.5,20411.5,20361.5,20336.5,20311.5,20286.5,74.0,70-79,-50.0,25.0,False,False,False,False,True,stop,20411.5,20411.75,-25.25,0.0,-25.25,-1.01,15.75,26.0,0.63,1.04,3,2.0,0,2024-10-17,2.8092105263157894,1.341188524590164,2.229299363057325,strong_bearish,2.2115840364015544,2.765965855200759,neutral,bearish,True,True,True,False,reversal,True,True,False,True,bearish,strong,83.33333333333334,21.714285714285715,48.75,49.5,2.245065789473684,2.2796052631578947,0.015151515151515152,2.765965855200759,True,True,True,False,False,2025
17,18761,18762,18769,2024-10-18 13:41:00+00:00,2024-10-18 13:42:00+00:00,2024-10-18 13:49:00+00:00,long,20481.25,20481.75,20482.0,20457.0,20507.0,20532.0,20557.0,20582.0,77.01279318698681,70-79,71.01279318698681,25.0,True,False,False,False,True,stop,20457.0,20456.75,-25.25,0.0,-25.25,-1.01,29.25,32.25,1.17,1.29,8,7.0,1,2024-10-18,1.224865694551036,2.818481848184818,0.2368159203980099,partial_bearish,1.375352350885105,1.2769277845777234,bullish,bullish,True,True,True,False,reversal,True,True,False,True,bullish,strong,75.10660989155679,23.267857142857142,20.25,24.25,0.8702993092862625,1.0422102839600922,0.9587628865979382,1.2769277845777234,True,True,True,False,False,2025
18,18770,18771,18830,2024-10-18 13:50:00+00:00,2024-10-18 13:51:00+00:00,2024-10-18 14:50:00+00:00,long,20463.0,20463.25,20463.5,20438.5,20488.5,20513.5,20538.5,20563.5,77.26054744993277,70-79,49.26054744993277,25.0,True,True,False,False,False,max_holding_time,20490.0,20489.75,26.25,0.0,26.25,1.05,59.75,11.5,2.39,0.46,60,59.0,2,2024-10-18,1.375438596491228,1.9922239502332812,1.1351351351351353,partial_bearish,1.0765339037723678,1.2467369439949183,bullish,bullish,True,True,True,False,reversal,True,False,False,False,bullish,weak,43.83789541610648,20.357142857142858,9.75,18.75,0.4789473684210526,0.9210526315789473,0.8266666666666667,1.2467369439949183,False,False,False,False,False,2025
19,20137,20138,20153,2024-10-21 13:37:00+00:00,2024-10-21 13:38:00+00:00,2024-10-21 13:53:00+00:00,short,20469.0,20468.5,20468.25,20493.25,20443.25,20418.25,20393.25,20368.25,74.49279745486758,70-79,-44.49279745486759,25.0,False,False,False,False,True,stop,20493.25,20493.5,-25.25,0.0,-25.25,-1.01,16.5,33.25,0.66,1.33,16,15.0,0,2024-10-21,1.896882494004796,2.5454545454545454,2.436744560838034,strong_bullish,2.169019559340601,1.1609608473614526,bearish,bearish,True,True,False,False,reversal,True,True,False,True,bearish,weak,54.10664545722983,14.892857142857142,12.75,20.5,0.8561151079136691,1.3764988009592327,0.06097560975609756,1.1609608473614526,False,False,False,False,False,2025
20,20156,20157,20166,2024-10-21 13:56:00+00:00,2024-10-21 13:57:00+00:00,2024-10-21 14:06:00+00:00,short,20492.75,20492.5,20492.25,20517.25,20467.25,20442.25,20417.25,20392.25,70.0,70-79,-62.52500018566624,25.0,False,False,False,False,True,stop,20517.25,20517.5,-25.25,0.0,-25.25,-1.01,11.75,41.5,0.47,1.66,10,9.0,0,2024-10-21,1.3315217391304348,3.512773722627737,3.255363321799308,strong_bullish,0.6393826650130908,0.4755432461780602,bearish,bearish,True,False,False,False,reversal,True,False,False,False,neutral,none,37.29166511944794,13.142857142857142,6.0,10.75,0.4565217391304348,0.8179347826086957,0.8372093023255814,0.47554324617806026,False,False,False,False,True,2025
21,21510,21511,21513,2024-10-22 13:30:00+00:00,2024-10-22 13:31:00+00:00,2024-10-22 13:33:00+00:00,short,20386.5,20385.5,20385.25,20406.25,20360.25,20335.25,20310.25,20285.25,74.2,70-79,-57.2,21.0,False,False,False,False,True,stop,20406.25,20406.5,-21.25,0.0,-21.25,-1.011904761904762,16.5,26.0,0.7857142857142857,1.238095238095238,3,2.0,0,2024-10-22,1.0337552742616034,1.3664596273291925,1.0775969962453067,partial_bearish,10.3179940436161,1.5043280947978823,bearish,bearish,True,True,False,False,reversal,True,True,False,True,bearish,moderate,68.33333333333334,8.464285714285714,16.25,34.5,1.919831223628692,4.075949367088608,0.08695652173913043,1.5043280947978823,False,False,False,False,False,2025
22,21519,21520,21522,2024-10-22 13:39:00+00:00,2024-10-22 13:40:00+00:00,2024-10-22 13:42:00+00:00,short,20426.0,20426.25,20426.0,20451.0,20401.0,20376.0,20351.0,20326.0,70.47296948844931,70-79,-62.47296948844931,25.0,False,False,False,False,True,stop,20451.0,20451.25,-25.25,0.0,-25.25,-1.01,9.25,31.0,0.37,1.24,3,2.0,0,2024-10-22,1.4146806482364156,1.466360856269113,1.0775969962453067,partial_bullish,1.7050010550749104,1.2530326422584914,bearish,bearish,True,True,False,False,reversal,True,False,False,False,neutral,none,37.27474573707758,18.732142857142858,4.25,12.75,0.22688274547187798,0.6806482364156339,0.19607843137254902,1.2530326422584914,False,False,False,False,False,2025
23,25650,25651,25668,2024-10-25 13:30:00+00:00,2024-10-25 13:31:00+00:00,2024-10-25 13:48:00+00:00,long,20519.25,20519.0,20519.25,20494.25,20544.25,20569.25,20594.25,20619.25,71.91318770049975,70-79,59.91318770049975,25.0,True,True,True,True,False,tp4,20619.25,20619.0,99.75,0.0,99.75,3.99,103.5,4.0,4.14,0.16,18,17.0,4,2024-10-25,2.7377777777777776,0.4278438030560272,1.268882175226586,partial_bullish,10.21188680151828,1.3914846256246862,bullish,bullish,True,True,False,False,reversal,True,True,False,True,bullish,strong,82.60989750416458,8.035714285714286,28.25,38.25,3.5155555555555553,4.76,0.7647058823529411,1.3914846256246862,True,False,False,False,False,2025
24,28411,28412,28412,2024-10-29 13:31:00+00:00,2024-10-29 13:32:00+00:00,2024-10-29 13:32:00+00:00,long,20479.75,20480.0,20480.25,20455.25,20505.25,20530.25,20555.25,20580.25,78.0,70-79,53.66888665997994,25.0,False,False,False,False,True,stop,20455.25,20455.0,-25.25,0.0,-25.25,-1.01,2.0,35.5,0.08,1.42,1,0.0,0,2024-10-29,1.4344262295081969,1.364953886693017,1.181749049429658,partial_bullish,8.547436652916911,1.1638916750250752,bullish,bullish,True,True,True,True,reversal,True,False,True,True,bearish,strong,94.42594450016716,8.714285714285714,13.75,26.25,1.5778688524590165,3.0122950819672134,0.14285714285714285,1.1638916750250752,False,False,False,False,False,2025
25,28413,28414,28451,2024-10-29 13:33:00+00:00,2024-10-29 13:34:00+00:00,2024-10-29 14:11:00+00:00,long,20445.25,20445.5,20445.75,20420.75,20470.75,20495.75,20520.75,20545.75,70.0,70-79,47.622115783078485,25.0,True,True,True,True,False,tp4,20545.75,20545.5,99.75,0.0,99.75,3.99,102.0,13.75,4.08,0.55,38,37.0,4,2024-10-29,5.2298850574712645,1.364953886693017,1.181749049429658,partial_bullish,4.295483501911126,1.4054670285262163,bullish,bullish,True,True,True,False,reversal,True,False,False,False,bearish,strong,78.1490351410126,12.428571428571429,10.5,20.75,0.8448275862068966,1.6695402298850575,0.42168674698795183,1.4054670285262163,False,False,False,False,False,2025
26,29794,29795,29796,2024-10-30 13:34:00+00:00,2024-10-30 13:35:00+00:00,2024-10-30 13:36:00+00:00,short,20617.5,20617.25,20617.0,20642.0,20592.0,20567.0,20542.0,20517.0,70.79114170622388,70-79,-44.79114170622388,25.0,False,False,False,False,True,stop,20642.0,20642.25,-25.25,0.0,-25.25,-1.01,4.25,25.0,0.17,1.0,2,1.0,0,2024-10-30,2.680525164113785,0.4936708860759494,2.149122807017544,partial_bearish,3.461800593602286,1.4889271327798477,bearish,bearish,False,True,True,False,continuation,True,True,False,True,bearish,strong,89.92618088519899,16.321428571428573,24.5,33.5,1.5010940919037197,2.0525164113785554,0.04477611940298507,1.4889271327798477,True,False,False,True,False,2025
27,29800,29801,29815,2024-10-30 13:40:00+00:00,2024-10-30 13:41:00+00:00,2024-10-30 13:55:00+00:00,short,20586.75,20586.25,20586.0,20611.0,20561.0,20536.0,20511.0,20486.0,81.61900161030596,80-89,-53.61900161030596,25.0,True,False,False,False,True,stop,20611.0,20611.25,-25.25,0.0,-25.25,-1.01,43.0,40.25,1.72,1.61,15,14.0,1,2024-10-30,2.276972624798712,2.5407407407407407,2.149122807017544,strong_bearish,2.8240576627673404,2.1505698860227955,bearish,bearish,False,True,True,False,continuation,True,True,False,True,bearish,strong,96.82501341921632,22.178571428571427,24.5,29.75,1.104669887278583,1.3413848631239937,0.11764705882352941,2.1505698860227955,True,False,False,False,True,2025
28,31170,31171,31185,2024-10-31 13:30:00+00:00,2024-10-31 13:31:00+00:00,2024-10-31 13:45:00+00:00,short,20334.0,20333.5,20333.25,20358.25,20308.25,20283.25,20258.25,20233.25,71.87047279214987,70-79,-67.87047279214987,25.0,True,True,True,True,False,tp4,20233.25,20233.5,99.75,0.0,99.75,3.99,110.25,8.75,4.41,0.35,15,14.0,4,2024-10-31,3.624036979969184,1.011914217633042,0.9577114427860696,strong_bearish,10.760187306964232,1.3380909901873328,bearish,bearish,False,True,True,False,continuation,True,True,False,True,bearish,strong,98.92060660124889,11.589285714285714,31.75,39.0,2.7395993836671804,3.3651771956856704,0.10256410256410256,1.3380909901873328,True,False,False,True,True,2025
29,31208,31209,31217,2024-10-31 14:08:00+00:00,2024-10-31 14:09:00+00:00,2024-10-31 14:17:00+00:00,short,20170.25,20170.25,20170.0,20195.0,20145.0,20120.0,20095.0,20070.0,71.35864087091814,70-79,-53.35864087091814,25.0,True,True,False,False,True,stop,20195.0,20195.25,-25.25,0.0,-25.25,-1.01,51.0,26.25,2.04,1.05,9,8.0,2,2024-10-31,1.2048192771084338,3.042613636363636,5.844600526777875,partial_bearish,0.4949230265312807,0.670393540086073,bearish,bearish,False,False,True,False,continuation,True,False,False,False,neutral,none,27.988673924317776,20.75,0.25,12.25,0.012048192771084338,0.5903614457831325,0.2653061224489796,0.670393540086073,False,False,False,False,False,2025
30,31218,31219,31248,2024-10-31 14:18:00+00:00,2024-10-31 14:19:00+00:00,2024-10-31 14:48:00+00:00,short,20190.25,20190.5,20190.25,20215.25,20165.25,20140.25,20115.25,20090.25,70.68402641542265,70-79,-32.68402641542265,25.0,True,True,True,True,False,tp4,20090.25,20090.5,99.75,0.0,99.75,3.99,100.25,11.25,4.01,0.45,30,29.0,4,2024-10-31,3.0357142857142856,1.083041958041958,5.584238037796542,partial_bearish,0.77986482087809,1.2002711145164142,bearish,bearish,False,True,True,False,continuation,True,False,False,False,neutral,none,22.36688679518879,21.0,3.25,17.75,0.15476190476190477,0.8452380952380952,0.7605633802816901,1.2002711145164142,False,False,False,False,False,2025
31,32556,32557,32559,2024-11-01 13:36:00+00:00,2024-11-01 13:37:00+00:00,2024-11-01 13:39:00+00:00,short,20097.5,20097.5,20097.25,20120.5,20072.25,20047.25,20022.25,19997.25,73.0,70-79,-59.31655064878265,23.25,False,False,False,False,True,stop,20120.5,20120.75,-23.5,0.0,-23.5,-1.010752688172043,13.25,24.5,0.5698924731182796,1.053763440860215,3,2.0,0,2024-11-01,0.2146768893756845,0.217391304347826,1.9296187683284456,partial_bullish,2.116469984607491,0.9925920833261715,bearish,bearish,True,True,True,False,reversal,True,False,False,False,bullish,weak,47.36207792681121,16.303571428571427,7.25,25.75,0.4446878422782038,1.579408543263965,0.912621359223301,0.9925920833261717,False,False,False,False,False,2025
32,32592,32593,32623,2024-11-01 14:12:00+00:00,2024-11-01 14:13:00+00:00,2024-11-01 14:43:00+00:00,long,20217.25,20217.75,20218.0,20193.0,20243.0,20268.0,20293.0,20318.0,72.91000885739592,70-79,34.91000885739592,25.0,True,True,False,False,True,stop,20193.0,20192.75,-25.25,0.0,-25.25,-1.01,59.75,38.75,2.39,1.55,31,30.0,2,2024-11-01,1.7484499557130204,0.7345225603357818,0.9898232458489556,strong_bullish,1.7970888550945037,2.248712128420165,bullish,bullish,True,True,False,False,reversal,True,True,False,True,bullish,strong,90.91674047829937,20.160714285714285,18.0,22.25,0.8928255093002657,1.1036315323294952,0.9438202247191011,2.2487121284201654,True,False,False,False,True,2025
33,33932,33933,33934,2024-11-04 14:32:00+00:00,2024-11-04 14:33:00+00:00,2024-11-04 14:34:00+00:00,long,20090.0,20090.0,20090.25,20065.25,20115.25,20140.25,20165.25,20190.25,73.0,70-79,69.12504554027467,25.0,False,False,False,False,True,stop,20065.25,20065.0,-25.25,0.0,-25.25,-1.01,2.25,46.25,0.09,1.85,2,1.0,0,2024-11-04,0.8507462686567164,0.5438247011952192,0.9211571185479296,strong_bearish,3.435628943482347,0.8996632239103992,bullish,bullish,True,True,True,False,reversal,True,False,False,False,bearish,moderate,65.6246204977111,16.75,8.0,31.5,0.47761194029850745,1.8805970149253732,0.18253968253968253,0.8996632239103992,False,False,False,False,False,2025
34,33935,33936,33936,2024-11-04 14:35:00+00:00,2024-11-04 14:36:00+00:00,2024-11-04 14:36:00+00:00,long,20042.75,20042.5,20042.75,20017.75,20067.75,20092.75,20117.75,20142.75,88.0,80-89,67.83875584617165,25.0,False,False,False,False,True,stop,20017.75,20017.5,-25.25,0.0,-25.25,-1.01,0.0,26.75,0.0,1.07,1,0.0,0,2024-11-04,4.1125,3.4629349470499244,0.9211571185479296,strong_bearish,2.266184499751826,0.8703051922854361,bullish,bullish,True,True,True,False,reversal,True,False,False,False,bearish,strong,76.34370128190291,20.0,5.75,21.5,0.2875,1.075,0.09302325581395349,0.8703051922854361,False,False,False,False,False,2025
35,33937,33938,33945,2024-11-04 14:37:00+00:00,2024-11-04 14:38:00+00:00,2024-11-04 14:45:00+00:00,long,20016.25,20016.25,20016.5,19991.5,20041.5,20066.5,20091.5,20116.5,88.0,80-89,68.75208303341306,25.0,True,True,True,True,False,tp4,20116.5,20116.25,99.75,0.0,99.75,3.99,111.5,0.5,4.46,0.02,8,7.0,4,2024-11-04,3.2908366533864544,3.4629349470499244,0.9211571185479296,strong_bearish,1.7672997162191662,1.4098962082336826,bullish,bullish,True,True,True,False,reversal,True,False,False,False,bearish,moderate,68.73264138822455,22.410714285714285,0.25,20.5,0.011155378486055778,0.9147410358565737,0.14634146341463414,1.4098962082336826,False,False,False,False,False,2025
36,35347,35348,35351,2024-11-05 15:07:00+00:00,2024-11-05 15:08:00+00:00,2024-11-05 15:11:00+00:00,long,20287.5,20287.5,20287.75,20262.75,20312.75,20337.75,20362.75,20387.75,72.0,70-79,72.0,25.0,False,False,False,False,True,stop,20262.75,20262.5,-25.25,0.0,-25.25,-1.01,20.0,27.5,0.8,1.1,4,3.0,0,2024-11-05,0.2317429406037001,2.1044689495066744,4.116266070430408,partial_bullish,0.670112239918371,0.6212853470437018,bullish,bullish,True,True,True,False,reversal,True,False,False,False,neutral,none,24.304187286036232,18.339285714285715,6.75,13.5,0.36806231742940604,0.7361246348588121,0.4444444444444444,0.6212853470437018,False,False,False,False,False,2025
37,35353,35354,35373,2024-11-05 15:13:00+00:00,2024-11-05 15:14:00+00:00,2024-11-05 15:33:00+00:00,long,20280.25,20280.25,20280.5,20258.25,20305.5,20330.5,20355.5,20380.5,75.00653040986903,70-79,47.00653040986903,22.25,True,False,False,False,True,stop,20258.25,20258.0,-22.5,0.0,-22.5,-1.0112359550561798,30.75,26.25,1.3820224719101124,1.1797752808988764,20,19.0,1,2024-11-05,1.3430232558139537,2.3828032979976443,4.116266070430408,partial_bullish,0.9633710894085932,1.1157211518711745,bullish,bullish,True,True,False,False,reversal,True,False,False,False,bullish,weak,41.721086748908604,18.428571428571427,2.25,19.5,0.12209302325581396,1.058139534883721,0.6666666666666666,1.1157211518711745,False,False,False,False,False,2025
38,39499,39500,39518,2024-11-08 15:19:00+00:00,2024-11-08 15:20:00+00:00,2024-11-08 15:38:00+00:00,long,21201.5,21202.0,21202.25,21177.25,21227.25,21252.25,21277.25,21302.25,77.51580217129072,70-79,62.51580217129072,25.0,False,False,False,False,True,stop,21177.25,21177.0,-25.25,0.0,-25.25,-1.01,9.0,27.0,0.36,1.08,19,18.0,0,2024-11-08,2.347406513872135,1.6566837107377648,0.1797432239657632,partial_bullish,1.1078305670897393,1.646129376190726,neutral,bullish,True,False,True,False,reversal,True,False,False,False,bullish,strong,79.2983514274226,14.803571428571429,5.5,12.0,0.3715319662243667,0.8106151990349819,0.8541666666666666,1.6461293761907259,True,False,False,False,True,2025
39,40873,40874,40893,2024-11-11 15:13:00+00:00,2024-11-11 15:14:00+00:00,2024-11-11 15:33:00+00:00,short,21194.25,21194.0,21193.75,21218.75,21168.75,21143.75,21118.75,21093.75,72.0,70-79,-72.0,25.0,False,False,False,False,True,stop,21218.75,21219.0,-25.25,0.0,-25.25,-1.01,22.75,30.0,0.91,1.2,20,19.0,0,2024-11-11,0.8235294117647058,1.1819505094614264,5.109341057204924,partial_bearish,0.8538426349496798,0.9863267058590396,bearish,bearish,True,True,True,False,reversal,True,False,True,True,bullish,weak,54.006883921413205,15.178571428571429,16.0,17.5,1.0541176470588236,1.1529411764705881,0.9714285714285714,0.9863267058590396,False,False,False,False,False,2025
40,42222,42223,42232,2024-11-12 14:42:00+00:00,2024-11-12 14:43:00+00:00,2024-11-12 14:52:00+00:00,short,21211.25,21211.25,21211.0,21236.0,21186.0,21161.0,21136.0,21111.0,82.70570405868806,80-89,-70.70570405868806,25.0,False,False,False,False,True,stop,21236.0,21236.25,-25.25,0.0,-25.25,-1.01,11.0,33.0,0.44,1.32,10,9.0,0,2024-11-12,1.180722891566265,1.3893129770992367,0.6019108280254778,partial_bullish,1.649983979493752,1.2472268239989923,bearish,bearish,True,False,True,False,reversal,True,False,False,False,bearish,moderate,72.54753382240048,17.785714285714285,15.5,24.75,0.8714859437751005,1.391566265060241,0.25252525252525254,1.2472268239989923,True,True,True,False,False,2025
41,42244,42245,42250,2024-11-12 15:04:00+00:00,2024-11-12 15:05:00+00:00,2024-11-12 15:10:00+00:00,short,21191.75,21192.0,21191.75,21216.75,21166.75,21141.75,21116.75,21091.75,72.40251147443603,70-79,-56.402511474436025,25.0,False,False,False,False,True,stop,21216.75,21217.0,-25.25,0.0,-25.25,-1.01,12.75,33.25,0.51,1.33,6,5.0,0,2024-11-12,2.7522727272727274,1.2094240837696335,0.7535667963683528,partial_bullish,1.6095811154825272,1.4201847975904844,bearish,bearish,True,True,False,False,reversal,True,False,False,False,bearish,strong,86.6875956203002,15.714285714285714,10.75,17.0,0.6840909090909091,1.0818181818181818,0.08823529411764706,1.4201847975904844,True,False,False,False,True,2025
42,43610,43611,43620,2024-11-13 14:50:00+00:00,2024-11-13 14:51:00+00:00,2024-11-13 15:00:00+00:00,long,21139.75,21139.75,21140.0,21115.0,21165.0,21190.0,21215.0,21240.0,71.751335243553,70-79,71.751335243553,25.0,False,False,False,False,True,stop,21115.0,21114.75,-25.25,0.0,-25.25,-1.01,22.25,30.75,0.89,1.23,10,9.0,0,2024-11-13,1.2168099331423112,1.9888820259419395,0.9989583333333334,partial_bearish,1.7296654640865858,1.5613204055954408,bullish,bullish,True,True,False,False,reversal,True,False,False,False,bullish,weak,47.92779369627507,18.696428571428573,9.0,25.0,0.4813753581661891,1.3371537726838585,0.72,1.5613204055954408,False,False,False,False,False,2025
43,44971,44972,44976,2024-11-14 14:31:00+00:00,2024-11-14 14:32:00+00:00,2024-11-14 14:36:00+00:00,short,21146.25,21146.0,21145.75,21170.75,21120.75,21095.75,21070.75,21045.75,75.07739733677509,70-79,-21.077397336775093,25.0,False,False,False,False,True,stop,21170.75,21171.0,-25.25,0.0,-25.25,-1.01,8.75,25.5,0.35,1.02,5,4.0,0,2024-11-14,2.779783393501805,0.3560399636693915,1.5279187817258884,partial_bullish,5.101880584738476,0.8467466709688629,neutral,bearish,True,True,True,False,reversal,True,True,False,True,bearish,weak,58.978311139792424,9.892857142857142,14.75,19.75,1.4909747292418774,1.996389891696751,0.012658227848101266,0.8467466709688629,False,False,False,False,False,2025
44,46378,46379,46402,2024-11-15 14:58:00+00:00,2024-11-15 14:59:00+00:00,2024-11-15 15:22:00+00:00,short,20686.25,20687.0,20686.75,20711.75,20661.75,20636.75,20611.75,20586.75,71.40728996122361,70-79,-37.40728996122361,25.0,True,True,True,True,False,tp4,20586.75,20587.0,99.75,0.0,99.75,3.99,104.0,11.25,4.16,0.45,24,23.0,4,2024-11-15,2.0170616113744075,1.7392491467576792,4.711111111111111,strong_bearish,1.4591593973037271,2.505260552048521,bearish,bearish,True,True,True,False,reversal,True,False,False,False,bearish,moderate,70.06074967686342,18.839285714285715,12.75,22.0,0.6767772511848341,1.167772511848341,0.3181818181818182,2.505260552048521,True,False,False,True,True,2025
45,47730,47731,47739,2024-11-18 14:30:00+00:00,2024-11-18 14:31:00+00:00,2024-11-18 14:39:00+00:00,short,20536.5,20536.25,20536.0,20561.0,20511.0,20486.0,20461.0,20436.0,71.18639747362215,70-79,-45.18639747362215,25.0,False,False,False,False,True,stop,20561.0,20561.25,-25.25,0.0,-25.25,-1.01,15.75,33.25,0.63,1.33,9,8.0,0,2024-11-18,4.0285714285714285,0.0535372848948374,1.4043887147335423,partial_bearish,8.157523289733696,0.9829968420276788,bearish,bearish,False,True,True,False,continuation,True,True,False,True,bearish,strong,93.21997894685119,8.75,20.5,26.25,2.342857142857143,3.0,0.12380952380952381,0.9829968420276789,True,False,False,False,True,2025
46,50493,50494,50497,2024-11-20 14:33:00+00:00,2024-11-20 14:34:00+00:00,2024-11-20 14:37:00+00:00,long,20715.5,20715.5,20715.75,20690.75,20740.75,20765.75,20790.75,20815.75,76.0,70-79,36.05214150333651,25.0,False,False,False,False,True,stop,20690.75,20690.5,-25.25,0.0,-25.25,-1.01,18.0,35.75,0.72,1.43,4,3.0,0,2024-11-20,2.2681564245810053,1.5281690140845072,3.0654362416107386,strong_bearish,2.8213463070199984,1.040968372226017,bullish,bullish,True,False,False,False,reversal,True,False,True,True,bearish,strong,82.89882080552911,15.982142857142858,18.5,25.0,1.1575418994413407,1.5642458100558658,0.03,1.040968372226017,False,False,False,False,False,2025
47,50522,50523,50536,2024-11-20 15:02:00+00:00,2024-11-20 15:03:00+00:00,2024-11-20 15:16:00+00:00,short,20611.75,20612.0,20611.75,20636.75,20586.75,20561.75,20536.75,20511.75,71.72248462694844,70-79,-63.72248462694844,25.0,True,True,True,True,False,tp4,20511.75,20512.0,99.75,0.0,99.75,3.99,103.75,9.0,4.15,0.36,14,13.0,4,2024-11-20,1.4127144298688192,3.872530274059911,5.957101449275362,strong_bearish,1.170563374820674,1.2878181953908991,bearish,bearish,False,True,True,False,continuation,True,True,False,True,bearish,moderate,64.35403855790366,17.696428571428573,17.25,19.75,0.9747729566094853,1.1160443995963671,0.0759493670886076,1.2878181953908991,True,False,False,True,False,2025
48,50540,50541,50541,2024-11-20 15:20:00+00:00,2024-11-20 15:21:00+00:00,2024-11-20 15:21:00+00:00,short,20482.75,20482.25,20482.0,20507.0,20457.0,20432.0,20407.0,20382.0,80.4,80-89,-52.400000000000006,25.0,False,False,False,False,True,stop,20507.0,20507.25,-25.25,0.0,-25.25,-1.01,0.25,29.0,0.01,1.16,1,0.0,0,2024-11-20,2.5068870523415976,3.655965500718735,6.836601307189542,strong_bearish,1.6009253711470608,2.752808184875152,bearish,bearish,False,True,True,False,continuation,True,True,False,True,bearish,strong,86.66666666666666,19.446428571428573,26.75,34.25,1.3755739210284663,1.761248852157943,0.16058394160583941,2.752808184875152,True,False,False,True,False,2025
49,50545,50546,50551,2024-11-20 15:25:00+00:00,2024-11-20 15:26:00+00:00,2024-11-20 15:31:00+00:00,short,20527.5,20527.0,20526.75,20551.75,20501.75,20476.75,20451.75,20426.75,74.0,70-79,-32.63324099722992,25.0,False,False,False,False,True,stop,20551.75,20552.0,-25.25,0.0,-25.25,-1.01,16.25,25.0,0.65,1.0,6,5.0,0,2024-11-20,2.313942751615881,2.310251798561151,6.836601307189542,partial_bearish,0.8558426783682757,1.5001353141424645,bearish,bearish,False,True,True,False,continuation,True,False,False,False,bullish,weak,44.72299168975069,19.339285714285715,5.25,16.5,0.2714681440443213,0.853185595567867,0.8787878787878788,1.5001353141424645,False,False,False,False,False,2025
50,51872,51873,51873,2024-11-21 14:32:00+00:00,2024-11-21 14:33:00+00:00,2024-11-21 14:33:00+00:00,long,20856.5,20857.25,20857.5,20832.5,20882.5,20907.5,20932.5,20957.5,78.0,70-79,65.47714105620872,25.0,False,False,False,False,True,stop,20832.5,20832.25,-25.25,0.0,-25.25,-1.01,5.5,30.5,0.22,1.22,1,0.0,0,2024-11-21,1.2414529914529917,0.7227310574521232,2.2947567312234294,partial_bullish,5.056898126434795,1.4035736797390994,bullish,bullish,True,True,True,False,reversal,True,False,True,True,bearish,moderate,62.690491198260666,16.714285714285715,46.5,54.0,2.782051282051282,3.2307692307692304,0.06481481481481481,1.4035736797390994,False,False,False,False,False,2025
51,51874,51875,51875,2024-11-21 14:34:00+00:00,2024-11-21 14:35:00+00:00,2024-11-21 14:35:00+00:00,long,20795.75,20796.0,20796.25,20771.25,20821.25,20846.25,20871.25,20896.25,78.0,70-79,32.11392405063292,25.0,False,False,False,False,True,stop,20771.25,20771.0,-25.25,0.0,-25.25,-1.01,2.0,41.25,0.08,1.65,1,0.0,0,2024-11-21,3.5248618784530388,0.7227310574521232,2.2947567312234294,partial_bullish,5.365627096485645,2.5604570603010948,bullish,bullish,True,True,True,False,reversal,True,False,False,False,bearish,strong,99.0506329113924,22.625,41.75,59.25,1.8453038674033149,2.6187845303867405,0.26582278481012656,2.5604570603010948,False,False,False,False,False,2025
52,51876,51877,51877,2024-11-21 14:36:00+00:00,2024-11-21 14:37:00+00:00,2024-11-21 14:37:00+00:00,long,20724.75,20724.25,20724.5,20699.5,20749.5,20774.5,20799.5,20824.5,88.0,80-89,32.17613488975357,25.0,False,False,False,False,True,stop,20699.5,20699.25,-25.25,0.0,-25.25,-1.01,0.0,34.5,0.0,1.38,1,0.0,0,2024-11-21,6.473411154345007,2.45360824742268,2.2947567312234294,partial_bearish,3.6234381732012064,2.524956841552203,bullish,bullish,True,True,True,False,reversal,True,False,True,True,bearish,strong,98.5322092520536,27.535714285714285,32.75,37.75,1.1893644617380026,1.37094682230869,0.12582781456953643,2.524956841552203,False,False,False,False,False,2025
53,51878,51879,51879,2024-11-21 14:38:00+00:00,2024-11-21 14:39:00+00:00,2024-11-21 14:39:00+00:00,long,20658.0,20658.25,20658.5,20633.5,20683.5,20708.5,20733.5,20758.5,88.0,80-89,32.0,25.0,False,False,False,False,True,stop,20633.5,20633.25,-25.25,0.0,-25.25,-1.01,3.5,28.25,0.14,1.13,1,0.0,0,2024-11-21,5.380568974771873,2.45360824742268,2.2947567312234294,partial_bearish,2.660663119115841,3.0933298722649445,bullish,bullish,True,True,True,False,reversal,True,False,True,True,bearish,strong,100.0,33.267857142857146,43.5,67.0,1.3075684380032204,2.0139559849704773,0.16791044776119404,3.0933298722649445,False,False,False,False,False,2025
54,51880,51881,51882,2024-11-21 14:40:00+00:00,2024-11-21 14:41:00+00:00,2024-11-21 14:42:00+00:00,long,20692.5,20693.25,20693.5,20668.5,20718.5,20743.5,20768.5,20793.5,95.84085422469823,90-100,71.84085422469823,25.0,False,False,False,False,True,stop,20668.5,20668.25,-25.25,0.0,-25.25,-1.01,11.5,52.25,0.46,2.09,2,1.0,0,2024-11-21,1.702878365831012,5.555555555555555,2.2947567312234294,partial_bearish,2.402343303050413,2.6532434709351307,bullish,bullish,True,True,True,False,reversal,True,True,False,True,bullish,moderate,65.3404518724853,38.464285714285715,39.25,65.75,1.020427112349118,1.7093779015784587,0.9771863117870723,2.6532434709351307,False,False,False,False,False,2025
55,51887,51888,51894,2024-11-21 14:47:00+00:00,2024-11-21 14:48:00+00:00,2024-11-21 14:54:00+00:00,long,20731.0,20730.5,20730.75,20705.75,20755.75,20780.75,20805.75,20830.75,70.31483420593368,70-79,34.31483420593368,25.0,True,True,False,False,True,stop,20705.75,20705.5,-25.25,0.0,-25.25,-1.01,55.25,35.5,2.21,1.42,7,6.0,2,2024-11-21,1.81413612565445,4.001657000828501,2.288903479973736,partial_bearish,0.8645714016726554,1.5960836567985632,bullish,neutral,False,True,True,False,continuation,True,False,False,False,bullish,weak,52.62361838278068,40.92857142857143,13.0,30.0,0.3176265270506108,0.7329842931937173,0.48333333333333334,1.5960836567985632,True,False,False,False,False,2025
56,51912,51913,51923,2024-11-21 15:12:00+00:00,2024-11-21 15:13:00+00:00,2024-11-21 15:23:00+00:00,long,20650.25,20649.75,20650.0,20625.0,20675.0,20700.0,20725.0,20750.0,74.2,70-79,66.2,25.0,True,True,False,False,True,stop,20625.0,20624.75,-25.25,0.0,-25.25,-1.01,69.0,36.0,2.76,1.44,11,10.0,2,2024-11-21,2.316029663434113,1.3100113765642776,3.091482649842271,partial_bearish,1.4979002415266225,2.520442285630599,bullish,bullish,True,True,False,False,reversal,True,True,False,True,bullish,moderate,68.33333333333334,31.303571428571427,53.75,58.25,1.717056474614946,1.860810039931546,0.9613733905579399,2.520442285630599,False,False,False,False,False,2025
57,53252,53253,53256,2024-11-22 14:32:00+00:00,2024-11-22 14:33:00+00:00,2024-11-22 14:36:00+00:00,short,20811.25,20812.0,20811.75,20836.75,20786.75,20761.75,20736.75,20711.75,73.0,70-79,-73.0,25.0,False,False,False,False,True,stop,20836.75,20837.0,-25.25,0.0,-25.25,-1.01,7.75,25.0,0.31,1.0,4,3.0,0,2024-11-22,2.164627363737486,0.3421309872922776,0.1091781643671265,strong_bullish,3.735840991664885,1.0608369634115091,bearish,bearish,True,False,True,False,reversal,True,False,True,True,bullish,strong,80.40557975607673,16.053571428571427,29.5,40.0,1.8375973303670747,2.4916573971078977,0.75,1.0608369634115093,False,False,False,False,False,2025
58,53271,53272,53275,2024-11-22 14:51:00+00:00,2024-11-22 14:52:00+00:00,2024-11-22 14:55:00+00:00,short,20800.0,20800.0,20799.75,20824.75,20774.75,20749.75,20724.75,20699.75,70.06190812720848,70-79,-54.06190812720848,25.0,False,False,False,False,True,stop,20824.75,20825.0,-25.25,0.0,-25.25,-1.01,8.75,26.75,0.35,1.07,4,3.0,0,2024-11-22,1.919434628975265,2.6422535211267606,1.102241662110443,partial_bullish,1.5408199928140844,2.110570350522229,bearish,bearish,True,True,False,False,reversal,True,False,False,False,bearish,moderate,67.18256772673735,25.267857142857142,7.0,31.75,0.27703180212014133,1.2565371024734984,0.23622047244094488,2.110570350522229,False,False,False,False,True,2025
59,54655,54656,54660,2024-11-25 14:55:00+00:00,2024-11-25 14:56:00+00:00,2024-11-25 15:00:00+00:00,long,20937.25,20937.0,20937.25,20912.25,20962.25,20987.25,21012.25,21037.25,71.0389357560026,70-79,27.0389357560026,25.0,False,False,False,False,True,stop,20912.25,20912.0,-25.25,0.0,-25.25,-1.01,21.25,25.25,0.85,1.01,5,4.0,0,2024-11-25,2.625567813108371,2.1983471074380163,3.526164462334675,partial_bearish,1.0281427212849144,1.8284891004760715,bullish,neutral,True,False,False,False,reversal,True,False,False,False,bullish,weak,41.991131300021635,27.517857142857142,7.25,25.5,0.26346528228423105,0.9266709928617781,0.7549019607843137,1.8284891004760713,False,False,False,False,False,2025
60,54674,54675,54734,2024-11-25 15:14:00+00:00,2024-11-25 15:15:00+00:00,2024-11-25 16:14:00+00:00,long,20894.0,20893.75,20894.0,20869.0,20919.0,20944.0,20969.0,20994.0,72.04013636932997,70-79,67.04013636932997,25.0,True,True,False,False,False,max_holding_time,20919.0,20918.75,24.75,0.0,24.75,0.99,51.0,21.0,2.04,0.84,60,59.0,2,2024-11-25,1.1233913701741105,3.253399258343634,1.0038643194504078,strong_bearish,1.074787690621861,1.981815120390638,bullish,bullish,True,False,False,False,reversal,True,False,False,False,bullish,weak,50.334469744416424,23.589285714285715,19.25,34.75,0.8160484481453444,1.4731264193792581,0.5611510791366906,1.981815120390638,False,False,False,False,False,2025
61,56010,56011,56059,2024-11-26 14:30:00+00:00,2024-11-26 14:31:00+00:00,2024-11-26 15:19:00+00:00,long,20946.0,20946.5,20946.75,20922.25,20971.75,20996.75,21021.75,21046.75,73.08470258308297,70-79,53.08470258308297,24.5,True,True,True,False,True,stop,20922.25,20922.0,-24.75,0.0,-24.75,-1.010204081632653,78.25,27.75,3.193877551020408,1.1326530612244898,49,48.0,3,2024-11-26,1.8157894736842104,1.0134969325153371,0.3453333333333333,partial_bullish,5.9539521924035785,0.9479834920116048,bullish,bullish,True,False,False,False,reversal,True,False,False,False,bullish,weak,59.03918819235807,9.5,7.25,24.5,0.7631578947368421,2.5789473684210527,0.30612244897959184,0.9479834920116047,False,False,False,False,True,2025
62,57421,57422,57423,2024-11-27 15:01:00+00:00,2024-11-27 15:02:00+00:00,2024-11-27 15:03:00+00:00,short,20828.5,20829.5,20829.25,20854.25,20804.25,20779.25,20754.25,20729.25,71.60200657246877,70-79,-45.60200657246877,25.0,False,False,False,False,True,stop,20854.25,20854.5,-25.25,0.0,-25.25,-1.01,6.5,27.75,0.26,1.11,2,1.0,0,2024-11-27,1.6857798165137614,1.1002162941600575,3.796610169491525,strong_bearish,1.82716311680034,1.2754439954024694,bearish,bearish,False,True,True,False,continuation,True,True,False,True,bearish,strong,96.68338810390637,15.571428571428571,17.5,22.5,1.1238532110091743,1.444954128440367,0.05555555555555555,1.2754439954024694,True,False,False,True,True,2025
63,57442,57443,57502,2024-11-27 15:22:00+00:00,2024-11-27 15:23:00+00:00,2024-11-27 16:22:00+00:00,short,20784.0,20784.75,20784.5,20809.5,20759.5,20734.5,20709.5,20684.5,72.83748645720476,70-79,-48.83748645720476,25.0,True,True,True,False,False,max_holding_time,20727.5,20727.75,56.75,0.0,56.75,2.27,88.75,21.75,3.55,0.87,60,59.0,3,2024-11-27,1.1072589382448537,1.030520646319569,4.959950708564387,strong_bearish,1.614488702539017,1.7601645630698124,bearish,bearish,True,True,False,False,reversal,True,True,False,True,bearish,strong,90.31238714337306,16.482142857142858,21.75,26.75,1.3196099674972914,1.6229685807150596,0.12149532710280374,1.7601645630698124,True,False,False,False,True,2025
64,58770,58771,58830,2024-11-28 14:30:00+00:00,2024-11-28 14:31:00+00:00,2024-11-28 15:30:00+00:00,long,20889.25,20889.5,20889.75,20864.75,20914.75,20939.75,20964.75,20989.75,75.03746659479052,70-79,75.03746659479052,25.0,False,False,False,False,False,max_holding_time,20899.0,20898.75,9.0,0.0,9.0,0.36,12.25,15.25,0.49,0.61,60,59.0,0,2024-11-28,4.975903614457831,1.1771771771771773,0.3326133909287257,strong_bullish,15.037768739105172,0.2968332434881346,bullish,bullish,True,True,True,False,reversal,True,True,False,True,bullish,strong,75.31222162325425,2.9642857142857144,14.75,16.25,4.975903614457831,5.481927710843373,0.9538461538461539,0.29683324348813467,True,True,True,False,False,2025
65,59948,59949,60008,2024-11-29 15:08:00+00:00,2024-11-29 15:09:00+00:00,2024-11-29 16:08:00+00:00,long,20946.25,20945.25,20945.5,20920.5,20970.5,20995.5,21020.5,21045.5,74.31744526316491,70-79,52.31744526316491,25.0,True,False,False,False,False,max_holding_time,20971.25,20971.0,25.5,0.0,25.5,1.02,36.75,10.0,1.47,0.4,60,59.0,1,2024-11-29,2.923599320882853,1.827676240208877,3.2458816351433804,strong_bullish,0.9874337623012868,0.7486741511123356,bullish,bullish,False,True,True,False,continuation,True,False,False,False,bullish,strong,85.97871052637426,10.517857142857142,9.5,11.5,0.903225806451613,1.0933786078098473,0.9565217391304348,0.7486741511123356,True,False,False,False,True,2025
66,61114,61115,61174,2024-12-02 15:19:00+00:00,2024-12-02 15:20:00+00:00,2024-12-02 16:19:00+00:00,long,21163.75,21164.0,21164.25,21139.25,21189.25,21214.25,21239.25,21264.25,88.0,80-89,88.0,25.0,True,False,False,False,False,max_holding_time,21191.5,21191.25,27.0,0.0,27.0,1.08,39.5,23.25,1.58,0.93,60,59.0,1,2024-12-02,2.264094955489614,1.3714285714285714,5.12994980479643,partial_bullish,1.2991513977727378,1.5392279705922314,bullish,bullish,True,False,True,False,reversal,True,False,True,True,bearish,strong,77.69535113748763,12.035714285714286,11.0,15.0,0.9139465875370919,1.2462908011869436,0.23333333333333334,1.5392279705922314,False,False,False,False,False,2025
67,62445,62446,62447,2024-12-03 14:30:00+00:00,2024-12-03 14:31:00+00:00,2024-12-03 14:32:00+00:00,short,21143.0,21143.5,21143.25,21168.25,21118.25,21093.25,21068.25,21043.25,81.97868279758974,80-89,-59.97868279758974,25.0,False,False,False,False,True,stop,21168.25,21168.5,-25.25,0.0,-25.25,-1.01,8.5,26.25,0.34,1.05,2,1.0,0,2024-12-03,2.1123595505617976,2.2371134020618557,2.537216828478964,strong_bearish,7.416937149601653,1.4733534969871749,bearish,bearish,True,True,False,True,reversal,True,True,False,True,bearish,strong,83.15568997991451,11.125,15.0,28.0,1.348314606741573,2.5168539325842696,0.16071428571428573,1.4733534969871749,True,False,False,False,False,2025
68,62450,62451,62475,2024-12-03 14:35:00+00:00,2024-12-03 14:36:00+00:00,2024-12-03 15:00:00+00:00,short,21184.75,21185.25,21185.0,21210.0,21160.0,21135.0,21110.0,21085.0,76.0,70-79,-23.663524303329567,25.0,False,False,False,False,True,stop,21210.0,21210.25,-25.25,0.0,-25.25,-1.01,19.25,33.0,0.77,1.32,25,24.0,0,2024-12-03,2.583425414364641,1.0440251572327044,2.537216828478964,partial_bullish,1.8001197539600458,1.0070496520852048,bearish,bearish,True,True,False,False,reversal,True,False,False,False,bullish,moderate,69.4706308055869,16.160714285714285,7.75,15.25,0.4795580110497238,0.943646408839779,0.6721311475409836,1.0070496520852048,False,False,False,False,False,2025
69,62495,62496,62510,2024-12-03 15:20:00+00:00,2024-12-03 15:21:00+00:00,2024-12-03 15:35:00+00:00,short,21188.5,21188.25,21188.0,21213.0,21163.0,21138.0,21113.0,21088.0,70.5322033898305,70-79,-58.5322033898305,25.0,False,False,False,False,True,stop,21213.0,21213.25,-25.25,0.0,-25.25,-1.01,19.5,26.0,0.78,1.04,15,14.0,0,2024-12-03,2.368064952638701,0.4986301369863013,0.6569435637285986,partial_bullish,2.4489162339128474,2.416083088532168,bearish,bearish,False,True,True,False,continuation,True,False,False,False,bearish,strong,87.7683615819209,13.196428571428571,16.0,29.5,1.212449255751015,2.235453315290934,0.3983050847457627,2.416083088532168,True,False,False,True,True,2025
70,65235,65236,65285,2024-12-05 15:00:00+00:00,2024-12-05 15:01:00+00:00,2024-12-05 15:50:00+00:00,long,21512.75,21513.25,21513.5,21488.5,21538.5,21563.5,21588.5,21613.5,70.68968573015451,70-79,70.68968573015451,25.0,False,False,False,False,True,stop,21488.5,21488.25,-25.25,0.0,-25.25,-1.01,24.0,26.0,0.96,1.04,50,49.0,0,2024-12-05,0.5255972696245734,1.967479674796748,0.5026399155227033,partial_bearish,1.601084681816842,0.9388989715668482,bullish,bullish,True,False,False,False,reversal,True,False,False,False,neutral,none,39.080714417954184,10.464285714285714,1.75,10.5,0.1672354948805461,1.0034129692832765,0.40476190476190477,0.9388989715668482,False,False,False,False,True,2025
71,66587,66588,66598,2024-12-06 14:32:00+00:00,2024-12-06 14:33:00+00:00,2024-12-06 14:43:00+00:00,short,21518.5,21518.25,21518.0,21543.0,21493.0,21468.0,21443.0,21418.0,73.0,70-79,-69.70523814436261,25.0,False,False,False,False,True,stop,21543.0,21543.25,-25.25,0.0,-25.25,-1.01,4.75,29.5,0.19,1.18,11,10.0,0,2024-12-06,1.022354694485842,0.5165257494235204,0.6142384105960265,partial_bullish,3.036079761417461,0.7001975711559598,bearish,bearish,True,True,True,True,reversal,True,False,False,False,bullish,moderate,60.7896821303116,11.982142857142858,5.25,11.75,0.4381520119225037,0.9806259314456035,0.7021276595744681,0.7001975711559598,False,False,False,False,False,2025
72,67967,67968,68027,2024-12-09 14:32:00+00:00,2024-12-09 14:33:00+00:00,2024-12-09 15:32:00+00:00,short,21629.75,21630.75,21630.5,21655.5,21605.5,21580.5,21555.5,21530.5,73.0,70-79,-50.999914107744615,25.0,True,True,True,False,False,max_holding_time,21563.75,21564.0,66.5,0.0,66.5,2.66,85.5,18.5,3.42,0.74,60,59.0,3,2024-12-09,0.4361370716510904,0.4460176991150443,0.0910780669144981,partial_bullish,4.659022691799736,1.056960947873753,bearish,bearish,True,True,True,False,reversal,True,False,False,False,bullish,weak,41.66738243546157,11.464285714285714,0.5,16.75,0.04361370716510904,1.4610591900311527,0.2537313432835821,1.056960947873753,False,False,False,False,False,2025
73,69369,69370,69429,2024-12-10 14:54:00+00:00,2024-12-10 14:55:00+00:00,2024-12-10 15:54:00+00:00,long,21526.5,21526.25,21526.5,21501.5,21551.5,21576.5,21601.5,21626.5,70.0,70-79,58.05552204009753,25.0,True,True,True,False,False,max_holding_time,21524.0,21523.75,-2.75,0.0,-2.75,-0.11,80.25,14.5,3.21,0.58,60,59.0,3,2024-12-10,3.555263157894737,3.127837514934289,3.230769230769231,partial_bullish,0.7879352981716463,1.0777779010059112,bullish,bullish,True,False,False,False,reversal,True,False,False,False,bearish,weak,57.870649665853946,13.571428571428571,8.25,14.0,0.6078947368421053,1.0315789473684212,0.35714285714285715,1.0777779010059112,False,False,False,False,False,2025
74,70730,70731,70762,2024-12-11 14:35:00+00:00,2024-12-11 14:36:00+00:00,2024-12-11 15:07:00+00:00,long,21619.25,21618.75,21619.0,21594.0,21644.0,21669.0,21694.0,21719.0,80.84278418491706,80-89,52.842784184917065,25.0,True,True,True,True,False,tp4,21719.0,21718.75,99.75,0.0,99.75,3.99,101.5,24.5,4.06,0.98,32,31.0,4,2024-12-11,3.731895223420648,1.456910569105691,6.012539184952979,strong_bullish,2.047339816933638,0.9244355470168952,bullish,bullish,False,True,True,False,continuation,True,True,False,True,bullish,strong,90.35653487430884,11.589285714285714,12.5,13.0,1.078582434514638,1.1217257318952234,1.0,0.9244355470168952,True,False,False,False,True,2025
75,70776,70777,70809,2024-12-11 15:21:00+00:00,2024-12-11 15:22:00+00:00,2024-12-11 15:54:00+00:00,long,21702.25,21702.0,21702.25,21677.25,21727.25,21752.25,21777.25,21802.25,70.0,70-79,49.266862170087975,25.0,True,False,False,False,True,stop,21677.25,21677.0,-25.25,0.0,-25.25,-1.01,26.75,26.0,1.07,1.04,33,32.0,1,2024-12-11,0.9237536656891496,0.7741065407956844,6.054852320675106,partial_bullish,1.1966816291038989,1.786478616286005,bullish,bullish,True,True,True,False,reversal,True,False,False,False,bearish,moderate,64.44281524926686,12.178571428571429,10.25,15.5,0.841642228739003,1.2727272727272727,0.2903225806451613,1.786478616286005,False,False,False,False,False,2025
76,72145,72146,72153,2024-12-12 15:10:00+00:00,2024-12-12 15:11:00+00:00,2024-12-12 15:18:00+00:00,short,21642.25,21642.75,21642.5,21667.5,21617.5,21592.5,21567.5,21542.5,70.76083550913839,70-79,-44.76083550913839,25.0,False,False,False,False,True,stop,21667.5,21667.75,-25.25,0.0,-25.25,-1.01,17.75,27.5,0.71,1.1,8,7.0,0,2024-12-12,2.7963446475195823,1.4522821576763485,0.174757281553398,strong_bearish,2.253165860187378,1.5724100767883604,bearish,bearish,False,True,True,False,continuation,True,False,False,False,bearish,strong,89.67362924281984,13.678571428571429,8.25,20.0,0.6031331592689295,1.4621409921671018,0.1625,1.5724100767883604,True,False,False,False,True,2025
77,73485,73486,73504,2024-12-13 14:30:00+00:00,2024-12-13 14:31:00+00:00,2024-12-13 14:49:00+00:00,long,21806.75,21805.75,21806.0,21781.0,21831.0,21856.0,21881.0,21906.0,83.92611782921595,80-89,71.92611782921595,25.0,True,True,True,True,False,tp4,21906.0,21905.75,99.75,0.0,99.75,3.99,102.0,10.0,4.08,0.4,19,18.0,4,2024-12-13,2.43585237258348,0.4840940525587828,2.237762237762238,partial_bearish,6.710493585871149,1.079110379665821,bullish,bullish,True,True,True,False,reversal,True,False,False,False,bullish,strong,82.71764857679966,10.160714285714286,11.75,24.0,1.156414762741652,2.362038664323374,0.6875,1.079110379665821,True,True,True,False,False,2025
78,73511,73512,73521,2024-12-13 14:56:00+00:00,2024-12-13 14:57:00+00:00,2024-12-13 15:06:00+00:00,long,21875.5,21876.25,21876.5,21851.5,21901.5,21926.5,21951.5,21976.5,70.0,70-79,31.49039365849567,25.0,False,False,False,False,True,stop,21851.5,21851.25,-25.25,0.0,-25.25,-1.01,21.0,37.5,0.84,1.5,10,9.0,0,2024-12-13,1.3268529769137305,3.523809523809524,2.1087435709037474,partial_bullish,0.4735518957467549,0.6327551929800507,bullish,bullish,True,False,False,False,reversal,True,False,False,False,neutral,none,37.58005284586943,14.696428571428571,2.0,10.0,0.13608748481166463,0.6804374240583232,0.775,0.6327551929800507,False,False,False,False,False,2025
79,74872,74873,74927,2024-12-16 14:37:00+00:00,2024-12-16 14:38:00+00:00,2024-12-16 15:32:00+00:00,long,21910.0,21910.5,21910.75,21885.75,21935.75,21960.75,21985.75,22010.75,70.08485594864905,70-79,50.08485594864905,25.0,True,True,True,True,False,tp4,22010.75,22010.5,99.75,0.0,99.75,3.99,102.0,13.75,4.08,0.55,55,54.0,4,2024-12-16,0.8923719958202716,1.9429312581063556,0.7631318136769079,partial_bullish,1.1360579410243146,0.4017857142857142,bullish,bullish,True,True,True,True,reversal,True,False,False,False,neutral,none,17.37379957207543,17.089285714285715,3.25,14.0,0.19017763845350052,0.8192267502612329,0.30357142857142855,0.40178571428571425,False,False,False,False,False,2025
80,77626,77627,77637,2024-12-18 14:31:00+00:00,2024-12-18 14:32:00+00:00,2024-12-18 14:42:00+00:00,short,22244.75,22244.75,22244.5,22269.5,22219.5,22194.5,22169.5,22144.5,71.7092137276352,70-79,-45.7092137276352,25.0,True,False,False,False,True,stop,22269.5,22269.75,-25.25,0.0,-25.25,-1.01,33.25,29.75,1.33,1.19,11,10.0,1,2024-12-18,3.2527472527472527,0.3555973659454374,3.796416938110749,strong_bearish,7.437893666131998,1.1365171595440062,bearish,bearish,True,True,False,False,reversal,True,True,False,True,bearish,strong,80.91011439696005,11.375,39.75,40.75,3.4945054945054945,3.5824175824175826,0.006134969325153374,1.1365171595440062,True,False,False,False,False,2025
81,79013,79014,79016,2024-12-19 14:38:00+00:00,2024-12-19 14:39:00+00:00,2024-12-19 14:41:00+00:00,long,21607.75,21607.75,21608.0,21583.0,21633.0,21658.0,21683.0,21708.0,72.79694563225412,70-79,50.79694563225412,25.0,False,False,False,False,True,stop,21583.0,21582.75,-25.25,0.0,-25.25,-1.01,34.5,26.5,1.38,1.06,3,2.0,0,2024-12-19,2.7025045815516187,0.7008871989860583,0.0287769784172661,partial_bullish,2.200916757059379,1.795347509633224,bullish,bullish,True,True,False,False,reversal,True,True,False,True,bullish,weak,56.64121360211769,29.232142857142858,28.5,35.25,0.9749541844838119,1.205864386072083,0.9645390070921985,1.7953475096332239,False,False,False,False,False,2025
82,79030,79031,79036,2024-12-19 14:55:00+00:00,2024-12-19 14:56:00+00:00,2024-12-19 15:01:00+00:00,long,21581.0,21581.0,21581.25,21556.25,21606.25,21631.25,21656.25,21681.25,71.43061825318941,70-79,71.43061825318941,25.0,False,False,False,False,True,stop,21556.25,21556.0,-25.25,0.0,-25.25,-1.01,23.75,35.0,0.95,1.4,6,5.0,0,2024-12-19,0.6594700686947987,2.5725774024929637,1.786857624262847,strong_bearish,1.0813359740242243,1.8612093454693024,bullish,bullish,True,False,False,False,reversal,True,False,False,False,bullish,weak,45.25515210991168,36.392857142857146,18.5,30.75,0.508341511285574,0.8449460255152109,0.9186991869918699,1.8612093454693026,False,False,False,False,False,2025
83,79048,79049,79050,2024-12-19 15:13:00+00:00,2024-12-19 15:14:00+00:00,2024-12-19 15:15:00+00:00,long,21637.25,21636.75,21637.0,21612.0,21662.0,21687.0,21712.0,21737.0,73.48809272918862,70-79,47.48809272918862,25.0,False,False,False,False,True,stop,21612.0,21611.75,-25.25,0.0,-25.25,-1.01,0.0,33.25,0.0,1.33,2,1.0,0,2024-12-19,3.0094836670179133,0.6387832699619772,1.2203516647961092,partial_bearish,1.2627413042522315,1.9001614568169185,bullish,bullish,True,True,False,False,reversal,True,True,False,True,bullish,strong,95.73410607657183,33.892857142857146,38.5,40.0,1.1359325605900947,1.180189673340358,0.99375,1.9001614568169185,True,False,False,False,True,2025
84,80388,80389,80391,2024-12-20 14:33:00+00:00,2024-12-20 14:34:00+00:00,2024-12-20 14:36:00+00:00,short,21193.75,21193.5,21193.25,21218.25,21168.25,21143.25,21118.25,21093.25,81.87119889423039,80-89,-63.87119889423039,25.0,False,False,False,False,True,stop,21218.25,21218.5,-25.25,0.0,-25.25,-1.01,5.25,29.5,0.21,1.18,3,2.0,0,2024-12-20,0.8115942028985507,0.2196078431372549,2.504354136429608,partial_bullish,1.894626504971684,1.0271912861596748,bearish,bearish,True,True,True,False,reversal,True,True,False,True,bearish,moderate,65.59332411858652,20.946428571428573,17.5,23.0,0.835464620630861,1.0980392156862744,0.03260869565217391,1.0271912861596748,True,True,True,False,False,2025
85,80395,80396,80405,2024-12-20 14:40:00+00:00,2024-12-20 14:41:00+00:00,2024-12-20 14:50:00+00:00,short,21285.5,21285.5,21285.25,21310.25,21260.25,21235.25,21210.25,21185.25,85.9820558526441,80-89,-74.9820558526441,25.0,True,True,True,True,False,tp4,21185.25,21185.5,99.75,0.0,99.75,3.99,125.0,11.25,5.0,0.45,10,9.0,4,2024-12-20,2.678550207961973,1.7860498735092158,2.504354136429608,strong_bullish,1.7027738408584734,1.761541610731865,bearish,bearish,True,True,True,False,reversal,True,False,False,False,bearish,weak,49.85046543870074,30.053571428571427,20.5,30.5,0.6821152703505645,1.0148544266191326,0.2459016393442623,1.7615416107318653,False,False,False,False,False,2025
86,80430,80431,80438,2024-12-20 15:15:00+00:00,2024-12-20 15:16:00+00:00,2024-12-20 15:23:00+00:00,short,21343.75,21343.5,21343.25,21368.25,21318.25,21293.25,21268.25,21243.25,76.0,70-79,-41.027286821705424,25.0,False,False,False,False,True,stop,21368.25,21368.5,-25.25,0.0,-25.25,-1.01,19.25,38.0,0.77,1.52,8,7.0,0,2024-12-20,2.833333333333333,2.345010303208713,1.8005727675084615,strong_bullish,1.0446238777846126,1.7012427085975146,bearish,bearish,True,True,False,False,reversal,True,False,False,False,bullish,weak,41.43927648578811,30.0,2.5,21.5,0.08333333333333333,0.7166666666666667,0.5813953488372093,1.7012427085975146,False,False,False,False,False,2025
87,81765,81766,81766,2024-12-23 14:30:00+00:00,2024-12-23 14:31:00+00:00,2024-12-23 14:31:00+00:00,long,21654.25,21654.25,21654.5,21629.5,21679.5,21704.5,21729.5,21754.5,70.12611012433392,70-79,52.12611012433392,25.0,False,False,False,False,True,stop,21629.5,21629.25,-25.25,0.0,-25.25,-1.01,3.0,37.0,0.12,1.48,1,0.0,0,2024-12-23,4.508474576271187,0.7512626262626263,0.725925925925926,partial_bullish,10.768833582898743,1.1576376554174068,bullish,bullish,False,True,True,True,continuation,True,True,False,True,bullish,strong,84.38425103611604,12.642857142857142,35.0,45.75,2.768361581920904,3.6186440677966103,0.9890710382513661,1.1576376554174068,True,False,False,False,False,2025
88,81800,81801,81801,2024-12-23 15:05:00+00:00,2024-12-23 15:06:00+00:00,2024-12-23 15:06:00+00:00,long,21588.75,21589.25,21589.5,21564.5,21614.5,21639.5,21664.5,21689.5,70.74242068155111,70-79,70.74242068155111,25.0,False,False,False,False,True,stop,21564.5,21564.25,-25.25,0.0,-25.25,-1.01,6.5,38.25,0.26,1.53,1,0.0,0,2024-12-23,0.773207990599295,1.646404449741756,1.2866640594446617,partial_bearish,1.1947125280153683,1.5918869833375997,bullish,bullish,True,False,False,False,reversal,True,False,False,False,neutral,none,39.5201723462593,30.392857142857142,2.25,30.25,0.07403055229142186,0.9952996474735605,0.7520661157024794,1.5918869833375995,False,False,False,False,False,2025
89,81802,81803,81803,2024-12-23 15:07:00+00:00,2024-12-23 15:08:00+00:00,2024-12-23 15:08:00+00:00,long,21573.75,21574.25,21574.5,21549.5,21599.5,21624.5,21649.5,21674.5,71.52905368013282,70-79,63.52905368013282,25.0,False,False,False,False,True,stop,21549.5,21549.25,-25.25,0.0,-25.25,-1.01,2.0,42.5,0.08,1.7,1,0.0,0,2024-12-23,0.3099059214167127,1.646404449741756,1.2866640594446617,partial_bearish,1.4156181123231872,1.864116191922408,bullish,bullish,True,False,False,False,reversal,True,False,False,False,bullish,weak,46.07544733444014,32.267857142857146,16.5,29.75,0.5113447703375761,0.9219701162147205,0.8907563025210085,1.864116191922408,False,False,False,False,False,2025
90,81805,81806,81818,2024-12-23 15:10:00+00:00,2024-12-23 15:11:00+00:00,2024-12-23 15:23:00+00:00,long,21484.0,21484.5,21484.75,21459.75,21509.75,21534.75,21559.75,21584.75,76.0,70-79,67.65066242713301,25.0,True,True,True,True,False,tp4,21584.75,21584.5,99.75,0.0,99.75,3.99,101.75,8.75,4.07,0.35,13,12.0,4,2024-12-23,3.1086380498145205,2.0389329488103822,1.2866640594446617,partial_bearish,1.7655204042934127,1.9549782704233605,bullish,bullish,True,False,False,False,reversal,True,False,True,True,bearish,strong,94.57781310722487,33.69642857142857,30.25,49.25,0.8977212506624271,1.4615792262851088,0.05583756345177665,1.9549782704233605,False,False,False,False,False,2025
91,85682,85683,85689,2024-12-27 14:32:00+00:00,2024-12-27 14:33:00+00:00,2024-12-27 14:39:00+00:00,short,21814.75,21814.25,21814.0,21839.0,21789.0,21764.0,21739.0,21714.0,78.26734533983272,70-79,-50.26734533983272,25.0,True,True,True,True,False,tp4,21714.0,21714.25,99.75,0.0,99.75,3.99,104.0,9.5,4.16,0.38,7,6.0,4,2024-12-27,3.31054131054131,1.75,4.120524017467249,strong_bearish,4.186353438036162,1.1027903516274151,bearish,bearish,False,True,True,False,continuation,True,False,False,False,bearish,moderate,68.89454449860594,12.535714285714286,6.0,19.75,0.4786324786324786,1.5754985754985753,0.46835443037974683,1.1027903516274153,True,False,False,False,True,2025
92,85710,85711,85722,2024-12-27 15:00:00+00:00,2024-12-27 15:01:00+00:00,2024-12-27 15:12:00+00:00,short,21655.0,21655.25,21655.0,21680.0,21630.0,21605.0,21580.0,21555.0,80.4,80-89,-46.400000000000006,25.0,True,True,True,True,False,tp4,21555.0,21555.25,99.75,0.0,99.75,3.99,102.5,6.75,4.1,0.27,12,11.0,4,2024-12-27,1.7937831690674757,2.138888888888889,5.829931972789115,strong_bearish,1.9973553190922888,2.093484023998884,bearish,bearish,False,True,True,False,continuation,True,True,False,True,bearish,strong,86.66666666666666,23.553571428571427,39.75,53.25,1.687642153146323,2.260803639120546,0.009389671361502348,2.093484023998884,True,False,False,True,False,2025
93,85726,85727,85732,2024-12-27 15:16:00+00:00,2024-12-27 15:17:00+00:00,2024-12-27 15:22:00+00:00,short,21547.75,21548.25,21548.0,21573.0,21523.0,21498.0,21473.0,21448.0,76.48891495601173,70-79,-48.488914956011726,25.0,True,False,False,False,True,stop,21573.0,21573.25,-25.25,0.0,-25.25,-1.01,35.25,34.5,1.41,1.38,6,5.0,1,2024-12-27,0.656891495601173,3.0948957584471604,6.686646433990895,strong_bearish,0.9172499349087956,1.81207546028048,bearish,bearish,False,True,True,False,continuation,True,False,False,False,bearish,weak,54.07429130009774,30.446428571428573,9.75,22.5,0.3202346041055718,0.7390029325513197,0.13333333333333333,1.8120754602804798,True,False,False,True,False,2025
94,85733,85734,85755,2024-12-27 15:23:00+00:00,2024-12-27 15:24:00+00:00,2024-12-27 15:45:00+00:00,short,21577.25,21577.75,21577.5,21602.5,21552.5,21527.5,21502.5,21477.5,92.88997429305913,90-100,-92.88997429305913,25.0,True,True,False,False,True,stop,21602.5,21602.75,-25.25,0.0,-25.25,-1.01,72.5,28.5,2.9,1.14,22,21.0,2,2024-12-27,1.87146529562982,3.390260173448966,6.686646433990895,partial_bearish,1.5474352908325124,2.777236406158644,bearish,bearish,True,True,True,False,reversal,True,False,False,False,bearish,weak,40.74978577549271,27.785714285714285,1.5,32.0,0.05398457583547558,1.1516709511568124,0.1484375,2.777236406158644,False,False,False,False,False,2025
95,88456,88457,88460,2024-12-31 14:46:00+00:00,2024-12-31 14:47:00+00:00,2024-12-31 14:50:00+00:00,long,21437.25,21437.5,21437.75,21412.75,21462.75,21487.75,21512.75,21537.75,77.99086096452622,70-79,61.99086096452622,25.0,False,False,False,False,True,stop,21412.75,21412.5,-25.25,0.0,-25.25,-1.01,16.0,35.75,0.64,1.43,4,3.0,0,2024-12-31,1.55837870538415,2.6072526121696376,2.0985772357723573,partial_bearish,1.340104176390419,1.4359446267104103,bullish,bullish,True,True,False,False,reversal,True,True,False,True,bullish,moderate,66.59050803771852,29.517857142857142,27.75,33.5,0.9401088929219601,1.134906231094979,0.917910447761194,1.4359446267104103,False,False,False,False,False,2025
96,88484,88485,88532,2024-12-31 15:14:00+00:00,2024-12-31 15:15:00+00:00,2024-12-31 16:02:00+00:00,long,21384.0,21383.75,21384.0,21359.0,21409.0,21434.0,21459.0,21484.0,71.12026484159956,70-79,33.120264841599564,25.0,True,True,True,False,True,stop,21359.0,21358.75,-25.25,0.0,-25.25,-1.01,84.75,27.75,3.39,1.11,48,47.0,3,2024-12-31,1.2503259452411994,1.111467522052927,1.39020979020979,partial_bearish,0.9482256551996446,1.333666541713524,neutral,bullish,True,False,True,False,reversal,True,False,False,False,bullish,strong,76.00220701332974,27.392857142857142,15.5,32.75,0.5658409387222947,1.1955671447196872,0.7404580152671756,1.333666541713524,True,True,True,False,True,2025
97,89827,89828,89829,2025-01-02 14:37:00+00:00,2025-01-02 14:38:00+00:00,2025-01-02 14:39:00+00:00,long,21223.0,21222.25,21222.5,21197.5,21247.5,21272.5,21297.5,21322.5,73.04602988953866,70-79,37.04602988953866,25.0,False,False,False,False,True,stop,21197.5,21197.25,-25.25,0.0,-25.25,-1.01,19.5,49.75,0.78,1.99,2,1.0,0,2025-01-02,4.320987654320987,3.094,2.0972160848431285,strong_bearish,2.292676043087633,1.7330548024356638,bullish,bullish,True,True,False,False,reversal,True,False,False,False,bullish,weak,42.05024907948885,27.482142857142858,4.75,33.75,0.1728395061728395,1.2280701754385965,0.725925925925926,1.7330548024356638,False,False,False,False,False,2025
98,89836,89837,89843,2025-01-02 14:46:00+00:00,2025-01-02 14:47:00+00:00,2025-01-02 14:53:00+00:00,long,21240.75,21241.25,21241.5,21216.5,21266.5,21291.5,21316.5,21341.5,95.5367296744122,90-100,94.5367296744122,25.0,True,True,True,True,False,tp4,21341.5,21341.25,99.75,0.0,99.75,3.99,116.5,5.25,4.66,0.21,7,6.0,4,2025-01-02,1.1230628988149498,3.408196721311476,3.857336037863421,partial_bearish,1.2778568206267134,1.791869823752105,bullish,bullish,True,False,True,False,reversal,True,False,False,False,bullish,moderate,62.8060806201017,39.17857142857143,18.25,39.75,0.4658158614402917,1.014585232452142,0.5660377358490566,1.7918698237521047,True,True,True,False,True,2025
99,89844,89845,89870,2025-01-02 14:54:00+00:00,2025-01-02 14:55:00+00:00,2025-01-02 15:20:00+00:00,long,21379.5,21379.25,21379.5,21354.5,21404.5,21429.5,21454.5,21479.5,84.9778958554729,80-89,72.9778958554729,25.0,True,True,False,False,True,stop,21354.5,21354.25,-25.25,0.0,-25.25,-1.01,64.5,66.0,2.58,2.64,26,25.0,2,2025-01-02,2.268862911795962,1.1542689629901064,3.857336037863421,partial_bearish,1.1116995555964908,2.14964714263452,bullish,bullish,True,True,True,False,reversal,True,True,False,True,bullish,strong,91.48246546227418,33.607142857142854,31.5,36.5,0.9373007438894794,1.0860786397449522,0.9383561643835616,2.14964714263452,True,False,False,False,True,2025
100,91200,91201,91209,2025-01-03 14:30:00+00:00,2025-01-03 14:31:00+00:00,2025-01-03 14:39:00+00:00,long,21311.25,21310.25,21310.5,21285.5,21335.5,21360.5,21385.5,21410.5,83.61503061598312,80-89,65.61503061598312,25.0,True,True,True,True,False,tp4,21410.5,21410.25,99.75,0.0,99.75,3.99,107.0,1.0,4.28,0.04,9,8.0,4,2025-01-03,1.7414075286415711,3.54375,1.5971830985915492,strong_bullish,8.473182763456983,1.0187882699788915,bullish,bullish,True,True,True,False,reversal,True,True,False,True,bullish,strong,80.12525513319262,10.910714285714286,17.5,39.5,1.6039279869067102,3.620294599018003,0.8734177215189873,1.0187882699788915,True,False,False,False,False,2025
101,91210,91211,91217,2025-01-03 14:40:00+00:00,2025-01-03 14:41:00+00:00,2025-01-03 14:47:00+00:00,long,21410.75,21410.75,21411.0,21386.0,21436.0,21461.0,21486.0,21511.0,70.0,70-79,61.07002135480893,25.0,False,False,False,False,True,stop,21386.0,21385.75,-25.25,0.0,-25.25,-1.01,23.5,46.0,0.94,1.84,7,6.0,0,2025-01-03,3.322720694645441,5.331269349845201,1.5971830985915492,strong_bullish,1.9896981445582944,1.480852467125603,bullish,bullish,False,True,True,False,continuation,True,False,False,False,neutral,none,24.41648870992563,24.678571428571427,1.75,24.75,0.07091172214182345,1.0028943560057888,0.5353535353535354,1.480852467125603,True,False,False,False,True,2025
102,91221,91222,91230,2025-01-03 14:51:00+00:00,2025-01-03 14:52:00+00:00,2025-01-03 15:00:00+00:00,long,21318.0,21318.0,21318.25,21293.25,21343.25,21368.25,21393.25,21418.25,74.0,70-79,20.0,25.0,True,True,True,True,False,tp4,21418.25,21418.0,99.75,0.0,99.75,3.99,111.75,1.0,4.47,0.04,9,8.0,4,2025-01-03,3.162372678250449,2.365902293120638,4.762589928057554,partial_bullish,1.957150211872797,2.9547991071428568,bullish,bullish,False,False,True,True,continuation,True,False,True,True,bearish,strong,83.33333333333334,29.803571428571427,63.0,72.5,2.113840623127621,2.432594367884961,0.1310344827586207,2.9547991071428568,False,False,False,False,False,2025
103,93967,93968,93969,2025-01-07 14:37:00+00:00,2025-01-07 14:38:00+00:00,2025-01-07 14:39:00+00:00,long,21735.75,21736.0,21736.25,21711.25,21761.25,21786.25,21811.25,21836.25,81.94754988754988,80-89,70.94754988754988,25.0,False,False,False,False,True,stop,21711.25,21711.0,-25.25,0.0,-25.25,-1.01,11.75,41.25,0.47,1.65,2,1.0,0,2025-01-07,2.6906906906906904,2.199604743083004,1.7184466019417477,partial_bearish,2.2300102745992203,1.286038961038961,bullish,bullish,True,True,False,False,reversal,True,False,False,False,bullish,weak,49.5629157295824,17.839285714285715,10.0,23.75,0.5605605605605606,1.3313313313313313,0.9157894736842105,1.286038961038961,False,False,False,False,False,2025
104,93970,93971,93990,2025-01-07 14:40:00+00:00,2025-01-07 14:41:00+00:00,2025-01-07 15:00:00+00:00,long,21718.75,21719.0,21719.25,21694.25,21744.25,21769.25,21794.25,21819.25,72.17611941910641,70-79,50.17611941910641,25.0,True,True,True,False,True,stop,21694.25,21694.0,-25.25,0.0,-25.25,-1.01,75.75,69.0,3.03,2.76,20,19.0,3,2025-01-07,0.6629834254143646,4.145973154362416,1.7184466019417477,partial_bearish,1.9197038663094124,1.362414467253177,bullish,bullish,True,False,False,False,reversal,True,False,False,False,bullish,weak,51.46766182588674,22.625,16.75,26.5,0.7403314917127072,1.171270718232044,0.8773584905660378,1.362414467253177,False,False,False,False,False,2025
105,94013,94014,94015,2025-01-07 15:23:00+00:00,2025-01-07 15:24:00+00:00,2025-01-07 15:25:00+00:00,short,21593.0,21592.75,21592.5,21612.5,21567.5,21542.5,21517.5,21492.5,70.0,70-79,-43.59597315436242,20.0,False,False,False,False,True,stop,21612.5,21612.75,-20.25,0.0,-20.25,-1.0125,4.5,37.25,0.225,1.8625,2,1.0,0,2025-01-07,1.776693105552166,3.8036984352773824,4.3650607128868,partial_bearish,0.7905449630429809,1.5835589570852966,neutral,bearish,True,False,True,False,reversal,True,False,False,False,neutral,none,28.366890380313205,29.267857142857142,9.0,29.0,0.3075045759609518,0.9908480780964003,0.3448275862068966,1.5835589570852966,False,False,False,False,False,2025
106,95383,95384,95388,2025-01-08 15:13:00+00:00,2025-01-08 15:14:00+00:00,2025-01-08 15:18:00+00:00,short,21258.0,21257.25,21257.0,21282.0,21232.0,21207.0,21182.0,21157.0,72.77142857142857,70-79,-46.77142857142857,25.0,True,False,False,False,True,stop,21282.0,21282.25,-25.25,0.0,-25.25,-1.01,25.75,27.25,1.03,1.09,5,4.0,1,2025-01-08,2.9761904761904763,0.0784588441330998,0.2442452144414829,partial_bearish,1.3127389031905763,1.7994011976047903,bearish,bearish,True,True,False,False,reversal,True,True,False,True,bearish,strong,89.76190476190476,31.5,40.75,46.5,1.2936507936507937,1.4761904761904763,0.043010752688172046,1.7994011976047903,True,False,False,False,False,2025
107,97650,97651,97653,2025-01-10 14:30:00+00:00,2025-01-10 14:31:00+00:00,2025-01-10 14:33:00+00:00,short,21159.5,21159.0,21158.75,21180.0,21133.75,21108.75,21083.75,21058.75,73.80097962201377,70-79,-55.80097962201377,21.25,True,False,False,False,True,stop,21180.0,21180.25,-21.5,0.0,-21.5,-1.011764705882353,44.75,29.25,2.1058823529411765,1.376470588235294,3,2.0,1,2025-01-10,0.465804066543438,0.4891368173810922,1.809495896834701,partial_bearish,3.5621223952981795,1.0012245275172127,bearish,bearish,True,True,False,False,reversal,True,True,False,True,bearish,moderate,65.00816351678142,19.321428571428573,33.75,47.0,1.7467652495378927,2.4325323475046208,0.19680851063829788,1.0012245275172127,False,False,False,False,False,2025
108,97654,97655,97667,2025-01-10 14:34:00+00:00,2025-01-10 14:35:00+00:00,2025-01-10 14:47:00+00:00,short,21157.75,21158.0,21157.75,21182.75,21132.75,21107.75,21082.75,21057.75,74.36338138641808,70-79,-52.36338138641808,25.0,True,True,True,True,False,tp4,21057.75,21058.0,99.75,0.0,99.75,3.99,124.0,11.5,4.96,0.46,13,12.0,4,2025-01-10,1.2095588235294117,0.4891368173810922,1.809495896834701,partial_bearish,2.2501046648820777,1.3382428394651855,bearish,neutral,True,True,True,False,reversal,True,False,False,False,bearish,weak,53.028178220150735,29.142857142857142,24.25,47.25,0.8321078431372549,1.6213235294117647,0.30158730158730157,1.3382428394651857,False,False,False,False,False,2025
109,99036,99037,99043,2025-01-13 14:36:00+00:00,2025-01-13 14:37:00+00:00,2025-01-13 14:43:00+00:00,short,20721.0,20720.5,20720.25,20745.25,20695.25,20670.25,20645.25,20620.25,70.37352753512329,70-79,-52.37352753512329,25.0,False,False,False,False,True,stop,20745.25,20745.5,-25.25,0.0,-25.25,-1.01,18.75,56.5,0.75,2.26,7,6.0,0,2025-01-13,1.924229074889868,0.7953456536618754,1.1959489211800969,strong_bearish,2.538150807899461,1.4757199915913393,bearish,bearish,False,True,True,False,continuation,True,True,False,True,bearish,strong,86.44606279269411,20.267857142857142,24.25,39.25,1.1964757709251101,1.9365638766519824,0.11464968152866242,1.4757199915913393,True,False,False,False,False,2025
110,99074,99075,99080,2025-01-13 15:14:00+00:00,2025-01-13 15:15:00+00:00,2025-01-13 15:20:00+00:00,short,20772.75,20773.0,20772.75,20797.75,20747.75,20722.75,20697.75,20672.75,73.3032571039391,70-79,-55.3032571039391,25.0,False,False,False,False,True,stop,20797.75,20798.0,-25.25,0.0,-25.25,-1.01,17.75,41.75,0.71,1.67,6,5.0,0,2025-01-13,1.2513966480446927,0.4215877982010168,0.4221105527638191,partial_bearish,0.6534787908713565,0.8776747318791772,bearish,bearish,True,True,True,False,reversal,True,False,False,False,bearish,weak,44.19380919949246,22.375,9.5,14.75,0.4245810055865922,0.659217877094972,0.1864406779661017,0.8776747318791772,True,True,True,False,False,2025
111,99084,99085,99091,2025-01-13 15:24:00+00:00,2025-01-13 15:25:00+00:00,2025-01-13 15:31:00+00:00,short,20749.75,20750.25,20750.0,20775.0,20725.0,20700.0,20675.0,20650.0,70.43333333333334,70-79,-44.43333333333334,25.0,True,False,False,False,True,stop,20775.0,20775.25,-25.25,0.0,-25.25,-1.01,36.0,27.0,1.44,1.08,7,6.0,1,2025-01-13,1.8387681159420288,0.5017341040462427,0.6819085487077534,strong_bearish,1.5039376442381085,1.827307046064547,bearish,bearish,False,True,True,False,continuation,True,True,False,True,bearish,strong,86.94444444444444,19.714285714285715,19.25,25.0,0.9764492753623187,1.2681159420289854,0.22,1.827307046064547,True,False,False,True,True,2025
112,100410,100411,100414,2025-01-14 14:30:00+00:00,2025-01-14 14:31:00+00:00,2025-01-14 14:34:00+00:00,short,21046.0,21045.5,21045.25,21070.25,21020.25,20995.25,20970.25,20945.25,72.34528480739954,70-79,-67.34528480739954,25.0,True,False,False,False,True,stop,21070.25,21070.5,-25.25,0.0,-25.25,-1.01,27.25,32.75,1.09,1.31,4,3.0,1,2025-01-14,2.0592930444697832,0.6419457735247209,1.950513894175866,partial_bullish,5.3417663141944205,0.9316060092494184,bearish,bearish,True,True,False,False,reversal,True,True,False,True,bearish,strong,86.21070672832946,15.660714285714286,25.25,47.0,1.612314709236032,3.001140250855188,0.19680851063829788,0.9316060092494183,True,False,False,False,False,2025
113,100426,100427,100439,2025-01-14 14:46:00+00:00,2025-01-14 14:47:00+00:00,2025-01-14 14:59:00+00:00,short,21082.25,21080.5,21080.25,21105.25,21055.25,21030.25,21005.25,20980.25,77.46997936771083,70-79,-77.46997936771083,25.0,True,True,True,True,False,tp4,20980.25,20980.5,99.75,0.0,99.75,3.99,114.5,1.5,4.58,0.06,13,12.0,4,2025-01-14,0.9242718446601942,0.9362267493356954,2.7671691792294806,partial_bullish,0.8277844151287043,0.7850470251725313,bearish,bearish,True,True,True,False,reversal,True,False,False,False,bearish,weak,45.58316139759034,27.589285714285715,9.75,20.0,0.35339805825242715,0.7249190938511326,0.15,0.7850470251725313,True,True,True,False,False,2025
114,101790,101791,101797,2025-01-15 14:30:00+00:00,2025-01-15 14:31:00+00:00,2025-01-15 14:37:00+00:00,long,21237.0,21236.5,21236.75,21211.75,21261.75,21286.75,21311.75,21336.75,74.0,70-79,47.32930682039792,25.0,True,False,False,False,True,stop,21211.75,21211.5,-25.25,0.0,-25.25,-1.01,48.25,33.0,1.93,1.32,7,6.0,1,2025-01-15,2.4131812420785805,0.9449294828744124,4.702807357212004,partial_bearish,5.718837962717085,1.2344164665287196,bullish,bullish,False,True,True,False,continuation,True,False,False,False,bearish,moderate,72.25577649668399,14.089285714285714,15.25,37.75,1.082382762991128,2.6793409378960713,0.3708609271523179,1.2344164665287196,False,False,False,False,False,2025
115,101798,101799,101807,2025-01-15 14:38:00+00:00,2025-01-15 14:39:00+00:00,2025-01-15 14:47:00+00:00,long,21226.75,21226.5,21226.75,21201.75,21251.75,21276.75,21301.75,21326.75,72.81827956989247,70-79,71.81827956989247,25.0,True,True,True,True,False,tp4,21326.75,21326.5,99.75,0.0,99.75,3.99,101.0,4.75,4.04,0.19,9,8.0,4,2025-01-15,1.5994623655913978,0.1557533375715193,4.702807357212004,partial_bearish,2.821527455943341,1.760954047880388,bullish,bullish,True,True,False,False,reversal,True,True,False,True,bullish,weak,56.81899641577062,26.571428571428573,21.5,42.25,0.8091397849462365,1.59005376344086,0.9526627218934911,1.760954047880388,False,False,False,False,False,2025
116,104550,104551,104551,2025-01-17 14:30:00+00:00,2025-01-17 14:31:00+00:00,2025-01-17 14:31:00+00:00,long,21599.25,21598.5,21598.75,21573.75,21623.75,21648.75,21673.75,21698.75,78.0,70-79,78.0,25.0,False,False,False,False,True,stop,21573.75,21573.5,-25.25,0.0,-25.25,-1.01,11.25,35.0,0.45,1.4,1,0.0,0,2025-01-17,0.3584637268847795,2.03425012973534,5.791213571117877,partial_bullish,4.72866884419231,1.8681834903925063,bullish,bullish,True,True,True,False,reversal,True,False,True,True,bearish,moderate,71.66666666666666,25.107142857142858,47.75,71.75,1.9018492176386912,2.8577524893314368,0.24390243902439024,1.8681834903925065,False,False,False,False,False,2025
117,104552,104553,104553,2025-01-17 14:32:00+00:00,2025-01-17 14:33:00+00:00,2025-01-17 14:33:00+00:00,long,21587.5,21587.5,21587.75,21562.75,21612.75,21637.75,21662.75,21687.75,91.67249738892272,90-100,91.67249738892272,25.0,False,False,False,False,True,stop,21562.75,21562.5,-25.25,0.0,-25.25,-1.01,4.0,32.75,0.16,1.31,1,0.0,0,2025-01-17,2.466321243523316,2.03425012973534,5.791213571117877,partial_bullish,1.9268107421935965,1.1538341713865574,bullish,bullish,True,True,True,False,reversal,True,False,False,False,neutral,none,30.604144907689314,27.571428571428573,2.5,25.0,0.09067357512953367,0.9067357512953368,0.65,1.1538341713865574,False,False,False,False,False,2025
118,104554,104555,104558,2025-01-17 14:34:00+00:00,2025-01-17 14:35:00+00:00,2025-01-17 14:38:00+00:00,long,21556.0,21556.25,21556.5,21531.5,21581.5,21606.5,21631.5,21656.5,88.0,80-89,62.6299671892089,25.0,True,False,False,False,True,stop,21531.5,21531.25,-25.25,0.0,-25.25,-1.01,30.5,25.75,1.22,1.03,4,3.0,1,2025-01-17,2.9940758293838865,2.03425012973534,5.791213571117877,partial_bullish,2.30818239737872,1.7766693055156615,bullish,bullish,True,True,True,False,reversal,True,False,False,False,bearish,moderate,61.41694008992587,30.142857142857142,10.75,29.25,0.3566350710900474,0.9703791469194313,0.26495726495726496,1.7766693055156615,False,False,False,False,False,2025
119,104564,104565,104579,2025-01-17 14:44:00+00:00,2025-01-17 14:45:00+00:00,2025-01-17 14:59:00+00:00,long,21515.75,21516.25,21516.5,21491.5,21541.5,21566.5,21591.5,21616.5,71.22553672316384,70-79,71.22553672316384,25.0,True,True,False,False,True,stop,21491.5,21491.25,-25.25,0.0,-25.25,-1.01,50.0,29.5,2.0,1.18,15,14.0,2,2025-01-17,0.2768361581920904,1.6164602477027568,5.791213571117877,partial_bearish,1.174700669076019,1.683116967310092,bullish,bullish,True,True,False,False,reversal,True,False,False,False,bullish,weak,43.54613935969868,31.607142857142858,13.25,26.0,0.4192090395480226,0.8225988700564971,0.9038461538461539,1.683116967310092,False,False,False,False,False,2025
120,104609,104610,104665,2025-01-17 15:29:00+00:00,2025-01-17 15:30:00+00:00,2025-01-17 16:25:00+00:00,long,21528.0,21528.25,21528.5,21503.5,21553.5,21578.5,21603.5,21628.5,74.75648786198927,70-79,69.75648786198927,25.0,True,True,True,True,False,tp4,21628.5,21628.25,99.75,0.0,99.75,3.99,102.0,13.0,4.08,0.52,56,55.0,4,2025-01-17,0.2983257229832572,0.2661596958174905,0.2718446601941747,strong_bullish,1.0451272833759129,1.2709522932400077,bullish,bullish,True,True,True,True,reversal,True,False,False,False,bullish,moderate,64.63739884991054,23.464285714285715,14.25,19.0,0.6073059360730594,0.8097412480974124,0.7763157894736842,1.2709522932400075,True,True,True,False,True,2025
121,107094,107095,107112,2025-01-21 14:54:00+00:00,2025-01-21 14:55:00+00:00,2025-01-21 15:12:00+00:00,long,21583.75,21583.75,21584.0,21559.0,21609.0,21634.0,21659.0,21684.0,78.0,70-79,67.95319905927758,25.0,True,True,False,False,True,stop,21559.0,21558.75,-25.25,0.0,-25.25,-1.01,52.75,45.25,2.11,1.81,18,17.0,2,2025-01-21,2.2851941747572817,1.83366077275704,2.077511473737889,strong_bearish,1.8022509952255623,2.248995321125901,bullish,bullish,True,True,True,False,reversal,True,False,False,False,bearish,strong,92.05667450602023,29.428571428571427,26.75,40.25,0.9089805825242719,1.3677184466019419,0.2795031055900621,2.248995321125901,False,False,False,False,False,2025
122,108455,108456,108515,2025-01-22 14:35:00+00:00,2025-01-22 14:36:00+00:00,2025-01-22 15:35:00+00:00,long,21946.75,21946.75,21947.0,21922.0,21972.0,21997.0,22022.0,22047.0,74.0,70-79,49.46817385596359,25.0,True,True,True,False,False,max_holding_time,22028.25,22028.0,81.0,0.0,81.0,3.24,90.0,20.75,3.6,0.83,60,59.0,3,2025-01-22,1.9870967741935484,2.7106382978723405,0.2213438735177865,partial_bullish,2.0532796826619863,0.9239224649917496,bullish,bullish,True,True,True,True,reversal,True,False,True,True,bearish,weak,54.43188453363676,16.607142857142858,13.75,18.5,0.8279569892473118,1.113978494623656,0.0945945945945946,0.9239224649917496,False,False,False,False,False,2025
123,109833,109834,109893,2025-01-23 14:33:00+00:00,2025-01-23 14:34:00+00:00,2025-01-23 15:33:00+00:00,short,21894.5,21895.0,21894.75,21919.75,21869.75,21844.75,21819.75,21794.75,73.0,70-79,-68.57080122554702,25.0,True,False,False,False,False,max_holding_time,21910.5,21910.75,-16.0,0.0,-16.0,-0.64,27.5,23.5,1.1,0.94,60,59.0,1,2025-01-23,1.1245901639344262,0.5614489003880984,0.2259887005649717,partial_bullish,3.57175794070578,0.8373181401973752,bearish,bearish,True,True,True,False,reversal,True,False,True,True,bullish,moderate,70.24332312044152,10.892857142857142,11.5,23.0,1.0557377049180328,2.1114754098360655,0.8695652173913043,0.8373181401973752,False,False,False,False,False,2025
124,111228,111229,111242,2025-01-24 14:48:00+00:00,2025-01-24 14:49:00+00:00,2025-01-24 15:02:00+00:00,long,22065.25,22065.25,22065.5,22040.5,22090.5,22115.5,22140.5,22165.5,74.62784529603786,70-79,62.62784529603786,25.0,False,False,False,False,True,stop,22040.5,22040.25,-25.25,0.0,-25.25,-1.01,12.5,33.75,0.5,1.35,14,13.0,0,2025-01-24,2.413793103448276,1.042857142857143,0.5201938610662359,partial_bullish,1.0358784386362077,0.9814515408301716,bullish,bullish,True,True,True,True,reversal,True,True,False,True,bullish,weak,55.232044133648806,19.160714285714285,17.75,19.0,0.9263746505125816,0.9916123019571296,0.9605263157894737,0.9814515408301716,False,False,False,False,False,2025
125,111243,111244,111255,2025-01-24 15:03:00+00:00,2025-01-24 15:04:00+00:00,2025-01-24 15:15:00+00:00,long,22030.25,22030.5,22030.75,22005.75,22055.75,22080.75,22105.75,22130.75,72.0,70-79,49.742290407952765,25.0,False,False,False,False,True,stop,22005.75,22005.5,-25.25,0.0,-25.25,-1.01,7.25,27.5,0.29,1.1,12,11.0,0,2025-01-24,1.6752136752136753,1.7305863708399367,2.3095930232558137,partial_bullish,1.435765673175745,1.2708549387769954,bullish,bullish,True,False,True,False,reversal,True,False,False,False,bearish,moderate,68.81424660039364,14.625,7.5,17.25,0.5128205128205128,1.1794871794871795,0.5217391304347826,1.2708549387769954,False,False,False,False,False,2025
126,112592,112593,112598,2025-01-27 14:32:00+00:00,2025-01-27 14:33:00+00:00,2025-01-27 14:38:00+00:00,short,21240.25,21240.0,21239.75,21264.75,21214.75,21189.75,21164.75,21139.75,72.18683385579938,70-79,-50.18683385579938,25.0,True,False,False,False,True,stop,21264.75,21265.0,-25.25,0.0,-25.25,-1.01,37.5,43.5,1.5,1.74,6,5.0,1,2025-01-27,5.650470219435737,0.6458852867830424,0.2548812664907651,partial_bearish,4.745207839758777,2.0082278519472787,bearish,bearish,True,True,False,False,reversal,True,False,False,False,bearish,weak,51.556948798328115,22.785714285714285,12.25,32.5,0.5376175548589341,1.426332288401254,0.06153846153846154,2.0082278519472787,False,False,False,False,False,2025
127,112624,112625,112627,2025-01-27 15:04:00+00:00,2025-01-27 15:05:00+00:00,2025-01-27 15:07:00+00:00,short,21277.0,21277.25,21277.0,21302.0,21252.0,21227.0,21202.0,21177.0,77.67812782725932,70-79,-57.67812782725932,25.0,False,False,False,False,True,stop,21302.0,21302.25,-25.25,0.0,-25.25,-1.01,8.0,51.0,0.32,2.04,3,2.0,0,2025-01-27,2.297872340425532,1.9074681238615665,2.7176887987835787,partial_bullish,1.1817827819617397,1.3676065925847802,bearish,bearish,False,True,True,False,continuation,True,False,False,False,bearish,strong,80.65106522716094,23.5,16.5,28.0,0.7021276595744681,1.1914893617021276,0.3125,1.3676065925847802,True,True,True,False,True,2025
128,112646,112647,112648,2025-01-27 15:26:00+00:00,2025-01-27 15:27:00+00:00,2025-01-27 15:28:00+00:00,short,21308.5,21309.0,21308.75,21333.75,21283.75,21258.75,21233.75,21208.75,71.27832604622111,70-79,-71.27832604622111,25.0,False,False,False,False,True,stop,21333.75,21334.0,-25.25,0.0,-25.25,-1.01,3.0,45.5,0.12,1.82,2,1.0,0,2025-01-27,2.054965646470956,0.2706434686550676,1.9457879351581189,partial_bullish,1.269748295667171,1.7300125250778662,bearish,bearish,True,False,False,False,reversal,True,False,False,False,bearish,weak,43.986050385175936,28.589285714285715,9.75,28.5,0.34103685196752026,0.9968769519050593,0.06140350877192982,1.7300125250778662,False,False,False,False,False,2025
129,113991,113992,114001,2025-01-28 14:51:00+00:00,2025-01-28 14:52:00+00:00,2025-01-28 15:01:00+00:00,long,21236.5,21236.25,21236.5,21211.5,21261.5,21286.5,21311.5,21336.5,90.0,90-100,50.0,25.0,True,True,True,True,False,tp4,21336.5,21336.25,99.75,0.0,99.75,3.99,104.5,4.75,4.18,0.19,10,9.0,4,2025-01-28,1.9947229551451189,2.4311827956989247,3.227368421052631,partial_bearish,1.0901087064691175,1.5742400162310215,bullish,bullish,True,True,True,False,reversal,True,True,False,True,bullish,strong,83.33333333333334,27.071428571428573,44.25,45.0,1.6345646437994723,1.6622691292875988,1.0,1.5742400162310215,True,True,True,False,False,2025
130,114023,114024,114045,2025-01-28 15:23:00+00:00,2025-01-28 15:24:00+00:00,2025-01-28 15:45:00+00:00,long,21433.0,21433.25,21433.5,21408.5,21458.5,21483.5,21508.5,21533.5,72.0,70-79,54.0,25.0,True,False,False,False,True,stop,21408.5,21408.25,-25.25,0.0,-25.25,-1.01,47.75,35.25,1.91,1.41,22,21.0,1,2025-01-28,3.126346718903036,2.387596899224806,1.2143487209644224,strong_bullish,1.6726636727183288,1.7256707861472675,bullish,bullish,False,True,True,False,continuation,True,True,False,True,bullish,strong,100.0,18.232142857142858,26.0,30.5,1.426052889324192,1.672869735553379,0.8934426229508197,1.7256707861472675,True,False,False,False,True,2025
131,115394,115395,115454,2025-01-29 15:14:00+00:00,2025-01-29 15:15:00+00:00,2025-01-29 16:14:00+00:00,short,21536.0,21536.5,21536.25,21561.25,21511.25,21486.25,21461.25,21436.25,72.0,70-79,-63.55519495423398,25.0,True,True,True,False,False,max_holding_time,21498.5,21498.75,37.5,0.0,37.5,1.5,79.5,20.0,3.18,0.8,60,59.0,3,2025-01-29,0.9225289403383794,1.3178137651821862,1.5800887136520454,partial_bearish,1.0267064792967362,1.0266207328531165,bearish,bearish,True,True,True,True,reversal,True,False,False,False,bullish,weak,53.70670871471683,20.053571428571427,13.5,18.0,0.6731967943009796,0.8975957257346394,0.7777777777777778,1.0266207328531163,False,False,False,False,False,2025
132,116789,116790,116795,2025-01-30 15:29:00+00:00,2025-01-30 15:30:00+00:00,2025-01-30 15:35:00+00:00,short,21532.0,21532.0,21531.75,21556.75,21506.75,21481.75,21456.75,21431.75,70.0,70-79,-66.0,25.0,True,False,False,False,True,stop,21556.75,21557.0,-25.25,0.0,-25.25,-1.01,29.75,38.5,1.19,1.54,6,5.0,1,2025-01-30,2.8327246165084,1.2449297971918878,1.352112676056338,strong_bearish,2.006008178356492,2.311735828084476,bearish,bearish,False,True,True,False,continuation,True,True,False,True,bearish,strong,83.33333333333334,24.446428571428573,35.75,52.5,1.462381300219138,2.147552958363769,0.19047619047619047,2.3117358280844758,True,False,False,True,False,2025
133,120873,120874,120876,2025-02-04 14:33:00+00:00,2025-02-04 14:34:00+00:00,2025-02-04 14:36:00+00:00,short,21449.0,21448.5,21448.25,21473.25,21423.25,21398.25,21373.25,21348.25,70.70861851094034,70-79,-57.70861851094034,25.0,False,False,False,False,True,stop,21473.25,21473.5,-25.25,0.0,-25.25,-1.01,3.75,30.0,0.15,1.2,3,2.0,0,2025-02-04,1.258601553829079,1.1299212598425197,1.3316008316008316,partial_bearish,3.2900682626670514,0.8452930859867104,bearish,bearish,True,False,False,False,reversal,True,False,False,False,neutral,none,39.23848759116947,16.089285714285715,1.25,22.75,0.07769145394006659,1.4139844617092119,0.25274725274725274,0.8452930859867104,False,False,False,False,False,2025
134,122253,122254,122256,2025-02-05 14:33:00+00:00,2025-02-05 14:34:00+00:00,2025-02-05 14:36:00+00:00,short,21542.0,21542.0,21541.75,21566.75,21516.75,21491.75,21466.75,21441.75,70.0,70-79,-45.30052558539664,25.0,False,False,False,False,True,stop,21566.75,21567.0,-25.25,0.0,-25.25,-1.01,6.75,30.0,0.27,1.2,3,2.0,0,2025-02-05,1.0123076923076924,1.6227897838899803,1.7697516930022572,partial_bullish,3.724189579544239,0.8743430182542025,bearish,bearish,True,True,True,False,reversal,True,False,True,True,bullish,moderate,64.16228678836134,11.607142857142858,18.0,23.0,1.5507692307692307,1.9815384615384615,0.8043478260869565,0.8743430182542025,False,False,False,False,False,2025
135,122258,122259,122280,2025-02-05 14:38:00+00:00,2025-02-05 14:39:00+00:00,2025-02-05 15:00:00+00:00,short,21575.75,21576.25,21576.0,21601.0,21551.0,21526.0,21501.0,21476.0,70.0,70-79,-38.44913097571431,25.0,True,False,False,False,True,stop,21601.0,21601.25,-25.25,0.0,-25.25,-1.01,42.5,33.0,1.7,1.32,22,21.0,1,2025-02-05,2.083792723263506,0.7805755395683454,1.7697516930022572,strong_bullish,1.624015009380863,0.7354440532347303,bearish,bearish,True,True,True,False,reversal,True,False,True,True,bullish,strong,79.59057520238073,16.196428571428573,17.0,19.75,1.0496141124586549,1.219404630650496,0.9113924050632911,0.7354440532347303,False,False,False,False,False,2025
136,123680,123681,123740,2025-02-06 15:20:00+00:00,2025-02-06 15:21:00+00:00,2025-02-06 16:20:00+00:00,short,21824.75,21825.25,21825.0,21846.5,21800.0,21775.0,21750.0,21725.0,72.51748360838107,70-79,-72.51748360838107,21.5,True,True,True,False,False,max_holding_time,21802.25,21802.5,22.5,0.0,22.5,1.0465116279069768,84.75,15.0,3.941860465116279,0.6976744186046512,60,59.0,3,2025-02-06,1.1989459815546772,1.0699481865284974,1.7933261571582346,partial_bullish,1.4746490312101173,1.359518232091476,bearish,bearish,True,False,True,False,reversal,True,False,False,False,bearish,moderate,70.97903006984231,13.553571428571429,10.0,17.0,0.7378129117259552,1.2542819499341238,0.27941176470588236,1.359518232091476,True,True,True,False,False,2025
137,125045,125046,125051,2025-02-07 15:05:00+00:00,2025-02-07 15:06:00+00:00,2025-02-07 15:11:00+00:00,long,21766.75,21766.5,21766.75,21741.75,21791.75,21816.75,21841.75,21866.75,71.38357289527721,70-79,57.38357289527721,25.0,True,False,False,False,True,stop,21741.75,21741.5,-25.25,0.0,-25.25,-1.01,28.5,29.0,1.14,1.16,6,5.0,1,2025-02-07,2.0482546201232035,5.01948051948052,0.6490971205466081,partial_bearish,1.631077093463403,1.8745477529314327,bullish,bullish,True,False,False,False,reversal,True,False,False,False,bullish,weak,44.8631074606434,34.785714285714285,13.5,35.0,0.3880903490759754,1.0061601642710472,0.9142857142857143,1.8745477529314327,False,False,False,False,False,2025
138,125058,125059,125093,2025-02-07 15:18:00+00:00,2025-02-07 15:19:00+00:00,2025-02-07 15:53:00+00:00,long,21738.25,21738.25,21738.5,21713.5,21763.5,21788.5,21813.5,21838.5,96.3208455666471,90-100,62.32084556664709,25.0,True,True,False,False,True,stop,21713.5,21713.25,-25.25,0.0,-25.25,-1.01,65.75,101.5,2.63,4.06,35,34.0,2,2025-02-07,1.4057545507927187,4.874112812850205,3.1253071253071254,partial_bearish,0.8370157494102984,2.0862376606205317,bullish,bullish,True,True,True,False,reversal,True,True,False,True,bullish,moderate,69.34037972205911,30.410714285714285,30.75,41.0,1.0111567821491485,1.3482090428655316,0.823170731707317,2.0862376606205313,True,True,True,False,False,2025
139,126410,126411,126411,2025-02-10 14:50:00+00:00,2025-02-10 14:51:00+00:00,2025-02-10 14:51:00+00:00,long,21777.75,21778.25,21778.5,21753.5,21803.5,21828.5,21853.5,21878.5,77.45127624128283,70-79,77.45127624128283,25.0,False,False,False,False,True,stop,21753.5,21753.25,-25.25,0.0,-25.25,-1.01,0.75,27.0,0.03,1.08,1,0.0,0,2025-02-10,1.1072589382448537,0.5427312775330396,1.8682634730538925,partial_bullish,1.0647988008762828,0.9850053774431812,bullish,bullish,True,False,True,False,reversal,True,False,False,False,bullish,weak,45.42730201069019,16.482142857142858,8.75,19.25,0.5308775731310943,1.1679306608884072,0.935064935064935,0.9850053774431813,False,False,False,False,False,2025
140,126412,126413,126448,2025-02-10 14:52:00+00:00,2025-02-10 14:53:00+00:00,2025-02-10 15:28:00+00:00,long,21771.5,21771.75,21772.0,21747.0,21797.0,21822.0,21847.0,21872.0,72.7875615359431,70-79,49.7875615359431,25.0,True,True,True,True,False,tp4,21872.0,21871.75,99.75,0.0,99.75,3.99,101.5,4.5,4.06,0.18,36,35.0,4,2025-02-10,0.6184738955823293,0.5427312775330396,1.8682634730538925,partial_bullish,0.9866330292274144,0.9352551327802752,bullish,bullish,True,False,True,False,reversal,True,False,False,False,bullish,weak,48.229679466192465,17.785714285714285,13.25,20.0,0.7449799196787149,1.1244979919678715,0.925,0.9352551327802753,False,False,False,False,False,2025
141,127828,127829,127888,2025-02-11 15:28:00+00:00,2025-02-11 15:29:00+00:00,2025-02-11 16:28:00+00:00,long,21840.5,21840.5,21840.75,21815.75,21865.75,21890.75,21915.75,21940.75,70.4,70-79,24.40000000000001,25.0,True,False,False,False,False,max_holding_time,21826.25,21826.0,-14.75,0.0,-14.75,-0.59,30.5,20.25,1.22,0.81,60,59.0,1,2025-02-11,2.6348314606741576,1.0652173913043477,3.642633228840125,strong_bullish,2.124633779396627,1.6088067057596145,neutral,bullish,False,True,True,False,continuation,True,True,False,True,bullish,strong,86.66666666666666,12.714285714285714,19.75,23.0,1.553370786516854,1.808988764044944,0.8804347826086957,1.6088067057596143,True,False,False,True,False,2025
142,129180,129181,129200,2025-02-12 15:00:00+00:00,2025-02-12 15:01:00+00:00,2025-02-12 15:20:00+00:00,short,21652.25,21651.5,21651.25,21676.25,21626.25,21601.25,21576.25,21551.25,71.69628517269393,70-79,-45.69628517269393,25.0,True,True,False,False,True,stop,21676.25,21676.5,-25.25,0.0,-25.25,-1.01,70.75,30.75,2.83,1.23,20,19.0,2,2025-02-12,1.3892100192678227,2.507903055848261,2.266025641025641,partial_bullish,1.7835343450870504,1.1203564658674086,bearish,bearish,False,True,False,False,continuation,True,True,False,True,bearish,strong,80.80237643911606,18.535714285714285,25.0,36.75,1.348747591522158,1.9826589595375723,0.17006802721088435,1.1203564658674086,True,False,False,False,False,2025
143,130540,130541,130577,2025-02-13 14:40:00+00:00,2025-02-13 14:41:00+00:00,2025-02-13 15:17:00+00:00,long,21863.25,21863.0,21863.25,21838.25,21888.25,21913.25,21938.25,21963.25,72.2972551316449,70-79,71.2972551316449,25.0,True,True,True,True,False,tp4,21963.25,21963.0,99.75,0.0,99.75,3.99,101.0,17.0,4.04,0.68,37,36.0,4,2025-02-13,3.1262135922330097,0.4032403240324032,1.994663820704376,partial_bearish,1.6031544906102844,1.3517780258332004,bullish,bullish,True,True,False,False,reversal,True,False,False,False,bullish,weak,52.47712609704085,23.910714285714285,8.5,26.0,0.35548917102315164,1.087378640776699,0.9711538461538461,1.3517780258332004,False,False,False,False,False,2025
144,131941,131942,131947,2025-02-14 15:01:00+00:00,2025-02-14 15:02:00+00:00,2025-02-14 15:07:00+00:00,short,22112.25,22112.25,22112.0,22137.0,22087.0,22062.0,22037.0,22012.0,74.493487139417,70-79,-62.493487139417,25.0,False,False,False,False,True,stop,22137.0,22137.25,-25.25,0.0,-25.25,-1.01,13.0,30.75,0.52,1.23,6,5.0,0,2025-02-14,1.638095238095238,0.726775956284153,0.9472118959107808,partial_bullish,1.7269675494218577,1.148893556305887,bearish,bearish,True,False,True,False,reversal,True,False,False,False,bearish,moderate,70.7790594951417,13.125,14.0,24.75,1.0666666666666667,1.8857142857142857,0.30303030303030304,1.148893556305887,True,True,True,False,False,2025
145,131948,131949,131996,2025-02-14 15:08:00+00:00,2025-02-14 15:09:00+00:00,2025-02-14 15:56:00+00:00,short,22140.5,22140.5,22140.25,22165.25,22115.25,22090.25,22065.25,22040.25,72.0,70-79,-72.0,25.0,True,False,False,False,True,stop,22165.25,22165.5,-25.25,0.0,-25.25,-1.01,39.0,25.5,1.56,1.02,48,47.0,1,2025-02-14,1.5878284923928077,1.1454545454545455,0.9472118959107808,strong_bullish,1.2149992618473502,0.9468385983414026,bearish,bearish,True,False,True,False,reversal,True,False,False,False,neutral,none,0.0,12.910714285714286,0.0,10.5,0.0,0.8132780082987552,0.3333333333333333,0.9468385983414026,False,False,False,False,False,2025
146,137225,137226,137235,2025-02-20 15:05:00+00:00,2025-02-20 15:06:00+00:00,2025-02-20 15:15:00+00:00,short,22039.5,22039.0,22038.75,22063.75,22013.75,21988.75,21963.75,21938.75,74.0,70-79,-32.541501976284586,25.0,True,False,False,False,True,stop,22063.75,22064.0,-25.25,0.0,-25.25,-1.01,45.75,25.0,1.83,1.0,10,9.0,1,2025-02-20,1.9209486166007903,4.533397870280735,5.734317343173432,partial_bearish,0.9908425313543764,1.6633093525179856,bearish,bearish,False,True,True,False,continuation,True,False,False,False,bullish,weak,45.48748353096179,31.625,7.75,20.25,0.2450592885375494,0.6403162055335968,0.4691358024691358,1.6633093525179856,False,False,False,False,False,2025
147,138586,138587,138589,2025-02-21 14:46:00+00:00,2025-02-21 14:47:00+00:00,2025-02-21 14:49:00+00:00,long,22139.5,22139.25,22139.5,22114.5,22164.5,22189.5,22214.5,22239.5,74.7200729272109,70-79,46.72007292721089,25.0,False,False,False,False,True,stop,22114.5,22114.25,-25.25,0.0,-25.25,-1.01,11.75,26.25,0.47,1.05,3,2.0,0,2025-02-21,0.8888888888888888,4.346646571213263,3.7094821788836585,partial_bearish,1.2592815659281569,1.378699674070725,bullish,bullish,True,False,False,False,reversal,True,False,False,False,neutral,none,39.333941060090744,22.5,13.75,26.75,0.6111111111111112,1.1888888888888889,0.5233644859813084,1.378699674070725,False,False,False,False,False,2025
148,138590,138591,138599,2025-02-21 14:50:00+00:00,2025-02-21 14:51:00+00:00,2025-02-21 14:59:00+00:00,long,22103.0,22103.25,22103.5,22078.5,22128.5,22153.5,22178.5,22203.5,76.0,70-79,58.68843137254902,25.0,False,False,False,False,True,stop,22078.5,22078.25,-25.25,0.0,-25.25,-1.01,16.5,30.5,0.66,1.22,9,8.0,0,2025-02-21,1.0431372549019609,3.61134163208852,3.7094821788836585,strong_bearish,1.7768547185398509,2.1433094918790045,bullish,bullish,True,False,False,False,reversal,True,False,False,False,bearish,moderate,69.26307189542484,22.767857142857142,15.5,36.0,0.6807843137254902,1.5811764705882354,0.3680555555555556,2.1433094918790045,False,False,False,False,False,2025
149,139952,139953,139953,2025-02-24 14:32:00+00:00,2025-02-24 14:33:00+00:00,2025-02-24 14:33:00+00:00,long,21781.0,21781.0,21781.25,21756.25,21806.25,21831.25,21856.25,21881.25,83.59890273485922,80-89,59.59890273485922,25.0,False,False,False,False,True,stop,21756.25,21756.0,-25.25,0.0,-25.25,-1.01,0.25,43.75,0.01,1.75,1,0.0,0,2025-02-24,2.48491879350348,2.1023359288097887,0.5434015525758645,partial_bearish,6.062316419973507,1.24862841857403,bullish,bullish,True,True,True,True,reversal,True,False,False,False,bullish,strong,79.99085612382686,15.392857142857142,19.5,40.75,1.2668213457076567,2.6473317865429236,0.49079754601226994,1.24862841857403,True,True,True,False,True,2025
150,139954,139955,139957,2025-02-24 14:34:00+00:00,2025-02-24 14:35:00+00:00,2025-02-24 14:37:00+00:00,long,21738.5,21738.75,21739.0,21714.0,21764.0,21789.0,21814.0,21839.0,78.0,70-79,51.89258260729542,25.0,False,False,False,False,True,stop,21714.0,21713.75,-25.25,0.0,-25.25,-1.01,6.75,40.0,0.27,1.6,3,2.0,0,2025-02-24,0.7636363636363637,2.1023359288097887,0.5434015525758645,strong_bearish,2.546561604584527,0.9753086419753086,bullish,bullish,True,True,True,True,reversal,True,False,False,False,bearish,weak,50.89514493920486,18.660714285714285,6.75,18.25,0.36172248803827756,0.9779904306220096,0.3013698630136986,0.9753086419753086,False,False,False,False,False,2025
151,139958,139959,139963,2025-02-24 14:38:00+00:00,2025-02-24 14:39:00+00:00,2025-02-24 14:43:00+00:00,long,21715.5,21715.75,21716.0,21691.0,21741.0,21766.0,21791.0,21816.0,72.92750801810665,70-79,72.92750801810665,25.0,False,False,False,False,True,stop,21691.0,21690.75,-25.25,0.0,-25.25,-1.01,8.75,32.0,0.35,1.28,5,4.0,0,2025-02-24,1.2746748278500382,1.6018018018018017,0.5434015525758645,strong_bearish,1.9857178651966925,1.2420170042706578,bullish,bullish,True,True,True,False,reversal,True,False,False,False,neutral,none,24.395900150888803,23.339285714285715,3.5,24.0,0.14996174445294566,1.0283091048201989,0.2916666666666667,1.2420170042706578,False,False,False,False,False,2025
152,139970,139971,139972,2025-02-24 14:50:00+00:00,2025-02-24 14:51:00+00:00,2025-02-24 14:52:00+00:00,long,21674.75,21674.5,21674.75,21649.75,21699.75,21724.75,21749.75,21774.75,70.0,70-79,59.51273013101935,25.0,False,False,False,False,True,stop,21649.75,21649.5,-25.25,0.0,-25.25,-1.01,6.5,45.75,0.26,1.83,2,1.0,0,2025-02-24,2.0524160524160524,3.0032701111837805,2.1319796954314723,strong_bearish,1.0110675582199675,1.222161253516588,bullish,bullish,True,False,False,False,reversal,True,False,False,False,bearish,moderate,62.3939155748387,21.803571428571427,10.5,20.75,0.4815724815724816,0.9516789516789518,0.43373493975903615,1.222161253516588,False,False,False,False,False,2025
153,139973,139974,139975,2025-02-24 14:53:00+00:00,2025-02-24 14:54:00+00:00,2025-02-24 14:55:00+00:00,long,21613.5,21613.75,21614.0,21589.0,21639.0,21664.0,21689.0,21714.0,76.0,70-79,55.65,25.0,False,False,False,False,True,stop,21589.0,21588.75,-25.25,0.0,-25.25,-1.01,10.75,25.75,0.43,1.03,2,1.0,0,2025-02-24,4.1394230769230775,3.0032701111837805,2.1319796954314723,strong_bearish,1.6243610783767957,2.072617246596067,bullish,bullish,True,False,False,False,reversal,True,False,True,True,bearish,strong,94.58333333333334,22.285714285714285,19.5,34.0,0.875,1.5256410256410258,0.22058823529411764,2.072617246596067,False,False,False,False,False,2025
154,139976,139977,139977,2025-02-24 14:56:00+00:00,2025-02-24 14:57:00+00:00,2025-02-24 14:57:00+00:00,long,21610.5,21610.5,21610.75,21585.75,21635.75,21660.75,21685.75,21710.75,82.72802404207363,80-89,60.72802404207363,25.0,False,False,False,False,True,stop,21585.75,21585.5,-25.25,0.0,-25.25,-1.01,2.0,37.5,0.08,1.5,1,0.0,0,2025-02-24,2.2509391435011272,4.344561016013253,2.1319796954314723,strong_bearish,1.193055496551822,2.0938699936624707,bullish,bullish,True,True,False,False,reversal,True,True,False,True,bullish,weak,56.066867017280245,23.767857142857142,22.0,29.25,0.9256198347107438,1.2306536438767843,0.8632478632478633,2.0938699936624707,False,False,False,False,False,2025
155,141381,141382,141382,2025-02-25 15:21:00+00:00,2025-02-25 15:22:00+00:00,2025-02-25 15:22:00+00:00,short,21066.25,21065.75,21065.5,21090.5,21040.5,21015.5,20990.5,20965.5,70.0,70-79,-48.82908277404921,25.0,False,False,False,False,True,stop,21090.5,21090.75,-25.25,0.0,-25.25,-1.01,3.75,34.25,0.15,1.37,1,0.0,0,2025-02-25,2.5838926174496644,2.8539119804400976,5.061686086360521,strong_bearish,1.2646994079686722,2.489707945124246,bearish,bearish,False,True,True,False,continuation,True,False,True,True,bullish,weak,59.757643549589865,31.928571428571427,35.75,40.75,1.1196868008948546,1.2762863534675615,0.9386503067484663,2.489707945124246,True,False,False,False,False,2025
156,141385,141386,141396,2025-02-25 15:25:00+00:00,2025-02-25 15:26:00+00:00,2025-02-25 15:36:00+00:00,short,21074.75,21075.5,21075.25,21100.25,21050.25,21025.25,21000.25,20975.25,74.0,70-79,-54.08497576736672,25.0,True,False,False,False,True,stop,21100.25,21100.5,-25.25,0.0,-25.25,-1.01,38.75,32.75,1.55,1.31,11,10.0,1,2025-02-25,1.334410339256866,3.2190802627820623,5.061686086360521,partial_bearish,1.2332387422248976,2.2747171407423075,bearish,bearish,False,True,True,False,continuation,True,False,False,False,bullish,weak,49.29186860527734,33.160714285714285,15.75,43.25,0.47495961227786754,1.3042541733979538,0.7803468208092486,2.2747171407423075,False,False,False,False,False,2025
157,142719,142720,142720,2025-02-26 14:39:00+00:00,2025-02-26 14:40:00+00:00,2025-02-26 14:40:00+00:00,long,21265.0,21265.5,21265.75,21240.75,21290.75,21315.75,21340.75,21365.75,74.60436599443038,70-79,32.60436599443038,25.0,False,False,False,False,True,stop,21240.75,21240.5,-25.25,0.0,-25.25,-1.01,4.25,26.25,0.17,1.05,1,0.0,0,2025-02-26,2.1985044187627465,2.756062767475036,2.056545789797173,partial_bearish,1.4552358113509192,1.18558799107797,bullish,neutral,True,True,True,True,reversal,True,False,False,False,bullish,weak,55.03638328691988,26.267857142857142,4.25,26.75,0.1617946974847043,1.0183548606390211,0.6542056074766355,1.18558799107797,True,False,False,False,False,2025
158,142721,142722,142722,2025-02-26 14:41:00+00:00,2025-02-26 14:42:00+00:00,2025-02-26 14:42:00+00:00,long,21247.5,21247.75,21248.0,21223.0,21273.0,21298.0,21323.0,21348.0,70.42867560193636,70-79,50.42867560193636,25.0,False,False,False,False,True,stop,21223.0,21222.75,-25.25,0.0,-25.25,-1.01,0.75,53.75,0.03,2.15,1,0.0,0,2025-02-26,1.1432160804020102,0.5996430696014278,2.056545789797173,partial_bullish,1.1380018308995403,1.243130934581254,bullish,bullish,True,True,True,True,reversal,True,False,False,False,neutral,none,20.23896334946967,28.428571428571427,2.25,20.75,0.07914572864321609,0.7298994974874372,0.3373493975903614,1.243130934581254,False,False,False,False,False,2025
159,142723,142724,142752,2025-02-26 14:43:00+00:00,2025-02-26 14:44:00+00:00,2025-02-26 15:12:00+00:00,long,21230.75,21230.25,21230.5,21205.5,21255.5,21280.5,21305.5,21330.5,83.87534022863365,80-89,57.87534022863365,25.0,True,True,True,True,False,tp4,21330.5,21330.25,99.75,0.0,99.75,3.99,108.0,14.25,4.32,0.57,29,28.0,4,2025-02-26,0.9069134458356016,0.5996430696014278,2.056545789797173,partial_bearish,1.272199848786434,1.6293500385352646,bullish,bullish,True,True,True,False,reversal,True,False,False,False,bullish,weak,48.96116857194701,32.80357142857143,18.25,37.25,0.5563418617310832,1.135547087642896,0.9395973154362416,1.6293500385352646,False,False,False,False,False,2025
160,144099,144100,144100,2025-02-27 14:39:00+00:00,2025-02-27 14:40:00+00:00,2025-02-27 14:40:00+00:00,long,21308.0,21308.25,21308.5,21283.5,21333.5,21358.5,21383.5,21408.5,73.0,70-79,53.22586206896551,25.0,False,False,False,False,True,stop,21283.5,21283.25,-25.25,0.0,-25.25,-1.01,0.0,36.5,0.0,1.46,1,0.0,0,2025-02-27,1.51867816091954,0.1685185185185185,0.4079650315687226,strong_bearish,3.0081586635793864,1.9768173670583549,bullish,bullish,True,True,True,True,reversal,True,False,True,True,bearish,strong,89.7844827586207,24.857142857142858,33.75,47.0,1.3577586206896552,1.8908045977011494,0.13829787234042554,1.9768173670583549,False,False,False,False,False,2025
161,144113,144114,144114,2025-02-27 14:53:00+00:00,2025-02-27 14:54:00+00:00,2025-02-27 14:54:00+00:00,long,21116.0,21115.5,21115.75,21090.75,21140.75,21165.75,21190.75,21215.75,76.0,70-79,57.82456140350877,25.0,False,False,False,False,True,stop,21090.75,21090.5,-25.25,0.0,-25.25,-1.01,3.75,45.75,0.15,1.83,1,0.0,0,2025-02-27,1.543859649122807,3.25716258198136,3.1516232607920083,strong_bearish,1.2483742654527847,2.2697655150986877,bullish,bullish,True,True,False,False,reversal,True,False,False,False,bearish,strong,76.46198830409357,35.625,26.75,43.75,0.7508771929824561,1.2280701754385965,0.24,2.2697655150986873,False,False,False,False,False,2025
162,144115,144116,144116,2025-02-27 14:55:00+00:00,2025-02-27 14:56:00+00:00,2025-02-27 14:56:00+00:00,long,21060.0,21059.5,21059.75,21034.75,21084.75,21109.75,21134.75,21159.75,76.0,70-79,38.2590099009901,25.0,False,False,False,False,True,stop,21034.75,21034.5,-25.25,0.0,-25.25,-1.01,8.25,39.0,0.33,1.56,1,0.0,0,2025-02-27,2.827722772277228,4.4537865235539655,3.1516232607920083,strong_bearish,1.3121196189729378,2.949040185053524,bullish,bullish,True,False,False,False,reversal,True,False,False,False,bearish,moderate,64.50825082508251,36.07142857142857,13.25,30.25,0.3673267326732673,0.8386138613861387,0.5041322314049587,2.9490401850535237,False,False,False,False,False,2025
163,144118,144119,144119,2025-02-27 14:58:00+00:00,2025-02-27 14:59:00+00:00,2025-02-27 14:59:00+00:00,long,21035.5,21035.5,21035.75,21010.75,21060.75,21085.75,21110.75,21135.75,73.54982817869416,70-79,43.54982817869416,25.0,False,False,False,False,True,stop,21010.75,21010.5,-25.25,0.0,-25.25,-1.01,6.0,30.5,0.24,1.22,1,0.0,0,2025-02-27,2.2130584192439864,4.4537865235539655,3.1516232607920083,strong_bearish,1.0486158254444893,3.262328642877504,bullish,bullish,True,False,False,False,reversal,True,False,False,False,bullish,weak,46.24856815578465,36.375,13.75,42.25,0.37800687285223367,1.161512027491409,0.9349112426035503,3.262328642877504,False,False,False,False,False,2025
164,144131,144132,144132,2025-02-27 15:11:00+00:00,2025-02-27 15:12:00+00:00,2025-02-27 15:12:00+00:00,short,21019.5,21019.25,21019.0,21044.0,20994.0,20969.0,20944.0,20919.0,76.0,70-79,-48.44276315789474,25.0,False,False,False,False,True,stop,21044.0,21044.25,-25.25,0.0,-25.25,-1.01,17.25,32.25,0.69,1.29,1,0.0,0,2025-02-27,0.6332236842105263,3.2476007677543186,5.383152173913044,partial_bearish,0.9276478343242794,2.246371449411715,bearish,bearish,True,False,False,True,reversal,True,False,False,False,bullish,weak,46.31030701754386,43.42857142857143,8.0,35.0,0.18421052631578946,0.8059210526315789,0.2714285714285714,2.246371449411715,False,False,False,False,False,2025
165,144133,144134,144135,2025-02-27 15:13:00+00:00,2025-02-27 15:14:00+00:00,2025-02-27 15:15:00+00:00,short,21061.5,21061.25,21061.0,21086.0,21036.0,21011.0,20986.0,20961.0,76.0,70-79,-46.94670264337327,25.0,False,False,False,False,True,stop,21086.0,21086.25,-25.25,0.0,-25.25,-1.01,8.0,25.75,0.32,1.03,2,1.0,0,2025-02-27,2.069758224336108,3.2476007677543186,5.383152173913044,partial_bearish,1.062658447532722,2.464539007092198,bearish,bearish,True,False,False,True,reversal,True,False,False,False,bullish,weak,58.77747797188938,45.05357142857143,18.0,52.0,0.3995243757431629,1.1541815299246927,0.5096153846153846,2.4645390070921986,False,False,False,False,False,2025
166,145470,145471,145476,2025-02-28 14:30:00+00:00,2025-02-28 14:31:00+00:00,2025-02-28 14:36:00+00:00,short,20552.0,20551.75,20551.5,20576.5,20526.5,20501.5,20476.5,20451.5,70.0,70-79,-52.0,25.0,True,True,True,False,True,stop,20576.5,20576.75,-25.25,0.0,-25.25,-1.01,91.25,37.5,3.65,1.5,6,5.0,3,2025-02-28,3.097480832420592,0.6909702748177229,0.1802575107296137,strong_bearish,8.807661378755757,1.5698947148962783,bearish,bearish,False,True,True,False,continuation,True,True,False,True,bearish,strong,83.33333333333334,16.303571428571427,38.75,47.25,2.376779846659365,2.8981380065717417,0.06878306878306878,1.5698947148962785,True,False,False,True,False,2025
167,145477,145478,145483,2025-02-28 14:37:00+00:00,2025-02-28 14:38:00+00:00,2025-02-28 14:43:00+00:00,short,20591.25,20591.0,20590.75,20615.75,20565.75,20540.75,20515.75,20490.75,78.0,70-79,-65.45223250700428,25.0,True,True,False,False,True,stop,20615.75,20616.0,-25.25,0.0,-25.25,-1.01,70.0,54.0,2.8,2.16,6,5.0,2,2025-02-28,2.9239280774550487,3.87567084078712,0.1802575107296137,partial_bearish,2.408995616542786,2.1980448046694843,bearish,bearish,True,True,True,True,reversal,True,False,False,False,bullish,moderate,62.898062441630906,38.732142857142854,9.5,52.0,0.24527431996311666,1.3425541724296912,0.6730769230769231,2.1980448046694843,False,False,False,False,False,2025
168,145503,145504,145504,2025-02-28 15:03:00+00:00,2025-02-28 15:04:00+00:00,2025-02-28 15:04:00+00:00,short,20574.75,20574.25,20574.0,20599.0,20549.0,20524.0,20499.0,20474.0,70.09811320754717,70-79,-58.09811320754717,25.0,False,False,False,False,True,stop,20599.0,20599.25,-25.25,0.0,-25.25,-1.01,11.5,39.0,0.46,1.56,1,0.0,0,2025-02-28,0.288659793814433,2.311596530677803,0.6208144796380091,partial_bullish,1.395966273896443,1.5610967803573137,bearish,bearish,True,False,False,False,reversal,True,False,False,False,bearish,moderate,67.48427672955975,38.107142857142854,54.75,79.5,1.4367385192127462,2.0862230552952203,0.2641509433962264,1.5610967803573135,False,False,False,False,False,2025
169,146856,146857,146857,2025-03-03 14:36:00+00:00,2025-03-03 14:37:00+00:00,2025-03-03 14:37:00+00:00,long,21074.25,21074.25,21074.5,21049.5,21099.5,21124.5,21149.5,21174.5,75.41000758150113,70-79,54.410007581501134,25.0,False,False,False,False,True,stop,21049.5,21049.25,-25.25,0.0,-25.25,-1.01,5.5,38.75,0.22,1.55,1,0.0,0,2025-03-03,0.4139499620924943,0.056338028169014,0.1050938337801608,strong_bullish,3.387815344247957,1.7979923989671878,bullish,bullish,True,True,True,True,reversal,True,False,False,False,bullish,weak,53.416729845842816,23.553571428571427,14.25,47.25,0.6050037907505686,2.0060652009097804,0.9206349206349206,1.7979923989671878,False,False,False,False,False,2025
170,146858,146859,146859,2025-03-03 14:38:00+00:00,2025-03-03 14:39:00+00:00,2025-03-03 14:39:00+00:00,long,20999.5,20999.25,20999.5,20974.5,21024.5,21049.5,21074.5,21099.5,73.0,70-79,45.71587982832618,25.0,False,False,False,False,True,stop,20974.5,20974.25,-25.25,0.0,-25.25,-1.01,3.0,31.75,0.12,1.27,1,0.0,0,2025-03-03,3.066427289048474,0.056338028169014,0.1050938337801608,partial_bullish,3.461034708578913,2.3611142135948358,bullish,bullish,True,True,True,True,reversal,True,False,False,False,bearish,strong,85.70100143061516,29.839285714285715,38.25,58.25,1.281867145421903,1.9521244763614602,0.26609442060085836,2.3611142135948353,False,False,False,False,False,2025
171,146860,146861,146863,2025-03-03 14:40:00+00:00,2025-03-03 14:41:00+00:00,2025-03-03 14:43:00+00:00,long,20975.5,20975.75,20976.0,20951.0,21001.0,21026.0,21051.0,21076.0,78.0,70-79,48.84831260233132,25.0,False,False,False,False,True,stop,20951.0,20950.75,-25.25,0.0,-25.25,-1.01,18.25,33.75,0.73,1.35,3,2.0,0,2025-03-03,2.5092250922509227,2.6435045317220545,0.1050938337801608,partial_bearish,1.6214557296550782,1.5324127040397042,bullish,bullish,True,True,True,True,reversal,True,False,False,False,bearish,weak,59.59739498057232,33.875,6.75,37.75,0.1992619926199262,1.1143911439114391,0.33112582781456956,1.5324127040397042,False,False,False,False,False,2025
172,146872,146873,146873,2025-03-03 14:52:00+00:00,2025-03-03 14:53:00+00:00,2025-03-03 14:53:00+00:00,long,20926.75,20927.25,20927.5,20902.5,20952.5,20977.5,21002.5,21027.5,70.0,70-79,39.05565235550906,25.0,False,False,False,False,True,stop,20902.5,20902.25,-25.25,0.0,-25.25,-1.01,11.25,26.75,0.45,1.07,1,0.0,0,2025-03-03,2.1385938290338897,3.070123246918827,2.3532277710109626,strong_bearish,0.7733206490143227,1.1469241863673418,bullish,bullish,True,False,False,False,reversal,True,False,True,True,bearish,weak,57.86956370409118,35.30357142857143,29.0,32.75,0.8214466363176529,0.9276681841173494,0.06870229007633588,1.1469241863673418,False,False,False,False,False,2025
173,146876,146877,146878,2025-03-03 14:56:00+00:00,2025-03-03 14:57:00+00:00,2025-03-03 14:58:00+00:00,long,20849.0,20849.25,20849.5,20824.5,20874.5,20899.5,20924.5,20949.5,76.0,70-79,55.6828447861605,25.0,False,False,False,False,True,stop,20824.5,20824.25,-25.25,0.0,-25.25,-1.01,16.5,25.25,0.66,1.01,2,1.0,0,2025-03-03,2.8793849111004324,3.2937920126532227,2.3532277710109626,strong_bearish,1.0282260217649006,1.8940452068538156,bullish,bullish,True,False,False,False,reversal,True,False,True,True,bearish,strong,94.30962678199583,37.160714285714285,35.5,49.75,0.9553099471407978,1.3387794329649207,0.04020100502512563,1.8940452068538154,False,False,False,False,False,2025
174,146889,146890,146890,2025-03-03 15:09:00+00:00,2025-03-03 15:10:00+00:00,2025-03-03 15:10:00+00:00,short,20815.5,20815.25,20815.0,20840.0,20790.0,20765.0,20740.0,20715.0,91.83022734834202,90-100,-55.83022734834202,25.0,False,False,False,False,True,stop,20840.0,20840.25,-25.25,0.0,-25.25,-1.01,12.0,41.25,0.48,1.65,1,0.0,0,2025-03-03,1.1887323943661972,2.034263959390863,3.370204603580563,strong_bearish,1.008759522058256,2.0576200767987918,bearish,bearish,True,False,True,False,reversal,True,False,False,False,bearish,moderate,65.25189456951685,44.375,18.75,31.75,0.4225352112676056,0.7154929577464789,0.3543307086614173,2.0576200767987913,True,True,True,False,True,2025
175,146892,146893,146901,2025-03-03 15:12:00+00:00,2025-03-03 15:13:00+00:00,2025-03-03 15:21:00+00:00,short,20860.5,20859.0,20858.75,20883.75,20833.75,20808.75,20783.75,20758.75,76.2911989118699,70-79,-60.2911989118699,25.0,True,True,False,False,True,stop,20883.75,20884.0,-25.25,0.0,-25.25,-1.01,53.5,27.75,2.14,1.11,9,8.0,2,2025-03-03,0.0448179271708683,2.514799767846779,3.370204603580563,strong_bearish,0.7560398315225699,1.1683720020855055,bearish,bearish,True,False,True,False,reversal,True,False,False,False,neutral,none,35.7599909322492,44.625,8.5,31.0,0.19047619047619047,0.6946778711484594,0.25806451612903225,1.1683720020855057,False,False,False,False,False,2025
176,146904,146905,146907,2025-03-03 15:24:00+00:00,2025-03-03 15:25:00+00:00,2025-03-03 15:27:00+00:00,short,20893.25,20892.75,20892.5,20917.5,20867.5,20842.5,20817.5,20792.5,75.76214019228898,70-79,-70.76214019228898,25.0,False,False,False,False,True,stop,20917.5,20917.75,-25.25,0.0,-25.25,-1.01,11.75,47.25,0.47,1.89,3,2.0,0,2025-03-03,2.0216333153055706,1.2231182795698925,3.6604612392331206,partial_bearish,0.7810887512899897,0.9579483609669662,bearish,bearish,True,False,False,False,reversal,True,False,False,False,bearish,weak,48.017834935741554,33.017857142857146,16.75,32.5,0.50730124391563,0.9843158464034613,0.16153846153846155,0.9579483609669662,False,False,False,False,False,2025
177,148231,148232,148234,2025-03-04 14:31:00+00:00,2025-03-04 14:32:00+00:00,2025-03-04 14:34:00+00:00,short,20300.0,20301.25,20301.0,20326.0,20276.0,20251.0,20226.0,20201.0,70.27616847145283,70-79,-58.276168471452834,25.0,True,False,False,False,True,stop,20326.0,20326.25,-25.25,0.0,-25.25,-1.01,42.5,37.5,1.7,1.5,3,2.0,1,2025-03-04,2.4705882352941178,0.879162702188392,0.883495145631068,partial_bearish,4.46023776120505,1.345210589316037,bearish,bearish,False,True,True,False,continuation,True,True,False,True,bearish,strong,85.63473726210691,26.714285714285715,32.5,67.25,1.2165775401069518,2.5173796791443848,0.04460966542750929,1.345210589316037,True,False,False,True,False,2025
178,148274,148275,148278,2025-03-04 15:14:00+00:00,2025-03-04 15:15:00+00:00,2025-03-04 15:18:00+00:00,short,20206.75,20205.75,20205.5,20230.5,20180.5,20155.5,20130.5,20105.5,78.43612936855209,70-79,-67.43612936855209,25.0,True,True,True,True,False,tp4,20105.5,20105.75,99.75,0.0,99.75,3.99,108.0,0.25,4.32,0.01,4,3.0,4,2025-03-04,0.4618959107806691,1.832258064516129,1.3535217586361596,partial_bearish,0.7973710621007025,1.237076208831376,bearish,bearish,True,False,True,False,reversal,True,False,False,False,bearish,weak,53.63441140460075,38.42857142857143,20.25,51.0,0.5269516728624535,1.3271375464684014,0.2107843137254902,1.237076208831376,False,False,False,False,False,2025
179,149617,149618,149619,2025-03-05 14:37:00+00:00,2025-03-05 14:38:00+00:00,2025-03-05 14:39:00+00:00,short,20333.75,20333.5,20333.25,20358.25,20308.25,20283.25,20258.25,20233.25,71.08587673813769,70-79,-67.08587673813769,25.0,False,False,False,False,True,stop,20358.25,20358.5,-25.25,0.0,-25.25,-1.01,20.25,43.75,0.81,1.75,2,1.0,0,2025-03-05,2.069284064665127,0.2050840155105558,1.2042510793756227,partial_bearish,2.371939329542403,1.4041126663210644,bearish,bearish,False,True,True,False,continuation,True,True,False,True,bearish,strong,92.38230615114736,30.928571428571427,29.5,37.5,0.9538106235565821,1.212471131639723,0.15333333333333332,1.4041126663210644,True,False,False,False,True,2025
180,149621,149622,149634,2025-03-05 14:41:00+00:00,2025-03-05 14:42:00+00:00,2025-03-05 14:54:00+00:00,short,20432.75,20432.25,20432.0,20457.0,20407.0,20382.0,20357.0,20332.0,78.0,70-79,-70.19909293982265,25.0,True,True,True,True,False,tp4,20332.0,20332.25,99.75,0.0,99.75,3.99,116.25,23.75,4.65,0.95,13,12.0,4,2025-03-05,1.7468354430379749,1.393986723935963,1.2042510793756227,partial_bearish,1.5899433154667797,1.677420404709405,bearish,bearish,True,True,True,False,reversal,True,False,False,False,bullish,weak,56.67422550147791,39.5,9.25,46.75,0.23417721518987342,1.1835443037974684,0.5989304812834224,1.677420404709405,False,False,False,False,False,2025
181,149657,149658,149661,2025-03-05 15:17:00+00:00,2025-03-05 15:18:00+00:00,2025-03-05 15:21:00+00:00,short,20402.0,20402.25,20402.0,20427.0,20377.0,20352.0,20327.0,20302.0,72.25024719101124,70-79,-68.25024719101124,25.0,True,True,True,True,False,tp4,20302.0,20302.25,99.75,0.0,99.75,3.99,102.5,13.0,4.1,0.52,4,3.0,4,2025-03-05,1.7303370786516856,1.157970666025487,0.196078431372549,partial_bullish,0.9307044294815664,1.5909982450707134,bearish,bearish,True,False,False,False,reversal,True,False,False,False,bearish,weak,52.08539325842697,39.732142857142854,4.5,32.25,0.11325842696629214,0.811685393258427,0.8294573643410853,1.5909982450707134,True,False,False,False,True,2025
182,150998,150999,151001,2025-03-06 14:38:00+00:00,2025-03-06 14:39:00+00:00,2025-03-06 14:41:00+00:00,long,20305.25,20305.5,20305.75,20280.75,20330.75,20355.75,20380.75,20405.75,77.58582186896281,70-79,66.58582186896281,25.0,False,False,False,False,True,stop,20280.75,20280.5,-25.25,0.0,-25.25,-1.01,14.0,57.75,0.56,2.31,3,2.0,0,2025-03-06,0.7800114876507754,2.0855457227138645,0.4233983286908078,partial_bearish,1.7445748086661168,1.3142704436130412,neutral,bullish,True,True,True,False,reversal,True,False,False,False,bullish,strong,79.88184890802339,31.089285714285715,14.25,32.5,0.4583572659391154,1.045376220562895,0.9153846153846154,1.3142704436130412,True,True,True,False,True,2025
183,152384,152385,152386,2025-03-07 14:44:00+00:00,2025-03-07 14:45:00+00:00,2025-03-07 14:46:00+00:00,short,20149.0,20149.0,20148.75,20173.75,20123.75,20098.75,20073.75,20048.75,71.5683413413635,70-79,-49.56834134136351,25.0,False,False,False,False,True,stop,20173.75,20174.0,-25.25,0.0,-25.25,-1.01,6.0,35.0,0.24,1.4,2,1.0,0,2025-03-07,1.360538493899874,0.4893276414087513,1.062126642771804,partial_bullish,1.407684418540661,1.7878417231903163,bearish,bearish,True,True,False,False,reversal,True,False,False,False,bearish,weak,46.40284451136255,42.44642857142857,14.5,57.0,0.3416070677324359,1.3428691628102651,0.2675438596491228,1.7878417231903165,False,False,False,False,False,2025
184,152398,152399,152404,2025-03-07 14:58:00+00:00,2025-03-07 14:59:00+00:00,2025-03-07 15:04:00+00:00,short,20148.25,20148.25,20148.0,20173.0,20123.0,20098.0,20073.0,20048.0,73.45983263598326,70-79,-57.45983263598326,25.0,True,True,False,False,True,stop,20173.0,20173.25,-25.25,0.0,-25.25,-1.01,66.25,30.75,2.65,1.23,6,5.0,2,2025-03-07,2.445606694560669,2.9931892212022504,0.5656565656565656,partial_bullish,0.9768148318883236,1.8896053413819915,bearish,bearish,False,True,True,True,continuation,True,True,False,True,bearish,strong,78.83193863319386,34.142857142857146,31.75,52.75,0.9299163179916318,1.544979079497908,0.05687203791469194,1.8896053413819913,True,True,True,False,False,2025
185,152413,152414,152431,2025-03-07 15:13:00+00:00,2025-03-07 15:14:00+00:00,2025-03-07 15:31:00+00:00,short,20117.5,20117.0,20116.75,20141.75,20091.75,20066.75,20041.75,20016.75,72.68107490853747,70-79,-59.68107490853747,25.0,True,True,True,True,False,tp4,20016.75,20017.0,99.75,0.0,99.75,3.99,142.5,15.25,5.7,0.61,18,17.0,4,2025-03-07,1.423728813559322,0.3335117773019272,0.402375296912114,partial_bearish,1.1535160496652743,1.4030203911197716,bearish,bearish,True,False,True,False,reversal,True,False,False,False,bearish,strong,80.6756242378122,33.714285714285715,29.25,43.75,0.8675847457627118,1.2976694915254237,0.26857142857142857,1.4030203911197716,True,True,True,False,False,2025
186,155162,155163,155164,2025-03-11 14:02:00+00:00,2025-03-11 14:03:00+00:00,2025-03-11 14:04:00+00:00,short,19458.5,19458.5,19458.25,19483.25,19433.25,19408.25,19383.25,19358.25,84.4,80-89,-58.400000000000006,25.0,True,True,True,True,False,tp4,19358.25,19358.5,99.75,0.0,99.75,3.99,104.75,21.75,4.19,0.87,2,1.0,4,2025-03-11,1.368791552600704,1.7906976744186047,0.6476299257567104,partial_bullish,1.382885140025611,1.588401941536474,bearish,bearish,True,True,True,False,reversal,True,True,False,True,bearish,strong,86.66666666666666,45.660714285714285,83.25,91.75,1.8232303480641376,2.0093859992178333,0.07629427792915532,1.588401941536474,True,True,True,False,False,2025
187,155169,155170,155174,2025-03-11 14:09:00+00:00,2025-03-11 14:10:00+00:00,2025-03-11 14:14:00+00:00,short,19525.25,19525.75,19525.5,19550.5,19500.5,19475.5,19450.5,19425.5,78.0,70-79,-48.857740843336416,25.0,True,True,True,True,False,tp4,19425.5,19425.75,99.75,0.0,99.75,3.99,102.5,10.0,4.1,0.4,5,4.0,4,2025-03-11,2.430286241920591,2.145472786556308,0.6476299257567104,partial_bullish,1.138707933156526,2.068359119226236,bearish,bearish,True,True,True,True,reversal,True,False,False,False,bullish,weak,59.518826305529906,58.017857142857146,44.75,58.0,0.7713142505386272,0.9996922129886119,0.7974137931034483,2.068359119226236,False,False,False,False,False,2025
188,156500,156501,156501,2025-03-12 13:33:00+00:00,2025-03-12 13:34:00+00:00,2025-03-12 13:34:00+00:00,long,19754.0,19754.25,19754.5,19729.5,19779.5,19804.5,19829.5,19854.5,70.44860152339902,70-79,44.44860152339902,25.0,False,False,False,False,True,stop,19729.5,19729.25,-25.25,0.0,-25.25,-1.01,18.75,30.25,0.75,1.21,1,0.0,0,2025-03-12,2.827250608272506,0.5268817204301075,2.5001871958068143,partial_bullish,4.241492785592883,1.3659019448002796,bullish,bullish,False,True,True,False,continuation,True,True,False,True,bullish,strong,87.07167936165854,22.017857142857142,24.5,31.75,1.1127331711273318,1.4420113544201136,0.7716535433070866,1.3659019448002796,True,False,False,False,False,2025
189,156532,156533,156539,2025-03-12 14:05:00+00:00,2025-03-12 14:06:00+00:00,2025-03-12 14:12:00+00:00,long,19677.75,19677.5,19677.75,19652.75,19702.75,19727.75,19752.75,19777.75,76.06503772633161,70-79,56.06503772633161,25.0,True,False,False,False,True,stop,19652.75,19652.5,-25.25,0.0,-25.25,-1.01,47.25,38.5,1.89,1.54,7,6.0,1,2025-03-12,1.2689713322091063,1.7665876777251186,0.1935483870967742,partial_bearish,0.9536507191578096,1.3961913536388266,bullish,bullish,True,False,True,False,reversal,True,False,False,False,bullish,moderate,67.2086477194301,42.357142857142854,20.0,38.75,0.4721753794266442,0.9148397976391232,0.5935483870967742,1.3961913536388266,True,True,True,False,True,2025
190,157918,157919,157919,2025-03-13 14:11:00+00:00,2025-03-13 14:12:00+00:00,2025-03-13 14:12:00+00:00,short,19405.5,19405.0,19404.75,19429.75,19379.75,19354.75,19329.75,19304.75,72.66546902654868,70-79,-34.66546902654868,25.0,False,False,False,False,True,stop,19429.75,19430.0,-25.25,0.0,-25.25,-1.01,1.75,57.75,0.07,2.31,1,0.0,0,2025-03-13,0.8827433628318584,0.6794435857805254,2.757750342935529,strong_bearish,1.1356391337533862,1.8980439241582872,bearish,bearish,True,False,False,False,reversal,True,False,False,False,bearish,weak,55.54557522123893,32.285714285714285,15.75,37.5,0.48783185840707965,1.1615044247787611,0.32,1.8980439241582872,False,False,False,False,False,2025
191,157935,157936,157937,2025-03-13 14:28:00+00:00,2025-03-13 14:29:00+00:00,2025-03-13 14:30:00+00:00,short,19489.25,19489.0,19488.75,19513.75,19463.75,19438.75,19413.75,19388.75,88.9638229634381,80-89,-85.9638229634381,25.0,False,False,False,False,True,stop,19513.75,19514.0,-25.25,0.0,-25.25,-1.01,18.5,42.75,0.74,1.71,2,1.0,0,2025-03-13,0.7453495830660679,2.6749661705006766,1.0391408114558474,partial_bearish,1.058533330155628,1.6094432264961136,bearish,bearish,True,True,True,True,reversal,True,True,False,True,bearish,strong,91.36519136198417,27.839285714285715,40.5,47.25,1.4547787042976266,1.6972418216805645,0.06878306878306878,1.6094432264961136,True,True,True,False,True,2025
192,159259,159260,159264,2025-03-14 13:32:00+00:00,2025-03-14 13:33:00+00:00,2025-03-14 13:37:00+00:00,long,19492.75,19492.75,19493.0,19468.0,19518.0,19543.0,19568.0,19593.0,74.0,70-79,42.74340963043765,25.0,True,True,True,True,False,tp4,19593.0,19592.75,99.75,0.0,99.75,3.99,104.5,1.5,4.18,0.06,5,4.0,4,2025-03-14,1.7454545454545454,2.013071895424837,0.4705882352941176,partial_bearish,4.341188524590164,0.8434652346802168,bullish,bullish,True,True,True,False,reversal,True,False,False,False,bearish,weak,43.80491974635296,13.75,4.0,24.25,0.2909090909090909,1.7636363636363637,0.061855670103092786,0.8434652346802168,True,False,False,False,True,2025
193,159310,159311,159313,2025-03-14 14:23:00+00:00,2025-03-14 14:24:00+00:00,2025-03-14 14:26:00+00:00,long,19510.0,19510.0,19510.25,19485.25,19535.25,19560.25,19585.25,19610.25,72.27763838017533,70-79,72.27763838017533,25.0,False,False,False,False,True,stop,19485.25,19485.0,-25.25,0.0,-25.25,-1.01,12.75,27.5,0.51,1.1,3,2.0,0,2025-03-14,0.7070707070707071,2.1205059920106524,0.3063357282821685,partial_bearish,0.9090647000824535,1.2113156519868464,bullish,bullish,True,False,True,False,reversal,True,False,False,False,bullish,moderate,68.98031983479447,28.285714285714285,24.25,28.25,0.8573232323232324,0.9987373737373738,0.8584070796460177,1.2113156519868464,True,True,True,False,False,2025
194,160638,160639,160645,2025-03-17 13:31:00+00:00,2025-03-17 13:32:00+00:00,2025-03-17 13:38:00+00:00,long,19718.25,19717.5,19717.75,19692.75,19742.75,19767.75,19792.75,19817.75,82.21538924579411,80-89,82.21538924579411,25.0,True,True,True,True,False,tp4,19817.75,19817.5,99.75,0.0,99.75,3.99,100.75,4.25,4.03,0.17,7,6.0,4,2025-03-17,0.7466666666666667,0.5858095815645845,0.7297297297297297,partial_bullish,6.112400733048259,0.5192365572426391,bullish,bullish,True,True,True,False,reversal,True,True,False,True,bullish,strong,76.7949103816176,12.053571428571429,28.75,38.0,2.3851851851851853,3.1525925925925926,0.9013157894736842,0.5192365572426391,True,True,True,False,False,2025
195,162022,162023,162031,2025-03-18 13:35:00+00:00,2025-03-18 13:36:00+00:00,2025-03-18 13:44:00+00:00,short,19813.5,19812.75,19812.5,19837.5,19787.5,19762.5,19737.5,19712.5,71.29957753965812,70-79,-67.29957753965812,25.0,True,True,True,True,False,tp4,19712.5,19712.75,99.75,0.0,99.75,3.99,104.0,2.5,4.16,0.1,9,8.0,4,2025-03-18,2.1718098415346123,2.682414698162729,1.425800193986421,strong_bearish,3.3751532557397423,1.1244719245726436,bearish,bearish,False,True,True,False,continuation,True,True,False,True,bearish,strong,94.16314616381761,21.410714285714285,30.5,38.0,1.4245204336947457,1.7748123436196832,0.19078947368421054,1.1244719245726436,True,False,False,False,True,2025
196,162032,162033,162036,2025-03-18 13:45:00+00:00,2025-03-18 13:46:00+00:00,2025-03-18 13:49:00+00:00,short,19714.5,19713.75,19713.5,19738.5,19688.5,19663.5,19638.5,19613.5,70.0,70-79,-37.48633863020275,25.0,False,False,False,False,True,stop,19738.5,19738.75,-25.25,0.0,-25.25,-1.01,11.5,34.0,0.46,1.36,4,3.0,0,2025-03-18,1.7663911845730027,5.746268656716418,5.219183214687149,strong_bearish,1.7725995870985212,1.2621850562109145,bearish,bearish,False,True,True,False,continuation,True,False,False,False,neutral,none,37.6138447483104,32.410714285714285,2.5,37.25,0.07713498622589532,1.1493112947658402,0.7181208053691275,1.2621850562109145,True,False,False,False,True,2025
197,163409,163410,163412,2025-03-19 13:42:00+00:00,2025-03-19 13:43:00+00:00,2025-03-19 13:45:00+00:00,short,19719.5,19720.0,19719.75,19744.75,19694.75,19669.75,19644.75,19619.75,70.17253533605346,70-79,-29.172535336053457,25.0,False,False,False,False,True,stop,19744.75,19745.0,-25.25,0.0,-25.25,-1.01,13.25,25.0,0.53,1.0,3,2.0,0,2025-03-19,1.562363238512035,0.2532894736842105,0.7322780454232621,partial_bullish,2.4378206219153435,1.3396662524884098,neutral,bearish,True,True,True,False,reversal,True,True,False,True,bearish,strong,93.10446113377881,24.482142857142858,27.5,33.75,1.1232676878191101,1.3785557986870898,0.15555555555555556,1.3396662524884098,True,False,False,True,True,2025
198,163415,163416,163420,2025-03-19 13:48:00+00:00,2025-03-19 13:49:00+00:00,2025-03-19 13:53:00+00:00,short,19777.75,19777.5,19777.25,19802.25,19752.25,19727.25,19702.25,19677.25,76.52960462206536,70-79,-65.52960462206536,25.0,False,False,False,False,True,stop,19802.25,19802.5,-25.25,0.0,-25.25,-1.01,10.5,33.75,0.42,1.35,5,4.0,0,2025-03-19,2.4757894736842103,1.2560386473429952,0.9328151027207108,partial_bearish,0.9291433629742888,0.7555145495115264,bearish,bearish,True,True,True,False,reversal,True,False,False,False,neutral,none,37.746705183878014,25.446428571428573,8.75,22.0,0.343859649122807,0.8645614035087719,0.03409090909090909,0.7555145495115264,False,False,False,False,False,2025
199,164782,164783,164784,2025-03-20 13:35:00+00:00,2025-03-20 13:36:00+00:00,2025-03-20 13:37:00+00:00,long,19878.0,19877.75,19878.0,19853.0,19903.0,19928.0,19953.0,19978.0,72.90715000475373,70-79,18.90715000475373,25.0,False,False,False,False,True,stop,19853.0,19852.75,-25.25,0.0,-25.25,-1.01,12.0,25.0,0.48,1.0,2,1.0,0,2025-03-20,5.22312556458898,2.020536223616657,1.1524241367282877,partial_bullish,2.943532664563468,0.9187161870622989,neutral,neutral,True,True,True,True,reversal,True,False,False,False,bullish,moderate,74.22625003961436,19.767857142857142,12.25,25.25,0.6196928635953026,1.2773261065943993,0.7821782178217822,0.9187161870622987,True,False,False,False,False,2025
200,164803,164804,164810,2025-03-20 13:56:00+00:00,2025-03-20 13:57:00+00:00,2025-03-20 14:03:00+00:00,long,19897.5,19897.5,19897.75,19872.75,19922.75,19947.75,19972.75,19997.75,72.0,70-79,72.0,25.0,True,True,True,True,False,tp4,19997.75,19997.5,99.75,0.0,99.75,3.99,114.75,1.0,4.59,0.04,7,6.0,4,2025-03-20,0.6604886267902275,3.6486090775988287,0.8465330266184686,partial_bullish,0.9729270923591096,0.716000702726971,bullish,bullish,True,False,True,False,reversal,True,False,False,False,bearish,weak,51.04966489265327,21.196428571428573,4.5,27.0,0.21229991575400167,1.27379949452401,0.16666666666666666,0.716000702726971,False,False,False,False,False,2025
201,164824,164825,164884,2025-03-20 14:17:00+00:00,2025-03-20 14:18:00+00:00,2025-03-20 15:17:00+00:00,long,20030.5,20030.5,20030.75,20005.75,20055.75,20080.75,20105.75,20130.75,78.7477616418244,70-79,64.7477616418244,25.0,True,True,False,False,False,max_holding_time,20031.0,20030.75,0.0,0.0,0.0,0.0,74.25,22.0,2.97,0.88,60,59.0,2,2025-03-20,1.3529411764705883,2.0910543130990416,3.3244626407369497,strong_bullish,1.5581896001565678,1.4611726405157832,bullish,bullish,True,True,False,False,reversal,True,False,False,False,bullish,weak,56.23134701520326,21.25,8.25,24.75,0.38823529411764707,1.1647058823529413,0.41414141414141414,1.4611726405157832,True,False,False,False,True,2025
202,166158,166159,166160,2025-03-21 13:31:00+00:00,2025-03-21 13:32:00+00:00,2025-03-21 13:33:00+00:00,short,19654.75,19654.25,19654.0,19676.5,19629.0,19604.0,19579.0,19554.0,73.37932057059031,70-79,-73.37932057059031,22.5,False,False,False,False,True,stop,19676.5,19676.75,-22.75,0.0,-22.75,-1.011111111111111,32.0,28.5,1.4222222222222225,1.2666666666666666,2,1.0,0,2025-03-21,0.6511627906976745,0.3672612801678909,3.964391691394659,partial_bearish,3.973444379970646,1.2241507132378844,bearish,bearish,True,True,False,False,reversal,True,True,False,True,bearish,moderate,61.49433808825256,23.803571428571427,38.0,57.75,1.5963990997749438,2.426106526631658,0.012987012987012988,1.2241507132378844,False,False,False,False,False,2025
203,166161,166162,166167,2025-03-21 13:34:00+00:00,2025-03-21 13:35:00+00:00,2025-03-21 13:40:00+00:00,short,19656.25,19656.0,19655.75,19680.75,19630.75,19605.75,19580.75,19555.75,70.5111918376004,70-79,-52.51119183760041,25.0,True,False,False,False,True,stop,19680.75,19681.0,-25.25,0.0,-25.25,-1.01,48.75,28.5,1.95,1.14,6,5.0,1,2025-03-21,0.0594660194174757,0.3672612801678909,3.964391691394659,strong_bearish,1.50097759061513,0.7864412533111881,bearish,bearish,True,True,False,False,reversal,True,False,False,False,neutral,none,37.59326531333672,29.428571428571427,11.25,22.5,0.38228155339805825,0.7645631067961165,0.08888888888888889,0.7864412533111881,False,False,False,False,False,2025
204,168931,168932,168935,2025-03-25 13:44:00+00:00,2025-03-25 13:45:00+00:00,2025-03-25 13:48:00+00:00,long,20394.0,20394.25,20394.5,20369.5,20419.5,20444.5,20469.5,20494.5,73.3135462427711,70-79,73.3135462427711,25.0,False,False,False,False,True,stop,20369.5,20369.25,-25.25,0.0,-25.25,-1.01,14.5,32.0,0.58,1.28,4,3.0,0,2025-03-25,0.1588132635253054,1.603585657370518,0.4577114427860697,strong_bearish,1.2966295413647195,0.8417582833940603,bullish,bullish,True,True,True,False,reversal,True,True,False,True,bullish,weak,52.612885356425785,20.464285714285715,19.0,27.0,0.9284467713787085,1.319371727748691,0.9166666666666666,0.8417582833940603,False,False,False,False,False,2025
205,168936,168937,168988,2025-03-25 13:49:00+00:00,2025-03-25 13:50:00+00:00,2025-03-25 14:41:00+00:00,long,20373.5,20373.5,20373.75,20348.75,20398.75,20423.75,20448.75,20473.75,76.06474507806745,70-79,62.064745078067446,25.0,True,True,True,True,False,tp4,20473.75,20473.5,99.75,0.0,99.75,3.99,102.25,10.0,4.09,0.4,52,51.0,4,2025-03-25,0.968776371308017,1.345679012345679,1.0097465886939572,strong_bearish,0.8115519066097945,0.6828300817615154,bullish,bullish,True,True,True,False,reversal,True,False,False,False,neutral,none,33.872875650562,21.160714285714285,6.0,13.25,0.28354430379746837,0.6261603375527427,0.7735849056603774,0.6828300817615154,False,False,False,False,False,2025
206,170346,170347,170380,2025-03-26 14:19:00+00:00,2025-03-26 14:20:00+00:00,2025-03-26 14:53:00+00:00,short,20277.5,20278.0,20277.75,20302.75,20252.75,20227.75,20202.75,20177.75,70.9830303030303,70-79,-42.983030303030304,25.0,True,True,False,False,True,stop,20302.75,20303.0,-25.25,0.0,-25.25,-1.01,51.75,35.0,2.07,1.4,34,33.0,2,2025-03-26,1.987878787878788,2.1487758945386064,4.591207680646791,strong_bearish,1.5001933470624735,1.5205126101738171,bearish,bearish,False,True,True,False,continuation,True,True,False,True,bearish,moderate,74.85858585858585,20.625,17.75,18.25,0.8606060606060606,0.8848484848484849,0.0136986301369863,1.5205126101738173,True,False,False,True,False,2025
207,174458,174459,174462,2025-03-31 13:51:00+00:00,2025-03-31 13:52:00+00:00,2025-03-31 13:55:00+00:00,short,19058.0,19058.0,19057.75,19082.75,19032.75,19007.75,18982.75,18957.75,82.0,80-89,-65.6697554471773,25.0,False,False,False,False,True,stop,19082.75,19083.0,-25.25,0.0,-25.25,-1.01,17.5,46.0,0.7,1.84,4,3.0,0,2025-03-31,1.3257575757575757,4.137350465219318,3.606293450420783,partial_bearish,1.0596851745177105,1.2650784183011123,bearish,bearish,True,True,True,False,reversal,True,False,False,False,bullish,moderate,61.08537127352257,33.0,22.5,37.25,0.6818181818181818,1.128787878787879,0.7919463087248322,1.2650784183011123,False,False,False,False,False,2025
208,174483,174484,174501,2025-03-31 14:16:00+00:00,2025-03-31 14:17:00+00:00,2025-03-31 14:34:00+00:00,short,19114.75,19115.0,19114.75,19139.75,19089.75,19064.75,19039.75,19014.75,81.77330746714128,80-89,-63.77330746714128,25.0,True,True,False,False,True,stop,19139.75,19140.0,-25.25,0.0,-25.25,-1.01,59.0,45.25,2.36,1.81,18,17.0,2,2025-03-31,1.0604515659140568,2.351456310679612,1.0377790497996564,partial_bearish,1.0591879778539417,1.08535246939637,bearish,bearish,True,True,True,False,reversal,True,True,False,True,bearish,strong,81.44422889284397,24.517857142857142,32.75,37.0,1.3357611070648217,1.509104151493081,0.07432432432432433,1.0853524693963699,True,True,True,False,False,2025
209,175871,175872,175875,2025-04-01 14:24:00+00:00,2025-04-01 14:25:00+00:00,2025-04-01 14:28:00+00:00,long,19335.25,19335.5,19335.75,19310.75,19360.75,19385.75,19410.75,19435.75,80.41816246752373,80-89,56.41816246752373,25.0,True,False,False,False,True,stop,19310.75,19310.5,-25.25,0.0,-25.25,-1.01,25.5,26.75,1.02,1.07,4,3.0,1,2025-04-01,1.9324227174694464,2.2642151855635,1.5285245901639344,partial_bearish,1.0201452478686457,1.441086211818441,bullish,bullish,True,True,True,True,reversal,True,False,False,False,bullish,moderate,70.15135389603113,24.839285714285715,20.5,32.25,0.8253055355859094,1.2983465132997842,0.7131782945736435,1.4410862118184413,True,True,True,False,False,2025
210,177199,177200,177200,2025-04-02 13:32:00+00:00,2025-04-02 13:33:00+00:00,2025-04-02 13:33:00+00:00,short,19349.0,19347.75,19347.5,19368.5,19322.5,19297.5,19272.5,19247.5,82.64900561332912,80-89,-77.64900561332912,21.0,False,False,False,False,True,stop,19368.5,19368.75,-21.25,0.0,-21.25,-1.011904761904762,2.25,47.75,0.1071428571428571,2.273809523809524,1,0.0,0,2025-04-02,1.036480686695279,1.1442307692307692,1.5974736842105264,partial_bearish,4.653779115829504,0.9611650485436892,bearish,bearish,True,True,True,False,reversal,True,False,False,False,neutral,none,38.7417134444094,16.642857142857142,8.75,31.5,0.5257510729613734,1.8927038626609443,0.4126984126984127,0.9611650485436893,False,False,False,False,False,2025
211,177221,177222,177223,2025-04-02 13:54:00+00:00,2025-04-02 13:55:00+00:00,2025-04-02 13:56:00+00:00,short,19530.75,19530.5,19530.25,19555.25,19505.25,19480.25,19455.25,19430.25,77.00051355419843,70-79,-61.000513554198434,25.0,False,False,False,False,True,stop,19555.25,19555.5,-25.25,0.0,-25.25,-1.01,5.0,27.75,0.2,1.11,2,1.0,0,2025-04-02,1.3002544529262086,5.7092866756393,3.4882154882154883,partial_bullish,0.7757562227927224,0.9618378715012282,bearish,bearish,True,False,False,False,reversal,True,False,False,False,bearish,weak,58.337612951653654,28.071428571428573,13.25,20.75,0.4720101781170483,0.7391857506361322,0.07228915662650602,0.9618378715012282,False,False,False,False,True,2025
212,177235,177236,177247,2025-04-02 14:08:00+00:00,2025-04-02 14:09:00+00:00,2025-04-02 14:20:00+00:00,short,19551.0,19551.5,19551.25,19576.25,19526.25,19501.25,19476.25,19451.25,74.71673753269334,70-79,-58.716737532693344,25.0,True,True,False,False,True,stop,19576.25,19576.5,-25.25,0.0,-25.25,-1.01,59.75,29.5,2.39,1.18,12,11.0,2,2025-04-02,2.333333333333333,2.351341418596104,2.9549849949983327,partial_bullish,1.1522487158845611,1.18163620158097,bearish,bearish,True,True,False,False,reversal,True,False,False,False,bearish,moderate,72.63947943911123,26.25,21.75,28.75,0.8285714285714286,1.0952380952380953,0.13043478260869565,1.18163620158097,False,False,False,False,True,2025
213,178588,178589,178594,2025-04-03 13:44:00+00:00,2025-04-03 13:45:00+00:00,2025-04-03 13:50:00+00:00,short,18989.25,18991.0,18990.75,19015.75,18965.75,18940.75,18915.75,18890.75,72.0,70-79,-35.10478547423516,25.0,True,True,False,False,True,stop,19015.75,19016.0,-25.25,0.0,-25.25,-1.01,50.75,29.25,2.03,1.17,6,5.0,2,2025-04-03,1.6044683491932148,3.2685185185185186,1.7926600589338333,partial_bearish,0.6385624487564908,0.6184939348417368,bearish,bearish,True,True,True,False,reversal,True,False,False,False,bullish,weak,40.79345438137367,43.160714285714285,25.5,44.0,0.5908150599917253,1.0194455937112124,0.7215909090909091,0.6184939348417368,False,False,False,False,False,2025
214,179985,179986,179986,2025-04-04 14:01:00+00:00,2025-04-04 14:02:00+00:00,2025-04-04 14:02:00+00:00,short,18136.75,18136.25,18136.0,18161.0,18111.0,18086.0,18061.0,18036.0,71.0376265829888,70-79,-44.03762658298881,25.0,False,False,False,False,True,stop,18161.0,18161.25,-25.25,0.0,-25.25,-1.01,14.75,33.5,0.59,1.34,1,0.0,0,2025-04-04,0.0695652173913043,0.3332063975628332,0.0309734513274336,partial_bearish,0.9119973541327894,0.8649680113446998,bearish,bearish,True,True,True,False,reversal,True,False,False,False,bearish,moderate,66.9802215249067,57.5,41.5,60.0,0.7217391304347827,1.0434782608695652,0.2708333333333333,0.8649680113446998,False,False,False,False,True,2025
215,181351,181352,181352,2025-04-07 13:47:00+00:00,2025-04-07 13:48:00+00:00,2025-04-07 13:48:00+00:00,long,16897.0,16897.25,16897.5,16872.5,16922.5,16947.5,16972.5,16997.5,91.90617356281916,90-100,63.90617356281915,25.0,False,False,False,False,True,stop,16872.5,16872.25,-25.25,0.0,-25.25,-1.01,41.5,44.75,1.66,1.79,1,0.0,0,2025-04-07,2.4928821470245044,2.918928029664588,2.4057853747345,partial_bearish,1.0577712825915797,1.328457910350077,bullish,bullish,True,True,True,True,reversal,True,True,False,True,bullish,strong,82.55144635682628,76.51785714285714,72.5,85.25,0.9474912485414236,1.1141190198366395,0.9736070381231672,1.3284579103500773,True,True,True,False,True,2025
216,181353,181354,181355,2025-04-07 13:49:00+00:00,2025-04-07 13:50:00+00:00,2025-04-07 13:51:00+00:00,long,16919.0,16918.75,16919.0,16894.0,16944.0,16969.0,16994.0,17019.0,82.0,80-89,49.85218275071572,25.0,True,True,True,True,False,tp4,17019.0,17018.75,99.75,0.0,99.75,3.99,109.5,13.5,4.38,0.54,2,1.0,4,2025-04-07,2.1749822653109483,2.918928029664588,2.4057853747345,partial_bearish,0.8901041051150098,1.282726160801375,bullish,bullish,True,True,True,True,reversal,True,False,False,False,neutral,none,34.56514374403565,75.51785714285714,5.25,49.25,0.06951998108299835,0.6521636320643178,0.13705583756345177,1.282726160801375,True,False,False,False,True,2025
217,181356,181357,181357,2025-04-07 13:52:00+00:00,2025-04-07 13:53:00+00:00,2025-04-07 13:53:00+00:00,long,17066.5,17066.5,17066.75,17041.75,17091.75,17116.75,17141.75,17166.75,78.29518447722977,70-79,72.29518447722977,25.0,False,False,False,False,True,stop,17041.75,17041.5,-25.25,0.0,-25.25,-1.01,33.75,36.75,1.35,1.47,1,0.0,0,2025-04-07,2.128251121076233,0.7205266307600239,2.4057853747345,partial_bearish,1.103350711272956,1.4983527938466354,bullish,bullish,True,True,True,True,reversal,True,True,False,True,bullish,strong,85.79320397691478,79.64285714285714,80.0,112.0,1.0044843049327354,1.4062780269058297,0.7991071428571429,1.4983527938466354,True,False,False,False,False,2025
218,181375,181376,181376,2025-04-07 14:11:00+00:00,2025-04-07 14:12:00+00:00,2025-04-07 14:12:00+00:00,long,17720.25,17720.25,17720.5,17695.5,17745.5,17770.5,17795.5,17820.5,73.6,70-79,47.6,25.0,False,False,False,False,True,stop,17695.5,17695.25,-25.25,0.0,-25.25,-1.01,136.5,105.75,5.46,4.23,1,0.0,0,2025-04-07,4.039096730704416,3.6049288617886175,0.8745544050246138,strong_bullish,2.554762079024686,3.627079142884711,bullish,bullish,True,True,False,False,reversal,True,True,False,True,bullish,strong,96.66666666666666,105.96428571428571,166.5,202.25,1.571284125379171,1.9086619480957197,0.8393077873918418,3.627079142884711,True,False,False,False,True,2025
219,181379,181380,181380,2025-04-07 14:15:00+00:00,2025-04-07 14:16:00+00:00,2025-04-07 14:16:00+00:00,long,18094.5,18094.75,18095.0,18070.0,18120.0,18145.0,18170.0,18195.0,71.65373058900907,70-79,57.65373058900907,25.0,False,False,False,False,True,stop,18070.0,18069.75,-25.25,0.0,-25.25,-1.01,173.75,62.25,6.95,2.49,1,0.0,0,2025-04-07,3.57432751297782,5.254277179324704,3.00830383882385,strong_bullish,1.420738436405662,2.583938491201176,bullish,bullish,True,True,False,False,reversal,True,False,False,False,bullish,moderate,63.78108824174231,151.35714285714286,138.5,254.0,0.9150542708824917,1.6781500707881076,0.5866141732283464,2.5839384912011756,True,False,False,False,False,2025
220,181381,181382,181382,2025-04-07 14:17:00+00:00,2025-04-07 14:18:00+00:00,2025-04-07 14:18:00+00:00,long,18318.25,18320.25,18320.5,18295.5,18345.5,18370.5,18395.5,18420.5,80.33953127375281,80-89,66.33953127375281,25.0,False,False,False,False,True,stop,18295.5,18295.25,-25.25,0.0,-25.25,-1.01,5.75,324.75,0.23,12.99,1,0.0,0,2025-04-07,2.90637514882563,5.254277179324704,3.00830383882385,strong_bullish,1.3503407217889738,3.0501222493887528,bullish,bullish,True,True,False,False,reversal,True,False,False,False,bullish,moderate,69.49609394794012,164.98214285714286,53.5,111.25,0.3242775192120359,0.6743154020997943,0.6224719101123596,3.0501222493887528,True,False,False,False,True,2025
221,182749,182750,182750,2025-04-08 14:05:00+00:00,2025-04-08 14:06:00+00:00,2025-04-08 14:06:00+00:00,long,18313.5,18313.0,18313.25,18288.25,18338.25,18363.25,18388.25,18413.25,72.75709366441528,70-79,50.75709366441528,25.0,False,False,False,False,True,stop,18288.25,18288.0,-25.25,0.0,-25.25,-1.01,7.5,40.75,0.3,1.63,1,0.0,0,2025-04-08,1.24346257889991,2.115489989462592,2.918212329977036,strong_bullish,1.0553087922117432,1.3018675313757282,bullish,bullish,False,False,True,False,continuation,True,False,False,False,bullish,moderate,72.975780536794,39.607142857142854,31.25,50.75,0.7889990982867449,1.2813345356176737,0.8275862068965517,1.3018675313757282,True,False,False,False,False,2025
222,184090,184091,184091,2025-04-09 13:38:00+00:00,2025-04-09 13:39:00+00:00,2025-04-09 13:39:00+00:00,long,17372.75,17374.75,17375.0,17350.0,17400.0,17425.0,17450.0,17475.0,72.36956728324839,70-79,22.369567283248387,25.0,False,False,False,False,True,stop,17350.0,17349.75,-25.25,0.0,-25.25,-1.01,69.0,32.5,2.76,1.3,1,0.0,0,2025-04-09,0.6802507836990596,0.8012718600953894,1.3538393449878292,strong_bullish,2.095175470641241,1.1194826150322714,neutral,bullish,True,True,True,False,reversal,True,True,False,True,bullish,moderate,69.7463940270699,68.35714285714286,129.25,141.0,1.8908045977011494,2.06269592476489,0.9875886524822695,1.1194826150322714,True,False,False,True,False,2025
223,184092,184093,184095,2025-04-09 13:40:00+00:00,2025-04-09 13:41:00+00:00,2025-04-09 13:43:00+00:00,long,17476.25,17477.5,17477.75,17452.75,17502.75,17527.75,17552.75,17577.75,73.94210264374377,70-79,37.942102643743766,25.0,True,True,True,False,True,stop,17452.75,17452.5,-25.25,0.0,-25.25,-1.01,76.0,57.75,3.04,2.31,3,2.0,3,2025-04-09,2.2188679245283023,2.2697345132743365,1.3538393449878292,strong_bullish,2.0096569250317664,1.2835245310947938,neutral,bullish,True,True,True,False,reversal,True,False,False,False,bullish,strong,82.85085536453134,75.71428571428571,41.75,76.5,0.5514150943396227,1.0103773584905662,0.9313725490196079,1.2835245310947938,True,False,False,False,True,2025
224,184096,184097,184097,2025-04-09 13:44:00+00:00,2025-04-09 13:45:00+00:00,2025-04-09 13:45:00+00:00,short,17366.75,17366.25,17366.0,17391.0,17341.0,17316.0,17291.0,17266.0,70.28354527461634,70-79,-26.283545274616344,25.0,False,False,False,False,True,stop,17391.0,17391.25,-25.25,0.0,-25.25,-1.01,36.0,47.75,1.44,1.91,1,0.0,0,2025-04-09,0.7784137367130007,2.2697345132743365,1.3538393449878292,partial_bullish,1.403461027422479,1.197849418290875,neutral,bearish,True,False,True,False,reversal,True,False,False,False,bearish,moderate,69.02954395513622,87.35714285714286,54.5,93.0,0.623875715453802,1.0645952575633688,0.17204301075268819,1.197849418290875,False,False,False,False,True,2025
225,185463,185464,185464,2025-04-10 13:31:00+00:00,2025-04-10 13:32:00+00:00,2025-04-10 13:32:00+00:00,short,18750.75,18750.0,18749.75,18774.75,18724.75,18699.75,18674.75,18649.75,71.61894416289799,70-79,-53.61894416289799,25.0,False,False,False,False,True,stop,18774.75,18775.0,-25.25,0.0,-25.25,-1.01,8.0,93.25,0.32,3.73,1,0.0,0,2025-04-10,3.2642487046632125,0.4325932707713436,0.6463906192744595,strong_bearish,3.846465854023013,1.02368020362248,bearish,bearish,True,True,False,False,reversal,True,True,False,True,bearish,strong,80.15786802414988,34.464285714285715,85.75,92.5,2.488082901554404,2.6839378238341967,0.04864864864864865,1.0236802036224801,True,False,False,False,False,2025
226,186872,186873,186873,2025-04-11 14:00:00+00:00,2025-04-11 14:01:00+00:00,2025-04-11 14:01:00+00:00,short,18517.5,18519.75,18519.5,18544.5,18494.5,18469.5,18444.5,18419.5,71.05454054034902,70-79,-31.054540540349024,25.0,False,False,False,False,True,stop,18544.5,18544.75,-25.25,0.0,-25.25,-1.01,39.0,47.25,1.56,1.89,1,0.0,0,2025-04-11,1.4062392869386355,1.450402144772118,0.2284001997669386,partial_bearish,1.3050357357193518,0.7583539407773762,neutral,bearish,True,False,True,False,reversal,True,False,False,False,bearish,strong,75.45450450290849,52.089285714285715,32.5,82.25,0.6239286938635584,1.5790195406239287,0.16109422492401215,0.7583539407773762,True,False,False,False,False,2025
227,188224,188225,188227,2025-04-14 13:32:00+00:00,2025-04-14 13:33:00+00:00,2025-04-14 13:35:00+00:00,long,19197.25,19196.5,19196.75,19171.75,19221.75,19246.75,19271.75,19296.75,77.13251508434828,70-79,54.132515084348285,25.0,False,False,False,False,True,stop,19171.75,19171.5,-25.25,0.0,-25.25,-1.01,24.75,48.5,0.99,1.94,3,2.0,0,2025-04-14,2.883468834688347,1.4131218457101655,2.413793103448276,partial_bullish,4.489560039196965,1.070792906925875,bullish,bullish,False,True,True,True,continuation,True,False,False,False,neutral,none,26.104292369569066,19.767857142857142,0.75,50.0,0.037940379403794036,2.5293586269196027,0.15,1.070792906925875,False,False,False,False,False,2025
228,188233,188234,188235,2025-04-14 13:41:00+00:00,2025-04-14 13:42:00+00:00,2025-04-14 13:43:00+00:00,long,19046.0,19046.75,19047.0,19022.0,19072.0,19097.0,19122.0,19147.0,76.0,70-79,70.43386965209362,25.0,False,False,False,False,True,stop,19022.0,19021.75,-25.25,0.0,-25.25,-1.01,5.25,45.25,0.21,1.81,2,1.0,0,2025-04-14,1.906875543951262,2.342741935483871,2.413793103448276,partial_bearish,1.7781089679286923,1.3590659160113037,bullish,bullish,True,False,False,False,reversal,True,False,False,False,bearish,moderate,71.38441956588646,41.035714285714285,13.5,39.5,0.32898172323759794,0.9625761531766754,0.379746835443038,1.3590659160113037,False,False,False,False,False,2025
229,188245,188246,188246,2025-04-14 13:53:00+00:00,2025-04-14 13:54:00+00:00,2025-04-14 13:54:00+00:00,long,19095.75,19095.75,19096.0,19071.0,19121.0,19146.0,19171.0,19196.0,80.51793660124231,80-89,60.51793660124231,25.0,False,False,False,False,True,stop,19071.0,19070.75,-25.25,0.0,-25.25,-1.01,12.75,29.75,0.51,1.19,1,0.0,0,2025-04-14,0.9433650268706076,3.494565217391304,1.3624429223744292,partial_bearish,1.0327675377076937,1.210773376604561,bullish,bullish,True,True,True,False,reversal,True,True,False,True,bullish,moderate,70.98280501035258,43.19642857142857,45.25,75.25,1.0475403059115338,1.7420421661843737,0.9102990033222591,1.210773376604561,True,True,True,False,False,2025
230,188247,188248,188248,2025-04-14 13:55:00+00:00,2025-04-14 13:56:00+00:00,2025-04-14 13:56:00+00:00,long,19091.75,19092.5,19092.75,19067.75,19117.75,19142.75,19167.75,19192.75,72.0,70-79,57.49208882592959,25.0,False,False,False,False,True,stop,19067.75,19067.5,-25.25,0.0,-25.25,-1.01,5.0,42.0,0.2,1.68,1,0.0,0,2025-04-14,0.2455089820359281,2.781758957654723,1.3624429223744292,partial_bearish,0.6593662342752852,0.8684219017197431,bullish,bullish,True,True,True,False,reversal,True,False,False,False,neutral,none,20.899259783920044,41.75,3.75,29.0,0.08982035928143713,0.6946107784431138,0.6637931034482759,0.8684219017197431,True,False,False,False,False,2025
231,189620,189621,189630,2025-04-15 13:48:00+00:00,2025-04-15 13:49:00+00:00,2025-04-15 13:58:00+00:00,long,19098.75,19098.5,19098.75,19073.75,19123.75,19148.75,19173.75,19198.75,72.1435962703327,70-79,64.1435962703327,25.0,False,False,False,False,True,stop,19073.75,19073.5,-25.25,0.0,-25.25,-1.01,19.0,33.25,0.76,1.33,10,9.0,0,2025-04-15,1.0604861503674392,3.357142857142857,4.104863746119351,strong_bullish,1.0885233936317569,0.9666632293799624,bullish,bullish,False,True,True,False,continuation,True,False,False,False,bullish,moderate,67.86330225277239,31.589285714285715,23.25,24.5,0.7360090446579989,0.7755794234030525,0.9489795918367347,0.9666632293799625,True,False,False,True,False,2025
232,190983,190984,190989,2025-04-16 13:31:00+00:00,2025-04-16 13:32:00+00:00,2025-04-16 13:37:00+00:00,short,18639.0,18639.0,18638.75,18663.75,18613.75,18588.75,18563.75,18538.75,70.0,70-79,-24.859762385115445,25.0,True,False,False,False,True,stop,18663.75,18664.0,-25.25,0.0,-25.25,-1.01,26.75,29.0,1.07,1.16,6,5.0,1,2025-04-16,1.2845227062094533,1.630012936610608,2.5448997384481253,partial_bearish,5.044498965699717,1.1752970186056937,bearish,bearish,True,True,True,False,reversal,True,False,True,True,bullish,strong,92.83531345737129,19.267857142857142,26.25,56.75,1.3623725671918443,2.9453197405004636,0.9427312775330396,1.1752970186056937,False,False,False,False,False,2025
233,190997,190998,191001,2025-04-16 13:45:00+00:00,2025-04-16 13:46:00+00:00,2025-04-16 13:49:00+00:00,short,18607.0,18606.75,18606.5,18631.5,18581.5,18556.5,18531.5,18506.5,82.01392242847544,80-89,-50.01392242847544,25.0,False,False,False,False,True,stop,18631.5,18631.75,-25.25,0.0,-25.25,-1.01,22.5,27.25,0.9,1.09,4,3.0,0,2025-04-16,1.4254545454545453,0.8289473684210527,1.336795844986017,partial_bearish,1.3795319264069263,1.0710393992306582,bearish,bearish,True,True,True,False,reversal,True,True,False,True,bearish,strong,83.44935357062863,29.464285714285715,30.0,42.25,1.018181818181818,1.4339393939393938,0.11834319526627218,1.0710393992306582,True,True,True,False,False,2025
234,191020,191021,191036,2025-04-16 14:08:00+00:00,2025-04-16 14:09:00+00:00,2025-04-16 14:24:00+00:00,short,18584.5,18584.5,18584.25,18609.25,18559.25,18534.25,18509.25,18484.25,72.1910958915282,70-79,-34.19109589152821,25.0,True,False,False,False,True,stop,18609.25,18609.5,-25.25,0.0,-25.25,-1.01,49.25,29.25,1.97,1.17,16,15.0,1,2025-04-16,1.897590361445783,2.368810916179337,2.534695315251849,partial_bearish,1.0586289603338843,0.987074220295331,bearish,bearish,False,False,True,False,continuation,True,False,False,False,neutral,none,34.925799096068346,23.714285714285715,2.75,26.0,0.11596385542168675,1.0963855421686746,0.2980769230769231,0.987074220295331,False,False,False,False,False,2025
235,195122,195123,195137,2025-04-22 13:30:00+00:00,2025-04-22 13:31:00+00:00,2025-04-22 13:45:00+00:00,long,18114.0,18114.0,18114.25,18089.25,18139.25,18164.25,18189.25,18214.25,78.0,70-79,46.30802337648152,25.0,True,True,True,True,False,tp4,18214.25,18214.0,99.75,0.0,99.75,3.99,129.25,14.0,5.17,0.56,15,14.0,4,2025-04-22,3.079563182527301,0.6908358509566969,2.695059625212947,partial_bullish,9.55980144235272,1.1149707793981103,bullish,bullish,True,True,True,True,reversal,True,False,True,True,bearish,strong,80.76647186265407,11.446428571428571,38.25,53.0,3.341653666146646,4.6302652106084246,0.14150943396226415,1.1149707793981103,False,False,False,False,False,2025
236,195162,195163,195165,2025-04-22 14:10:00+00:00,2025-04-22 14:11:00+00:00,2025-04-22 14:13:00+00:00,long,18303.5,18303.5,18303.75,18278.75,18328.75,18353.75,18378.75,18403.75,73.91206176781884,70-79,51.91206176781884,25.0,False,False,False,False,True,stop,18278.75,18278.5,-25.25,0.0,-25.25,-1.01,2.0,36.0,0.08,1.44,3,2.0,0,2025-04-22,2.9809885931558937,2.2202957674655788,3.8797468354430378,strong_bullish,1.197108678192501,0.8197350044503622,bullish,bullish,False,True,True,False,continuation,True,False,False,False,bullish,strong,82.60051473182371,18.785714285714285,14.75,17.0,0.785171102661597,0.9049429657794678,0.9117647058823529,0.8197350044503622,True,False,False,False,True,2025
237,196508,196509,196509,2025-04-23 13:36:00+00:00,2025-04-23 13:37:00+00:00,2025-04-23 13:37:00+00:00,long,18926.25,18927.0,18927.25,18902.25,18952.25,18977.25,19002.25,19027.25,78.0,70-79,44.23511343753023,25.0,True,True,True,True,False,tp4,19027.25,19027.0,99.75,0.0,99.75,3.99,160.75,10.25,6.43,0.41,1,0.0,4,2025-04-23,2.484602917341977,2.8746666666666667,1.2309058614564832,partial_bullish,2.970018068783878,1.2097548805588474,bullish,bullish,True,True,True,True,reversal,True,False,True,True,bearish,strong,98.04072135391473,22.035714285714285,28.0,37.5,1.2706645056726094,1.701782820097245,0.14666666666666667,1.2097548805588474,False,False,False,False,False,2025
238,196510,196511,196511,2025-04-23 13:38:00+00:00,2025-04-23 13:39:00+00:00,2025-04-23 13:39:00+00:00,long,19040.25,19040.5,19040.75,19015.75,19065.75,19090.75,19115.75,19140.75,74.0,70-79,50.01374164049773,25.0,False,False,False,False,True,stop,19015.75,19015.5,-25.25,0.0,-25.25,-1.01,7.0,74.0,0.28,2.96,1,0.0,0,2025-04-23,0.9147221043699618,2.8746666666666667,1.2309058614564832,strong_bullish,3.460010477604121,2.129480358966092,bullish,bullish,True,True,True,False,reversal,True,False,False,False,bearish,weak,49.8854863291856,42.089285714285715,40.75,123.25,0.9681798896902842,2.928298684768774,0.40973630831643004,2.1294803589660916,True,False,False,False,True,2025
239,196512,196513,196513,2025-04-23 13:40:00+00:00,2025-04-23 13:41:00+00:00,2025-04-23 13:41:00+00:00,long,19006.0,19005.75,19006.0,18981.0,19031.0,19056.0,19081.0,19106.0,81.39573669851328,80-89,63.39573669851328,25.0,False,False,False,False,True,stop,18981.0,18980.75,-25.25,0.0,-25.25,-1.01,55.5,26.0,2.22,1.04,1,0.0,0,2025-04-23,1.0193457615195216,2.0387736699729486,1.2309058614564832,strong_bullish,1.5872002209239109,1.156911464066677,bullish,bullish,True,True,True,False,reversal,True,False,False,False,neutral,none,28.29780582094398,50.767857142857146,13.25,65.5,0.2609919099542736,1.2901864227928244,0.49236641221374045,1.156911464066677,False,False,False,False,False,2025
240,196555,196556,196568,2025-04-23 14:23:00+00:00,2025-04-23 14:24:00+00:00,2025-04-23 14:36:00+00:00,long,19060.75,19060.0,19060.25,19035.25,19085.25,19110.25,19135.25,19160.25,85.28288574606705,80-89,61.28288574606705,25.0,True,True,True,True,False,tp4,19160.25,19160.0,99.75,0.0,99.75,3.99,105.5,19.25,4.22,0.77,13,12.0,4,2025-04-23,2.0469973890339426,0.2348555452003728,1.456561922365989,partial_bullish,1.3922439283530623,1.1036071825838234,bullish,bullish,True,True,True,True,reversal,True,True,False,True,bullish,strong,94.02404788389215,34.19642857142857,45.0,57.5,1.3159268929503918,1.6814621409921673,0.9260869565217391,1.1036071825838234,True,True,True,False,True,2025
241,197890,197891,197898,2025-04-24 13:38:00+00:00,2025-04-24 13:39:00+00:00,2025-04-24 13:46:00+00:00,long,18884.25,18885.0,18885.25,18860.25,18910.25,18935.25,18960.25,18985.25,74.0,70-79,52.25006847308572,25.0,True,True,True,True,False,tp4,18985.25,18985.0,99.75,0.0,99.75,3.99,104.0,8.0,4.16,0.32,8,7.0,4,2025-04-24,0.6591707659873507,1.9041986989946773,1.3694016481547833,strong_bullish,2.35191637630662,1.0273652167946454,bullish,bullish,True,True,True,False,reversal,True,False,False,False,neutral,none,31.24942939095236,25.410714285714285,9.25,45.75,0.3640196767392832,1.8004216444132115,0.6229508196721312,1.0273652167946454,False,False,False,False,False,2025
242,197903,197904,197920,2025-04-24 13:51:00+00:00,2025-04-24 13:52:00+00:00,2025-04-24 14:08:00+00:00,long,18994.75,18994.5,18994.75,18969.75,19019.75,19044.75,19069.75,19094.75,70.6026554579305,70-79,48.602655457930496,25.0,True,True,True,True,False,tp4,19094.75,19094.5,99.75,0.0,99.75,3.99,111.5,4.0,4.46,0.16,17,16.0,4,2025-04-24,0.7912584777694046,3.5728777362520026,2.7495170637475854,strong_bullish,0.6307795856256585,0.5935604678539712,bullish,bullish,False,False,True,False,continuation,True,False,False,False,bullish,weak,55.02212881608751,23.696428571428573,10.75,18.5,0.453654860587792,0.7807083647324792,0.9594594594594594,0.5935604678539712,True,False,False,True,False,2025
243,197922,197923,197948,2025-04-24 14:10:00+00:00,2025-04-24 14:11:00+00:00,2025-04-24 14:36:00+00:00,long,19061.0,19061.0,19061.25,19036.25,19086.25,19111.25,19136.25,19161.25,74.0,70-79,64.56020139232376,25.0,True,True,True,True,False,tp4,19161.25,19161.0,99.75,0.0,99.75,3.99,110.0,11.75,4.4,0.47,26,25.0,4,2025-04-24,0.9936305732484076,3.5476839237057223,3.140792136455623,partial_bullish,1.6731606257008724,1.2997482595952958,bullish,bullish,False,False,True,False,continuation,True,False,True,True,bearish,moderate,70.33165506396864,19.625,33.25,37.0,1.694267515923567,1.8853503184713376,0.06756756756756757,1.2997482595952958,False,False,False,False,False,2025
244,199265,199266,199267,2025-04-25 13:33:00+00:00,2025-04-25 13:34:00+00:00,2025-04-25 13:35:00+00:00,short,19309.25,19309.5,19309.25,19333.5,19284.25,19259.25,19234.25,19209.25,78.0,70-79,-53.26206384558277,24.25,False,False,False,False,True,stop,19333.5,19333.75,-24.5,0.0,-24.5,-1.0103092783505154,4.5,43.5,0.1855670103092783,1.7938144329896908,2,1.0,0,2025-04-25,0.6908358509566969,1.7075295581829495,0.627378759975445,strong_bullish,3.857478958985181,0.9224201930215294,bearish,bearish,True,True,True,True,reversal,True,False,True,True,bullish,moderate,64.4828012868102,17.732142857142858,46.25,46.5,2.608257804632427,2.622356495468278,0.9946236559139785,0.9224201930215294,False,False,False,False,False,2025
245,199269,199270,199283,2025-04-25 13:37:00+00:00,2025-04-25 13:38:00+00:00,2025-04-25 13:51:00+00:00,short,19349.75,19350.0,19349.75,19374.75,19324.75,19299.75,19274.75,19249.75,90.34557982640746,90-100,-58.34557982640746,25.0,True,True,True,True,False,tp4,19249.75,19250.0,99.75,0.0,99.75,3.99,104.25,13.5,4.17,0.54,14,13.0,4,2025-04-25,3.8636003172085647,2.2747909199522103,0.627378759975445,strong_bullish,1.8292631901926053,0.7832832683384194,bearish,bearish,True,True,True,True,reversal,True,False,False,False,neutral,none,19.546498553395438,22.517857142857142,3.75,18.5,0.16653449643140364,0.8215701823949246,0.6891891891891891,0.7832832683384194,False,False,False,False,False,2025
246,200647,200648,200648,2025-04-28 13:35:00+00:00,2025-04-28 13:36:00+00:00,2025-04-28 13:36:00+00:00,long,19516.0,19516.25,19516.5,19491.5,19541.5,19566.5,19591.5,19616.5,82.68955638620517,80-89,38.68955638620517,25.0,False,False,False,False,True,stop,19491.5,19491.25,-25.25,0.0,-25.25,-1.01,6.0,33.75,0.24,1.35,1,0.0,0,2025-04-28,2.4432809773123907,2.544358311800172,2.1363088057901085,partial_bearish,3.281106653954777,1.040828554309681,bullish,bullish,True,True,False,False,reversal,True,True,False,True,bullish,weak,55.74630321837635,20.464285714285715,19.0,34.75,0.9284467713787085,1.6980802792321117,0.8561151079136691,1.0408285543096807,False,False,False,False,False,2025
247,203410,203411,203430,2025-04-30 13:38:00+00:00,2025-04-30 13:39:00+00:00,2025-04-30 13:58:00+00:00,short,19211.25,19211.75,19211.5,19236.5,19186.5,19161.5,19136.5,19111.5,72.59346602272083,70-79,-58.59346602272083,25.0,True,True,True,True,False,tp4,19111.5,19111.75,99.75,0.0,99.75,3.99,100.25,4.25,4.01,0.17,20,19.0,4,2025-04-30,2.2786683107274968,1.112927191679049,3.76482617586912,partial_bearish,1.808515411189376,1.0359139094121426,bearish,bearish,True,True,True,False,reversal,True,False,False,False,bearish,strong,79.9455501893403,28.964285714285715,12.75,31.0,0.4401972872996301,1.0702836004932181,0.12903225806451613,1.0359139094121426,True,False,False,False,True,2025
248,203433,203434,203441,2025-04-30 14:01:00+00:00,2025-04-30 14:02:00+00:00,2025-04-30 14:09:00+00:00,short,19187.25,19185.75,19185.5,19210.5,19160.5,19135.5,19110.5,19085.5,70.0,70-79,-56.565026435105096,25.0,True,False,False,False,True,stop,19210.5,19210.75,-25.25,0.0,-25.25,-1.01,35.0,39.5,1.4,1.58,8,7.0,1,2025-04-30,1.9370546318289783,3.426607081471296,2.6435315131411072,partial_bearish,1.3933667142789874,1.2640257447172067,bearish,bearish,True,True,False,False,reversal,True,False,False,False,bullish,moderate,70.2914463741242,30.071428571428573,19.5,33.25,0.6484560570071258,1.1057007125890737,0.9398496240601504,1.2640257447172067,False,False,False,False,False,2025
249,204782,204783,204803,2025-05-01 13:30:00+00:00,2025-05-01 13:31:00+00:00,2025-05-01 13:51:00+00:00,short,19961.25,19961.0,19960.75,19985.75,19935.75,19910.75,19885.75,19860.75,73.58785292853206,70-79,-29.587852928532055,25.0,True,True,False,False,True,stop,19985.75,19986.0,-25.25,0.0,-25.25,-1.01,72.25,37.25,2.89,1.49,21,20.0,2,2025-05-01,2.0302114803625377,1.0065359477124185,1.590027700831025,partial_bearish,5.663485221674876,0.817142444652981,neutral,bearish,True,True,True,True,reversal,True,True,False,True,bearish,strong,79.89877440443377,11.821428571428571,10.25,32.75,0.8670694864048338,2.770392749244713,0.10687022900763359,0.817142444652981,True,False,False,False,False,2025
250,206187,206188,206189,2025-05-02 13:55:00+00:00,2025-05-02 13:56:00+00:00,2025-05-02 13:57:00+00:00,long,20094.25,20093.75,20094.0,20069.0,20119.0,20144.0,20169.0,20194.0,76.17365610062679,70-79,58.17365610062679,25.0,False,False,False,False,True,stop,20069.0,20068.75,-25.25,0.0,-25.25,-1.01,6.0,36.5,0.24,1.46,2,1.0,0,2025-05-02,0.3963855421686747,0.41875,3.734833266372037,partial_bullish,0.8247252019600053,0.8520098848196191,bullish,bullish,True,True,True,False,reversal,True,False,False,False,bullish,moderate,68.1138008385565,29.642857142857142,19.5,25.75,0.6578313253012048,0.8686746987951808,0.9611650485436893,0.8520098848196191,True,True,True,False,True,2025
251,206190,206191,206208,2025-05-02 13:58:00+00:00,2025-05-02 13:59:00+00:00,2025-05-02 14:16:00+00:00,long,20065.5,20066.0,20066.25,20041.25,20091.25,20116.25,20141.25,20166.25,72.0,70-79,51.137231701105534,25.0,True,True,True,True,False,tp4,20166.25,20166.0,99.75,0.0,99.75,3.99,105.0,9.75,4.2,0.39,18,17.0,4,2025-05-02,0.1753287413901064,0.41875,3.734833266372037,partial_bullish,0.722860057012841,0.7766444687965383,bullish,bullish,True,True,True,False,reversal,True,False,False,False,neutral,none,23.856402490787193,28.517857142857142,2.25,21.0,0.07889793362554791,0.736380713838447,0.5,0.7766444687965383,False,False,False,False,False,2025
252,206212,206213,206272,2025-05-02 14:20:00+00:00,2025-05-02 14:21:00+00:00,2025-05-02 15:20:00+00:00,long,20133.0,20132.75,20133.0,20108.0,20158.0,20183.0,20208.0,20233.0,78.0,70-79,69.64391703014135,25.0,True,True,False,False,False,max_holding_time,20175.25,20175.0,42.0,0.0,42.0,1.68,61.25,17.5,2.45,0.7,60,59.0,2,2025-05-02,1.0196078431372548,1.5990547459629776,1.029683377308707,partial_bullish,1.6165614840313636,1.365038352846185,bullish,bullish,True,True,True,False,reversal,True,False,False,False,bearish,moderate,61.30069141548873,19.125,14.0,36.25,0.7320261437908496,1.8954248366013071,0.593103448275862,1.365038352846185,False,False,False,False,False,2025
253,207563,207564,207623,2025-05-05 13:51:00+00:00,2025-05-05 13:52:00+00:00,2025-05-05 14:51:00+00:00,long,20018.0,20019.0,20019.25,19994.25,20044.25,20069.25,20094.25,20119.25,72.0,70-79,48.75955225883316,25.0,True,True,True,False,False,max_holding_time,20084.5,20084.25,65.0,0.0,65.0,2.6,91.75,11.0,3.67,0.44,60,59.0,3,2025-05-05,1.0120481927710845,1.6488011283497883,1.4206642066420665,partial_bullish,0.9546204002098478,0.7228488330850535,bullish,bullish,True,True,True,False,reversal,True,False,False,False,bearish,moderate,60.337064509723646,22.232142857142858,10.5,17.0,0.472289156626506,0.7646586345381526,0.14705882352941177,0.7228488330850535,False,False,False,False,False,2025
254,208923,208924,208924,2025-05-06 13:31:00+00:00,2025-05-06 13:32:00+00:00,2025-05-06 13:32:00+00:00,short,19816.75,19816.75,19816.5,19841.5,19791.5,19766.5,19741.5,19716.5,78.0,70-79,-69.34415576986878,25.0,False,False,False,False,True,stop,19841.5,19841.75,-25.25,0.0,-25.25,-1.01,1.0,27.25,0.04,1.09,1,0.0,0,2025-05-06,2.2016129032258065,1.904,1.6402640264026402,partial_bearish,4.771607404447996,0.8198052876640239,bearish,bearish,True,False,True,False,reversal,True,False,True,True,bullish,moderate,63.798701917760155,13.285714285714286,22.5,31.0,1.693548387096774,2.333333333333333,0.9112903225806451,0.8198052876640239,False,False,False,False,False,2025
255,208925,208926,208931,2025-05-06 13:33:00+00:00,2025-05-06 13:34:00+00:00,2025-05-06 13:39:00+00:00,short,19828.75,19828.75,19828.5,19853.5,19803.5,19778.5,19753.5,19728.5,80.8539921813135,80-89,-46.8539921813135,25.0,False,False,False,False,True,stop,19853.5,19853.75,-25.25,0.0,-25.25,-1.01,9.5,36.0,0.38,1.44,6,5.0,0,2025-05-06,2.41726618705036,1.904,1.6402640264026402,partial_bearish,2.803480242828026,0.8684494592557893,bearish,bearish,True,False,True,False,reversal,True,False,False,False,neutral,none,23.783268177612534,14.892857142857142,1.25,19.75,0.08393285371702638,1.3261390887290168,0.6962025316455697,0.8684494592557893,False,False,False,False,False,2025
256,210302,210303,210303,2025-05-07 13:30:00+00:00,2025-05-07 13:31:00+00:00,2025-05-07 13:31:00+00:00,short,19867.25,19867.5,19867.25,19892.25,19842.25,19817.25,19792.25,19767.25,83.51854943016815,80-89,-57.51854943016815,25.0,False,False,False,False,True,stop,19892.25,19892.5,-25.25,0.0,-25.25,-1.01,0.75,48.25,0.03,1.93,1,0.0,0,2025-05-07,3.1561996779388086,0.7419354838709677,0.7024835276229093,strong_bearish,6.901692372603254,0.8981867877101789,bearish,bearish,True,True,True,True,reversal,True,True,False,True,bearish,strong,79.32124525140121,11.089285714285714,32.5,37.0,2.930756843800322,3.3365539452495976,0.033783783783783786,0.8981867877101789,True,False,False,False,False,2025
257,210305,210306,210316,2025-05-07 13:33:00+00:00,2025-05-07 13:34:00+00:00,2025-05-07 13:44:00+00:00,short,19906.5,19906.0,19905.75,19930.75,19880.75,19855.75,19830.75,19805.75,73.0,70-79,-61.40143545020257,25.0,True,False,False,False,True,stop,19930.75,19931.0,-25.25,0.0,-25.25,-1.01,38.5,28.5,1.54,1.14,11,10.0,1,2025-05-07,0.676923076923077,0.7419354838709677,0.7024835276229093,partial_bearish,2.4395274704669045,0.7135903026313986,bearish,bearish,True,True,True,False,reversal,True,False,False,False,neutral,none,29.988037914978555,16.25,8.0,22.25,0.49230769230769234,1.3692307692307693,0.3595505617977528,0.7135903026313986,False,False,False,False,False,2025
258,211723,211724,211730,2025-05-08 14:11:00+00:00,2025-05-08 14:12:00+00:00,2025-05-08 14:18:00+00:00,short,20043.25,20044.0,20043.75,20068.75,20018.75,19993.75,19968.75,19943.75,77.81445927106154,70-79,-77.81445927106154,25.0,False,False,False,False,True,stop,20068.75,20069.0,-25.25,0.0,-25.25,-1.01,18.75,28.25,0.75,1.13,7,6.0,0,2025-05-08,2.2562449637389204,1.614814814814815,1.8155430711610483,strong_bearish,1.360731764655596,1.2680740888269268,bearish,bearish,True,True,True,False,reversal,True,True,False,True,bearish,strong,81.78716059217952,22.160714285714285,28.0,35.5,1.2634971796937955,1.6019339242546333,0.06338028169014084,1.2680740888269268,True,False,False,False,False,2025
259,213063,213064,213084,2025-05-09 13:31:00+00:00,2025-05-09 13:32:00+00:00,2025-05-09 13:52:00+00:00,long,20236.75,20237.0,20237.25,20212.25,20262.25,20287.25,20312.25,20337.25,78.0,70-79,66.36907254398753,25.0,True,False,False,False,True,stop,20212.25,20212.0,-25.25,0.0,-25.25,-1.01,42.5,31.25,1.7,1.25,21,20.0,1,2025-05-09,0.3127147766323024,1.7254054054054055,0.5578996718237225,partial_bullish,6.648038571115494,0.7213516277078924,bullish,bullish,True,True,True,False,reversal,True,False,False,False,bearish,weak,55.2577288001039,10.392857142857142,15.25,26.0,1.4673539518900345,2.5017182130584192,0.2980769230769231,0.7213516277078924,False,False,False,False,False,2025
260,213090,213091,213097,2025-05-09 13:58:00+00:00,2025-05-09 13:59:00+00:00,2025-05-09 14:05:00+00:00,long,20256.0,20256.5,20256.75,20231.75,20281.75,20306.75,20331.75,20356.75,76.40249735495195,70-79,66.40249735495195,25.0,False,False,False,False,True,stop,20231.75,20231.5,-25.25,0.0,-25.25,-1.01,10.0,25.5,0.4,1.02,7,6.0,0,2025-05-09,2.1346534653465348,0.0715502555366269,0.6346830985915494,strong_bullish,1.3815411155836683,1.2635177332938896,bullish,bullish,True,True,True,False,reversal,True,True,False,True,bullish,moderate,70.0208112912662,18.035714285714285,15.0,20.0,0.8316831683168318,1.108910891089109,0.7875,1.2635177332938896,True,True,True,False,False,2025
261,215825,215826,215853,2025-05-13 13:33:00+00:00,2025-05-13 13:34:00+00:00,2025-05-13 14:01:00+00:00,long,21033.75,21033.75,21034.0,21009.0,21059.0,21084.0,21109.0,21134.0,74.58351682193376,70-79,48.58351682193376,25.0,True,True,True,True,False,tp4,21134.0,21133.75,99.75,0.0,99.75,3.99,106.5,14.0,4.26,0.56,28,27.0,4,2025-05-13,2.617611580217129,0.0779401530967293,1.223157894736842,strong_bullish,3.08350354439505,0.9178761239189992,bullish,neutral,True,True,True,True,reversal,True,True,False,True,bullish,strong,88.19597351611459,14.803571428571429,13.25,18.0,0.8950542822677925,1.2159227985524728,0.9583333333333334,0.9178761239189991,True,True,True,False,True,2025
262,219946,219947,219956,2025-05-16 13:31:00+00:00,2025-05-16 13:32:00+00:00,2025-05-16 13:41:00+00:00,long,21425.5,21425.0,21425.25,21400.25,21450.25,21475.25,21500.25,21525.25,78.0,70-79,55.85663179344012,25.0,False,False,False,False,True,stop,21400.25,21400.0,-25.25,0.0,-25.25,-1.01,20.25,32.0,0.81,1.28,10,9.0,0,2025-05-16,1.3689516129032258,1.0528200537153087,0.9499341238471674,partial_bearish,3.018636181118171,0.7796343405135339,bullish,bullish,True,False,True,False,reversal,True,False,False,False,bearish,strong,76.19473505466567,17.714285714285715,10.0,21.75,0.564516129032258,1.2278225806451613,0.3448275862068966,0.7796343405135339,False,False,False,False,False,2025
263,219961,219962,219975,2025-05-16 13:46:00+00:00,2025-05-16 13:47:00+00:00,2025-05-16 14:00:00+00:00,long,21433.25,21433.5,21433.75,21408.75,21458.75,21483.75,21508.75,21533.75,75.59861282373649,70-79,47.59861282373649,25.0,False,False,False,False,True,stop,21408.75,21408.5,-25.25,0.0,-25.25,-1.01,15.25,43.75,0.61,1.75,14,13.0,0,2025-05-16,1.695121951219512,2.037735849056604,2.461453133666112,partial_bearish,0.7462918986257641,0.6324123711340206,bullish,bullish,True,True,False,False,reversal,True,False,False,False,bullish,weak,46.6551068644707,20.5,6.75,14.25,0.32926829268292684,0.6951219512195121,0.9298245614035088,0.6324123711340206,False,False,False,False,False,2025
264,221378,221379,221381,2025-05-19 14:23:00+00:00,2025-05-19 14:24:00+00:00,2025-05-19 14:26:00+00:00,long,21433.25,21433.0,21433.25,21409.25,21458.25,21483.25,21508.25,21533.25,70.5473753409588,70-79,44.5473753409588,24.0,False,False,False,False,True,stop,21409.25,21409.0,-24.25,0.0,-24.25,-1.0104166666666667,10.25,30.75,0.4270833333333333,1.28125,3,2.0,0,2025-05-19,1.2228443449048152,2.024162120031177,4.341408870667164,partial_bullish,0.8540544574776411,0.7166939802298514,bullish,bullish,False,True,True,False,continuation,True,False,False,False,neutral,none,21.228127841323307,15.946428571428571,3.25,15.5,0.2038073908174692,0.9720044792833147,0.3709677419354839,0.7166939802298514,False,False,False,False,False,2025
265,222722,222723,222727,2025-05-20 13:47:00+00:00,2025-05-20 13:48:00+00:00,2025-05-20 13:52:00+00:00,short,21365.25,21365.25,21365.0,21390.0,21340.0,21315.0,21290.0,21265.0,84.4,80-89,-66.4,25.0,False,False,False,False,True,stop,21390.0,21390.25,-25.25,0.0,-25.25,-1.01,11.0,49.75,0.44,1.99,5,4.0,0,2025-05-20,2.46242774566474,1.5138121546961325,1.4088669950738917,strong_bearish,2.3539212736907875,1.9187022540790344,bearish,bearish,True,True,True,False,reversal,True,True,False,True,bearish,strong,86.66666666666666,21.625,34.0,41.0,1.5722543352601157,1.8959537572254335,0.036585365853658534,1.9187022540790342,True,True,True,False,False,2025
266,222763,222764,222773,2025-05-20 14:28:00+00:00,2025-05-20 14:29:00+00:00,2025-05-20 14:38:00+00:00,short,21390.5,21390.25,21390.0,21415.0,21365.0,21340.0,21315.0,21290.0,77.1995936255173,70-79,-77.1995936255173,25.0,False,False,False,False,True,stop,21415.0,21415.25,-25.25,0.0,-25.25,-1.01,8.5,38.5,0.34,1.54,10,9.0,0,2025-05-20,1.2599999999999998,0.0999553770638107,1.5772448410485218,partial_bearish,1.8684039954129203,1.1500296663052152,bearish,bearish,True,False,True,False,reversal,True,False,False,False,bearish,moderate,68.32994687931074,16.071428571428573,15.0,31.0,0.9333333333333332,1.9288888888888887,0.3870967741935484,1.1500296663052152,True,True,True,False,False,2025
267,224085,224086,224087,2025-05-21 13:30:00+00:00,2025-05-21 13:31:00+00:00,2025-05-21 13:32:00+00:00,short,21303.75,21304.0,21303.75,21328.75,21278.75,21253.75,21228.75,21203.75,78.0,70-79,-69.08539187525646,25.0,False,False,False,False,True,stop,21328.75,21329.0,-25.25,0.0,-25.25,-1.01,7.0,34.5,0.28,1.38,2,1.0,0,2025-05-21,2.3688212927756656,1.2703941338221814,0.7458710708577516,partial_bearish,8.317611940298507,0.8932601559294214,bearish,bearish,True,False,True,False,reversal,True,False,True,True,bullish,strong,82.6217343728628,9.392857142857142,24.75,27.5,2.634980988593156,2.9277566539923954,0.9727272727272728,0.8932601559294214,False,False,False,False,False,2025
268,225466,225467,225487,2025-05-22 13:31:00+00:00,2025-05-22 13:32:00+00:00,2025-05-22 13:52:00+00:00,short,21203.75,21203.75,21203.5,21228.5,21178.5,21153.5,21128.5,21103.5,78.0,70-79,-32.52605208106061,25.0,True,True,True,False,True,stop,21228.5,21228.75,-25.25,0.0,-25.25,-1.01,89.75,36.5,3.59,1.46,21,20.0,3,2025-05-22,1.1316818774445894,1.0473407364114553,2.201460976547482,partial_bullish,3.7756686798964623,0.8424348986742303,bearish,bearish,True,True,True,True,reversal,True,False,True,True,bullish,strong,95.6162326578282,13.696428571428571,24.75,26.75,1.8070404172099088,1.953063885267275,0.9626168224299065,0.8424348986742303,False,False,False,False,False,2025
269,225496,225497,225507,2025-05-22 14:01:00+00:00,2025-05-22 14:02:00+00:00,2025-05-22 14:12:00+00:00,long,21300.75,21301.25,21301.5,21276.5,21326.5,21351.5,21376.5,21401.5,71.47136797958959,70-79,49.47136797958959,25.0,True,False,False,False,True,stop,21276.5,21276.25,-25.25,0.0,-25.25,-1.01,28.75,26.0,1.15,1.04,11,10.0,1,2025-05-22,1.7523809523809524,3.427604362542309,2.6536758193091234,strong_bullish,1.1351919416243654,0.8618807819403985,bullish,bullish,False,False,True,False,continuation,True,False,False,False,bullish,moderate,62.26139982991321,26.25,10.5,23.0,0.4,0.8761904761904762,0.6847826086956522,0.8618807819403985,True,False,False,False,False,2025
270,229395,229396,229455,2025-05-27 14:00:00+00:00,2025-05-27 14:01:00+00:00,2025-05-27 15:00:00+00:00,long,21324.25,21325.0,21325.25,21300.25,21350.25,21375.25,21400.25,21425.25,70.8,70-79,66.8,25.0,True,True,False,False,False,max_holding_time,21362.5,21362.25,37.0,0.0,37.0,1.48,68.5,6.25,2.74,0.25,60,59.0,2,2025-05-27,2.343283582089552,2.0558252427184467,0.8250825082508251,strong_bullish,2.675650957607058,1.5993889938497408,bullish,bullish,False,True,True,False,continuation,True,True,False,True,bullish,strong,90.0,16.75,30.0,36.5,1.791044776119403,2.1791044776119404,0.8835616438356164,1.5993889938497408,True,False,False,False,False,2025
271,230745,230746,230763,2025-05-28 13:30:00+00:00,2025-05-28 13:31:00+00:00,2025-05-28 13:48:00+00:00,long,21509.75,21509.75,21510.0,21486.0,21535.0,21560.0,21585.0,21610.0,81.29211643024829,80-89,62.292116430248285,24.0,True,True,False,False,True,stop,21486.0,21485.75,-24.25,0.0,-24.25,-1.0104166666666667,54.75,24.0,2.28125,1.0,18,17.0,2,2025-05-28,1.697872340425532,0.1824644549763033,0.4329896907216495,partial_bearish,9.251592356687896,0.980622545360122,bullish,bullish,True,True,True,True,reversal,True,False,False,False,bullish,moderate,69.10097025206909,8.392857142857142,5.0,23.25,0.5957446808510639,2.770212765957447,0.5161290322580645,0.980622545360122,True,False,False,False,True,2025
272,232126,232127,232142,2025-05-29 13:31:00+00:00,2025-05-29 13:32:00+00:00,2025-05-29 13:47:00+00:00,short,21612.5,21612.25,21612.0,21637.0,21587.0,21562.0,21537.0,21512.0,71.59949695601223,70-79,-47.59949695601223,25.0,True,True,True,True,False,tp4,21512.0,21512.25,99.75,0.0,99.75,3.99,104.75,6.0,4.19,0.24,16,15.0,4,2025-05-29,3.9949937421777215,0.8120411160058737,0.6275415896487985,partial_bullish,4.755525331519891,0.9993711950152916,bearish,bearish,False,True,True,False,continuation,True,True,False,True,bearish,strong,96.66247463343528,14.267857142857142,36.75,38.75,2.5757196495619525,2.7158948685857323,0.012903225806451613,0.9993711950152915,True,False,False,False,True,2025
273,232143,232144,232148,2025-05-29 13:48:00+00:00,2025-05-29 13:49:00+00:00,2025-05-29 13:53:00+00:00,short,21518.5,21518.5,21518.25,21543.25,21493.25,21468.25,21443.25,21418.25,82.60815137454235,80-89,-74.60815137454235,25.0,True,False,False,False,True,stop,21543.25,21543.5,-25.25,0.0,-25.25,-1.01,32.75,26.75,1.31,1.07,5,4.0,1,2025-05-29,1.3759750390015602,4.5928270042194095,2.7787072243346005,strong_bearish,0.9269339474510624,1.000828843762951,bearish,bearish,True,True,True,False,reversal,True,False,False,False,neutral,none,38.40126145451951,22.892857142857142,4.0,24.0,0.1747269890795632,1.0483619344773791,0.7604166666666666,1.0008288437629507,True,False,False,False,False,2025
274,232182,232183,232187,2025-05-29 14:27:00+00:00,2025-05-29 14:28:00+00:00,2025-05-29 14:32:00+00:00,short,21448.5,21449.0,21448.75,21473.75,21423.75,21398.75,21373.75,21348.75,70.0,70-79,-57.99158900252662,25.0,False,False,False,False,True,stop,21473.75,21474.0,-25.25,0.0,-25.25,-1.01,7.25,25.25,0.29,1.01,5,4.0,0,2025-05-29,1.613215149073328,2.1403141361256544,3.5489957395009126,partial_bearish,0.9515706158792976,1.332335951460749,bearish,bearish,True,False,False,False,reversal,True,False,False,False,bullish,weak,58.40342497894485,22.160714285714285,5.5,14.75,0.24818694601128125,0.6655922643029815,0.7288135593220338,1.332335951460749,False,False,False,False,False,2025
275,233507,233508,233527,2025-05-30 13:32:00+00:00,2025-05-30 13:33:00+00:00,2025-05-30 13:52:00+00:00,short,21340.75,21340.5,21340.25,21365.25,21315.25,21290.25,21265.25,21240.25,83.3605774821664,80-89,-71.3605774821664,25.0,True,True,True,True,False,tp4,21240.25,21240.5,99.75,0.0,99.75,3.99,105.5,14.0,4.22,0.56,20,19.0,4,2025-05-30,1.0905550146056475,1.0441176470588236,2.1189759036144578,partial_bullish,2.663755458515284,0.7007218527080112,bearish,bearish,True,True,True,True,reversal,True,True,False,True,bearish,strong,78.00481235138675,18.339285714285715,26.25,39.5,1.4313534566699122,2.1538461538461537,0.04430379746835443,0.7007218527080112,True,True,True,False,False,2025
276,234922,234923,234926,2025-06-02 14:07:00+00:00,2025-06-02 14:08:00+00:00,2025-06-02 14:11:00+00:00,long,21313.0,21313.75,21314.0,21289.0,21339.0,21364.0,21389.0,21414.0,76.99166755875342,70-79,44.99166755875342,25.0,False,False,False,False,True,stop,21289.0,21288.75,-25.25,0.0,-25.25,-1.01,16.0,33.25,0.64,1.33,4,3.0,0,2025-06-02,1.0733333333333333,3.744435917114352,0.3650851140890981,partial_bullish,0.9619349585044268,1.2179177817751063,bullish,bullish,True,True,True,False,reversal,True,True,False,True,bullish,moderate,74.93056298961181,32.142857142857146,41.25,43.0,1.2833333333333332,1.3377777777777777,0.9767441860465116,1.2179177817751063,True,True,True,False,False,2025
277,236276,236277,236336,2025-06-03 13:41:00+00:00,2025-06-03 13:42:00+00:00,2025-06-03 14:41:00+00:00,long,21559.0,21558.75,21559.0,21534.0,21584.0,21609.0,21634.0,21659.0,70.3627760252366,70-79,49.3627760252366,25.0,True,True,True,False,False,max_holding_time,21609.5,21609.25,50.25,0.0,50.25,2.01,79.75,12.75,3.19,0.51,60,59.0,3,2025-06-03,0.9605678233438486,0.5471537807986406,0.8196500672947511,partial_bullish,2.1191911361783458,1.5111890511227175,bullish,bullish,True,True,False,False,reversal,True,True,False,True,bullish,strong,78.02313354363827,22.642857142857142,26.25,27.25,1.1593059936908519,1.2034700315457414,0.963302752293578,1.5111890511227175,False,False,False,False,True,2025
278,237658,237659,237663,2025-06-04 13:43:00+00:00,2025-06-04 13:44:00+00:00,2025-06-04 13:48:00+00:00,short,21757.25,21756.75,21756.5,21781.5,21731.5,21706.5,21681.5,21656.5,72.2911089243038,70-79,-55.2911089243038,25.0,False,False,False,False,True,stop,21781.5,21781.75,-25.25,0.0,-25.25,-1.01,5.75,26.75,0.23,1.07,5,4.0,0,2025-06-04,1.5899497487437186,3.23347280334728,1.231645569620253,partial_bearish,1.4626391096979332,1.363886155379759,neutral,bearish,True,True,True,False,reversal,True,True,False,True,bearish,strong,85.75924103586505,17.767857142857142,25.0,27.25,1.407035175879397,1.5336683417085428,0.08256880733944955,1.363886155379759,True,True,True,False,False,2025
279,237666,237667,237683,2025-06-04 13:51:00+00:00,2025-06-04 13:52:00+00:00,2025-06-04 14:08:00+00:00,short,21742.5,21742.0,21741.75,21766.75,21716.75,21691.75,21666.75,21641.75,85.35301831868034,80-89,-43.35301831868034,25.0,True,True,True,True,False,tp4,21641.75,21642.0,99.75,0.0,99.75,3.99,100.75,16.0,4.03,0.64,17,16.0,4,2025-06-04,1.870563674321503,2.3315343099460293,2.596710153148043,partial_bullish,1.8187000490246377,1.634074635580459,neutral,bearish,True,True,True,False,reversal,True,False,False,False,bearish,strong,94.60848598900292,17.107142857142858,23.25,35.5,1.3590814196242171,2.0751565762004174,0.33098591549295775,1.634074635580459,True,False,False,True,True,2025
280,239027,239028,239034,2025-06-05 13:32:00+00:00,2025-06-05 13:33:00+00:00,2025-06-05 13:39:00+00:00,long,21792.0,21792.0,21792.25,21767.25,21817.25,21842.25,21867.25,21892.25,73.0,70-79,37.96758488117899,25.0,False,False,False,False,True,stop,21767.25,21767.0,-25.25,0.0,-25.25,-1.01,24.5,52.5,0.98,2.1,7,6.0,0,2025-06-05,0.7945205479452054,0.1145194274028629,0.9034449296458028,partial_bearish,4.769291739795052,1.2288750629098255,bullish,bullish,True,True,True,False,reversal,True,False,False,False,bearish,weak,50.27012599017509,18.25,6.0,42.25,0.3287671232876712,2.315068493150685,0.7692307692307693,1.2288750629098255,False,False,False,False,False,2025
281,239035,239036,239040,2025-06-05 13:40:00+00:00,2025-06-05 13:41:00+00:00,2025-06-05 13:45:00+00:00,long,21774.75,21774.5,21774.75,21749.75,21799.75,21824.75,21849.75,21874.75,73.63894972533649,70-79,39.63894972533649,25.0,False,False,False,False,True,stop,21749.75,21749.5,-25.25,0.0,-25.25,-1.01,20.75,50.5,0.83,2.02,5,4.0,0,2025-06-05,0.5983658076681333,1.435313262815297,0.9034449296458028,partial_bearish,2.224210801657557,1.4668204061992138,bullish,bullish,True,True,False,False,reversal,True,True,False,True,bullish,moderate,63.657914377804104,28.410714285714285,26.5,44.5,0.9327467001885607,1.5663104965430548,0.8932584269662921,1.4668204061992138,False,False,False,False,False,2025
282,243166,243167,243174,2025-06-10 13:31:00+00:00,2025-06-10 13:32:00+00:00,2025-06-10 13:39:00+00:00,short,21840.25,21840.25,21840.0,21865.0,21815.0,21790.0,21765.0,21740.0,70.57597805150372,70-79,-33.575978051503725,25.0,False,False,False,False,True,stop,21865.0,21865.25,-25.25,0.0,-25.25,-1.01,22.0,44.0,0.88,1.76,8,7.0,0,2025-06-10,0.8278260869565218,1.2616279069767442,1.1209341117598,strong_bearish,6.018542497539753,0.8731983708312668,neutral,bearish,True,True,True,False,reversal,True,False,False,False,bearish,weak,54.79981709586437,10.267857142857142,15.25,23.25,1.4852173913043478,2.2643478260869565,0.3225806451612903,0.8731983708312668,False,False,False,False,False,2025
283,245950,245951,245962,2025-06-12 13:55:00+00:00,2025-06-12 13:56:00+00:00,2025-06-12 14:07:00+00:00,short,21850.25,21850.0,21849.75,21874.75,21824.75,21799.75,21774.75,21749.75,75.0,70-79,-49.0,25.0,False,False,False,False,True,stop,21874.75,21875.0,-25.25,0.0,-25.25,-1.01,10.0,53.25,0.4,2.13,12,11.0,0,2025-06-12,1.7969661610268377,1.943313953488372,2.8946444249341527,partial_bullish,2.0995292706884894,2.0847689501418727,bearish,bearish,True,True,True,True,reversal,True,True,False,True,bearish,strong,100.0,15.303571428571429,26.75,34.0,1.7479579929988331,2.221703617269545,0.20588235294117646,2.0847689501418727,True,True,True,False,True,2025
284,247305,247306,247345,2025-06-13 13:30:00+00:00,2025-06-13 13:31:00+00:00,2025-06-13 14:10:00+00:00,long,21721.0,21721.75,21722.0,21697.0,21747.0,21772.0,21797.0,21822.0,70.77796859185739,70-79,58.77796859185739,25.0,True,True,False,False,True,stop,21697.0,21696.75,-25.25,0.0,-25.25,-1.01,74.25,33.25,2.97,1.33,40,39.0,2,2025-06-13,4.106235565819862,1.2673931265716682,0.4623323013415893,strong_bullish,9.599829714772245,1.4724607398217375,bullish,bullish,False,True,True,False,continuation,True,True,False,True,bullish,strong,89.81640493214492,15.464285714285714,41.0,59.25,2.651270207852194,3.8314087759815245,0.9704641350210971,1.4724607398217375,True,False,False,False,False,2025
285,248267,248268,248292,2025-06-16 13:32:00+00:00,2025-06-16 13:33:00+00:00,2025-06-16 13:57:00+00:00,long,22067.0,22067.0,22067.25,22042.25,22092.25,22117.25,22142.25,22167.25,74.0,70-79,43.53587801014051,25.0,True,True,True,True,False,tp4,22167.25,22167.0,99.75,0.0,99.75,3.99,100.75,16.75,4.03,0.67,25,24.0,4,2025-06-16,2.5454545454545454,1.6944770857814335,0.973724884080371,partial_bearish,5.598644202970791,0.8528797600516345,bullish,bullish,True,True,True,True,reversal,True,False,True,True,bearish,weak,53.86768324882908,13.75,12.25,34.0,0.8909090909090909,2.4727272727272727,0.0661764705882353,0.8528797600516345,True,False,False,False,True,2025
286,251025,251026,251027,2025-06-18 13:30:00+00:00,2025-06-18 13:31:00+00:00,2025-06-18 13:32:00+00:00,long,21982.25,21981.75,21982.0,21957.0,22007.0,22032.0,22057.0,22082.0,70.0,70-79,47.62773699488165,25.0,False,False,False,False,True,stop,21957.0,21956.75,-25.25,0.0,-25.25,-1.01,12.0,35.5,0.48,1.42,2,1.0,0,2025-06-18,2.5675675675675675,0.4385542168674698,0.6280373831775701,strong_bearish,14.990799427519931,0.9450584861276704,bullish,bullish,True,False,True,False,reversal,True,False,False,False,bearish,moderate,69.76885837598627,9.25,10.25,34.5,1.1081081081081081,3.72972972972973,0.6086956521739131,0.9450584861276705,False,False,False,False,False,2025
287,251030,251031,251069,2025-06-18 13:35:00+00:00,2025-06-18 13:36:00+00:00,2025-06-18 14:14:00+00:00,long,21949.5,21949.5,21949.75,21924.75,21974.75,21999.75,22024.75,22049.75,73.77685903554115,70-79,65.77685903554115,25.0,True,True,True,True,False,tp4,22049.75,22049.5,99.75,0.0,99.75,3.99,102.5,21.25,4.1,0.85,39,38.0,4,2025-06-18,2.2586206896551726,4.040268456375839,0.6280373831775701,strong_bearish,2.91187305185605,0.971073794426437,bullish,bullish,True,True,False,False,reversal,True,True,False,True,bullish,moderate,64.80715862950959,14.5,19.0,22.75,1.3103448275862069,1.5689655172413792,0.9340659340659341,0.971073794426437,False,False,False,False,False,2025
288,252405,252406,252423,2025-06-19 13:30:00+00:00,2025-06-19 13:31:00+00:00,2025-06-19 13:48:00+00:00,short,21770.0,21771.0,21770.75,21795.75,21745.75,21720.75,21695.75,21670.75,71.96283292810818,70-79,-51.962832928108185,25.0,True,True,True,True,False,tp4,21670.75,21671.0,99.75,0.0,99.75,3.99,120.5,8.5,4.82,0.34,18,17.0,4,2025-06-19,1.2444444444444445,1.581920903954802,1.2876391329818395,partial_bearish,7.647610121836927,0.3672579742945136,bearish,bearish,False,False,True,False,continuation,True,False,False,False,bearish,moderate,66.35694106756814,7.232142857142857,14.0,28.25,1.9358024691358027,3.9061728395061732,0.40707964601769914,0.3672579742945136,True,True,True,False,False,2025
289,252464,252465,252524,2025-06-19 14:29:00+00:00,2025-06-19 14:30:00+00:00,2025-06-19 15:29:00+00:00,short,21717.0,21717.5,21717.25,21742.25,21692.25,21667.25,21642.25,21617.25,71.46593926818012,70-79,-51.46593926818012,25.0,True,False,False,False,False,max_holding_time,21720.0,21720.25,-3.0,0.0,-3.0,-0.12,39.75,23.75,1.59,0.95,60,59.0,1,2025-06-19,0.1233480176211453,1.3701250919793966,1.365698729582577,partial_bearish,1.9691635304115576,0.5989439090136996,bearish,bearish,True,False,False,False,reversal,True,False,False,False,bearish,weak,45.54949390150102,8.107142857142858,4.0,13.25,0.49339207048458145,1.634361233480176,0.03773584905660377,0.5989439090136996,False,False,False,False,False,2025
290,253546,253547,253565,2025-06-20 13:31:00+00:00,2025-06-20 13:32:00+00:00,2025-06-20 13:50:00+00:00,long,22067.25,22067.25,22067.5,22042.5,22092.5,22117.5,22142.5,22167.5,78.0,70-79,59.10965131768919,25.0,True,True,False,False,True,stop,22042.5,22042.25,-25.25,0.0,-25.25,-1.01,63.25,25.0,2.53,1.0,19,18.0,2,2025-06-20,0.589041095890411,1.875207986688852,2.852589641434263,strong_bullish,2.995925468113354,1.0101961268611213,bullish,bullish,True,True,True,False,reversal,True,False,True,True,bearish,weak,57.41957235259012,18.25,19.0,37.75,1.0410958904109588,2.0684931506849313,0.1986754966887417,1.0101961268611213,False,False,False,False,False,2025
291,253588,253589,253591,2025-06-20 14:13:00+00:00,2025-06-20 14:14:00+00:00,2025-06-20 14:16:00+00:00,long,22001.0,22000.5,22000.75,21975.75,22025.75,22050.75,22075.75,22100.75,72.65491803278688,70-79,52.65491803278688,25.0,False,False,False,False,True,stop,21975.75,21975.5,-25.25,0.0,-25.25,-1.01,1.0,27.0,0.04,1.08,3,2.0,0,2025-06-20,1.0471311475409837,3.5488877392653904,0.1765663140764849,partial_bullish,1.0259880315493433,1.7198964942752828,bullish,bullish,True,False,False,False,reversal,True,False,False,False,bullish,weak,55.45765027322403,17.428571428571427,10.5,15.25,0.6024590163934427,0.8750000000000001,0.7704918032786885,1.7198964942752828,False,False,False,False,False,2025
292,253592,253593,253598,2025-06-20 14:17:00+00:00,2025-06-20 14:18:00+00:00,2025-06-20 14:23:00+00:00,long,21981.5,21982.5,21982.75,21957.75,22007.75,22032.75,22057.75,22082.75,70.73731343283582,70-79,70.73731343283582,25.0,False,False,False,False,True,stop,21957.75,21957.5,-25.25,0.0,-25.25,-1.01,20.75,31.0,0.83,1.24,6,5.0,0,2025-06-20,0.5223880597014925,1.937062937062937,0.7194744976816074,strong_bearish,1.032891701272164,1.733662782121257,bullish,bullish,True,False,False,False,reversal,True,False,False,False,neutral,none,39.4776119402985,16.75,1.0,17.0,0.05970149253731343,1.0149253731343284,0.7941176470588235,1.733662782121257,False,False,False,False,False,2025
293,254926,254927,254931,2025-06-23 13:31:00+00:00,2025-06-23 13:32:00+00:00,2025-06-23 13:36:00+00:00,short,21821.0,21820.5,21820.25,21845.25,21795.25,21770.25,21745.25,21720.25,71.51821819648231,70-79,-67.51821819648231,25.0,True,True,False,False,True,stop,21845.25,21845.5,-25.25,0.0,-25.25,-1.01,61.75,34.25,2.47,1.37,5,4.0,2,2025-06-23,3.9651006711409393,0.6796116504854369,0.7210606833248342,partial_bearish,7.074060991404686,1.3977727456028788,bearish,bearish,False,True,True,False,continuation,True,True,False,True,bearish,strong,95.98515163735252,13.303571428571429,27.0,37.75,2.029530201342282,2.8375838926174497,0.2251655629139073,1.3977727456028788,True,False,False,False,True,2025
294,256306,256307,256307,2025-06-24 13:31:00+00:00,2025-06-24 13:32:00+00:00,2025-06-24 13:32:00+00:00,long,22304.5,22304.5,22304.75,22284.0,22329.75,22354.75,22379.75,22404.75,78.25331379205156,70-79,53.25331379205156,20.75,False,False,False,False,True,stop,22284.0,22283.75,-21.0,0.0,-21.0,-1.0120481927710845,10.25,27.25,0.4939759036144578,1.313253012048193,1,0.0,0,2025-06-24,1.0858085808580855,0.2267206477732793,0.0515970515970515,strong_bullish,5.684016177246351,0.9453551113515728,bullish,bullish,True,True,True,False,reversal,True,True,False,True,bullish,strong,77.11094826709629,10.821428571428571,27.25,32.0,2.5181518151815183,2.9570957095709574,0.9453125,0.9453551113515727,True,True,True,False,False,2025
295,259068,259069,259071,2025-06-26 13:33:00+00:00,2025-06-26 13:34:00+00:00,2025-06-26 13:36:00+00:00,long,22540.75,22540.75,22541.0,22516.0,22566.0,22591.0,22616.0,22641.0,71.59106145251397,70-79,66.59106145251397,25.0,False,False,False,False,True,stop,22516.0,22515.75,-25.25,0.0,-25.25,-1.01,5.25,26.0,0.21,1.04,3,2.0,0,2025-06-26,1.1536312849162011,1.1362725450901805,0.8985736925515055,partial_bearish,4.931099548287495,1.6025271764377962,bullish,bullish,True,False,False,False,reversal,True,False,False,False,bullish,weak,46.59217877094972,12.785714285714286,2.5,27.0,0.19553072625698323,2.1117318435754187,0.8796296296296297,1.6025271764377962,False,False,False,False,False,2025
296,260449,260450,260454,2025-06-27 13:34:00+00:00,2025-06-27 13:35:00+00:00,2025-06-27 13:39:00+00:00,short,22718.0,22717.75,22717.5,22742.5,22692.5,22667.5,22642.5,22617.5,73.00185066707482,70-79,-40.00185066707482,25.0,False,False,False,False,True,stop,22742.5,22742.75,-25.25,0.0,-25.25,-1.01,12.0,25.5,0.48,1.02,5,4.0,0,2025-06-27,0.7678571428571429,0.3711558854718981,2.4266666666666667,partial_bearish,2.1753469836471075,1.042030082611987,neutral,bearish,True,True,True,False,reversal,True,False,False,False,bearish,weak,41.6820888922901,14.0,7.25,14.5,0.5178571428571429,1.0357142857142858,0.29310344827586204,1.042030082611987,False,False,False,False,False,2025
297,261842,261843,261902,2025-06-30 13:47:00+00:00,2025-06-30 13:48:00+00:00,2025-06-30 14:47:00+00:00,long,22806.25,22806.25,22806.5,22781.5,22831.5,22856.5,22881.5,22906.5,70.0,70-79,70.0,25.0,True,False,False,False,False,max_holding_time,22829.25,22829.0,22.5,0.0,22.5,0.9,47.5,11.5,1.9,0.46,60,59.0,1,2025-06-30,1.7855530474040633,3.874881516587677,3.646630236794171,strong_bearish,0.8414395215343897,0.904912700075163,bullish,bullish,True,False,False,False,reversal,True,False,True,True,bearish,moderate,62.639222364684684,15.821428571428571,19.25,21.0,1.216704288939052,1.327313769751693,0.023809523809523808,0.904912700075163,False,False,False,False,False,2025
298,263224,263225,263250,2025-07-01 13:49:00+00:00,2025-07-01 13:50:00+00:00,2025-07-01 14:15:00+00:00,short,22819.75,22819.25,22819.0,22844.0,22794.0,22769.0,22744.0,22719.0,72.0,70-79,-50.34190616839162,25.0,True,False,False,False,True,stop,22844.0,22844.25,-25.25,0.0,-25.25,-1.01,36.75,26.0,1.47,1.04,26,25.0,1,2025-07-01,1.764294049008168,0.2955854126679462,0.7453703703703703,partial_bullish,1.3975381280483083,1.1516721319842291,bearish,bearish,True,True,True,False,reversal,True,False,False,False,bullish,weak,47.15078193006989,15.303571428571429,6.0,15.0,0.3920653442240373,0.9801633605600933,0.7666666666666667,1.1516721319842291,False,False,False,False,False,2025
299,264619,264620,264627,2025-07-02 14:04:00+00:00,2025-07-02 14:05:00+00:00,2025-07-02 14:12:00+00:00,short,22732.75,22733.25,22733.0,22758.0,22708.0,22683.0,22658.0,22633.0,73.43816539986369,70-79,-68.43816539986369,25.0,False,False,False,False,True,stop,22758.0,22758.25,-25.25,0.0,-25.25,-1.01,4.5,27.75,0.18,1.11,8,7.0,0,2025-07-02,2.065248226950355,1.463114754098361,3.0281481481481483,strong_bullish,0.7230657989877078,0.7946516489021715,bearish,bearish,True,False,False,False,reversal,True,False,False,False,neutral,none,28.651378332197417,12.589285714285714,4.25,6.5,0.33758865248226955,0.5163120567375887,0.34615384615384615,0.7946516489021715,False,False,False,False,False,2025
300,264641,264642,264651,2025-07-02 14:26:00+00:00,2025-07-02 14:27:00+00:00,2025-07-02 14:36:00+00:00,short,22780.5,22780.5,22780.25,22805.25,22755.25,22730.25,22705.25,22680.25,71.45343511450382,70-79,-41.45343511450382,25.0,False,False,False,False,True,stop,22805.25,22805.5,-25.25,0.0,-25.25,-1.01,4.0,27.25,0.16,1.09,10,9.0,0,2025-07-02,2.4847328244274807,2.499274310595065,3.624826308476146,strong_bullish,2.0503219150602754,2.0585809372182684,bearish,bearish,True,False,False,False,reversal,True,False,False,False,neutral,none,28.77862595419847,9.357142857142858,0.25,14.75,0.026717557251908396,1.5763358778625953,0.6440677966101694,2.0585809372182684,False,False,False,False,False,2025
301,268260,268261,268320,2025-07-07 13:30:00+00:00,2025-07-07 13:31:00+00:00,2025-07-07 14:30:00+00:00,short,22970.5,22970.75,22970.5,22995.5,22945.5,22920.5,22895.5,22870.5,70.0,70-79,-47.18640132669984,25.0,True,True,False,False,False,max_holding_time,22929.0,22929.25,41.25,0.0,41.25,1.65,70.25,7.5,2.81,0.3,60,59.0,2,2025-07-07,4.6375,0.2140127388535032,2.4223918575063617,partial_bearish,13.33000997008973,1.2669983416252073,bearish,bearish,True,False,True,False,reversal,True,False,True,True,bullish,strong,81.77998894416805,8.571428571428571,27.25,33.75,3.1791666666666667,3.9375,0.8518518518518519,1.2669983416252073,False,False,False,False,False,2025
302,269650,269651,269669,2025-07-08 13:40:00+00:00,2025-07-08 13:41:00+00:00,2025-07-08 13:59:00+00:00,long,22909.75,22909.75,22910.0,22885.0,22935.0,22960.0,22985.0,23010.0,73.667033955263,70-79,65.667033955263,25.0,False,False,False,False,True,stop,22885.0,22884.75,-25.25,0.0,-25.25,-1.01,15.0,30.0,0.6,1.2,19,18.0,0,2025-07-08,0.034440344403444,3.3169690501600853,0.7207678883071553,strong_bearish,2.0153374831697466,1.2621442275965733,bullish,bullish,True,True,False,False,reversal,True,True,False,True,bullish,moderate,63.89194962719159,14.517857142857142,15.25,21.25,1.050430504305043,1.4637146371463716,0.9764705882352941,1.2621442275965733,False,False,False,False,False,2025
303,271057,271058,271077,2025-07-09 14:07:00+00:00,2025-07-09 14:08:00+00:00,2025-07-09 14:27:00+00:00,long,23084.5,23084.75,23085.0,23060.0,23110.0,23135.0,23160.0,23185.0,82.0,80-89,71.0771630072125,25.0,False,False,False,False,True,stop,23060.0,23059.75,-25.25,0.0,-25.25,-1.01,21.25,37.75,0.85,1.51,20,19.0,0,2025-07-09,1.698224852071006,1.911222780569514,5.572625698324022,partial_bullish,0.6179891266946528,0.7008835190908808,bullish,bullish,True,True,True,True,reversal,True,False,False,False,bearish,weak,49.356974939895814,12.071428571428571,6.75,10.5,0.5591715976331361,0.8698224852071006,0.023809523809523808,0.7008835190908808,False,False,False,False,False,2025
304,271078,271079,271080,2025-07-09 14:28:00+00:00,2025-07-09 14:29:00+00:00,2025-07-09 14:30:00+00:00,long,23050.25,23050.25,23050.5,23025.5,23075.5,23100.5,23125.5,23150.5,76.0,70-79,58.13333333333333,25.0,False,False,False,False,True,stop,23025.5,23025.25,-25.25,0.0,-25.25,-1.01,3.5,28.25,0.14,1.13,2,1.0,0,2025-07-09,2.261904761904762,0.6018099547511313,5.797603195739014,partial_bearish,3.5417086901509176,2.9971601930448006,bullish,bullish,True,False,False,False,reversal,True,False,False,False,bearish,moderate,65.55555555555556,10.5,3.5,17.75,0.3333333333333333,1.6904761904761905,0.8028169014084507,2.9971601930448006,False,False,False,False,False,2025
305,272400,272401,272401,2025-07-10 13:30:00+00:00,2025-07-10 13:31:00+00:00,2025-07-10 13:31:00+00:00,long,23079.5,23080.0,23080.25,23059.25,23105.25,23130.25,23155.25,23180.25,82.03967374363664,80-89,82.03967374363664,21.0,False,False,False,False,True,stop,23059.25,23059.0,-21.25,0.0,-21.25,-1.011904761904762,0.25,23.75,0.0119047619047619,1.130952380952381,1,0.0,0,2025-07-10,1.698019801980198,1.417283950617284,0.4388270980788675,strong_bullish,11.17867052720473,1.2127478568156531,bullish,bullish,True,True,True,False,reversal,True,False,False,False,bullish,moderate,66.99728119697198,7.214285714285714,7.25,23.5,1.004950495049505,3.257425742574257,0.5638297872340425,1.2127478568156533,True,False,False,False,False,2025
306,272403,272404,272418,2025-07-10 13:33:00+00:00,2025-07-10 13:34:00+00:00,2025-07-10 13:48:00+00:00,long,23035.25,23035.5,23035.75,23010.75,23060.75,23085.75,23110.75,23135.75,78.0,70-79,67.36746616334204,25.0,False,False,False,False,True,stop,23010.75,23010.5,-25.25,0.0,-25.25,-1.01,7.75,32.75,0.31,1.31,15,14.0,0,2025-07-10,3.716612377850163,1.417283950617284,0.4388270980788675,partial_bullish,3.6829716236840064,1.4239851180653484,bullish,bullish,True,True,True,False,reversal,True,False,False,False,bearish,strong,80.27111530548297,10.964285714285714,8.5,21.0,0.7752442996742671,1.9153094462540718,0.4523809523809524,1.4239851180653484,False,False,False,False,False,2025
307,272440,272441,272448,2025-07-10 14:10:00+00:00,2025-07-10 14:11:00+00:00,2025-07-10 14:18:00+00:00,short,22942.5,22942.25,22942.0,22967.0,22917.0,22892.0,22867.0,22842.0,70.0,70-79,-26.929007633587787,25.0,False,False,False,False,True,stop,22967.0,22967.25,-25.25,0.0,-25.25,-1.01,14.0,25.5,0.56,1.02,8,7.0,0,2025-07-10,1.4427480916030533,3.5,3.012313674659754,partial_bearish,1.163819482086342,2.155894213484056,bearish,bearish,False,False,True,False,continuation,True,False,False,False,bullish,weak,58.92493638676846,18.714285714285715,12.25,15.0,0.6545801526717557,0.8015267175572519,0.9,2.155894213484056,False,False,False,False,False,2025
308,275172,275173,275174,2025-07-14 13:42:00+00:00,2025-07-14 13:43:00+00:00,2025-07-14 13:44:00+00:00,long,22878.75,22878.25,22878.5,22853.5,22903.5,22928.5,22953.5,22978.5,76.0,70-79,54.2,25.0,False,False,False,False,True,stop,22853.5,22853.25,-25.25,0.0,-25.25,-1.01,0.0,26.5,0.0,1.06,2,1.0,0,2025-07-14,2.89247311827957,1.454876937101185,2.391416309012876,partial_bullish,2.132275888349052,2.907573395687192,bullish,bullish,True,True,False,False,reversal,True,False,True,True,bearish,strong,90.0,23.25,34.75,40.75,1.4946236559139785,1.7526881720430108,0.06748466257668712,2.9075733956871916,False,False,False,False,False,2025
309,275175,275176,275207,2025-07-14 13:45:00+00:00,2025-07-14 13:46:00+00:00,2025-07-14 14:17:00+00:00,long,22865.25,22865.5,22865.75,22840.75,22890.75,22915.75,22940.75,22965.75,71.79937451133698,70-79,49.79937451133698,25.0,True,True,True,True,False,tp4,22965.75,22965.5,99.75,0.0,99.75,3.99,100.0,13.25,4.0,0.53,32,31.0,4,2025-07-14,2.2658326817826424,1.7861356932153392,1.905897114178168,strong_bearish,1.812965601660148,2.13351639694794,bullish,bullish,True,True,False,False,reversal,True,False,False,False,bullish,weak,48.328120927808186,22.839285714285715,11.5,26.5,0.5035183737294762,1.1602814698983581,0.8584905660377359,2.1335163969479396,False,False,False,False,False,2025
310,276545,276546,276550,2025-07-15 13:35:00+00:00,2025-07-15 13:36:00+00:00,2025-07-15 13:40:00+00:00,long,23167.5,23167.0,23167.25,23142.25,23192.25,23217.25,23242.25,23267.25,81.65852417302798,80-89,49.65852417302799,25.0,False,False,False,False,True,stop,23142.25,23142.0,-25.25,0.0,-25.25,-1.01,18.25,44.5,0.73,1.78,5,4.0,0,2025-07-15,2.778625954198473,1.809968847352025,1.903109182935647,partial_bearish,2.714298935677927,1.5334100177768484,bullish,bullish,True,False,False,False,reversal,True,False,False,False,bullish,weak,47.15436810856659,14.035714285714286,6.25,16.0,0.44529262086513993,1.1399491094147582,0.78125,1.5334100177768484,False,False,False,False,False,2025
311,276581,276582,276595,2025-07-15 14:11:00+00:00,2025-07-15 14:12:00+00:00,2025-07-15 14:25:00+00:00,long,23186.75,23187.25,23187.5,23162.5,23212.5,23237.5,23262.5,23287.5,80.21887694145758,80-89,67.21887694145758,25.0,False,False,False,False,True,stop,23162.5,23162.25,-25.25,0.0,-25.25,-1.01,10.75,26.25,0.43,1.05,14,13.0,0,2025-07-15,1.6391875746714455,0.0455729166666666,0.7806691449814126,partial_bearish,1.7315936126888865,2.2696704184298784,bullish,bullish,True,True,True,False,reversal,True,True,False,True,bullish,strong,93.49064117881322,14.946428571428571,15.5,16.75,1.037037037037037,1.1206690561529271,0.9253731343283582,2.2696704184298784,True,False,False,False,True,2025
312,277921,277922,277924,2025-07-16 13:31:00+00:00,2025-07-16 13:32:00+00:00,2025-07-16 13:34:00+00:00,long,23047.5,23048.25,23048.5,23023.5,23073.5,23098.5,23123.5,23148.5,70.0,70-79,26.40000000000001,25.0,False,False,False,False,True,stop,23023.5,23023.25,-25.25,0.0,-25.25,-1.01,14.75,28.5,0.59,1.14,3,2.0,0,2025-07-16,2.7890625,0.6459054209919262,2.540592168099331,partial_bullish,10.085803432137286,1.6270290675726689,bullish,neutral,True,False,True,False,reversal,True,False,True,True,bearish,strong,96.66666666666666,9.142857142857142,18.75,25.75,2.05078125,2.81640625,0.22330097087378642,1.6270290675726689,False,False,False,False,False,2025
313,277925,277926,277931,2025-07-16 13:35:00+00:00,2025-07-16 13:36:00+00:00,2025-07-16 13:41:00+00:00,long,23034.75,23035.0,23035.25,23010.25,23060.25,23085.25,23110.25,23135.25,73.7631061317237,70-79,49.7631061317237,25.0,False,False,False,False,True,stop,23010.25,23010.0,-25.25,0.0,-25.25,-1.01,15.0,25.0,0.6,1.0,6,5.0,0,2025-07-16,2.074679113185531,2.10316742081448,2.540592168099331,partial_bearish,2.31438615363928,1.2030075187969924,bullish,bullish,True,True,False,False,reversal,True,False,False,False,bullish,weak,48.0258844310309,15.303571428571429,8.5,19.0,0.5554259043173863,1.2415402567094516,0.9605263157894737,1.2030075187969924,False,False,False,False,False,2025
314,277960,277961,277965,2025-07-16 14:10:00+00:00,2025-07-16 14:11:00+00:00,2025-07-16 14:15:00+00:00,long,22996.0,22996.25,22996.5,22971.5,23021.5,23046.5,23071.5,23096.5,76.0,70-79,32.0,25.0,False,False,False,False,True,stop,22971.5,22971.25,-25.25,0.0,-25.25,-1.01,7.5,32.5,0.3,1.3,5,4.0,0,2025-07-16,1.5522066738428415,1.409333333333333,3.467411545623836,partial_bearish,1.9133822424069191,2.9155845203335966,neutral,bullish,True,True,True,True,reversal,True,True,False,True,bullish,strong,100.0,16.589285714285715,20.75,25.0,1.2508073196986005,1.5069967707212055,0.83,2.9155845203335966,True,True,True,False,True,2025
315,279312,279313,279372,2025-07-17 13:42:00+00:00,2025-07-17 13:43:00+00:00,2025-07-17 14:42:00+00:00,long,23123.5,23123.5,23123.75,23098.75,23148.75,23173.75,23198.75,23223.75,83.66303501945525,80-89,71.66303501945525,25.0,True,True,False,False,False,max_holding_time,23178.5,23178.25,54.5,0.0,54.5,2.18,56.25,9.25,2.25,0.37,60,59.0,2,2025-07-17,1.8521400778210115,2.83273381294964,0.6588235294117647,partial_bullish,1.732225300092336,1.9628632413052272,bullish,bullish,True,True,True,True,reversal,True,False,False,False,bullish,strong,80.52529182879377,18.357142857142858,9.75,12.25,0.5311284046692607,0.6673151750972762,0.9591836734693877,1.9628632413052272,True,False,False,False,True,2025
316,280729,280730,280734,2025-07-18 14:19:00+00:00,2025-07-18 14:20:00+00:00,2025-07-18 14:24:00+00:00,long,23229.75,23229.5,23229.75,23204.75,23254.75,23279.75,23304.75,23329.75,73.33069306930693,70-79,53.33069306930693,25.0,False,False,False,False,True,stop,23204.75,23204.5,-25.25,0.0,-25.25,-1.01,9.5,28.75,0.38,1.15,5,4.0,0,2025-07-18,0.0594059405940594,2.06286836935167,1.5387931034482758,strong_bearish,1.1402979932822324,2.061617172728284,bullish,bullish,True,False,False,False,reversal,True,False,False,False,bullish,moderate,61.089108910891085,12.625,10.25,13.75,0.8118811881188119,1.0891089108910892,0.8545454545454545,2.0616171727282837,False,False,False,False,False,2025
317,280737,280738,280774,2025-07-18 14:27:00+00:00,2025-07-18 14:28:00+00:00,2025-07-18 15:04:00+00:00,long,23211.0,23211.0,23211.25,23186.25,23236.25,23261.25,23286.25,23311.25,73.79039301310044,70-79,73.79039301310044,25.0,False,False,False,False,True,stop,23186.25,23186.0,-25.25,0.0,-25.25,-1.01,19.75,30.75,0.79,1.23,37,36.0,0,2025-07-18,0.6419213973799126,1.5466514024041214,1.5387931034482758,strong_bearish,1.1606446581752017,1.6635618479880774,bullish,bullish,True,True,False,False,reversal,True,True,False,True,bullish,moderate,64.91994177583697,16.357142857142858,18.25,21.25,1.1157205240174672,1.2991266375545851,0.9529411764705882,1.6635618479880774,False,False,False,False,False,2025
318,283440,283441,283459,2025-07-22 13:30:00+00:00,2025-07-22 13:31:00+00:00,2025-07-22 13:49:00+00:00,short,23318.75,23318.75,23318.5,23342.0,23293.5,23268.5,23243.5,23218.5,83.62999428264932,80-89,-66.62999428264932,23.5,True,True,True,True,False,tp4,23218.5,23218.75,99.75,0.0,99.75,4.24468085106383,109.5,6.75,4.659574468085107,0.2872340425531915,19,18.0,4,2025-07-22,2.656934306569343,1.10990990990991,0.9949238578680204,partial_bullish,14.272277629125112,1.0374928533116428,bearish,bearish,True,True,True,False,reversal,True,True,False,True,bearish,strong,80.24995235541095,7.339285714285714,27.25,31.25,3.712895377128954,4.257907542579075,0.008,1.0374928533116428,True,False,False,True,False,2025
319,284850,284851,284859,2025-07-23 14:00:00+00:00,2025-07-23 14:01:00+00:00,2025-07-23 14:09:00+00:00,short,23159.0,23158.75,23158.5,23183.5,23133.5,23108.5,23083.5,23058.5,71.75193253480862,70-79,-41.75193253480862,25.0,False,False,False,False,True,stop,23183.5,23183.75,-25.25,0.0,-25.25,-1.01,8.5,26.5,0.34,1.06,9,8.0,0,2025-07-23,2.2721774193548385,2.0039577836411606,3.1296426068675545,strong_bearish,1.4453308305959642,1.0533750678433618,bearish,bearish,False,False,True,False,continuation,True,False,False,False,bearish,moderate,64.5994377900718,17.714285714285715,6.5,14.5,0.3669354838709677,0.8185483870967741,0.3620689655172414,1.0533750678433618,True,False,False,False,True,2025
320,284867,284868,284910,2025-07-23 14:17:00+00:00,2025-07-23 14:18:00+00:00,2025-07-23 15:00:00+00:00,short,23181.25,23181.5,23181.25,23206.25,23156.25,23131.25,23106.25,23081.25,73.79653338055252,70-79,-68.79653338055252,25.0,True,False,False,False,True,stop,23206.25,23206.5,-25.25,0.0,-25.25,-1.01,33.25,31.0,1.33,1.24,43,42.0,1,2025-07-23,2.02874251497006,1.41994301994302,3.099099099099099,partial_bearish,0.7230690106601833,1.0735110370678884,bearish,bearish,True,False,False,False,reversal,True,False,False,False,neutral,none,31.637778171270952,14.910714285714286,1.0,7.5,0.06706586826347305,0.5029940119760479,0.13333333333333333,1.0735110370678884,False,False,False,False,False,2025
321,286242,286243,286249,2025-07-24 14:12:00+00:00,2025-07-24 14:13:00+00:00,2025-07-24 14:19:00+00:00,short,23310.75,23310.5,23310.25,23335.25,23285.25,23260.25,23235.25,23210.25,74.4,70-79,-57.400000000000006,25.0,False,False,False,False,True,stop,23335.25,23335.5,-25.25,0.0,-25.25,-1.01,11.75,29.75,0.47,1.19,7,6.0,0,2025-07-24,3.2869565217391306,1.1090909090909091,0.771881461061337,partial_bearish,1.959670833595075,2.3163741126852595,neutral,bearish,True,True,True,False,reversal,True,True,False,True,bearish,strong,86.66666666666666,14.375,21.75,23.5,1.5130434782608695,1.6347826086956523,0.0,2.3163741126852595,True,False,False,False,False,2025
322,287587,287588,287647,2025-07-25 13:37:00+00:00,2025-07-25 13:38:00+00:00,2025-07-25 14:37:00+00:00,long,23346.0,23346.25,23346.5,23321.5,23371.5,23396.5,23421.5,23446.5,73.0,70-79,56.760000000000005,25.0,True,True,True,False,False,max_holding_time,23410.5,23410.25,63.75,0.0,63.75,2.55,76.75,16.25,3.07,0.65,60,59.0,3,2025-07-25,0.8725212464589235,0.131367292225201,0.188034188034188,partial_bearish,3.4813301133197103,1.882778454544313,bullish,bullish,True,True,True,False,reversal,True,False,False,False,bearish,moderate,68.66666666666666,12.607142857142858,15.75,22.5,1.2492917847025495,1.7847025495750708,0.3,1.882778454544313,False,False,False,False,False,2025
323,290361,290362,290395,2025-07-29 13:51:00+00:00,2025-07-29 13:52:00+00:00,2025-07-29 14:25:00+00:00,long,23575.5,23575.75,23576.0,23551.0,23601.0,23626.0,23651.0,23676.0,73.1704918032787,70-79,60.17049180327869,25.0,False,False,False,False,True,stop,23551.0,23550.75,-25.25,0.0,-25.25,-1.01,22.0,26.0,0.88,1.04,34,33.0,0,2025-07-29,2.5901639344262297,0.3398058252427184,1.5555555555555554,partial_bearish,1.2948802613743005,1.601022798083328,bullish,bullish,True,True,False,False,reversal,True,True,False,True,bullish,weak,59.75409836065574,15.25,15.25,22.5,1.0,1.4754098360655739,0.8222222222222222,1.601022798083328,False,False,False,False,False,2025
324,291756,291757,291762,2025-07-30 14:06:00+00:00,2025-07-30 14:07:00+00:00,2025-07-30 14:12:00+00:00,long,23490.5,23490.5,23490.75,23465.75,23515.75,23540.75,23565.75,23590.75,73.2595437590073,70-79,73.2595437590073,25.0,False,False,False,False,True,stop,23465.75,23465.5,-25.25,0.0,-25.25,-1.01,8.25,27.0,0.33,1.08,6,5.0,0,2025-07-30,0.9019033674963396,0.782608695652174,0.6885245901639344,partial_bearish,1.1193452432125726,0.8982531666528687,bullish,bullish,True,True,True,True,reversal,True,False,False,False,bullish,weak,52.16286465839415,12.196428571428571,3.25,8.75,0.2664714494875549,0.7174231332357247,0.6285714285714286,0.8982531666528687,True,True,True,False,True,2025
325,293101,293102,293124,2025-07-31 13:31:00+00:00,2025-07-31 13:32:00+00:00,2025-07-31 13:54:00+00:00,short,23665.75,23665.5,23665.25,23690.25,23640.25,23615.25,23590.25,23565.25,82.0,80-89,-54.0,25.0,True,True,False,False,True,stop,23690.25,23690.5,-25.25,0.0,-25.25,-1.01,57.0,27.75,2.28,1.11,23,22.0,2,2025-07-31,7.651376146788991,3.248618784530387,1.634517766497462,strong_bearish,7.975792988313857,1.9447783693018108,bearish,bearish,False,True,True,False,continuation,True,True,False,True,bearish,strong,100.0,13.625,33.5,41.0,2.458715596330275,3.0091743119266057,0.15853658536585366,1.9447783693018108,True,False,False,False,True,2025
326,293141,293142,293188,2025-07-31 14:11:00+00:00,2025-07-31 14:12:00+00:00,2025-07-31 14:58:00+00:00,short,23657.0,23657.75,23657.5,23682.5,23632.5,23607.5,23582.5,23557.5,72.31386861313868,70-79,-46.31386861313868,25.0,True,True,True,True,False,tp4,23557.5,23557.75,99.75,0.0,99.75,3.99,110.5,24.75,4.42,0.99,47,46.0,4,2025-07-31,1.8394160583941608,1.4790794979079496,3.137931034482759,partial_bearish,1.2812451036715935,1.7964791001493892,bearish,bearish,True,True,False,False,reversal,True,True,False,True,bearish,strong,85.94890510948905,17.125,27.75,32.25,1.6204379562043796,1.8832116788321167,0.015503875968992248,1.7964791001493892,True,False,False,False,False,2025
327,294513,294514,294514,2025-08-01 14:03:00+00:00,2025-08-01 14:04:00+00:00,2025-08-01 14:04:00+00:00,short,22841.0,22841.0,22840.75,22865.75,22815.75,22790.75,22765.75,22740.75,70.0,70-79,-48.00564263322884,25.0,False,False,False,False,True,stop,22865.75,22866.0,-25.25,0.0,-25.25,-1.01,6.75,39.25,0.27,1.57,1,0.0,0,2025-08-01,1.5536050156739811,2.9963310232368525,4.76320814767664,strong_bearish,1.3904217061945838,2.8534011247207456,bearish,bearish,False,True,True,True,continuation,True,False,True,True,bullish,moderate,66.619644723093,28.482142857142858,31.25,44.0,1.09717868338558,1.5448275862068965,0.9488636363636364,2.8534011247207456,True,False,False,False,False,2025
328,294517,294518,294519,2025-08-01 14:07:00+00:00,2025-08-01 14:08:00+00:00,2025-08-01 14:09:00+00:00,short,22848.0,22847.75,22847.5,22872.5,22822.5,22797.5,22772.5,22747.5,94.810596765198,90-100,-58.810596765198,25.0,False,False,False,False,True,stop,22872.5,22872.75,-25.25,0.0,-25.25,-1.01,6.25,53.75,0.25,2.15,2,1.0,0,2025-08-01,1.1868377021751253,2.737313432835821,4.76320814767664,partial_bearish,1.2627356133732086,2.659245139153641,bearish,bearish,True,True,True,False,reversal,True,True,False,True,bearish,weak,56.7549730433166,32.017857142857146,27.0,46.0,0.8432794199665364,1.4366982710540992,0.09782608695652174,2.659245139153641,False,False,False,False,False,2025
329,294521,294522,294526,2025-08-01 14:11:00+00:00,2025-08-01 14:12:00+00:00,2025-08-01 14:16:00+00:00,short,22904.75,22905.25,22905.0,22930.0,22880.0,22855.0,22830.0,22805.0,70.00784912575399,70-79,-32.00784912575399,25.0,False,False,False,False,True,stop,22930.0,22930.25,-25.25,0.0,-25.25,-1.01,6.0,41.0,0.24,1.64,5,4.0,0,2025-08-01,0.8979155531801176,0.5871294287780188,4.76320814767664,partial_bearish,0.8063585667585411,1.5656935820668485,bearish,bearish,True,True,False,False,reversal,True,False,False,False,neutral,none,33.398742714616574,33.410714285714285,5.0,15.75,0.14965259219668628,0.47140566541956175,0.2857142857142857,1.5656935820668483,False,False,False,False,False,2025
330,294528,294529,294534,2025-08-01 14:18:00+00:00,2025-08-01 14:19:00+00:00,2025-08-01 14:24:00+00:00,short,22941.75,22942.0,22941.75,22966.75,22916.75,22891.75,22866.75,22841.75,70.5031894934334,70-79,-54.5031894934334,25.0,False,False,False,False,True,stop,22966.75,22967.0,-25.25,0.0,-25.25,-1.01,20.5,28.25,0.82,1.13,6,5.0,0,2025-08-01,1.3483427141963729,0.8433130154177124,2.583381088825215,partial_bullish,0.7665812181824746,1.7473458974569995,bearish,bearish,True,False,False,False,reversal,True,False,False,False,neutral,none,37.52657911194497,28.553571428571427,3.75,20.0,0.13133208255159476,0.7004377736085053,0.0375,1.7473458974569995,False,False,False,False,False,2025
331,294535,294536,294536,2025-08-01 14:25:00+00:00,2025-08-01 14:26:00+00:00,2025-08-01 14:26:00+00:00,short,22945.0,22945.0,22944.75,22965.25,22919.75,22894.75,22869.75,22844.75,78.08188670258994,70-79,-46.08188670258994,20.5,False,False,False,False,True,stop,22965.25,22965.5,-20.75,0.0,-20.75,-1.0121951219512195,0.0,37.5,0.0,1.829268292682927,1,0.0,0,2025-08-01,0.5108108108108108,1.5851703406813626,2.583381088825215,partial_bearish,0.7589647315311768,1.3760070268860738,bearish,bearish,True,False,True,False,reversal,True,False,False,False,bearish,weak,50.6823891882495,26.428571428571427,21.0,26.25,0.7945945945945947,0.9932432432432433,0.009523809523809525,1.3760070268860738,False,False,False,False,False,2025
332,294537,294538,294540,2025-08-01 14:27:00+00:00,2025-08-01 14:28:00+00:00,2025-08-01 14:30:00+00:00,short,22964.75,22964.25,22964.0,22989.0,22939.0,22914.0,22889.0,22864.0,83.6190093708166,80-89,-49.6190093708166,25.0,False,False,False,False,True,stop,22989.0,22989.25,-25.25,0.0,-25.25,-1.01,0.5,37.75,0.02,1.51,3,2.0,0,2025-08-01,1.349397590361446,1.5851703406813626,2.583381088825215,partial_bullish,0.7499400697510767,1.5006111996533955,bearish,bearish,True,False,True,False,reversal,True,False,False,False,bearish,weak,46.825078090138334,26.678571428571427,17.0,21.0,0.6372155287817939,0.7871485943775101,0.05952380952380952,1.5006111996533957,False,False,False,False,False,2025
333,297248,297249,297270,2025-08-05 13:38:00+00:00,2025-08-05 13:39:00+00:00,2025-08-05 14:00:00+00:00,long,23362.0,23361.75,23362.0,23337.0,23387.0,23412.0,23437.0,23462.0,84.57267080745342,80-89,58.57267080745342,25.0,True,False,False,False,True,stop,23337.0,23336.75,-25.25,0.0,-25.25,-1.01,35.25,50.0,1.41,2.0,22,21.0,1,2025-08-05,1.515527950310559,2.175675675675676,2.0435087719298246,partial_bearish,2.1394840918481792,1.5639023127373146,bullish,bullish,True,True,True,True,reversal,True,False,False,False,bullish,strong,88.1055900621118,20.125,15.75,20.25,0.782608695652174,1.0062111801242235,0.9876543209876543,1.5639023127373146,True,False,False,False,True,2025
334,298620,298621,298621,2025-08-06 13:30:00+00:00,2025-08-06 13:31:00+00:00,2025-08-06 13:31:00+00:00,short,23166.75,23166.75,23166.5,23191.5,23141.5,23116.5,23091.5,23066.5,73.04887098894419,70-79,-60.04887098894419,25.0,False,False,False,False,True,stop,23191.5,23191.75,-25.25,0.0,-25.25,-1.01,2.5,42.0,0.1,1.68,1,0.0,0,2025-08-06,0.5173913043478261,0.6023255813953489,0.7987987987987988,partial_bearish,12.798685782556747,0.807656241901055,bearish,bearish,True,True,True,True,reversal,True,False,False,False,neutral,none,33.740591574534875,8.214285714285714,2.0,28.5,0.24347826086956523,3.4695652173913047,0.45614035087719296,0.807656241901055,False,False,False,False,False,2025
335,298625,298626,298638,2025-08-06 13:35:00+00:00,2025-08-06 13:36:00+00:00,2025-08-06 13:48:00+00:00,short,23203.75,23203.25,23203.0,23228.0,23178.0,23153.0,23128.0,23103.0,72.87465816971509,70-79,-59.87465816971509,25.0,True,True,False,False,True,stop,23228.0,23228.25,-25.25,0.0,-25.25,-1.01,54.25,34.75,2.17,1.39,13,12.0,2,2025-08-06,2.176470588235294,2.171052631578948,0.7987987987987988,strong_bullish,3.016509299542147,1.240381535673273,bearish,bearish,True,True,False,False,reversal,True,True,False,True,bearish,weak,57.28881808095907,17.0,16.0,27.5,0.9411764705882353,1.6176470588235294,0.11818181818181818,1.240381535673273,False,False,False,False,False,2025
336,298645,298646,298646,2025-08-06 13:55:00+00:00,2025-08-06 13:56:00+00:00,2025-08-06 13:56:00+00:00,short,23216.25,23215.75,23215.5,23240.5,23190.5,23165.5,23140.5,23115.5,71.69716745070563,70-79,-71.69716745070563,25.0,False,False,False,False,True,stop,23240.5,23240.75,-25.25,0.0,-25.25,-1.01,0.25,25.75,0.01,1.03,1,0.0,0,2025-08-06,0.8252427184466019,1.8927374301675977,1.5884907709011942,strong_bullish,1.4252632937347205,2.201087257387704,bearish,bearish,True,False,False,False,reversal,True,False,False,False,bearish,weak,47.476395422546965,25.75,13.25,48.5,0.5145631067961165,1.883495145631068,0.4072164948453608,2.201087257387704,False,False,False,False,False,2025
337,301424,301425,301484,2025-08-08 14:14:00+00:00,2025-08-08 14:15:00+00:00,2025-08-08 15:14:00+00:00,long,23640.0,23639.75,23640.0,23615.0,23665.0,23690.0,23715.0,23740.0,82.0,80-89,66.40382606869161,25.0,True,True,False,False,False,max_holding_time,23679.5,23679.25,39.25,0.0,39.25,1.57,62.75,13.75,2.51,0.55,60,59.0,2,2025-08-08,1.821686746987952,2.598679383712399,4.36180904522613,partial_bullish,1.174313808443265,1.4272358990339669,bullish,bullish,True,True,True,False,reversal,True,False,False,False,bearish,weak,54.968116094236464,14.821428571428571,10.0,18.25,0.674698795180723,1.2313253012048193,0.273972602739726,1.4272358990339669,False,False,False,False,False,2025
338,302761,302762,302770,2025-08-11 13:31:00+00:00,2025-08-11 13:32:00+00:00,2025-08-11 13:40:00+00:00,short,23693.5,23693.75,23693.5,23718.5,23668.5,23643.5,23618.5,23593.5,83.48296818574502,80-89,-57.48296818574502,25.0,False,False,False,False,True,stop,23718.5,23718.75,-25.25,0.0,-25.25,-1.01,12.5,27.25,0.5,1.09,9,8.0,0,2025-08-11,2.9459962756052143,0.0544747081712062,1.5205479452054795,strong_bearish,7.331459379752085,0.8537102321812806,bearish,bearish,True,True,True,False,reversal,True,True,False,True,bearish,strong,79.02473488120854,9.589285714285714,26.25,28.75,2.7374301675977657,2.9981378026070766,0.0,0.8537102321812806,True,False,False,True,False,2025
339,302793,302794,302807,2025-08-11 14:03:00+00:00,2025-08-11 14:04:00+00:00,2025-08-11 14:17:00+00:00,short,23734.75,23734.75,23734.5,23759.5,23709.5,23684.5,23659.5,23634.5,71.46774193548387,70-79,-58.46774193548387,25.0,False,False,False,False,True,stop,23759.5,23759.75,-25.25,0.0,-25.25,-1.01,11.75,28.0,0.47,1.12,14,13.0,0,2025-08-11,0.4516129032258064,2.700331125827814,1.0334110334110334,partial_bullish,1.6594072028046318,1.50807552790919,bearish,bearish,True,False,False,False,reversal,True,False,False,False,bearish,weak,45.564516129032256,13.285714285714286,9.75,35.0,0.7338709677419354,2.6344086021505375,0.6857142857142857,1.50807552790919,False,False,False,False,False,2025
340,304142,304143,304158,2025-08-12 13:32:00+00:00,2025-08-12 13:33:00+00:00,2025-08-12 13:48:00+00:00,long,23725.25,23725.25,23725.5,23700.5,23750.5,23775.5,23800.5,23825.5,71.07167256274627,70-79,37.07167256274627,25.0,True,True,True,False,True,stop,23700.5,23700.25,-25.25,0.0,-25.25,-1.01,83.0,25.5,3.32,1.02,16,15.0,3,2025-08-12,0.904441453566622,0.4002242152466367,2.2494866529774127,partial_bearish,3.531440773084398,0.8429554409833173,bullish,bullish,True,False,False,False,reversal,True,False,False,False,bullish,weak,42.26393802288565,13.267857142857142,13.25,27.0,0.9986541049798117,2.034993270524899,0.5277777777777778,0.8429554409833173,False,False,False,False,False,2025
341,304171,304172,304185,2025-08-12 14:01:00+00:00,2025-08-12 14:02:00+00:00,2025-08-12 14:15:00+00:00,long,23641.5,23642.75,23643.0,23618.0,23668.0,23693.0,23718.0,23743.0,73.45059920106524,70-79,43.450599201065245,25.0,True,True,True,True,False,tp4,23743.0,23742.75,99.75,0.0,99.75,3.99,100.5,14.0,4.02,0.56,14,13.0,4,2025-08-12,1.1464713715046604,3.005515485787017,2.786331205407435,strong_bearish,0.9561483271054708,1.5188832423085843,bullish,bullish,True,False,False,False,reversal,True,False,False,False,bullish,weak,45.421660008877055,26.821428571428573,13.25,23.75,0.4940079893475366,0.8854860186418109,0.8210526315789474,1.5188832423085843,False,False,False,False,False,2025
342,305547,305548,305550,2025-08-13 13:57:00+00:00,2025-08-13 13:58:00+00:00,2025-08-13 14:00:00+00:00,long,24031.75,24031.75,24032.0,24007.0,24057.0,24082.0,24107.0,24132.0,80.0140928740837,80-89,80.0140928740837,25.0,False,False,False,False,True,stop,24007.0,24006.75,-25.25,0.0,-25.25,-1.01,0.0,35.0,0.0,1.4,3,2.0,0,2025-08-13,1.4515050167224082,0.5720771850170261,2.1927710843373496,partial_bullish,1.3546775022184858,1.363769938758478,bullish,bullish,True,True,True,False,reversal,True,True,False,True,bullish,moderate,66.78410728403088,16.017857142857142,21.75,23.0,1.3578595317725752,1.435897435897436,0.9891304347826086,1.363769938758478,False,False,False,False,False,2025
343,306923,306924,306960,2025-08-14 13:53:00+00:00,2025-08-14 13:54:00+00:00,2025-08-14 14:30:00+00:00,short,23931.75,23932.25,23932.0,23957.0,23907.0,23882.0,23857.0,23832.0,74.2,70-79,-62.2,25.0,True,False,False,False,True,stop,23957.0,23957.25,-25.25,0.0,-25.25,-1.01,34.25,32.0,1.37,1.28,37,36.0,1,2025-08-14,0.0429447852760736,3.678638941398866,0.8480492813141685,partial_bullish,1.5879861378513669,1.6395937933071314,bearish,bearish,True,True,False,False,reversal,True,True,False,True,bearish,moderate,68.33333333333334,17.464285714285715,27.5,33.25,1.574642126789366,1.903885480572597,0.14285714285714285,1.6395937933071314,False,False,False,False,False,2025
344,308332,308333,308392,2025-08-15 14:22:00+00:00,2025-08-15 14:23:00+00:00,2025-08-15 15:22:00+00:00,short,23856.25,23857.0,23856.75,23881.75,23831.75,23806.75,23781.75,23756.75,72.0,70-79,-36.29315850653276,25.0,True,True,False,False,False,max_holding_time,23808.0,23808.25,48.5,0.0,48.5,1.94,70.0,20.25,2.8,0.81,60,59.0,2,2025-08-15,0.411214953271028,2.1596474045053866,0.9632695292291774,partial_bearish,0.5077537287794245,0.5330845771144279,bearish,bearish,True,False,True,False,reversal,True,False,False,False,neutral,none,30.89034577889369,13.375,4.5,9.0,0.3364485981308411,0.6728971962616822,0.6944444444444444,0.5330845771144279,False,False,False,False,False,2025
345,311048,311049,311052,2025-08-19 13:38:00+00:00,2025-08-19 13:39:00+00:00,2025-08-19 13:42:00+00:00,short,23700.5,23700.25,23700.0,23725.0,23675.0,23650.0,23625.0,23600.0,74.0,70-79,-54.48940269749518,25.0,False,False,False,False,True,stop,23725.0,23725.25,-25.25,0.0,-25.25,-1.01,15.25,31.0,0.61,1.24,4,3.0,0,2025-08-19,0.998073217726397,3.956232159847764,0.1087378640776699,partial_bearish,1.8509277651276583,1.5870806937376674,bearish,bearish,True,True,True,True,reversal,True,False,False,False,bullish,moderate,62.58831085420681,18.535714285714285,2.0,20.0,0.10789980732177265,1.0789980732177264,0.825,1.5870806937376674,False,False,False,False,False,2025
346,311063,311064,311074,2025-08-19 13:53:00+00:00,2025-08-19 13:54:00+00:00,2025-08-19 14:04:00+00:00,short,23690.5,23690.5,23690.25,23715.25,23665.25,23640.25,23615.25,23590.25,74.0,70-79,-33.108629441624366,25.0,False,False,False,False,True,stop,23715.25,23715.5,-25.25,0.0,-25.25,-1.01,18.5,32.75,0.74,1.31,11,10.0,0,2025-08-19,1.9424703891708968,3.831081081081081,3.84450784593438,partial_bearish,1.2131874522918105,1.7316232930726765,bearish,bearish,False,True,True,True,continuation,True,False,True,True,bullish,moderate,74.09475465313028,21.107142857142858,28.0,29.75,1.3265651438240271,1.4094754653130288,0.957983193277311,1.7316232930726765,False,False,False,False,False,2025
347,312451,312452,312462,2025-08-20 14:01:00+00:00,2025-08-20 14:02:00+00:00,2025-08-20 14:12:00+00:00,short,23193.5,23193.75,23193.5,23218.5,23168.5,23143.5,23118.5,23093.5,70.0,70-79,-58.70104310795981,25.0,True,True,True,True,False,tp4,23093.5,23093.75,99.75,0.0,99.75,3.99,103.25,21.0,4.13,0.84,11,10.0,4,2025-08-20,0.4744399770246984,5.758710348413937,5.66625866993064,partial_bearish,0.7475125006313451,1.370680606721686,bearish,bearish,True,True,False,False,reversal,True,False,False,False,neutral,none,27.491307433668215,31.089285714285715,5.0,28.0,0.16082711085582999,0.9006318207926479,0.36607142857142855,1.3706806067216861,False,False,False,False,False,2025
348,312470,312471,312474,2025-08-20 14:20:00+00:00,2025-08-20 14:21:00+00:00,2025-08-20 14:24:00+00:00,short,23125.75,23125.0,23124.75,23149.75,23099.75,23074.75,23049.75,23024.75,70.0,70-79,-66.78863259793339,25.0,False,False,False,False,True,stop,23149.75,23150.0,-25.25,0.0,-25.25,-1.01,5.5,31.75,0.22,1.27,4,3.0,0,2025-08-20,0.7569866342648846,1.2001490868430862,6.257314064152274,partial_bearish,0.8622953632158576,2.1185396537189547,bearish,bearish,True,True,True,False,reversal,True,False,False,False,bullish,weak,51.761395017221815,29.392857142857142,11.75,30.25,0.3997569866342649,1.0291616038882139,0.71900826446281,2.1185396537189547,False,False,False,False,False,2025
349,312475,312476,312496,2025-08-20 14:25:00+00:00,2025-08-20 14:26:00+00:00,2025-08-20 14:46:00+00:00,short,23148.5,23147.75,23147.5,23172.5,23122.5,23097.5,23072.5,23047.5,72.0,70-79,-46.667387501384624,25.0,True,True,True,True,False,tp4,23047.5,23047.75,99.75,0.0,99.75,3.99,105.5,5.0,4.22,0.2,21,20.0,4,2025-08-20,0.8940350877192982,0.6495606326889279,6.257314064152274,partial_bearish,0.5520151989960811,0.9704214937145674,bearish,bearish,True,True,True,False,reversal,True,False,False,False,bullish,weak,44.43843748846149,25.446428571428573,8.25,16.25,0.32421052631578945,0.6385964912280702,0.6307692307692307,0.9704214937145674,False,False,False,False,False,2025
350,313800,313801,313801,2025-08-21 13:30:00+00:00,2025-08-21 13:31:00+00:00,2025-08-21 13:31:00+00:00,short,23200.5,23200.5,23200.25,23225.25,23175.25,23150.25,23125.25,23100.25,83.78838119440915,80-89,-59.78838119440916,25.0,False,False,False,False,True,stop,23225.25,23225.5,-25.25,0.0,-25.25,-1.01,0.5,44.75,0.02,1.79,1,0.0,0,2025-08-21,3.915080527086384,1.4375987361769351,0.5298165137614679,partial_bullish,11.657954054961394,1.235476493011436,bearish,bearish,True,True,True,False,reversal,True,True,False,True,bearish,strong,81.56984328674292,12.196428571428571,59.75,67.75,4.898975109809664,5.5549048316251834,0.014760147601476014,1.235476493011436,True,True,True,False,False,2025
351,313802,313803,313803,2025-08-21 13:32:00+00:00,2025-08-21 13:33:00+00:00,2025-08-21 13:33:00+00:00,short,23240.5,23240.0,23239.75,23264.75,23214.75,23189.75,23164.75,23139.75,73.0,70-79,-36.38337826458743,25.0,False,False,False,False,True,stop,23264.75,23265.0,-25.25,0.0,-25.25,-1.01,0.25,33.75,0.01,1.35,1,0.0,0,2025-08-21,0.6035751840168244,1.4375987361769351,0.5298165137614679,partial_bullish,3.9298369059884894,1.0207771692657166,bearish,bearish,True,True,True,True,reversal,True,False,True,True,bullish,moderate,63.47184779510477,16.982142857142858,30.25,32.75,1.7812828601472135,1.928496319663512,0.9541984732824428,1.0207771692657166,False,False,False,False,False,2025
352,313804,313805,313806,2025-08-21 13:34:00+00:00,2025-08-21 13:35:00+00:00,2025-08-21 13:36:00+00:00,short,23242.0,23242.0,23241.75,23266.75,23216.75,23191.75,23166.75,23141.75,80.32258758096185,80-89,-59.32258758096185,25.0,False,False,False,False,True,stop,23266.75,23267.0,-25.25,0.0,-25.25,-1.01,17.5,28.25,0.7,1.13,2,1.0,0,2025-08-21,0.8817946505608283,1.4375987361769351,0.5298165137614679,partial_bullish,2.347494257862659,1.1532344762023226,bearish,bearish,True,True,True,False,reversal,True,True,False,True,bearish,moderate,61.02156317468215,20.696428571428573,28.75,31.25,1.3891285591026745,1.5099223468507332,0.016,1.1532344762023226,False,False,False,False,False,2025
353,313807,313808,313816,2025-08-21 13:37:00+00:00,2025-08-21 13:38:00+00:00,2025-08-21 13:46:00+00:00,short,23287.0,23287.0,23286.75,23311.75,23261.75,23236.75,23211.75,23186.75,73.0,70-79,-42.74015203870076,25.0,True,True,True,True,False,tp4,23186.75,23187.0,99.75,0.0,99.75,3.99,109.75,3.75,4.39,0.15,9,8.0,4,2025-08-21,1.7995853489979268,0.2501718213058419,0.5298165137614679,partial_bullish,2.0685900925421885,1.5308278064357652,bearish,bearish,True,True,True,False,reversal,True,False,True,True,bullish,strong,77.16539967749367,25.839285714285715,26.25,30.75,1.0158949550794747,1.1900483759502418,0.967479674796748,1.5308278064357652,False,False,False,False,False,2025
354,315210,315211,315218,2025-08-22 14:00:00+00:00,2025-08-22 14:01:00+00:00,2025-08-22 14:08:00+00:00,long,23457.75,23457.75,23458.0,23433.0,23483.0,23508.0,23533.0,23558.0,84.4,80-89,72.4,25.0,True,True,True,True,False,tp4,23558.0,23557.75,99.75,0.0,99.75,3.99,121.0,2.25,4.84,0.09,8,7.0,4,2025-08-22,4.493092454835282,0.998876404494382,0.2871396895787139,strong_bullish,4.246759307763375,2.9509715677450097,bullish,bullish,True,True,True,False,reversal,True,True,False,True,bullish,strong,86.66666666666666,33.607142857142854,188.25,197.0,5.601487778958555,5.861849096705633,0.9555837563451777,2.9509715677450097,True,True,True,False,False,2025
355,315225,315226,315227,2025-08-22 14:15:00+00:00,2025-08-22 14:16:00+00:00,2025-08-22 14:17:00+00:00,long,23622.75,23622.75,23623.0,23598.0,23648.0,23673.0,23698.0,23723.0,80.96339869281046,80-89,58.96339869281046,25.0,False,False,False,False,True,stop,23598.0,23597.75,-25.25,0.0,-25.25,-1.01,10.5,34.75,0.42,1.39,2,1.0,0,2025-08-22,1.3790849673202614,4.258682634730539,6.292698826597132,strong_bullish,1.276754800125905,3.1443036748140787,bullish,bullish,False,True,True,False,continuation,True,True,False,True,bullish,strong,91.36165577342048,38.25,35.75,41.25,0.934640522875817,1.0784313725490196,0.9272727272727272,3.1443036748140787,True,False,False,False,True,2025
356,315231,315232,315232,2025-08-22 14:21:00+00:00,2025-08-22 14:22:00+00:00,2025-08-22 14:22:00+00:00,long,23541.5,23542.25,23542.5,23517.5,23567.5,23592.5,23617.5,23642.5,88.0,80-89,80.73386496544391,25.0,False,False,False,False,True,stop,23517.5,23517.25,-25.25,0.0,-25.25,-1.01,0.75,40.0,0.03,1.6,1,0.0,0,2025-08-22,2.6645401382243485,3.979438732981384,6.292698826597132,partial_bullish,1.0839593668792815,2.72761859469742,bullish,bullish,True,True,True,False,reversal,True,False,False,False,bearish,weak,52.217791954634066,33.589285714285715,13.25,35.75,0.3944710260499734,1.064327485380117,0.6153846153846154,2.72761859469742,False,False,False,False,False,2025
357,315233,315234,315246,2025-08-22 14:23:00+00:00,2025-08-22 14:24:00+00:00,2025-08-22 14:36:00+00:00,long,23510.0,23509.75,23510.0,23485.0,23535.0,23560.0,23585.0,23610.0,92.01749521542268,90-100,58.01749521542269,25.0,True,True,True,True,False,tp4,23610.0,23609.75,99.75,0.0,99.75,3.99,103.25,12.75,4.13,0.51,13,12.0,4,2025-08-22,2.3454231433506045,3.979438732981384,6.292698826597132,partial_bullish,0.9254855523309424,2.5788391842916645,bullish,bullish,True,True,True,False,reversal,True,False,False,False,neutral,none,33.479126795188975,31.017857142857142,5.25,27.75,0.1692573402417962,0.8946459412780656,0.6396396396396397,2.5788391842916645,False,False,False,False,False,2025
358,316610,316611,316614,2025-08-25 14:20:00+00:00,2025-08-25 14:21:00+00:00,2025-08-25 14:24:00+00:00,short,23523.5,23523.75,23523.5,23548.5,23498.5,23473.5,23448.5,23423.5,83.68071519795657,80-89,-29.680715197956573,25.0,False,False,False,False,True,stop,23548.5,23548.75,-25.25,0.0,-25.25,-1.01,5.25,26.0,0.21,1.04,4,3.0,0,2025-08-25,2.342273307790549,1.5933609958506223,2.6284224250325945,partial_bullish,1.3094575644935118,1.6777174145527654,neutral,bearish,True,True,True,False,reversal,True,True,False,True,bearish,strong,80.67262664963815,13.982142857142858,11.75,23.25,0.8403575989782887,1.6628352490421456,0.0,1.6777174145527654,True,True,True,False,False,2025
359,319325,319326,319364,2025-08-27 13:35:00+00:00,2025-08-27 13:36:00+00:00,2025-08-27 14:14:00+00:00,short,23542.25,23542.25,23542.0,23567.0,23517.0,23492.0,23467.0,23442.0,84.62840551206463,80-89,-79.62840551206463,25.0,True,True,False,False,True,stop,23567.0,23567.25,-25.25,0.0,-25.25,-1.01,53.5,25.0,2.14,1.0,39,38.0,2,2025-08-27,0.6197916666666667,0.4282700421940928,4.506951871657754,partial_bearish,3.2229311494143413,1.1891527234141237,bearish,bearish,True,True,True,False,reversal,True,True,False,True,bearish,weak,55.23671260053861,13.714285714285714,11.5,24.75,0.8385416666666667,1.8046875,0.0707070707070707,1.1891527234141235,False,False,False,False,False,2025
360,320707,320708,320715,2025-08-28 13:37:00+00:00,2025-08-28 13:38:00+00:00,2025-08-28 13:45:00+00:00,long,23700.5,23700.0,23700.25,23675.25,23725.25,23750.25,23775.25,23800.25,74.0,70-79,46.513239603726326,25.0,True,False,False,False,True,stop,23675.25,23675.0,-25.25,0.0,-25.25,-1.01,36.5,35.5,1.46,1.42,8,7.0,1,2025-08-28,0.5955143078112916,3.807395993836672,1.3655640373197626,partial_bullish,1.8274724563937816,1.4926345634008682,bullish,bullish,True,True,True,False,reversal,True,False,False,False,neutral,none,29.05633663561393,23.089285714285715,4.75,28.5,0.205723124516628,1.234338747099768,0.7017543859649122,1.4926345634008682,False,False,False,False,False,2025
361,320735,320736,320795,2025-08-28 14:05:00+00:00,2025-08-28 14:06:00+00:00,2025-08-28 15:05:00+00:00,long,23634.0,23633.75,23634.0,23609.0,23659.0,23684.0,23709.0,23734.0,78.3540258143823,70-79,52.3540258143823,25.0,True,True,True,False,False,max_holding_time,23699.5,23699.25,65.25,0.0,65.25,2.61,96.0,10.0,3.84,0.4,60,59.0,3,2025-08-28,1.1788567916410573,3.0579297245963915,0.9409505520883342,partial_bearish,1.1843014209809353,1.5691776017518946,bullish,bullish,True,True,True,False,reversal,True,True,False,True,bullish,moderate,69.61688178651917,29.053571428571427,29.5,41.25,1.0153657037492319,1.4197910264290106,0.8727272727272727,1.5691776017518946,True,False,False,False,False,2025
362,322113,322114,322173,2025-08-29 14:03:00+00:00,2025-08-29 14:04:00+00:00,2025-08-29 15:03:00+00:00,short,23498.0,23498.0,23497.75,23522.75,23472.75,23447.75,23422.75,23397.75,78.97743902439025,70-79,-42.97743902439025,25.0,True,True,True,False,False,max_holding_time,23447.0,23447.25,50.5,0.0,50.5,2.02,84.25,18.0,3.37,0.72,60,59.0,3,2025-08-29,1.2164634146341464,4.212389380530974,4.559710494571773,strong_bearish,1.3515049787009237,2.003489501754664,bearish,bearish,False,True,True,False,continuation,True,True,False,True,bearish,moderate,74.8119918699187,23.428571428571427,24.25,38.5,1.0350609756097562,1.6432926829268293,0.09090909090909091,2.003489501754664,True,False,False,True,False,2025
363,324604,324605,324605,2025-09-02 13:34:00+00:00,2025-09-02 13:35:00+00:00,2025-09-02 13:35:00+00:00,short,23082.5,23081.75,23081.5,23106.5,23056.5,23031.5,23006.5,22981.5,78.00595770129802,70-79,-53.005957701298016,25.0,False,False,False,False,True,stop,23106.5,23106.75,-25.25,0.0,-25.25,-1.01,3.25,50.25,0.13,2.01,1,0.0,0,2025-09-02,0.8083400160384924,0.0676737160120845,1.979223125564589,strong_bearish,2.058707975528989,1.30696597185106,bearish,bearish,True,True,True,True,reversal,True,False,False,False,bearish,weak,41.71631417748341,22.267857142857142,5.5,23.5,0.24699278267842822,1.0553327987169205,0.22340425531914893,1.30696597185106,False,False,False,False,False,2025
364,324606,324607,324611,2025-09-02 13:36:00+00:00,2025-09-02 13:37:00+00:00,2025-09-02 13:41:00+00:00,short,23138.25,23138.0,23137.75,23162.75,23112.75,23087.75,23062.75,23037.75,78.0,70-79,-46.264788732394365,25.0,False,False,False,False,True,stop,23162.75,23163.0,-25.25,0.0,-25.25,-1.01,11.25,39.75,0.45,1.59,5,4.0,0,2025-09-02,3.624413145539906,0.4965590259396507,1.979223125564589,partial_bearish,1.9354461329683317,1.5269881119397477,bearish,bearish,True,True,True,False,reversal,True,False,True,True,bullish,strong,81.12676056338029,26.625,21.75,30.0,0.8169014084507042,1.1267605633802817,0.7666666666666667,1.5269881119397475,False,False,False,False,False,2025
365,324651,324652,324678,2025-09-02 14:21:00+00:00,2025-09-02 14:22:00+00:00,2025-09-02 14:48:00+00:00,short,23246.0,23245.75,23245.5,23270.5,23220.5,23195.5,23170.5,23145.5,72.0,70-79,-45.3910822694995,25.0,True,True,True,True,False,tp4,23145.5,23145.75,99.75,0.0,99.75,3.99,100.25,17.25,4.01,0.69,27,26.0,4,2025-09-02,1.8,0.5673545966228893,1.9601742377100184,partial_bullish,0.7836554351418582,0.9775945315466826,bearish,bearish,True,True,True,False,reversal,True,False,False,False,bullish,weak,55.074314420837524,23.75,16.25,24.0,0.6842105263157895,1.0105263157894737,0.7291666666666666,0.9775945315466826,False,False,False,False,False,2025
366,325982,325983,326042,2025-09-03 13:32:00+00:00,2025-09-03 13:33:00+00:00,2025-09-03 14:32:00+00:00,long,23394.75,23394.25,23394.5,23369.5,23419.5,23444.5,23469.5,23494.5,70.09453271656099,70-79,70.09453271656099,25.0,True,True,True,False,False,max_holding_time,23468.0,23467.75,73.25,0.0,73.25,2.93,77.5,24.75,3.1,0.99,60,59.0,3,2025-09-03,3.0583446404341923,0.484725050916497,0.8107744107744108,strong_bearish,4.105257841305116,1.1334304818613472,bullish,bullish,True,False,False,False,reversal,True,False,False,False,neutral,none,34.12110597134159,13.160714285714286,6.5,31.75,0.49389416553595655,2.412483039348711,0.4566929133858268,1.1334304818613472,False,False,False,False,False,2025
367,327365,327366,327394,2025-09-04 13:35:00+00:00,2025-09-04 13:36:00+00:00,2025-09-04 14:04:00+00:00,short,23530.5,23530.75,23530.5,23555.5,23505.5,23480.5,23455.5,23430.5,81.47752675386445,80-89,-70.47752675386445,25.0,True,True,True,True,False,tp4,23430.5,23430.75,99.75,0.0,99.75,3.99,104.5,13.0,4.18,0.52,29,28.0,4,2025-09-04,3.995243757431629,3.0534482758620687,1.339043540328337,partial_bullish,3.820970490626962,1.5201690028262296,bearish,bearish,True,False,False,False,reversal,True,False,False,False,bearish,weak,45.64605628220372,15.017857142857142,4.5,18.5,0.2996432818073722,1.2318668252080855,0.04054054054054054,1.5201690028262296,False,False,False,False,False,2025
368,327405,327406,327409,2025-09-04 14:15:00+00:00,2025-09-04 14:16:00+00:00,2025-09-04 14:19:00+00:00,short,23419.5,23419.75,23419.5,23444.5,23394.5,23369.5,23344.5,23319.5,85.18531073446327,80-89,-73.18531073446327,25.0,False,False,False,False,True,stop,23444.5,23444.75,-25.25,0.0,-25.25,-1.01,9.5,28.5,0.38,1.14,4,3.0,0,2025-09-04,1.133709981167608,1.3197278911564625,1.372270187912646,strong_bearish,2.121865834042956,2.351497866182932,bearish,bearish,True,True,True,True,reversal,True,True,False,True,bearish,strong,93.21092278719397,18.964285714285715,17.25,24.75,0.9096045197740112,1.3050847457627117,0.2222222222222222,2.3514978661829318,True,True,True,False,True,2025
369,327412,327413,327414,2025-09-04 14:22:00+00:00,2025-09-04 14:23:00+00:00,2025-09-04 14:24:00+00:00,short,23446.0,23446.25,23446.0,23471.0,23421.0,23396.0,23371.0,23346.0,75.2880673524868,70-79,-75.2880673524868,25.0,False,False,False,False,True,stop,23471.0,23471.25,-25.25,0.0,-25.25,-1.01,0.25,33.75,0.01,1.35,2,1.0,0,2025-09-04,1.2659574468085106,0.8018475750577367,1.372270187912646,partial_bearish,0.4402432793262019,0.6850123102174805,bearish,bearish,True,True,True,True,reversal,True,False,False,False,neutral,none,27.4005612707234,16.785714285714285,1.75,9.25,0.10425531914893618,0.5510638297872341,0.35135135135135137,0.6850123102174805,False,False,False,False,False,2025
370,328746,328747,328770,2025-09-05 13:36:00+00:00,2025-09-05 13:37:00+00:00,2025-09-05 14:00:00+00:00,long,23841.75,23842.25,23842.5,23817.5,23867.5,23892.5,23917.5,23942.5,70.0,70-79,39.12359400045584,25.0,True,True,False,False,True,stop,23817.5,23817.25,-25.25,0.0,-25.25,-1.01,51.25,27.75,2.05,1.11,24,23.0,2,2025-09-05,1.5193798449612403,1.070631970260223,3.145374449339207,partial_bearish,1.3753523192490658,0.9750011301478232,bullish,bullish,True,False,False,False,reversal,True,False,False,False,bearish,weak,40.636716662868025,20.732142857142858,5.0,19.0,0.24117140396210163,0.9164513350559862,0.40789473684210525,0.9750011301478233,False,False,False,False,False,2025
371,332913,332914,332973,2025-09-10 14:03:00+00:00,2025-09-10 14:04:00+00:00,2025-09-10 15:03:00+00:00,long,23967.25,23967.25,23967.5,23942.5,23992.5,24017.5,24042.5,24067.5,74.48366455049421,70-79,66.48366455049421,25.0,False,False,False,False,False,max_holding_time,23966.75,23966.5,-1.0,0.0,-1.0,-0.04,23.25,22.25,0.93,0.89,60,59.0,0,2025-09-10,2.001765225066196,1.1249215317011927,2.557846506300115,partial_bearish,0.8985149130589806,1.012568331542307,bullish,bullish,True,False,False,False,reversal,True,False,False,False,bullish,moderate,70.69720458745181,20.232142857142858,11.0,20.0,0.5436893203883495,0.9885260370697264,0.8625,1.012568331542307,True,False,False,False,False,2025
372,341170,341171,341180,2025-09-18 13:40:00+00:00,2025-09-18 13:41:00+00:00,2025-09-18 13:50:00+00:00,short,24642.75,24642.75,24642.5,24667.5,24617.5,24592.5,24567.5,24542.5,74.72384052074858,70-79,-42.72384052074858,25.0,True,False,False,False,True,stop,24667.5,24667.75,-25.25,0.0,-25.25,-1.01,43.75,49.75,1.75,1.99,10,9.0,1,2025-09-18,2.517493897477624,0.3221757322175732,1.9295154185022023,strong_bearish,2.6886753489908863,1.695356649912758,neutral,bearish,True,True,True,True,reversal,True,True,False,True,bearish,strong,89.3653376729048,21.946428571428573,25.5,37.5,1.161920260374288,1.7087062652563059,0.08666666666666667,1.6953566499127581,True,False,False,False,False,2025
373,343922,343923,343931,2025-09-22 13:32:00+00:00,2025-09-22 13:33:00+00:00,2025-09-22 13:41:00+00:00,long,24850.0,24850.25,24850.5,24825.5,24875.5,24900.5,24925.5,24950.5,81.6630062350311,80-89,67.6630062350311,25.0,False,False,False,False,True,stop,24825.5,24825.25,-25.25,0.0,-25.25,-1.01,7.75,29.0,0.31,1.16,9,8.0,0,2025-09-22,3.7182448036951503,1.43701399688958,2.2419495213228897,strong_bullish,5.125353960908902,1.168827077853554,bullish,bullish,False,True,True,False,continuation,True,True,False,True,bullish,strong,97.19171862525926,7.732142857142857,9.0,14.5,1.163972286374134,1.8752886836027713,0.8793103448275862,1.1688270778535539,True,False,False,False,True,2025
374,343962,343963,344022,2025-09-22 14:12:00+00:00,2025-09-22 14:13:00+00:00,2025-09-22 15:12:00+00:00,long,24858.75,24858.75,24859.0,24834.0,24884.0,24909.0,24934.0,24959.0,75.89104365635923,70-79,58.89104365635923,25.0,True,True,True,False,False,max_holding_time,24910.25,24910.0,51.0,0.0,51.0,2.04,79.0,4.25,3.16,0.17,60,59.0,3,2025-09-22,2.65,1.604297224709042,3.225185185185185,partial_bullish,0.7843877506570446,0.6013045704490305,bullish,bullish,True,True,True,False,reversal,True,False,False,False,neutral,none,15.758697136326868,10.0,0.25,8.0,0.025,0.8,0.15625,0.6013045704490305,False,False,False,False,False,2025
375,346681,346682,346683,2025-09-24 13:31:00+00:00,2025-09-24 13:32:00+00:00,2025-09-24 13:33:00+00:00,long,24862.5,24862.0,24862.25,24837.25,24887.25,24912.25,24937.25,24962.25,73.0,70-79,67.03414973533967,25.0,False,False,False,False,True,stop,24837.25,24837.0,-25.25,0.0,-25.25,-1.01,9.25,32.25,0.37,1.29,2,1.0,0,2025-09-24,2.130434782608696,0.1932938856015779,0.5108323831242874,strong_bearish,6.251360712518555,0.755622009569378,bullish,bullish,True,False,True,False,reversal,True,False,True,True,bearish,strong,83.04875220550277,7.392857142857143,7.25,13.75,0.9806763285024154,1.859903381642512,0.03636363636363636,0.755622009569378,False,False,False,False,False,2025
376,346684,346685,346699,2025-09-24 13:34:00+00:00,2025-09-24 13:35:00+00:00,2025-09-24 13:49:00+00:00,long,24840.25,24840.75,24841.0,24816.0,24866.0,24891.0,24916.0,24941.0,84.20565534243845,80-89,62.20565534243845,25.0,False,False,False,False,True,stop,24816.0,24815.75,-25.25,0.0,-25.25,-1.01,15.5,36.5,0.62,1.46,15,14.0,0,2025-09-24,3.952153110047847,0.1932938856015779,0.5108323831242874,strong_bearish,2.5549149473483586,1.0102589707115337,bullish,bullish,True,False,True,False,reversal,True,False,False,False,bullish,weak,51.71379452032039,11.196428571428571,8.75,15.25,0.7814992025518341,1.3620414673046253,0.7868852459016393,1.0102589707115335,False,False,False,False,False,2025
377,346709,346710,346743,2025-09-24 13:59:00+00:00,2025-09-24 14:00:00+00:00,2025-09-24 14:33:00+00:00,long,24820.5,24821.25,24821.5,24796.5,24846.5,24871.5,24896.5,24921.5,76.2756431282504,70-79,76.2756431282504,25.0,False,False,False,False,True,stop,24796.5,24796.25,-25.25,0.0,-25.25,-1.01,19.5,27.5,0.78,1.1,34,33.0,0,2025-09-24,1.2342995169082125,4.142086330935252,2.2281167108753315,partial_bearish,0.8432223433354585,1.3047767558794512,bullish,bullish,True,False,False,False,reversal,True,False,False,False,bullish,weak,52.29702606875324,14.785714285714286,10.25,15.5,0.6932367149758454,1.0483091787439613,0.6612903225806451,1.3047767558794512,True,False,False,False,False,2025
378,348094,348095,348096,2025-09-25 14:04:00+00:00,2025-09-25 14:05:00+00:00,2025-09-25 14:06:00+00:00,short,24518.0,24517.5,24517.25,24542.25,24492.25,24467.25,24442.25,24417.25,70.0,70-79,-32.039466919610526,25.0,False,False,False,False,True,stop,24542.25,24542.5,-25.25,0.0,-25.25,-1.01,1.5,31.75,0.06,1.27,2,1.0,0,2025-09-25,2.573239436619718,1.7185048454083989,2.5426008968609866,partial_bearish,0.8541292847163827,1.3886945195009313,bearish,bearish,True,False,False,False,reversal,True,False,False,False,bullish,moderate,66.3377756699123,25.357142857142858,12.5,18.25,0.49295774647887325,0.719718309859155,0.8082191780821918,1.3886945195009313,False,False,False,False,False,2025
379,348097,348098,348099,2025-09-25 14:07:00+00:00,2025-09-25 14:08:00+00:00,2025-09-25 14:09:00+00:00,short,24540.25,24540.0,24539.75,24564.75,24514.75,24489.75,24464.75,24439.75,70.5287843137255,70-79,-50.528784313725495,25.0,False,False,False,False,True,stop,24564.75,24565.0,-25.25,0.0,-25.25,-1.01,4.5,29.75,0.18,1.19,2,1.0,0,2025-09-25,2.283921568627451,1.005459890802184,2.5426008968609866,partial_bullish,0.8618547005676284,1.5408635080766229,bearish,bearish,True,False,False,False,reversal,True,False,False,False,neutral,none,37.739869281045756,22.767857142857142,3.25,16.0,0.1427450980392157,0.7027450980392157,0.203125,1.5408635080766229,False,False,False,False,False,2025
380,349470,349471,349473,2025-09-26 14:00:00+00:00,2025-09-26 14:01:00+00:00,2025-09-26 14:03:00+00:00,long,24722.0,24722.25,24722.5,24697.5,24747.5,24772.5,24797.5,24822.5,77.59492956649346,70-79,77.59492956649346,25.0,False,False,False,False,True,stop,24697.5,24697.25,-25.25,0.0,-25.25,-1.01,10.75,40.5,0.43,1.62,3,2.0,0,2025-09-26,2.405349794238683,0.3765281173594131,0.4885749896136269,partial_bullish,1.3438037351380676,1.11307447408107,bullish,bullish,True,True,True,False,reversal,True,False,False,False,bullish,strong,79.95774638744552,17.357142857142858,15.75,29.0,0.9074074074074073,1.6707818930041152,0.7068965517241379,1.11307447408107,True,False,False,False,False,2025
381,349498,349499,349558,2025-09-26 14:28:00+00:00,2025-09-26 14:29:00+00:00,2025-09-26 15:28:00+00:00,long,24544.25,24544.0,24544.25,24519.25,24569.25,24594.25,24619.25,24644.25,72.67843137254901,70-79,62.67843137254901,25.0,True,True,True,False,False,max_holding_time,24624.5,24624.25,80.0,0.0,80.0,3.2,98.5,5.25,3.94,0.21,60,59.0,3,2025-09-26,1.9673202614379084,2.92722371967655,1.692045066575623,strong_bearish,1.1256073163761076,2.1005053265956453,bullish,neutral,True,False,False,False,reversal,True,False,False,False,bullish,weak,55.653594771241835,21.857142857142858,12.0,21.5,0.5490196078431372,0.9836601307189542,0.8372093023255814,2.1005053265956453,False,False,False,False,False,2025
382,352205,352206,352224,2025-09-30 13:35:00+00:00,2025-09-30 13:36:00+00:00,2025-09-30 13:54:00+00:00,long,24765.5,24765.5,24765.75,24740.75,24790.75,24815.75,24840.75,24865.75,71.34676780049146,70-79,56.34676780049146,25.0,True,False,False,False,True,stop,24740.75,24740.5,-25.25,0.0,-25.25,-1.01,40.75,35.5,1.63,1.42,19,18.0,1,2025-09-30,3.309090909090909,3.968,1.393886462882096,partial_bearish,2.596253487445197,0.9911520583066424,bullish,bullish,True,True,False,False,reversal,True,False,False,False,neutral,none,27.88973167076223,12.767857142857142,3.25,17.5,0.2545454545454546,1.3706293706293706,0.34285714285714286,0.9911520583066424,False,False,False,False,False,2025
383,352235,352236,352236,2025-09-30 14:05:00+00:00,2025-09-30 14:06:00+00:00,2025-09-30 14:06:00+00:00,long,24782.5,24782.75,24783.0,24758.0,24808.0,24833.0,24858.0,24883.0,74.0,70-79,41.07721209899175,25.0,False,False,False,False,True,stop,24758.0,24757.75,-25.25,0.0,-25.25,-1.01,0.25,31.25,0.01,1.25,1,0.0,0,2025-09-30,0.2438130155820348,1.4856822010106685,1.675,partial_bearish,1.6490553110753905,1.982889733840304,bullish,bullish,True,False,True,True,reversal,True,False,False,False,bearish,weak,57.68989917506874,19.482142857142858,17.0,31.25,0.8725939505041246,1.6040329972502292,0.392,1.9828897338403042,False,False,False,False,False,2025
384,352240,352241,352295,2025-09-30 14:10:00+00:00,2025-09-30 14:11:00+00:00,2025-09-30 15:05:00+00:00,long,24762.75,24763.5,24763.75,24738.75,24788.75,24813.75,24838.75,24863.75,76.6800883935522,70-79,76.6800883935522,25.0,True,True,True,True,False,tp4,24863.75,24863.5,99.75,0.0,99.75,3.99,100.25,17.5,4.01,0.7,55,54.0,4,2025-09-30,1.1037924151696608,1.2095188825659595,1.675,strong_bearish,0.7874623223769197,0.8366374380480366,bullish,bullish,True,False,True,False,reversal,True,False,False,False,neutral,none,39.00073661293502,17.892857142857142,6.75,15.75,0.37724550898203596,0.8802395209580839,0.8095238095238095,0.8366374380480366,False,False,False,False,False,2025
385,354976,354977,354979,2025-10-02 13:46:00+00:00,2025-10-02 13:47:00+00:00,2025-10-02 13:49:00+00:00,long,25069.0,25069.0,25069.25,25044.25,25094.25,25119.25,25144.25,25169.25,74.69179755671902,70-79,56.691797556719024,25.0,False,False,False,False,True,stop,25044.25,25044.0,-25.25,0.0,-25.25,-1.01,2.0,44.0,0.08,1.76,3,2.0,0,2025-10-02,0.9528795811518324,6.773307163886162,4.728986645718774,partial_bearish,1.2626688517286917,1.5716874449186529,bullish,bullish,True,False,False,False,reversal,True,False,False,False,bullish,weak,55.76497963932518,20.464285714285715,12.5,18.25,0.6108202443280977,0.8917975567190226,0.8767123287671232,1.5716874449186529,False,False,False,False,False,2025
386,354982,354983,355042,2025-10-02 13:52:00+00:00,2025-10-02 13:53:00+00:00,2025-10-02 14:52:00+00:00,long,25034.75,25034.75,25035.0,25010.0,25060.0,25085.0,25110.0,25135.0,73.59130434782608,70-79,64.59130434782608,25.0,True,True,False,False,False,max_holding_time,25041.0,25040.75,5.75,0.0,5.75,0.23,56.75,15.5,2.27,0.62,60,59.0,2,2025-10-02,1.5396419437340152,6.6946107784431135,4.728986645718774,strong_bearish,1.034773208115296,1.6319742264806174,bullish,bullish,True,False,False,False,reversal,True,False,False,False,bullish,weak,46.594202898550726,20.946428571428573,9.0,23.25,0.42966751918158563,1.1099744245524297,0.8817204301075269,1.6319742264806174,False,False,False,False,False,2025
387,356378,356379,356383,2025-10-03 14:08:00+00:00,2025-10-03 14:09:00+00:00,2025-10-03 14:13:00+00:00,short,25061.5,25061.75,25061.5,25086.5,25036.5,25011.5,24986.5,24961.5,74.90981963927855,70-79,-56.90981963927855,25.0,False,False,False,False,True,stop,25086.5,25086.75,-25.25,0.0,-25.25,-1.01,10.5,26.5,0.42,1.06,5,4.0,0,2025-10-03,0.8557114228456913,2.978292329956585,0.2619354838709677,strong_bearish,1.516881553203231,2.111010263213014,bearish,bearish,True,True,True,False,reversal,True,True,False,True,bearish,moderate,74.24849699398797,17.821428571428573,20.5,23.75,1.1503006012024046,1.3326653306613225,0.12631578947368421,2.111010263213014,True,False,False,True,False,2025
388,356384,356385,356386,2025-10-03 14:14:00+00:00,2025-10-03 14:15:00+00:00,2025-10-03 14:16:00+00:00,short,25076.0,25076.0,25075.75,25100.75,25050.75,25025.75,25000.75,24975.75,70.57490730584276,70-79,-70.57490730584276,25.0,False,False,False,False,True,stop,25100.75,25101.0,-25.25,0.0,-25.25,-1.01,1.5,25.25,0.06,1.01,2,1.0,0,2025-10-03,0.1212121212121212,2.2710280373831777,0.2619354838709677,partial_bearish,0.6849388928828181,1.1656038292731414,bearish,bearish,True,True,True,False,reversal,True,False,False,False,neutral,none,29.790894215356296,16.5,2.75,12.5,0.16666666666666666,0.7575757575757576,0.68,1.1656038292731414,False,False,False,False,False,2025
389,357722,357723,357729,2025-10-06 13:32:00+00:00,2025-10-06 13:33:00+00:00,2025-10-06 13:39:00+00:00,long,25173.25,25173.25,25173.5,25148.5,25198.5,25223.5,25248.5,25273.5,78.0,70-79,33.320824328026546,25.0,False,False,False,False,True,stop,25148.5,25148.25,-25.25,0.0,-25.25,-1.01,22.0,25.5,0.88,1.02,7,6.0,0,2025-10-06,2.9056603773584904,2.3,0.5821000704721635,partial_bearish,5.133507095279467,1.34896958996682,bullish,bullish,True,True,True,False,reversal,True,False,True,True,bearish,strong,88.9931305997788,12.303571428571429,19.75,32.75,1.6052249637155298,2.6618287373004352,0.183206106870229,1.34896958996682,False,False,False,False,False,2025
390,359103,359104,359163,2025-10-07 13:33:00+00:00,2025-10-07 13:34:00+00:00,2025-10-07 14:33:00+00:00,long,25230.5,25230.5,25230.75,25205.75,25255.75,25280.75,25305.75,25330.75,83.34220834516037,80-89,78.34220834516037,25.0,True,False,False,False,False,max_holding_time,25226.75,25226.5,-4.25,0.0,-4.25,-0.17,34.75,23.25,1.39,0.93,60,59.0,1,2025-10-07,0.6666666666666666,2.451977401129944,1.9061032863849765,partial_bearish,2.3049668514291923,0.8892988929889298,bullish,bullish,True,True,True,False,reversal,True,False,False,False,bullish,weak,44.51840287633646,9.75,4.5,12.25,0.46153846153846156,1.2564102564102564,0.8367346938775511,0.8892988929889298,False,False,False,False,False,2025
391,360482,360483,360520,2025-10-08 13:32:00+00:00,2025-10-08 13:33:00+00:00,2025-10-08 14:10:00+00:00,long,25125.25,25125.5,25125.75,25100.75,25150.75,25175.75,25200.75,25225.75,85.68086504041038,80-89,59.68086504041038,25.0,True,True,True,True,False,tp4,25225.75,25225.5,99.75,0.0,99.75,3.99,102.0,14.25,4.08,0.57,38,37.0,4,2025-10-08,3.524647887323944,1.4037940379403793,1.3274900398406375,strong_bullish,4.459124196682111,1.1010813005129718,bullish,bullish,True,True,True,False,reversal,True,True,False,True,bullish,strong,97.34054200341981,10.142857142857142,15.5,17.5,1.5281690140845072,1.7253521126760565,0.9,1.1010813005129718,True,False,False,False,True,2025
392,361870,361871,361881,2025-10-09 13:40:00+00:00,2025-10-09 13:41:00+00:00,2025-10-09 13:51:00+00:00,short,25290.5,25291.0,25290.75,25315.75,25265.75,25240.75,25215.75,25190.75,80.18706884776972,80-89,-80.18706884776972,25.0,True,False,False,False,True,stop,25315.75,25316.0,-25.25,0.0,-25.25,-1.01,37.0,26.25,1.48,1.05,11,10.0,1,2025-10-09,1.2018561484918795,1.0626506024096385,0.8476286579212916,partial_bearish,1.7475966790474111,1.0559144575629316,bearish,bearish,True,True,True,False,reversal,True,False,False,False,bearish,weak,51.558907064747714,15.392857142857142,9.5,19.0,0.617169373549884,1.234338747099768,0.35526315789473684,1.0559144575629316,True,False,False,True,False,2025
393,361882,361883,361942,2025-10-09 13:52:00+00:00,2025-10-09 13:53:00+00:00,2025-10-09 14:52:00+00:00,short,25279.0,25279.25,25279.0,25304.0,25254.0,25229.0,25204.0,25179.0,70.45565565565566,70-79,-32.45565565565566,25.0,True,True,True,False,False,max_holding_time,25238.0,25238.25,40.75,0.0,40.75,1.63,85.5,15.0,3.42,0.6,60,59.0,3,2025-10-09,0.3643643643643643,1.559782608695652,2.2793388429752066,partial_bearish,1.3247713015694451,1.9128728060280649,bearish,bearish,True,True,False,False,reversal,True,False,False,False,neutral,none,37.13046379713046,17.839285714285715,2.5,14.5,0.14014014014014015,0.8128128128128128,0.5689655172413793,1.9128728060280646,False,False,False,False,True,2025
394,363242,363243,363247,2025-10-10 13:32:00+00:00,2025-10-10 13:33:00+00:00,2025-10-10 13:37:00+00:00,short,25335.75,25336.0,25335.75,25360.75,25310.75,25285.75,25260.75,25235.75,72.10947725657552,70-79,-59.10947725657552,25.0,False,False,False,False,True,stop,25360.75,25361.0,-25.25,0.0,-25.25,-1.01,15.5,36.75,0.62,1.47,5,4.0,0,2025-10-10,3.2270363951473136,0.2828282828282828,0.899441340782123,partial_bullish,3.338787914207235,0.8469852188996456,bearish,bearish,True,True,False,False,reversal,True,True,False,True,bearish,weak,50.91231047146268,10.303571428571429,8.25,14.0,0.8006932409012132,1.3587521663778162,0.21428571428571427,0.8469852188996456,False,False,False,False,False,2025
395,363261,363262,363268,2025-10-10 13:51:00+00:00,2025-10-10 13:52:00+00:00,2025-10-10 13:58:00+00:00,short,25329.25,25329.0,25328.75,25353.75,25303.75,25278.75,25253.75,25228.75,76.4526287514091,70-79,-46.45262875140909,25.0,False,False,False,False,True,stop,25353.75,25354.0,-25.25,0.0,-25.25,-1.01,3.0,33.75,0.12,1.35,7,6.0,0,2025-10-10,3.109302325581395,2.4585365853658536,1.8718354430379749,partial_bullish,1.1839438744445152,1.1448557067032232,bearish,bearish,True,False,False,False,reversal,True,False,False,False,bearish,strong,87.10523959507576,15.357142857142858,11.75,18.0,0.7651162790697674,1.172093023255814,0.19444444444444445,1.1448557067032232,True,False,False,False,True,2025
396,363272,363273,363286,2025-10-10 14:02:00+00:00,2025-10-10 14:03:00+00:00,2025-10-10 14:16:00+00:00,long,25343.75,25343.75,25344.0,25319.0,25369.0,25394.0,25419.0,25444.0,78.7662654573899,70-79,78.7662654573899,25.0,False,False,False,False,True,stop,25319.0,25318.75,-25.25,0.0,-25.25,-1.01,11.75,42.25,0.47,1.69,14,13.0,0,2025-10-10,0.1354441512752858,1.199098422238918,2.372060857538036,partial_bullish,1.330747455751129,1.4967500275421397,bullish,bullish,True,True,True,False,reversal,True,True,False,True,bullish,weak,56.38554547824926,20.303571428571427,18.75,25.75,0.9234828496042217,1.2682497801231312,0.9320388349514563,1.4967500275421395,False,False,False,False,False,2025
397,364632,364633,364648,2025-10-13 13:42:00+00:00,2025-10-13 13:43:00+00:00,2025-10-13 13:58:00+00:00,long,24781.25,24780.75,24781.0,24756.0,24806.0,24831.0,24856.0,24881.0,76.98382581648522,70-79,18.983825816485226,25.0,True,True,True,True,False,tp4,24881.0,24880.75,99.75,0.0,99.75,3.99,104.5,12.0,4.18,0.48,16,15.0,4,2025-10-13,0.7475375842405392,2.536487166582788,0.2240779401530967,partial_bullish,1.2314913994077248,1.5837773230962462,neutral,bullish,True,True,True,False,reversal,True,True,False,True,bullish,moderate,74.86521513737688,34.44642857142857,50.25,51.75,1.458786936236392,1.5023328149300157,0.9855072463768116,1.5837773230962462,True,True,True,False,False,2025
398,364662,364663,364669,2025-10-13 14:12:00+00:00,2025-10-13 14:13:00+00:00,2025-10-13 14:19:00+00:00,long,24886.5,24886.75,24887.0,24862.0,24912.0,24937.0,24962.0,24987.0,78.0,70-79,70.03834032330306,25.0,False,False,False,False,True,stop,24862.0,24861.75,-25.25,0.0,-25.25,-1.01,17.5,28.0,0.7,1.12,7,6.0,0,2025-10-13,0.1636060100166945,1.8282469836763664,1.0363182700304965,partial_bullish,1.4853731343283585,2.22488202842324,bullish,bullish,True,False,True,False,reversal,True,False,False,False,bearish,weak,58.01383063914112,21.392857142857142,19.0,41.0,0.8881469115191987,1.9165275459098499,0.3353658536585366,2.2248820284232393,False,False,False,False,False,2025
399,366018,366019,366023,2025-10-14 13:48:00+00:00,2025-10-14 13:49:00+00:00,2025-10-14 13:53:00+00:00,short,24495.75,24496.5,24496.25,24521.25,24471.25,24446.25,24421.25,24396.25,74.0,70-79,-33.36060606060606,25.0,True,False,False,False,True,stop,24521.25,24521.5,-25.25,0.0,-25.25,-1.01,35.75,50.75,1.43,2.03,5,4.0,1,2025-10-14,1.75,4.323793250747544,3.2024048096192383,partial_bearish,0.9187083856906738,1.7433634447753517,bearish,bearish,False,True,True,False,continuation,True,False,False,False,neutral,none,38.661616161616166,33.0,5.75,22.0,0.17424242424242425,0.6666666666666666,0.5681818181818182,1.7433634447753517,False,False,False,False,False,2025
400,366045,366046,366046,2025-10-14 14:15:00+00:00,2025-10-14 14:16:00+00:00,2025-10-14 14:16:00+00:00,short,24606.75,24607.25,24607.0,24632.0,24582.0,24557.0,24532.0,24507.0,73.15212121212122,70-79,-53.152121212121216,25.0,False,False,False,False,True,stop,24632.0,24632.25,-25.25,0.0,-25.25,-1.01,1.0,25.0,0.04,1.0,1,0.0,0,2025-10-14,0.7,2.718578352180937,0.0619773733398917,strong_bullish,1.1846774754714355,1.6639585598573052,bearish,bearish,True,True,False,False,reversal,True,False,False,False,bearish,weak,59.6010101010101,23.571428571428573,18.25,31.5,0.7742424242424242,1.3363636363636362,0.14285714285714285,1.6639585598573052,False,False,False,False,False,2025
401,368777,368778,368780,2025-10-16 13:47:00+00:00,2025-10-16 13:48:00+00:00,2025-10-16 13:50:00+00:00,long,25066.5,25066.5,25066.75,25041.75,25091.75,25116.75,25141.75,25166.75,73.0,70-79,43.400000000000006,25.0,False,False,False,False,True,stop,25041.75,25041.5,-25.25,0.0,-25.25,-1.01,18.75,40.75,0.75,1.63,3,2.0,0,2025-10-16,0.0954328561690524,0.7609756097560976,1.2119168071950537,strong_bullish,1.617126978780734,2.0581563577259008,bullish,bullish,True,True,True,True,reversal,True,False,True,True,bearish,moderate,71.66666666666666,26.196428571428573,45.0,49.25,1.7177914110429446,1.880027266530334,0.08629441624365482,2.0581563577259008,False,False,False,False,False,2025
402,368781,368782,368802,2025-10-16 13:51:00+00:00,2025-10-16 13:52:00+00:00,2025-10-16 14:12:00+00:00,long,25043.0,25042.5,25042.75,25017.75,25067.75,25092.75,25117.75,25142.75,72.0,70-79,72.0,25.0,True,True,False,False,True,stop,25017.75,25017.5,-25.25,0.0,-25.25,-1.01,53.75,29.25,2.15,1.17,21,20.0,2,2025-10-16,2.452028332260141,0.626360338573156,1.2119168071950537,partial_bearish,1.1141784386171876,1.486399041342121,bullish,bullish,True,True,True,False,reversal,True,False,False,False,neutral,none,38.653442621923716,27.732142857142858,7.5,25.75,0.27044430135222153,0.9285254346426272,0.4174757281553398,1.486399041342121,False,False,False,False,False,2025
403,370148,370149,370158,2025-10-17 13:38:00+00:00,2025-10-17 13:39:00+00:00,2025-10-17 13:48:00+00:00,short,24758.25,24758.75,24758.5,24783.5,24733.5,24708.5,24683.5,24658.5,71.10233072999684,70-79,-34.10233072999684,25.0,True,True,True,False,True,stop,24783.5,24783.75,-25.25,0.0,-25.25,-1.01,86.25,25.5,3.45,1.02,10,9.0,3,2025-10-17,0.0645756457564575,0.3975791433891993,0.3077790304396843,partial_bearish,1.61300648966407,1.3912897962598838,neutral,bearish,True,True,True,False,reversal,True,True,False,True,bearish,moderate,67.51942274997364,38.714285714285715,46.25,62.75,1.1946494464944648,1.6208487084870848,0.05179282868525897,1.3912897962598838,False,False,False,False,False,2025
404,372921,372922,372950,2025-10-21 13:51:00+00:00,2025-10-21 13:52:00+00:00,2025-10-21 14:20:00+00:00,short,25258.25,25258.25,25258.0,25283.0,25233.0,25208.0,25183.0,25158.0,74.05752536356674,70-79,-54.05752536356674,25.0,True,False,False,False,True,stop,25283.0,25283.25,-25.25,0.0,-25.25,-1.01,46.0,28.0,1.84,1.12,29,28.0,1,2025-10-21,0.022801302931596,1.7845394736842104,2.2777777777777777,partial_bearish,0.8332864412093345,0.7893334145561427,bearish,bearish,True,True,True,False,reversal,True,False,False,False,neutral,none,17.146044696389488,21.928571428571427,3.0,13.75,0.13680781758957655,0.6270358306188926,0.6727272727272727,0.7893334145561427,False,False,False,False,False,2025
405,372958,372959,372964,2025-10-21 14:28:00+00:00,2025-10-21 14:29:00+00:00,2025-10-21 14:34:00+00:00,short,25208.75,25208.75,25208.5,25233.5,25183.5,25158.5,25133.5,25108.5,70.8,70-79,-58.8,25.0,False,False,False,False,True,stop,25233.5,25233.75,-25.25,0.0,-25.25,-1.01,5.5,25.5,0.22,1.02,6,5.0,0,2025-10-21,2.99290780141844,1.002733734281028,1.8351719662556785,partial_bearish,1.892078865444483,2.419692692002446,bearish,bearish,False,True,True,False,continuation,True,True,False,True,bearish,strong,90.0,17.625,26.0,34.0,1.475177304964539,1.929078014184397,0.07352941176470588,2.419692692002446,True,False,False,False,False,2025
406,374336,374337,374352,2025-10-22 14:26:00+00:00,2025-10-22 14:27:00+00:00,2025-10-22 14:42:00+00:00,short,25177.0,25177.25,25177.0,25202.0,25152.0,25127.0,25102.0,25077.0,70.0,70-79,-44.0,25.0,True,True,True,True,False,tp4,25077.0,25077.25,99.75,0.0,99.75,3.99,100.0,3.5,4.0,0.14,16,15.0,4,2025-10-22,2.4858536585365854,1.6531365313653137,1.2541133455210238,strong_bearish,1.5501965160852056,1.6840263135700428,bearish,bearish,False,True,True,False,continuation,True,True,False,True,bearish,strong,83.33333333333334,18.303571428571427,25.0,27.5,1.3658536585365855,1.5024390243902441,0.05454545454545454,1.6840263135700428,True,False,False,True,False,2025
407,375714,375715,375774,2025-10-23 14:24:00+00:00,2025-10-23 14:25:00+00:00,2025-10-23 15:24:00+00:00,long,25154.75,25155.25,25155.5,25130.5,25180.5,25205.5,25230.5,25255.5,94.80135823429542,90-100,60.80135823429542,25.0,True,False,False,False,False,max_holding_time,25165.25,25165.0,9.5,0.0,9.5,0.38,43.75,22.25,1.75,0.89,60,59.0,1,2025-10-23,2.7928692699490663,1.7852789498359118,2.595959595959596,partial_bullish,1.2565084414998728,1.7203287080695135,bullish,bullish,True,True,True,True,reversal,True,False,False,False,bullish,strong,90.01131861912847,21.035714285714285,16.0,29.75,0.7606112054329373,1.4142614601018677,0.9159663865546218,1.7203287080695135,True,True,True,False,True,2025
408,377041,377042,377055,2025-10-24 13:31:00+00:00,2025-10-24 13:32:00+00:00,2025-10-24 13:45:00+00:00,long,25443.0,25443.25,25443.5,25418.5,25468.5,25493.5,25518.5,25543.5,70.07834405430921,70-79,50.07834405430921,25.0,True,True,True,True,False,tp4,25543.5,25543.25,99.75,0.0,99.75,3.99,107.0,3.5,4.28,0.14,14,13.0,4,2025-10-24,3.0157232704402515,0.0931780366056572,2.780249593054802,partial_bearish,5.178421242340503,0.9721439043644976,bullish,bullish,True,True,False,False,reversal,True,False,False,False,neutral,none,33.98620045257673,11.357142857142858,6.25,28.75,0.550314465408805,2.531446540880503,0.45217391304347826,0.9721439043644976,False,False,False,False,False,2025
409,377059,377060,377119,2025-10-24 13:49:00+00:00,2025-10-24 13:50:00+00:00,2025-10-24 14:49:00+00:00,long,25484.5,25484.5,25484.75,25459.75,25509.75,25534.75,25559.75,25584.75,70.0,70-79,34.922450036088506,25.0,True,True,False,False,False,max_holding_time,25514.25,25514.0,29.25,0.0,29.25,1.17,56.5,20.75,2.26,0.83,60,59.0,2,2025-10-24,1.7175141242937852,1.8455392809587217,3.989805375347544,partial_bullish,0.6366237482117311,0.6011747430249633,bullish,bullish,True,False,False,False,reversal,True,False,False,False,bearish,weak,42.312916365929134,22.125,2.25,12.0,0.1016949152542373,0.5423728813559322,0.6666666666666666,0.6011747430249633,False,False,False,False,False,2025
410,378426,378427,378486,2025-10-27 13:36:00+00:00,2025-10-27 13:37:00+00:00,2025-10-27 14:36:00+00:00,long,25820.0,25820.5,25820.75,25795.75,25845.75,25870.75,25895.75,25920.75,71.95306561649303,70-79,71.95306561649303,25.0,True,True,False,False,False,max_holding_time,25885.25,25885.0,64.25,0.0,64.25,2.57,66.5,12.5,2.66,0.5,60,59.0,2,2025-10-27,1.6038543897216275,1.1366711772665763,1.659378596087457,strong_bearish,1.950744738168483,0.8240943332501212,bullish,bullish,True,True,False,False,reversal,True,False,False,False,bullish,weak,49.60888013744192,16.678571428571427,11.25,24.25,0.6745182012847967,1.4539614561027838,0.8556701030927835,0.8240943332501212,False,False,False,False,False,2025
411,381181,381182,381187,2025-10-29 13:31:00+00:00,2025-10-29 13:32:00+00:00,2025-10-29 13:37:00+00:00,long,26280.5,26280.75,26281.0,26256.25,26306.0,26331.0,26356.0,26381.0,83.4935054373042,80-89,66.4935054373042,24.75,False,False,False,False,True,stop,26256.25,26256.0,-25.0,0.0,-25.0,-1.0101010101010102,11.5,25.25,0.4646464646464646,1.02020202020202,6,5.0,0,2025-10-29,2.45360824742268,0.0,0.7647058823529411,mixed,5.980883735506111,0.8608577002447029,bullish,bullish,True,False,True,False,reversal,True,False,False,False,bullish,strong,79.1125453108683,8.660714285714286,11.5,20.75,1.3278350515463917,2.3958762886597937,0.7228915662650602,0.8608577002447029,True,True,True,False,False,2025
412,382564,382565,382570,2025-10-30 13:34:00+00:00,2025-10-30 13:35:00+00:00,2025-10-30 13:40:00+00:00,short,26043.5,26043.75,26043.5,26068.5,26018.5,25993.5,25968.5,25943.5,93.79766691105944,90-100,-45.79766691105944,25.0,True,True,True,True,False,tp4,25943.5,25943.75,99.75,0.0,99.75,3.99,102.0,0.75,4.08,0.03,6,5.0,4,2025-10-30,4.033480176211454,1.3504566210045663,1.974921630094044,partial_bearish,2.5139324993013203,1.1922378238463158,bearish,bearish,True,True,True,False,reversal,True,True,False,True,bearish,strong,81.6472242588286,20.267857142857142,16.75,30.25,0.826431718061674,1.492511013215859,0.01652892561983471,1.1922378238463158,True,False,False,False,False,2025
413,382599,382600,382604,2025-10-30 14:09:00+00:00,2025-10-30 14:10:00+00:00,2025-10-30 14:14:00+00:00,short,26092.5,26092.5,26092.25,26117.25,26067.25,26042.25,26017.25,25992.25,78.7386905522727,70-79,-53.7386905522727,25.0,True,False,False,False,True,stop,26117.25,26117.5,-25.25,0.0,-25.25,-1.01,32.5,26.25,1.3,1.05,5,4.0,1,2025-10-30,0.2042730588848358,2.5467105263157896,0.1121281464530892,partial_bullish,1.2098516491430218,2.234904417927126,bearish,bearish,True,False,True,False,reversal,True,False,False,False,bearish,weak,47.82242126893921,34.267857142857146,7.5,26.5,0.21886399166232412,0.7733194372068786,0.49056603773584906,2.234904417927126,True,False,False,True,True,2025
414,383991,383992,383993,2025-10-31 14:21:00+00:00,2025-10-31 14:22:00+00:00,2025-10-31 14:23:00+00:00,short,26068.0,26067.5,26067.25,26092.25,26042.25,26017.25,25992.25,25967.25,84.05069637883008,80-89,-54.05069637883008,25.0,False,False,False,False,True,stop,26092.25,26092.5,-25.25,0.0,-25.25,-1.01,10.25,32.0,0.41,1.28,2,1.0,0,2025-10-31,1.7158774373259051,0.0,3.4302382109868743,partial_bearish,1.7887748703606017,1.8923870696009264,bearish,bearish,True,True,True,False,reversal,True,True,False,True,bearish,strong,83.75580315691735,19.232142857142858,36.75,40.5,1.9108635097493036,2.1058495821727017,0.07407407407407407,1.8923870696009266,True,False,False,True,False,2025
415,383994,383995,384001,2025-10-31 14:24:00+00:00,2025-10-31 14:25:00+00:00,2025-10-31 14:31:00+00:00,short,26101.5,26102.0,26101.75,26126.75,26076.75,26051.75,26026.75,26001.75,72.0,70-79,-59.204115956024935,25.0,False,False,False,False,True,stop,26126.75,26127.0,-25.25,0.0,-25.25,-1.01,5.5,27.25,0.22,1.09,7,6.0,0,2025-10-31,0.4885215794306703,0.0,3.4302382109868743,partial_bearish,0.8636648737004162,1.1164344856391737,bearish,bearish,True,True,True,False,reversal,True,False,False,False,bullish,weak,48.29903369979222,19.446428571428573,3.25,13.75,0.16712580348943984,0.707070707070707,0.6,1.1164344856391735,False,False,False,False,False,2025
416,386703,386704,386705,2025-11-04 14:33:00+00:00,2025-11-04 14:34:00+00:00,2025-11-04 14:35:00+00:00,short,25673.0,25672.5,25672.25,25697.25,25647.25,25622.25,25597.25,25572.25,73.6,70-79,-47.6,25.0,False,False,False,False,True,stop,25697.25,25697.5,-25.25,0.0,-25.25,-1.01,9.25,26.5,0.37,1.06,2,1.0,0,2025-11-04,3.119565217391304,1.8010610079575595,0.0595111583421891,partial_bearish,4.196265938069217,1.6955181772182957,bearish,bearish,True,True,False,False,reversal,True,True,False,True,bearish,strong,96.66666666666666,19.714285714285715,41.75,46.25,2.1177536231884058,2.346014492753623,0.02702702702702703,1.6955181772182955,True,False,False,False,True,2025
417,388082,388083,388084,2025-11-05 14:32:00+00:00,2025-11-05 14:33:00+00:00,2025-11-05 14:34:00+00:00,long,25538.75,25538.75,25539.0,25514.0,25564.0,25589.0,25614.0,25639.0,70.37514808438652,70-79,41.37514808438653,25.0,False,False,False,False,True,stop,25514.0,25513.75,-25.25,0.0,-25.25,-1.01,11.0,38.25,0.44,1.53,2,1.0,0,2025-11-05,0.3309352517985611,0.9977011494252874,0.6192842942345924,partial_bullish,3.153414682149183,0.9097038388110972,bullish,bullish,True,True,True,False,reversal,True,False,False,False,bullish,weak,44.79290070322103,17.375,11.25,22.25,0.6474820143884892,1.2805755395683454,0.6966292134831461,0.9097038388110971,False,False,False,False,False,2025
418,388087,388088,388101,2025-11-05 14:37:00+00:00,2025-11-05 14:38:00+00:00,2025-11-05 14:51:00+00:00,long,25533.0,25532.75,25533.0,25508.0,25558.0,25583.0,25608.0,25633.0,72.06492515678167,70-79,38.06492515678167,25.0,True,True,True,True,False,tp4,25633.0,25632.75,99.75,0.0,99.75,3.99,104.0,24.25,4.16,0.97,14,13.0,4,2025-11-05,0.2028985507246376,2.653896961690885,0.6192842942345924,partial_bearish,2.362211120588116,1.3311564459770815,bullish,bullish,False,True,True,False,continuation,True,True,False,True,bullish,moderate,67.20770963984721,28.339285714285715,38.5,49.75,1.3585381222432262,1.755513547574039,0.7738693467336684,1.3311564459770817,False,False,False,False,False,2025
419,388124,388125,388131,2025-11-05 15:14:00+00:00,2025-11-05 15:15:00+00:00,2025-11-05 15:21:00+00:00,long,25648.0,25648.5,25648.75,25623.75,25673.75,25698.75,25723.75,25748.75,72.0,70-79,71.08921342314619,25.0,False,False,False,False,True,stop,25623.75,25623.5,-25.25,0.0,-25.25,-1.01,24.75,30.25,0.99,1.21,7,6.0,0,2025-11-05,1.2253618194348723,3.1919792053471965,1.9455732946298985,partial_bullish,0.7693429279630853,1.0897560501506462,bullish,bullish,True,True,True,False,reversal,True,False,False,False,bearish,weak,49.25655480711504,25.910714285714285,10.5,16.0,0.40523776705720194,0.6175051688490696,0.265625,1.0897560501506462,False,False,False,False,False,2025
420,388133,388134,388193,2025-11-05 15:23:00+00:00,2025-11-05 15:24:00+00:00,2025-11-05 16:23:00+00:00,long,25681.75,25681.25,25681.5,25656.5,25706.5,25731.5,25756.5,25781.5,73.23259154626726,70-79,68.23259154626726,25.0,True,True,False,False,False,max_holding_time,25692.5,25692.25,10.75,0.0,10.75,0.43,55.0,23.25,2.2,0.93,60,59.0,2,2025-11-05,0.7113163972286374,0.3746835443037974,1.1796657381615598,partial_bullish,1.188024290853804,1.4331566768679556,bullish,bullish,True,True,True,True,reversal,True,True,False,True,bullish,strong,85.27159621889388,23.196428571428573,23.0,27.5,0.99153194765204,1.1855273287143957,0.9818181818181818,1.4331566768679556,True,True,True,False,True,2025
421,389478,389479,389479,2025-11-06 14:48:00+00:00,2025-11-06 14:49:00+00:00,2025-11-06 14:49:00+00:00,long,25668.5,25668.5,25668.75,25643.75,25693.75,25718.75,25743.75,25768.75,85.52507740484673,80-89,78.52507740484673,25.0,False,False,False,False,True,stop,25643.75,25643.5,-25.25,0.0,-25.25,-1.01,1.5,40.0,0.06,1.6,1,0.0,0,2025-11-06,2.4775280898876404,3.341935483870968,5.298701298701299,partial_bearish,0.9441438859231128,0.9765714751595378,bullish,bullish,True,True,True,False,reversal,True,False,False,False,bullish,moderate,62.70897837372276,25.428571428571427,13.75,22.25,0.5407303370786517,0.875,0.797752808988764,0.9765714751595378,True,True,True,False,True,2025
422,389480,389481,389481,2025-11-06 14:50:00+00:00,2025-11-06 14:51:00+00:00,2025-11-06 14:51:00+00:00,long,25599.75,25600.0,25600.25,25575.25,25625.25,25650.25,25675.25,25700.25,78.0,70-79,56.78885448916409,25.0,False,False,False,False,True,stop,25575.25,25575.0,-25.25,0.0,-25.25,-1.01,5.5,35.5,0.22,1.42,1,0.0,0,2025-11-06,1.4736842105263157,1.6502679006332197,5.298701298701299,strong_bearish,1.7583947971524956,1.7707489430650771,bullish,bullish,True,True,True,False,reversal,True,False,True,True,bearish,moderate,68.42621259029929,28.839285714285715,29.0,60.25,1.0055727554179565,2.0891640866873065,0.12448132780082988,1.7707489430650771,False,False,False,False,False,2025
423,389482,389483,389485,2025-11-06 14:52:00+00:00,2025-11-06 14:53:00+00:00,2025-11-06 14:55:00+00:00,long,25571.5,25572.0,25572.25,25547.25,25597.25,25622.25,25647.25,25672.25,81.83647283563842,80-89,49.83647283563842,25.0,False,False,False,False,True,stop,25547.25,25547.0,-25.25,0.0,-25.25,-1.01,13.25,25.75,0.53,1.03,3,2.0,0,2025-11-06,2.739308728763913,1.6502679006332197,5.298701298701299,strong_bearish,1.2353321925928775,1.7561473356231154,bullish,neutral,True,True,True,False,reversal,True,False,False,False,neutral,none,31.9706069636535,30.482142857142858,3.0,28.75,0.0984182776801406,0.9431751611013474,0.6260869565217392,1.7561473356231154,False,False,False,False,False,2025
424,389486,389487,389487,2025-11-06 14:56:00+00:00,2025-11-06 14:57:00+00:00,2025-11-06 14:57:00+00:00,long,25555.75,25555.75,25556.0,25531.0,25581.0,25606.0,25631.0,25656.0,72.0,70-79,53.203925882007496,25.0,False,False,False,False,True,stop,25531.0,25530.75,-25.25,0.0,-25.25,-1.01,1.5,28.75,0.06,1.15,1,0.0,0,2025-11-06,0.4555694618272841,2.744301699129714,5.298701298701299,strong_bearish,0.7530559887318276,1.0852052882916352,bullish,bullish,True,False,True,False,reversal,True,False,False,False,neutral,none,23.300617649937557,28.535714285714285,7.25,24.25,0.25406758448060074,0.8498122653316647,0.6494845360824743,1.0852052882916352,False,False,False,False,False,2025
425,389488,389489,389490,2025-11-06 14:58:00+00:00,2025-11-06 14:59:00+00:00,2025-11-06 15:00:00+00:00,long,25532.5,25532.5,25532.75,25507.75,25557.75,25582.75,25607.75,25632.75,72.35476256445658,70-79,46.35476256445658,25.0,False,False,False,False,True,stop,25507.75,25507.5,-25.25,0.0,-25.25,-1.01,1.5,64.5,0.06,2.58,2,1.0,0,2025-11-06,1.4687689508793207,2.744301699129714,5.298701298701299,strong_bearish,0.6518016653582004,1.2039140909558008,bullish,bullish,True,False,False,False,reversal,True,False,False,False,neutral,none,19.623021370471456,29.446428571428573,2.0,21.0,0.06791995148574893,0.7131594906003638,0.34523809523809523,1.2039140909558008,False,False,False,False,False,2025
426,389506,389507,389507,2025-11-06 15:16:00+00:00,2025-11-06 15:17:00+00:00,2025-11-06 15:17:00+00:00,short,25457.25,25457.5,25457.25,25482.25,25432.25,25407.25,25382.25,25357.25,78.0,70-79,-52.87681557047794,25.0,False,False,False,False,True,stop,25482.25,25482.5,-25.25,0.0,-25.25,-1.01,0.75,29.75,0.03,1.19,1,0.0,0,2025-11-06,0.5103757711721817,3.5873907615480647,6.420560747663552,strong_bearish,0.9754712764479558,1.6047935132556936,bearish,bearish,True,True,True,True,reversal,True,False,False,False,bullish,weak,59.35987024601719,31.839285714285715,24.25,37.0,0.7616376892877174,1.162086371284352,0.722972972972973,1.6047935132556936,False,False,False,False,False,2025
427,389509,389510,389510,2025-11-06 15:19:00+00:00,2025-11-06 15:20:00+00:00,2025-11-06 15:20:00+00:00,short,25486.0,25487.0,25486.75,25511.75,25461.75,25436.75,25411.75,25386.75,85.6672607368909,80-89,-80.6672607368909,25.0,False,False,False,False,True,stop,25511.75,25512.0,-25.25,0.0,-25.25,-1.01,0.0,30.5,0.0,1.22,1,0.0,0,2025-11-06,2.094554159186116,3.5873907615480647,6.420560747663552,partial_bearish,0.6255858934652855,1.2642837444094055,bearish,bearish,True,True,True,False,reversal,True,False,False,False,neutral,none,30.56050614075741,29.839285714285715,13.25,27.5,0.4440454817474566,0.9216038300418911,0.4636363636363636,1.2642837444094055,False,False,False,False,False,2025
428,389511,389512,389513,2025-11-06 15:21:00+00:00,2025-11-06 15:22:00+00:00,2025-11-06 15:23:00+00:00,short,25513.0,25513.0,25512.75,25537.75,25487.75,25462.75,25437.75,25412.75,72.0,70-79,-50.30517303949311,25.0,False,False,False,False,True,stop,25537.75,25538.0,-25.25,0.0,-25.25,-1.01,8.0,25.5,0.32,1.02,2,1.0,0,2025-11-06,1.9391304347826088,1.1428571428571428,6.420560747663552,partial_bearish,0.6207294713267902,0.9377036611079164,bearish,bearish,True,True,True,False,reversal,True,False,False,False,bullish,weak,47.45689133755739,28.75,3.5,13.75,0.12173913043478261,0.4782608695652174,0.5454545454545454,0.9377036611079165,False,False,False,False,False,2025
429,390863,390864,390865,2025-11-07 14:53:00+00:00,2025-11-07 14:54:00+00:00,2025-11-07 14:55:00+00:00,short,24985.5,24986.25,24986.0,25011.0,24961.0,24936.0,24911.0,24886.0,70.86631039371797,70-79,-70.86631039371797,25.0,False,False,False,False,True,stop,25011.0,25011.25,-25.25,0.0,-25.25,-1.01,6.75,25.25,0.27,1.01,2,1.0,0,2025-11-07,0.0462427745664739,3.165263963274674,1.6301099520721736,strong_bearish,0.9744926680767568,1.712841992007378,bearish,bearish,True,True,False,False,reversal,True,False,False,False,bearish,weak,40.552586614316354,43.25,13.0,39.75,0.30057803468208094,0.9190751445086706,0.2830188679245283,1.7128419920073779,False,False,False,False,False,2025
430,392242,392243,392301,2025-11-10 14:52:00+00:00,2025-11-10 14:53:00+00:00,2025-11-10 15:51:00+00:00,long,25594.75,25594.5,25594.75,25569.75,25619.75,25644.75,25669.75,25694.75,70.0,70-79,55.92587249176074,25.0,True,True,False,False,True,stop,25569.75,25569.5,-25.25,0.0,-25.25,-1.01,71.75,44.75,2.87,1.79,59,58.0,2,2025-11-10,1.9919839679358715,2.934540389972145,2.502750275027503,partial_bullish,0.647877670251481,0.7063868402088913,bullish,bullish,True,True,False,False,reversal,True,False,True,True,bearish,weak,58.95106256866048,17.821428571428573,19.25,23.0,1.0801603206412824,1.2905811623246493,0.10869565217391304,0.7063868402088913,False,False,False,False,False,2025
431,393603,393604,393663,2025-11-11 14:33:00+00:00,2025-11-11 14:34:00+00:00,2025-11-11 15:33:00+00:00,short,25626.5,25627.25,25627.0,25652.0,25602.0,25577.0,25552.0,25527.0,70.86003301431658,70-79,-49.860033014316585,25.0,True,True,True,True,False,tp4,25527.0,25527.25,99.75,0.0,99.75,3.99,113.0,19.0,4.52,0.76,60,59.0,4,2025-11-11,1.875,0.6207547169811322,0.6599622878692646,partial_bullish,2.19530403371463,0.6862700814550492,neutral,bearish,True,True,True,False,reversal,True,False,False,False,neutral,none,23.83360845263818,12.0,2.25,14.75,0.1875,1.2291666666666667,0.4915254237288136,0.6862700814550492,False,False,False,False,False,2025
432,394996,394997,395011,2025-11-12 14:46:00+00:00,2025-11-12 14:47:00+00:00,2025-11-12 15:01:00+00:00,short,25596.5,25596.75,25596.5,25621.5,25571.5,25546.5,25521.5,25496.5,70.0,70-79,-36.0,25.0,True,False,False,False,True,stop,25621.5,25621.75,-25.25,0.0,-25.25,-1.01,35.0,37.5,1.4,1.5,15,14.0,1,2025-11-12,2.609992542878449,6.36161776367962,3.886309805779252,strong_bearish,2.0512492402188167,2.094517896662393,neutral,bearish,False,True,True,False,continuation,True,True,False,True,bearish,strong,83.33333333333334,23.946428571428573,50.75,60.25,2.1193139448173004,2.5160328113348247,0.029045643153526972,2.094517896662393,True,False,False,False,False,2025
433,396365,396366,396373,2025-11-13 14:35:00+00:00,2025-11-13 14:36:00+00:00,2025-11-13 14:43:00+00:00,short,25401.75,25402.25,25402.0,25427.0,25377.0,25352.0,25327.0,25302.0,85.6,80-89,-59.6,25.0,True,True,True,True,False,tp4,25302.0,25302.25,99.75,0.0,99.75,3.99,104.0,2.0,4.16,0.08,8,7.0,4,2025-11-13,2.1153846153846154,0.4076999012833168,2.4486055776892437,strong_bearish,4.16390892592988,1.752615700622633,bearish,bearish,True,True,True,False,reversal,True,True,False,True,bearish,strong,96.66666666666666,26.0,32.25,52.5,1.2403846153846154,2.019230769230769,0.18095238095238095,1.752615700622633,True,False,False,True,True,2025
434,396383,396384,396387,2025-11-13 14:53:00+00:00,2025-11-13 14:54:00+00:00,2025-11-13 14:57:00+00:00,short,25378.75,25379.0,25378.75,25403.75,25353.75,25328.75,25303.75,25278.75,78.85254813137033,70-79,-77.85254813137033,25.0,True,False,False,False,True,stop,25403.75,25404.0,-25.25,0.0,-25.25,-1.01,28.75,39.25,1.15,1.57,4,3.0,1,2025-11-13,1.648924122310306,3.5257652072839982,4.842008007391438,partial_bearish,0.9084473400979584,1.5099393498765952,bearish,bearish,True,False,False,False,reversal,True,False,False,False,neutral,none,23.77123442808607,31.535714285714285,5.5,23.75,0.17440543601359004,0.753114382785957,0.6210526315789474,1.5099393498765952,False,False,False,False,False,2025
435,396411,396412,396427,2025-11-13 15:21:00+00:00,2025-11-13 15:22:00+00:00,2025-11-13 15:37:00+00:00,short,25413.25,25413.25,25413.0,25438.0,25388.0,25363.0,25338.0,25313.0,71.69549549549549,70-79,-67.69549549549549,25.0,True,True,True,True,False,tp4,25313.0,25313.25,99.75,0.0,99.75,3.99,120.0,10.5,4.8,0.42,16,15.0,4,2025-11-13,2.4954954954954958,1.2398239823982398,0.4191616766467066,partial_bearish,1.151810603714128,1.7064873654492672,bearish,bearish,False,True,True,True,continuation,True,False,False,False,bearish,moderate,64.12912912912913,27.75,24.5,44.25,0.8828828828828829,1.5945945945945945,0.1864406779661017,1.7064873654492672,True,True,True,False,False,2025
436,397741,397742,397745,2025-11-14 14:31:00+00:00,2025-11-14 14:32:00+00:00,2025-11-14 14:35:00+00:00,short,24691.75,24692.5,24692.25,24717.25,24667.25,24642.25,24617.25,24592.25,83.91709780344894,80-89,-57.91709780344894,25.0,True,True,False,False,True,stop,24717.25,24717.5,-25.25,0.0,-25.25,-1.01,66.25,27.0,2.65,1.08,4,3.0,2,2025-11-14,2.1690140845070425,0.6487804878048781,0.4192708333333333,strong_bearish,4.064430968186253,1.218555352902715,bearish,bearish,True,True,True,False,reversal,True,False,False,False,bearish,strong,82.64248169540778,20.285714285714285,5.5,30.5,0.2711267605633803,1.5035211267605635,0.21311475409836064,1.218555352902715,True,False,False,False,True,2025
437,397746,397747,397748,2025-11-14 14:36:00+00:00,2025-11-14 14:37:00+00:00,2025-11-14 14:38:00+00:00,short,24775.25,24775.5,24775.25,24800.25,24750.25,24725.25,24700.25,24675.25,78.0,70-79,-44.30169144028703,25.0,False,False,False,False,True,stop,24800.25,24800.5,-25.25,0.0,-25.25,-1.01,14.5,43.25,0.58,1.73,2,1.0,0,2025-11-14,2.396719630958483,2.28381190178943,0.4192708333333333,partial_bearish,3.0174780813876425,2.193528848999594,bearish,bearish,True,True,True,False,reversal,True,False,True,True,bullish,strong,97.48590466427473,34.839285714285715,61.75,78.75,1.7724243977447462,2.260379292670425,0.8571428571428571,2.193528848999594,False,False,False,False,False,2025
438,397749,397750,397751,2025-11-14 14:39:00+00:00,2025-11-14 14:40:00+00:00,2025-11-14 14:41:00+00:00,short,24800.5,24800.25,24800.0,24825.0,24775.0,24750.0,24725.0,24700.0,81.02716049382715,80-89,-67.02716049382715,25.0,False,False,False,False,True,stop,24825.0,24825.25,-25.25,0.0,-25.25,-1.01,22.75,38.75,0.91,1.55,2,1.0,0,2025-11-14,3.864197530864197,2.28381190178943,0.4192708333333333,partial_bearish,1.4246862517351766,1.646733302225824,bearish,bearish,True,True,True,False,reversal,True,False,False,False,neutral,none,25.226337448559672,40.5,7.0,36.5,0.1728395061728395,0.9012345679012346,0.5136986301369864,1.6467333022258241,False,False,False,False,False,2025
439,397777,397778,397780,2025-11-14 15:07:00+00:00,2025-11-14 15:08:00+00:00,2025-11-14 15:10:00+00:00,short,24928.5,24928.0,24927.75,24952.75,24902.75,24877.75,24852.75,24827.75,73.6,70-79,-61.6,25.0,False,False,False,False,True,stop,24952.75,24953.0,-25.25,0.0,-25.25,-1.01,15.75,45.0,0.63,1.8,3,2.0,0,2025-11-14,0.0443238353686114,1.7348927875243665,3.3227848101265822,strong_bullish,1.0594972955774735,1.940781599625332,bearish,bearish,True,True,False,False,reversal,True,True,False,True,bearish,moderate,63.33333333333333,39.482142857142854,54.5,68.5,1.3803708729081865,1.7349615558570783,0.19343065693430658,1.9407815996253317,False,False,False,False,False,2025
440,397782,397783,397785,2025-11-14 15:12:00+00:00,2025-11-14 15:13:00+00:00,2025-11-14 15:15:00+00:00,short,24874.75,24874.5,24874.25,24899.25,24849.25,24824.25,24799.25,24774.25,84.34761703922396,80-89,-72.34761703922396,25.0,False,False,False,False,True,stop,24899.25,24899.5,-25.25,0.0,-25.25,-1.01,11.75,63.5,0.47,2.54,3,2.0,0,2025-11-14,1.2695065373260228,1.5527005768222335,3.3227848101265822,partial_bullish,1.40735591888543,2.206805042176097,bearish,bearish,True,True,True,False,reversal,True,False,False,False,bearish,strong,86.23014199353297,42.339285714285715,33.0,49.0,0.7794179671024883,1.1573175875158161,0.1326530612244898,2.206805042176097,True,False,False,True,True,2025
441,397786,397787,397797,2025-11-14 15:16:00+00:00,2025-11-14 15:17:00+00:00,2025-11-14 15:27:00+00:00,short,24970.25,24970.25,24970.0,24995.0,24945.0,24920.0,24895.0,24870.0,78.0,70-79,-67.8260659694288,25.0,True,True,False,False,True,stop,24995.0,24995.25,-25.25,0.0,-25.25,-1.01,67.5,43.5,2.7,1.74,11,10.0,2,2025-11-14,1.4022526146419951,0.0,1.97768479776848,partial_bullish,1.307102162967687,2.102428534790586,bearish,bearish,True,True,True,False,reversal,True,False,True,True,bullish,strong,76.44945025476,44.392857142857146,39.25,52.0,0.8841512469831053,1.1713596138374898,0.7740384615384616,2.102428534790586,False,False,False,False,False,2025
442,399147,399148,399158,2025-11-17 14:57:00+00:00,2025-11-17 14:58:00+00:00,2025-11-17 15:08:00+00:00,short,25203.25,25203.5,25203.25,25228.25,25178.25,25153.25,25128.25,25103.25,73.15223047395565,70-79,-53.152230473955655,25.0,True,True,True,True,False,tp4,25103.25,25103.5,99.75,0.0,99.75,3.99,132.25,16.5,5.29,0.66,11,10.0,4,2025-11-17,1.1920614596670935,4.793423874195854,0.9554210236653824,partial_bullish,1.057347312364786,1.353788459899429,bearish,bearish,True,False,True,False,reversal,True,False,False,False,bearish,strong,76.26858728296376,27.892857142857142,23.0,42.25,0.8245838668373879,1.5147247119078104,0.25443786982248523,1.353788459899429,True,True,True,False,False,2025
443,399179,399180,399212,2025-11-17 15:29:00+00:00,2025-11-17 15:30:00+00:00,2025-11-17 16:02:00+00:00,short,25137.75,25137.25,25137.0,25162.0,25112.0,25087.0,25062.0,25037.0,70.29618846964183,70-79,-70.29618846964183,25.0,True,True,True,True,False,tp4,25037.0,25037.25,99.75,0.0,99.75,3.99,108.0,19.75,4.32,0.79,33,32.0,4,2025-11-17,1.2720264317180616,1.4447776111944028,0.6213017751479291,partial_bullish,0.989213211815279,1.5724724817315698,bearish,bearish,True,False,False,False,reversal,True,False,False,False,neutral,none,35.801570580348596,32.42857142857143,2.0,23.0,0.06167400881057268,0.7092511013215859,0.2608695652173913,1.5724724817315698,False,False,False,False,False,2025
444,400500,400501,400502,2025-11-18 14:30:00+00:00,2025-11-18 14:31:00+00:00,2025-11-18 14:32:00+00:00,short,24737.25,24736.75,24736.5,24761.5,24711.5,24686.5,24661.5,24636.5,70.0,70-79,-70.0,25.0,True,True,False,False,True,stop,24761.5,24761.75,-25.25,0.0,-25.25,-1.01,72.0,61.25,2.88,2.45,2,1.0,2,2025-11-18,1.3473877176901925,0.646963997850618,0.5343168697883258,partial_bearish,7.415763002587435,1.191010921179805,bearish,bearish,True,False,True,False,reversal,True,False,False,False,bullish,moderate,62.50408136270802,19.482142857142858,19.0,53.75,0.9752520623281393,2.758936755270394,0.6,1.191010921179805,False,False,False,False,False,2025
445,400503,400504,400512,2025-11-18 14:33:00+00:00,2025-11-18 14:34:00+00:00,2025-11-18 14:42:00+00:00,short,24788.75,24789.25,24789.0,24814.0,24764.0,24739.0,24714.0,24689.0,75.41151079136691,70-79,-41.41151079136691,25.0,True,True,True,True,False,tp4,24689.0,24689.25,99.75,0.0,99.75,3.99,114.0,13.0,4.56,0.52,9,8.0,4,2025-11-18,2.1079136690647484,0.646963997850618,0.5343168697883258,partial_bearish,3.870676420121015,2.214071701622068,bearish,bearish,True,True,True,False,reversal,True,False,False,False,bearish,weak,45.09592326139089,34.75,4.5,50.75,0.12949640287769784,1.460431654676259,0.1477832512315271,2.214071701622068,False,False,False,False,False,2025
446,400535,400536,400536,2025-11-18 15:05:00+00:00,2025-11-18 15:06:00+00:00,2025-11-18 15:06:00+00:00,short,24473.5,24473.0,24472.75,24497.75,24447.75,24422.75,24397.75,24372.75,70.0,70-79,-49.44186046511628,25.0,False,False,False,False,True,stop,24497.75,24498.0,-25.25,0.0,-25.25,-1.01,1.75,48.75,0.07,1.95,1,0.0,0,2025-11-18,1.607558139534884,4.284372554135143,2.538760576263435,strong_bearish,1.2093972289740058,1.935561541587034,bearish,bearish,False,False,True,False,continuation,True,False,False,False,bullish,weak,54.65116279069767,36.857142857142854,29.25,48.25,0.7936046511627908,1.309108527131783,0.9015544041450777,1.935561541587034,True,False,False,False,False,2025
447,400537,400538,400538,2025-11-18 15:07:00+00:00,2025-11-18 15:08:00+00:00,2025-11-18 15:08:00+00:00,short,24530.75,24530.75,24530.5,24555.5,24505.5,24480.5,24455.5,24430.5,74.0,70-79,-45.80126984126984,25.0,False,False,False,False,True,stop,24555.5,24555.75,-25.25,0.0,-25.25,-1.01,4.25,31.25,0.17,1.25,1,0.0,0,2025-11-18,1.5365079365079366,4.284372554135143,2.538760576263435,partial_bearish,1.1646418892026609,2.361871817046219,bearish,bearish,False,False,True,False,continuation,True,False,False,False,bullish,weak,51.65608465608466,39.375,14.75,41.0,0.3746031746031746,1.0412698412698413,0.43902439024390244,2.361871817046219,False,False,False,False,False,2025
448,400552,400553,400553,2025-11-18 15:22:00+00:00,2025-11-18 15:23:00+00:00,2025-11-18 15:23:00+00:00,short,24575.75,24576.0,24575.75,24600.75,24550.75,24525.75,24500.75,24475.75,76.0,70-79,-24.656621728786675,25.0,False,False,False,False,True,stop,24600.75,24601.0,-25.25,0.0,-25.25,-1.01,0.75,34.5,0.03,1.38,1,0.0,0,2025-11-18,2.814432989690722,0.9108992954828016,2.382791185729276,partial_bearish,0.8390845440486856,1.7812104922073368,bearish,bearish,True,True,False,False,reversal,True,False,False,False,bullish,moderate,61.194818926777685,45.035714285714285,10.75,32.5,0.2386994448850119,0.7216494845360825,0.8461538461538461,1.7812104922073368,False,False,False,False,False,2025
449,400554,400555,400556,2025-11-18 15:24:00+00:00,2025-11-18 15:25:00+00:00,2025-11-18 15:26:00+00:00,short,24555.0,24555.0,24554.75,24579.75,24529.75,24504.75,24479.75,24454.75,72.63149631722328,70-79,-38.63149631722328,25.0,False,False,False,False,True,stop,24579.75,24580.0,-25.25,0.0,-25.25,-1.01,17.0,41.5,0.68,1.66,2,1.0,0,2025-11-18,1.2192513368983957,0.9108992954828016,2.382791185729276,partial_bearish,1.0414803813103377,2.3457127252867287,bearish,bearish,True,True,False,False,reversal,True,False,False,False,bearish,weak,55.262469310194064,46.75,38.75,66.25,0.8288770053475936,1.4171122994652405,0.35094339622641507,2.3457127252867287,False,False,False,False,False,2025
450,401880,401881,401882,2025-11-19 14:30:00+00:00,2025-11-19 14:31:00+00:00,2025-11-19 14:32:00+00:00,long,24603.5,24603.25,24603.5,24578.5,24628.5,24653.5,24678.5,24703.5,70.0,70-79,62.60355155158764,25.0,False,False,False,False,True,stop,24578.5,24578.25,-25.25,0.0,-25.25,-1.01,19.5,30.75,0.78,1.23,2,1.0,0,2025-11-19,1.953125,2.2977099236641223,1.0875706214689265,strong_bearish,8.574005592134933,1.30284022641406,bullish,bullish,True,False,True,False,reversal,True,False,False,False,bearish,moderate,61.637070403436276,16.0,7.25,54.25,0.453125,3.390625,0.4377880184331797,1.30284022641406,False,False,False,False,False,2025
451,401885,401886,401888,2025-11-19 14:35:00+00:00,2025-11-19 14:36:00+00:00,2025-11-19 14:38:00+00:00,long,24671.25,24671.75,24672.0,24647.0,24697.0,24722.0,24747.0,24772.0,76.62865741057384,70-79,50.62865741057384,25.0,False,False,False,False,True,stop,24647.0,24646.75,-25.25,0.0,-25.25,-1.01,21.75,66.5,0.87,2.66,3,2.0,0,2025-11-19,2.541192230408573,0.0546875,1.0875706214689265,partial_bullish,2.8796813969518267,1.28582176321729,bullish,bullish,True,True,True,False,reversal,True,True,False,True,bullish,strong,88.57214508811526,26.660714285714285,40.0,46.25,1.5003348961821836,1.7347622237106497,0.9675675675675676,1.2858217632172901,True,True,True,False,False,2025
452,401891,401892,401902,2025-11-19 14:41:00+00:00,2025-11-19 14:42:00+00:00,2025-11-19 14:52:00+00:00,long,24699.0,24699.25,24699.5,24674.5,24724.5,24749.5,24774.5,24799.5,75.14843182593424,70-79,55.14843182593424,25.0,True,True,True,True,False,tp4,24799.5,24799.25,99.75,0.0,99.75,3.99,104.5,1.0,4.18,0.04,11,10.0,4,2025-11-19,0.6223648029330889,1.5869809203142535,1.0875706214689265,partial_bullish,1.450119732391932,1.2073088016661986,bullish,bullish,True,True,True,True,reversal,True,True,False,True,bullish,weak,59.57026521611869,38.964285714285715,32.0,40.75,0.8212648945921173,1.0458295142071494,0.8711656441717791,1.2073088016661986,True,False,False,True,False,2025
453,401926,401927,401928,2025-11-19 15:16:00+00:00,2025-11-19 15:17:00+00:00,2025-11-19 15:18:00+00:00,long,24978.0,24977.75,24978.0,24953.0,25003.0,25028.0,25053.0,25078.0,71.84448925715385,70-79,63.84448925715385,25.0,False,False,False,False,True,stop,24953.0,24952.75,-25.25,0.0,-25.25,-1.01,10.0,31.25,0.4,1.25,2,1.0,0,2025-11-19,1.5135135135135136,3.1327720207253886,4.408070474566638,strong_bullish,1.077870655521337,1.4295091532346291,bullish,bullish,False,True,True,False,continuation,True,False,False,False,bullish,moderate,65.3707438096154,23.125,4.25,19.0,0.1837837837837838,0.8216216216216217,0.631578947368421,1.4295091532346291,True,False,False,False,True,2025
454,404642,404643,404643,2025-11-21 14:32:00+00:00,2025-11-21 14:33:00+00:00,2025-11-21 14:33:00+00:00,long,24246.0,24246.0,24246.25,24221.25,24271.25,24296.25,24321.25,24346.25,75.87038842394318,70-79,54.87038842394318,25.0,False,False,False,False,True,stop,24221.25,24221.0,-25.25,0.0,-25.25,-1.01,1.5,88.0,0.06,3.52,1,0.0,0,2025-11-21,1.6057906458797329,0.3850931677018633,0.2071516646115906,partial_bearish,4.010850279787088,1.3941352625492929,bullish,bullish,True,False,True,False,reversal,True,False,False,False,bullish,weak,57.25323686619315,32.07142857142857,44.5,93.5,1.3875278396436526,2.915367483296214,0.660427807486631,1.3941352625492929,False,False,False,False,False,2025
455,404645,404646,404648,2025-11-21 14:35:00+00:00,2025-11-21 14:36:00+00:00,2025-11-21 14:38:00+00:00,long,24207.75,24207.25,24207.5,24182.5,24232.5,24257.5,24282.5,24307.5,73.0,70-79,52.24937786897692,25.0,True,True,False,False,True,stop,24182.5,24182.25,-25.25,0.0,-25.25,-1.01,61.5,29.5,2.46,1.18,3,2.0,2,2025-11-21,0.9471947194719472,0.5840286054827175,0.2071516646115906,strong_bearish,1.9858189221444784,0.9279641324257089,bullish,bullish,True,False,True,False,reversal,True,False,False,False,neutral,none,31.255184425192294,43.285714285714285,21.5,58.25,0.4966996699669967,1.3457095709570956,0.5278969957081545,0.9279641324257087,False,False,False,False,False,2025
456,404662,404663,404663,2025-11-21 14:52:00+00:00,2025-11-21 14:53:00+00:00,2025-11-21 14:53:00+00:00,long,24238.25,24239.25,24239.5,24214.5,24264.5,24289.5,24314.5,24339.5,70.14202887031857,70-79,57.14202887031857,25.0,False,False,False,False,True,stop,24214.5,24214.25,-25.25,0.0,-25.25,-1.01,10.5,29.25,0.42,1.17,1,0.0,0,2025-11-21,1.7604235605559233,0.2210078931390406,0.0769079850892682,partial_bearish,0.9087827174637316,1.2210503168856464,bullish,bullish,True,True,True,False,reversal,True,False,False,False,bullish,weak,59.5169072526548,53.964285714285715,36.5,60.5,0.6763732627399074,1.1211118464592984,0.9090909090909091,1.2210503168856464,True,True,True,False,False,2025
457,404666,404667,404670,2025-11-21 14:56:00+00:00,2025-11-21 14:57:00+00:00,2025-11-21 15:00:00+00:00,long,24186.0,24184.5,24184.75,24159.75,24209.75,24234.75,24259.75,24284.75,73.0,70-79,47.400000000000006,25.0,True,False,False,False,True,stop,24159.75,24159.5,-25.25,0.0,-25.25,-1.01,44.25,27.75,1.77,1.11,4,3.0,1,2025-11-21,0.2952224052718287,1.2025246981339188,0.0769079850892682,partial_bearish,1.4668977384765185,1.796487122950697,bullish,bullish,True,True,True,True,reversal,True,False,True,True,bearish,moderate,71.66666666666666,54.19642857142857,74.5,91.5,1.3746293245469523,1.6883031301482703,0.17486338797814208,1.796487122950697,False,False,False,False,False,2025
458,404694,404695,404696,2025-11-21 15:24:00+00:00,2025-11-21 15:25:00+00:00,2025-11-21 15:26:00+00:00,long,24162.5,24163.75,24164.0,24139.0,24189.0,24214.0,24239.0,24264.0,70.93512424445937,70-79,44.935124244459374,25.0,True,False,False,False,True,stop,24139.0,24138.75,-25.25,0.0,-25.25,-1.01,42.5,69.75,1.7,2.79,2,1.0,1,2025-11-21,0.5829415715245131,1.6473829201101928,1.2997840890217571,partial_bearish,1.216154728176132,2.165870734922316,bullish,bullish,True,True,False,True,reversal,True,False,False,False,bullish,moderate,74.45936870382808,53.17857142857143,33.75,79.75,0.6346541302887844,1.4996642041638684,0.9435736677115988,2.165870734922316,True,False,False,False,False,2025
459,407415,407416,407422,2025-11-25 14:45:00+00:00,2025-11-25 14:46:00+00:00,2025-11-25 14:52:00+00:00,short,24688.5,24688.25,24688.0,24713.0,24663.0,24638.0,24613.0,24588.0,71.98440677966101,70-79,-49.984406779661015,25.0,True,True,True,False,True,stop,24713.0,24713.25,-25.25,0.0,-25.25,-1.01,86.0,41.5,3.44,1.66,7,6.0,3,2025-11-25,3.377401129943503,3.645760160561967,3.8338741077222585,strong_bearish,2.162812605290481,1.9543322252943551,bearish,bearish,False,True,True,False,continuation,True,True,False,True,bearish,strong,83.20338983050848,31.607142857142858,40.75,47.0,1.2892655367231638,1.4870056497175141,0.13297872340425532,1.9543322252943551,True,False,False,False,False,2025
460,407459,407460,407460,2025-11-25 15:29:00+00:00,2025-11-25 15:30:00+00:00,2025-11-25 15:30:00+00:00,short,24781.5,24781.0,24780.75,24805.75,24755.75,24730.75,24705.75,24680.75,70.0,70-79,-61.22355746304244,25.0,False,False,False,False,True,stop,24805.75,24806.0,-25.25,0.0,-25.25,-1.01,4.25,43.0,0.17,1.72,1,0.0,0,2025-11-25,1.815927515498331,1.238508239375542,1.7736699729486023,partial_bearish,0.9211975568238708,1.5999478277882244,bearish,bearish,True,False,True,False,reversal,True,False,False,False,bullish,moderate,64.80368780797966,37.44642857142857,23.5,28.75,0.6275631855030998,0.7677634716261326,0.8521739130434782,1.5999478277882244,False,False,False,False,False,2025
461,410657,410658,410665,2025-11-28 14:32:00+00:00,2025-11-28 14:33:00+00:00,2025-11-28 14:40:00+00:00,long,25379.75,25378.0,25378.25,25353.25,25403.25,25428.25,25453.25,25478.25,75.96317626973638,70-79,68.96317626973638,25.0,True,False,False,False,True,stop,25353.25,25353.0,-25.25,0.0,-25.25,-1.01,43.25,29.75,1.73,1.19,8,7.0,1,2025-11-28,0.6868686868686869,1.1822742474916388,0.779777206512425,partial_bullish,4.142896199763055,0.25204726024739,bullish,bullish,True,True,True,False,reversal,True,False,False,False,bullish,weak,58.026468914469774,12.375,15.75,26.0,1.2727272727272727,2.101010101010101,0.6057692307692307,0.25204726024739,True,True,True,False,False,2025
462,410666,410667,410726,2025-11-28 14:41:00+00:00,2025-11-28 14:42:00+00:00,2025-11-28 15:41:00+00:00,long,25342.25,25341.25,25341.5,25316.5,25366.5,25391.5,25416.5,25441.5,73.0,70-79,71.05154349840362,25.0,True,True,False,False,False,max_holding_time,25383.75,25383.5,42.0,0.0,42.0,1.68,63.5,2.5,2.54,0.1,60,59.0,2,2025-11-28,2.542259414225941,0.156578947368421,0.779777206512425,partial_bullish,2.385477983491729,0.4520978236481938,bullish,bullish,True,False,True,False,reversal,True,False,False,False,bearish,weak,49.57047084663649,21.339285714285715,9.75,24.5,0.45690376569037655,1.1481171548117155,0.5204081632653061,0.45209782364819384,False,False,False,False,False,2025
463,415952,415953,415953,2025-12-04 14:32:00+00:00,2025-12-04 14:33:00+00:00,2025-12-04 14:33:00+00:00,long,25657.0,25657.0,25657.25,25632.25,25682.25,25707.25,25732.25,25757.25,72.09449216662826,70-79,38.09449216662826,25.0,False,False,False,False,True,stop,25632.25,25632.0,-25.25,0.0,-25.25,-1.01,12.75,41.5,0.51,1.66,1,0.0,0,2025-12-04,2.8179487179487177,1.822485207100592,2.568313021167415,partial_bullish,3.476588719772146,1.0476023877725056,bullish,bullish,True,True,False,False,reversal,True,False,False,False,bullish,weak,50.78743472190218,13.928571428571429,8.75,21.5,0.6282051282051282,1.5435897435897437,0.9186046511627907,1.0476023877725056,False,False,False,False,False,2025
464,415955,415956,415962,2025-12-04 14:35:00+00:00,2025-12-04 14:36:00+00:00,2025-12-04 14:42:00+00:00,long,25607.75,25608.75,25609.0,25584.0,25634.0,25659.0,25684.0,25709.0,83.6,80-89,83.6,25.0,True,False,False,False,True,stop,25584.0,25583.75,-25.25,0.0,-25.25,-1.01,33.75,30.5,1.35,1.22,7,6.0,1,2025-12-04,2.4841954022988504,4.192708333333333,2.568313021167415,partial_bearish,3.024476528490863,1.511144778826068,bullish,bullish,True,True,False,False,reversal,True,True,False,True,bullish,moderate,63.33333333333333,24.857142857142858,40.25,63.25,1.6192528735632183,2.5445402298850572,0.9051383399209486,1.511144778826068,False,False,False,False,False,2025
465,416005,416006,416007,2025-12-04 15:25:00+00:00,2025-12-04 15:26:00+00:00,2025-12-04 15:27:00+00:00,short,25526.75,25526.75,25526.5,25551.5,25501.5,25476.5,25451.5,25426.5,74.0,70-79,-62.0,25.0,False,False,False,False,True,stop,25551.5,25551.75,-25.25,0.0,-25.25,-1.01,5.25,33.0,0.21,1.32,2,1.0,0,2025-12-04,2.6597582037996546,0.1399000713775874,1.4911921343711594,partial_bearish,3.0436742343368204,2.1529012987884686,bearish,bearish,True,True,False,False,reversal,True,True,False,True,bearish,strong,100.0,20.678571428571427,34.0,42.25,1.6442141623488775,2.0431778929188256,0.15976331360946747,2.1529012987884686,True,False,False,False,True,2025
466,417339,417340,417350,2025-12-05 14:39:00+00:00,2025-12-05 14:40:00+00:00,2025-12-05 14:50:00+00:00,short,25731.25,25731.25,25731.0,25756.0,25706.0,25681.0,25656.0,25631.0,77.6097512718888,70-79,-66.6097512718888,25.0,True,True,False,False,True,stop,25756.0,25756.25,-25.25,0.0,-25.25,-1.01,70.5,26.25,2.82,1.05,11,10.0,2,2025-12-05,1.119155354449472,3.940863394441159,0.8973185088293002,partial_bearish,1.752957699540575,1.0992931622591935,neutral,bearish,True,True,True,False,reversal,True,True,False,True,bearish,strong,80.08126059907336,23.678571428571427,34.25,37.5,1.4464555052790349,1.5837104072398192,0.03333333333333333,1.0992931622591937,True,True,True,False,False,2025
467,418755,418756,418802,2025-12-08 15:15:00+00:00,2025-12-08 15:16:00+00:00,2025-12-08 16:02:00+00:00,short,25728.75,25728.75,25728.5,25753.5,25703.5,25678.5,25653.5,25628.5,81.49764171142026,80-89,-63.49764171142026,25.0,True,True,True,True,False,tp4,25628.5,25628.75,99.75,0.0,99.75,3.99,100.0,20.25,4.0,0.81,47,46.0,4,2025-12-08,1.206896551724138,0.4638971315529179,2.0988467874794066,strong_bearish,1.5528531337698783,0.9537194173384244,bearish,bearish,True,False,True,False,reversal,True,False,False,False,bearish,moderate,62.48034759516886,16.571428571428573,12.75,23.5,0.7693965517241379,1.4181034482758619,0.3723404255319149,0.9537194173384245,True,False,False,False,False,2025
468,420098,420099,420122,2025-12-09 14:38:00+00:00,2025-12-09 14:39:00+00:00,2025-12-09 15:02:00+00:00,short,25635.0,25634.5,25634.25,25659.25,25609.25,25584.25,25559.25,25534.25,78.0,70-79,-36.87480389049562,25.0,True,False,False,False,True,stop,25659.25,25659.5,-25.25,0.0,-25.25,-1.01,38.5,35.25,1.54,1.41,24,23.0,1,2025-12-09,1.872093023255814,1.1538461538461535,1.4583333333333333,partial_bearish,1.5851233094669848,1.0104195554851234,bearish,bearish,True,True,True,False,reversal,True,False,False,False,bullish,weak,59.37663424586981,24.571428571428573,9.75,23.0,0.39680232558139533,0.936046511627907,1.0,1.0104195554851234,False,False,False,False,False,2025
469,422850,422851,422852,2025-12-11 14:30:00+00:00,2025-12-11 14:31:00+00:00,2025-12-11 14:32:00+00:00,short,25593.0,25592.75,25592.5,25617.5,25567.5,25542.5,25517.5,25492.5,74.63418162572222,70-79,-42.63418162572222,25.0,False,False,False,False,True,stop,25617.5,25617.75,-25.25,0.0,-25.25,-1.01,16.5,26.5,0.66,1.06,2,1.0,0,2025-12-11,5.932926829268293,0.5364485981308411,1.1311373523927906,strong_bearish,12.43424401832683,1.2927270321527808,neutral,bearish,True,True,True,True,reversal,True,True,False,True,bearish,strong,88.61818021435187,11.714285714285714,50.0,61.25,4.2682926829268295,5.228658536585367,0.07346938775510205,1.2927270321527808,True,False,False,False,False,2025
470,422868,422869,422876,2025-12-11 14:48:00+00:00,2025-12-11 14:49:00+00:00,2025-12-11 14:56:00+00:00,short,25511.75,25511.25,25511.0,25536.0,25486.0,25461.0,25436.0,25411.0,73.52177027497912,70-79,-51.52177027497912,25.0,True,True,True,True,False,tp4,25411.0,25411.25,99.75,0.0,99.75,3.99,104.5,2.5,4.18,0.1,8,7.0,4,2025-12-11,2.264218009478673,2.598453301606187,2.5535055350553506,strong_bearish,1.0043476136974256,1.1474735072310085,bearish,bearish,False,True,True,False,continuation,True,False,False,False,bearish,strong,79.348085624826,30.142857142857142,18.5,19.5,0.613744075829384,0.6469194312796208,0.038461538461538464,1.1474735072310085,True,False,False,False,True,2025
471,422877,422878,422883,2025-12-11 14:57:00+00:00,2025-12-11 14:58:00+00:00,2025-12-11 15:03:00+00:00,short,25417.75,25419.0,25418.75,25443.75,25393.75,25368.75,25343.75,25318.75,70.0,70-79,-37.15741775294848,25.0,True,False,False,False,True,stop,25443.75,25444.0,-25.25,0.0,-25.25,-1.01,28.5,35.5,1.14,1.42,6,5.0,1,2025-12-11,1.5729360645561763,5.278276481149013,2.5535055350553506,strong_bearish,0.9119226133642212,1.595814615974581,bearish,bearish,False,True,True,False,continuation,True,False,False,False,bullish,weak,40.354852058762674,28.767857142857142,11.0,16.25,0.3823711980136561,0.5648665425201738,0.8615384615384616,1.595814615974581,True,False,False,False,True,2025
472,424248,424249,424252,2025-12-12 14:48:00+00:00,2025-12-12 14:49:00+00:00,2025-12-12 14:52:00+00:00,short,25521.5,25522.0,25521.75,25546.75,25496.75,25471.75,25446.75,25421.75,81.59084406294707,80-89,-63.59084406294707,25.0,False,False,False,False,True,stop,25546.75,25547.0,-25.25,0.0,-25.25,-1.01,20.25,37.25,0.81,1.49,4,3.0,0,2025-12-12,1.3919885550786837,1.5954653937947494,0.9275084013442152,strong_bearish,1.809582652956147,1.6878546093208653,bearish,bearish,True,False,True,False,reversal,True,False,False,False,bearish,moderate,63.25703385789222,24.964285714285715,9.25,26.0,0.37052932761087265,1.0414878397711016,0.6442307692307693,1.6878546093208653,True,False,False,False,True,2025
473,425613,425614,425614,2025-12-15 14:33:00+00:00,2025-12-15 14:34:00+00:00,2025-12-15 14:34:00+00:00,long,25343.0,25343.0,25343.25,25318.25,25368.25,25393.25,25418.25,25443.25,76.0,70-79,34.17944191488821,25.0,False,False,False,False,True,stop,25318.25,25318.0,-25.25,0.0,-25.25,-1.01,0.25,28.75,0.01,1.15,1,0.0,0,2025-12-15,3.282442748091603,1.2107186358099875,2.7092709270927093,partial_bullish,5.124348848932952,0.7756976063897438,bullish,bullish,True,True,False,False,reversal,True,False,True,True,bearish,strong,81.83798404259828,16.375,35.25,41.25,2.1526717557251906,2.519083969465649,0.10909090909090909,0.7756976063897438,False,False,False,False,False,2025
474,425615,425616,425619,2025-12-15 14:35:00+00:00,2025-12-15 14:36:00+00:00,2025-12-15 14:39:00+00:00,long,25340.5,25340.0,25340.25,25315.25,25365.25,25390.25,25415.25,25440.25,82.19196120623867,80-89,50.19196120623867,25.0,True,False,False,False,True,stop,25315.25,25315.0,-25.25,0.0,-25.25,-1.01,28.75,46.0,1.15,1.84,4,3.0,1,2025-12-15,1.9184735472679963,3.54320987654321,2.7092709270927093,partial_bearish,2.7335810293956944,0.6161557693018215,bullish,bullish,True,True,False,False,reversal,True,False,False,False,bullish,weak,51.59967671865561,20.589285714285715,23.0,37.0,1.117085862966175,1.7970511708586296,0.6756756756756757,0.6161557693018215,False,False,False,False,False,2025
475,425640,425641,425645,2025-12-15 15:00:00+00:00,2025-12-15 15:01:00+00:00,2025-12-15 15:05:00+00:00,short,25206.25,25205.5,25205.25,25230.25,25180.25,25155.25,25130.25,25105.25,76.32759292784935,70-79,-48.32759292784935,25.0,True,False,False,False,True,stop,25230.25,25230.5,-25.25,0.0,-25.25,-1.01,39.25,27.5,1.57,1.1,5,4.0,1,2025-12-15,1.4795986622073578,2.4501669051025274,3.969924812030075,strong_bearish,1.879198273873336,0.8191901564672128,bearish,bearish,False,False,True,False,continuation,True,False,False,False,bearish,weak,52.7299410654113,26.696428571428573,19.5,47.75,0.7304347826086957,1.788628762541806,0.518324607329843,0.8191901564672128,True,False,False,True,False,2025
476,428392,428393,428395,2025-12-17 14:52:00+00:00,2025-12-17 14:53:00+00:00,2025-12-17 14:55:00+00:00,long,25300.75,25300.75,25301.0,25276.0,25326.0,25351.0,25376.0,25401.0,70.0,70-79,39.94743633349837,25.0,False,False,False,False,True,stop,25276.0,25275.75,-25.25,0.0,-25.25,-1.01,12.75,39.0,0.51,1.56,3,2.0,0,2025-12-17,0.7353535353535354,3.874340527577938,2.9543397778691896,partial_bearish,0.641223848589881,0.7611591285815771,bullish,bullish,True,False,False,False,reversal,True,False,False,False,neutral,none,17.10469722084688,35.357142857142854,3.0,25.75,0.08484848484848485,0.7282828282828283,0.5728155339805825,0.7611591285815771,False,False,False,False,False,2025
477,428396,428397,428402,2025-12-17 14:56:00+00:00,2025-12-17 14:57:00+00:00,2025-12-17 15:02:00+00:00,long,25315.25,25315.0,25315.25,25290.25,25340.25,25365.25,25390.25,25415.25,78.75772687593656,70-79,72.75772687593656,25.0,True,False,False,False,True,stop,25290.25,25290.0,-25.25,0.0,-25.25,-1.01,34.0,34.75,1.36,1.39,6,5.0,1,2025-12-17,0.344017094017094,3.506517690875233,2.9543397778691896,partial_bearish,0.8574256662081732,1.0566671419292493,bullish,bullish,True,False,True,False,reversal,True,False,False,False,bullish,weak,56.31439063280468,33.42857142857143,18.25,29.5,0.5459401709401709,0.8824786324786325,0.9067796610169492,1.0566671419292493,True,True,True,False,False,2025
478,429750,429751,429753,2025-12-18 14:30:00+00:00,2025-12-18 14:31:00+00:00,2025-12-18 14:33:00+00:00,long,25306.5,25307.25,25307.5,25282.5,25332.5,25357.5,25382.5,25407.5,80.19802649091727,80-89,66.19802649091727,25.0,False,False,False,False,True,stop,25282.5,25282.25,-25.25,0.0,-25.25,-1.01,22.0,34.5,0.88,1.38,3,2.0,0,2025-12-18,2.410126582278481,1.149078726968174,4.534090909090909,strong_bullish,9.357937136365202,1.247533113646586,bullish,bullish,False,True,True,False,continuation,True,True,False,True,bullish,strong,84.98355409097724,14.107142857142858,27.5,59.5,1.9493670886075949,4.217721518987342,0.8403361344537815,1.247533113646586,True,False,False,True,False,2025
479,431131,431132,431144,2025-12-19 14:31:00+00:00,2025-12-19 14:32:00+00:00,2025-12-19 14:44:00+00:00,long,25422.5,25423.0,25423.25,25398.25,25448.25,25473.25,25498.25,25523.25,81.41162379538528,80-89,45.41162379538528,25.0,True,True,True,True,False,tp4,25523.25,25523.0,99.75,0.0,99.75,3.99,125.5,13.75,5.02,0.55,13,12.0,4,2025-12-19,3.638279192273924,1.601236476043277,1.4461387112641415,strong_bullish,3.935646158683576,1.2645297442316,bullish,bullish,False,True,True,False,continuation,True,True,False,True,bullish,strong,95.09686496154399,20.339285714285715,31.25,40.5,1.536435469710272,1.9912203687445127,0.808641975308642,1.2645297442316001,True,False,False,False,True,2025
480,432514,432515,432516,2025-12-22 14:34:00+00:00,2025-12-22 14:35:00+00:00,2025-12-22 14:36:00+00:00,long,25706.75,25706.5,25706.75,25681.75,25731.75,25756.75,25781.75,25806.75,78.0,70-79,66.09726675265647,25.0,False,False,False,False,True,stop,25681.75,25681.5,-25.25,0.0,-25.25,-1.01,20.5,29.0,0.82,1.16,2,1.0,0,2025-12-22,4.277777777777778,1.6085106382978724,2.090558766859345,partial_bullish,4.628666914222057,1.788686717942831,bullish,bullish,True,True,True,False,reversal,True,False,False,False,bearish,strong,90.85611039452941,17.357142857142858,19.0,33.5,1.0946502057613168,1.9300411522633745,0.373134328358209,1.788686717942831,False,False,False,False,False,2025
481,432517,432518,432522,2025-12-22 14:37:00+00:00,2025-12-22 14:38:00+00:00,2025-12-22 14:42:00+00:00,long,25701.25,25701.5,25701.75,25676.75,25726.75,25751.75,25776.75,25801.75,88.0,80-89,79.73572059876673,25.0,False,False,False,False,True,stop,25676.75,25676.5,-25.25,0.0,-25.25,-1.01,19.0,30.75,0.76,1.23,5,4.0,0,2025-12-22,2.815336463223787,3.1539923954372626,2.090558766859345,partial_bearish,1.8514371913780303,1.1793320371440796,bullish,bullish,True,True,True,False,reversal,True,False,False,False,bearish,weak,43.86899501027717,22.821428571428573,4.25,33.25,0.18622848200312989,1.4569640062597808,0.5789473684210527,1.1793320371440796,False,False,False,False,False,2025
482,432531,432532,432544,2025-12-22 14:51:00+00:00,2025-12-22 14:52:00+00:00,2025-12-22 15:04:00+00:00,long,25734.5,25734.5,25734.75,25709.75,25759.75,25784.75,25809.75,25834.75,74.79645984650949,70-79,68.79645984650949,25.0,False,False,False,False,True,stop,25709.75,25709.5,-25.25,0.0,-25.25,-1.01,23.75,29.75,0.95,1.19,13,12.0,0,2025-12-22,1.1096877502001603,2.1366954213669542,2.10945945945946,partial_bearish,1.0629591551884965,1.1823242076564808,bullish,bullish,True,False,True,False,reversal,True,False,False,False,bullish,weak,56.63716538757909,22.303571428571427,16.0,29.25,0.7173738991192955,1.311449159327462,0.6666666666666666,1.1823242076564808,True,False,False,True,False,2025
483,433916,433917,433960,2025-12-23 14:56:00+00:00,2025-12-23 14:57:00+00:00,2025-12-23 15:40:00+00:00,short,25683.5,25683.25,25683.0,25708.0,25658.0,25633.0,25608.0,25583.0,77.54000837615983,70-79,-67.54000837615983,25.0,True,True,False,False,True,stop,25708.0,25708.25,-25.25,0.0,-25.25,-1.01,55.75,33.25,2.23,1.33,44,43.0,2,2025-12-23,2.692836113837095,1.997601918465228,1.910979228486647,partial_bullish,1.2397181070407783,1.0395835810928251,bearish,bearish,True,True,True,True,reversal,True,True,False,True,bearish,strong,79.50006980133195,18.196428571428573,17.5,21.0,0.9617271835132482,1.1540726202158977,0.07142857142857142,1.0395835810928253,True,False,False,False,False,2025
484,436475,436476,436535,2025-12-26 15:20:00+00:00,2025-12-26 15:21:00+00:00,2025-12-26 16:20:00+00:00,long,25879.0,25879.25,25879.5,25854.5,25904.5,25929.5,25954.5,25979.5,77.75108529859762,70-79,71.75108529859762,25.0,True,False,False,False,False,max_holding_time,25883.25,25883.0,3.5,0.0,3.5,0.14,31.5,22.75,1.26,0.91,60,59.0,1,2025-12-26,2.9575,0.7671232876712328,2.0790190735694822,partial_bearish,1.4677404192648762,1.2301066232470192,bullish,bullish,True,True,True,True,reversal,True,True,False,True,bullish,strong,81.25904415498013,14.285714285714286,13.25,18.0,0.9275,1.26,0.8333333333333334,1.2301066232470192,True,False,False,False,False,2025
485,437815,437816,437839,2025-12-29 14:40:00+00:00,2025-12-29 14:41:00+00:00,2025-12-29 15:04:00+00:00,short,25803.0,25803.25,25803.0,25828.0,25778.0,25753.0,25728.0,25703.0,70.0,70-79,-48.61672836450423,25.0,True,True,True,True,False,tp4,25703.0,25703.25,99.75,0.0,99.75,3.99,100.0,3.25,4.0,0.13,24,23.0,4,2025-12-29,2.8000000000000003,3.178970917225951,1.619299405155321,partial_bullish,1.2190288522901571,0.7559011385726188,bearish,bearish,True,False,False,False,reversal,True,False,False,False,neutral,none,36.52726362913147,24.642857142857142,6.25,22.0,0.2536231884057971,0.8927536231884058,0.8295454545454546,0.7559011385726188,False,False,False,False,False,2025
486,439185,439186,439205,2025-12-30 14:30:00+00:00,2025-12-30 14:31:00+00:00,2025-12-30 14:50:00+00:00,short,25717.5,25717.25,25717.0,25742.0,25692.0,25667.0,25642.0,25617.0,78.0,70-79,-78.0,25.0,True,False,False,False,True,stop,25742.0,25742.25,-25.25,0.0,-25.25,-1.01,43.5,32.5,1.74,1.3,20,19.0,1,2025-12-30,1.851703406813627,1.1126927639383155,1.9761904761904765,partial_bearish,12.034126627750336,0.827737136100105,bearish,bearish,True,True,True,False,reversal,True,False,False,False,bullish,moderate,72.59443805019117,8.910714285714286,25.0,43.75,2.8056112224448895,4.909819639278557,0.6457142857142857,0.827737136100105,False,False,False,False,False,2025
