trade_id,signal_index,entry_index,exit_index,signal_time,entry_time,exit_time,direction,signal_close,entry_price_raw,entry_price,stop_price,tp1,tp2,tp3,tp4,raw_score,score_band,score_edge,stop_distance_points,tp1_hit,tp2_hit,tp3_hit,tp4_hit,stop_hit,exit_reason,exit_price_raw,exit_price,gross_result_points,commission_cost,net_result_points,net_result_r,mfe_points,mae_points,mfe_r,mae_r,bars_held,minutes_held,maximum_target_reached,session_date,snr_1m,snr_5m,snr_15m,snr_alignment,rvol_rolling,rvol_time_of_day,htf_bias,dol_direction,liquidity_sweep,displacement,structure_shift,fvg_context
1,972,973,1032,2022-10-03 14:12:00+00:00,2022-10-03 14:13:00+00:00,2022-10-03 15:12:00+00:00,long,11157.75,11158.25,11158.5,11133.5,11183.5,11208.5,11233.5,11258.5,71.0,near_trigger,71.0,25.0,True,True,True,False,False,max_holding_time,11213.25,11213.0,54.5,0.0,54.5,2.18,78.25,23.5,3.13,0.94,60,59.0,3,2022-10-03,0.8114186851211073,2.5643919958953307,0.08934707903780069,partial_bearish,0.6277917557996475,,bullish,bullish,True,False,True,False
2,3691,3692,3693,2022-10-05 13:31:00+00:00,2022-10-05 13:32:00+00:00,2022-10-05 13:33:00+00:00,short,11502.5,11502.75,11502.5,11527.5,11477.5,11452.5,11427.5,11402.5,82.0,high_probability,-27.284967320261444,25.0,False,False,False,False,True,stop,11527.5,11527.75,-25.25,0.0,-25.25,-1.01,0.75,36.5,0.03,1.46,2,1.0,0,2022-10-05,2.440087145969499,2.15625,2.32468495181616,partial_bearish,4.131540697674419,,bearish,bearish,True,False,True,False
3,3694,3695,3725,2022-10-05 13:34:00+00:00,2022-10-05 13:35:00+00:00,2022-10-05 14:05:00+00:00,short,11528.25,11527.75,11527.5,11552.5,11502.5,11477.5,11452.5,11427.5,77.22374429223744,near_trigger,-36.22374429223744,25.0,True,True,True,True,False,tp4,11427.5,11427.75,99.75,0.0,99.75,3.99,102.5,3.75,4.1,0.15,31,30.0,4,2022-10-05,4.027397260273973,2.15625,2.32468495181616,partial_bearish,1.8684258251722887,,bearish,bearish,False,False,True,False
4,3735,3736,3795,2022-10-05 14:15:00+00:00,2022-10-05 14:16:00+00:00,2022-10-05 15:15:00+00:00,short,11417.5,11417.5,11417.25,11442.25,11392.25,11367.25,11342.25,11317.25,83.24615384615385,high_probability,-81.24615384615385,25.0,True,False,False,False,False,max_holding_time,11412.25,11412.5,4.75,0.0,4.75,0.19,49.25,3.75,1.97,0.15,60,59.0,1,2022-10-05,0.7076923076923077,1.965426925091671,2.339368856699431,strong_bearish,1.277489049769648,,bearish,bearish,True,True,True,False
5,5071,5072,5101,2022-10-06 13:31:00+00:00,2022-10-06 13:32:00+00:00,2022-10-06 14:01:00+00:00,long,11626.5,11627.0,11627.25,11602.25,11652.25,11677.25,11702.25,11727.25,81.0,high_probability,47.0,25.0,True,True,True,False,True,stop,11602.25,11602.0,-25.25,0.0,-25.25,-1.01,94.5,58.75,3.78,2.35,30,29.0,3,2022-10-06,4.176666666666667,0.12698412698412698,0.32597014925373136,partial_bullish,6.009862627685805,,bullish,neutral,True,True,True,True
6,6454,6455,6456,2022-10-07 13:34:00+00:00,2022-10-07 13:35:00+00:00,2022-10-07 13:36:00+00:00,short,11329.0,11329.5,11329.25,11350.25,11304.25,11279.25,11254.25,11229.25,76.94502432998009,near_trigger,-76.94502432998009,21.0,False,False,False,False,True,stop,11350.25,11350.5,-21.25,0.0,-21.25,-1.0119047619047619,19.0,21.25,0.9047619047619048,1.0119047619047619,2,1.0,0,2022-10-07,0.9722222222222222,0.24912770411723656,3.6007999999999996,partial_bearish,2.426025097913836,,bearish,bearish,False,True,True,False
7,6457,6458,6460,2022-10-07 13:37:00+00:00,2022-10-07 13:38:00+00:00,2022-10-07 13:40:00+00:00,short,11323.0,11323.0,11322.75,11347.75,11297.75,11272.75,11247.75,11222.75,86.93459059979271,high_probability,-77.93459059979271,25.0,False,False,False,False,True,stop,11347.75,11348.0,-25.25,0.0,-25.25,-1.01,11.25,27.5,0.45,1.1,3,2.0,0,2022-10-07,1.0456942003514937,0.2096505823627288,3.6007999999999996,partial_bearish,1.8307210031347962,,bearish,bearish,True,True,True,False
8,6464,6465,6524,2022-10-07 13:44:00+00:00,2022-10-07 13:45:00+00:00,2022-10-07 14:44:00+00:00,short,11275.0,11275.0,11274.75,11299.75,11249.75,11224.75,11199.75,11174.75,75.19593107537196,near_trigger,-54.19593107537196,25.0,True,True,False,False,False,max_holding_time,11236.25,11236.5,38.25,0.0,38.25,1.53,70.25,14.0,2.81,0.56,60,59.0,2,2022-10-07,1.8273283480625426,0.7317744154057771,3.6007999999999996,strong_bearish,2.4315380468125456,,bearish,bearish,True,False,False,False
9,7837,7838,7853,2022-10-10 13:37:00+00:00,2022-10-10 13:38:00+00:00,2022-10-10 13:53:00+00:00,long,11042.25,11042.0,11042.25,11017.25,11067.25,11092.25,11117.25,11142.25,72.89826574419321,near_trigger,49.89826574419321,25.0,True,False,False,False,True,stop,11017.25,11017.0,-25.25,0.0,-25.25,-1.01,34.75,34.75,1.39,1.39,16,15.0,1,2022-10-10,2.3634408602150536,2.687813021702838,2.096960926193922,partial_bearish,1.88940818148401,0.8942537115588547,bullish,bullish,True,True,False,False
10,7887,7888,7890,2022-10-10 14:27:00+00:00,2022-10-10 14:28:00+00:00,2022-10-10 14:30:00+00:00,long,11050.75,11050.5,11050.75,11025.75,11075.75,11100.75,11125.75,11150.75,71.29316427783903,near_trigger,42.293164277839026,25.0,False,False,False,False,True,stop,11025.75,11025.5,-25.25,0.0,-25.25,-1.01,0.5,29.75,0.02,1.19,3,2.0,0,2022-10-10,1.2965821389195147,0.1674975074775673,3.5928605885190543,partial_bullish,3.1323108039777514,2.5940815187046344,neutral,bullish,False,True,True,False
11,10591,10592,10595,2022-10-12 13:31:00+00:00,2022-10-12 13:32:00+00:00,2022-10-12 13:35:00+00:00,short,10822.5,10822.25,10822.0,10847.0,10797.0,10772.0,10747.0,10722.0,81.89620398552805,high_probability,-40.89620398552805,25.0,False,False,False,False,True,stop,10847.0,10847.25,-25.25,0.0,-25.25,-1.01,16.25,63.75,0.65,2.55,4,3.0,0,2022-10-12,2.8119658119658117,0.11800120409391933,2.482039397450753,strong_bearish,6.010289293170295,1.0801699879400448,neutral,bearish,True,True,True,False
12,10598,10599,10604,2022-10-12 13:38:00+00:00,2022-10-12 13:39:00+00:00,2022-10-12 13:44:00+00:00,short,10905.0,10904.75,10904.5,10929.5,10879.5,10854.5,10829.5,10804.5,73.40703514107592,near_trigger,-34.40703514107592,25.0,True,False,False,False,True,stop,10929.5,10929.75,-25.25,0.0,-25.25,-1.01,32.0,27.5,1.28,1.1,6,5.0,1,2022-10-12,4.026600166251039,0.5111716621253406,2.482039397450753,partial_bearish,1.6869117105747489,1.2826136623257938,neutral,bearish,True,True,True,False
13,10642,10643,10645,2022-10-12 14:22:00+00:00,2022-10-12 14:23:00+00:00,2022-10-12 14:25:00+00:00,short,10815.25,10815.5,10815.25,10840.25,10790.25,10765.25,10740.25,10715.25,71.46606873837129,near_trigger,-37.46606873837129,25.0,False,False,False,False,True,stop,10840.25,10840.5,-25.25,0.0,-25.25,-1.01,0.5,36.75,0.02,1.47,3,2.0,0,2022-10-12,1.4031531531531531,0.8172429277054333,1.0924369747899159,strong_bearish,1.1895402904942238,1.4312610719729741,neutral,bearish,True,False,True,False
14,11971,11972,11982,2022-10-13 13:31:00+00:00,2022-10-13 13:32:00+00:00,2022-10-13 13:42:00+00:00,short,10527.5,10527.5,10527.25,10552.25,10502.25,10477.25,10452.25,10427.25,72.39363449691992,near_trigger,-54.393634496919915,25.0,True,False,False,False,True,stop,10552.25,10552.5,-25.25,0.0,-25.25,-1.01,42.75,27.0,1.71,1.08,11,10.0,1,2022-10-13,0.41683778234086244,0.18196588139723802,6.464027737648078,partial_bearish,5.0128294380905025,1.6717744610281924,bearish,bearish,True,False,True,False
15,13356,13357,13364,2022-10-14 13:36:00+00:00,2022-10-14 13:37:00+00:00,2022-10-14 13:44:00+00:00,long,11131.5,11131.75,11132.0,11107.0,11157.0,11182.0,11207.0,11232.0,72.76247149396005,near_trigger,49.76247149396005,25.0,True,True,False,False,True,stop,11107.0,11106.75,-25.25,0.0,-25.25,-1.01,69.25,32.75,2.77,1.31,8,7.0,2,2022-10-14,1.5726872246696035,2.230406852248394,2.4580514208389714,partial_bearish,1.7764727902297506,1.1345441867414872,bullish,bullish,True,False,False,False
16,13383,13384,13387,2022-10-14 14:03:00+00:00,2022-10-14 14:04:00+00:00,2022-10-14 14:07:00+00:00,long,10992.75,10992.75,10993.0,10968.0,11018.0,11043.0,11068.0,11093.0,70.91440345333986,near_trigger,70.91440345333986,25.0,True,False,False,False,True,stop,10968.0,10967.75,-25.25,0.0,-25.25,-1.01,35.0,29.5,1.4,1.18,4,3.0,1,2022-10-14,1.5690890481064481,1.439207650273224,1.0837004405286343,strong_bearish,1.4880067455122372,2.161314966457373,bullish,bullish,True,False,False,False
17,13408,13409,13410,2022-10-14 14:28:00+00:00,2022-10-14 14:29:00+00:00,2022-10-14 14:30:00+00:00,long,10936.75,10936.75,10937.0,10912.0,10962.0,10987.0,11012.0,11037.0,79.0,near_trigger,28.0,25.0,False,False,False,False,True,stop,10912.0,10911.75,-25.25,0.0,-25.25,-1.01,1.0,26.75,0.04,1.07,2,1.0,0,2022-10-14,1.862255232950709,2.6517231717567946,4.720262510254306,partial_bearish,1.566646880690564,2.2544155969501016,bullish,bearish,False,True,True,False
18,16149,16150,16156,2022-10-18 14:09:00+00:00,2022-10-18 14:10:00+00:00,2022-10-18 14:16:00+00:00,long,11336.75,11336.75,11337.0,11312.0,11362.0,11387.0,11412.0,11437.0,80.46582991591069,high_probability,59.46582991591069,25.0,False,False,False,False,True,stop,11312.0,11311.75,-25.25,0.0,-25.25,-1.01,8.75,34.75,0.35,1.39,7,6.0,0,2022-10-18,0.8930041152263374,1.2239142695995489,1.730886850152905,partial_bearish,1.509366551941788,1.4437471521477985,bullish,bullish,False,True,True,False
19,16157,16158,16164,2022-10-18 14:17:00+00:00,2022-10-18 14:18:00+00:00,2022-10-18 14:24:00+00:00,long,11318.0,11318.25,11318.5,11293.5,11343.5,11368.5,11393.5,11418.5,75.19278934287955,near_trigger,75.19278934287955,25.0,False,False,False,False,True,stop,11293.5,11293.25,-25.25,0.0,-25.25,-1.01,11.0,34.75,0.44,1.39,7,6.0,0,2022-10-18,0.994,0.8998393144081414,1.4801762114537445,strong_bearish,1.1791860597836425,1.255561011539406,bullish,bullish,True,True,True,False
20,17516,17517,17525,2022-10-19 13:56:00+00:00,2022-10-19 13:57:00+00:00,2022-10-19 14:05:00+00:00,short,11142.0,11142.0,11141.75,11166.75,11116.75,11091.75,11066.75,11041.75,73.12423883010985,near_trigger,-57.124238830109846,25.0,False,False,False,False,True,stop,11166.75,11167.0,-25.25,0.0,-25.25,-1.01,21.5,46.75,0.86,1.87,9,8.0,0,2022-10-19,1.1104521868050408,1.0578093306288032,0.011093502377179081,partial_bearish,1.2522529582321136,1.6987951807228916,bearish,neutral,True,False,True,False
21,18870,18871,18875,2022-10-20 13:30:00+00:00,2022-10-20 13:31:00+00:00,2022-10-20 13:35:00+00:00,long,11133.5,11134.25,11134.5,11109.5,11159.5,11184.5,11209.5,11234.5,90.19642898821333,a_plus_plus,77.19642898821333,25.0,True,False,False,False,True,stop,11109.5,11109.25,-25.25,0.0,-25.25,-1.01,26.75,26.5,1.07,1.06,5,4.0,1,2022-10-20,1.775609756097561,0.5103757711721817,0.8743126472898665,partial_bullish,8.950667756881984,0.8303574901777727,bullish,bullish,True,True,True,False
22,18876,18877,18890,2022-10-20 13:36:00+00:00,2022-10-20 13:37:00+00:00,2022-10-20 13:50:00+00:00,long,11107.0,11107.0,11107.25,11082.25,11132.25,11157.25,11182.25,11207.25,78.0,near_trigger,65.42560895930743,25.0,True,True,True,True,False,tp4,11207.25,11207.0,99.75,0.0,99.75,3.99,100.0,15.75,4.0,0.63,14,13.0,4,2022-10-20,1.80684811237928,0.5833333333333334,0.8743126472898665,partial_bearish,2.325489964812958,0.8765959872321022,bullish,bullish,True,True,True,False
23,18891,18892,18900,2022-10-20 13:51:00+00:00,2022-10-20 13:52:00+00:00,2022-10-20 14:00:00+00:00,long,11221.75,11221.5,11221.75,11196.75,11246.75,11271.75,11296.75,11321.75,71.51089664587398,near_trigger,71.51089664587398,25.0,False,False,False,False,True,stop,11196.75,11196.5,-25.25,0.0,-25.25,-1.01,7.5,28.5,0.3,1.14,9,8.0,0,2022-10-20,0.8246708246708246,2.024266936299292,0.5322230267921796,partial_bullish,1.218523636835808,1.2606397897875732,bullish,bullish,False,False,True,False
24,18902,18903,18962,2022-10-20 14:02:00+00:00,2022-10-20 14:03:00+00:00,2022-10-20 15:02:00+00:00,long,11240.25,11240.0,11240.25,11215.25,11265.25,11290.25,11315.25,11340.25,91.25355439473087,a_plus_plus,70.25355439473087,25.0,True,True,True,False,False,max_holding_time,11297.5,11297.25,57.0,0.0,57.0,2.28,88.75,9.25,3.55,0.37,60,59.0,3,2022-10-20,1.4583333333333335,1.70126582278481,1.7529610829103215,strong_bullish,1.573446760377514,1.232128662275721,bullish,bullish,True,False,True,False
25,20259,20260,20261,2022-10-21 13:39:00+00:00,2022-10-21 13:40:00+00:00,2022-10-21 13:41:00+00:00,long,11059.75,11059.75,11060.0,11035.0,11085.0,11110.0,11135.0,11160.0,73.0247647039226,near_trigger,14.0247647039226,25.0,False,False,False,False,True,stop,11035.0,11034.75,-25.25,0.0,-25.25,-1.01,3.75,40.75,0.15,1.63,2,1.0,0,2022-10-21,0.9292375205704881,1.267672756155679,2.103004291845494,partial_bullish,1.6220304603431086,1.2724657411093845,neutral,bullish,True,True,True,True
26,20280,20281,20304,2022-10-21 14:00:00+00:00,2022-10-21 14:01:00+00:00,2022-10-21 14:24:00+00:00,long,11161.25,11160.75,11161.0,11136.0,11186.0,11211.0,11236.0,11261.0,74.26961493997582,near_trigger,68.26961493997582,25.0,True,True,False,False,True,stop,11136.0,11135.75,-25.25,0.0,-25.25,-1.01,63.0,30.5,2.52,1.22,24,23.0,2,2022-10-21,1.6915604128718884,1.9649122807017543,4.056171470805618,strong_bullish,1.2746103281906986,1.0321168822810067,bullish,bullish,False,False,True,False
27,21637,21638,21640,2022-10-24 13:37:00+00:00,2022-10-24 13:38:00+00:00,2022-10-24 13:40:00+00:00,long,11380.75,11380.5,11380.75,11355.75,11405.75,11430.75,11455.75,11480.75,86.29151156934793,high_probability,69.29151156934793,25.0,False,False,False,False,True,stop,11355.75,11355.5,-25.25,0.0,-25.25,-1.01,17.75,52.5,0.71,2.1,3,2.0,0,2022-10-24,3.1421143847487003,2.867865519937451,1.4267942583732058,partial_bearish,2.6316689732385825,1.4160921079054822,bullish,bullish,False,True,True,False
28,23025,23026,23085,2022-10-25 13:45:00+00:00,2022-10-25 13:46:00+00:00,2022-10-25 14:45:00+00:00,long,11582.0,11582.5,11582.75,11557.75,11607.75,11632.75,11657.75,11682.75,76.32282217422606,near_trigger,71.32282217422606,25.0,True,True,True,False,False,max_holding_time,11622.0,11621.75,39.0,0.0,39.0,1.56,82.0,0.5,3.28,0.02,60,59.0,3,2022-10-25,2.28913260219342,1.9721539721539723,3.6954314720812182,strong_bullish,2.223631094089639,1.2690184785217182,bullish,bullish,True,True,True,False
29,24445,24446,24463,2022-10-26 14:25:00+00:00,2022-10-26 14:26:00+00:00,2022-10-26 14:43:00+00:00,long,11533.25,11532.75,11533.0,11508.0,11558.0,11583.0,11608.0,11633.0,77.83749574122817,near_trigger,64.83749574122817,25.0,True,True,True,True,False,tp4,11633.0,11632.75,99.75,0.0,99.75,3.99,101.75,1.0,4.07,0.04,18,17.0,4,2022-10-26,1.2394366197183098,0.9601891998423334,1.064516129032258,partial_bullish,0.6124009453635478,0.7155187514929532,bullish,bullish,True,False,True,False
30,25772,25773,25789,2022-10-27 13:32:00+00:00,2022-10-27 13:33:00+00:00,2022-10-27 13:49:00+00:00,short,11443.0,11444.0,11443.75,11468.75,11418.75,11393.75,11368.75,11343.75,70.0,near_trigger,-24.82142311983509,25.0,True,True,True,True,False,tp4,11343.75,11344.0,99.75,0.0,99.75,3.99,122.25,16.5,4.89,0.66,17,16.0,4,2022-10-27,1.7721518987341773,0.9910195456946644,0.7044967880085654,partial_bullish,3.1627803356601816,1.0770841089981806,bearish,bearish,False,False,True,False
31,25790,25791,25805,2022-10-27 13:50:00+00:00,2022-10-27 13:51:00+00:00,2022-10-27 14:05:00+00:00,short,11297.75,11297.5,11297.25,11322.25,11272.25,11247.25,11222.25,11197.25,85.56300578034683,high_probability,-72.56300578034683,25.0,True,False,False,False,True,stop,11322.25,11322.5,-25.25,0.0,-25.25,-1.01,33.75,53.75,1.35,2.15,15,14.0,1,2022-10-27,4.309248554913295,2.269927536231884,0.44536652835408025,partial_bearish,1.3453714108575192,1.6498590270224607,bearish,bearish,False,True,True,False
32,27150,27151,27160,2022-10-28 13:30:00+00:00,2022-10-28 13:31:00+00:00,2022-10-28 13:40:00+00:00,long,11234.0,11234.25,11234.5,11209.5,11259.5,11284.5,11309.5,11334.5,82.9351332734204,high_probability,49.935133273420405,25.0,True,True,True,True,False,tp4,11334.5,11334.25,99.75,0.0,99.75,3.99,107.5,10.5,4.3,0.42,10,9.0,4,2022-10-28,1.8252933507170797,1.5149253731343284,2.6553990610328637,strong_bullish,7.761614911104233,1.157642117084285,neutral,bullish,True,True,True,False
33,27161,27162,27169,2022-10-28 13:41:00+00:00,2022-10-28 13:42:00+00:00,2022-10-28 13:49:00+00:00,long,11350.75,11350.75,11351.0,11326.0,11376.0,11401.0,11426.0,11451.0,74.56825073390019,near_trigger,49.568250733900186,25.0,False,False,False,False,True,stop,11326.0,11325.75,-25.25,0.0,-25.25,-1.01,13.25,25.25,0.53,1.01,8,7.0,0,2022-10-28,1.406791406791407,3.427958833619211,2.6553990610328637,strong_bullish,1.56624973500106,1.2401010654274962,neutral,bullish,False,True,True,False
34,27185,27186,27188,2022-10-28 14:05:00+00:00,2022-10-28 14:06:00+00:00,2022-10-28 14:08:00+00:00,long,11330.0,11329.5,11329.75,11304.75,11354.75,11379.75,11404.75,11429.75,84.03635648621494,high_probability,71.03635648621494,25.0,False,False,False,False,True,stop,11304.75,11304.5,-25.25,0.0,-25.25,-1.01,7.0,25.75,0.28,1.03,3,2.0,0,2022-10-28,0.7304347826086957,0.44602948169281975,3.542817196784341,partial_bearish,1.3930154300722257,1.2159211952679454,bullish,bullish,True,False,True,False
35,28531,28532,28532,2022-10-31 13:31:00+00:00,2022-10-31 13:32:00+00:00,2022-10-31 13:32:00+00:00,long,11516.25,11516.25,11516.5,11495.0,11541.5,11566.5,11591.5,11616.5,73.31549851178521,near_trigger,22.315498511785208,21.5,False,False,False,False,True,stop,11495.0,11494.75,-21.75,0.0,-21.75,-1.0116279069767442,0.0,54.0,0.0,2.511627906976744,1,0.0,0,2022-10-31,2.405498281786942,1.6035242290748897,1.2243816254416962,partial_bearish,6.003979659518019,0.8299257357660218,neutral,neutral,True,True,True,True
36,28533,28534,28546,2022-10-31 13:33:00+00:00,2022-10-31 13:34:00+00:00,2022-10-31 13:46:00+00:00,long,11465.75,11466.0,11466.25,11441.25,11491.25,11516.25,11541.25,11566.25,73.72866303254717,near_trigger,43.728663032547175,25.0,True,False,False,False,True,stop,11441.25,11441.0,-25.25,0.0,-25.25,-1.01,46.5,38.25,1.86,1.53,13,12.0,1,2022-10-31,2.044736842105263,1.6035242290748897,1.2243816254416962,strong_bearish,3.6382135589589804,0.9782718253682559,neutral,bullish,True,True,True,True
37,29961,29962,29966,2022-11-01 14:21:00+00:00,2022-11-01 14:22:00+00:00,2022-11-01 14:26:00+00:00,long,11429.0,11429.25,11429.5,11404.5,11454.5,11479.5,11504.5,11529.5,95.92857142857143,a_plus_plus,78.92857142857143,25.0,False,False,False,False,True,stop,11404.5,11404.25,-25.25,0.0,-25.25,-1.01,3.75,26.5,0.15,1.06,5,4.0,0,2022-11-01,0.43478260869565216,3.1831129196337744,6.030188679245283,partial_bearish,1.2989234717074185,2.0077900730170453,bullish,bullish,True,True,True,False
38,29969,29970,29971,2022-11-01 14:29:00+00:00,2022-11-01 14:30:00+00:00,2022-11-01 14:31:00+00:00,long,11439.75,11439.75,11440.0,11415.0,11465.0,11490.0,11515.0,11540.0,86.6687668110794,high_probability,76.6687668110794,25.0,False,False,False,False,True,stop,11415.0,11414.75,-25.25,0.0,-25.25,-1.01,0.5,26.25,0.02,1.05,2,1.0,0,2022-11-01,1.376597836774828,2.5389940009229353,6.030188679245283,partial_bearish,0.8005787775228703,1.2195475638051043,bullish,bullish,True,True,True,True
39,31292,31293,31296,2022-11-02 13:32:00+00:00,2022-11-02 13:33:00+00:00,2022-11-02 13:36:00+00:00,short,11284.0,11284.25,11284.0,11309.0,11259.0,11234.0,11209.0,11184.0,74.21255866585045,near_trigger,-65.21255866585045,25.0,False,False,False,False,True,stop,11309.0,11309.25,-25.25,0.0,-25.25,-1.01,12.75,30.75,0.51,1.23,4,3.0,0,2022-11-02,5.190114068441065,0.384,0.5873287671232876,strong_bearish,6.529186602870813,0.8437988882087051,bearish,bearish,True,True,True,True
40,31298,31299,31300,2022-11-02 13:38:00+00:00,2022-11-02 13:39:00+00:00,2022-11-02 13:40:00+00:00,short,11296.5,11296.25,11296.0,11316.75,11271.0,11246.0,11221.0,11196.0,78.9342659793382,near_trigger,-64.9342659793382,20.75,False,False,False,False,True,stop,11316.75,11317.0,-21.0,0.0,-21.0,-1.0120481927710843,8.75,30.5,0.42168674698795183,1.4698795180722892,2,1.0,0,2022-11-02,1.1475409836065573,2.6291079812206575,0.5873287671232876,partial_bearish,1.2299221725451235,0.5428467019915951,bearish,bearish,True,True,True,True
41,34050,34051,34051,2022-11-04 13:30:00+00:00,2022-11-04 13:31:00+00:00,2022-11-04 13:31:00+00:00,long,10945.75,10946.0,10946.25,10921.25,10971.25,10996.25,11021.25,11046.25,80.55289028827316,high_probability,63.55289028827316,25.0,False,False,False,False,True,stop,10921.25,10921.0,-25.25,0.0,-25.25,-1.01,3.5,34.25,0.14,1.37,1,0.0,0,2022-11-04,2.289544235924933,0.822972972972973,3.2585249801744647,strong_bullish,6.545164597334549,1.1772298425511427,bullish,bullish,True,True,True,False
42,34052,34053,34055,2022-11-04 13:32:00+00:00,2022-11-04 13:33:00+00:00,2022-11-04 13:35:00+00:00,long,10879.5,10879.75,10880.0,10855.0,10905.0,10930.0,10955.0,10980.0,74.0,near_trigger,16.175342207117907,25.0,False,False,False,False,True,stop,10855.0,10854.75,-25.25,0.0,-25.25,-1.01,19.25,27.5,0.77,1.1,3,2.0,0,2022-11-04,2.7751479289940826,0.822972972972973,3.2585249801744647,partial_bullish,3.218673706357555,1.0205481607350766,bullish,bullish,False,True,True,False
43,34076,34077,34102,2022-11-04 13:56:00+00:00,2022-11-04 13:57:00+00:00,2022-11-04 14:22:00+00:00,long,10815.5,10815.5,10815.75,10790.75,10840.75,10865.75,10890.75,10915.75,94.2,a_plus_plus,85.2,25.0,True,True,True,True,False,tp4,10915.75,10915.5,99.75,0.0,99.75,3.99,102.75,9.25,4.11,0.37,26,25.0,4,2022-11-04,2.457296570275723,3.131445170660857,0.7946859903381642,partial_bearish,1.3613758382394072,2.331008865683148,bullish,bullish,True,True,True,False
44,35462,35463,35468,2022-11-07 15:02:00+00:00,2022-11-07 15:03:00+00:00,2022-11-07 15:08:00+00:00,long,10924.0,10923.75,10924.0,10899.0,10949.0,10974.0,10999.0,11024.0,81.74085407332828,high_probability,52.74085407332828,25.0,False,False,False,False,True,stop,10899.0,10898.75,-25.25,0.0,-25.25,-1.01,12.0,29.25,0.48,1.17,6,5.0,0,2022-11-07,1.990942028985507,0.9385964912280702,0.9873278236914601,partial_bearish,1.6681449569183984,1.467533673943335,neutral,bullish,True,True,True,False
45,35475,35476,35480,2022-11-07 15:15:00+00:00,2022-11-07 15:16:00+00:00,2022-11-07 15:20:00+00:00,long,10939.5,10939.75,10940.0,10915.0,10965.0,10990.0,11015.0,11040.0,72.5506485157627,near_trigger,46.5506485157627,25.0,False,False,False,False,True,stop,10915.0,10914.75,-25.25,0.0,-25.25,-1.01,22.25,32.75,0.89,1.31,5,4.0,0,2022-11-07,1.1827111984282908,1.8257731958762884,0.06366851945426984,partial_bullish,1.21122802207218,1.0916504494486146,neutral,bullish,True,False,True,True
46,36832,36833,36892,2022-11-08 14:52:00+00:00,2022-11-08 14:53:00+00:00,2022-11-08 15:52:00+00:00,long,11063.0,11063.0,11063.25,11038.25,11088.25,11113.25,11138.25,11163.25,95.42091884858522,a_plus_plus,52.42091884858522,25.0,True,True,False,False,False,max_holding_time,11123.5,11123.25,60.0,0.0,60.0,2.4,74.75,22.25,2.99,0.89,60,59.0,2,2022-11-08,2.2694414019715228,2.9039010466222646,0.9408327246165084,partial_bearish,1.741696354672712,1.4756397487753816,bullish,bullish,True,True,True,False
47,40950,40951,40965,2022-11-11 14:30:00+00:00,2022-11-11 14:31:00+00:00,2022-11-11 14:45:00+00:00,short,11613.25,11613.0,11612.75,11637.75,11587.75,11562.75,11537.75,11512.75,77.99670064353029,near_trigger,-67.99670064353029,25.0,True,False,False,False,True,stop,11637.75,11638.0,-25.25,0.0,-25.25,-1.01,43.25,45.25,1.73,1.81,15,14.0,1,2022-11-11,0.5685279187817259,3.5421686746987953,3.1935028248587574,strong_bearish,6.216666666666667,0.9892133112329465,neutral,bearish,True,True,True,True
48,40966,40967,40975,2022-11-11 14:46:00+00:00,2022-11-11 14:47:00+00:00,2022-11-11 14:55:00+00:00,long,11665.0,11665.25,11665.5,11640.5,11690.5,11715.5,11740.5,11765.5,73.90683752646137,near_trigger,47.90683752646137,25.0,True,False,False,False,True,stop,11640.5,11640.25,-25.25,0.0,-25.25,-1.01,26.0,31.75,1.04,1.27,9,8.0,1,2022-11-11,2.2174940898345157,0.44579226686884005,2.596705308114704,partial_bearish,1.0921761855501715,1.0230344241393965,neutral,bullish,True,True,True,False
49,42331,42332,42370,2022-11-14 14:31:00+00:00,2022-11-14 14:32:00+00:00,2022-11-14 15:10:00+00:00,short,11780.25,11779.75,11779.5,11804.5,11754.5,11729.5,11704.5,11679.5,70.0,near_trigger,-37.237116628023145,25.0,True,True,True,False,True,stop,11804.5,11804.75,-25.25,0.0,-25.25,-1.01,77.5,29.25,3.1,1.17,39,38.0,3,2022-11-14,1.5592417061611374,2.42026825633383,2.049800796812749,partial_bearish,6.804134697357204,0.8024028099807097,bearish,bearish,False,True,True,True
50,42384,42385,42401,2022-11-14 15:24:00+00:00,2022-11-14 15:25:00+00:00,2022-11-14 15:41:00+00:00,short,11783.0,11783.75,11783.5,11808.5,11758.5,11733.5,11708.5,11683.5,85.98354107957564,high_probability,-61.983541079575645,25.0,False,False,False,False,True,stop,11808.5,11808.75,-25.25,0.0,-25.25,-1.01,22.5,33.25,0.9,1.33,17,16.0,0,2022-11-14,1.1974842767295597,2.259678379988088,0.77228992944195,partial_bullish,1.1154334603301919,1.1759068744891343,bearish,bearish,True,True,True,False
51,43712,43713,43713,2022-11-15 14:32:00+00:00,2022-11-15 14:33:00+00:00,2022-11-15 14:33:00+00:00,long,12055.5,12056.25,12056.5,12031.5,12081.5,12106.5,12131.5,12156.5,72.57918435941566,near_trigger,51.57918435941566,25.0,False,False,False,False,True,stop,12031.5,12031.25,-25.25,0.0,-25.25,-1.01,3.0,25.0,0.12,1.0,1,0.0,0,2022-11-15,1.3311965811965811,0.7670319199618867,2.1365991521431935,partial_bullish,3.708484117410535,1.1906098922732349,bullish,bullish,True,False,False,False
52,43750,43751,43760,2022-11-15 15:10:00+00:00,2022-11-15 15:11:00+00:00,2022-11-15 15:20:00+00:00,long,12019.75,12019.5,12019.75,11994.75,12044.75,12069.75,12094.75,12119.75,71.0,near_trigger,71.0,25.0,False,False,False,False,True,stop,11994.75,11994.5,-25.25,0.0,-25.25,-1.01,18.0,25.75,0.72,1.03,10,9.0,0,2022-11-15,2.3056872037914693,0.2616822429906542,0.5916271721958926,partial_bearish,0.910418492093295,0.7690319548872181,bullish,bullish,True,False,True,False
53,43765,43766,43777,2022-11-15 15:25:00+00:00,2022-11-15 15:26:00+00:00,2022-11-15 15:37:00+00:00,long,12043.75,12043.75,12044.0,12019.0,12069.0,12094.0,12119.0,12144.0,82.74147022744118,high_probability,80.74147022744118,25.0,False,False,False,False,True,stop,12019.0,12018.75,-25.25,0.0,-25.25,-1.01,8.25,29.25,0.33,1.17,12,11.0,0,2022-11-15,2.11441647597254,0.13313313313313313,1.1754916792738275,partial_bullish,1.1321369247304822,0.8625524206555993,bullish,bullish,True,True,True,True
54,45091,45092,45094,2022-11-16 14:31:00+00:00,2022-11-16 14:32:00+00:00,2022-11-16 14:34:00+00:00,short,11811.25,11811.5,11811.25,11836.25,11786.25,11761.25,11736.25,11711.25,76.13228082006613,near_trigger,-67.13228082006613,25.0,False,False,False,False,True,stop,11836.25,11836.5,-25.25,0.0,-25.25,-1.01,11.5,25.5,0.46,1.02,3,2.0,0,2022-11-16,0.8456375838926175,0.6172148355493352,1.8490566037735847,strong_bearish,4.710156986742109,1.0745516900998495,bearish,bearish,False,True,True,False
55,45095,45096,45155,2022-11-16 14:35:00+00:00,2022-11-16 14:36:00+00:00,2022-11-16 15:35:00+00:00,short,11811.0,11811.5,11811.25,11836.25,11786.25,11761.25,11736.25,11711.25,87.32405263885789,high_probability,-79.32405263885789,25.0,True,True,True,False,False,max_holding_time,11765.5,11765.75,45.5,0.0,45.5,1.82,87.25,13.25,3.49,0.53,60,59.0,3,2022-11-16,0.5390070921985816,0.7406451612903227,1.8490566037735847,strong_bearish,2.7358521372824347,1.1846468188598942,bearish,bearish,True,True,True,False
56,47875,47876,47879,2022-11-18 14:55:00+00:00,2022-11-18 14:56:00+00:00,2022-11-18 14:59:00+00:00,long,11781.0,11780.5,11780.75,11755.75,11805.75,11830.75,11855.75,11880.75,86.1252303329232,high_probability,58.125230332923195,25.0,False,False,False,False,True,stop,11755.75,11755.5,-25.25,0.0,-25.25,-1.01,4.0,33.75,0.16,1.35,4,3.0,0,2022-11-18,2.3725961538461537,3.0631424375917766,2.629021667760998,partial_bearish,1.17512848286511,1.182884251794973,bullish,bullish,True,True,True,False
57,47880,47881,47883,2022-11-18 15:00:00+00:00,2022-11-18 15:01:00+00:00,2022-11-18 15:03:00+00:00,long,11731.25,11731.0,11731.25,11706.25,11756.25,11781.25,11806.25,11831.25,70.0,near_trigger,63.77672186397116,25.0,False,False,False,False,True,stop,11706.25,11706.0,-25.25,0.0,-25.25,-1.01,6.75,33.0,0.27,1.32,3,2.0,0,2022-11-18,3.1986222732491387,0.6648313833448039,2.3856882959369314,strong_bearish,1.7653203780851572,0.9454413093007267,bullish,neutral,True,True,True,True
58,49234,49235,49240,2022-11-21 14:34:00+00:00,2022-11-21 14:35:00+00:00,2022-11-21 14:40:00+00:00,short,11638.75,11639.5,11639.25,11664.25,11614.25,11589.25,11564.25,11539.25,88.63250533789068,high_probability,-80.63250533789068,25.0,False,False,False,False,True,stop,11664.25,11664.5,-25.25,0.0,-25.25,-1.01,11.0,26.75,0.44,1.07,6,5.0,0,2022-11-21,0.7945945945945947,0.22801302931596093,0.5737704918032788,partial_bullish,3.68224197745013,1.1937544482422304,bearish,bearish,True,True,True,True
59,49242,49243,49247,2022-11-21 14:42:00+00:00,2022-11-21 14:43:00+00:00,2022-11-21 14:47:00+00:00,short,11664.75,11664.25,11664.0,11689.0,11639.0,11614.0,11589.0,11564.0,71.0,near_trigger,-55.17753272873494,25.0,False,False,False,False,True,stop,11689.0,11689.25,-25.25,0.0,-25.25,-1.01,20.75,27.5,0.83,1.1,5,4.0,0,2022-11-21,1.7315010570824525,0.35159817351598177,0.5737704918032788,partial_bullish,1.0656482436823382,0.7160447838413939,bearish,bearish,True,True,True,True
60,49266,49267,49326,2022-11-21 15:06:00+00:00,2022-11-21 15:07:00+00:00,2022-11-21 16:06:00+00:00,short,11621.75,11622.0,11621.75,11646.75,11596.75,11571.75,11546.75,11521.75,81.42659352867658,high_probability,-80.42659352867658,25.0,True,False,False,False,False,max_holding_time,11602.75,11603.0,18.75,0.0,18.75,0.75,46.75,18.25,1.87,0.73,60,59.0,1,2022-11-21,3.287598944591029,0.3352112676056338,0.6032689450222883,partial_bearish,2.023803024512748,1.7367268297824994,bearish,bearish,False,True,True,False
61,50645,50646,50705,2022-11-22 15:05:00+00:00,2022-11-22 15:06:00+00:00,2022-11-22 16:05:00+00:00,long,11594.25,11594.5,11594.75,11569.75,11619.75,11644.75,11669.75,11694.75,72.1276990907147,near_trigger,39.1276990907147,25.0,True,True,False,False,False,max_holding_time,11631.75,11631.5,36.75,0.0,36.75,1.47,59.75,20.0,2.39,0.8,60,59.0,2,2022-11-22,2.2828025477707006,0.8031007751937985,2.5695623775310255,partial_bullish,1.7991555592350361,1.106415908928917,neutral,bullish,False,True,True,False
62,51991,51992,52027,2022-11-23 14:31:00+00:00,2022-11-23 14:32:00+00:00,2022-11-23 15:07:00+00:00,long,11763.75,11763.25,11763.5,11738.5,11788.5,11813.5,11838.5,11863.5,70.29768225235149,near_trigger,31.297682252351493,25.0,True,True,True,True,False,tp4,11863.5,11863.25,99.75,0.0,99.75,3.99,100.75,8.25,4.03,0.33,36,35.0,4,2022-11-23,2.077625570776256,0.6171284634760705,1.4516450648055834,partial_bearish,6.85280202572133,0.647191350643793,bullish,bullish,True,True,True,False
63,57046,57047,57049,2022-11-29 14:31:00+00:00,2022-11-29 14:32:00+00:00,2022-11-29 14:34:00+00:00,short,11601.25,11601.5,11601.25,11626.25,11576.25,11551.25,11526.25,11501.25,83.31478179458263,high_probability,-62.31478179458263,25.0,False,False,False,False,True,stop,11626.25,11626.5,-25.25,0.0,-25.25,-1.01,3.25,26.75,0.13,1.07,3,2.0,0,2022-11-29,4.107438016528926,1.3618677042801557,0.6176470588235294,strong_bearish,5.62251517053777,0.7623181621521941,bearish,bearish,False,True,True,False
64,57088,57089,57092,2022-11-29 15:13:00+00:00,2022-11-29 15:14:00+00:00,2022-11-29 15:17:00+00:00,short,11569.25,11569.25,11569.0,11594.0,11544.0,11519.0,11494.0,11469.0,71.66165680473372,near_trigger,-58.661656804733724,25.0,False,False,False,False,True,stop,11594.0,11594.25,-25.25,0.0,-25.25,-1.01,7.75,36.75,0.31,1.47,4,3.0,0,2022-11-29,2.3360946745562132,0.6395939086294417,2.1725965177895534,partial_bearish,1.7107182066953972,1.6658422555887091,bearish,bearish,True,True,True,False
65,57093,57094,57103,2022-11-29 15:18:00+00:00,2022-11-29 15:19:00+00:00,2022-11-29 15:28:00+00:00,short,11596.0,11596.25,11596.0,11621.0,11571.0,11546.0,11521.0,11496.0,77.06866738932004,near_trigger,-65.06866738932004,25.0,False,False,False,False,True,stop,11621.0,11621.25,-25.25,0.0,-25.25,-1.01,8.0,26.5,0.32,1.06,10,9.0,0,2022-11-29,1.8608695652173912,0.7730061349693251,2.5078929306794784,partial_bearish,0.6851707247817136,0.8637445635637965,bearish,bearish,True,True,True,True
66,59805,59806,59807,2022-12-01 14:30:00+00:00,2022-12-01 14:31:00+00:00,2022-12-01 14:32:00+00:00,short,12037.0,12036.5,12036.25,12061.25,12011.25,11986.25,11961.25,11936.25,75.94379549768158,near_trigger,-74.94379549768158,25.0,False,False,False,False,True,stop,12061.25,12061.5,-25.25,0.0,-25.25,-1.01,2.0,36.0,0.08,1.44,2,1.0,0,2022-12-01,3.3321492007104796,0.7755395683453237,0.2898550724637681,strong_bearish,14.8220302640446,1.4531629147346419,bearish,bearish,True,True,False,False
67,59861,59862,59864,2022-12-01 15:26:00+00:00,2022-12-01 15:27:00+00:00,2022-12-01 15:29:00+00:00,long,11991.75,11992.0,11992.25,11967.25,12017.25,12042.25,12067.25,12092.25,91.86193548387097,a_plus_plus,78.86193548387097,25.0,False,False,False,False,True,stop,11967.25,11967.0,-25.25,0.0,-25.25,-1.01,1.25,30.25,0.05,1.21,3,2.0,0,2022-12-01,1.1591397849462366,3.9885277246653925,1.7808336914482166,partial_bearish,1.0104549854791869,1.6738025368419365,bullish,bullish,True,True,True,False
68,62575,62576,62635,2022-12-05 14:40:00+00:00,2022-12-05 14:41:00+00:00,2022-12-05 15:40:00+00:00,short,11948.75,11949.0,11948.75,11973.75,11923.75,11898.75,11873.75,11848.75,70.92635819169637,near_trigger,-70.92635819169637,25.0,True,True,True,False,False,max_holding_time,11910.0,11910.25,38.5,0.0,38.5,1.54,87.75,22.75,3.51,0.91,60,59.0,3,2022-12-05,0.6339622641509434,1.851508120649652,1.5476673427991885,partial_bearish,1.763461790413446,1.028568933331878,bearish,bearish,True,True,False,False
69,63964,63965,63982,2022-12-06 14:49:00+00:00,2022-12-06 14:50:00+00:00,2022-12-06 15:07:00+00:00,short,11730.0,11730.0,11729.75,11754.75,11704.75,11679.75,11654.75,11629.75,72.0,near_trigger,-38.306161745827985,25.0,True,True,True,True,False,tp4,11629.75,11630.0,99.75,0.0,99.75,3.99,118.0,1.25,4.72,0.05,18,17.0,4,2022-12-06,0.503209242618742,4.9284332688588,4.0355871886121,partial_bearish,1.0843305380194102,1.520050721191948,bearish,bearish,False,True,True,False
70,65332,65333,65344,2022-12-07 14:37:00+00:00,2022-12-07 14:38:00+00:00,2022-12-07 14:49:00+00:00,short,11577.25,11577.25,11577.0,11602.0,11552.0,11527.0,11502.0,11477.0,72.13428571428571,near_trigger,-58.13428571428571,25.0,True,True,True,True,False,tp4,11477.0,11477.25,99.75,0.0,99.75,3.99,105.75,12.0,4.23,0.48,12,11.0,4,2022-12-07,3.6,2.526994359387591,2.165042235217674,strong_bullish,2.308657854364569,1.5947505325469125,bearish,bearish,True,True,False,False
71,65355,65356,65357,2022-12-07 15:00:00+00:00,2022-12-07 15:01:00+00:00,2022-12-07 15:02:00+00:00,short,11448.75,11448.75,11448.5,11473.5,11423.5,11398.5,11373.5,11348.5,70.82470106314967,near_trigger,-69.82470106314967,25.0,False,False,False,False,True,stop,11473.5,11473.75,-25.25,0.0,-25.25,-1.01,8.25,36.5,0.33,1.46,2,1.0,0,2022-12-07,1.7517241379310344,2.5524437122460184,0.45997223507635354,strong_bearish,1.6627732273542384,1.3539175526247247,bearish,bearish,False,True,True,False
72,65363,65364,65406,2022-12-07 15:08:00+00:00,2022-12-07 15:09:00+00:00,2022-12-07 15:51:00+00:00,short,11520.75,11520.5,11520.25,11545.25,11495.25,11470.25,11445.25,11420.25,76.5456142623138,near_trigger,-65.5456142623138,25.0,True,True,False,False,True,stop,11545.25,11545.5,-25.25,0.0,-25.25,-1.01,62.75,40.25,2.51,1.61,43,42.0,2,2022-12-07,2.1816443594646273,1.693548387096774,0.45997223507635354,partial_bearish,1.0192633047401385,1.4936495969378878,bearish,bearish,True,True,True,False
73,66726,66727,66731,2022-12-08 14:51:00+00:00,2022-12-08 14:52:00+00:00,2022-12-08 14:56:00+00:00,short,11540.75,11540.75,11540.5,11565.5,11515.5,11490.5,11465.5,11440.5,74.0,near_trigger,-18.614652139758874,25.0,False,False,False,False,True,stop,11565.5,11565.75,-25.25,0.0,-25.25,-1.01,3.0,35.75,0.12,1.43,5,4.0,0,2022-12-08,1.7299771167048055,2.076788830715532,3.094736842105263,partial_bearish,1.1783691284617301,1.530023906623541,bearish,bearish,False,True,True,False
74,66740,66741,66800,2022-12-08 15:05:00+00:00,2022-12-08 15:06:00+00:00,2022-12-08 16:05:00+00:00,long,11628.25,11628.25,11628.5,11603.5,11653.5,11678.5,11703.5,11728.5,85.97468030690537,high_probability,72.97468030690537,25.0,True,False,False,False,False,max_holding_time,11637.0,11636.75,8.25,0.0,8.25,0.33,42.75,21.0,1.71,0.84,60,59.0,1,2022-12-08,1.3248081841432227,3.710280373831776,0.7488738738738738,strong_bullish,1.5720080015030449,2.0339758622662014,bullish,bullish,False,True,True,False
75,68086,68087,68088,2022-12-09 14:31:00+00:00,2022-12-09 14:32:00+00:00,2022-12-09 14:33:00+00:00,short,11569.25,11569.75,11569.5,11594.5,11544.5,11519.5,11494.5,11469.5,72.42578007902983,near_trigger,-59.425780079029835,25.0,False,False,False,False,True,stop,11594.5,11594.75,-25.25,0.0,-25.25,-1.01,19.5,33.0,0.78,1.32,2,1.0,0,2022-12-09,1.8167938931297711,0.12494422132976349,2.9392265193370166,strong_bearish,6.559719994166546,1.0214833991915337,bearish,bearish,True,True,False,False
76,72260,72261,72320,2022-12-14 15:06:00+00:00,2022-12-14 15:07:00+00:00,2022-12-14 16:06:00+00:00,long,12027.0,12027.0,12027.25,12002.25,12052.25,12077.25,12102.25,12127.25,71.87226166667034,near_trigger,69.87226166667034,25.0,True,False,False,False,False,max_holding_time,12034.5,12034.25,7.0,0.0,7.0,0.28,28.5,21.5,1.14,0.86,60,59.0,1,2022-12-14,1.3608521970705725,1.1122031122031122,2.487603305785124,strong_bullish,0.8224994910275426,0.7213365642137483,bullish,bullish,False,False,True,False
77,73606,73607,73633,2022-12-15 14:32:00+00:00,2022-12-15 14:33:00+00:00,2022-12-15 14:59:00+00:00,short,11659.5,11659.5,11659.25,11684.25,11634.25,11609.25,11584.25,11559.25,72.1625850340136,near_trigger,-53.1625850340136,25.0,True,True,True,True,False,tp4,11559.25,11559.5,99.75,0.0,99.75,3.99,102.0,4.5,4.08,0.18,27,26.0,4,2022-12-15,1.4197183098591548,0.6589506172839507,1.204398447606727,strong_bearish,4.1845403899721445,1.1354875283446713,bearish,bearish,True,True,True,False
78,73634,73635,73694,2022-12-15 15:00:00+00:00,2022-12-15 15:01:00+00:00,2022-12-15 16:00:00+00:00,short,11557.25,11557.0,11556.75,11581.75,11531.75,11506.75,11481.75,11456.75,77.42207279061618,near_trigger,-77.42207279061618,25.0,True,True,False,False,False,max_holding_time,11527.5,11527.75,29.0,0.0,29.0,1.16,53.0,18.0,2.12,0.72,60,59.0,2,2022-12-15,3.3711882229232386,2.132295719844358,2.6043498380379453,strong_bearish,1.1896712123618705,0.8985201751454548,bearish,bearish,False,True,True,True
79,74985,74986,74994,2022-12-16 14:31:00+00:00,2022-12-16 14:32:00+00:00,2022-12-16 14:40:00+00:00,long,11437.25,11437.75,11438.0,11413.0,11463.0,11488.0,11513.0,11538.0,71.27288917392269,near_trigger,30.272889173922692,25.0,False,False,False,False,True,stop,11413.0,11412.75,-25.25,0.0,-25.25,-1.01,19.75,31.5,0.79,1.26,9,8.0,0,2022-12-16,4.05592841163311,1.7567567567567568,0.8436911487758945,strong_bullish,3.567819410722488,0.8940743116022464,neutral,neutral,True,True,True,False
80,75001,75002,75003,2022-12-16 14:47:00+00:00,2022-12-16 14:48:00+00:00,2022-12-16 14:49:00+00:00,short,11439.25,11439.25,11439.0,11464.0,11414.0,11389.0,11364.0,11339.0,72.48482446771344,near_trigger,-58.48482446771344,25.0,False,False,False,False,True,stop,11464.0,11464.25,-25.25,0.0,-25.25,-1.01,0.0,48.75,0.0,1.95,2,1.0,0,2022-12-16,0.0115990057995029,2.4279720279720283,1.3132892363199038,partial_bullish,1.415744050213582,1.6681095834128161,neutral,bearish,True,False,True,False
81,75038,75039,75098,2022-12-16 15:24:00+00:00,2022-12-16 15:25:00+00:00,2022-12-16 16:24:00+00:00,short,11348.5,11348.25,11348.0,11373.0,11323.0,11298.0,11273.0,11248.0,72.91376146788991,near_trigger,-51.91376146788991,25.0,True,False,False,False,False,max_holding_time,11311.75,11312.0,36.0,0.0,36.0,1.44,41.5,18.5,1.66,0.74,60,59.0,1,2022-12-16,1.853211009174312,2.798689138576779,0.7099132023755139,strong_bearish,1.1423436017774227,1.698883746256466,neutral,bearish,False,True,True,False
82,77783,77784,77788,2022-12-20 15:09:00+00:00,2022-12-20 15:10:00+00:00,2022-12-20 15:14:00+00:00,short,11169.25,11169.0,11168.75,11193.75,11143.75,11118.75,11093.75,11068.75,77.39106763239346,near_trigger,-77.39106763239346,25.0,False,False,False,False,True,stop,11193.75,11194.0,-25.25,0.0,-25.25,-1.01,10.75,25.0,0.43,1.0,5,4.0,0,2022-12-20,0.5732758620689654,1.2893642305407012,0.4745762711864407,partial_bullish,0.87521942294855,1.2856598086037518,bearish,bearish,True,True,True,False
83,79125,79126,79174,2022-12-21 14:31:00+00:00,2022-12-21 14:32:00+00:00,2022-12-21 15:20:00+00:00,long,11200.25,11200.5,11200.75,11175.75,11225.75,11250.75,11275.75,11300.75,78.0,near_trigger,45.419502064222115,25.0,True,True,True,True,False,tp4,11300.75,11300.5,99.75,0.0,99.75,3.99,102.0,19.75,4.08,0.79,49,48.0,4,2022-12-21,2.665137614678899,0.7573770491803279,1.501818181818182,strong_bearish,8.15521249329439,1.1504149464815734,bullish,bullish,True,True,True,False
84,80505,80506,80535,2022-12-22 14:31:00+00:00,2022-12-22 14:32:00+00:00,2022-12-22 15:01:00+00:00,short,11180.0,11179.75,11179.5,11204.5,11154.5,11129.5,11104.5,11079.5,85.1072867445909,high_probability,-46.107286744590894,25.0,True,True,True,True,False,tp4,11079.5,11079.75,99.75,0.0,99.75,3.99,101.75,0.25,4.07,0.01,30,29.0,4,2022-12-22,2.919597989949749,0.1620658949243099,3.835137385512073,partial_bearish,8.67712747680678,1.2560722871590815,bearish,neutral,True,True,True,True
85,80536,80537,80596,2022-12-22 15:02:00+00:00,2022-12-22 15:03:00+00:00,2022-12-22 16:02:00+00:00,short,11077.75,11078.75,11078.5,11103.5,11053.5,11028.5,11003.5,10978.5,78.08320357051439,near_trigger,-77.08320357051439,25.0,True,True,True,False,False,max_holding_time,11009.5,11009.75,68.75,0.0,68.75,2.75,80.0,6.25,3.2,0.25,60,59.0,3,2022-12-22,2.8380952380952382,0.8968386023294509,3.421641791044776,strong_bearish,1.9175555957331405,1.428860118285799,bearish,bearish,False,True,True,False
86,81896,81897,81899,2022-12-23 14:42:00+00:00,2022-12-23 14:43:00+00:00,2022-12-23 14:45:00+00:00,long,10996.25,10996.75,10997.0,10972.0,11022.0,11047.0,11072.0,11097.0,70.03760794044665,near_trigger,68.03760794044665,25.0,False,False,False,False,True,stop,10972.0,10971.75,-25.25,0.0,-25.25,-1.01,1.75,30.25,0.07,1.21,3,2.0,0,2022-12-23,1.8933002481389578,2.13510747185261,2.1305589555283557,partial_bearish,1.9049448649479386,1.8734413179837268,bullish,bullish,True,True,False,False
87,81915,81916,81922,2022-12-23 15:01:00+00:00,2022-12-23 15:02:00+00:00,2022-12-23 15:08:00+00:00,short,10948.25,10947.25,10947.0,10972.0,10922.0,10897.0,10872.0,10847.0,71.23108595435406,near_trigger,-51.23108595435406,25.0,True,False,False,False,True,stop,10972.0,10972.25,-25.25,0.0,-25.25,-1.01,31.25,31.0,1.25,1.24,7,6.0,1,2022-12-23,0.9246231155778895,1.1755725190839696,3.5092226613965742,partial_bearish,1.6787930246228202,1.4697910591141454,bearish,bearish,True,True,False,False
88,84667,84668,84669,2022-12-28 14:53:00+00:00,2022-12-28 14:54:00+00:00,2022-12-28 14:55:00+00:00,short,10928.25,10928.0,10927.75,10952.75,10902.75,10877.75,10852.75,10827.75,73.29574468085106,near_trigger,-60.29574468085106,25.0,False,False,False,False,True,stop,10952.75,10953.0,-25.25,0.0,-25.25,-1.01,6.5,29.5,0.26,1.18,2,1.0,0,2022-12-28,2.75177304964539,2.6676994577846633,1.2023898431665423,partial_bullish,1.00446807307279,1.5647025655483509,bearish,bearish,True,True,False,False
89,84699,84700,84734,2022-12-28 15:25:00+00:00,2022-12-28 15:26:00+00:00,2022-12-28 16:00:00+00:00,short,10923.5,10923.75,10923.5,10948.5,10898.5,10873.5,10848.5,10823.5,93.9542372881356,a_plus_plus,-62.9542372881356,25.0,True,True,True,True,False,tp4,10823.5,10823.75,99.75,0.0,99.75,3.99,100.5,0.75,4.02,0.03,35,34.0,4,2022-12-28,2.8532608695652173,0.19097586568730326,0.943089430894309,partial_bearish,2.447206147424343,2.222988228400062,bearish,bearish,True,True,True,True
90,86029,86030,86072,2022-12-29 14:35:00+00:00,2022-12-29 14:36:00+00:00,2022-12-29 15:18:00+00:00,long,10906.5,10906.25,10906.5,10881.5,10931.5,10956.5,10981.5,11006.5,73.09076815321158,near_trigger,52.090768153211584,25.0,True,True,True,True,False,tp4,11006.5,11006.25,99.75,0.0,99.75,3.99,104.25,8.0,4.17,0.32,43,42.0,4,2022-12-29,1.6884422110552764,0.5861733203505355,1.603883495145631,strong_bullish,2.8608820834969246,0.9635474060034381,bullish,bullish,True,True,False,False
91,86073,86074,86133,2022-12-29 15:19:00+00:00,2022-12-29 15:20:00+00:00,2022-12-29 16:19:00+00:00,long,11011.75,11011.75,11012.0,10987.0,11037.0,11062.0,11087.0,11112.0,73.73985097636177,near_trigger,71.73985097636177,25.0,True,False,False,False,False,max_holding_time,11021.25,11021.0,9.0,0.0,9.0,0.36,26.75,22.25,1.07,0.89,60,59.0,1,2022-12-29,2.0625,0.9295774647887324,3.276595744680851,strong_bullish,0.8825216503210823,1.1373758136348064,bullish,bullish,False,True,True,False
92,88787,88788,88789,2023-01-03 14:33:00+00:00,2023-01-03 14:34:00+00:00,2023-01-03 14:35:00+00:00,long,11134.25,11134.0,11134.25,11109.25,11159.25,11184.25,11209.25,11234.25,84.34248758623568,high_probability,58.34248758623568,25.0,False,False,False,False,True,stop,11109.25,11109.0,-25.25,0.0,-25.25,-1.01,7.5,33.0,0.3,1.32,2,1.0,0,2023-01-03,0.765625,0.7878077373974208,1.1355831853167555,strong_bullish,2.888580931263858,0.9663959051963948,bullish,bullish,True,True,True,False
93,88790,88791,88802,2023-01-03 14:36:00+00:00,2023-01-03 14:37:00+00:00,2023-01-03 14:48:00+00:00,long,11103.5,11103.5,11103.75,11078.75,11128.75,11153.75,11178.75,11203.75,73.0,near_trigger,42.530819571852035,25.0,True,True,True,False,True,stop,11078.75,11078.5,-25.25,0.0,-25.25,-1.01,78.0,44.75,3.12,1.79,12,11.0,3,2023-01-03,0.7494949494949495,0.24778761061946905,1.1355831853167555,partial_bullish,1.5733402885059085,0.8392551369863014,bullish,bullish,True,True,True,False
94,90164,90165,90166,2023-01-04 14:30:00+00:00,2023-01-04 14:31:00+00:00,2023-01-04 14:32:00+00:00,long,11006.5,11006.0,11006.25,10981.25,11031.25,11056.25,11081.25,11106.25,70.0,near_trigger,28.50958142517272,25.0,False,False,False,False,True,stop,10981.25,10981.0,-25.25,0.0,-25.25,-1.01,16.5,31.25,0.66,1.25,2,1.0,0,2023-01-04,1.0866425992779785,1.5272727272727273,0.9319826338639653,partial_bullish,12.450364413169138,1.3175269110323597,bullish,bullish,False,True,True,False
95,90167,90168,90194,2023-01-04 14:33:00+00:00,2023-01-04 14:34:00+00:00,2023-01-04 15:00:00+00:00,long,10965.75,10966.0,10966.25,10941.25,10991.25,11016.25,11041.25,11066.25,70.0,near_trigger,42.255149021459474,25.0,True,True,True,False,True,stop,10941.25,10941.0,-25.25,0.0,-25.25,-1.01,80.5,42.75,3.22,1.71,27,26.0,3,2023-01-04,4.885026737967914,1.5272727272727273,0.9319826338639653,partial_bullish,3.437009595842659,1.2873758154504369,bullish,bullish,False,True,True,False
96,92927,92928,92930,2023-01-06 14:33:00+00:00,2023-01-06 14:34:00+00:00,2023-01-06 14:36:00+00:00,long,10920.75,10920.5,10920.75,10895.75,10945.75,10970.75,10995.75,11020.75,75.4,near_trigger,62.400000000000006,25.0,False,False,False,False,True,stop,10895.75,10895.5,-25.25,0.0,-25.25,-1.01,24.25,29.25,0.97,1.17,3,2.0,0,2023-01-06,2.0597014925373136,0.893735130848533,2.5221465076660987,partial_bullish,3.079985072770245,1.6216165642162779,bullish,bullish,True,True,False,False
97,92945,92946,92966,2023-01-06 14:51:00+00:00,2023-01-06 14:52:00+00:00,2023-01-06 15:12:00+00:00,long,10812.5,10812.25,10812.5,10787.5,10837.5,10862.5,10887.5,10912.5,81.1552923618144,high_probability,50.1552923618144,25.0,True,True,True,True,False,tp4,10912.5,10912.25,99.75,0.0,99.75,3.99,105.0,11.25,4.2,0.45,21,20.0,4,2023-01-06,0.6863813229571984,1.8269947800149142,0.4768392370572207,partial_bullish,0.8420661091996366,1.525700510640504,bullish,bullish,False,False,True,False
98,92969,92970,92981,2023-01-06 15:15:00+00:00,2023-01-06 15:16:00+00:00,2023-01-06 15:27:00+00:00,long,10909.0,10908.75,10909.0,10884.0,10934.0,10959.0,10984.0,11009.0,74.61671282551954,near_trigger,53.61671282551954,25.0,True,False,False,False,True,stop,10884.0,10883.75,-25.25,0.0,-25.25,-1.01,33.5,25.75,1.34,1.03,12,11.0,1,2023-01-06,0.5707226683137739,1.7949932341001353,0.8195890796509991,partial_bullish,1.2000992273132367,1.899706216003956,bullish,bullish,False,True,True,False
99,95685,95686,95687,2023-01-10 14:31:00+00:00,2023-01-10 14:32:00+00:00,2023-01-10 14:33:00+00:00,short,11181.75,11181.75,11181.5,11206.5,11156.5,11131.5,11106.5,11081.5,70.0,near_trigger,-36.122837989151776,25.0,False,False,False,False,True,stop,11206.5,11206.75,-25.25,0.0,-25.25,-1.01,8.25,29.5,0.33,1.18,2,1.0,0,2023-01-10,2.241573033707865,1.220125786163522,0.8134556574923547,partial_bullish,5.35319041295137,1.2309683423735223,bearish,neutral,True,False,True,False
100,95688,95689,95726,2023-01-10 14:34:00+00:00,2023-01-10 14:35:00+00:00,2023-01-10 15:12:00+00:00,short,11239.25,11240.0,11239.75,11264.75,11214.75,11189.75,11164.75,11139.75,78.0,near_trigger,-44.8,25.0,True,True,True,False,True,stop,11264.75,11265.0,-25.25,0.0,-25.25,-1.01,97.5,27.25,3.9,1.09,38,37.0,3,2023-01-10,5.460992907801418,1.220125786163522,0.8134556574923547,partial_bullish,4.273550168763425,2.032951995183097,bearish,bearish,True,False,True,False
101,95730,95731,95732,2023-01-10 15:16:00+00:00,2023-01-10 15:17:00+00:00,2023-01-10 15:18:00+00:00,long,11282.25,11282.0,11282.25,11257.25,11307.25,11332.25,11357.25,11382.25,87.53808574277168,high_probability,74.53808574277168,25.0,False,False,False,False,True,stop,11257.25,11257.0,-25.25,0.0,-25.25,-1.01,0.25,26.75,0.01,1.07,2,1.0,0,2023-01-10,3.1545363908275177,1.6014975041597337,2.9365014338385906,strong_bullish,1.5026849810638179,2.2158873051596233,bullish,bullish,False,True,True,False
102,95739,95740,95743,2023-01-10 15:25:00+00:00,2023-01-10 15:26:00+00:00,2023-01-10 15:29:00+00:00,long,11247.75,11247.5,11247.75,11222.75,11272.75,11297.75,11322.75,11347.75,80.64380165289256,high_probability,49.64380165289256,25.0,False,False,False,False,True,stop,11222.75,11222.5,-25.25,0.0,-25.25,-1.01,2.75,49.25,0.11,1.97,4,3.0,0,2023-01-10,0.578512396694215,0.5739549839228295,2.9365014338385906,strong_bullish,1.0117357446652935,1.5020263424518745,bullish,bullish,False,True,True,False
103,97071,97072,97075,2023-01-11 14:37:00+00:00,2023-01-11 14:38:00+00:00,2023-01-11 14:41:00+00:00,long,11352.5,11352.5,11352.75,11327.75,11377.75,11402.75,11427.75,11452.75,73.73740932642487,near_trigger,52.73740932642487,25.0,False,False,False,False,True,stop,11327.75,11327.5,-25.25,0.0,-25.25,-1.01,3.5,28.0,0.14,1.12,4,3.0,0,2023-01-11,3.206217616580311,0.3218390804597701,0.6953199617956064,partial_bullish,2.38525390625,1.5179899229796017,bullish,bullish,True,True,False,False
104,98444,98445,98446,2023-01-12 14:30:00+00:00,2023-01-12 14:31:00+00:00,2023-01-12 14:32:00+00:00,long,11515.25,11514.75,11515.0,11490.0,11540.0,11565.0,11590.0,11615.0,73.97670504871567,near_trigger,40.97670504871567,25.0,False,False,False,False,True,stop,11490.0,11489.75,-25.25,0.0,-25.25,-1.01,3.5,60.25,0.14,2.41,2,1.0,0,2023-01-12,1.50044286979628,1.1389713155291792,0.23658464275126,partial_bearish,4.1936086131250585,1.6234122132347184,neutral,bullish,False,True,True,False
105,98457,98458,98475,2023-01-12 14:43:00+00:00,2023-01-12 14:44:00+00:00,2023-01-12 15:01:00+00:00,short,11371.5,11371.5,11371.25,11396.25,11346.25,11321.25,11296.25,11271.25,72.48652849740932,near_trigger,-43.486528497409324,25.0,True,True,False,False,True,stop,11396.25,11396.5,-25.25,0.0,-25.25,-1.01,60.25,30.75,2.41,1.23,18,17.0,2,2023-01-12,2.6295336787564767,0.5059782608695652,0.23658464275126,strong_bearish,1.2130217028380634,2.0130769657006704,neutral,bearish,False,True,True,False
106,98502,98503,98509,2023-01-12 15:28:00+00:00,2023-01-12 15:29:00+00:00,2023-01-12 15:35:00+00:00,short,11461.5,11462.0,11461.75,11486.75,11436.75,11411.75,11386.75,11361.75,90.19368421052631,a_plus_plus,-89.19368421052631,25.0,True,False,False,False,True,stop,11486.75,11487.0,-25.25,0.0,-25.25,-1.01,28.5,26.0,1.14,1.04,7,6.0,1,2023-01-12,0.9087719298245613,2.2875237492083595,0.7911620990014872,partial_bearish,1.111919340730169,2.3790854823775094,bearish,bearish,True,False,True,False
107,101210,101211,101244,2023-01-16 14:36:00+00:00,2023-01-16 14:37:00+00:00,2023-01-16 15:10:00+00:00,long,11607.5,11608.25,11608.5,11586.5,11633.5,11658.5,11683.5,11708.5,78.99858155994106,near_trigger,78.99858155994106,22.0,False,False,False,False,True,stop,11586.5,11586.25,-22.25,0.0,-22.25,-1.0113636363636365,1.25,27.0,0.056818181818181816,1.2272727272727273,34,33.0,0,2023-01-16,1.0996978851963746,0.717948717948718,0.9164345403899722,strong_bullish,1.6684089483587705,0.1548777765917185,bullish,bullish,True,True,True,False
108,103765,103766,103772,2023-01-18 15:11:00+00:00,2023-01-18 15:12:00+00:00,2023-01-18 15:18:00+00:00,long,11727.5,11727.75,11728.0,11703.0,11753.0,11778.0,11803.0,11828.0,75.0,near_trigger,33.959533337942446,25.0,False,False,False,False,True,stop,11703.0,11702.75,-25.25,0.0,-25.25,-1.01,10.0,34.25,0.4,1.37,7,6.0,0,2023-01-18,1.742971887550201,1.8704839809134286,2.0552188552188553,partial_bullish,0.8394068283710772,1.05279852360218,bullish,bullish,True,True,True,True
109,105117,105118,105177,2023-01-19 14:43:00+00:00,2023-01-19 14:44:00+00:00,2023-01-19 15:43:00+00:00,short,11403.5,11404.0,11403.75,11428.75,11378.75,11353.75,11328.75,11303.75,95.16964348053972,a_plus_plus,-78.16964348053972,25.0,True,True,False,False,False,max_holding_time,11366.0,11366.25,37.5,0.0,37.5,1.5,54.75,14.0,2.19,0.56,60,59.0,2,2023-01-19,1.893967093235832,2.6744186046511627,1.9154228855721394,partial_bullish,1.5203375923103972,1.2985907736977798,bearish,bearish,True,True,True,True
110,106484,106485,106489,2023-01-20 14:30:00+00:00,2023-01-20 14:31:00+00:00,2023-01-20 14:35:00+00:00,long,11411.0,11411.0,11411.25,11386.25,11436.25,11461.25,11486.25,11511.25,70.0,near_trigger,35.169622789710985,25.0,False,False,False,False,True,stop,11386.25,11386.0,-25.25,0.0,-25.25,-1.01,8.0,25.75,0.32,1.03,5,4.0,0,2023-01-20,3.579908675799087,0.9290123456790124,0.6932185145317545,partial_bearish,10.821148825065274,1.0253143419075126,bullish,bullish,False,True,True,False
111,106494,106495,106554,2023-01-20 14:40:00+00:00,2023-01-20 14:41:00+00:00,2023-01-20 15:40:00+00:00,long,11421.5,11421.5,11421.75,11396.75,11446.75,11471.75,11496.75,11521.75,70.60048145914739,near_trigger,57.60048145914739,25.0,True,True,True,False,False,max_holding_time,11474.25,11474.0,52.25,0.0,52.25,2.09,76.5,5.75,3.06,0.23,60,59.0,3,2023-01-20,1.9228149829738932,1.0831408775981526,0.6932185145317545,partial_bearish,1.5593209612859336,0.895202455993751,bullish,bullish,True,False,False,False
112,107865,107866,107881,2023-01-23 14:31:00+00:00,2023-01-23 14:32:00+00:00,2023-01-23 14:47:00+00:00,long,11678.75,11679.25,11679.5,11654.5,11704.5,11729.5,11754.5,11779.5,78.0,near_trigger,71.6142223240102,25.0,True,True,True,True,False,tp4,11779.5,11779.25,99.75,0.0,99.75,3.99,106.0,5.0,4.24,0.2,16,15.0,4,2023-01-23,3.1283185840707968,0.9634831460674158,0.02676864244741874,partial_bearish,7.096594392731732,0.9112249864017635,bullish,bullish,True,True,True,False
113,107900,107901,107958,2023-01-23 15:06:00+00:00,2023-01-23 15:07:00+00:00,2023-01-23 16:04:00+00:00,long,11798.5,11798.75,11799.0,11774.0,11824.0,11849.0,11874.0,11899.0,80.8180834889016,high_probability,80.8180834889016,25.0,True,True,True,True,False,tp4,11899.0,11898.75,99.75,0.0,99.75,3.99,117.25,4.75,4.69,0.19,58,57.0,4,2023-01-23,1.589519650655022,3.4975438596491224,3.465,partial_bullish,0.7911699586637145,0.9460464024414101,bullish,bullish,True,True,True,False
114,109249,109250,109250,2023-01-24 14:35:00+00:00,2023-01-24 14:36:00+00:00,2023-01-24 14:36:00+00:00,short,11863.5,11863.5,11863.25,11885.5,11838.25,11813.25,11788.25,11763.25,70.19727862058029,near_trigger,-70.19727862058029,22.25,False,False,False,False,True,stop,11885.5,11885.75,-22.5,0.0,-22.5,-1.0112359550561798,0.25,22.75,0.011235955056179775,1.0224719101123596,1,0.0,0,2023-01-24,1.4636363636363636,1.2901023890784984,1.2552742616033756,partial_bullish,1.9227886963038172,0.6250049110896333,bearish,bearish,True,True,False,False
115,109271,109272,109289,2023-01-24 14:57:00+00:00,2023-01-24 14:58:00+00:00,2023-01-24 15:15:00+00:00,short,11906.25,11906.75,11906.5,11931.5,11881.5,11856.5,11831.5,11806.5,91.27523709167545,a_plus_plus,-60.27523709167545,25.0,True,True,False,False,True,stop,11931.5,11931.75,-25.25,0.0,-25.25,-1.01,68.5,30.25,2.74,1.21,18,17.0,2,2023-01-24,1.386722866174921,3.782041442824252,0.7075812274368232,partial_bullish,1.1980543186515975,1.90671031096563,bearish,bearish,True,True,True,True
116,110624,110625,110634,2023-01-25 14:30:00+00:00,2023-01-25 14:31:00+00:00,2023-01-25 14:40:00+00:00,short,11688.0,11688.5,11688.25,11713.25,11663.25,11638.25,11613.25,11588.25,82.45840350163608,high_probability,-81.45840350163608,25.0,True,False,False,False,True,stop,11713.25,11713.5,-25.25,0.0,-25.25,-1.01,29.5,27.25,1.18,1.09,10,9.0,1,2023-01-25,2.5251989389920424,0.6479663394109396,2.124661246612466,partial_bearish,14.355522313637497,1.0486695846967333,bearish,bearish,False,True,True,False
117,113443,113444,113460,2023-01-27 15:29:00+00:00,2023-01-27 15:30:00+00:00,2023-01-27 15:46:00+00:00,long,12167.25,12167.25,12167.5,12142.5,12192.5,12217.5,12242.5,12267.5,87.59866587472722,high_probability,87.59866587472722,25.0,False,False,False,False,True,stop,12142.5,12142.25,-25.25,0.0,-25.25,-1.01,14.25,37.0,0.57,1.48,17,16.0,0,2023-01-27,0.9051724137931034,0.8500619578686492,3.679715302491103,strong_bullish,1.1726972035682068,1.4687158151462438,bullish,bullish,True,True,True,True
118,116148,116149,116150,2023-01-31 14:34:00+00:00,2023-01-31 14:35:00+00:00,2023-01-31 14:36:00+00:00,long,12024.25,12024.75,12025.0,12000.0,12050.0,12075.0,12100.0,12125.0,76.40014437287641,near_trigger,51.40014437287641,25.0,False,False,False,False,True,stop,12000.0,11999.75,-25.25,0.0,-25.25,-1.01,3.0,26.0,0.12,1.04,2,1.0,0,2023-01-31,3.4956085319949812,1.632340425531915,2.0591357088703566,partial_bullish,3.3912429378531073,1.289947080471709,bullish,bullish,True,True,False,False
119,116189,116190,116249,2023-01-31 15:15:00+00:00,2023-01-31 15:16:00+00:00,2023-01-31 16:15:00+00:00,long,12034.25,12034.0,12034.25,12009.25,12059.25,12084.25,12109.25,12134.25,76.92710047552332,near_trigger,70.92710047552332,25.0,True,True,False,False,False,max_holding_time,12076.25,12076.0,41.75,0.0,41.75,1.67,58.0,14.75,2.32,0.59,60,59.0,2,2023-01-31,1.6439393939393938,0.24856046065259116,0.9492833517089304,partial_bullish,0.9168482624154146,1.0239135168368065,bullish,bullish,True,True,True,False
120,117532,117533,117592,2023-02-01 14:38:00+00:00,2023-02-01 14:39:00+00:00,2023-02-01 15:38:00+00:00,long,12128.25,12128.5,12128.75,12103.75,12153.75,12178.75,12203.75,12228.75,70.7260269344348,near_trigger,51.7260269344348,25.0,True,False,False,False,False,max_holding_time,12134.25,12134.0,5.25,0.0,5.25,0.21,29.0,21.25,1.16,0.85,60,59.0,1,2023-02-01,0.38213399503722084,2.3264705882352943,0.3425531914893617,partial_bullish,1.5511702615878844,0.7553532973060827,bullish,bullish,True,True,False,False
121,118926,118927,118933,2023-02-02 14:52:00+00:00,2023-02-02 14:53:00+00:00,2023-02-02 14:59:00+00:00,long,12699.5,12699.5,12699.75,12674.75,12724.75,12749.75,12774.75,12799.75,71.21707236842106,near_trigger,67.21707236842106,25.0,False,False,False,False,True,stop,12674.75,12674.5,-25.25,0.0,-25.25,-1.01,20.25,30.75,0.81,1.23,7,6.0,0,2023-02-02,1.5531249999999999,2.351145038167939,3.1149354640442533,partial_bullish,1.219738313469497,1.7148615963450686,bullish,bullish,True,True,False,False
122,118951,118952,118976,2023-02-02 15:17:00+00:00,2023-02-02 15:18:00+00:00,2023-02-02 15:42:00+00:00,long,12711.75,12711.75,12712.0,12687.0,12737.0,12762.0,12787.0,12812.0,83.33943161634103,high_probability,82.33943161634103,25.0,True,True,True,True,False,tp4,12812.0,12811.75,99.75,0.0,99.75,3.99,104.75,6.75,4.19,0.27,25,24.0,4,2023-02-02,1.492007104795737,1.1753086419753087,0.6784140969162996,partial_bullish,1.5412598834403652,1.7793014784658239,bullish,bullish,False,True,True,False
123,120285,120286,120300,2023-02-03 14:31:00+00:00,2023-02-03 14:32:00+00:00,2023-02-03 14:46:00+00:00,long,12607.75,12607.75,12608.0,12583.0,12633.0,12658.0,12683.0,12708.0,76.9581081081081,near_trigger,21.958108108108107,25.0,True,True,True,True,False,tp4,12708.0,12707.75,99.75,0.0,99.75,3.99,107.75,12.0,4.31,0.48,15,14.0,4,2023-02-03,2.9954954954954953,0.49079754601226994,4.299915038232795,partial_bearish,5.912300055157198,1.556749691380437,neutral,neutral,True,True,True,False
124,120330,120331,120390,2023-02-03 15:16:00+00:00,2023-02-03 15:17:00+00:00,2023-02-03 16:16:00+00:00,long,12773.0,12772.5,12772.75,12747.75,12797.75,12822.75,12847.75,12872.75,77.96698168930892,near_trigger,48.96698168930892,25.0,True,True,True,False,False,max_holding_time,12830.25,12830.0,57.25,0.0,57.25,2.29,84.5,13.75,3.38,0.55,60,59.0,3,2023-02-03,2.604843473124631,0.582903463522476,2.761563712324679,strong_bullish,1.4773184836153352,2.3971641064850213,neutral,bullish,True,True,True,True
125,121671,121672,121676,2023-02-06 14:37:00+00:00,2023-02-06 14:38:00+00:00,2023-02-06 14:42:00+00:00,short,12524.25,12524.25,12524.0,12549.0,12499.0,12474.0,12449.0,12424.0,74.88798042980065,near_trigger,-43.88798042980065,25.0,False,False,False,False,True,stop,12549.0,12549.25,-25.25,0.0,-25.25,-1.01,5.0,32.75,0.2,1.31,5,4.0,0,2023-02-06,2.2114014251781473,3.1383763837638377,0.37454808387563265,partial_bearish,2.43321475130919,1.1637762489035437,bearish,bearish,True,True,False,False
126,121705,121706,121765,2023-02-06 15:11:00+00:00,2023-02-06 15:12:00+00:00,2023-02-06 16:11:00+00:00,short,12554.75,12555.5,12555.25,12580.25,12530.25,12505.25,12480.25,12455.25,72.87838049566129,near_trigger,-28.87838049566129,25.0,True,True,True,False,False,max_holding_time,12540.5,12540.75,14.5,0.0,14.5,0.58,98.75,22.25,3.95,0.89,60,59.0,3,2023-02-06,0.5,1.752988047808765,1.4148061104582843,partial_bullish,1.2534972141849399,1.3996769154773507,neutral,bearish,True,True,True,True
127,123046,123047,123054,2023-02-07 14:32:00+00:00,2023-02-07 14:33:00+00:00,2023-02-07 14:40:00+00:00,short,12509.5,12509.5,12509.25,12534.25,12484.25,12459.25,12434.25,12409.25,86.3979278724137,high_probability,-47.3979278724137,25.0,False,False,False,False,True,stop,12534.25,12534.5,-25.25,0.0,-25.25,-1.01,20.75,27.0,0.83,1.08,8,7.0,0,2023-02-07,0.7521663778162911,0.7170294494238156,2.5045871559633026,partial_bearish,4.81253272119528,0.8457602287445238,bearish,bearish,True,True,True,False
128,125832,125833,125838,2023-02-09 14:58:00+00:00,2023-02-09 14:59:00+00:00,2023-02-09 15:04:00+00:00,long,12671.25,12671.5,12671.75,12650.0,12696.75,12721.75,12746.75,12771.75,70.0,near_trigger,48.77428851815505,21.75,False,False,False,False,True,stop,12650.0,12649.75,-22.0,0.0,-22.0,-1.0114942528735633,11.5,25.0,0.5287356321839081,1.1494252873563218,6,5.0,0,2023-02-09,0.6045142296368988,2.3451263537906137,1.6019900497512438,strong_bearish,1.045443545417241,1.607871059615509,bullish,bullish,False,False,True,True
129,125858,125859,125860,2023-02-09 15:24:00+00:00,2023-02-09 15:25:00+00:00,2023-02-09 15:26:00+00:00,long,12668.0,12668.25,12668.5,12643.5,12693.5,12718.5,12743.5,12768.5,70.0,near_trigger,15.0,25.0,False,False,False,False,True,stop,12643.5,12643.25,-25.25,0.0,-25.25,-1.01,0.0,26.5,0.0,1.06,2,1.0,0,2023-02-09,1.7971758664955069,0.8768898488120951,0.945835760046593,partial_bearish,1.8140864870045847,1.7947056499407348,bullish,neutral,True,True,True,False
130,127194,127195,127199,2023-02-10 14:40:00+00:00,2023-02-10 14:41:00+00:00,2023-02-10 14:45:00+00:00,short,12322.5,12322.75,12322.5,12347.5,12297.5,12272.5,12247.5,12222.5,70.94945454545454,near_trigger,-31.949454545454543,25.0,False,False,False,False,True,stop,12347.5,12347.75,-25.25,0.0,-25.25,-1.01,10.75,47.0,0.43,1.88,5,4.0,0,2023-02-10,3.449090909090909,1.2330960854092525,0.5380557648831952,partial_bullish,2.538837236671766,1.560920018451019,bearish,bearish,True,True,True,False
131,127222,127223,127224,2023-02-10 15:08:00+00:00,2023-02-10 15:09:00+00:00,2023-02-10 15:10:00+00:00,short,12339.25,12339.0,12338.75,12363.75,12313.75,12288.75,12263.75,12238.75,70.0,near_trigger,-20.423338735818476,25.0,False,False,False,False,True,stop,12363.75,12364.0,-25.25,0.0,-25.25,-1.01,14.0,39.5,0.56,1.58,2,1.0,0,2023-02-10,2.2576985413290114,1.6424581005586592,0.23571858087793143,partial_bullish,1.3101069737534343,1.6384957304947947,bearish,bearish,False,True,True,False
132,129955,129956,129957,2023-02-14 14:41:00+00:00,2023-02-14 14:42:00+00:00,2023-02-14 14:43:00+00:00,long,12502.25,12503.0,12503.25,12478.25,12528.25,12553.25,12578.25,12603.25,70.13306772908366,near_trigger,37.13306772908366,25.0,False,False,False,False,True,stop,12478.25,12478.0,-25.25,0.0,-25.25,-1.01,3.5,28.5,0.14,1.14,2,1.0,0,2023-02-14,1.00398406374502,0.13193717277486913,2.380054966627405,partial_bullish,1.7994270442790947,1.9774763353617308,neutral,neutral,True,True,True,False
133,129959,129960,129977,2023-02-14 14:45:00+00:00,2023-02-14 14:46:00+00:00,2023-02-14 15:03:00+00:00,long,12534.25,12534.0,12534.25,12509.25,12559.25,12584.25,12609.25,12634.25,71.75926358854471,near_trigger,30.759263588544712,25.0,True,True,True,True,False,tp4,12634.25,12634.0,99.75,0.0,99.75,3.99,109.75,15.75,4.39,0.63,18,17.0,4,2023-02-14,2.0619520748100526,0.20244215938303342,1.5308808639892002,partial_bullish,1.515629377626576,1.697416312552669,neutral,neutral,True,True,True,True
134,131326,131327,131334,2023-02-15 14:32:00+00:00,2023-02-15 14:33:00+00:00,2023-02-15 14:40:00+00:00,long,12592.5,12593.25,12593.5,12568.5,12618.5,12643.5,12668.5,12693.5,80.26687083263128,high_probability,67.26687083263128,25.0,False,False,False,False,True,stop,12568.5,12568.25,-25.25,0.0,-25.25,-1.01,16.5,29.25,0.66,1.17,8,7.0,0,2023-02-15,3.3980582524271843,0.6648044692737429,0.7348066298342542,partial_bearish,3.225993449465233,0.8066503355607416,bullish,bullish,False,True,True,False
135,131343,131344,131345,2023-02-15 14:49:00+00:00,2023-02-15 14:50:00+00:00,2023-02-15 14:51:00+00:00,long,12628.0,12628.0,12628.25,12603.25,12653.25,12678.25,12703.25,12728.25,70.15898832653849,near_trigger,68.15898832653849,25.0,False,False,False,False,True,stop,12603.25,12603.0,-25.25,0.0,-25.25,-1.01,3.25,25.75,0.13,1.03,2,1.0,0,2023-02-15,1.5665198237885463,0.9747899159663865,0.49542403904820015,strong_bullish,0.9188428006378265,1.1136209622769369,bullish,bullish,True,True,True,False
136,131347,131348,131361,2023-02-15 14:53:00+00:00,2023-02-15 14:54:00+00:00,2023-02-15 15:07:00+00:00,long,12564.25,12564.25,12564.5,12539.5,12589.5,12614.5,12639.5,12664.5,70.0,near_trigger,34.0,25.0,True,False,False,False,True,stop,12539.5,12539.25,-25.25,0.0,-25.25,-1.01,25.5,25.0,1.02,1.0,14,13.0,1,2023-02-15,2.304526748971193,2.6361974405850095,0.49542403904820015,partial_bullish,1.974370937815345,2.1039729892234402,bullish,bullish,False,False,True,False
137,131367,131368,131427,2023-02-15 15:13:00+00:00,2023-02-15 15:14:00+00:00,2023-02-15 16:13:00+00:00,long,12562.25,12561.75,12562.0,12537.0,12587.0,12612.0,12637.0,12662.0,82.85224045739372,high_probability,76.85224045739372,25.0,True,True,False,False,False,max_holding_time,12601.25,12601.0,39.0,0.0,39.0,1.56,56.75,6.0,2.27,0.24,60,59.0,2,2023-02-15,1.1538461538461537,1.3776223776223777,0.5845360824742267,partial_bearish,1.1036419521040177,1.4473798683409216,bullish,bullish,True,True,True,False
138,132712,132713,132766,2023-02-16 14:38:00+00:00,2023-02-16 14:39:00+00:00,2023-02-16 15:32:00+00:00,long,12528.25,12528.5,12528.75,12503.75,12553.75,12578.75,12603.75,12628.75,78.88819965842812,near_trigger,66.88819965842812,25.0,True,True,True,True,False,tp4,12628.75,12628.5,99.75,0.0,99.75,3.99,101.5,2.0,4.06,0.08,54,53.0,4,2023-02-16,1.1211498973305956,0.19189511323003575,5.380427738172392,strong_bearish,1.7764948453608247,1.1568330486901042,neutral,bullish,True,True,True,False
139,134085,134086,134087,2023-02-17 14:31:00+00:00,2023-02-17 14:32:00+00:00,2023-02-17 14:33:00+00:00,short,12385.0,12385.25,12385.0,12410.0,12360.0,12335.0,12310.0,12285.0,87.80516669380557,high_probability,-60.805166693805575,25.0,False,False,False,False,True,stop,12410.0,12410.25,-25.25,0.0,-25.25,-1.01,0.25,25.5,0.01,1.02,2,1.0,0,2023-02-17,3.3180873180873185,0.375,0.7652733118971061,partial_bearish,3.903432228039558,0.6416929655586978,bearish,bearish,True,True,True,True
140,134088,134089,134103,2023-02-17 14:34:00+00:00,2023-02-17 14:35:00+00:00,2023-02-17 14:49:00+00:00,short,12414.25,12415.0,12414.75,12439.75,12389.75,12364.75,12339.75,12314.75,78.0,near_trigger,-47.62429184549356,25.0,True,True,True,True,False,tp4,12314.75,12315.0,99.75,0.0,99.75,3.99,103.0,8.75,4.12,0.35,15,14.0,4,2023-02-17,2.1728,0.375,0.7652733118971061,partial_bullish,1.7045848250375333,0.5630901287553648,bearish,bearish,True,True,True,True
141,134107,134108,134114,2023-02-17 14:53:00+00:00,2023-02-17 14:54:00+00:00,2023-02-17 15:00:00+00:00,short,12310.0,12310.25,12310.0,12332.0,12285.0,12260.0,12235.0,12210.0,70.37642203474407,near_trigger,-70.37642203474407,22.0,False,False,False,False,True,stop,12332.0,12332.25,-22.25,0.0,-22.25,-1.0113636363636365,14.0,28.25,0.6363636363636364,1.2840909090909092,7,6.0,0,2023-02-17,0.39351351351351355,3.795180722891566,0.7593220338983051,strong_bearish,0.9117911791179117,0.8699012451696007,bearish,bearish,False,True,True,False
142,135466,135467,135526,2023-02-20 14:32:00+00:00,2023-02-20 14:33:00+00:00,2023-02-20 15:32:00+00:00,short,12386.5,12386.75,12386.5,12411.5,12361.5,12336.5,12311.5,12286.5,84.34192764031789,high_probability,-84.34192764031789,25.0,False,False,False,False,False,max_holding_time,12377.75,12378.0,8.5,0.0,8.5,0.34,15.5,6.5,0.62,0.26,60,59.0,0,2023-02-20,2.8170731707317076,0.224,1.0059880239520957,strong_bearish,4.62848751835536,0.11827303359824691,bearish,bearish,False,True,True,False
143,136622,136623,136682,2023-02-21 14:48:00+00:00,2023-02-21 14:49:00+00:00,2023-02-21 15:48:00+00:00,short,12252.5,12253.0,12252.75,12277.75,12227.75,12202.75,12177.75,12152.75,82.50105134933838,high_probability,-69.50105134933838,25.0,True,True,False,False,False,max_holding_time,12189.75,12190.0,62.75,0.0,62.75,2.51,71.75,16.25,2.87,0.65,60,59.0,2,2023-02-21,1.7230769230769232,2.6162402669632927,1.4220472440944882,partial_bullish,1.5599013767439012,1.1521581757307031,bearish,bearish,False,True,True,False
144,137984,137985,138016,2023-02-22 14:30:00+00:00,2023-02-22 14:31:00+00:00,2023-02-22 15:02:00+00:00,long,12132.0,12131.75,12132.0,12107.0,12157.0,12182.0,12207.0,12232.0,71.32963201805651,near_trigger,71.32963201805651,25.0,True,False,False,False,True,stop,12107.0,12106.75,-25.25,0.0,-25.25,-1.01,42.5,37.0,1.7,1.48,32,31.0,1,2023-02-22,0.9333333333333333,0.7852564102564102,0.45417680454176806,partial_bearish,13.00480161738691,0.6913600150470893,neutral,bullish,True,True,True,False
145,139409,139410,139425,2023-02-23 15:15:00+00:00,2023-02-23 15:16:00+00:00,2023-02-23 15:31:00+00:00,long,12192.0,12191.75,12192.0,12167.0,12217.0,12242.0,12267.0,12292.0,81.49110070799932,high_probability,49.49110070799932,25.0,False,False,False,False,True,stop,12167.0,12166.75,-25.25,0.0,-25.25,-1.01,8.0,41.0,0.32,1.64,16,15.0,0,2023-02-23,1.336870026525199,1.896305897602074,1.0329171396140748,partial_bearish,0.9232679700811506,0.9525795926880503,bullish,bullish,True,False,True,False
146,140778,140779,140838,2023-02-24 15:04:00+00:00,2023-02-24 15:05:00+00:00,2023-02-24 16:04:00+00:00,short,11980.25,11980.25,11980.0,12005.0,11955.0,11930.0,11905.0,11880.0,72.15180633941013,near_trigger,-47.15180633941013,25.0,True,True,False,False,False,max_holding_time,11926.25,11926.5,53.5,0.0,53.5,2.14,57.25,8.5,2.29,0.34,60,59.0,2,2023-02-24,0.3452914798206278,1.6686046511627906,0.09801633605600933,partial_bearish,0.8335207057547582,0.9202418153675419,bearish,bearish,True,False,True,False
147,142146,142147,142191,2023-02-27 14:52:00+00:00,2023-02-27 14:53:00+00:00,2023-02-27 15:37:00+00:00,long,12127.25,12127.0,12127.25,12104.5,12152.25,12177.25,12202.25,12227.25,72.1412680984556,near_trigger,58.1412680984556,22.75,True,True,False,False,True,stop,12104.5,12104.25,-23.0,0.0,-23.0,-1.010989010989011,62.25,24.75,2.7362637362637363,1.0879120879120878,45,44.0,2,2023-02-27,0.47395833333333337,1.3290183387270766,1.9580419580419581,partial_bullish,1.0764214104832277,0.7987129987129987,bullish,neutral,True,True,True,False
148,143513,143514,143573,2023-02-28 14:39:00+00:00,2023-02-28 14:40:00+00:00,2023-02-28 15:39:00+00:00,long,12073.75,12073.5,12073.75,12048.75,12098.75,12123.75,12148.75,12173.75,83.53785653852078,high_probability,55.537856538520785,25.0,True,True,False,False,False,max_holding_time,12079.25,12079.0,5.25,0.0,5.25,0.21,50.5,14.75,2.02,0.59,60,59.0,2,2023-02-28,2.0,2.7573062261753494,3.0114942528735633,partial_bearish,1.244707654744279,0.588365297252167,bullish,bullish,True,True,True,False
149,146321,146322,146381,2023-03-02 15:27:00+00:00,2023-03-02 15:28:00+00:00,2023-03-02 16:27:00+00:00,long,11915.25,11915.5,11915.75,11890.75,11940.75,11965.75,11990.75,12015.75,72.6,near_trigger,21.599999999999994,25.0,False,False,False,False,False,max_holding_time,11898.0,11897.75,-18.0,0.0,-18.0,-0.72,23.0,19.75,0.92,0.79,60,59.0,0,2023-03-02,2.0834492350486786,0.057731958762886594,2.671988388969521,partial_bullish,2.0541042775971126,2.0927692419718924,neutral,neutral,True,True,True,False
150,150456,150457,150493,2023-03-07 15:22:00+00:00,2023-03-07 15:23:00+00:00,2023-03-07 15:59:00+00:00,long,12245.25,12245.0,12245.25,12220.25,12270.25,12295.25,12320.25,12345.25,71.0,near_trigger,26.0,25.0,True,True,False,False,True,stop,12220.25,12220.0,-25.25,0.0,-25.25,-1.01,73.75,32.5,2.95,1.3,37,36.0,2,2023-03-07,1.9683168316831685,5.228710462287104,4.753196930946292,partial_bearish,1.7596760127108872,3.2616733867221614,neutral,bullish,True,True,False,False
151,151789,151790,151814,2023-03-08 14:35:00+00:00,2023-03-08 14:36:00+00:00,2023-03-08 15:00:00+00:00,long,12178.0,12177.25,12177.5,12152.5,12202.5,12227.5,12252.5,12277.5,78.0,near_trigger,71.41814600698811,25.0,False,False,False,False,True,stop,12152.5,12152.25,-25.25,0.0,-25.25,-1.01,12.0,52.5,0.48,2.1,25,24.0,0,2023-03-08,2.771573604060914,0.3181818181818182,0.7012302284710017,partial_bullish,2.4581305788578085,0.9221430811270885,bullish,bullish,True,True,True,False
152,151825,151826,151832,2023-03-08 15:11:00+00:00,2023-03-08 15:12:00+00:00,2023-03-08 15:18:00+00:00,long,12176.5,12176.5,12176.75,12151.75,12201.75,12226.75,12251.75,12276.75,71.0,near_trigger,46.95198237885462,25.0,False,False,False,False,True,stop,12151.75,12151.5,-25.25,0.0,-25.25,-1.01,11.25,29.25,0.45,1.17,7,6.0,0,2023-03-08,1.120411160058737,0.434589800443459,0.45062179956108267,partial_bullish,1.3486292300679417,1.5700693681058338,bullish,bullish,True,True,True,True
153,153169,153170,153229,2023-03-09 14:35:00+00:00,2023-03-09 14:36:00+00:00,2023-03-09 15:35:00+00:00,long,12281.75,12281.5,12281.75,12256.75,12306.75,12331.75,12356.75,12381.75,71.73844222568472,near_trigger,50.73844222568472,25.0,True,True,False,False,False,max_holding_time,12337.25,12337.0,55.25,0.0,55.25,2.21,72.0,20.75,2.88,0.83,60,59.0,2,2023-03-09,3.004878048780488,0.7427652733118971,4.015420200462606,strong_bullish,2.3620827382537337,1.0905717734364522,bullish,bullish,True,True,False,False
154,154590,154591,154592,2023-03-10 15:16:00+00:00,2023-03-10 15:17:00+00:00,2023-03-10 15:18:00+00:00,short,11936.75,11937.25,11937.0,11962.0,11912.0,11887.0,11862.0,11837.0,70.63333333333334,near_trigger,-57.63333333333334,25.0,False,False,False,False,True,stop,11962.0,11962.25,-25.25,0.0,-25.25,-1.01,4.75,29.0,0.19,1.16,2,1.0,0,2023-03-10,0.9222222222222223,1.8101872006965607,1.8346859032161107,partial_bearish,0.9385925675737354,1.602830909289311,bearish,bearish,False,False,True,False
155,154595,154596,154605,2023-03-10 15:21:00+00:00,2023-03-10 15:22:00+00:00,2023-03-10 15:31:00+00:00,short,11923.75,11923.5,11923.25,11948.25,11898.25,11873.25,11848.25,11823.25,75.57545454545455,near_trigger,-67.57545454545455,25.0,False,False,False,False,True,stop,11948.25,11948.5,-25.25,0.0,-25.25,-1.01,23.75,27.25,0.95,1.09,10,9.0,0,2023-03-10,0.5515151515151515,0.8242320819112628,1.8346859032161107,partial_bearish,1.0646252094840496,1.748961472672477,bearish,bearish,False,False,True,False
156,155505,155506,155522,2023-03-13 13:31:00+00:00,2023-03-13 13:32:00+00:00,2023-03-13 13:48:00+00:00,short,11914.75,11914.5,11914.25,11939.25,11889.25,11864.25,11839.25,11814.25,70.0,near_trigger,-39.6,25.0,True,True,True,False,True,stop,11939.25,11939.5,-25.25,0.0,-25.25,-1.01,93.0,45.0,3.72,1.8,17,16.0,3,2023-03-13,1.382562277580071,0.15508021390374332,1.9004016064257028,partial_bearish,6.051000953288847,1.522288729227664,bearish,bearish,False,True,True,False
157,158298,158299,158301,2023-03-15 14:04:00+00:00,2023-03-15 14:05:00+00:00,2023-03-15 14:07:00+00:00,short,12240.5,12239.5,12239.25,12264.25,12214.25,12189.25,12164.25,12139.25,70.0,near_trigger,-56.5,25.0,False,False,False,False,True,stop,12264.25,12264.5,-25.25,0.0,-25.25,-1.01,11.25,29.5,0.45,1.18,3,2.0,0,2023-03-15,1.2907063197026023,1.0452094566569887,1.4196925089957475,partial_bullish,1.6075148049826424,1.8183778123411922,bearish,neutral,True,False,True,False
158,158302,158303,158362,2023-03-15 14:08:00+00:00,2023-03-15 14:09:00+00:00,2023-03-15 15:08:00+00:00,short,12245.5,12245.25,12245.0,12270.0,12220.0,12195.0,12170.0,12145.0,77.65655643595187,near_trigger,-59.65655643595187,25.0,True,True,True,False,False,max_holding_time,12243.0,12243.25,1.75,0.0,1.75,0.07,93.5,9.5,3.74,0.38,60,59.0,3,2023-03-15,1.6488888888888888,0.3522012578616352,1.4196925089957475,strong_bullish,1.0265148933269717,0.9444848606477184,bearish,bearish,True,False,True,False
159,159660,159661,159664,2023-03-16 13:46:00+00:00,2023-03-16 13:47:00+00:00,2023-03-16 13:50:00+00:00,short,12342.25,12342.5,12342.25,12367.25,12317.25,12292.25,12267.25,12242.25,71.95253496164982,near_trigger,-34.95253496164982,25.0,False,False,False,False,True,stop,12367.25,12367.5,-25.25,0.0,-25.25,-1.01,7.5,28.75,0.3,1.15,4,3.0,0,2023-03-16,1.482824427480916,0.5539246968730057,1.2598509052183173,partial_bearish,1.5090928590032326,1.2247587784740874,bearish,bearish,True,True,False,False
160,162405,162406,162465,2023-03-20 13:31:00+00:00,2023-03-20 13:32:00+00:00,2023-03-20 14:31:00+00:00,short,12605.75,12604.5,12604.25,12629.25,12579.25,12554.25,12529.25,12504.25,82.1173127739279,high_probability,-73.1173127739279,25.0,True,True,True,False,False,max_holding_time,12620.0,12620.25,-16.0,0.0,-16.0,-0.64,75.0,22.25,3.0,0.89,60,59.0,3,2023-03-20,2.167741935483871,1.2349344978165937,0.08691153647180548,strong_bearish,6.10510691590519,1.3967802527830544,bearish,bearish,False,True,True,False
161,166545,166546,166555,2023-03-23 13:31:00+00:00,2023-03-23 13:32:00+00:00,2023-03-23 13:41:00+00:00,long,12872.25,12871.75,12872.0,12847.0,12897.0,12922.0,12947.0,12972.0,72.0,near_trigger,38.38623146265899,25.0,False,False,False,False,True,stop,12847.0,12846.75,-25.25,0.0,-25.25,-1.01,16.5,25.0,0.66,1.0,10,9.0,0,2023-03-23,4.893518518518518,3.1601941747572817,1.8465227817745802,strong_bullish,5.049100937177705,1.1387885959323198,bullish,bullish,False,True,True,False
162,166584,166585,166644,2023-03-23 14:10:00+00:00,2023-03-23 14:11:00+00:00,2023-03-23 15:10:00+00:00,long,12932.0,12932.5,12932.75,12907.75,12957.75,12982.75,13007.75,13032.75,87.0,high_probability,82.0,25.0,True,True,True,False,False,max_holding_time,13013.5,13013.25,80.5,0.0,80.5,3.22,98.75,19.75,3.95,0.79,60,59.0,3,2023-03-23,2.0097323600973236,1.4637268847795164,2.339779005524862,strong_bullish,2.190642095290486,2.0470641992232124,bullish,bullish,False,True,True,False
163,167926,167927,167950,2023-03-24 13:32:00+00:00,2023-03-24 13:33:00+00:00,2023-03-24 13:56:00+00:00,short,12801.25,12801.25,12801.0,12826.0,12776.0,12751.0,12726.0,12701.0,71.28513071532043,near_trigger,-51.285130715320435,25.0,True,True,False,False,True,stop,12826.0,12826.25,-25.25,0.0,-25.25,-1.01,65.0,28.25,2.6,1.13,24,23.0,2,2023-03-24,0.4908835904628331,1.3444933920704847,1.376,partial_bullish,4.73099975174664,1.3044158485547777,bearish,bearish,True,True,False,False
164,167962,167963,167967,2023-03-24 14:08:00+00:00,2023-03-24 14:09:00+00:00,2023-03-24 14:13:00+00:00,short,12790.5,12791.25,12791.0,12816.0,12766.0,12741.0,12716.0,12691.0,76.70206896551724,near_trigger,-60.70206896551724,25.0,False,False,False,False,True,stop,12816.0,12816.25,-25.25,0.0,-25.25,-1.01,7.75,40.25,0.31,1.61,5,4.0,0,2023-03-24,0.6517241379310345,0.6898954703832753,0.7802050824788229,partial_bullish,1.525894311741355,1.7219057483169342,bearish,bearish,False,False,True,False
165,167968,167969,167985,2023-03-24 14:14:00+00:00,2023-03-24 14:15:00+00:00,2023-03-24 14:31:00+00:00,short,12812.25,12812.0,12811.75,12836.75,12786.75,12761.75,12736.75,12711.75,82.82276707530649,high_probability,-76.82276707530649,25.0,True,True,False,False,True,stop,12836.75,12837.0,-25.25,0.0,-25.25,-1.01,55.25,28.25,2.21,1.13,17,16.0,2,2023-03-24,1.115586690017513,0.37679814385150817,0.7802050824788229,strong_bullish,1.6408637956313212,2.3491532659741,bearish,bearish,True,False,True,False
166,169304,169305,169318,2023-03-27 13:30:00+00:00,2023-03-27 13:31:00+00:00,2023-03-27 13:44:00+00:00,short,12915.25,12915.0,12914.75,12939.0,12889.75,12864.75,12839.75,12814.75,78.08245473053742,near_trigger,-76.08245473053742,24.25,True,False,False,False,True,stop,12939.0,12939.25,-24.5,0.0,-24.5,-1.0103092783505154,33.0,26.0,1.3608247422680413,1.0721649484536082,14,13.0,1,2023-03-27,0.7777777777777778,0.5823627287853577,1.3125,strong_bearish,9.394586894586894,0.8479520415297209,bearish,neutral,True,True,True,True
167,169321,169322,169324,2023-03-27 13:47:00+00:00,2023-03-27 13:48:00+00:00,2023-03-27 13:50:00+00:00,short,12937.75,12938.0,12937.75,12962.75,12912.75,12887.75,12862.75,12837.75,73.15409602670603,near_trigger,-67.15409602670603,25.0,False,False,False,False,True,stop,12962.75,12963.0,-25.25,0.0,-25.25,-1.01,0.0,27.5,0.0,1.1,3,2.0,0,2023-03-27,0.7121387283236994,0.16699801192842942,0.32869565217391306,strong_bullish,0.7482626495141247,0.6707062264939406,bearish,bearish,True,False,True,False
168,169330,169331,169390,2023-03-27 13:56:00+00:00,2023-03-27 13:57:00+00:00,2023-03-27 14:56:00+00:00,short,12928.0,12927.75,12927.5,12952.5,12902.5,12877.5,12852.5,12827.5,71.08888888888889,near_trigger,-60.08888888888889,25.0,True,True,False,False,False,max_holding_time,12895.25,12895.5,32.0,0.0,32.0,1.28,61.0,21.0,2.44,0.84,60,59.0,2,2023-03-27,2.3333333333333335,0.8873239436619719,0.32869565217391306,partial_bullish,1.2693677778099568,1.5078696138298788,bearish,bearish,True,False,False,True
169,170740,170741,170800,2023-03-28 14:26:00+00:00,2023-03-28 14:27:00+00:00,2023-03-28 15:26:00+00:00,short,12704.25,12704.5,12704.25,12729.25,12679.25,12654.25,12629.25,12604.25,71.94142547608004,near_trigger,-47.94142547608004,25.0,True,True,False,False,False,max_holding_time,12699.75,12700.0,4.25,0.0,4.25,0.17,54.25,6.25,2.17,0.25,60,59.0,2,2023-03-28,1.2291220556745184,0.6772633033863165,2.2142857142857144,partial_bearish,0.4112607099143207,0.3323442136498516,bearish,bearish,False,True,True,False
170,172064,172065,172124,2023-03-29 13:30:00+00:00,2023-03-29 13:31:00+00:00,2023-03-29 14:30:00+00:00,long,12892.25,12892.5,12892.75,12867.75,12917.75,12942.75,12967.75,12992.75,71.80632092853054,near_trigger,71.80632092853054,25.0,True,False,False,False,False,max_holding_time,12891.5,12891.25,-1.5,0.0,-1.5,-0.06,40.25,10.25,1.61,0.41,60,59.0,1,2023-03-29,1.6184971098265895,2.559139784946237,2.9013732833957553,strong_bullish,6.984057415219416,1.0192366119257399,bullish,bullish,False,True,True,False
171,176256,176257,176271,2023-04-03 14:22:00+00:00,2023-04-03 14:23:00+00:00,2023-04-03 14:37:00+00:00,long,13264.75,13265.0,13265.25,13240.25,13290.25,13315.25,13340.25,13365.25,72.0,near_trigger,51.0,25.0,False,False,False,False,True,stop,13240.25,13240.0,-25.25,0.0,-25.25,-1.01,3.0,26.75,0.12,1.07,15,14.0,0,2023-04-03,2.8973509933774833,0.6211996713229252,1.0130869899923016,strong_bullish,1.7379068929423271,1.5129063097514341,bullish,bullish,True,True,True,True
172,177631,177632,177685,2023-04-04 14:17:00+00:00,2023-04-04 14:18:00+00:00,2023-04-04 15:17:00+00:00,short,13294.5,13294.5,13294.25,13319.25,13269.25,13244.25,13219.25,13194.25,74.295335028543,near_trigger,-48.29533502854299,25.0,True,True,False,False,False,max_holding_time,13221.0,13221.25,73.0,0.0,73.0,2.92,74.0,9.25,2.96,0.37,54,59.0,2,2023-04-04,2.0855172413793106,2.707718993928881,0.5649717514124294,partial_bullish,1.110732828325815,1.1120895352800817,neutral,bearish,True,True,True,True
173,180387,180388,180432,2023-04-06 14:19:00+00:00,2023-04-06 14:20:00+00:00,2023-04-06 15:04:00+00:00,short,13025.75,13025.5,13025.25,13050.25,13000.25,12975.25,12950.25,12925.25,77.54266245393057,near_trigger,-45.542662453930575,25.0,False,False,False,False,True,stop,13050.25,13050.5,-25.25,0.0,-25.25,-1.01,17.75,25.25,0.71,1.01,45,44.0,0,2023-04-06,1.8762886597938144,3.890848026868178,0.9833101529902644,partial_bullish,0.8206564733040242,1.087098436694726,bearish,bearish,False,True,True,False
174,184019,184020,184079,2023-04-11 13:36:00+00:00,2023-04-11 13:37:00+00:00,2023-04-11 14:36:00+00:00,short,13138.25,13138.5,13138.25,13162.25,13113.25,13088.25,13063.25,13038.25,74.31420787145443,near_trigger,-58.31420787145443,24.0,True,True,False,False,False,max_holding_time,13073.0,13073.25,65.0,0.0,65.0,2.7083333333333335,70.25,4.0,2.9270833333333335,0.16666666666666666,60,59.0,2,2023-04-11,0.6323987538940811,0.7466666666666667,0.9387755102040817,strong_bullish,1.7553662314671388,0.7602822604799387,bearish,bearish,False,True,True,False
175,185418,185419,185423,2023-04-12 13:55:00+00:00,2023-04-12 13:56:00+00:00,2023-04-12 14:00:00+00:00,long,13074.0,13074.0,13074.25,13049.25,13099.25,13124.25,13149.25,13174.25,71.24226844328892,near_trigger,58.24226844328892,25.0,False,False,False,False,True,stop,13049.25,13049.0,-25.25,0.0,-25.25,-1.01,5.0,29.25,0.2,1.17,5,4.0,0,2023-04-12,0.3712707182320442,3.13022113022113,1.0946773433820067,partial_bullish,0.9403560968806657,1.808784605479648,bullish,bullish,True,True,False,False
176,185426,185427,185460,2023-04-12 14:03:00+00:00,2023-04-12 14:04:00+00:00,2023-04-12 14:37:00+00:00,long,13082.0,13082.25,13082.5,13057.5,13107.5,13132.5,13157.5,13182.5,73.15263331138907,near_trigger,38.15263331138907,25.0,True,False,False,False,True,stop,13057.5,13057.25,-25.25,0.0,-25.25,-1.01,46.5,42.5,1.86,1.7,34,33.0,1,2023-04-12,0.9220430107526881,2.9830295411690764,3.177433247200689,partial_bearish,1.0716444517298964,1.759757738896366,bullish,bullish,True,False,False,False
177,186773,186774,186820,2023-04-13 13:30:00+00:00,2023-04-13 13:31:00+00:00,2023-04-13 14:17:00+00:00,long,13035.25,13034.75,13035.0,13010.0,13060.0,13085.0,13110.0,13135.0,72.02401894383381,near_trigger,41.02401894383381,25.0,True,True,True,True,False,tp4,13135.0,13134.75,99.75,0.0,99.75,3.99,102.25,0.5,4.09,0.02,47,46.0,4,2023-04-13,4.041237113402062,0.14405986903648269,2.754471544715447,partial_bullish,6.3272638694354795,0.9040364050848785,bullish,bullish,True,True,True,True
178,188183,188184,188191,2023-04-14 14:00:00+00:00,2023-04-14 14:01:00+00:00,2023-04-14 14:08:00+00:00,long,13221.0,13220.75,13221.0,13196.0,13246.0,13271.0,13296.0,13321.0,74.0,near_trigger,22.80727276647393,25.0,True,False,False,False,True,stop,13196.0,13195.75,-25.25,0.0,-25.25,-1.01,34.0,34.25,1.36,1.37,8,7.0,1,2023-04-14,1.2145110410094637,4.055172413793104,3.872514619883041,partial_bullish,1.9535219399538106,1.2697727656540259,bullish,bullish,False,True,True,False
179,189533,189534,189537,2023-04-17 13:30:00+00:00,2023-04-17 13:31:00+00:00,2023-04-17 13:34:00+00:00,short,13153.25,13153.0,13152.75,13177.75,13127.75,13102.75,13077.75,13052.75,72.62295494531809,near_trigger,-33.622954945318085,25.0,False,False,False,False,True,stop,13177.75,13178.0,-25.25,0.0,-25.25,-1.01,7.25,27.5,0.29,1.1,4,3.0,0,2023-04-17,1.6690997566909975,1.134684147794994,1.5120540019286404,strong_bearish,11.458770498173623,1.3075906595599385,bearish,bearish,True,False,True,False
180,192315,192316,192326,2023-04-19 13:52:00+00:00,2023-04-19 13:53:00+00:00,2023-04-19 14:03:00+00:00,short,13099.5,13099.25,13099.0,13124.0,13074.0,13049.0,13024.0,12999.0,80.32867440929115,high_probability,-59.32867440929115,25.0,False,False,False,False,True,stop,13124.0,13124.25,-25.25,0.0,-25.25,-1.01,10.5,26.0,0.42,1.04,11,10.0,0,2023-04-19,1.8091042584434653,2.2761290322580647,1.1774358974358976,partial_bullish,1.2333912951139547,1.657302869780798,bearish,neutral,True,False,True,False
181,192346,192347,192355,2023-04-19 14:23:00+00:00,2023-04-19 14:24:00+00:00,2023-04-19 14:32:00+00:00,short,13098.25,13098.5,13098.25,13123.25,13073.25,13048.25,13023.25,12998.25,82.16668244141685,high_probability,-82.16668244141685,25.0,False,False,False,False,True,stop,13123.25,13123.5,-25.25,0.0,-25.25,-1.01,7.0,27.0,0.28,1.08,9,8.0,0,2023-04-19,1.5555555555555556,0.8503521126760564,1.6547619047619047,partial_bullish,1.0104989717501893,0.9712252668372761,bearish,bearish,True,True,True,False
182,195053,195054,195055,2023-04-21 13:30:00+00:00,2023-04-21 13:31:00+00:00,2023-04-21 13:32:00+00:00,short,13047.0,13047.0,13046.75,13071.75,13021.75,12996.75,12971.75,12946.75,93.47683318418697,a_plus_plus,-62.47683318418697,25.0,False,False,False,False,True,stop,13071.75,13072.0,-25.25,0.0,-25.25,-1.01,3.75,27.25,0.15,1.09,2,1.0,0,2023-04-21,4.022988505747127,0.22459893048128343,0.7375231053604435,partial_bullish,8.047243049565392,1.0640276534891473,bearish,bearish,True,True,True,True
183,195057,195058,195109,2023-04-21 13:34:00+00:00,2023-04-21 13:35:00+00:00,2023-04-21 14:26:00+00:00,short,13051.25,13051.25,13051.0,13076.0,13026.0,13001.0,12976.0,12951.0,74.74546925782765,near_trigger,-67.74546925782765,25.0,True,True,False,False,True,stop,13076.0,13076.25,-25.25,0.0,-25.25,-1.01,68.25,27.75,2.73,1.11,52,51.0,2,2023-04-21,0.6210720887245841,0.22459893048128343,0.7375231053604435,partial_bullish,2.553555562868143,1.0378910481897095,bearish,bearish,False,True,True,False
184,196464,196465,196524,2023-04-24 14:01:00+00:00,2023-04-24 14:02:00+00:00,2023-04-24 15:01:00+00:00,short,13087.75,13087.75,13087.5,13112.5,13062.5,13037.5,13012.5,12987.5,75.99882825318124,near_trigger,-51.998828253181244,25.0,True,True,True,False,False,max_holding_time,13015.5,13015.75,71.75,0.0,71.75,2.87,79.0,14.5,3.16,0.58,60,59.0,3,2023-04-24,2.139622641509434,0.612691466083151,0.44171779141104295,partial_bullish,1.8059622508378903,1.2785832927453697,neutral,bearish,True,False,True,False
185,197854,197855,197914,2023-04-25 14:11:00+00:00,2023-04-25 14:12:00+00:00,2023-04-25 15:11:00+00:00,short,12948.5,12948.75,12948.5,12973.5,12923.5,12898.5,12873.5,12848.5,73.13770491803278,near_trigger,-52.13770491803278,25.0,False,False,False,False,False,max_holding_time,12961.5,12961.75,-13.25,0.0,-13.25,-0.53,18.5,17.5,0.74,0.7,60,59.0,0,2023-04-25,2.3333333333333335,2.1193232413178986,0.9853372434017595,strong_bearish,2.9095778197857594,3.4369184964644584,bearish,bearish,True,True,True,False
186,199195,199196,199214,2023-04-26 13:32:00+00:00,2023-04-26 13:33:00+00:00,2023-04-26 13:51:00+00:00,short,12919.75,12920.25,12920.0,12945.0,12895.0,12870.0,12845.0,12820.0,73.2383760461562,near_trigger,-72.2383760461562,25.0,False,False,False,False,True,stop,12945.0,12945.25,-25.25,0.0,-25.25,-1.01,21.0,25.5,0.84,1.02,19,18.0,0,2023-04-26,1.4065934065934067,0.4412121212121212,1.054732775273664,partial_bullish,4.60033373687138,1.4911127136978746,bearish,bearish,True,True,False,False
187,199238,199239,199284,2023-04-26 14:15:00+00:00,2023-04-26 14:16:00+00:00,2023-04-26 15:01:00+00:00,short,12928.25,12928.25,12928.0,12953.0,12903.0,12878.0,12853.0,12828.0,86.02356020942409,high_probability,-60.02356020942409,25.0,True,False,False,False,True,stop,12953.0,12953.25,-25.25,0.0,-25.25,-1.01,31.75,28.25,1.27,1.13,46,45.0,1,2023-04-26,1.594240837696335,0.3463541666666667,0.18022657054582902,partial_bearish,1.3210824896175457,1.7072400729619754,bearish,bearish,True,True,True,False
188,201956,201957,201965,2023-04-28 13:33:00+00:00,2023-04-28 13:34:00+00:00,2023-04-28 13:42:00+00:00,long,13203.75,13203.25,13203.5,13178.5,13228.5,13253.5,13278.5,13303.5,78.0,near_trigger,26.279976850395684,25.0,False,False,False,False,True,stop,13178.5,13178.25,-25.25,0.0,-25.25,-1.01,11.5,31.0,0.46,1.24,9,8.0,0,2023-04-28,1.1104199066874028,0.24861265260821308,1.781021897810219,partial_bullish,3.323869263783427,1.2666859580035983,bullish,bullish,True,True,True,False
189,202007,202008,202020,2023-04-28 14:24:00+00:00,2023-04-28 14:25:00+00:00,2023-04-28 14:37:00+00:00,long,13285.25,13285.0,13285.25,13261.0,13310.25,13335.25,13360.25,13385.25,83.89184466019418,high_probability,83.89184466019418,24.25,False,False,False,False,True,stop,13261.0,13260.75,-24.5,0.0,-24.5,-1.0103092783505154,8.0,45.0,0.32989690721649484,1.8556701030927836,13,12.0,0,2023-04-28,1.4135922330097088,2.6462745098039218,1.9949999999999999,strong_bullish,1.1295244611700308,1.814863676341249,bullish,bullish,False,False,True,False
190,203385,203386,203439,2023-05-01 14:22:00+00:00,2023-05-01 14:23:00+00:00,2023-05-01 15:16:00+00:00,long,13291.25,13291.25,13291.5,13266.5,13316.5,13341.5,13366.5,13391.5,86.06153846153846,high_probability,68.06153846153846,25.0,True,False,False,False,True,stop,13266.5,13266.25,-25.25,0.0,-25.25,-1.01,41.0,28.5,1.64,1.14,54,53.0,1,2023-05-01,2.266025641025641,1.2453987730061349,0.3729189789123196,strong_bearish,2.02359231894792,2.0629074435564068,bullish,bullish,True,True,True,False
191,206115,206116,206132,2023-05-03 13:52:00+00:00,2023-05-03 13:53:00+00:00,2023-05-03 14:09:00+00:00,long,13232.25,13232.25,13232.5,13207.5,13257.5,13282.5,13307.5,13332.5,78.27171489061398,near_trigger,70.27171489061398,25.0,False,False,False,False,True,stop,13207.5,13207.25,-25.25,0.0,-25.25,-1.01,9.5,26.0,0.38,1.04,17,16.0,0,2023-05-03,1.5198776758409787,0.22514619883040937,0.0,mixed,2.145931219647017,1.5726273148148149,bullish,bullish,False,True,True,False
192,207480,207481,207540,2023-05-04 13:37:00+00:00,2023-05-04 13:38:00+00:00,2023-05-04 14:37:00+00:00,short,13077.75,13077.75,13077.5,13102.5,13052.5,13027.5,13002.5,12977.5,70.0,near_trigger,-45.061033539571106,25.0,True,True,True,False,False,max_holding_time,13023.0,13023.25,54.25,0.0,54.25,2.17,75.75,2.5,3.03,0.1,60,59.0,3,2023-05-04,2.4646464646464645,1.226725082146769,0.06134969325153374,partial_bearish,1.731258375953833,0.8238861917715505,bearish,bearish,False,True,True,False
193,208855,208856,208915,2023-05-05 13:32:00+00:00,2023-05-05 13:33:00+00:00,2023-05-05 14:32:00+00:00,long,13152.75,13152.5,13152.75,13127.75,13177.75,13202.75,13227.75,13252.75,71.93344410461962,near_trigger,62.933444104619625,25.0,True,True,True,False,False,max_holding_time,13247.75,13247.5,94.75,0.0,94.75,3.79,96.0,6.25,3.84,0.25,60,59.0,3,2023-05-05,2.274599542334096,1.4553014553014554,0.5974781765276431,strong_bullish,4.974480569063216,1.3697326487252126,bullish,bullish,True,True,False,False
194,210241,210242,210301,2023-05-08 13:38:00+00:00,2023-05-08 13:39:00+00:00,2023-05-08 14:38:00+00:00,short,13280.5,13280.5,13280.25,13305.25,13255.25,13230.25,13205.25,13180.25,71.72733874104918,near_trigger,-62.72733874104918,25.0,True,False,False,False,False,max_holding_time,13265.0,13265.25,15.0,0.0,15.0,0.6,25.75,15.25,1.03,0.61,60,59.0,1,2023-05-08,2.45,0.2485207100591716,1.1226415094339621,strong_bearish,2.806850316143996,1.2727822842076448,bearish,bearish,True,True,True,False
195,213020,213021,213067,2023-05-10 13:57:00+00:00,2023-05-10 13:58:00+00:00,2023-05-10 14:44:00+00:00,long,13368.75,13368.25,13368.5,13343.5,13393.5,13418.5,13443.5,13468.5,70.65376368968866,near_trigger,64.65376368968866,25.0,True,True,False,False,True,stop,13343.5,13343.25,-25.25,0.0,-25.25,-1.01,65.5,35.0,2.62,1.4,47,46.0,2,2023-05-10,1.9901960784313726,0.7665982203969883,3.2641165755919856,partial_bullish,0.8747639321912679,1.338920721799367,bullish,bullish,True,False,True,False
196,214375,214376,214429,2023-05-11 13:32:00+00:00,2023-05-11 13:33:00+00:00,2023-05-11 14:26:00+00:00,short,13395.25,13395.0,13394.75,13419.75,13369.75,13344.75,13319.75,13294.75,92.26923076923077,a_plus_plus,-53.269230769230774,25.0,False,False,False,False,True,stop,13419.75,13420.0,-25.25,0.0,-25.25,-1.01,22.5,25.0,0.9,1.0,54,53.0,0,2023-05-11,3.829885057471264,0.2716688227684347,0.461961503208066,partial_bearish,5.866509727895867,1.9205313024162474,bearish,bearish,True,True,True,False
197,215784,215785,215844,2023-05-12 14:01:00+00:00,2023-05-12 14:02:00+00:00,2023-05-12 15:01:00+00:00,short,13425.5,13425.0,13424.75,13449.75,13399.75,13374.75,13349.75,13324.75,87.0,high_probability,-62.0,25.0,True,False,False,False,False,max_holding_time,13400.25,13400.5,24.25,0.0,24.25,0.97,42.25,12.0,1.69,0.48,60,59.0,1,2023-05-12,2.7186544342507646,2.8034825870646767,2.3273195876288657,strong_bearish,2.7828002867784636,2.088396630009711,bearish,bearish,False,True,True,False
198,218513,218514,218525,2023-05-16 13:30:00+00:00,2023-05-16 13:31:00+00:00,2023-05-16 13:42:00+00:00,short,13454.0,13453.75,13453.5,13478.5,13428.5,13403.5,13378.5,13353.5,70.0,near_trigger,-17.22957035106046,25.0,False,False,False,False,True,stop,13478.5,13478.75,-25.25,0.0,-25.25,-1.01,4.25,32.75,0.17,1.31,12,11.0,0,2023-05-16,4.621794871794872,0.0,1.7824933687002653,mixed,10.281276962899051,1.1420247074496124,bearish,bearish,False,True,True,False
199,219929,219930,219989,2023-05-17 14:06:00+00:00,2023-05-17 14:07:00+00:00,2023-05-17 15:06:00+00:00,long,13497.75,13498.0,13498.25,13473.25,13523.25,13548.25,13573.25,13598.25,75.15875150530044,near_trigger,50.158751505300444,25.0,True,False,False,False,False,max_holding_time,13528.25,13528.0,29.75,0.0,29.75,1.19,44.5,12.0,1.78,0.48,60,59.0,1,2023-05-17,2.0528846153846154,2.88659793814433,1.6592592592592592,partial_bearish,1.2792798405183154,1.2669083056990822,neutral,bullish,True,True,True,False
200,222712,222713,222772,2023-05-19 14:29:00+00:00,2023-05-19 14:30:00+00:00,2023-05-19 15:29:00+00:00,short,13899.25,13898.75,13898.5,13923.5,13873.5,13848.5,13823.5,13798.5,72.58751215251647,near_trigger,-72.58751215251647,25.0,True,False,False,False,False,max_holding_time,13854.25,13854.5,44.0,0.0,44.0,1.76,44.75,10.0,1.79,0.4,60,59.0,1,2023-05-19,1.2333333333333334,0.5511811023622047,1.1081504702194358,partial_bearish,1.172223680756104,1.0790671446409152,bearish,bearish,False,True,True,False
201,224060,224061,224120,2023-05-22 13:57:00+00:00,2023-05-22 13:58:00+00:00,2023-05-22 14:57:00+00:00,short,13925.0,13924.5,13924.25,13948.75,13899.25,13874.25,13849.25,13824.25,97.0,a_plus_plus,-81.0,24.5,True,True,False,False,False,max_holding_time,13890.75,13891.0,33.25,0.0,33.25,1.3571428571428572,62.25,14.0,2.5408163265306123,0.5714285714285714,60,59.0,2,2023-05-22,1.7818181818181817,5.651672433679354,2.8000000000000003,partial_bullish,1.3080461765471747,1.7450882001003591,bearish,bearish,True,True,True,False
202,225415,225416,225475,2023-05-23 13:32:00+00:00,2023-05-23 13:33:00+00:00,2023-05-23 14:32:00+00:00,short,13862.25,13862.0,13861.75,13886.75,13836.75,13811.75,13786.75,13761.75,74.0,near_trigger,-15.91671340618251,25.0,False,False,False,False,False,max_holding_time,13851.75,13852.0,9.75,0.0,9.75,0.39,22.25,18.25,0.89,0.73,60,59.0,0,2023-05-23,4.244343891402715,1.6809210526315788,1.893503727369542,partial_bearish,4.924657534246576,1.2360721615145753,bearish,bearish,False,False,True,False
203,226797,226798,226857,2023-05-24 13:34:00+00:00,2023-05-24 13:35:00+00:00,2023-05-24 14:34:00+00:00,short,13660.25,13660.25,13660.0,13685.0,13635.0,13610.0,13585.0,13560.0,78.0,near_trigger,-23.106616257088845,25.0,True,True,False,False,False,max_holding_time,13598.25,13598.5,61.5,0.0,61.5,2.46,74.0,15.0,2.96,0.6,60,59.0,2,2023-05-24,1.8525519848771268,0.07553956834532374,2.087443946188341,partial_bullish,3.794890781192151,1.8119144422838962,bearish,bearish,True,True,True,False
204,228187,228188,228191,2023-05-25 13:44:00+00:00,2023-05-25 13:45:00+00:00,2023-05-25 13:48:00+00:00,long,13897.75,13897.25,13897.5,13872.5,13922.5,13947.5,13972.5,13997.5,70.61642425706084,near_trigger,64.61642425706084,25.0,False,False,False,False,True,stop,13872.5,13872.25,-25.25,0.0,-25.25,-1.01,7.75,26.25,0.31,1.05,4,3.0,0,2023-05-25,1.5090715048025614,4.539898132427844,0.49213691026827017,partial_bullish,0.8611732997152608,1.3722637849819896,bullish,bullish,False,True,True,False
205,228192,228193,228252,2023-05-25 13:49:00+00:00,2023-05-25 13:50:00+00:00,2023-05-25 14:49:00+00:00,long,13866.25,13866.5,13866.75,13841.75,13891.75,13916.75,13941.75,13966.75,78.0,near_trigger,68.23835616438356,25.0,True,True,False,False,False,max_holding_time,13925.75,13925.5,58.75,0.0,58.75,2.35,68.25,15.5,2.73,0.62,60,59.0,2,2023-05-25,2.0136986301369864,3.0285714285714285,1.7439109255393181,strong_bearish,1.616872673804163,2.693302717183314,bullish,bullish,True,True,True,False
206,232082,232083,232086,2023-05-30 13:39:00+00:00,2023-05-30 13:40:00+00:00,2023-05-30 13:43:00+00:00,long,14540.75,14540.75,14541.0,14516.0,14566.0,14591.0,14616.0,14641.0,84.04071065989848,high_probability,63.04071065989848,25.0,False,False,False,False,True,stop,14516.0,14515.75,-25.25,0.0,-25.25,-1.01,18.75,35.0,0.75,1.4,4,3.0,0,2023-05-30,1.563451776649746,1.0995575221238938,2.217142857142857,partial_bearish,1.7836439262437362,1.597067448680352,bullish,bullish,False,True,True,False
207,232089,232090,232094,2023-05-30 13:46:00+00:00,2023-05-30 13:47:00+00:00,2023-05-30 13:51:00+00:00,long,14508.5,14508.5,14508.75,14483.75,14533.75,14558.75,14583.75,14608.75,73.0,near_trigger,68.01220198277932,25.0,False,False,False,False,True,stop,14483.75,14483.5,-25.25,0.0,-25.25,-1.01,17.5,27.5,0.7,1.1,5,4.0,0,2023-05-30,1.5302619692863595,0.39112571898110104,0.550098231827112,strong_bearish,1.1475252895937709,1.7002096105656332,bullish,bullish,True,True,True,False
208,232110,232111,232165,2023-05-30 14:07:00+00:00,2023-05-30 14:08:00+00:00,2023-05-30 15:02:00+00:00,short,14448.5,14448.75,14448.5,14473.5,14423.5,14398.5,14373.5,14348.5,76.42665288366284,near_trigger,-50.42665288366284,25.0,True,False,False,False,True,stop,14473.5,14473.75,-25.25,0.0,-25.25,-1.01,39.75,25.5,1.59,1.02,55,54.0,1,2023-05-30,2.1692150866462794,4.002382370458606,2.567292225201072,partial_bearish,1.130883820932197,2.051076719530665,neutral,bearish,True,True,True,False
209,233481,233482,233486,2023-05-31 13:58:00+00:00,2023-05-31 13:59:00+00:00,2023-05-31 14:03:00+00:00,short,14373.75,14373.5,14373.25,14393.25,14348.25,14323.25,14298.25,14273.25,74.62289499232276,near_trigger,-74.62289499232276,20.0,False,False,False,False,True,stop,14393.25,14393.5,-20.25,0.0,-20.25,-1.0125,8.25,20.25,0.4125,1.0125,5,4.0,0,2023-05-31,0.65311004784689,2.5571955719557193,2.7857142857142856,partial_bullish,0.6906855742388697,1.086463530284913,bearish,bearish,False,True,True,False
210,233489,233490,233549,2023-05-31 14:06:00+00:00,2023-05-31 14:07:00+00:00,2023-05-31 15:06:00+00:00,short,14364.5,14364.5,14364.25,14389.25,14339.25,14314.25,14289.25,14264.25,76.39149253188259,near_trigger,-57.39149253188259,25.0,True,True,True,False,False,max_holding_time,14293.25,14293.5,70.75,0.0,70.75,2.83,90.0,4.75,3.6,0.19,60,59.0,3,2023-05-31,1.0191570881226053,0.19800332778702162,2.0062646828504307,partial_bullish,1.3688922044013427,1.3062286105407255,bearish,bearish,True,True,True,False
211,234845,234846,234860,2023-06-01 13:42:00+00:00,2023-06-01 13:43:00+00:00,2023-06-01 13:57:00+00:00,short,14292.25,14292.0,14291.75,14316.75,14266.75,14241.75,14216.75,14191.75,74.96315768323187,near_trigger,-67.96315768323187,25.0,False,False,False,False,True,stop,14316.75,14317.0,-25.25,0.0,-25.25,-1.01,19.75,27.5,0.79,1.1,15,14.0,0,2023-06-01,1.841392649903288,0.8880597014925373,0.2471315092674316,partial_bullish,1.289403271005842,1.1124315316422844,bearish,bearish,True,True,True,False
212,234881,234882,234904,2023-06-01 14:18:00+00:00,2023-06-01 14:19:00+00:00,2023-06-01 14:41:00+00:00,short,14309.0,14309.5,14309.25,14334.25,14284.25,14259.25,14234.25,14209.25,85.55564790346934,high_probability,-85.55564790346934,25.0,True,False,False,False,True,stop,14334.25,14334.5,-25.25,0.0,-25.25,-1.01,36.5,34.75,1.46,1.39,23,22.0,1,2023-06-01,0.486404833836858,1.1751085383502171,1.0824742268041236,partial_bullish,1.334291070271028,1.1281960122063224,bearish,bearish,True,True,True,True
213,236228,236229,236229,2023-06-02 13:45:00+00:00,2023-06-02 13:46:00+00:00,2023-06-02 13:46:00+00:00,long,14587.5,14588.0,14588.25,14563.25,14613.25,14638.25,14663.25,14688.25,70.0,near_trigger,9.0,25.0,False,False,False,False,True,stop,14563.25,14563.0,-25.25,0.0,-25.25,-1.01,0.5,37.0,0.02,1.48,1,0.0,0,2023-06-02,2.3240371845949537,3.250414593698176,2.725228390723823,partial_bullish,1.8015516537362188,1.6205098068023214,bullish,bullish,True,False,True,False
214,236231,236232,236233,2023-06-02 13:48:00+00:00,2023-06-02 13:49:00+00:00,2023-06-02 13:50:00+00:00,long,14554.25,14554.5,14554.75,14529.75,14579.75,14604.75,14629.75,14654.75,71.65666419844501,near_trigger,30.656664198445014,25.0,False,False,False,False,True,stop,14529.75,14529.5,-25.25,0.0,-25.25,-1.01,0.75,37.25,0.03,1.49,2,1.0,0,2023-06-02,4.225225225225225,3.250414593698176,2.725228390723823,partial_bullish,1.4679219325893453,2.067649057858888,bullish,bullish,True,False,True,False
215,236264,236265,236282,2023-06-02 14:21:00+00:00,2023-06-02 14:22:00+00:00,2023-06-02 14:39:00+00:00,short,14511.0,14510.75,14510.5,14535.5,14485.5,14460.5,14435.5,14410.5,73.96924829157176,near_trigger,-65.96924829157176,25.0,True,False,False,False,True,stop,14535.5,14535.75,-25.25,0.0,-25.25,-1.01,27.5,34.25,1.1,1.37,18,17.0,1,2023-06-02,0.8929384965831435,0.16016640665626625,0.5243445692883895,partial_bearish,1.183608087484076,1.6075925513507956,bearish,bearish,True,True,True,False
216,237624,237625,237638,2023-06-05 14:01:00+00:00,2023-06-05 14:02:00+00:00,2023-06-05 14:15:00+00:00,long,14620.0,14619.75,14620.0,14595.0,14645.0,14670.0,14695.0,14720.0,74.2404255319149,near_trigger,35.240425531914894,25.0,False,False,False,False,True,stop,14595.0,14594.75,-25.25,0.0,-25.25,-1.01,21.5,30.0,0.86,1.2,14,13.0,0,2023-06-05,1.9563318777292575,0.4666666666666666,1.3781788351107465,partial_bullish,2.9490287955975703,2.9425756031260617,bullish,neutral,False,True,True,False
217,238990,238991,239050,2023-06-06 13:47:00+00:00,2023-06-06 13:48:00+00:00,2023-06-06 14:47:00+00:00,long,14550.25,14550.0,14550.25,14525.25,14575.25,14600.25,14625.25,14650.25,72.05440522751543,near_trigger,65.05440522751543,25.0,True,False,False,False,False,max_holding_time,14592.5,14592.25,42.0,0.0,42.0,1.68,48.5,24.5,1.94,0.98,60,59.0,1,2023-06-06,1.1650485436893203,3.454068241469816,2.2660753880266076,partial_bearish,1.2065992260167018,1.2289946475249989,neutral,bullish,True,False,True,False
218,240353,240354,240386,2023-06-07 13:30:00+00:00,2023-06-07 13:31:00+00:00,2023-06-07 14:03:00+00:00,long,14626.25,14626.25,14626.5,14601.5,14651.5,14676.5,14701.5,14726.5,73.0,near_trigger,60.0,25.0,True,False,False,False,True,stop,14601.5,14601.25,-25.25,0.0,-25.25,-1.01,49.0,39.0,1.96,1.56,33,32.0,1,2023-06-07,3.88,0.24347826086956523,0.9183673469387755,partial_bearish,20.79411421230877,1.5976671152983402,bullish,bullish,True,True,False,False
219,240393,240394,240397,2023-06-07 14:10:00+00:00,2023-06-07 14:11:00+00:00,2023-06-07 14:14:00+00:00,long,14621.25,14620.5,14620.75,14595.75,14645.75,14670.75,14695.75,14720.75,74.2698281763124,near_trigger,42.2698281763124,25.0,False,False,False,False,True,stop,14595.75,14595.5,-25.25,0.0,-25.25,-1.01,1.75,25.5,0.07,1.02,4,3.0,0,2023-06-07,0.7386091127098322,2.2705314009661834,1.8529411764705883,partial_bullish,1.2371778834125595,1.3087896673106951,bullish,bullish,False,True,True,False
220,241734,241735,241737,2023-06-08 13:31:00+00:00,2023-06-08 13:32:00+00:00,2023-06-08 13:34:00+00:00,long,14365.0,14365.0,14365.25,14342.0,14390.25,14415.25,14440.25,14465.25,72.38108108108108,near_trigger,33.38108108108108,23.25,False,False,False,False,True,stop,14342.0,14341.75,-23.5,0.0,-23.5,-1.010752688172043,8.75,34.25,0.3763440860215054,1.4731182795698925,3,2.0,0,2023-06-08,1.8028169014084507,1.0790513833992095,1.8492706645056727,partial_bullish,10.379402318872136,1.7820560747663552,bullish,bullish,True,True,True,False
221,241739,241740,241799,2023-06-08 13:36:00+00:00,2023-06-08 13:37:00+00:00,2023-06-08 14:36:00+00:00,long,14359.5,14359.75,14360.0,14335.0,14385.0,14410.0,14435.0,14460.0,83.48740818467996,high_probability,44.487408184679964,25.0,True,True,False,False,False,max_holding_time,14411.5,14411.25,51.25,0.0,51.25,2.05,67.75,18.5,2.71,0.74,60,59.0,2,2023-06-08,0.323189926547744,0.9650959860383944,1.8492706645056727,partial_bearish,2.1294363256784967,1.5648355360385087,bullish,bullish,True,True,True,False
222,243135,243136,243183,2023-06-09 13:52:00+00:00,2023-06-09 13:53:00+00:00,2023-06-09 14:40:00+00:00,long,14656.25,14656.25,14656.5,14631.5,14681.5,14706.5,14731.5,14756.5,78.0040081051647,near_trigger,78.0040081051647,25.0,True,False,False,False,True,stop,14631.5,14631.25,-25.25,0.0,-25.25,-1.01,31.5,25.5,1.26,1.02,48,47.0,1,2023-06-09,1.197241379310345,4.703247480403135,4.168539325842697,strong_bullish,0.791134700903744,0.9163285933843789,bullish,bullish,False,True,True,False
223,245502,245503,245561,2023-06-13 14:19:00+00:00,2023-06-13 14:20:00+00:00,2023-06-13 15:18:00+00:00,long,15001.75,15001.75,15002.0,14977.0,15027.0,15052.0,15077.0,15102.0,93.65100864553314,a_plus_plus,84.65100864553314,25.0,True,True,True,True,False,tp4,15102.0,15101.75,99.75,0.0,99.75,3.99,100.0,23.5,4.0,0.94,59,58.0,4,2023-06-13,1.0355427473583092,1.4986619090098128,2.9900662251655628,partial_bearish,1.1072654892679792,1.5935580406363208,bullish,bullish,True,True,True,True
224,246839,246840,246843,2023-06-14 13:36:00+00:00,2023-06-14 13:37:00+00:00,2023-06-14 13:40:00+00:00,short,15057.5,15057.75,15057.5,15082.5,15032.5,15007.5,14982.5,14957.5,80.62350239434231,high_probability,-39.62350239434231,25.0,False,False,False,False,True,stop,15082.5,15082.75,-25.25,0.0,-25.25,-1.01,4.5,37.25,0.18,1.49,4,3.0,0,2023-06-14,2.4647887323943665,0.7296969696969696,1.532258064516129,strong_bearish,2.840731450176319,1.0195853286185885,neutral,bearish,True,True,True,False
225,248216,248217,248222,2023-06-15 13:33:00+00:00,2023-06-15 13:34:00+00:00,2023-06-15 13:39:00+00:00,short,15117.75,15117.75,15117.5,15142.5,15092.5,15067.5,15042.5,15017.5,91.76188317994728,a_plus_plus,-70.76188317994728,25.0,False,False,False,False,True,stop,15142.5,15142.75,-25.25,0.0,-25.25,-1.01,1.5,38.0,0.06,1.52,6,5.0,0,2023-06-15,2.04031007751938,0.27288135593220336,1.6234939759036144,partial_bullish,3.305940994207194,1.1349026499560653,bearish,bearish,True,True,True,False
226,249595,249596,249598,2023-06-16 13:32:00+00:00,2023-06-16 13:33:00+00:00,2023-06-16 13:35:00+00:00,long,15415.75,15416.0,15416.25,15391.25,15441.25,15466.25,15491.25,15516.25,78.0,near_trigger,44.833711048158634,25.0,False,False,False,False,True,stop,15391.25,15391.0,-25.25,0.0,-25.25,-1.01,21.5,31.25,0.86,1.25,3,2.0,0,2023-06-16,2.4721435316336167,2.5855855855855854,1.8961881589618816,partial_bullish,3.0019112845424862,1.5768337830206436,bullish,bullish,True,True,True,False
227,249599,249600,249606,2023-06-16 13:36:00+00:00,2023-06-16 13:37:00+00:00,2023-06-16 13:43:00+00:00,long,15387.75,15388.25,15388.5,15363.5,15413.5,15438.5,15463.5,15488.5,78.0,near_trigger,29.318706219486316,25.0,False,False,False,False,True,stop,15363.5,15363.25,-25.25,0.0,-25.25,-1.01,8.75,37.5,0.35,1.5,7,6.0,0,2023-06-16,1.5289747399702824,0.4378801042571677,1.8961881589618816,partial_bearish,1.9262907197351957,1.8615416623322585,bullish,bullish,True,True,True,False
228,249614,249615,249616,2023-06-16 13:51:00+00:00,2023-06-16 13:52:00+00:00,2023-06-16 13:53:00+00:00,long,15369.75,15370.25,15370.5,15345.5,15395.5,15420.5,15445.5,15470.5,71.54738420338245,near_trigger,71.54738420338245,25.0,False,False,False,False,True,stop,15345.5,15345.25,-25.25,0.0,-25.25,-1.01,7.25,25.5,0.29,1.02,2,1.0,0,2023-06-16,1.1257731958762887,4.100709219858156,2.429682824655895,partial_bearish,1.0059563203176705,1.3705864925094355,bullish,bullish,True,True,True,False
229,252114,252115,252143,2023-06-20 13:31:00+00:00,2023-06-20 13:32:00+00:00,2023-06-20 14:00:00+00:00,long,15242.75,15242.5,15242.75,15217.75,15267.75,15292.75,15317.75,15342.75,74.6592431140767,near_trigger,37.6592431140767,25.0,True,True,False,False,True,stop,15217.75,15217.5,-25.25,0.0,-25.25,-1.01,67.5,29.0,2.7,1.16,29,28.0,2,2023-06-20,1.2839506172839505,2.431578947368421,1.366183574879227,partial_bearish,8.049780794795643,1.46860003096135,bullish,bullish,True,True,True,True
230,253493,253494,253494,2023-06-21 13:30:00+00:00,2023-06-21 13:31:00+00:00,2023-06-21 13:31:00+00:00,short,15179.25,15178.75,15178.5,15203.5,15153.5,15128.5,15103.5,15078.5,90.48490314510953,a_plus_plus,-78.48490314510953,25.0,False,False,False,False,True,stop,15203.5,15203.75,-25.25,0.0,-25.25,-1.01,0.0,29.25,0.0,1.17,1,0.0,0,2023-06-21,3.0223325062034743,0.6810810810810811,0.5793103448275861,partial_bearish,12.503122898049389,1.070752620924606,bearish,bearish,True,True,True,False
231,254907,254908,254908,2023-06-22 14:04:00+00:00,2023-06-22 14:05:00+00:00,2023-06-22 14:05:00+00:00,long,15095.25,15094.75,15095.0,15072.5,15120.0,15145.0,15170.0,15195.0,75.08430937016543,near_trigger,75.08430937016543,22.5,False,False,False,False,True,stop,15072.5,15072.25,-22.75,0.0,-22.75,-1.011111111111111,2.25,23.0,0.1,1.0222222222222221,1,0.0,0,2023-06-22,0.9491525423728814,3.5058626465661638,3.317108088761632,strong_bullish,0.7714719190129026,1.0561335146858801,bullish,bullish,False,True,True,False
232,254914,254915,254944,2023-06-22 14:11:00+00:00,2023-06-22 14:12:00+00:00,2023-06-22 14:41:00+00:00,long,15110.5,15110.5,15110.75,15085.75,15135.75,15160.75,15185.75,15210.75,94.0,a_plus_plus,63.0,25.0,True,False,False,False,True,stop,15085.75,15085.5,-25.25,0.0,-25.25,-1.01,38.5,28.5,1.54,1.14,30,29.0,1,2023-06-22,2.063679245283019,1.293764087152517,3.317108088761632,strong_bullish,2.2272096756596684,2.4590446035242293,bullish,bullish,True,True,True,True
233,256258,256259,256318,2023-06-23 13:35:00+00:00,2023-06-23 13:36:00+00:00,2023-06-23 14:35:00+00:00,short,15075.75,15075.5,15075.25,15100.25,15050.25,15025.25,15000.25,14975.25,71.53051634341583,near_trigger,-30.530516343415826,25.0,True,True,True,False,False,max_holding_time,15052.75,15053.0,22.25,0.0,22.25,0.89,90.5,8.5,3.62,0.34,60,59.0,3,2023-06-23,2.2857142857142856,1.585570469798658,3.2550000000000003,partial_bullish,3.38192581118088,1.4029813065880221,bearish,bearish,True,False,False,False
234,257634,257635,257637,2023-06-26 13:31:00+00:00,2023-06-26 13:32:00+00:00,2023-06-26 13:34:00+00:00,short,15031.0,15030.5,15030.25,15055.25,15005.25,14980.25,14955.25,14930.25,70.00423934443643,near_trigger,-37.00423934443643,25.0,False,False,False,False,True,stop,15055.25,15055.5,-25.25,0.0,-25.25,-1.01,6.0,34.25,0.24,1.37,3,2.0,0,2023-06-26,2.126582278481013,1.6343178621659635,0.46764091858037576,strong_bearish,5.541620638118136,0.707119284920648,neutral,neutral,True,True,True,True
235,259013,259014,259015,2023-06-27 13:30:00+00:00,2023-06-27 13:31:00+00:00,2023-06-27 13:32:00+00:00,long,14928.75,14928.75,14929.0,14904.0,14954.0,14979.0,15004.0,15029.0,72.09408107435961,near_trigger,72.09408107435961,25.0,False,False,False,False,True,stop,14904.0,14903.75,-25.25,0.0,-25.25,-1.01,7.0,31.0,0.28,1.24,2,1.0,0,2023-06-27,1.7916666666666667,0.716374269005848,1.0831408775981526,strong_bullish,13.089331195170269,1.0784008952996766,bullish,bullish,True,True,True,True
236,259016,259017,259076,2023-06-27 13:33:00+00:00,2023-06-27 13:34:00+00:00,2023-06-27 14:33:00+00:00,long,14905.75,14906.0,14906.25,14881.25,14931.25,14956.25,14981.25,15006.25,84.01764103412614,high_probability,66.01764103412614,25.0,True,True,False,False,False,max_holding_time,14927.5,14927.25,21.0,0.0,21.0,0.84,73.25,18.0,2.93,0.72,60,59.0,2,2023-06-27,1.1072056239015817,0.716374269005848,1.0831408775981526,partial_bullish,3.6343808862892835,1.2190066614202901,bullish,bullish,True,True,True,False
237,260393,260394,260453,2023-06-28 13:30:00+00:00,2023-06-28 13:31:00+00:00,2023-06-28 14:30:00+00:00,long,15047.25,15047.5,15047.75,15022.75,15072.75,15097.75,15122.75,15147.75,90.36304045921673,a_plus_plus,90.36304045921673,25.0,True,True,True,True,False,tp4,15147.75,15147.5,99.75,0.0,99.75,3.99,101.5,22.25,4.06,0.89,60,59.0,4,2023-06-28,1.5,1.7238805970149254,1.5588865096359745,partial_bearish,13.725961538461538,0.9692003826806159,bullish,bullish,True,True,True,False
238,261773,261774,261774,2023-06-29 13:30:00+00:00,2023-06-29 13:31:00+00:00,2023-06-29 13:31:00+00:00,long,15121.0,15121.25,15121.5,15101.0,15146.5,15171.5,15196.5,15221.5,76.12628816919405,near_trigger,76.12628816919405,20.5,False,False,False,False,True,stop,15101.0,15100.75,-20.75,0.0,-20.75,-1.0121951219512195,8.5,27.75,0.4146341463414634,1.353658536585366,1,0.0,0,2023-06-29,1.3719376391982183,0.2864768683274021,2.5716639209225702,partial_bearish,5.1533795493934145,0.9075786710618685,bullish,bullish,True,False,True,False
239,261776,261777,261787,2023-06-29 13:33:00+00:00,2023-06-29 13:34:00+00:00,2023-06-29 13:44:00+00:00,long,15125.25,15125.5,15125.75,15101.0,15150.75,15175.75,15200.75,15225.75,81.55082302379091,high_probability,66.55082302379091,24.75,False,False,False,False,True,stop,15101.0,15100.75,-25.0,0.0,-25.0,-1.0101010101010102,19.0,42.0,0.7676767676767676,1.696969696969697,11,10.0,0,2023-06-29,0.8863309352517985,0.2864768683274021,2.5716639209225702,partial_bearish,2.4956729194929133,1.1865971241423026,bullish,bullish,True,True,True,False
240,261810,261811,261824,2023-06-29 14:07:00+00:00,2023-06-29 14:08:00+00:00,2023-06-29 14:21:00+00:00,short,15065.75,15065.25,15065.0,15090.0,15040.0,15015.0,14990.0,14965.0,91.6,a_plus_plus,-60.599999999999994,25.0,True,False,False,False,True,stop,15090.0,15090.25,-25.25,0.0,-25.25,-1.01,29.75,31.5,1.19,1.26,14,13.0,1,2023-06-29,2.8228105906313647,0.17796610169491525,2.350032530904359,strong_bearish,3.649666451474069,3.8164429799887487,bearish,bearish,True,True,True,False
241,264588,264589,264648,2023-07-03 14:25:00+00:00,2023-07-03 14:26:00+00:00,2023-07-03 15:25:00+00:00,short,15360.5,15360.5,15360.25,15385.25,15335.25,15310.25,15285.25,15260.25,75.1525554276028,near_trigger,-75.1525554276028,25.0,True,True,False,False,False,max_holding_time,15323.5,15323.75,36.5,0.0,36.5,1.46,51.25,8.75,2.05,0.35,60,59.0,2,2023-07-03,0.821917808219178,0.24493554327808473,0.5476429287863591,partial_bullish,1.0764998471670326,0.7298692490297298,bearish,bearish,True,False,True,False
242,269610,269611,269632,2023-07-07 13:53:00+00:00,2023-07-07 13:54:00+00:00,2023-07-07 14:15:00+00:00,long,15271.0,15271.0,15271.25,15246.25,15296.25,15321.25,15346.25,15371.25,70.01745283018867,near_trigger,49.017452830188674,25.0,False,False,False,False,True,stop,15246.25,15246.0,-25.25,0.0,-25.25,-1.01,6.75,35.25,0.27,1.41,22,21.0,0,2023-07-07,1.6014150943396226,0.38235294117647056,0.23222748815165878,partial_bullish,1.0383228565046747,1.5414982314300152,neutral,bullish,False,False,True,False
243,270997,270998,271057,2023-07-10 14:00:00+00:00,2023-07-10 14:01:00+00:00,2023-07-10 15:00:00+00:00,long,15123.0,15122.5,15122.75,15097.75,15147.75,15172.75,15197.75,15222.75,76.32553433886476,near_trigger,46.325534338864756,25.0,True,True,True,False,False,max_holding_time,15143.0,15142.75,20.0,0.0,20.0,0.8,81.25,0.25,3.25,0.01,60,59.0,3,2023-07-10,1.9267480577136513,2.7719799857040743,1.736,partial_bearish,1.008594300621693,1.2959733992944324,neutral,bullish,True,False,True,False
244,272381,272382,272397,2023-07-11 14:04:00+00:00,2023-07-11 14:05:00+00:00,2023-07-11 14:20:00+00:00,short,15132.75,15133.0,15132.75,15157.75,15107.75,15082.75,15057.75,15032.75,75.0,near_trigger,-70.0,25.0,False,False,False,False,True,stop,15157.75,15158.0,-25.25,0.0,-25.25,-1.01,23.75,27.25,0.95,1.09,16,15.0,0,2023-07-11,2.2386634844868736,2.2246256239600664,3.2746536267318667,strong_bearish,1.495357028498239,2.1634559703509244,bearish,bearish,False,True,True,False
245,273733,273734,273793,2023-07-12 13:36:00+00:00,2023-07-12 13:37:00+00:00,2023-07-12 14:36:00+00:00,long,15421.0,15421.25,15421.5,15396.5,15446.5,15471.5,15496.5,15521.5,70.0,near_trigger,69.77260828613717,25.0,True,True,True,False,False,max_holding_time,15487.0,15486.75,65.25,0.0,65.25,2.61,86.25,13.5,3.45,0.54,60,59.0,3,2023-07-12,0.21538461538461537,0.7837150127226463,5.003843197540354,partial_bullish,2.165783274440518,1.4394930948856894,bullish,bullish,False,True,True,False
246,276487,276488,276493,2023-07-14 13:30:00+00:00,2023-07-14 13:31:00+00:00,2023-07-14 13:36:00+00:00,short,15747.5,15748.0,15747.75,15772.75,15722.75,15697.75,15672.75,15647.75,70.0,near_trigger,-60.0,25.0,False,False,False,False,True,stop,15772.75,15773.0,-25.25,0.0,-25.25,-1.01,4.75,28.5,0.19,1.14,6,5.0,0,2023-07-14,5.07808564231738,1.4679611650485438,0.01936376210235131,partial_bullish,23.757112209681935,1.9789902254821214,bearish,bearish,False,False,True,False
247,277881,277882,277887,2023-07-17 13:44:00+00:00,2023-07-17 13:45:00+00:00,2023-07-17 13:50:00+00:00,long,15739.25,15739.25,15739.5,15714.5,15764.5,15789.5,15814.5,15839.5,74.0,near_trigger,24.455056179775283,25.0,False,False,False,False,True,stop,15714.5,15714.25,-25.25,0.0,-25.25,-1.01,2.5,27.75,0.1,1.11,6,5.0,0,2023-07-17,1.8701622971285892,3.6654545454545455,2.8301435406698565,partial_bullish,1.9025295158112714,1.913840990626085,bullish,bullish,False,False,True,False
248,277896,277897,277956,2023-07-17 13:59:00+00:00,2023-07-17 14:00:00+00:00,2023-07-17 14:59:00+00:00,long,15739.75,15740.0,15740.25,15715.25,15765.25,15790.25,15815.25,15840.25,73.39322033898306,near_trigger,42.393220338983056,25.0,True,False,False,False,False,max_holding_time,15755.75,15755.5,15.25,0.0,15.25,0.61,32.0,12.0,1.28,0.48,60,59.0,1,2023-07-17,1.0847457627118644,0.33070866141732286,2.344693281402142,partial_bullish,1.4534043930866165,2.4266112266112265,bullish,bullish,True,False,False,False
249,279303,279304,279317,2023-07-18 14:26:00+00:00,2023-07-18 14:27:00+00:00,2023-07-18 14:40:00+00:00,short,15758.25,15758.25,15758.0,15783.0,15733.0,15708.0,15683.0,15658.0,70.50248447204969,near_trigger,-70.50248447204969,25.0,False,False,False,False,True,stop,15783.0,15783.25,-25.25,0.0,-25.25,-1.01,6.25,26.0,0.25,1.04,14,13.0,0,2023-07-18,1.7380952380952381,0.2161764705882353,1.821998320738875,strong_bearish,1.744333125865842,1.6771229465474973,bearish,bearish,True,True,False,False
250,280683,280684,280686,2023-07-19 14:26:00+00:00,2023-07-19 14:27:00+00:00,2023-07-19 14:29:00+00:00,long,16009.5,16009.75,16010.0,15985.0,16035.0,16060.0,16085.0,16110.0,73.79314586994728,near_trigger,52.79314586994728,25.0,False,False,False,False,True,stop,15985.0,15984.75,-25.25,0.0,-25.25,-1.01,0.0,27.0,0.0,1.08,3,2.0,0,2023-07-19,1.4270650263620386,0.1079414032382421,1.2657534246575344,partial_bullish,1.394136114510722,1.5337183890103028,bullish,neutral,False,True,True,True
251,282037,282038,282067,2023-07-20 14:00:00+00:00,2023-07-20 14:01:00+00:00,2023-07-20 14:30:00+00:00,short,15843.5,15843.0,15842.75,15867.75,15817.75,15792.75,15767.75,15742.75,81.2,high_probability,-52.2,25.0,True,True,True,True,False,tp4,15742.75,15743.0,99.75,0.0,99.75,3.99,102.25,4.25,4.09,0.17,30,29.0,4,2023-07-20,2.5096296296296297,0.4175438596491228,1.739457831325301,partial_bearish,2.166145600714605,1.8220068372215334,neutral,bearish,True,True,True,False
252,283420,283421,283421,2023-07-21 14:03:00+00:00,2023-07-21 14:04:00+00:00,2023-07-21 14:04:00+00:00,short,15580.5,15580.0,15579.75,15604.75,15554.75,15529.75,15504.75,15479.75,70.01935483870967,near_trigger,-37.019354838709674,25.0,False,False,False,False,True,stop,15604.75,15605.0,-25.25,0.0,-25.25,-1.01,0.5,25.25,0.02,1.01,1,0.0,0,2023-07-21,3.0559139784946234,3.1618920719520323,2.8919708029197078,strong_bearish,1.4304187611204557,2.3189685066675074,neutral,neutral,False,True,True,False
253,283428,283429,283439,2023-07-21 14:11:00+00:00,2023-07-21 14:12:00+00:00,2023-07-21 14:22:00+00:00,long,15633.5,15633.5,15633.75,15608.75,15658.75,15683.75,15708.75,15733.75,86.4286166842661,high_probability,41.4286166842661,25.0,False,False,False,False,True,stop,15608.75,15608.5,-25.25,0.0,-25.25,-1.01,14.25,25.25,0.57,1.01,11,10.0,0,2023-07-21,1.4192185850052799,2.193333333333333,2.8919708029197078,partial_bearish,1.032045341895998,1.5927496466284194,neutral,bullish,True,True,True,True
254,287530,287531,287539,2023-07-26 13:33:00+00:00,2023-07-26 13:34:00+00:00,2023-07-26 13:42:00+00:00,short,15579.75,15579.25,15579.0,15604.0,15554.0,15529.0,15504.0,15479.0,89.0,high_probability,-67.0,25.0,False,False,False,False,True,stop,15604.0,15604.25,-25.25,0.0,-25.25,-1.01,13.25,30.75,0.53,1.23,9,8.0,0,2023-07-26,3.0297029702970297,0.19753086419753085,0.1084070796460177,partial_bullish,4.389994895354773,1.606259014454256,bearish,bearish,True,True,True,False
255,290288,290289,290311,2023-07-28 13:31:00+00:00,2023-07-28 13:32:00+00:00,2023-07-28 13:54:00+00:00,long,15717.0,15717.25,15717.5,15692.5,15742.5,15767.5,15792.5,15817.5,70.0,near_trigger,19.242533017744847,25.0,True,True,True,True,False,tp4,15817.5,15817.25,99.75,0.0,99.75,3.99,100.0,1.0,4.0,0.04,23,22.0,4,2023-07-28,1.9130434782608696,1.1199999999999999,1.0615521855486174,partial_bearish,5.356992860142797,0.7145558185459587,bullish,neutral,True,True,True,False
256,290314,290315,290374,2023-07-28 13:57:00+00:00,2023-07-28 13:58:00+00:00,2023-07-28 14:57:00+00:00,long,15795.0,15795.0,15795.25,15770.25,15820.25,15845.25,15870.25,15895.25,70.0,near_trigger,24.044615384615383,25.0,True,False,False,False,False,max_holding_time,15799.25,15799.0,3.75,0.0,3.75,0.15,42.5,13.75,1.7,0.55,60,59.0,1,2023-07-28,1.0948717948717948,3.3789392774788625,1.3175287356321839,partial_bullish,0.9164245810055865,1.5047884636553772,bullish,bullish,False,False,True,False
257,291668,291669,291671,2023-07-31 13:31:00+00:00,2023-07-31 13:32:00+00:00,2023-07-31 13:34:00+00:00,long,15875.25,15875.0,15875.25,15853.5,15900.25,15925.25,15950.25,15975.25,73.0009351353637,near_trigger,73.0009351353637,21.75,False,False,False,False,True,stop,15853.5,15853.25,-22.0,0.0,-22.0,-1.0114942528735633,17.5,30.0,0.8045977011494253,1.3793103448275863,3,2.0,0,2023-07-31,1.5443645083932853,2.171532846715328,1.0892857142857142,partial_bearish,4.589998993862562,0.647661773474545,bullish,bullish,True,True,True,False
258,291672,291673,291692,2023-07-31 13:35:00+00:00,2023-07-31 13:36:00+00:00,2023-07-31 13:55:00+00:00,long,15866.5,15866.0,15866.25,15841.25,15891.25,15916.25,15941.25,15966.25,84.65629627478877,high_probability,79.65629627478877,25.0,True,False,False,False,True,stop,15841.25,15841.0,-25.25,0.0,-25.25,-1.01,38.75,51.25,1.55,2.05,20,19.0,1,2023-07-31,0.019204389574759947,1.7352112676056337,1.0892857142857142,strong_bearish,2.4112375877936545,0.9635802289906411,bullish,bullish,True,True,True,False
259,293047,293048,293062,2023-08-01 13:30:00+00:00,2023-08-01 13:31:00+00:00,2023-08-01 13:45:00+00:00,short,15780.75,15781.5,15781.25,15806.25,15756.25,15731.25,15706.25,15681.25,72.05254158089488,near_trigger,-33.05254158089488,25.0,False,False,False,False,True,stop,15806.25,15806.5,-25.25,0.0,-25.25,-1.01,16.25,27.75,0.65,1.11,15,14.0,0,2023-08-01,1.7082228116710876,1.146551724137931,0.9124513618677043,partial_bullish,12.039329934450109,1.043784650745741,bearish,bearish,True,True,True,False
260,294431,294432,294473,2023-08-02 13:34:00+00:00,2023-08-02 13:35:00+00:00,2023-08-02 14:16:00+00:00,short,15625.25,15625.25,15625.0,15650.0,15600.0,15575.0,15550.0,15525.0,83.39626819489301,high_probability,-70.39626819489301,25.0,True,True,True,True,False,tp4,15525.0,15525.25,99.75,0.0,99.75,3.99,100.5,6.75,4.02,0.27,42,41.0,4,2023-08-02,3.607361963190184,0.06407322654462243,1.502283105022831,strong_bearish,3.712349579183447,1.3578308577073703,bearish,bearish,False,True,True,False
261,297187,297188,297190,2023-08-04 13:30:00+00:00,2023-08-04 13:31:00+00:00,2023-08-04 13:33:00+00:00,short,15518.5,15518.5,15518.25,15543.25,15493.25,15468.25,15443.25,15418.25,70.0,near_trigger,-22.47494075611837,25.0,False,False,False,False,True,stop,15543.25,15543.5,-25.25,0.0,-25.25,-1.01,0.25,33.0,0.01,1.32,3,2.0,0,2023-08-04,1.9160583941605838,0.46335697399527187,2.0823045267489713,partial_bullish,8.631184483719046,1.0665031411908992,bearish,bearish,False,False,True,False
262,297198,297199,297219,2023-08-04 13:41:00+00:00,2023-08-04 13:42:00+00:00,2023-08-04 14:02:00+00:00,short,15529.25,15529.5,15529.25,15554.25,15504.25,15479.25,15454.25,15429.25,78.7,near_trigger,-61.7,25.0,True,True,True,True,False,tp4,15429.25,15429.5,99.75,0.0,99.75,3.99,107.25,12.5,4.29,0.5,21,20.0,4,2023-08-04,2.763358778625954,1.525179856115108,2.0823045267489713,partial_bullish,1.9763057386819765,1.9762817004196314,bearish,bearish,True,True,False,False
263,297223,297224,297225,2023-08-04 14:06:00+00:00,2023-08-04 14:07:00+00:00,2023-08-04 14:08:00+00:00,short,15396.0,15396.0,15395.75,15420.75,15370.75,15345.75,15320.75,15295.75,82.00027700831025,high_probability,-81.00027700831025,25.0,False,False,False,False,True,stop,15420.75,15421.0,-25.25,0.0,-25.25,-1.01,1.5,27.0,0.06,1.08,2,1.0,0,2023-08-04,2.585410895660203,4.0272108843537415,0.591715976331361,strong_bearish,1.2478279668137802,1.9385582479975667,bearish,bearish,False,True,True,False
264,297238,297239,297242,2023-08-04 14:21:00+00:00,2023-08-04 14:22:00+00:00,2023-08-04 14:25:00+00:00,short,15452.25,15453.0,15452.75,15477.75,15427.75,15402.75,15377.75,15352.75,71.07237687366167,near_trigger,-71.07237687366167,25.0,False,False,False,False,True,stop,15477.75,15478.0,-25.25,0.0,-25.25,-1.01,12.25,27.25,0.49,1.09,4,3.0,0,2023-08-04,0.7194860813704498,0.20570440795159897,1.824644549763033,partial_bearish,0.9105571992598384,1.5164549035118076,bearish,bearish,True,True,False,False
265,298567,298568,298568,2023-08-07 13:30:00+00:00,2023-08-07 13:31:00+00:00,2023-08-07 13:31:00+00:00,long,15462.25,15462.25,15462.5,15437.5,15487.5,15512.5,15537.5,15562.5,72.1234139538884,near_trigger,41.1234139538884,25.0,False,False,False,False,True,stop,15437.5,15437.25,-25.25,0.0,-25.25,-1.01,10.75,32.0,0.43,1.28,1,0.0,0,2023-08-07,4.379679144385027,0.06942148760330578,0.8846153846153846,partial_bullish,15.244565217391305,1.1028449615736673,bullish,bullish,True,True,True,False
266,298572,298573,298579,2023-08-07 13:35:00+00:00,2023-08-07 13:36:00+00:00,2023-08-07 13:42:00+00:00,long,15427.25,15427.25,15427.5,15402.5,15452.5,15477.5,15502.5,15527.5,74.52187566300684,near_trigger,37.52187566300684,25.0,False,False,False,False,True,stop,15402.5,15402.25,-25.25,0.0,-25.25,-1.01,21.0,26.25,0.84,1.05,7,6.0,0,2023-08-07,2.596026490066225,1.2475247524752475,0.8846153846153846,partial_bearish,2.7302441838108056,1.1906359001878186,bullish,bullish,True,True,True,False
267,298604,298605,298617,2023-08-07 14:07:00+00:00,2023-08-07 14:08:00+00:00,2023-08-07 14:20:00+00:00,short,15404.75,15405.0,15404.75,15429.75,15379.75,15354.75,15329.75,15304.75,71.0,near_trigger,-25.82147575304134,25.0,False,False,False,False,True,stop,15429.75,15430.0,-25.25,0.0,-25.25,-1.01,12.0,25.25,0.48,1.01,13,12.0,0,2023-08-07,1.9194776931447226,1.2669683257918551,1.4346952444742131,partial_bearish,1.1553764692780417,1.4828289653200972,bearish,bearish,True,True,True,True
268,299954,299955,299956,2023-08-08 13:37:00+00:00,2023-08-08 13:38:00+00:00,2023-08-08 13:39:00+00:00,short,15348.5,15348.75,15348.5,15373.5,15323.5,15298.5,15273.5,15248.5,74.90158612127895,near_trigger,-58.90158612127895,25.0,False,False,False,False,True,stop,15373.5,15373.75,-25.25,0.0,-25.25,-1.01,6.0,25.25,0.24,1.01,2,1.0,0,2023-08-08,1.129032258064516,0.2064343163538874,1.469387755102041,partial_bearish,2.3935075964895725,1.2684283170970774,bearish,bearish,False,True,True,False
269,299966,299967,300026,2023-08-08 13:49:00+00:00,2023-08-08 13:50:00+00:00,2023-08-08 14:49:00+00:00,short,15286.5,15286.75,15286.5,15311.5,15261.5,15236.5,15211.5,15186.5,70.16092715231788,near_trigger,-45.16092715231788,25.0,True,False,False,False,False,max_holding_time,15261.0,15261.25,25.25,0.0,25.25,1.01,42.0,21.25,1.68,0.85,60,59.0,1,2023-08-08,2.7505518763796912,2.858858858858859,1.250642673521851,strong_bearish,1.6237847967828836,2.061641034538312,bearish,bearish,False,True,True,False
270,301347,301348,301358,2023-08-09 13:50:00+00:00,2023-08-09 13:51:00+00:00,2023-08-09 14:01:00+00:00,short,15272.75,15272.5,15272.25,15297.25,15247.25,15222.25,15197.25,15172.25,76.59649122807018,near_trigger,-51.59649122807018,25.0,False,False,False,False,True,stop,15297.25,15297.5,-25.25,0.0,-25.25,-1.01,9.0,29.25,0.36,1.17,11,10.0,0,2023-08-09,1.6046783625730994,4.364319248826291,3.446319018404908,strong_bearish,1.4579214637360935,1.661402540033131,neutral,bearish,False,True,True,False
271,301377,301378,301434,2023-08-09 14:20:00+00:00,2023-08-09 14:21:00+00:00,2023-08-09 15:17:00+00:00,short,15266.5,15267.0,15266.75,15291.75,15241.75,15216.75,15191.75,15166.75,83.6,high_probability,-70.6,25.0,True,True,True,True,False,tp4,15166.75,15167.0,99.75,0.0,99.75,3.99,108.25,23.75,4.33,0.95,57,56.0,4,2023-08-09,2.3056379821958455,0.28994082840236685,2.9362577107607954,partial_bearish,1.9949618641102793,1.8789955842615171,bearish,bearish,False,True,True,False
272,302709,302710,302731,2023-08-10 13:32:00+00:00,2023-08-10 13:33:00+00:00,2023-08-10 13:54:00+00:00,long,15294.75,15295.0,15295.25,15271.25,15320.25,15345.25,15370.25,15395.25,73.0,near_trigger,46.85126827722533,24.0,True,True,True,True,False,tp4,15395.25,15395.0,99.75,0.0,99.75,4.15625,100.75,10.5,4.197916666666667,0.4375,22,21.0,4,2023-08-10,0.7581227436823105,0.9808917197452229,0.44842562432138977,partial_bearish,4.325486130427087,1.2906097689788896,bullish,bullish,True,True,True,False
273,302735,302736,302765,2023-08-10 13:58:00+00:00,2023-08-10 13:59:00+00:00,2023-08-10 14:28:00+00:00,long,15413.75,15413.25,15413.5,15388.5,15438.5,15463.5,15488.5,15513.5,73.74401913875599,near_trigger,60.74401913875599,25.0,True,False,False,False,True,stop,15388.5,15388.25,-25.25,0.0,-25.25,-1.01,28.25,28.0,1.13,1.12,30,29.0,1,2023-08-10,2.110047846889952,2.746376811594203,1.7736943907156673,strong_bullish,1.2976010279753023,1.9857021446782983,bullish,bullish,False,True,True,False
274,305509,305510,305569,2023-08-14 14:12:00+00:00,2023-08-14 14:13:00+00:00,2023-08-14 15:12:00+00:00,long,15149.25,15149.25,15149.5,15124.5,15174.5,15199.5,15224.5,15249.5,71.7762870794907,near_trigger,50.7762870794907,25.0,True,True,True,False,False,max_holding_time,15205.75,15205.5,56.0,0.0,56.0,2.24,99.0,11.5,3.96,0.46,60,59.0,3,2023-08-14,1.5518072289156626,1.3001345895020189,1.457384515289525,strong_bullish,1.6748252824728302,1.4963965450844474,neutral,bullish,False,True,True,False
275,306848,306849,306850,2023-08-15 13:31:00+00:00,2023-08-15 13:32:00+00:00,2023-08-15 13:33:00+00:00,short,15216.75,15216.75,15216.5,15241.5,15191.5,15166.5,15141.5,15116.5,73.11746334392951,near_trigger,-73.11746334392951,25.0,False,False,False,False,True,stop,15241.5,15241.75,-25.25,0.0,-25.25,-1.01,3.5,28.5,0.14,1.14,2,1.0,0,2023-08-15,0.6100217864923747,1.527027027027027,1.352168199737188,partial_bullish,4.860150154570882,0.8936377539281897,bearish,bearish,True,True,False,False
276,306861,306862,306921,2023-08-15 13:44:00+00:00,2023-08-15 13:45:00+00:00,2023-08-15 14:44:00+00:00,short,15208.0,15208.0,15207.75,15232.75,15182.75,15157.75,15132.75,15107.75,90.43567567567568,a_plus_plus,-55.43567567567568,25.0,True,True,True,False,False,max_holding_time,15137.25,15137.5,70.25,0.0,70.25,2.81,99.75,9.5,3.99,0.38,60,59.0,3,2023-08-15,2.497297297297297,1.7853107344632768,1.352168199737188,partial_bullish,1.7210180462926639,1.5809448730221296,bearish,bearish,True,True,True,True
277,309608,309609,309668,2023-08-17 13:31:00+00:00,2023-08-17 13:32:00+00:00,2023-08-17 14:31:00+00:00,short,14977.25,14977.25,14977.0,15002.0,14952.0,14927.0,14902.0,14877.0,74.29611496490739,near_trigger,-69.29611496490739,25.0,True,True,True,False,False,max_holding_time,14889.75,14890.0,87.0,0.0,87.0,3.48,95.0,12.0,3.8,0.48,60,59.0,3,2023-08-17,1.4770642201834863,0.34355828220858897,0.577319587628866,partial_bearish,7.797536029753603,0.9134291374228201,neutral,bearish,True,True,True,False
278,310988,310989,311005,2023-08-18 13:31:00+00:00,2023-08-18 13:32:00+00:00,2023-08-18 13:48:00+00:00,short,14653.75,14654.25,14654.0,14679.0,14629.0,14604.0,14579.0,14554.0,73.0,near_trigger,-49.286360570839925,25.0,True,False,False,False,True,stop,14679.0,14679.25,-25.25,0.0,-25.25,-1.01,26.0,29.5,1.04,1.18,17,16.0,1,2023-08-18,1.3873873873873874,0.6575028636884307,0.8387096774193549,partial_bearish,4.191797882750644,0.9730779026784423,bearish,bearish,True,True,True,False
279,311036,311037,311040,2023-08-18 14:19:00+00:00,2023-08-18 14:20:00+00:00,2023-08-18 14:23:00+00:00,short,14647.5,14647.5,14647.25,14672.25,14622.25,14597.25,14572.25,14547.25,73.0,near_trigger,-64.00999999999999,25.0,False,False,False,False,True,stop,14672.25,14672.5,-25.25,0.0,-25.25,-1.01,2.25,25.5,0.09,1.02,4,3.0,0,2023-08-18,0.16666666666666666,0.9820289855072464,0.03272939801285798,partial_bearish,1.1285916156382478,1.5862822337713927,bearish,bearish,True,True,True,True
280,312411,312412,312421,2023-08-21 14:14:00+00:00,2023-08-21 14:15:00+00:00,2023-08-21 14:24:00+00:00,long,14894.25,14894.0,14894.25,14869.25,14919.25,14944.25,14969.25,14994.25,75.0,near_trigger,32.717606552033246,25.0,False,False,False,False,True,stop,14869.25,14869.0,-25.25,0.0,-25.25,-1.01,2.75,37.0,0.11,1.48,10,9.0,0,2023-08-21,2.7,2.3537653239929948,3.476009139375476,partial_bullish,1.3840107164411994,1.2769945399722924,bullish,bullish,True,False,True,True
281,316508,316509,316527,2023-08-24 13:31:00+00:00,2023-08-24 13:32:00+00:00,2023-08-24 13:50:00+00:00,short,15293.5,15293.25,15293.0,15318.0,15268.0,15243.0,15218.0,15193.0,83.0,high_probability,-42.0,25.0,True,True,True,True,False,tp4,15193.0,15193.25,99.75,0.0,99.75,3.99,107.0,4.25,4.28,0.17,19,18.0,4,2023-08-24,4.805642633228841,0.6932367149758454,0.22764227642276424,strong_bearish,8.226720111306191,1.797728407931027,neutral,bearish,True,True,True,True
282,316535,316536,316540,2023-08-24 13:58:00+00:00,2023-08-24 13:59:00+00:00,2023-08-24 14:03:00+00:00,long,15227.25,15227.25,15227.5,15202.5,15252.5,15277.5,15302.5,15327.5,74.466230248307,near_trigger,31.466230248307,25.0,False,False,False,False,True,stop,15202.5,15202.25,-25.25,0.0,-25.25,-1.01,7.25,28.25,0.29,1.13,5,4.0,0,2023-08-24,1.674943566591422,4.614195361911455,4.591349257585539,partial_bearish,1.0975498452577517,1.978018691588785,neutral,bullish,False,True,True,False
283,316543,316544,316562,2023-08-24 14:06:00+00:00,2023-08-24 14:07:00+00:00,2023-08-24 14:25:00+00:00,short,15193.5,15193.75,15193.5,15218.5,15168.5,15143.5,15118.5,15093.5,71.92421420256112,near_trigger,-40.92421420256112,25.0,True,True,True,True,False,tp4,15093.5,15093.75,99.75,0.0,99.75,3.99,101.25,7.25,4.05,0.29,19,18.0,4,2023-08-24,1.5320139697322468,0.5296803652968036,3.917625681405209,strong_bearish,1.3418914673010458,1.703204047217538,bearish,bearish,True,True,True,False
284,316565,316566,316625,2023-08-24 14:28:00+00:00,2023-08-24 14:29:00+00:00,2023-08-24 15:28:00+00:00,short,15087.0,15086.75,15086.5,15111.5,15061.5,15036.5,15011.5,14986.5,73.03589743589744,near_trigger,-68.03589743589744,25.0,True,True,True,False,False,max_holding_time,15011.5,15011.75,74.75,0.0,74.75,2.99,98.0,5.0,3.92,0.2,60,59.0,3,2023-08-24,2.3076923076923075,3.5,5.413427561837456,strong_bearish,1.0816396830864623,1.9870515504064645,bearish,bearish,False,True,True,False
285,317887,317888,317924,2023-08-25 13:30:00+00:00,2023-08-25 13:31:00+00:00,2023-08-25 14:07:00+00:00,long,14921.0,14921.25,14921.5,14896.5,14946.5,14971.5,14996.5,15021.5,93.6298574643661,a_plus_plus,80.6298574643661,25.0,True,True,False,False,True,stop,14896.5,14896.25,-25.25,0.0,-25.25,-1.01,74.0,26.25,2.96,1.05,37,36.0,2,2023-08-25,4.231237322515213,0.48695652173913045,0.29224652087475145,strong_bullish,13.884032634032634,1.1915478869717429,bullish,bullish,True,True,True,True
286,317928,317929,317933,2023-08-25 14:11:00+00:00,2023-08-25 14:12:00+00:00,2023-08-25 14:16:00+00:00,long,14937.5,14936.5,14936.75,14911.75,14961.75,14986.75,15011.75,15036.75,74.4374531835206,near_trigger,55.4374531835206,25.0,True,True,True,True,False,tp4,15036.75,15036.5,99.75,0.0,99.75,3.99,104.25,15.75,4.17,0.63,5,4.0,4,2023-08-25,0.8127340823970037,1.5070821529745042,1.5879899916597164,partial_bullish,1.6453168379523646,2.6233497281905254,bullish,bullish,True,True,False,False
287,319267,319268,319279,2023-08-28 13:30:00+00:00,2023-08-28 13:31:00+00:00,2023-08-28 13:42:00+00:00,long,15065.25,15065.5,15065.75,15040.75,15090.75,15115.75,15140.75,15165.75,70.0,near_trigger,17.677970823253432,25.0,True,True,False,False,True,stop,15040.75,15040.5,-25.25,0.0,-25.25,-1.01,61.0,30.5,2.44,1.22,12,11.0,2,2023-08-28,1.794871794871795,1.1113956466069141,3.0405405405405403,partial_bullish,11.46375131135774,1.2683576472888107,bullish,bullish,False,True,True,False
288,320673,320674,320677,2023-08-29 13:56:00+00:00,2023-08-29 13:57:00+00:00,2023-08-29 14:00:00+00:00,short,15146.25,15146.25,15146.0,15171.0,15121.0,15096.0,15071.0,15046.0,76.14282019131977,near_trigger,-76.14282019131977,25.0,False,False,False,False,True,stop,15171.0,15171.25,-25.25,0.0,-25.25,-1.01,1.75,58.5,0.07,2.34,4,3.0,0,2023-08-29,1.094972067039106,3.847682119205298,3.252187748607796,partial_bullish,0.8085956481831434,0.9579367516119128,bearish,bearish,True,True,True,False
289,320692,320693,320752,2023-08-29 14:15:00+00:00,2023-08-29 14:16:00+00:00,2023-08-29 15:15:00+00:00,long,15260.75,15261.25,15261.5,15236.5,15286.5,15311.5,15336.5,15361.5,70.15296089385475,near_trigger,65.15296089385475,25.0,True,True,True,False,False,max_holding_time,15333.25,15333.0,71.5,0.0,71.5,2.86,79.5,8.0,3.18,0.32,60,59.0,3,2023-08-29,2.2681564245810053,2.67885435709933,5.5431884057971015,strong_bullish,1.355713240811984,1.5194455386515346,bullish,bullish,False,True,True,False
290,324821,324822,324822,2023-09-01 14:04:00+00:00,2023-09-01 14:05:00+00:00,2023-09-01 14:05:00+00:00,long,15563.5,15563.25,15563.5,15538.5,15588.5,15613.5,15638.5,15663.5,78.96302250803859,near_trigger,65.96302250803859,25.0,False,False,False,False,True,stop,15538.5,15538.25,-25.25,0.0,-25.25,-1.01,4.25,32.75,0.17,1.31,1,0.0,0,2023-09-01,0.19131832797427653,1.7777777777777777,1.9241706161137442,partial_bearish,1.22936910461203,1.6766652875465453,bullish,bullish,False,True,True,False
291,324826,324827,324850,2023-09-01 14:09:00+00:00,2023-09-01 14:10:00+00:00,2023-09-01 14:33:00+00:00,long,15566.5,15566.25,15566.5,15541.5,15591.5,15616.5,15641.5,15666.5,72.26559220389805,near_trigger,72.26559220389805,25.0,True,False,False,False,True,stop,15541.5,15541.25,-25.25,0.0,-25.25,-1.01,27.0,31.25,1.08,1.25,24,23.0,1,2023-09-01,0.13043478260869565,0.23987538940809966,1.9241706161137442,partial_bullish,1.1389735176939302,1.6325636419401481,bullish,bullish,False,True,True,False
292,330074,330075,330078,2023-09-07 13:37:00+00:00,2023-09-07 13:38:00+00:00,2023-09-07 13:41:00+00:00,short,15198.5,15198.75,15198.5,15223.5,15173.5,15148.5,15123.5,15098.5,70.0,near_trigger,-63.16086163967578,25.0,False,False,False,False,True,stop,15223.5,15223.75,-25.25,0.0,-25.25,-1.01,20.5,28.75,0.82,1.15,4,3.0,0,2023-09-07,1.8199999999999998,0.8354430379746836,3.000805801772764,partial_bearish,1.852911297652783,1.3831708558257416,bearish,bearish,False,True,True,False
293,330108,330109,330137,2023-09-07 14:11:00+00:00,2023-09-07 14:12:00+00:00,2023-09-07 14:40:00+00:00,short,15216.25,15216.5,15216.25,15241.25,15191.25,15166.25,15141.25,15116.25,77.47150395778364,near_trigger,-66.47150395778364,25.0,True,False,False,False,True,stop,15241.25,15241.5,-25.25,0.0,-25.25,-1.01,29.5,39.0,1.18,1.56,29,28.0,1,2023-09-07,3.4353562005277043,1.2802631578947368,0.582995951417004,partial_bearish,1.3141429600288081,1.527754156909431,bearish,bearish,False,True,True,False
294,331452,331453,331459,2023-09-08 13:35:00+00:00,2023-09-08 13:36:00+00:00,2023-09-08 13:42:00+00:00,short,15334.5,15334.0,15333.75,15358.75,15308.75,15283.75,15258.75,15233.75,76.3095052514335,near_trigger,-46.30950525143351,25.0,False,False,False,False,True,stop,15358.75,15359.0,-25.25,0.0,-25.25,-1.01,0.0,25.25,0.0,1.01,7,6.0,0,2023-09-08,3.608024691358025,4.20158550396376,0.6693794506612412,strong_bullish,2.8256797923953516,0.9816864749600175,neutral,bearish,True,False,True,False
295,332407,332408,332414,2023-09-11 13:30:00+00:00,2023-09-11 13:31:00+00:00,2023-09-11 13:37:00+00:00,long,15632.75,15632.5,15632.75,15607.75,15657.75,15682.75,15707.75,15732.75,71.37576109241422,near_trigger,59.37576109241422,25.0,False,False,False,False,True,stop,15607.75,15607.5,-25.25,0.0,-25.25,-1.01,14.25,28.75,0.57,1.15,7,6.0,0,2023-09-11,2.736842105263158,1.580135440180587,0.15347137637028013,partial_bullish,12.220032840722496,0.4798009103451833,bullish,bullish,True,True,True,False
296,332415,332416,332422,2023-09-11 13:38:00+00:00,2023-09-11 13:39:00+00:00,2023-09-11 13:45:00+00:00,long,15595.75,15596.0,15596.25,15571.25,15621.25,15646.25,15671.25,15696.25,78.0,near_trigger,43.410282468701915,25.0,False,False,False,False,True,stop,15571.25,15571.0,-25.25,0.0,-25.25,-1.01,5.25,25.25,0.21,1.01,7,6.0,0,2023-09-11,3.65374677002584,0.38961038961038963,0.15347137637028013,partial_bullish,2.1407173054847832,0.7711470383556394,bullish,bullish,True,True,True,False
297,333787,333788,333789,2023-09-12 13:30:00+00:00,2023-09-12 13:31:00+00:00,2023-09-12 13:32:00+00:00,short,15588.5,15588.75,15588.5,15613.5,15563.5,15538.5,15513.5,15488.5,84.0193251644242,high_probability,-53.0193251644242,25.0,False,False,False,False,True,stop,15613.5,15613.75,-25.25,0.0,-25.25,-1.01,4.75,27.75,0.19,1.11,2,1.0,0,2023-09-12,2.6538461538461537,1.025,1.3585798816568049,strong_bearish,6.712421623453651,0.5225145600970893,bearish,bearish,False,True,True,False
298,333793,333794,333799,2023-09-12 13:36:00+00:00,2023-09-12 13:37:00+00:00,2023-09-12 13:42:00+00:00,short,15617.0,15617.0,15616.75,15641.75,15591.75,15566.75,15541.75,15516.75,78.0,near_trigger,-49.932951397607354,25.0,False,False,False,False,True,stop,15641.75,15642.0,-25.25,0.0,-25.25,-1.01,13.5,28.0,0.54,1.12,6,5.0,0,2023-09-12,1.5777460770328104,0.34393063583815026,1.3585798816568049,partial_bullish,1.9499072840763665,0.6418224801203525,bearish,bearish,True,True,True,False
299,335194,335195,335254,2023-09-13 13:57:00+00:00,2023-09-13 13:58:00+00:00,2023-09-13 14:57:00+00:00,short,15548.75,15549.5,15549.25,15574.25,15524.25,15499.25,15474.25,15449.25,71.0,near_trigger,-47.47370222684574,25.0,True,True,True,False,False,max_holding_time,15556.75,15557.0,-7.75,0.0,-7.75,-0.31,95.25,22.75,3.81,0.91,60,59.0,3,2023-09-13,1.2714570858283434,0.509090909090909,1.8798328108672935,strong_bullish,1.116106850039672,1.2898788828181715,bearish,bearish,True,True,True,False
300,337927,337928,337943,2023-09-15 13:30:00+00:00,2023-09-15 13:31:00+00:00,2023-09-15 13:46:00+00:00,short,15619.0,15619.0,15618.75,15643.75,15593.75,15568.75,15543.75,15518.75,78.0,near_trigger,-71.71790448901002,25.0,True,True,True,True,False,tp4,15518.75,15519.0,99.75,0.0,99.75,3.99,102.25,9.0,4.09,0.36,16,15.0,4,2023-09-15,1.1375,1.1142490372272142,3.1777301927194865,partial_bearish,5.4864116937486695,1.00591292582498,bearish,bearish,True,True,True,False
301,337986,337987,338046,2023-09-15 14:29:00+00:00,2023-09-15 14:30:00+00:00,2023-09-15 15:29:00+00:00,short,15496.0,15496.25,15496.0,15516.75,15471.0,15446.0,15421.0,15396.0,71.0,near_trigger,-31.813795660419245,20.75,True,True,True,False,False,max_holding_time,15430.5,15430.75,65.25,0.0,65.25,3.144578313253012,82.0,10.75,3.9518072289156625,0.5180722891566265,60,59.0,3,2023-09-15,0.37444279346210996,0.392,4.658166363084396,strong_bearish,0.6728685191047902,0.9351519664252352,bearish,bearish,True,False,True,False
302,339316,339317,339349,2023-09-18 13:39:00+00:00,2023-09-18 13:40:00+00:00,2023-09-18 14:12:00+00:00,short,15409.75,15409.75,15409.5,15434.5,15384.5,15359.5,15334.5,15309.5,71.87011730424506,near_trigger,-71.87011730424506,25.0,True,False,False,False,True,stop,15434.5,15434.75,-25.25,0.0,-25.25,-1.01,39.25,29.25,1.57,1.17,33,32.0,1,2023-09-18,0.19626168224299065,3.859375,0.4950135992747053,strong_bullish,1.7470561892468586,1.4922317099238358,bearish,bearish,True,True,False,False
303,339360,339361,339420,2023-09-18 14:23:00+00:00,2023-09-18 14:24:00+00:00,2023-09-18 15:23:00+00:00,short,15413.5,15413.5,15413.25,15438.25,15388.25,15363.25,15338.25,15313.25,85.06594230267491,high_probability,-79.06594230267491,25.0,True,False,False,False,False,max_holding_time,15416.5,15416.75,-3.5,0.0,-3.5,-0.14,49.0,14.5,1.96,0.58,60,59.0,1,2023-09-18,1.5295902883156298,0.6115591397849462,1.7328727691421992,partial_bullish,0.8391981944685567,0.9416489345760782,bearish,bearish,True,False,True,False
304,342097,342098,342110,2023-09-20 14:00:00+00:00,2023-09-20 14:01:00+00:00,2023-09-20 14:13:00+00:00,long,15404.25,15404.0,15404.25,15379.25,15429.25,15454.25,15479.25,15504.25,78.0,near_trigger,29.846168132291453,25.0,False,False,False,False,True,stop,15379.25,15379.0,-25.25,0.0,-25.25,-1.01,16.75,26.25,0.67,1.05,13,12.0,0,2023-09-20,1.9001560062402496,1.456,0.0690335305719921,partial_bearish,1.5072252186490396,0.8841978382750609,bullish,bullish,True,True,True,False
305,346212,346213,346215,2023-09-25 13:35:00+00:00,2023-09-25 13:36:00+00:00,2023-09-25 13:38:00+00:00,short,14810.75,14810.75,14810.5,14835.5,14785.5,14760.5,14735.5,14710.5,73.0,near_trigger,-48.640311345061114,25.0,False,False,False,False,True,stop,14835.5,14835.75,-25.25,0.0,-25.25,-1.01,7.75,27.75,0.31,1.11,3,2.0,0,2023-09-25,1.3167358229598893,0.2627986348122867,0.1361111111111111,partial_bearish,3.110708339480284,1.1404552549025668,bearish,bearish,True,True,True,True
306,346217,346218,346233,2023-09-25 13:40:00+00:00,2023-09-25 13:41:00+00:00,2023-09-25 13:56:00+00:00,short,14858.25,14858.0,14857.75,14882.75,14832.75,14807.75,14782.75,14757.75,78.0,near_trigger,-51.166796874999996,25.0,False,False,False,False,True,stop,14882.75,14883.0,-25.25,0.0,-25.25,-1.01,15.5,34.5,0.62,1.38,16,15.0,0,2023-09-25,2.59765625,1.860759493670886,0.1361111111111111,partial_bullish,2.3065650210939235,1.538051525022209,bearish,bearish,True,True,True,False
307,346262,346263,346271,2023-09-25 14:25:00+00:00,2023-09-25 14:26:00+00:00,2023-09-25 14:34:00+00:00,short,14830.0,14829.75,14829.5,14854.5,14804.5,14779.5,14754.5,14729.5,70.86440846824408,near_trigger,-41.86440846824408,25.0,False,False,False,False,True,stop,14854.5,14854.75,-25.25,0.0,-25.25,-1.01,15.75,33.0,0.63,1.32,9,8.0,0,2023-09-25,1.6684931506849314,1.1563421828908556,1.2305263157894737,partial_bearish,1.735813199558431,1.6922091898592777,neutral,neutral,True,False,True,False
308,347597,347598,347635,2023-09-26 13:40:00+00:00,2023-09-26 13:41:00+00:00,2023-09-26 14:18:00+00:00,short,14829.25,14829.5,14829.25,14854.25,14804.25,14779.25,14754.25,14729.25,70.22467304193759,near_trigger,-59.22467304193759,25.0,True,True,True,True,False,tp4,14729.25,14729.5,99.75,0.0,99.75,3.99,104.5,11.25,4.18,0.45,38,37.0,4,2023-09-26,0.9839704069050554,0.2790152403282532,2.716595744680851,partial_bullish,1.8051715274207667,1.2492908312899658,bearish,bearish,True,True,False,False
309,348969,348970,348999,2023-09-27 13:32:00+00:00,2023-09-27 13:33:00+00:00,2023-09-27 14:02:00+00:00,long,14766.75,14766.75,14767.0,14742.0,14792.0,14817.0,14842.0,14867.0,73.0,near_trigger,47.187441736795876,25.0,True,False,False,False,True,stop,14742.0,14741.75,-25.25,0.0,-25.25,-1.01,39.25,29.0,1.57,1.16,30,29.0,1,2023-09-27,1.0523917995444192,0.49633251833740827,0.09098294069861901,partial_bearish,4.167133858787059,0.9483923263982708,bullish,bullish,True,True,True,True
310,349017,349018,349049,2023-09-27 14:20:00+00:00,2023-09-27 14:21:00+00:00,2023-09-27 14:52:00+00:00,long,14727.5,14727.25,14727.5,14703.25,14752.5,14777.5,14802.5,14827.5,85.88811189724966,high_probability,85.88811189724966,24.25,True,False,False,False,True,stop,14703.25,14703.0,-24.5,0.0,-24.5,-1.0103092783505154,44.5,29.25,1.8350515463917525,1.2061855670103092,32,31.0,1,2023-09-27,1.1746575342465753,2.486842105263158,2.1296969696969694,partial_bearish,1.1361719493946403,1.2306604190610908,bullish,bullish,True,False,True,False
311,350347,350348,350351,2023-09-28 13:30:00+00:00,2023-09-28 13:31:00+00:00,2023-09-28 13:34:00+00:00,short,14677.5,14677.75,14677.5,14702.5,14652.5,14627.5,14602.5,14577.5,90.39122198841645,a_plus_plus,-90.39122198841645,25.0,False,False,False,False,True,stop,14702.5,14702.75,-25.25,0.0,-25.25,-1.01,16.25,34.0,0.65,1.36,4,3.0,0,2023-09-28,1.076923076923077,0.5458276333789329,1.246451612903226,strong_bearish,10.256688554838009,1.2031166450232984,bearish,bearish,True,False,True,False
312,350352,350353,350370,2023-09-28 13:35:00+00:00,2023-09-28 13:36:00+00:00,2023-09-28 13:53:00+00:00,short,14696.75,14696.5,14696.25,14721.25,14671.25,14646.25,14621.25,14596.25,81.45825746385943,high_probability,-81.45825746385943,25.0,True,False,False,False,True,stop,14721.25,14721.5,-25.25,0.0,-25.25,-1.01,40.0,38.5,1.6,1.54,18,17.0,1,2023-09-28,1.1964483906770254,0.11403508771929824,1.246451612903226,partial_bullish,1.8759808752144238,0.8102016046405321,bearish,bearish,True,True,True,False
313,350394,350395,350397,2023-09-28 14:17:00+00:00,2023-09-28 14:18:00+00:00,2023-09-28 14:20:00+00:00,short,14724.5,14724.25,14724.0,14749.0,14699.0,14674.0,14649.0,14624.0,70.80422818791946,near_trigger,-53.80422818791946,25.0,False,False,False,False,True,stop,14749.0,14749.25,-25.25,0.0,-25.25,-1.01,11.0,35.5,0.44,1.42,3,2.0,0,2023-09-28,2.5369127516778525,2.33998859098688,1.651105651105651,partial_bullish,1.5038698675062312,1.8159353714557263,bearish,bearish,False,True,False,False
314,353107,353108,353108,2023-10-02 13:30:00+00:00,2023-10-02 13:31:00+00:00,2023-10-02 13:31:00+00:00,short,14854.0,14854.25,14854.0,14879.0,14829.0,14804.0,14779.0,14754.0,84.35305233575401,high_probability,-53.353052335754015,25.0,False,False,False,False,True,stop,14879.0,14879.25,-25.25,0.0,-25.25,-1.01,1.75,30.25,0.07,1.21,1,0.0,0,2023-10-02,1.4181034482758619,2.497863247863248,0.3050847457627119,partial_bullish,8.476050671451096,0.9819049838448604,bearish,bearish,False,False,True,False
315,353123,353124,353137,2023-10-02 13:46:00+00:00,2023-10-02 13:47:00+00:00,2023-10-02 14:00:00+00:00,short,14931.25,14931.25,14931.0,14956.0,14906.0,14881.0,14856.0,14831.0,71.95637263899779,near_trigger,-57.95637263899779,25.0,True,False,False,False,True,stop,14956.0,14956.25,-25.25,0.0,-25.25,-1.01,26.75,33.0,1.07,1.32,14,13.0,1,2023-10-02,0.6674418604651162,4.329787234042553,3.3236775818639797,partial_bullish,1.0778244527968164,0.9934888270718063,bearish,bearish,True,True,True,False
316,355867,355868,355905,2023-10-04 13:30:00+00:00,2023-10-04 13:31:00+00:00,2023-10-04 14:08:00+00:00,long,14774.5,14774.75,14775.0,14751.25,14800.0,14825.0,14850.0,14875.0,90.32743433175561,a_plus_plus,89.32743433175561,23.75,True,True,False,False,True,stop,14751.25,14751.0,-24.0,0.0,-24.0,-1.0105263157894737,59.5,34.5,2.5052631578947366,1.4526315789473685,38,37.0,2,2023-10-04,2.23728813559322,1.3704115684093439,0.2768361581920904,partial_bullish,10.049597423510466,0.9395286097963411,bullish,bullish,True,True,True,False
317,355910,355911,355913,2023-10-04 14:13:00+00:00,2023-10-04 14:14:00+00:00,2023-10-04 14:16:00+00:00,long,14786.0,14786.5,14786.75,14761.75,14811.75,14836.75,14861.75,14886.75,88.80140597539543,high_probability,65.80140597539543,25.0,False,False,False,False,True,stop,14761.75,14761.5,-25.25,0.0,-25.25,-1.01,4.25,28.5,0.17,1.14,3,2.0,0,2023-10-04,2.12829525483304,1.655006031363088,0.23702894593118515,partial_bullish,1.2377548182408142,1.6470201217171994,bullish,bullish,True,False,True,False
318,357256,357257,357282,2023-10-05 13:39:00+00:00,2023-10-05 13:40:00+00:00,2023-10-05 14:05:00+00:00,short,14882.0,14882.5,14882.25,14907.25,14857.25,14832.25,14807.25,14782.25,91.77489055468622,a_plus_plus,-78.77489055468622,25.0,True,True,True,True,False,tp4,14782.25,14782.5,99.75,0.0,99.75,3.99,108.5,1.25,4.34,0.05,26,25.0,4,2023-10-05,2.0510543840177577,0.7789634146341464,0.6431980906921242,partial_bearish,2.089083323480229,1.3111139380061907,bearish,bearish,True,True,True,True
319,357284,357285,357304,2023-10-05 14:07:00+00:00,2023-10-05 14:08:00+00:00,2023-10-05 14:27:00+00:00,short,14773.0,14773.5,14773.25,14798.25,14748.25,14723.25,14698.25,14673.25,70.0822150029119,near_trigger,-70.0822150029119,25.0,False,False,False,False,True,stop,14798.25,14798.5,-25.25,0.0,-25.25,-1.01,9.75,36.5,0.39,1.46,20,19.0,0,2023-10-05,1.280701754385965,3.2129688493324857,0.9131961866532865,strong_bearish,1.0440659410068005,1.3222237035061992,bearish,bearish,False,True,True,True
320,358631,358632,358643,2023-10-06 13:34:00+00:00,2023-10-06 13:35:00+00:00,2023-10-06 13:46:00+00:00,short,14766.25,14766.0,14765.75,14790.75,14740.75,14715.75,14690.75,14665.75,72.56455929613489,near_trigger,-62.56455929613489,25.0,True,True,False,False,True,stop,14790.75,14791.0,-25.25,0.0,-25.25,-1.01,63.75,33.0,2.55,1.32,12,11.0,2,2023-10-06,1.6617210682492582,1.2554186145346364,3.6022005924672027,partial_bullish,2.1818084062529404,1.4509309663636445,bearish,bearish,True,True,False,False
321,361393,361394,361395,2023-10-10 13:36:00+00:00,2023-10-10 13:37:00+00:00,2023-10-10 13:38:00+00:00,short,15186.0,15185.75,15185.5,15210.5,15160.5,15135.5,15110.5,15085.5,70.8940772620703,near_trigger,-57.8940772620703,25.0,False,False,False,False,True,stop,15210.5,15210.75,-25.25,0.0,-25.25,-1.01,4.25,27.5,0.17,1.1,2,1.0,0,2023-10-10,1.4373333333333334,0.8904593639575972,0.3822525597269625,partial_bullish,3.1044092548985724,1.3369431729373675,bearish,bearish,True,True,True,False
322,361401,361402,361416,2023-10-10 13:44:00+00:00,2023-10-10 13:45:00+00:00,2023-10-10 13:59:00+00:00,short,15207.25,15207.25,15207.0,15232.0,15182.0,15157.0,15132.0,15107.0,76.64617799176538,near_trigger,-70.64617799176538,25.0,False,False,False,False,True,stop,15232.0,15232.25,-25.25,0.0,-25.25,-1.01,13.5,34.75,0.54,1.39,15,14.0,0,2023-10-10,0.6492753623188405,0.41569459172852596,0.3822525597269625,partial_bullish,1.2716504081226359,1.2597376984518291,bearish,bearish,True,True,True,False
323,361417,361418,361477,2023-10-10 14:00:00+00:00,2023-10-10 14:01:00+00:00,2023-10-10 15:00:00+00:00,long,15254.75,15255.0,15255.25,15230.25,15280.25,15305.25,15330.25,15355.25,70.40723644326928,near_trigger,57.407236443269284,25.0,True,True,False,False,False,max_holding_time,15312.5,15312.25,57.0,0.0,57.0,2.28,71.5,17.75,2.86,0.71,60,59.0,2,2023-10-10,2.528043775649795,1.731244847485573,1.9347980155917788,strong_bullish,2.6478476043020267,1.401037209336347,bullish,bullish,False,False,True,False
324,362821,362822,362827,2023-10-11 14:24:00+00:00,2023-10-11 14:25:00+00:00,2023-10-11 14:30:00+00:00,long,15328.75,15328.5,15328.75,15305.75,15353.75,15378.75,15403.75,15428.75,74.4943343264975,near_trigger,60.494334326497494,23.0,False,False,False,False,True,stop,15305.75,15305.5,-23.25,0.0,-23.25,-1.0108695652173914,3.25,28.5,0.14130434782608695,1.2391304347826086,6,5.0,0,2023-10-11,1.55810147299509,0.9962149886449659,1.19859649122807,partial_bearish,0.9634646570638176,0.7659929467976185,bullish,bullish,True,True,True,True
325,364193,364194,364204,2023-10-12 14:16:00+00:00,2023-10-12 14:17:00+00:00,2023-10-12 14:27:00+00:00,short,15423.5,15423.0,15422.75,15447.75,15397.75,15372.75,15347.75,15322.75,78.7,near_trigger,-78.7,25.0,False,False,False,False,True,stop,15447.75,15448.0,-25.25,0.0,-25.25,-1.01,5.5,38.25,0.22,1.53,11,10.0,0,2023-10-12,1.9130434782608696,3.4236760124610592,1.9852034525277436,partial_bullish,1.7343378902032978,1.8564877324867108,bearish,bearish,True,True,False,False
326,364205,364206,364254,2023-10-12 14:28:00+00:00,2023-10-12 14:29:00+00:00,2023-10-12 15:17:00+00:00,short,15428.5,15428.75,15428.5,15453.5,15403.5,15378.5,15353.5,15328.5,70.3,near_trigger,-70.3,25.0,True,False,False,False,True,stop,15453.5,15453.75,-25.25,0.0,-25.25,-1.01,31.75,30.0,1.27,1.2,49,48.0,1,2023-10-12,0.8556566970091027,1.7389473684210526,1.9852034525277436,partial_bullish,1.5441867101023672,1.777254751707057,bearish,bearish,True,True,False,False
327,365534,365535,365564,2023-10-13 13:37:00+00:00,2023-10-13 13:38:00+00:00,2023-10-13 14:07:00+00:00,long,15317.0,15317.25,15317.5,15292.5,15342.5,15367.5,15392.5,15417.5,75.73325065568841,near_trigger,36.73325065568841,25.0,True,False,False,False,True,stop,15292.5,15292.25,-25.25,0.0,-25.25,-1.01,45.0,31.75,1.8,1.27,30,29.0,1,2023-10-13,1.9001280409731114,0.5011547344110855,3.8013964313421256,partial_bearish,1.8709541971377583,1.0142645775636405,neutral,bullish,True,True,True,False
328,366936,366937,366996,2023-10-16 13:59:00+00:00,2023-10-16 14:00:00+00:00,2023-10-16 14:59:00+00:00,long,15227.0,15227.0,15227.25,15202.25,15252.25,15277.25,15302.25,15327.25,82.3560190703218,high_probability,81.3560190703218,25.0,True,True,True,False,False,max_holding_time,15308.25,15308.0,80.75,0.0,80.75,3.23,98.0,18.25,3.92,0.73,60,59.0,3,2023-10-16,1.8855780691299164,1.053763440860215,2.53840830449827,strong_bullish,1.2297508036026863,1.8716396221845484,bullish,bullish,False,True,True,False
329,368316,368317,368323,2023-10-17 13:59:00+00:00,2023-10-17 14:00:00+00:00,2023-10-17 14:06:00+00:00,short,15079.0,15079.25,15079.0,15104.0,15054.0,15029.0,15004.0,14979.0,73.77867292283524,near_trigger,-45.77867292283524,25.0,False,False,False,False,True,stop,15104.0,15104.25,-25.25,0.0,-25.25,-1.01,7.5,29.5,0.3,1.18,7,6.0,0,2023-10-17,1.1870324189526185,3.480225988700565,4.816559600285511,partial_bearish,0.6749118362886802,1.0397918579736762,bearish,bearish,False,True,True,False
330,369670,369671,369672,2023-10-18 13:33:00+00:00,2023-10-18 13:34:00+00:00,2023-10-18 13:35:00+00:00,short,15171.5,15171.5,15171.25,15196.25,15146.25,15121.25,15096.25,15071.25,70.0,near_trigger,-43.400000000000006,25.0,False,False,False,False,True,stop,15196.25,15196.5,-25.25,0.0,-25.25,-1.01,2.75,27.75,0.11,1.11,2,1.0,0,2023-10-18,3.862876254180602,0.8615384615384616,1.7353215284249768,partial_bearish,6.565174308620844,1.7690608539456756,bearish,bearish,False,True,True,False
331,369723,369724,369783,2023-10-18 14:26:00+00:00,2023-10-18 14:27:00+00:00,2023-10-18 15:26:00+00:00,short,15182.0,15182.25,15182.0,15207.0,15157.0,15132.0,15107.0,15082.0,73.1228998849252,near_trigger,-60.122899884925204,25.0,True,True,True,False,False,max_holding_time,15142.75,15143.0,39.0,0.0,39.0,1.56,88.75,11.75,3.55,0.47,60,59.0,3,2023-10-18,1.7399309551208286,1.5149253731343284,1.0795805058605799,partial_bullish,1.2180997343795463,1.6683163862143435,bearish,bearish,True,True,False,False
332,371049,371050,371051,2023-10-19 13:32:00+00:00,2023-10-19 13:33:00+00:00,2023-10-19 13:34:00+00:00,long,15107.5,15107.25,15107.5,15082.5,15132.5,15157.5,15182.5,15207.5,73.28851349964715,near_trigger,52.28851349964715,25.0,False,False,False,False,True,stop,15082.5,15082.25,-25.25,0.0,-25.25,-1.01,1.75,34.5,0.07,1.38,2,1.0,0,2023-10-19,2.5719237435008666,0.126,2.2329945269741986,partial_bullish,4.3795476892822025,1.033466622322941,bullish,neutral,False,True,True,True
333,371052,371053,371054,2023-10-19 13:35:00+00:00,2023-10-19 13:36:00+00:00,2023-10-19 13:37:00+00:00,long,15076.0,15076.0,15076.25,15051.25,15101.25,15126.25,15151.25,15176.25,70.0,near_trigger,42.45986923451012,25.0,False,False,False,False,True,stop,15051.25,15051.0,-25.25,0.0,-25.25,-1.01,1.25,40.0,0.05,1.6,2,1.0,0,2023-10-19,2.137551581843191,1.2901459854014599,2.2329945269741986,partial_bearish,2.775434670339129,0.9602155981060719,bullish,bullish,False,True,True,False
334,371056,371057,371061,2023-10-19 13:39:00+00:00,2023-10-19 13:40:00+00:00,2023-10-19 13:44:00+00:00,long,15048.25,15048.25,15048.5,15023.5,15073.5,15098.5,15123.5,15148.5,71.76935473562726,near_trigger,55.76935473562726,25.0,False,False,False,False,True,stop,15023.5,15023.25,-25.25,0.0,-25.25,-1.01,1.0,27.5,0.04,1.1,5,4.0,0,2023-10-19,1.9321637426900586,1.2901459854014599,2.2329945269741986,partial_bearish,1.2281187680035452,0.8899593557127804,bullish,bullish,False,True,True,False
335,373810,373811,373826,2023-10-23 13:33:00+00:00,2023-10-23 13:34:00+00:00,2023-10-23 13:49:00+00:00,short,14580.0,14580.5,14580.25,14605.25,14555.25,14530.25,14505.25,14480.25,90.59710267427391,a_plus_plus,-59.59710267427391,25.0,True,True,False,False,True,stop,14605.25,14605.5,-25.25,0.0,-25.25,-1.01,66.0,25.0,2.64,1.0,16,15.0,2,2023-10-23,1.7909215955983493,0.981549815498155,0.8671641791044776,partial_bearish,3.8013952418674775,1.1642522285615897,bearish,bearish,True,True,True,False
336,375191,375192,375192,2023-10-24 13:34:00+00:00,2023-10-24 13:35:00+00:00,2023-10-24 13:35:00+00:00,long,14812.25,14812.25,14812.5,14787.5,14837.5,14862.5,14887.5,14912.5,70.75988844234683,near_trigger,49.759888442346835,25.0,False,False,False,False,True,stop,14787.5,14787.25,-25.25,0.0,-25.25,-1.01,3.5,27.25,0.14,1.09,1,0.0,0,2023-10-24,2.6407766990291264,0.772133526850508,0.5666337611056268,partial_bearish,3.89998647247148,1.4301659349653992,bullish,bullish,True,True,True,False
337,375197,375198,375201,2023-10-24 13:40:00+00:00,2023-10-24 13:41:00+00:00,2023-10-24 13:44:00+00:00,long,14828.75,14829.0,14829.25,14804.25,14854.25,14879.25,14904.25,14929.25,91.33663086489543,a_plus_plus,70.33663086489543,25.0,False,False,False,False,True,stop,14804.25,14804.0,-25.25,0.0,-25.25,-1.01,8.0,26.5,0.32,1.06,4,3.0,0,2023-10-24,1.7340619307832421,1.6338329764453963,0.5666337611056268,partial_bullish,2.4457370196907893,1.5817930135982412,bullish,bullish,True,True,True,False
338,376570,376571,376630,2023-10-25 13:33:00+00:00,2023-10-25 13:34:00+00:00,2023-10-25 14:33:00+00:00,short,14684.75,14684.5,14684.25,14709.25,14659.25,14634.25,14609.25,14584.25,86.14522171126455,high_probability,-81.14522171126455,25.0,True,True,True,False,False,max_holding_time,14641.5,14641.75,42.5,0.0,42.5,1.7,87.25,2.0,3.49,0.08,60,59.0,3,2023-10-25,5.073170731707317,0.8839941262848752,2.51006711409396,strong_bearish,3.0800035205069527,1.0803676862163976,bearish,bearish,False,True,True,False
339,377959,377960,377964,2023-10-26 13:42:00+00:00,2023-10-26 13:43:00+00:00,2023-10-26 13:47:00+00:00,long,14413.0,14413.0,14413.25,14388.25,14438.25,14463.25,14488.25,14513.25,71.30868975578683,near_trigger,52.30868975578683,25.0,False,False,False,False,True,stop,14388.25,14388.0,-25.25,0.0,-25.25,-1.01,16.25,35.0,0.65,1.4,5,4.0,0,2023-10-26,0.2920592193808883,1.593103448275862,3.119314436387607,partial_bearish,1.7282899537825347,1.8877091102318122,bullish,bullish,True,True,False,False
340,378005,378006,378008,2023-10-26 14:28:00+00:00,2023-10-26 14:29:00+00:00,2023-10-26 14:31:00+00:00,long,14330.25,14330.0,14330.25,14305.25,14355.25,14380.25,14405.25,14430.25,97.6,a_plus_plus,74.6,25.0,False,False,False,False,True,stop,14305.25,14305.0,-25.25,0.0,-25.25,-1.01,0.0,26.25,0.0,1.05,3,2.0,0,2023-10-26,2.8606403013182673,1.3970401691331924,2.5494018608772704,partial_bearish,2.3064312042691313,2.67048856615071,bullish,bullish,True,True,True,False
341,379348,379349,379351,2023-10-27 13:51:00+00:00,2023-10-27 13:52:00+00:00,2023-10-27 13:54:00+00:00,long,14323.5,14324.0,14324.25,14299.25,14349.25,14374.25,14399.25,14424.25,74.86362660187406,near_trigger,62.86362660187406,25.0,False,False,False,False,True,stop,14299.25,14299.0,-25.25,0.0,-25.25,-1.01,0.25,32.0,0.01,1.28,3,2.0,0,2023-10-27,0.6737357259380098,0.606145251396648,1.7613882863340562,partial_bearish,1.0526974366307962,1.1873342943839027,bullish,bullish,False,True,True,False
342,379361,379362,379366,2023-10-27 14:04:00+00:00,2023-10-27 14:05:00+00:00,2023-10-27 14:09:00+00:00,long,14341.5,14341.75,14342.0,14317.0,14367.0,14392.0,14417.0,14442.0,80.54457831325301,high_probability,64.54457831325301,25.0,False,False,False,False,True,stop,14317.0,14316.75,-25.25,0.0,-25.25,-1.01,16.75,48.0,0.67,1.92,5,4.0,0,2023-10-27,0.927710843373494,0.09871794871794871,0.7354430379746835,partial_bullish,1.6345806122231914,1.7407457749988673,bullish,bullish,False,True,True,False
343,386274,386275,386280,2023-11-03 14:17:00+00:00,2023-11-03 14:18:00+00:00,2023-11-03 14:23:00+00:00,long,15110.5,15110.5,15110.75,15085.75,15135.75,15160.75,15185.75,15210.75,83.59438818648835,high_probability,83.59438818648835,25.0,False,False,False,False,True,stop,15085.75,15085.5,-25.25,0.0,-25.25,-1.01,6.0,25.0,0.24,1.0,6,5.0,0,2023-11-03,0.8615384615384615,0.7668789808917198,1.4,partial_bullish,0.792896305668593,0.8940414374582284,bullish,bullish,True,True,True,True
344,386281,386282,386283,2023-11-03 14:24:00+00:00,2023-11-03 14:25:00+00:00,2023-11-03 14:26:00+00:00,long,15089.75,15090.0,15090.25,15065.25,15115.25,15140.25,15165.25,15190.25,74.63382392491816,near_trigger,74.63382392491816,25.0,False,False,False,False,True,stop,15065.25,15065.0,-25.25,0.0,-25.25,-1.01,4.0,30.0,0.16,1.2,2,1.0,0,2023-11-03,1.6111111111111112,0.3297101449275362,1.4,partial_bearish,0.9850638131862007,0.8430014189132793,bullish,bullish,True,True,True,True
345,387607,387608,387612,2023-11-06 14:30:00+00:00,2023-11-06 14:31:00+00:00,2023-11-06 14:35:00+00:00,long,15233.0,15233.0,15233.25,15208.25,15258.25,15283.25,15308.25,15333.25,71.47350472844698,near_trigger,62.47350472844698,25.0,False,False,False,False,True,stop,15208.25,15208.0,-25.25,0.0,-25.25,-1.01,5.5,28.0,0.22,1.12,5,4.0,0,2023-11-06,4.920127795527156,1.3407572383073498,0.9079939668174963,partial_bullish,18.45900627507458,1.0612539403724799,bullish,bullish,True,True,True,False
346,387622,387623,387629,2023-11-06 14:45:00+00:00,2023-11-06 14:46:00+00:00,2023-11-06 14:52:00+00:00,long,15225.25,15225.5,15225.75,15200.75,15250.75,15275.75,15300.75,15325.75,70.73591784222123,near_trigger,58.73591784222123,25.0,False,False,False,False,True,stop,15200.75,15200.5,-25.25,0.0,-25.25,-1.01,6.5,25.5,0.26,1.02,7,6.0,0,2023-11-06,0.8035714285714286,0.7532163742690059,1.45,partial_bullish,1.0236561151583894,0.6519553447081692,bullish,bullish,False,True,True,False
347,387659,387660,387719,2023-11-06 15:22:00+00:00,2023-11-06 15:23:00+00:00,2023-11-06 16:22:00+00:00,long,15224.0,15223.75,15224.0,15199.0,15249.0,15274.0,15299.0,15324.0,77.34794199665365,near_trigger,77.34794199665365,25.0,False,False,False,False,False,max_holding_time,15227.5,15227.25,3.25,0.0,3.25,0.13,22.25,24.0,0.89,0.96,60,59.0,0,2023-11-06,1.1555555555555554,0.17384952520087654,0.9659735349716446,partial_bearish,1.2046891381008356,0.9399516638780443,bullish,bullish,True,True,True,False
348,393134,393135,393194,2023-11-10 14:37:00+00:00,2023-11-10 14:38:00+00:00,2023-11-10 15:37:00+00:00,long,15335.75,15336.0,15336.25,15311.25,15361.25,15386.25,15411.25,15436.25,70.84521681115564,near_trigger,49.84521681115564,25.0,True,True,False,False,False,max_holding_time,15331.75,15331.5,-4.75,0.0,-4.75,-0.19,52.75,14.25,2.11,0.57,60,59.0,2,2023-11-10,1.5348837209302326,0.6845425867507886,2.354228855721393,strong_bullish,3.1906712890009454,1.2683008310017956,bullish,bullish,True,True,False,False
349,394540,394541,394551,2023-11-13 15:03:00+00:00,2023-11-13 15:04:00+00:00,2023-11-13 15:14:00+00:00,short,15497.25,15497.25,15497.0,15522.0,15472.0,15447.0,15422.0,15397.0,70.0,near_trigger,-45.68829507192282,25.0,False,False,False,False,True,stop,15522.0,15522.25,-25.25,0.0,-25.25,-1.01,7.75,27.25,0.31,1.09,11,10.0,0,2023-11-13,0.5972696245733788,1.2828054298642533,2.546594982078853,partial_bearish,1.7147519098123563,1.2534969963783045,bearish,bearish,False,False,True,False
350,395924,395925,395984,2023-11-14 15:07:00+00:00,2023-11-14 15:08:00+00:00,2023-11-14 16:07:00+00:00,long,15856.25,15856.25,15856.5,15831.5,15881.5,15906.5,15931.5,15956.5,70.0,near_trigger,23.764342689135106,25.0,True,False,False,False,False,max_holding_time,15871.25,15871.0,14.5,0.0,14.5,0.58,46.25,9.25,1.85,0.37,60,59.0,1,2023-11-14,2.5311999999999997,1.95,1.7414177440927328,partial_bullish,1.7307742799380368,1.1963810923874083,bullish,bullish,False,True,True,True
351,397273,397274,397288,2023-11-15 14:36:00+00:00,2023-11-15 14:37:00+00:00,2023-11-15 14:51:00+00:00,long,15951.0,15951.25,15951.5,15926.5,15976.5,16001.5,16026.5,16051.5,71.0,near_trigger,62.56637820000168,25.0,False,False,False,False,True,stop,15926.5,15926.25,-25.25,0.0,-25.25,-1.01,22.5,25.0,0.9,1.0,15,14.0,0,2023-11-15,0.33707865168539325,0.35782747603833864,1.4614220877458397,partial_bearish,1.978633668029716,0.7780181666652637,bullish,bullish,True,True,True,False
352,398694,398695,398702,2023-11-16 15:17:00+00:00,2023-11-16 15:18:00+00:00,2023-11-16 15:25:00+00:00,short,15858.25,15858.5,15858.25,15883.25,15833.25,15808.25,15783.25,15758.25,74.07669986094919,near_trigger,-40.07669986094919,25.0,False,False,False,False,True,stop,15883.25,15883.5,-25.25,0.0,-25.25,-1.01,12.75,27.25,0.51,1.09,8,7.0,0,2023-11-16,2.325503355704698,0.5865921787709497,0.11501120238984316,partial_bearish,1.4422198703915798,1.397249884124331,neutral,bearish,True,True,True,False
353,400037,400038,400049,2023-11-17 14:40:00+00:00,2023-11-17 14:41:00+00:00,2023-11-17 14:52:00+00:00,short,15839.5,15840.0,15839.75,15864.75,15814.75,15789.75,15764.75,15739.75,73.96866938321992,near_trigger,-40.96866938321992,25.0,False,False,False,False,True,stop,15864.75,15865.0,-25.25,0.0,-25.25,-1.01,8.25,41.0,0.33,1.64,12,11.0,0,2023-11-17,1.70487106017192,3.299727520435967,3.2534174553101995,strong_bearish,1.9380469023451172,0.9984852310022723,neutral,bearish,False,True,True,False
354,400070,400071,400072,2023-11-17 15:13:00+00:00,2023-11-17 15:14:00+00:00,2023-11-17 15:15:00+00:00,short,15837.5,15837.5,15837.25,15862.25,15812.25,15787.25,15762.25,15737.25,72.6501478343897,near_trigger,-72.6501478343897,25.0,False,False,False,False,True,stop,15862.25,15862.5,-25.25,0.0,-25.25,-1.01,10.25,26.5,0.41,1.06,2,1.0,0,2023-11-17,2.5352564102564106,0.589041095890411,0.8358208955223881,partial_bearish,0.8580443724910379,0.7549308876324472,bearish,bearish,False,True,True,False
355,401431,401432,401491,2023-11-20 14:54:00+00:00,2023-11-20 14:55:00+00:00,2023-11-20 15:54:00+00:00,short,15982.5,15982.0,15981.75,16006.75,15956.75,15931.75,15906.75,15881.75,73.85892466268263,near_trigger,-64.85892466268263,25.0,True,False,False,False,False,max_holding_time,15981.75,15982.0,-0.25,0.0,-0.25,-0.01,44.25,21.25,1.77,0.85,60,59.0,1,2023-11-20,1.8039927404718694,3.9295454545454547,3.3950617283950617,strong_bullish,0.916591346265267,1.042284328840047,neutral,bearish,True,True,True,False
356,402788,402789,402796,2023-11-21 14:31:00+00:00,2023-11-21 14:32:00+00:00,2023-11-21 14:39:00+00:00,short,15987.5,15988.0,15987.75,16012.75,15962.75,15937.75,15912.75,15887.75,78.91288562925102,near_trigger,-37.91288562925102,25.0,False,False,False,False,True,stop,16012.75,16013.0,-25.25,0.0,-25.25,-1.01,4.25,33.5,0.17,1.34,8,7.0,0,2023-11-21,2.9373297002724796,0.9204152249134948,1.5333333333333334,partial_bearish,8.897128826978003,1.1901921091791454,neutral,bearish,True,True,True,False
357,404173,404174,404181,2023-11-22 14:36:00+00:00,2023-11-22 14:37:00+00:00,2023-11-22 14:44:00+00:00,long,16164.5,16165.0,16165.25,16140.25,16190.25,16215.25,16240.25,16265.25,70.7375,near_trigger,45.7375,25.0,False,False,False,False,True,stop,16140.25,16140.0,-25.25,0.0,-25.25,-1.01,8.0,25.25,0.32,1.01,8,7.0,0,2023-11-22,4.3125,4.267543859649123,1.4467168998923572,strong_bullish,2.2888192647081085,1.5167502507522568,bullish,neutral,True,True,True,True
358,404209,404210,404214,2023-11-22 15:12:00+00:00,2023-11-22 15:13:00+00:00,2023-11-22 15:17:00+00:00,long,16043.75,16043.5,16043.75,16018.75,16068.75,16093.75,16118.75,16143.75,86.491090151686,high_probability,62.491090151685995,25.0,False,False,False,False,True,stop,16018.75,16018.5,-25.25,0.0,-25.25,-1.01,0.25,30.0,0.01,1.2,5,4.0,0,2023-11-22,1.2684031710079275,4.266747133373567,0.44245676803816336,partial_bullish,0.9360244902194781,1.4803063457330417,bullish,bullish,True,False,True,False
359,406695,406696,406755,2023-11-24 14:38:00+00:00,2023-11-24 14:39:00+00:00,2023-11-24 15:38:00+00:00,short,16019.25,16019.25,16019.0,16044.0,15994.0,15969.0,15944.0,15919.0,70.62547167251512,near_trigger,-49.62547167251512,25.0,True,False,False,False,False,max_holding_time,15997.5,15997.75,21.25,0.0,21.25,0.85,29.0,18.25,1.16,0.73,60,59.0,1,2023-11-24,2.5903083700440526,0.6688632619439868,0.6189856957087125,partial_bearish,1.9266535690897184,0.9647377740856524,bearish,bearish,True,True,False,False
360,407847,407848,407851,2023-11-27 14:35:00+00:00,2023-11-27 14:36:00+00:00,2023-11-27 14:39:00+00:00,short,15977.0,15977.0,15976.75,16001.75,15951.75,15926.75,15901.75,15876.75,71.60034252513316,near_trigger,-50.60034252513316,25.0,False,False,False,False,True,stop,16001.75,16002.0,-25.25,0.0,-25.25,-1.01,6.5,27.0,0.26,1.08,4,3.0,0,2023-11-27,4.741935483870968,0.7632398753894082,1.3500660501981507,partial_bearish,2.4081739195286573,1.167685242107547,bearish,bearish,True,True,True,False
361,407853,407854,407880,2023-11-27 14:41:00+00:00,2023-11-27 14:42:00+00:00,2023-11-27 15:08:00+00:00,short,16003.5,16003.75,16003.5,16028.5,15978.5,15953.5,15928.5,15903.5,75.29590276296571,near_trigger,-75.29590276296571,25.0,False,False,False,False,True,stop,16028.5,16028.75,-25.25,0.0,-25.25,-1.01,19.75,30.25,0.79,1.21,27,26.0,0,2023-11-27,1.4563758389261745,1.608982826948481,1.3500660501981507,partial_bullish,1.3710278432761969,1.3895320761258527,bearish,bearish,True,True,True,True
362,412012,412013,412028,2023-11-30 15:00:00+00:00,2023-11-30 15:01:00+00:00,2023-11-30 15:16:00+00:00,short,15956.25,15955.75,15955.5,15980.5,15930.5,15905.5,15880.5,15855.5,76.89206837019695,near_trigger,-59.89206837019695,25.0,True,False,False,False,True,stop,15980.5,15980.75,-25.25,0.0,-25.25,-1.01,36.75,36.5,1.47,1.46,16,15.0,1,2023-11-30,1.1305518169582773,2.765564950038432,4.016058394160583,strong_bearish,1.560451028881276,1.2433903084974647,bearish,bearish,True,True,True,False
363,413367,413368,413369,2023-12-01 14:35:00+00:00,2023-12-01 14:36:00+00:00,2023-12-01 14:37:00+00:00,short,15882.25,15882.0,15881.75,15906.75,15856.75,15831.75,15806.75,15781.75,73.58123253611394,near_trigger,-52.581232536113944,25.0,False,False,False,False,True,stop,15906.75,15907.0,-25.25,0.0,-25.25,-1.01,0.5,27.25,0.02,1.09,2,1.0,0,2023-12-01,3.5522388059701493,3.170860927152318,0.016766467065868262,partial_bearish,2.737645608873693,1.2190847127555988,bearish,bearish,True,True,False,False
364,413382,413383,413392,2023-12-01 14:50:00+00:00,2023-12-01 14:51:00+00:00,2023-12-01 15:00:00+00:00,short,15912.5,15912.5,15912.25,15937.25,15887.25,15862.25,15837.25,15812.25,93.23076923076923,a_plus_plus,-80.23076923076923,25.0,False,False,False,False,True,stop,15937.25,15937.5,-25.25,0.0,-25.25,-1.01,7.5,28.75,0.3,1.15,10,9.0,0,2023-12-01,2.0,0.08179162609542356,0.4804575786463298,partial_bearish,1.17960492875046,1.785406359017894,bearish,bearish,True,True,True,False
365,414796,414797,414856,2023-12-04 15:24:00+00:00,2023-12-04 15:25:00+00:00,2023-12-04 16:24:00+00:00,short,15764.5,15764.25,15764.0,15789.0,15739.0,15714.0,15689.0,15664.0,70.99864253393665,near_trigger,-65.99864253393665,25.0,True,False,False,False,False,max_holding_time,15754.75,15755.0,9.0,0.0,9.0,0.36,42.75,8.5,1.71,0.34,60,59.0,1,2023-12-04,3.4208144796380093,1.7362924281984333,2.979359430604982,strong_bearish,1.887587614231213,2.8867028493894167,bearish,bearish,False,True,True,False
366,416122,416123,416129,2023-12-05 14:30:00+00:00,2023-12-05 14:31:00+00:00,2023-12-05 14:37:00+00:00,short,15807.5,15807.5,15807.25,15832.25,15782.25,15757.25,15732.25,15707.25,70.0,near_trigger,-35.40416530702345,25.0,False,False,False,False,True,stop,15832.25,15832.5,-25.25,0.0,-25.25,-1.01,24.0,26.25,0.96,1.05,7,6.0,0,2023-12-05,4.553097345132744,0.9320652173913044,0.40867389491242706,partial_bearish,6.610938376064019,0.8298622441471357,bearish,bearish,False,False,True,False
367,416152,416153,416179,2023-12-05 15:00:00+00:00,2023-12-05 15:01:00+00:00,2023-12-05 15:27:00+00:00,long,15894.5,15894.75,15895.0,15870.0,15920.0,15945.0,15970.0,15995.0,87.6,high_probability,62.599999999999994,25.0,True,False,False,False,True,stop,15870.0,15869.75,-25.25,0.0,-25.25,-1.01,41.75,26.0,1.67,1.04,27,26.0,1,2023-12-05,2.2222222222222223,2.890688259109312,1.696969696969697,strong_bullish,2.720379271055699,1.8731063338623575,bullish,bullish,False,True,True,False
368,416180,416181,416240,2023-12-05 15:28:00+00:00,2023-12-05 15:29:00+00:00,2023-12-05 16:28:00+00:00,long,15877.25,15877.25,15877.5,15852.5,15902.5,15927.5,15952.5,15977.5,75.27258021876915,near_trigger,71.27258021876915,25.0,True,True,True,False,False,max_holding_time,15886.5,15886.25,8.75,0.0,8.75,0.35,84.25,19.75,3.37,0.79,60,59.0,3,2023-12-05,2.7454545454545456,1.998843930635838,3.3391506689936006,partial_bullish,0.8733245118736174,1.4983623035197475,bullish,bullish,False,True,True,False
369,417502,417503,417505,2023-12-06 14:30:00+00:00,2023-12-06 14:31:00+00:00,2023-12-06 14:33:00+00:00,long,16009.75,16009.5,16009.75,15984.75,16034.75,16059.75,16084.75,16109.75,70.0,near_trigger,36.122295919352034,25.0,False,False,False,False,True,stop,15984.75,15984.5,-25.25,0.0,-25.25,-1.01,0.75,30.25,0.03,1.21,3,2.0,0,2023-12-06,3.180327868852459,0.5397590361445783,4.90138067061144,partial_bullish,11.142329778506973,1.3980867338733023,bullish,bullish,False,True,True,False
370,417554,417555,417555,2023-12-06 15:22:00+00:00,2023-12-06 15:23:00+00:00,2023-12-06 15:23:00+00:00,long,15938.5,15938.25,15938.5,15913.5,15963.5,15988.5,16013.5,16038.5,70.12721531122412,near_trigger,70.12721531122412,25.0,False,False,False,False,True,stop,15913.5,15913.25,-25.25,0.0,-25.25,-1.01,0.25,29.5,0.01,1.18,1,0.0,0,2023-12-06,2.3295999999999997,0.07382992748846406,1.9486850545221295,partial_bearish,0.9434664681167899,1.0165460926867702,bullish,bullish,False,True,True,False
371,417560,417561,417620,2023-12-06 15:28:00+00:00,2023-12-06 15:29:00+00:00,2023-12-06 16:28:00+00:00,long,15901.5,15901.5,15901.75,15876.75,15926.75,15951.75,15976.75,16001.75,71.26451612903226,near_trigger,60.26451612903226,25.0,True,False,False,False,False,max_holding_time,15919.0,15918.75,17.0,0.0,17.0,0.68,48.0,10.0,1.92,0.4,60,59.0,1,2023-12-06,0.7741935483870968,1.79570516540917,1.9486850545221295,strong_bearish,0.987975592246949,1.616591722492429,bullish,bullish,True,False,False,False
372,418884,418885,418899,2023-12-07 14:32:00+00:00,2023-12-07 14:33:00+00:00,2023-12-07 14:47:00+00:00,long,15950.0,15950.0,15950.25,15925.25,15975.25,16000.25,16025.25,16050.25,86.4,high_probability,43.400000000000006,25.0,True,False,False,False,True,stop,15925.25,15925.0,-25.25,0.0,-25.25,-1.01,31.75,30.75,1.27,1.23,15,14.0,1,2023-12-07,1.8022988505747126,1.74,4.424870466321243,strong_bullish,6.097332966730822,1.726954855892408,neutral,bullish,True,True,True,False
373,418933,418934,418987,2023-12-07 15:21:00+00:00,2023-12-07 15:22:00+00:00,2023-12-07 16:15:00+00:00,long,15990.75,15990.75,15991.0,15966.0,16016.0,16041.0,16066.0,16091.0,73.95954545454545,near_trigger,52.95954545454545,25.0,False,False,False,False,True,stop,15966.0,15965.75,-25.25,0.0,-25.25,-1.01,20.25,34.5,0.81,1.38,54,53.0,0,2023-12-07,1.1454545454545455,1.7734967892586107,1.7510835913312692,strong_bullish,1.7284418894091151,2.1440649306729793,neutral,bullish,False,True,True,False
374,420289,420290,420292,2023-12-08 14:57:00+00:00,2023-12-08 14:58:00+00:00,2023-12-08 15:00:00+00:00,short,15979.75,15979.25,15979.0,16003.75,15954.0,15929.0,15904.0,15879.0,72.0327144819337,near_trigger,-66.0327144819337,24.75,False,False,False,False,True,stop,16003.75,16004.0,-25.0,0.0,-25.0,-1.0101010101010102,2.25,71.0,0.09090909090909091,2.8686868686868685,3,2.0,0,2023-12-08,1.2478632478632479,1.2392099487929773,1.312733084709643,partial_bullish,0.7360449971761506,1.2623048033208144,bearish,bearish,False,False,True,False
375,420293,420294,420299,2023-12-08 15:01:00+00:00,2023-12-08 15:02:00+00:00,2023-12-08 15:07:00+00:00,short,16032.5,16033.0,16032.75,16057.75,16007.75,15982.75,15957.75,15932.75,71.0,near_trigger,-55.71355414552457,25.0,False,False,False,False,True,stop,16057.75,16058.0,-25.25,0.0,-25.25,-1.01,22.75,40.25,0.91,1.61,6,5.0,0,2023-12-08,2.6112359550561797,1.2222222222222223,0.753208292201382,strong_bullish,1.4248766648816782,1.346570047268851,bearish,bearish,True,False,True,False
376,420318,420319,420378,2023-12-08 15:26:00+00:00,2023-12-08 15:27:00+00:00,2023-12-08 16:26:00+00:00,short,16092.0,16092.25,16092.0,16115.25,16067.0,16042.0,16017.0,15992.0,78.88444336190693,near_trigger,-78.88444336190693,23.25,True,True,False,False,False,max_holding_time,16055.0,16055.25,36.75,0.0,36.75,1.5806451612903225,71.75,20.0,3.086021505376344,0.8602150537634409,60,59.0,2,2023-12-08,0.41880341880341876,3.596330275229358,2.8301724137931035,partial_bullish,0.8948678310254471,1.1188025166888271,bearish,bearish,True,False,True,False
377,423023,423024,423048,2023-12-12 14:31:00+00:00,2023-12-12 14:32:00+00:00,2023-12-12 14:56:00+00:00,short,16427.75,16427.75,16427.5,16452.5,16402.5,16377.5,16352.5,16327.5,72.15503814409729,near_trigger,-63.15503814409729,25.0,True,False,False,False,True,stop,16452.5,16452.75,-25.25,0.0,-25.25,-1.01,31.0,28.0,1.24,1.12,25,24.0,1,2023-12-12,2.8624535315985127,0.5192727272727273,2.16260162601626,strong_bearish,6.601048340128131,0.7586903988914847,bearish,bearish,True,True,False,False
378,425814,425815,425874,2023-12-14 15:02:00+00:00,2023-12-14 15:03:00+00:00,2023-12-14 16:02:00+00:00,short,16816.25,16816.25,16816.0,16841.0,16791.0,16766.0,16741.0,16716.0,71.31466666666667,near_trigger,-50.31466666666667,25.0,True,False,False,False,False,max_holding_time,16796.5,16796.75,19.25,0.0,19.25,0.77,49.5,24.75,1.98,0.99,60,59.0,1,2023-12-14,3.1577777777777776,0.13043478260869565,0.18722139673105498,partial_bullish,1.4829568602598344,1.5342465753424657,bearish,bearish,True,True,True,False
379,427207,427208,427267,2023-12-15 15:15:00+00:00,2023-12-15 15:16:00+00:00,2023-12-15 16:15:00+00:00,long,16847.0,16846.5,16846.75,16821.75,16871.75,16896.75,16921.75,16946.75,70.15319987685355,near_trigger,49.15319987685355,25.0,True,False,False,False,False,max_holding_time,16854.75,16854.5,7.75,0.0,7.75,0.31,30.0,11.5,1.2,0.46,60,59.0,1,2023-12-15,2.040752351097179,1.2635046113306982,1.935483870967742,strong_bullish,1.5406396340799362,1.1292339621637442,bullish,bullish,True,True,False,True
380,431306,431307,431366,2023-12-20 14:34:00+00:00,2023-12-20 14:35:00+00:00,2023-12-20 15:34:00+00:00,long,16991.0,16991.5,16991.75,16968.75,17016.75,17041.75,17066.75,17091.75,84.34925362671292,high_probability,84.34925362671292,23.0,True,True,True,False,False,max_holding_time,17063.5,17063.25,71.5,0.0,71.5,3.108695652173913,81.75,1.75,3.5543478260869565,0.07608695652173914,60,59.0,3,2023-12-20,0.7492957746478873,0.9915014164305949,0.6858108108108109,strong_bullish,2.7820205105825875,0.7041022006645252,bullish,bullish,True,True,True,False
381,432682,432683,432685,2023-12-21 14:30:00+00:00,2023-12-21 14:31:00+00:00,2023-12-21 14:33:00+00:00,long,16945.5,16945.25,16945.5,16920.5,16970.5,16995.5,17020.5,17045.5,82.6867704521491,high_probability,80.6867704521491,25.0,False,False,False,False,True,stop,16920.5,16920.25,-25.25,0.0,-25.25,-1.01,13.25,27.0,0.53,1.08,3,2.0,0,2023-12-21,3.5244755244755246,0.5522935779816514,2.032450896669513,partial_bullish,12.84134739007457,1.2389753767909197,bullish,neutral,True,True,True,False
382,432686,432687,432688,2023-12-21 14:34:00+00:00,2023-12-21 14:35:00+00:00,2023-12-21 14:36:00+00:00,long,16932.5,16932.5,16932.75,16909.25,16957.75,16982.75,17007.75,17032.75,75.19937142266325,near_trigger,75.19937142266325,23.5,False,False,False,False,True,stop,16909.25,16909.0,-23.75,0.0,-23.75,-1.0106382978723405,4.25,26.5,0.18085106382978725,1.127659574468085,2,1.0,0,2023-12-21,0.8696969696969696,0.5522935779816514,2.032450896669513,partial_bullish,2.8951316913275313,1.219173155249677,bullish,neutral,True,True,True,False
383,432689,432690,432710,2023-12-21 14:37:00+00:00,2023-12-21 14:38:00+00:00,2023-12-21 14:58:00+00:00,long,16918.0,16918.25,16918.5,16893.5,16943.5,16968.5,16993.5,17018.5,81.84267834793492,high_probability,81.84267834793492,25.0,False,False,False,False,True,stop,16893.5,16893.25,-25.25,0.0,-25.25,-1.01,20.25,29.0,0.81,1.16,21,20.0,0,2023-12-21,1.1564455569461827,0.1908580593424218,2.032450896669513,partial_bearish,2.2923151414539666,1.5368206269708773,bullish,bullish,True,True,True,False
384,432722,432723,432782,2023-12-21 15:10:00+00:00,2023-12-21 15:11:00+00:00,2023-12-21 16:10:00+00:00,long,16866.5,16866.25,16866.5,16841.5,16891.5,16916.5,16941.5,16966.5,71.78194945848375,near_trigger,71.78194945848375,25.0,True,True,False,False,False,max_holding_time,16874.5,16874.25,7.75,0.0,7.75,0.31,67.0,12.75,2.68,0.51,60,59.0,2,2023-12-21,0.6401925391095067,3.4115898959881132,2.25496915695682,strong_bearish,1.2387090758633552,1.6076722938222303,bullish,bullish,True,True,False,False
385,434076,434077,434093,2023-12-22 14:44:00+00:00,2023-12-22 14:45:00+00:00,2023-12-22 15:01:00+00:00,long,17032.75,17032.5,17032.75,17007.75,17057.75,17082.75,17107.75,17132.75,74.05978260869566,near_trigger,53.059782608695656,25.0,False,False,False,False,True,stop,17007.75,17007.5,-25.25,0.0,-25.25,-1.01,8.5,26.5,0.34,1.06,17,16.0,0,2023-12-22,2.0543478260869565,0.3085399449035812,2.663716814159292,strong_bullish,1.8350527688841458,1.7464168829703193,bullish,bullish,True,True,False,False
386,438237,438238,438268,2023-12-28 15:05:00+00:00,2023-12-28 15:06:00+00:00,2023-12-28 15:36:00+00:00,short,17110.5,17110.75,17110.5,17135.5,17085.5,17060.5,17035.5,17010.5,91.25112823335168,a_plus_plus,-91.25112823335168,25.0,False,False,False,False,True,stop,17135.5,17135.75,-25.25,0.0,-25.25,-1.01,7.75,25.0,0.31,1.0,31,30.0,0,2023-12-28,1.4177215189873418,0.9531914893617022,3.130434782608696,strong_bearish,4.390172820796782,1.6177844600762499,bearish,bearish,True,True,True,True
387,439612,439613,439672,2023-12-29 15:00:00+00:00,2023-12-29 15:01:00+00:00,2023-12-29 16:00:00+00:00,short,17091.25,17091.0,17090.75,17115.75,17065.75,17040.75,17015.75,16990.75,73.58872798518361,near_trigger,-73.58872798518361,25.0,True,True,True,False,False,max_holding_time,17022.75,17023.0,67.75,0.0,67.75,2.71,89.75,14.75,3.59,0.59,60,59.0,3,2023-12-29,2.026315789473684,0.6205673758865249,0.5869297163995068,partial_bullish,1.843103109288543,0.5779970051968643,bearish,bearish,True,False,True,False
