trade_id,signal_index,entry_index,exit_index,signal_time,entry_time,exit_time,direction,signal_close,entry_price_raw,entry_price,stop_price,tp1,tp2,tp3,tp4,raw_score,score_band,score_edge,stop_distance_points,tp1_hit,tp2_hit,tp3_hit,tp4_hit,stop_hit,exit_reason,exit_price_raw,exit_price,gross_result_points,commission_cost,net_result_points,net_result_r,mfe_points,mae_points,mfe_r,mae_r,bars_held,minutes_held,maximum_target_reached,session_date,snr_1m,snr_5m,snr_15m,snr_alignment,rvol_rolling,rvol_time_of_day,htf_bias,dol_direction,liquidity_sweep,displacement,structure_shift,fvg_context
1,930,931,931,2023-10-02 13:30:00+00:00,2023-10-02 13:31:00+00:00,2023-10-02 13:31:00+00:00,short,14854.0,14854.25,14854.0,14866.42857142857,14829.0,14804.0,14779.0,14754.0,87.75908618899273,high_probability,-84.75908618899273,12.428571428570649,False,False,False,False,True,stop,14866.42857142857,14866.67857142857,-12.678571428570649,0.0,-12.678571428570649,-1.0201149425287368,1.75,30.25,0.14080459770115825,2.433908045977164,1,0.0,0,2023-10-02,1.4181034482758619,2.497863247863248,0.3050847457627119,partial_bullish,8.476050671451096,,bearish,bearish,True,False,True,False
2,932,933,933,2023-10-02 13:32:00+00:00,2023-10-02 13:33:00+00:00,2023-10-02 13:33:00+00:00,short,14884.0,14884.0,14883.75,14900.00892857143,14858.75,14833.75,14808.75,14783.75,70.0,near_trigger,-28.562606626395755,16.25892857142935,False,False,False,False,True,stop,14900.00892857143,14900.25892857143,-16.50892857142935,0.0,-16.50892857142935,-1.0153761669412404,2.75,21.5,0.16913783635364374,1.3223503569466692,1,0.0,0,2023-10-02,1.014827018121911,2.497863247863248,0.3050847457627119,strong_bullish,3.40750315452559,,bearish,bearish,True,False,True,False
3,935,936,938,2023-10-02 13:35:00+00:00,2023-10-02 13:36:00+00:00,2023-10-02 13:38:00+00:00,short,14916.5,14916.75,14916.5,14936.026785714286,14891.5,14866.5,14841.5,14816.5,80.0,high_probability,-26.773662551440324,19.526785714286234,False,False,False,False,True,stop,14936.026785714286,14936.276785714286,-19.776785714286234,0.0,-19.776785714286234,-1.012802926383173,2.25,24.75,0.1152263374485566,1.2674897119341226,3,2.0,0,2023-10-02,4.801097393689987,3.9724517906336083,0.3050847457627119,strong_bullish,3.0079336227359237,,bearish,bearish,True,False,True,False
4,939,940,962,2023-10-02 13:39:00+00:00,2023-10-02 13:40:00+00:00,2023-10-02 14:02:00+00:00,short,14952.25,14952.25,14952.0,14975.49107142857,14927.0,14902.0,14877.0,14852.0,70.0,near_trigger,-37.49271506398074,23.49107142857065,True,False,False,False,True,stop,14975.49107142857,14975.74107142857,-23.74107142857065,0.0,-23.74107142857065,-1.0106423413150896,47.75,28.75,2.0326871911821276,1.2238692512353124,23,22.0,1,2023-10-02,2.8095781071835804,3.9724517906336083,0.3050847457627119,strong_bullish,2.085064114141232,,bearish,bearish,True,False,True,False
5,3690,3691,3722,2023-10-04 13:30:00+00:00,2023-10-04 13:31:00+00:00,2023-10-04 14:02:00+00:00,long,14774.5,14774.75,14775.0,14763.9375,14800.0,14825.0,14850.0,14875.0,83.77777777777779,high_probability,79.77777777777779,11.0625,True,True,False,False,True,stop,14763.9375,14763.6875,-11.3125,0.0,-11.3125,-1.0225988700564972,59.5,14.5,5.378531073446328,1.310734463276836,32,31.0,2,2023-10-04,2.23728813559322,1.3704115684093439,0.2768361581920904,partial_bullish,10.049597423510466,,bullish,bullish,True,True,True,False
6,3733,3734,3743,2023-10-04 14:13:00+00:00,2023-10-04 14:14:00+00:00,2023-10-04 14:23:00+00:00,long,14786.0,14786.5,14786.75,14756.267857142857,14811.75,14836.75,14861.75,14886.75,76.14918961140403,near_trigger,66.14918961140403,30.482142857143117,False,False,False,False,True,stop,14756.267857142857,14756.017857142857,-30.732142857143117,0.0,-30.732142857143117,-1.0082015231400117,8.25,33.25,0.27065026362038436,1.090802577621549,10,9.0,0,2023-10-04,2.12829525483304,1.655006031363088,0.23702894593118515,partial_bullish,1.2377548182408142,,bullish,bullish,True,False,True,False
7,5079,5080,5105,2023-10-05 13:39:00+00:00,2023-10-05 13:40:00+00:00,2023-10-05 14:05:00+00:00,short,14882.0,14882.5,14882.25,14906.38392857143,14857.25,14832.25,14807.25,14782.25,84.51966950302133,high_probability,-72.51966950302133,24.13392857142935,True,True,True,True,False,tp4,14782.25,14782.5,99.75,0.0,99.75,4.133185349611409,108.5,1.25,4.495745467998375,0.051794302626709386,26,25.0,4,2023-10-05,2.0510543840177577,0.7789634146341464,0.6431980906921242,partial_bearish,2.089083323480229,,bearish,bearish,True,True,True,True
8,5129,5130,5189,2023-10-05 14:29:00+00:00,2023-10-05 14:30:00+00:00,2023-10-05 15:29:00+00:00,short,14799.75,14800.25,14800.0,14819.232142857143,14775.0,14750.0,14725.0,14700.0,74.0,near_trigger,-69.0,19.232142857143117,True,True,True,False,False,max_holding_time,14755.75,14756.0,44.0,0.0,44.0,2.287836583101176,84.0,3.5,4.367688022284064,0.18198700092850265,60,59.0,3,2023-10-05,2.32033426183844,2.1864801864801864,2.6775956284153004,partial_bearish,0.6853226727584237,,bearish,bearish,True,True,True,False
9,6452,6453,6504,2023-10-06 13:32:00+00:00,2023-10-06 13:33:00+00:00,2023-10-06 14:24:00+00:00,short,14796.75,14796.75,14796.5,14819.69642857143,14771.5,14746.5,14721.5,14696.5,76.0,near_trigger,-35.920451629458555,23.19642857142935,True,True,True,False,True,stop,14819.69642857143,14819.94642857143,-23.44642857142935,0.0,-23.44642857142935,-1.0107775211701304,94.5,28.25,4.073903002309332,1.2178598922247474,52,51.0,3,2023-10-06,3.540415704387991,1.2554186145346364,3.6022005924672027,partial_bullish,2.1515580090332587,,bearish,bearish,True,True,False,False
10,10601,10602,10606,2023-10-11 13:41:00+00:00,2023-10-11 13:42:00+00:00,2023-10-11 13:46:00+00:00,long,15360.0,15359.75,15360.0,15337.419642857143,15385.0,15410.0,15435.0,15460.0,72.0,near_trigger,47.26561192555435,22.580357142856883,False,False,False,False,True,stop,15337.419642857143,15337.169642857143,-22.830357142856883,0.0,-22.830357142856883,-1.0110715697904311,0.0,24.25,0.0,1.0739422696718195,5,4.0,0,2023-10-11,0.963226571767497,2.3481717011128773,0.2597402597402597,partial_bearish,1.2623568178252,1.0982935153583617,bullish,bullish,True,False,True,False
11,10644,10645,10646,2023-10-11 14:24:00+00:00,2023-10-11 14:25:00+00:00,2023-10-11 14:26:00+00:00,long,15328.75,15328.5,15328.75,15312.38392857143,15353.75,15378.75,15403.75,15428.75,71.49626926666042,near_trigger,51.49626926666042,16.36607142857065,False,False,False,False,True,stop,15312.38392857143,15312.13392857143,-16.61607142857065,0.0,-16.61607142857065,-1.0152755046372075,3.25,19.25,0.1985815602836974,1.176213857064977,2,1.0,0,2023-10-11,1.55810147299509,0.9962149886449659,1.19859649122807,partial_bearish,0.9634646570638176,0.55771759137523,bullish,bullish,True,True,True,True
12,11976,11977,12006,2023-10-12 13:36:00+00:00,2023-10-12 13:37:00+00:00,2023-10-12 14:06:00+00:00,short,15403.0,15403.25,15403.0,15422.6875,15378.0,15353.0,15328.0,15303.0,71.56747252747253,near_trigger,-71.56747252747253,19.6875,True,False,False,False,True,stop,15422.6875,15422.9375,-19.9375,0.0,-19.9375,-1.0126984126984127,37.5,21.25,1.9047619047619047,1.0793650793650793,30,29.0,1,2023-10-12,1.3333333333333333,0.20481927710843373,2.1615798922800717,partial_bullish,3.0406019864125104,1.5526519462781698,bearish,bearish,True,True,False,False
13,12016,12017,12023,2023-10-12 14:16:00+00:00,2023-10-12 14:17:00+00:00,2023-10-12 14:23:00+00:00,short,15423.5,15423.0,15422.75,15444.3125,15397.75,15372.75,15347.75,15322.75,75.8,near_trigger,-75.8,21.5625,False,False,False,False,True,stop,15444.3125,15444.5625,-21.8125,0.0,-21.8125,-1.0115942028985507,5.5,22.75,0.25507246376811593,1.055072463768116,7,6.0,0,2023-10-12,1.9130434782608696,3.4236760124610592,1.9852034525277436,partial_bullish,1.7343378902032978,1.719129283883867,bearish,neutral,True,True,False,False
14,13357,13358,13380,2023-10-13 13:37:00+00:00,2023-10-13 13:38:00+00:00,2023-10-13 14:00:00+00:00,long,15317.0,15317.25,15317.5,15296.580357142857,15342.5,15367.5,15392.5,15417.5,73.83892736447078,near_trigger,31.838927364470777,20.919642857143117,True,False,False,False,True,stop,15296.580357142857,15296.330357142857,-21.169642857143117,0.0,-21.169642857143117,-1.01195049082373,45.0,24.25,2.1510883482714203,1.1591976099018209,23,22.0,1,2023-10-13,1.9001280409731114,0.5011547344110855,3.8013964313421256,partial_bearish,1.8709541971377583,1.03521490341178,neutral,bullish,True,True,True,False
15,14735,14736,14742,2023-10-16 13:35:00+00:00,2023-10-16 13:36:00+00:00,2023-10-16 13:42:00+00:00,long,15244.0,15244.0,15244.25,15226.25,15269.25,15294.25,15319.25,15344.25,73.94712036689666,near_trigger,51.947120366896655,18.0,False,False,False,False,True,stop,15226.25,15226.0,-18.25,0.0,-18.25,-1.0138888888888888,15.75,30.0,0.875,1.6666666666666667,7,6.0,0,2023-10-16,5.729166666666667,3.899122807017544,2.2056384742951907,strong_bullish,2.399986888899815,1.1943171252874876,bullish,bullish,True,True,True,False
16,14759,14760,14819,2023-10-16 13:59:00+00:00,2023-10-16 14:00:00+00:00,2023-10-16 14:59:00+00:00,long,15227.0,15227.0,15227.25,15204.776785714286,15252.25,15277.25,15302.25,15327.25,83.57067938021454,high_probability,79.57067938021454,22.473214285713766,True,True,True,False,False,max_holding_time,15308.25,15308.0,80.75,0.0,80.75,3.5931664680175643,98.0,18.25,4.360746920937725,0.8120778704807499,60,59.0,3,2023-10-16,1.8855780691299164,1.053763440860215,2.53840830449827,strong_bullish,1.2297508036026863,1.8885630498533725,bullish,bullish,True,True,True,False
17,16139,16140,16146,2023-10-17 13:59:00+00:00,2023-10-17 14:00:00+00:00,2023-10-17 14:06:00+00:00,short,15079.0,15079.25,15079.0,15100.482142857143,15054.0,15029.0,15004.0,14979.0,86.50659879381195,high_probability,-79.50659879381195,21.482142857143117,False,False,False,False,True,stop,15100.482142857143,15100.732142857143,-21.732142857143117,0.0,-21.732142857143117,-1.0116375727348295,7.5,29.5,0.3491271820448836,1.3732335827098754,7,6.0,0,2023-10-17,1.1870324189526185,3.480225988700565,4.816559600285511,partial_bearish,0.6749118362886802,1.0241462478758976,bearish,bearish,True,True,True,False
18,17496,17497,17539,2023-10-18 13:36:00+00:00,2023-10-18 13:37:00+00:00,2023-10-18 14:19:00+00:00,short,15171.25,15171.5,15171.25,15192.705357142857,15146.25,15121.25,15096.25,15071.25,70.00255276587296,near_trigger,-38.00255276587296,21.455357142856883,True,False,False,False,True,stop,15192.705357142857,15192.955357142857,-21.705357142856883,0.0,-21.705357142856883,-1.0116521015397422,49.75,35.0,2.318768206408684,1.6312942155638983,43,42.0,1,2023-10-18,2.9013732833957553,3.086729362591431,1.7353215284249768,partial_bullish,2.7757949905147745,1.4501322806870196,bearish,bearish,False,True,False,False
19,17541,17542,17556,2023-10-18 14:21:00+00:00,2023-10-18 14:22:00+00:00,2023-10-18 14:36:00+00:00,short,15209.0,15209.5,15209.25,15232.55357142857,15184.25,15159.25,15134.25,15109.25,70.77389920424403,near_trigger,-70.77389920424403,23.30357142857065,True,True,True,True,False,tp4,15109.25,15109.5,99.75,0.0,99.75,4.280459770115086,101.25,13.75,4.344827586207042,0.590038314176265,15,14.0,4,2023-10-18,2.4459770114942527,1.2593818984547462,1.0795805058605799,strong_bullish,1.1916785942549533,1.5680499072136453,bearish,bearish,True,False,False,False
20,18872,18873,18873,2023-10-19 13:32:00+00:00,2023-10-19 13:33:00+00:00,2023-10-19 13:33:00+00:00,long,15107.5,15107.25,15107.5,15092.044642857143,15132.5,15157.5,15182.5,15207.5,82.84173310386834,high_probability,56.841733103868336,15.455357142856883,False,False,False,False,True,stop,15092.044642857143,15091.794642857143,-15.705357142856883,0.0,-15.705357142856883,-1.0161756210283077,1.75,21.0,0.11322934719815327,1.3587521663778392,1,0.0,0,2023-10-19,2.5719237435008666,0.126,2.2329945269741986,partial_bullish,4.3795476892822025,1.0118717524524081,bullish,bullish,True,True,True,True
21,18875,18876,18876,2023-10-19 13:35:00+00:00,2023-10-19 13:36:00+00:00,2023-10-19 13:36:00+00:00,long,15076.0,15076.0,15076.25,15056.776785714286,15101.25,15126.25,15151.25,15176.25,78.0,near_trigger,50.287217329108906,19.473214285713766,False,False,False,False,True,stop,15056.776785714286,15056.526785714286,-19.723214285713766,0.0,-19.723214285713766,-1.0128381476386983,1.25,20.75,0.06419073819349094,1.0655662540119495,1,0.0,0,2023-10-19,2.137551581843191,1.2901459854014599,2.2329945269741986,partial_bearish,2.775434670339129,0.9844182988117045,bullish,bullish,True,True,True,True
22,18877,18878,18928,2023-10-19 13:37:00+00:00,2023-10-19 13:38:00+00:00,2023-10-19 14:28:00+00:00,long,15043.0,15042.75,15043.0,15020.285714285714,15068.0,15093.0,15118.0,15143.0,78.0,near_trigger,34.93306117998665,22.714285714286234,True,True,False,False,True,stop,15020.285714285714,15020.035714285714,-22.964285714286234,0.0,-22.964285714286234,-1.011006289308176,64.0,24.0,2.817610062893017,1.0566037735848814,51,50.0,2,2023-10-19,4.2594339622641515,1.2901459854014599,2.2329945269741986,partial_bearish,2.8025195778004766,1.4935791853940426,bullish,neutral,True,True,True,True
23,21633,21634,21649,2023-10-23 13:33:00+00:00,2023-10-23 13:34:00+00:00,2023-10-23 13:49:00+00:00,short,14580.0,14580.5,14580.25,14599.723214285714,14555.25,14530.25,14505.25,14480.25,83.71633899697142,high_probability,-59.716338996971416,19.473214285713766,True,True,False,False,True,stop,14599.723214285714,14599.973214285714,-19.723214285713766,0.0,-19.723214285713766,-1.0128381476386983,66.0,25.0,3.3892709766163214,1.2838147638698187,16,15.0,2,2023-10-23,1.7909215955983493,0.981549815498155,0.8671641791044776,partial_bearish,3.8013952418674775,1.14542374621426,bearish,bearish,True,True,True,False
24,23020,23021,23025,2023-10-24 13:40:00+00:00,2023-10-24 13:41:00+00:00,2023-10-24 13:45:00+00:00,long,14828.75,14829.0,14829.25,14799.839285714286,14854.25,14879.25,14904.25,14929.25,84.22442057659694,high_probability,58.22442057659694,29.410714285713766,False,False,False,False,True,stop,14799.839285714286,14799.589285714286,-29.660714285713766,0.0,-29.660714285713766,-1.008500303582271,8.0,47.0,0.27200971463267026,1.5980570734669377,5,4.0,0,2023-10-24,1.7340619307832421,1.6338329764453963,0.5666337611056268,partial_bullish,2.4457370196907893,1.520105638969042,bullish,bullish,True,True,True,False
25,24391,24392,24446,2023-10-25 13:31:00+00:00,2023-10-25 13:32:00+00:00,2023-10-25 14:26:00+00:00,short,14703.5,14703.25,14703.0,14715.964285714286,14678.0,14653.0,14628.0,14603.0,81.6,high_probability,-67.6,12.964285714286234,True,True,True,True,False,tp4,14603.0,14603.25,99.75,0.0,99.75,7.694214876032749,103.0,0.5,7.9449035812668996,0.03856749311294611,55,54.0,4,2023-10-25,4.975206611570248,0.8839941262848752,2.51006711409396,strong_bearish,10.774151718175924,1.6052900752369623,bearish,bearish,False,True,True,False
26,24447,24448,24450,2023-10-25 14:27:00+00:00,2023-10-25 14:28:00+00:00,2023-10-25 14:30:00+00:00,short,14603.75,14604.0,14603.75,14625.607142857143,14578.75,14553.75,14528.75,14503.75,74.0,near_trigger,-66.59509803921569,21.857142857143117,False,False,False,False,True,stop,14625.607142857143,14625.857142857143,-22.107142857143117,0.0,-22.107142857143117,-1.011437908496732,2.5,25.0,0.1143790849673189,1.143790849673189,3,2.0,0,2023-10-25,1.3382352941176472,0.7394957983193278,4.472222222222222,strong_bearish,2.246007918896576,1.7792781832927818,bearish,bearish,True,True,True,True
27,25782,25783,25788,2023-10-26 13:42:00+00:00,2023-10-26 13:43:00+00:00,2023-10-26 13:48:00+00:00,long,14413.0,14413.0,14413.25,14373.44642857143,14438.25,14463.25,14488.25,14513.25,73.53912650385789,near_trigger,51.53912650385789,39.80357142857065,False,False,False,False,True,stop,14373.44642857143,14373.19642857143,-40.05357142857065,0.0,-40.05357142857065,-1.006280843427546,16.25,51.0,0.408254822790497,1.281292059219406,6,5.0,0,2023-10-26,0.2920592193808883,1.593103448275862,3.119314436387607,partial_bearish,1.7282899537825347,1.8332480085188296,bullish,bullish,True,True,False,False
28,25790,25791,25802,2023-10-26 13:50:00+00:00,2023-10-26 13:51:00+00:00,2023-10-26 14:02:00+00:00,long,14345.75,14345.75,14346.0,14308.205357142857,14371.0,14396.0,14421.0,14446.0,76.0,near_trigger,37.65598866052445,37.79464285714312,False,False,False,False,True,stop,14308.205357142857,14307.955357142857,-38.04464285714312,0.0,-38.04464285714312,-1.0066146940703993,17.0,44.75,0.4497991967871455,1.1840302386014565,12,11.0,0,2023-10-26,2.738483345145287,1.6282527881040891,1.9151312116136237,partial_bearish,1.1439964335248662,1.7376819621079913,bullish,bullish,True,False,False,False
29,25828,25829,25832,2023-10-26 14:28:00+00:00,2023-10-26 14:29:00+00:00,2023-10-26 14:32:00+00:00,long,14330.25,14330.0,14330.25,14301.80357142857,14355.25,14380.25,14405.25,14430.25,98.4,a_plus_plus,72.4,28.44642857142935,False,False,False,False,True,stop,14301.80357142857,14301.55357142857,-28.69642857142935,0.0,-28.69642857142935,-1.0087884494664154,0.0,28.75,0.0,1.0106716886377627,4,3.0,0,2023-10-26,2.8606403013182673,1.3970401691331924,2.5494018608772704,partial_bearish,2.3064312042691313,2.647051395378204,bullish,bullish,True,True,True,False
30,27159,27160,27219,2023-10-27 13:39:00+00:00,2023-10-27 13:40:00+00:00,2023-10-27 14:39:00+00:00,long,14313.75,14313.25,14313.5,14284.035714285714,14338.5,14363.5,14388.5,14413.5,73.0,near_trigger,69.14370802006238,29.464285714286234,True,True,False,False,False,max_holding_time,14302.75,14302.5,-11.0,0.0,-11.0,-0.37333333333332674,56.75,22.5,1.926060606060572,0.7636363636363501,60,59.0,2,2023-10-27,0.5727272727272728,0.18229166666666666,0.6511627906976745,partial_bearish,1.6921427837246523,1.0703649749220285,bullish,bullish,True,True,True,False
31,29918,29919,29932,2023-10-31 13:38:00+00:00,2023-10-31 13:39:00+00:00,2023-10-31 13:52:00+00:00,long,14338.25,14337.75,14338.0,14314.348214285714,14363.0,14388.0,14413.0,14438.0,70.90295385699201,near_trigger,70.90295385699201,23.651785714286234,False,False,False,False,True,stop,14314.348214285714,14314.098214285714,-23.901785714286234,0.0,-23.901785714286234,-1.0105700264250659,18.0,23.75,0.7610419026047398,1.0041525103812539,14,13.0,0,2023-10-31,3.0600226500566254,1.854054054054054,1.0129198966408268,strong_bearish,1.7225566492897366,1.0517003948892394,bullish,bullish,True,True,False,False
32,31326,31327,31386,2023-11-01 14:06:00+00:00,2023-11-01 14:07:00+00:00,2023-11-01 15:06:00+00:00,long,14552.25,14552.75,14553.0,14527.205357142857,14578.0,14603.0,14628.0,14653.0,72.24361370716511,near_trigger,72.24361370716511,25.794642857143117,True,True,True,False,False,max_holding_time,14637.5,14637.25,84.25,0.0,84.25,3.266182069920355,96.5,23.0,3.7410868812737594,0.8916580131533313,60,59.0,3,2023-11-01,1.0176531671858773,0.7357357357357358,2.121495327102804,partial_bullish,1.9559384073426813,1.5301475891617238,bullish,bullish,True,True,False,False
33,34065,34066,34095,2023-11-03 13:45:00+00:00,2023-11-03 13:46:00+00:00,2023-11-03 14:15:00+00:00,long,15106.75,15106.25,15106.5,15085.36607142857,15131.5,15156.5,15181.5,15206.5,73.8092745326776,near_trigger,45.809274532677605,21.13392857142935,True,True,False,False,True,stop,15085.36607142857,15085.11607142857,-21.38392857142935,0.0,-21.38392857142935,-1.0118293198141102,56.75,30.0,2.6852555978030272,1.4195183776932303,30,29.0,2,2023-11-03,3.5310519645120406,2.6726238830219335,5.04296100462657,strong_bullish,1.796587364687175,1.074013951651823,bullish,bullish,True,True,True,True
34,34097,34098,34103,2023-11-03 14:17:00+00:00,2023-11-03 14:18:00+00:00,2023-11-03 14:23:00+00:00,long,15110.5,15110.5,15110.75,15089.857142857143,15135.75,15160.75,15185.75,15210.75,80.39625879099222,high_probability,80.39625879099222,20.892857142856883,False,False,False,False,True,stop,15089.857142857143,15089.607142857143,-21.142857142856883,0.0,-21.142857142856883,-1.0119658119658121,6.0,25.0,0.28717948717949077,1.1965811965812114,6,5.0,0,2023-11-03,0.8615384615384615,0.7668789808917198,1.4,partial_bullish,0.792896305668593,0.8940414374582284,bullish,bullish,True,True,True,True
35,34104,34105,34106,2023-11-03 14:24:00+00:00,2023-11-03 14:25:00+00:00,2023-11-03 14:26:00+00:00,long,15089.75,15090.0,15090.25,15070.0,15115.25,15140.25,15165.25,15190.25,74.42254928327877,near_trigger,74.42254928327877,20.25,False,False,False,False,True,stop,15070.0,15069.75,-20.5,0.0,-20.5,-1.0123456790123457,4.0,30.0,0.19753086419753085,1.4814814814814814,2,1.0,0,2023-11-03,1.6111111111111112,0.3297101449275362,1.4,partial_bearish,0.9850638131862007,0.8430014189132793,bullish,bullish,True,True,True,True
36,35482,35483,35484,2023-11-06 15:22:00+00:00,2023-11-06 15:23:00+00:00,2023-11-06 15:24:00+00:00,long,15224.0,15223.75,15224.0,15207.125,15249.0,15274.0,15299.0,15324.0,71.8986279977691,near_trigger,64.8986279977691,16.875,False,False,False,False,True,stop,15207.125,15206.875,-17.125,0.0,-17.125,-1.0148148148148148,2.75,20.25,0.16296296296296298,1.2,2,1.0,0,2023-11-06,1.1555555555555554,0.17384952520087654,0.9659735349716446,partial_bearish,1.2046891381008356,0.9399516638780443,bullish,bullish,True,True,True,False
37,38221,38222,38223,2023-11-08 15:01:00+00:00,2023-11-08 15:02:00+00:00,2023-11-08 15:03:00+00:00,long,15375.0,15375.5,15375.75,15360.88392857143,15400.75,15425.75,15450.75,15475.75,70.0,near_trigger,38.440816935779026,14.866071428570649,False,False,False,False,True,stop,15360.88392857143,15360.63392857143,-15.116071428570649,0.0,-15.116071428570649,-1.0168168168168177,0.25,25.0,0.0168168168168177,1.68168168168177,2,1.0,0,2023-11-08,2.926126126126126,1.2934782608695654,1.4095022624434388,partial_bearish,1.553748629202664,1.0575373888347792,bullish,bullish,True,False,True,False
38,38228,38229,38235,2023-11-08 15:08:00+00:00,2023-11-08 15:09:00+00:00,2023-11-08 15:15:00+00:00,long,15376.25,15376.25,15376.5,15358.151785714286,15401.5,15426.5,15451.5,15476.5,76.22673168971268,near_trigger,64.22673168971268,18.348214285713766,False,False,False,False,True,stop,15358.151785714286,15357.901785714286,-18.598214285713766,0.0,-18.598214285713766,-1.0136253041362535,10.5,20.25,0.5722627737226439,1.1036496350365277,7,6.0,0,2023-11-08,1.9211678832116788,2.7243947858473,1.4095022624434388,partial_bullish,0.8165858709464866,0.8002029333087354,bullish,bullish,True,False,False,False
39,40957,40958,41017,2023-11-10 14:37:00+00:00,2023-11-10 14:38:00+00:00,2023-11-10 15:37:00+00:00,long,15335.75,15336.0,15336.25,15320.125,15361.25,15386.25,15411.25,15436.25,70.56347787410377,near_trigger,44.56347787410377,16.125,True,True,False,False,False,max_holding_time,15331.75,15331.5,-4.75,0.0,-4.75,-0.29457364341085274,52.75,14.25,3.2713178294573644,0.8837209302325582,60,59.0,2,2023-11-10,1.5348837209302326,0.6845425867507886,2.354228855721393,strong_bullish,3.1906712890009454,1.2683008310017956,bullish,bullish,True,True,False,False
40,43711,43712,43771,2023-11-14 14:31:00+00:00,2023-11-14 14:32:00+00:00,2023-11-14 15:31:00+00:00,long,15801.75,15801.75,15802.0,15785.17857142857,15827.0,15852.0,15877.0,15902.0,70.0,near_trigger,26.27419059376369,16.82142857142935,True,True,True,False,False,max_holding_time,15890.75,15890.5,88.5,0.0,88.5,5.2611464968150425,90.0,12.0,5.3503184713373315,0.7133757961783109,60,59.0,3,2023-11-14,1.605095541401274,0.02054794520547945,6.6541861674466976,partial_bullish,4.7926115279953825,1.1572617577953885,bullish,bullish,True,True,True,False
41,45091,45092,45092,2023-11-15 14:31:00+00:00,2023-11-15 14:32:00+00:00,2023-11-15 14:32:00+00:00,long,15954.75,15954.5,15954.75,15943.285714285714,15979.75,16004.75,16029.75,16054.75,74.55657434186199,near_trigger,74.55657434186199,11.464285714286234,False,False,False,False,True,stop,15943.285714285714,15943.035714285714,-11.714285714286234,0.0,-11.714285714286234,-1.0218068535825535,0.75,18.75,0.06542056074766059,1.6355140186915147,1,0.0,0,2023-11-15,0.9485981308411214,0.157439446366782,1.4614220877458397,partial_bearish,4.334767305436058,0.735437553495717,bullish,bullish,True,False,True,False
42,45095,45096,45096,2023-11-15 14:35:00+00:00,2023-11-15 14:36:00+00:00,2023-11-15 14:36:00+00:00,long,15967.5,15967.75,15968.0,15952.86607142857,15993.0,16018.0,16043.0,16068.0,83.1305650003185,high_probability,57.1305650003185,15.133928571429351,False,False,False,False,True,stop,15952.86607142857,15952.61607142857,-15.383928571429351,0.0,-15.383928571429351,-1.016519174041297,0.25,18.75,0.016519174041297085,1.2389380530972813,1,0.0,0,2023-11-15,1.561061946902655,0.35782747603833864,1.4614220877458397,partial_bullish,2.667833242687224,0.8539142149998864,bullish,bullish,True,True,True,False
43,45098,45099,45099,2023-11-15 14:38:00+00:00,2023-11-15 14:39:00+00:00,2023-11-15 14:39:00+00:00,long,15970.75,15970.75,15971.0,15951.794642857143,15996.0,16021.0,16046.0,16071.0,75.45252268206764,near_trigger,75.45252268206764,19.205357142856883,False,False,False,False,True,stop,15951.794642857143,15951.544642857143,-19.455357142856883,0.0,-19.455357142856883,-1.0130172013017202,2.75,20.5,0.14318921431892337,1.067410506741065,1,0.0,0,2023-11-15,1.503486750348675,0.35782747603833864,1.4614220877458397,partial_bullish,1.5236079392487794,0.775555723574777,bullish,bullish,True,True,True,False
44,49254,49255,49258,2023-11-20 14:54:00+00:00,2023-11-20 14:55:00+00:00,2023-11-20 14:58:00+00:00,short,15982.5,15982.0,15981.75,15996.50892857143,15956.75,15931.75,15906.75,15881.75,78.57261644178843,near_trigger,-67.57261644178843,14.758928571429351,False,False,False,False,True,stop,15996.50892857143,15996.75892857143,-15.008928571429351,0.0,-15.008928571429351,-1.016938898971566,3.75,15.25,0.2540834845734893,1.033272837265523,4,3.0,0,2023-11-20,1.8039927404718694,3.9295454545454547,3.3950617283950617,strong_bullish,0.916591346265267,1.042284328840047,neutral,bearish,True,True,True,False
45,50610,50611,50613,2023-11-21 14:30:00+00:00,2023-11-21 14:31:00+00:00,2023-11-21 14:33:00+00:00,short,15994.25,15994.25,15994.0,16002.544642857143,15969.0,15944.0,15919.0,15894.0,73.58044502904747,near_trigger,-48.58044502904747,8.544642857143117,False,False,False,False,True,stop,16002.544642857143,16002.794642857143,-8.794642857143117,0.0,-8.794642857143117,-1.0292580982236146,13.5,11.0,1.579937304075187,1.2873563218390414,3,2.0,0,2023-11-21,1.9310344827586208,0.9204152249134948,1.5333333333333334,partial_bearish,12.042396451928138,0.975556286309328,neutral,bearish,True,True,True,False
46,52032,52033,52037,2023-11-22 15:12:00+00:00,2023-11-22 15:13:00+00:00,2023-11-22 15:17:00+00:00,long,16043.75,16043.5,16043.75,16020.098214285714,16068.75,16093.75,16118.75,16143.75,82.32739343445732,high_probability,64.32739343445732,23.651785714286234,False,False,False,False,True,stop,16020.098214285714,16019.848214285714,-23.901785714286234,0.0,-23.901785714286234,-1.0105700264250659,0.25,30.0,0.010570026425065831,1.2684031710078996,5,4.0,0,2023-11-22,1.2684031710079275,4.266747133373567,0.44245676803816336,partial_bullish,0.9360244902194781,1.4803063457330417,bullish,bullish,True,False,True,False
47,52041,52042,52101,2023-11-22 15:21:00+00:00,2023-11-22 15:22:00+00:00,2023-11-22 16:21:00+00:00,long,16044.75,16044.5,16044.75,16026.0,16069.75,16094.75,16119.75,16144.75,83.0,high_probability,71.0,18.75,True,True,False,False,False,max_holding_time,16053.0,16052.75,8.0,0.0,8.0,0.4266666666666667,54.25,17.75,2.8933333333333335,0.9466666666666667,60,59.0,2,2023-11-22,1.5,0.836283185840708,0.8961807423345886,partial_bearish,1.3074759027809804,1.5786396413954396,bullish,bullish,True,True,True,False
48,54566,54567,54580,2023-11-24 15:26:00+00:00,2023-11-24 15:27:00+00:00,2023-11-24 15:40:00+00:00,short,15995.25,15995.0,15994.75,16007.660714285714,15969.75,15944.75,15919.75,15894.75,70.99096345925712,near_trigger,-70.99096345925712,12.910714285713766,False,False,False,False,True,stop,16007.660714285714,16007.910714285714,-13.160714285713766,0.0,-13.160714285713766,-1.0193637621023521,4.75,15.5,0.36791147994468976,1.2005532503458298,14,13.0,0,2023-11-24,2.0622406639004147,1.3241505968778695,2.49601593625498,strong_bearish,1.3852907117658146,0.8258412535319805,bearish,bearish,False,True,True,False
49,55676,55677,55703,2023-11-27 14:41:00+00:00,2023-11-27 14:42:00+00:00,2023-11-27 15:08:00+00:00,short,16003.5,16003.75,16003.5,16027.44642857143,15978.5,15953.5,15928.5,15903.5,72.1972685086438,near_trigger,-72.1972685086438,23.94642857142935,False,False,False,False,True,stop,16027.44642857143,16027.69642857143,-24.19642857142935,0.0,-24.19642857142935,-1.0104399701715134,19.75,30.25,0.824757643549563,1.263236390753128,27,26.0,0,2023-11-27,1.4563758389261745,1.608982826948481,1.3500660501981507,partial_bullish,1.3710278432761969,1.3895320761258527,bearish,bearish,True,True,True,True
50,57049,57050,57109,2023-11-28 14:34:00+00:00,2023-11-28 14:35:00+00:00,2023-11-28 15:34:00+00:00,short,15998.0,15998.0,15997.75,16010.419642857143,15972.75,15947.75,15922.75,15897.75,70.87541252597444,near_trigger,-70.87541252597444,12.669642857143117,True,False,False,False,False,max_holding_time,15988.25,15988.5,9.25,0.0,9.25,0.7300916138125291,39.5,8.0,3.1176885130372862,0.6314305849189441,60,59.0,1,2023-11-28,2.7822410147991543,0.28413284132841327,1.5272727272727271,strong_bullish,2.7655474733850376,1.1237582578908736,bearish,bearish,True,False,False,False
51,59835,59836,59849,2023-11-30 15:00:00+00:00,2023-11-30 15:01:00+00:00,2023-11-30 15:14:00+00:00,short,15956.25,15955.75,15955.5,15975.401785714286,15930.5,15905.5,15880.5,15855.5,73.59471224679797,near_trigger,-51.59471224679797,19.901785714286234,True,False,False,False,True,stop,15975.401785714286,15975.651785714286,-20.151785714286234,0.0,-20.151785714286234,-1.0125616868550917,36.75,22.5,1.8465679676984712,1.1305518169582478,14,13.0,1,2023-11-30,1.1305518169582773,2.765564950038432,4.016058394160583,strong_bearish,1.560451028881276,1.2433903084974647,bearish,bearish,True,True,True,False
52,61190,61191,61191,2023-12-01 14:35:00+00:00,2023-12-01 14:36:00+00:00,2023-12-01 14:36:00+00:00,short,15882.25,15882.0,15881.75,15897.901785714286,15856.75,15831.75,15806.75,15781.75,72.3874883574093,near_trigger,-46.387488357409296,16.151785714286234,False,False,False,False,True,stop,15897.901785714286,15898.151785714286,-16.401785714286234,0.0,-16.401785714286234,-1.0154781647318956,0.5,24.0,0.030956329463791156,1.4859038142619754,1,0.0,0,2023-12-01,3.5522388059701493,3.170860927152318,0.016766467065868262,partial_bearish,2.737645608873693,1.2190847127555988,bearish,bearish,True,True,False,False
53,61205,61206,61207,2023-12-01 14:50:00+00:00,2023-12-01 14:51:00+00:00,2023-12-01 14:52:00+00:00,short,15912.5,15912.5,15912.25,15931.75,15887.25,15862.25,15837.25,15812.25,88.15384615384616,high_probability,-76.15384615384616,19.5,False,False,False,False,True,stop,15931.75,15932.0,-19.75,0.0,-19.75,-1.0128205128205128,0.0,19.75,0.0,1.0128205128205128,2,1.0,0,2023-12-01,2.0,0.08179162609542356,0.4804575786463298,partial_bearish,1.17960492875046,1.785406359017894,bearish,bearish,True,True,True,False
54,63947,63948,63951,2023-12-05 14:32:00+00:00,2023-12-05 14:33:00+00:00,2023-12-05 14:36:00+00:00,short,15805.0,15804.75,15804.5,15819.63392857143,15779.5,15754.5,15729.5,15704.5,78.0,near_trigger,-57.871868951517726,15.133928571429351,False,False,False,False,True,stop,15819.63392857143,15819.88392857143,-15.383928571429351,0.0,-15.383928571429351,-1.016519174041297,17.5,26.0,1.1563421828907958,1.7179941002948969,4,3.0,0,2023-12-05,2.2548672566371684,0.9320652173913044,0.40867389491242706,partial_bearish,3.797268907563025,0.9101638106028419,bearish,bearish,True,True,True,False
55,63975,63976,64001,2023-12-05 15:00:00+00:00,2023-12-05 15:01:00+00:00,2023-12-05 15:26:00+00:00,long,15894.5,15894.75,15895.0,15873.0625,15920.0,15945.0,15970.0,15995.0,80.4,high_probability,44.400000000000006,21.9375,True,False,False,False,True,stop,15873.0625,15872.8125,-22.1875,0.0,-22.1875,-1.0113960113960114,41.75,22.5,1.9031339031339032,1.0256410256410255,26,25.0,1,2023-12-05,2.2222222222222223,2.890688259109312,1.696969696969697,strong_bullish,2.720379271055699,1.8731063338623575,bullish,bullish,False,True,True,False
56,64002,64003,64062,2023-12-05 15:27:00+00:00,2023-12-05 15:28:00+00:00,2023-12-05 16:27:00+00:00,long,15870.25,15870.5,15870.75,15849.80357142857,15895.75,15920.75,15945.75,15970.75,74.0,near_trigger,32.646035805626596,20.94642857142935,True,True,True,False,False,max_holding_time,15890.75,15890.5,19.75,0.0,19.75,0.9428815004262223,91.0,13.0,4.344416027280316,0.6206308610400451,60,59.0,3,2023-12-05,3.4910485933503836,1.998843930635838,3.3391506689936006,partial_bullish,1.2267546800061884,1.7350838803792852,bullish,bullish,False,True,True,False
57,65383,65384,65443,2023-12-06 15:28:00+00:00,2023-12-06 15:29:00+00:00,2023-12-06 16:28:00+00:00,long,15901.5,15901.5,15901.75,15878.5,15926.75,15951.75,15976.75,16001.75,73.50967741935484,near_trigger,65.50967741935484,23.25,True,False,False,False,False,max_holding_time,15919.0,15918.75,17.0,0.0,17.0,0.7311827956989247,48.0,10.0,2.064516129032258,0.43010752688172044,60,59.0,1,2023-12-06,0.7741935483870968,1.79570516540917,1.9486850545221295,strong_bearish,0.987975592246949,1.616591722492429,bullish,bullish,True,False,False,False
58,66707,66708,66720,2023-12-07 14:32:00+00:00,2023-12-07 14:33:00+00:00,2023-12-07 14:45:00+00:00,long,15950.0,15950.0,15950.25,15938.598214285714,15975.25,16000.25,16025.25,16050.25,85.6,high_probability,39.599999999999994,11.651785714286234,True,False,False,False,True,stop,15938.598214285714,15938.348214285714,-11.901785714286234,0.0,-11.901785714286234,-1.021455938697317,31.75,14.0,2.7249042145592655,1.2015325670497548,13,12.0,1,2023-12-07,1.8022988505747126,1.74,4.424870466321243,strong_bullish,6.097332966730822,1.726954855892408,neutral,bullish,True,True,True,False
59,68115,68116,68122,2023-12-08 15:00:00+00:00,2023-12-08 15:01:00+00:00,2023-12-08 15:07:00+00:00,short,16031.5,16031.75,16031.5,16056.30357142857,16006.5,15981.5,15956.5,15931.5,78.0,near_trigger,-67.7864077669903,24.80357142857065,False,False,False,False,True,stop,16056.30357142857,16056.55357142857,-25.05357142857065,0.0,-25.05357142857065,-1.010079193664507,21.5,41.5,0.8668106551476155,1.673146148308188,7,6.0,0,2023-12-08,2.192224622030238,1.2222222222222223,0.753208292201382,strong_bullish,2.531909477690639,1.9251258041326427,bearish,bearish,True,False,True,False
60,68141,68142,68175,2023-12-08 15:26:00+00:00,2023-12-08 15:27:00+00:00,2023-12-08 16:00:00+00:00,short,16092.0,16092.25,16092.0,16110.80357142857,16067.0,16042.0,16017.0,15992.0,77.25629557460462,near_trigger,-77.25629557460462,18.80357142857065,True,True,False,False,True,stop,16110.80357142857,16111.05357142857,-19.05357142857065,0.0,-19.05357142857065,-1.0132953466286805,71.75,20.0,3.8157644824313075,1.063627730294441,34,33.0,2,2023-12-08,0.41880341880341876,3.596330275229358,2.8301724137931035,partial_bullish,0.8948678310254471,1.1188025166888271,bearish,bearish,True,False,True,False
61,70846,70847,70848,2023-12-12 14:31:00+00:00,2023-12-12 14:32:00+00:00,2023-12-12 14:33:00+00:00,short,16427.75,16427.75,16427.5,16441.910714285714,16402.5,16377.5,16352.5,16327.5,71.43669209606486,near_trigger,-53.43669209606486,14.410714285713766,False,False,False,False,True,stop,16441.910714285714,16442.160714285714,-14.660714285713766,0.0,-14.660714285713766,-1.0173482032218097,9.25,16.25,0.6418835192069624,1.1276332094176367,2,1.0,0,2023-12-12,2.8624535315985127,0.5192727272727273,2.16260162601626,strong_bearish,6.601048340128131,0.7586903988914847,bearish,bearish,True,True,False,False
62,73632,73633,73673,2023-12-14 14:57:00+00:00,2023-12-14 14:58:00+00:00,2023-12-14 15:38:00+00:00,short,16867.0,16867.25,16867.0,16885.723214285714,16842.0,16817.0,16792.0,16767.0,71.14649499284693,near_trigger,-71.14649499284693,18.723214285713766,True,True,True,True,False,tp4,16767.0,16767.25,99.75,0.0,99.75,5.327610872675399,100.0,1.75,5.340963280877593,0.09346685741535786,41,40.0,4,2023-12-14,1.742489270386266,1.6612209802235598,0.9670682730923694,strong_bullish,1.347035611992772,2.115035707392395,bearish,bearish,True,True,False,False
63,75030,75031,75090,2023-12-15 15:15:00+00:00,2023-12-15 15:16:00+00:00,2023-12-15 16:15:00+00:00,long,16847.0,16846.5,16846.75,16829.660714285714,16871.75,16896.75,16921.75,16946.75,70.1021332512357,near_trigger,44.1021332512357,17.089285714286234,True,False,False,False,False,max_holding_time,16854.75,16854.5,7.75,0.0,7.75,0.4535005224660259,30.0,11.5,1.7554858934168744,0.6729362591431353,60,59.0,1,2023-12-15,2.040752351097179,1.2635046113306982,1.935483870967742,strong_bullish,1.5406396340799362,1.1292339621637442,bullish,bullish,True,True,False,True
64,79130,79131,79190,2023-12-20 14:35:00+00:00,2023-12-20 14:36:00+00:00,2023-12-20 15:35:00+00:00,long,16992.25,16992.75,16993.0,16983.089285714286,17018.0,17043.0,17068.0,17093.0,78.69933422450963,near_trigger,78.69933422450963,9.910714285713766,True,True,True,False,False,max_holding_time,17060.25,17060.0,67.0,0.0,67.0,6.760360360360715,80.5,3.0,8.122522522522948,0.3027027027027186,60,59.0,3,2023-12-20,1.2108108108108109,1.548235294117647,0.6858108108108109,strong_bullish,2.796833773087071,0.7511948076640538,bullish,bullish,True,False,True,False
65,80505,80506,80507,2023-12-21 14:30:00+00:00,2023-12-21 14:31:00+00:00,2023-12-21 14:32:00+00:00,long,16945.5,16945.25,16945.5,16934.008928571428,16970.5,16995.5,17020.5,17045.5,73.79118030143275,near_trigger,68.79118030143275,11.491071428572468,False,False,False,False,True,stop,16934.008928571428,16933.758928571428,-11.741071428572468,0.0,-11.741071428572468,-1.0217560217560198,13.25,19.0,1.1530691530690487,1.6534576534575038,2,1.0,0,2023-12-21,3.5244755244755246,0.5522935779816514,2.032450896669513,partial_bullish,12.84134739007457,1.2389753767909197,bullish,neutral,True,True,True,False
66,80508,80509,80511,2023-12-21 14:33:00+00:00,2023-12-21 14:34:00+00:00,2023-12-21 14:36:00+00:00,long,16921.5,16921.75,16922.0,16906.33035714286,16947.0,16972.0,16997.0,17022.0,73.0,near_trigger,67.71958863763123,15.669642857141298,False,False,False,False,True,stop,16906.33035714286,16906.08035714286,-15.919642857141298,0.0,-15.919642857141298,-1.0159544159544176,15.0,15.75,0.9572649572650526,1.005128205128305,3,2.0,0,2023-12-21,0.2871794871794872,0.5522935779816514,2.032450896669513,partial_bearish,2.2125493190785286,0.8505142029609479,bullish,bullish,True,True,True,False
67,80512,80513,80532,2023-12-21 14:37:00+00:00,2023-12-21 14:38:00+00:00,2023-12-21 14:57:00+00:00,long,16918.0,16918.25,16918.5,16897.098214285714,16943.5,16968.5,16993.5,17018.5,78.89511889862328,near_trigger,78.89511889862328,21.401785714286234,False,False,False,False,True,stop,16897.098214285714,16896.848214285714,-21.651785714286234,0.0,-21.651785714286234,-1.0116812682519813,20.25,22.0,0.9461827284104901,1.0279516061743597,20,19.0,0,2023-12-21,1.1564455569461827,0.1908580593424218,2.032450896669513,partial_bearish,2.2923151414539666,1.5368206269708773,bullish,bullish,True,True,True,False
68,80545,80546,80605,2023-12-21 15:10:00+00:00,2023-12-21 15:11:00+00:00,2023-12-21 16:10:00+00:00,long,16866.5,16866.25,16866.5,16844.241071428572,16891.5,16916.5,16941.5,16966.5,73.8546329723225,near_trigger,73.8546329723225,22.258928571427532,True,True,False,False,False,max_holding_time,16874.5,16874.25,7.75,0.0,7.75,0.34817488969115146,67.0,12.75,3.010028078620277,0.5728038507822169,60,59.0,2,2023-12-21,0.6401925391095067,3.4115898959881132,2.25496915695682,strong_bearish,1.2387090758633552,1.6076722938222303,bullish,bullish,True,True,False,False
69,81899,81900,81916,2023-12-22 14:44:00+00:00,2023-12-22 14:45:00+00:00,2023-12-22 15:01:00+00:00,long,17032.75,17032.5,17032.75,17013.035714285714,17057.75,17082.75,17107.75,17132.75,72.70652173913044,near_trigger,46.70652173913044,19.714285714286234,False,False,False,False,True,stop,17013.035714285714,17012.785714285714,-19.964285714286234,0.0,-19.964285714286234,-1.0126811594202896,8.5,26.5,0.4311594202898437,1.3442028985506893,17,16.0,0,2023-12-22,2.0543478260869565,0.3085399449035812,2.663716814159292,strong_bullish,1.8350527688841458,1.7464168829703193,bullish,bullish,True,True,False,False
70,86060,86061,86078,2023-12-28 15:05:00+00:00,2023-12-28 15:06:00+00:00,2023-12-28 15:23:00+00:00,short,17110.5,17110.75,17110.5,17121.08035714286,17085.5,17060.5,17035.5,17010.5,84.16741882223445,high_probability,-84.16741882223445,10.580357142858702,False,False,False,False,True,stop,17121.08035714286,17121.33035714286,-10.830357142858702,0.0,-10.830357142858702,-1.0236286919831188,7.75,10.75,0.7324894514766853,1.0160337552741119,18,17.0,0,2023-12-28,1.4177215189873418,0.9531914893617022,3.130434782608696,strong_bearish,4.390172820796782,1.6177844600762499,bearish,bearish,True,True,True,True
71,88787,88788,88801,2024-01-02 14:32:00+00:00,2024-01-02 14:33:00+00:00,2024-01-02 14:46:00+00:00,short,16863.5,16863.5,16863.25,16877.178571428572,16838.25,16813.25,16788.25,16763.25,70.06640759196586,near_trigger,-65.06640759196586,13.928571428572468,True,True,True,True,False,tp4,16763.25,16763.5,99.75,0.0,99.75,7.161538461537927,100.0,0.25,7.179487179486643,0.017948717948716608,14,13.0,4,2024-01-02,0.10769230769230768,1.8053097345132743,1.5179621162638797,strong_bullish,3.355672713192148,0.9580094899573123,bearish,bearish,True,True,False,False
72,90169,90170,90177,2024-01-03 14:34:00+00:00,2024-01-03 14:35:00+00:00,2024-01-03 14:42:00+00:00,short,16611.5,16611.5,16611.25,16634.5,16586.25,16561.25,16536.25,16511.25,73.0,near_trigger,-73.0,23.25,False,False,False,False,True,stop,16634.5,16634.75,-23.5,0.0,-23.5,-1.010752688172043,8.25,24.5,0.3548387096774194,1.053763440860215,8,7.0,0,2024-01-03,0.11290322580645161,0.2575558475689882,0.17932296431838976,partial_bearish,2.9131225638804676,1.6245930305577294,bearish,bearish,True,True,True,False
73,90222,90223,90255,2024-01-03 15:27:00+00:00,2024-01-03 15:28:00+00:00,2024-01-03 16:00:00+00:00,short,16585.0,16584.75,16584.5,16600.035714285714,16559.5,16534.5,16509.5,16484.5,78.0,near_trigger,-32.184016227180535,15.535714285713766,True,False,False,False,True,stop,16600.035714285714,16600.285714285714,-15.785714285713766,0.0,-15.785714285713766,-1.0160919540229891,41.0,29.0,2.639080459770203,1.866666666666729,33,32.0,1,2024-01-03,2.3655172413793104,1.392583872866392,1.5573770491803278,partial_bearish,1.1351411424761058,2.124155141936155,bearish,bearish,True,False,True,True
74,92955,92956,93015,2024-01-05 15:00:00+00:00,2024-01-05 15:01:00+00:00,2024-01-05 16:00:00+00:00,long,16498.0,16498.25,16498.5,16480.901785714286,16523.5,16548.5,16573.5,16598.5,83.36712328767123,high_probability,59.367123287671234,17.598214285713766,True,True,False,False,False,max_holding_time,16566.5,16566.25,67.75,0.0,67.75,3.8498224251650046,71.0,0.5,4.034500253678455,0.028411973617453908,60,59.0,2,2024-01-05,1.4490106544901065,0.5283018867924528,3.1845130066545675,partial_bullish,2.883958252802474,1.5811067408110675,bullish,bullish,True,True,True,False
75,94329,94330,94389,2024-01-08 14:54:00+00:00,2024-01-08 14:55:00+00:00,2024-01-08 15:54:00+00:00,long,16592.75,16592.75,16593.0,16577.73214285714,16618.0,16643.0,16668.0,16693.0,71.05964912280702,near_trigger,57.059649122807016,15.267857142858702,True,True,True,False,False,max_holding_time,16660.75,16660.5,67.5,0.0,67.5,4.421052631578496,78.25,9.75,5.125146198829886,0.638596491228005,60,59.0,3,2024-01-08,1.031578947368421,4.7518796992481205,3.5466666666666664,strong_bullish,1.2404144792897782,1.8519050452409775,bullish,bullish,True,True,True,False
76,95686,95687,95691,2024-01-09 14:31:00+00:00,2024-01-09 14:32:00+00:00,2024-01-09 14:36:00+00:00,long,16699.75,16700.25,16700.5,16688.151785714286,16725.5,16750.5,16775.5,16800.5,75.24276838607138,near_trigger,43.242768386071376,12.348214285713766,False,False,False,False,True,stop,16688.151785714286,16687.901785714286,-12.598214285713766,0.0,-12.598214285713766,-1.0202458423716567,14.0,15.75,1.1337671728127736,1.2754880694143704,5,4.0,0,2024-01-09,2.8850325379609543,0.16470588235294117,2.4342105263157894,partial_bearish,5.937296416938111,1.0534604825892213,neutral,bullish,True,True,True,True
77,95720,95721,95723,2024-01-09 15:05:00+00:00,2024-01-09 15:06:00+00:00,2024-01-09 15:08:00+00:00,short,16687.25,16687.25,16687.0,16705.1875,16662.0,16637.0,16612.0,16587.0,70.21966033267798,near_trigger,-32.219660332677975,18.1875,False,False,False,False,True,stop,16705.1875,16705.4375,-18.4375,0.0,-18.4375,-1.013745704467354,0.25,27.0,0.013745704467353952,1.4845360824742269,3,2.0,0,2024-01-09,1.175257731958763,0.2050447518307567,1.7566539923954372,partial_bullish,1.325364893835717,1.2131883493057702,neutral,bearish,True,False,True,False
78,95725,95726,95747,2024-01-09 15:10:00+00:00,2024-01-09 15:11:00+00:00,2024-01-09 15:32:00+00:00,long,16729.25,16729.0,16729.25,16712.508928571428,16754.25,16779.25,16804.25,16829.25,72.63136,near_trigger,18.63136,16.741071428572468,False,False,False,False,True,stop,16712.508928571428,16712.258928571428,-16.991071428572468,0.0,-16.991071428572468,-1.0149333333333324,17.5,17.5,1.0453333333332684,1.0453333333332684,22,21.0,0,2024-01-09,3.7632,1.8763961280714818,1.7566539923954372,strong_bullish,1.6713598752328553,1.9092078783279998,neutral,bullish,True,True,False,False
79,97094,97095,97097,2024-01-10 14:59:00+00:00,2024-01-10 15:00:00+00:00,2024-01-10 15:02:00+00:00,long,16837.75,16837.25,16837.5,16820.008928571428,16862.5,16887.5,16912.5,16937.5,70.9049458257542,near_trigger,53.9049458257542,17.491071428572468,False,False,False,False,True,stop,16820.008928571428,16819.758928571428,-17.741071428572468,0.0,-17.741071428572468,-1.014293006636038,1.75,33.25,0.10005104645226562,1.9009698825930468,3,2.0,0,2024-01-10,1.2863705972434916,1.1111111111111112,0.972407231208373,partial_bullish,0.9799261115560494,1.3685482852555428,neutral,bullish,True,False,True,False
80,98481,98482,98494,2024-01-11 15:06:00+00:00,2024-01-11 15:07:00+00:00,2024-01-11 15:19:00+00:00,short,16841.0,16841.25,16841.0,16870.91964285714,16816.0,16791.0,16766.0,16741.0,72.0,near_trigger,-44.0,29.919642857141298,False,False,False,False,True,stop,16870.91964285714,16871.16964285714,-30.169642857141298,0.0,-30.169642857141298,-1.0083557147120268,16.5,45.75,0.5514771709937619,1.5290957923008854,13,12.0,0,2024-01-11,5.088630259623993,3.8871331828442437,0.5773835920177384,partial_bearish,2.0143938269772965,3.22690873434459,bearish,neutral,False,True,True,False
81,99832,99833,99836,2024-01-12 14:37:00+00:00,2024-01-12 14:38:00+00:00,2024-01-12 14:41:00+00:00,short,17003.25,17003.25,17003.0,17022.446428571428,16978.0,16953.0,16928.0,16903.0,72.63130272407865,near_trigger,-65.63130272407865,19.446428571427532,False,False,False,False,True,stop,17022.446428571428,17022.696428571428,-19.696428571427532,0.0,-19.696428571427532,-1.0128558310376499,0.0,25.0,0.0,1.2855831037649907,4,3.0,0,2024-01-12,1.7548209366391185,1.1408227848101264,3.6513879922530665,strong_bullish,1.7477999898265426,1.2457399753462401,neutral,bearish,True,True,True,False
82,99862,99863,99867,2024-01-12 15:07:00+00:00,2024-01-12 15:08:00+00:00,2024-01-12 15:12:00+00:00,long,16996.75,16996.5,16996.75,16968.839285714286,17021.75,17046.75,17071.75,17096.75,71.48790786948176,near_trigger,47.48790786948176,27.910714285713766,False,False,False,False,True,stop,16968.839285714286,16968.589285714286,-28.160714285713766,0.0,-28.160714285713766,-1.0089571337172107,8.25,31.5,0.29558541266795174,1.1285988483685432,5,4.0,0,2024-01-12,2.3378119001919386,1.875785066294487,0.9471458773784356,partial_bullish,1.2530087805539545,1.8473226483622671,bullish,bullish,True,True,False,False
83,99879,99880,99898,2024-01-12 15:24:00+00:00,2024-01-12 15:25:00+00:00,2024-01-12 15:43:00+00:00,long,16967.25,16966.75,16967.0,16941.178571428572,16992.0,17017.0,17042.0,17067.0,86.37593360995851,high_probability,74.37593360995851,25.821428571427532,False,False,False,False,True,stop,16941.178571428572,16940.928571428572,-26.071428571427532,0.0,-26.071428571427532,-1.009681881051176,22.75,31.0,0.8810511756570203,1.2005532503458298,19,18.0,0,2024-01-12,1.4522821576763485,2.377067254685777,0.02064896755162242,partial_bullish,0.8303143282567151,1.7693057186399181,bullish,bullish,True,False,True,False
84,102355,102356,102376,2024-01-16 14:40:00+00:00,2024-01-16 14:41:00+00:00,2024-01-16 15:01:00+00:00,short,16896.75,16896.75,16896.5,16921.14285714286,16871.5,16846.5,16821.5,16796.5,71.15168005843682,near_trigger,-52.151680058436824,24.642857142858702,True,False,False,False,True,stop,16921.14285714286,16921.39285714286,-24.892857142858702,0.0,-24.892857142858702,-1.0101449275362313,41.5,29.0,1.6840579710143861,1.176811594202824,21,20.0,1,2024-01-16,2.6021739130434787,0.817167381974249,0.9545454545454545,partial_bullish,1.441479775730877,1.314600073046019,neutral,bearish,True,True,True,False
85,103761,103762,103782,2024-01-17 15:06:00+00:00,2024-01-17 15:07:00+00:00,2024-01-17 15:27:00+00:00,short,16738.0,16737.75,16737.5,16759.16964285714,16712.5,16687.5,16662.5,16637.5,74.0,near_trigger,-70.26116860404903,21.669642857141298,False,False,False,False,True,stop,16759.16964285714,16759.41964285714,-21.919642857141298,0.0,-21.919642857141298,-1.0115368768026378,21.0,25.75,0.9690976514215778,1.1882983106716964,21,20.0,0,2024-01-17,2.491965389369592,1.4812903225806453,3.9906158357771258,partial_bearish,1.050527508471134,1.2721177369040992,bearish,bearish,True,True,True,False
86,106509,106510,106522,2024-01-19 14:54:00+00:00,2024-01-19 14:55:00+00:00,2024-01-19 15:07:00+00:00,long,17210.25,17210.0,17210.25,17190.348214285714,17235.25,17260.25,17285.25,17310.25,74.58669159761267,near_trigger,46.58669159761267,19.901785714286234,False,False,False,False,True,stop,17190.348214285714,17190.098214285714,-20.151785714286234,0.0,-20.151785714286234,-1.0125616868550917,22.75,29.75,1.1431135038133393,1.4948407357559053,13,12.0,0,2024-01-19,1.9219380888290714,2.0766902119071644,1.9181286549707601,partial_bearish,0.9562601683111531,1.4823550757507031,neutral,bullish,True,True,True,False
87,107879,107880,107925,2024-01-22 14:44:00+00:00,2024-01-22 14:45:00+00:00,2024-01-22 15:30:00+00:00,long,17504.75,17504.75,17505.0,17478.83035714286,17530.0,17555.0,17580.0,17605.0,70.52343909928352,near_trigger,36.52343909928352,26.169642857141298,True,False,False,False,True,stop,17478.83035714286,17478.58035714286,-26.419642857141298,0.0,-26.419642857141298,-1.0095530535653365,47.75,33.75,1.8246332309792967,1.2896622313204453,46,45.0,1,2024-01-22,2.493346980552712,2.036363636363636,1.5135135135135134,partial_bearish,1.156306507748245,1.5478917230609057,bullish,bullish,True,False,False,False
88,109219,109220,109275,2024-01-23 14:35:00+00:00,2024-01-23 14:36:00+00:00,2024-01-23 15:35:00+00:00,long,17428.5,17428.5,17428.75,17408.848214285714,17453.75,17478.75,17503.75,17528.75,72.40592193808882,near_trigger,71.40592193808882,19.901785714286234,True,True,False,False,False,max_holding_time,17456.5,17456.25,27.5,0.0,27.5,1.3817855540600805,58.75,1.75,2.9519964109465358,0.08793180798564149,56,59.0,2,2024-01-23,3.693135935397039,3.7483870967741932,0.043523316062176166,partial_bearish,3.2747901225894833,1.6845700037041387,bullish,bullish,True,True,False,False
89,110596,110597,110656,2024-01-24 14:36:00+00:00,2024-01-24 14:37:00+00:00,2024-01-24 15:36:00+00:00,long,17653.25,17653.75,17654.0,17636.9375,17679.0,17704.0,17729.0,17754.0,78.72087912087912,near_trigger,70.72087912087912,17.0625,True,True,True,False,False,max_holding_time,17733.25,17733.0,79.0,0.0,79.0,4.6300366300366305,79.5,16.75,4.65934065934066,0.9816849816849816,60,59.0,3,2024-01-24,1.010989010989011,0.6956521739130435,0.4537037037037037,partial_bearish,2.5032867964690415,1.6002961658528776,bullish,bullish,True,True,True,False
90,111963,111964,111974,2024-01-25 14:32:00+00:00,2024-01-25 14:33:00+00:00,2024-01-25 14:43:00+00:00,long,17698.5,17698.75,17699.0,17680.678571428572,17724.0,17749.0,17774.0,17799.0,74.2,near_trigger,73.2,18.321428571427532,False,False,False,False,True,stop,17680.678571428572,17680.428571428572,-18.571428571427532,0.0,-18.571428571427532,-1.0136452241715408,15.25,20.5,0.8323586744639848,1.1189083820663404,11,10.0,0,2024-01-25,0.8801169590643275,0.7872539831302718,3.2922848664688424,partial_bullish,4.51717811874583,1.5455946131020315,bullish,bullish,True,True,False,False
91,111999,112000,112059,2024-01-25 15:08:00+00:00,2024-01-25 15:09:00+00:00,2024-01-25 16:08:00+00:00,long,17687.5,17687.75,17688.0,17668.151785714286,17713.0,17738.0,17763.0,17788.0,77.18760958970381,near_trigger,53.18760958970381,19.848214285713766,True,True,False,False,False,max_holding_time,17695.5,17695.25,7.25,0.0,7.25,0.3652721547458485,50.25,12.0,2.531713900135019,0.6045883940620941,60,59.0,2,2024-01-25,2.6639676113360324,0.9196290571870169,0.9367396593673966,partial_bearish,1.2222291679689943,1.2210841868598552,bullish,bullish,True,True,True,True
92,113341,113342,113343,2024-01-26 14:30:00+00:00,2024-01-26 14:31:00+00:00,2024-01-26 14:32:00+00:00,long,17563.0,17562.75,17563.0,17548.026785714286,17588.0,17613.0,17638.0,17663.0,72.15307483249426,near_trigger,45.153074832494255,14.973214285713766,False,False,False,False,True,stop,17548.026785714286,17547.776785714286,-15.223214285713766,0.0,-15.223214285713766,-1.0166964818127615,2.25,27.75,0.15026833631485315,1.8533094812165223,2,1.0,0,2024-01-26,1.3774597495527727,0.33821376281112736,1.0140845070422535,partial_bearish,8.917159511551716,1.126495597862894,neutral,bullish,True,True,True,True
93,113392,113393,113452,2024-01-26 15:21:00+00:00,2024-01-26 15:22:00+00:00,2024-01-26 16:21:00+00:00,long,17553.25,17552.75,17553.0,17534.625,17578.0,17603.0,17628.0,17653.0,76.0,near_trigger,44.0,18.375,True,True,True,False,False,max_holding_time,17612.5,17612.25,59.25,0.0,59.25,3.2244897959183674,76.75,10.5,4.1768707482993195,0.5714285714285714,60,59.0,3,2024-01-26,2.020408163265306,0.2368249837345478,1.750968456004427,partial_bullish,1.4730742583611514,2.024234031504241,neutral,bullish,True,True,True,True
94,114725,114726,114754,2024-01-29 14:34:00+00:00,2024-01-29 14:35:00+00:00,2024-01-29 15:03:00+00:00,long,17553.25,17553.5,17553.75,17540.758928571428,17578.75,17603.75,17628.75,17653.75,76.46782082145488,near_trigger,64.46782082145488,12.991071428572468,True,False,False,False,True,stop,17540.758928571428,17540.508928571428,-13.241071428572468,0.0,-13.241071428572468,-1.019243986254294,31.0,17.5,2.386254295532455,1.3470790378005795,29,28.0,1,2024-01-29,0.5773195876288659,0.5175097276264591,0.8696711327649208,partial_bullish,3.257403189066059,1.025744202524559,bullish,bullish,True,True,True,False
95,116132,116133,116133,2024-01-30 15:01:00+00:00,2024-01-30 15:02:00+00:00,2024-01-30 15:02:00+00:00,short,17622.5,17623.0,17622.75,17638.39285714286,17597.75,17572.75,17547.75,17522.75,71.6,near_trigger,-53.599999999999994,15.642857142858702,False,False,False,False,True,stop,17638.39285714286,17638.64285714286,-15.892857142858702,0.0,-15.892857142858702,-1.0159817351598157,3.25,18.75,0.20776255707760485,1.1986301369861818,1,0.0,0,2024-01-30,4.386986301369863,0.07692307692307693,0.7818756585879872,partial_bullish,4.636931878376947,2.3069787054606787,bearish,bearish,False,True,True,False
96,117487,117488,117543,2024-01-31 14:36:00+00:00,2024-01-31 14:37:00+00:00,2024-01-31 15:32:00+00:00,short,17407.0,17407.0,17406.75,17429.035714285714,17381.75,17356.75,17331.75,17306.75,73.35389913221185,near_trigger,-72.35389913221185,22.285714285713766,True,True,True,True,False,tp4,17306.75,17307.0,99.75,0.0,99.75,4.475961538461643,104.75,2.75,4.700320512820622,0.12339743589743878,56,55.0,4,2024-01-31,1.2115384615384615,0.7068403908794789,1.1835260115606936,partial_bullish,1.9713478611783697,1.0229027614186625,bearish,bearish,True,True,False,False
97,118865,118866,118869,2024-02-01 14:34:00+00:00,2024-02-01 14:35:00+00:00,2024-02-01 14:38:00+00:00,long,17333.75,17333.75,17334.0,17314.714285714286,17359.0,17384.0,17409.0,17434.0,73.30516314314383,near_trigger,29.30516314314383,19.285714285713766,False,False,False,False,True,stop,17314.714285714286,17314.464285714286,-19.535714285713766,0.0,-19.535714285713766,-1.0129629629629633,3.5,22.0,0.18148148148148638,1.1407407407407715,4,3.0,0,2024-02-01,2.1194444444444445,1.0563514804202483,0.4950038431975403,partial_bearish,2.6302246331455597,0.9814539289297949,neutral,bullish,True,True,True,False
98,120243,120244,120244,2024-02-02 14:32:00+00:00,2024-02-02 14:33:00+00:00,2024-02-02 14:33:00+00:00,short,17476.0,17476.5,17476.25,17495.428571428572,17451.25,17426.25,17401.25,17376.25,73.30544829472204,near_trigger,-47.30544829472204,19.178571428572468,False,False,False,False,True,stop,17495.428571428572,17495.678571428572,-19.428571428572468,0.0,-19.428571428572468,-1.013035381750465,10.5,22.5,0.5474860335195234,1.173184357541836,1,0.0,0,2024-02-02,1.6815642458100557,0.36529126213592233,3.997549019607843,partial_bearish,5.227611170931752,1.4857209829276867,bearish,bearish,True,True,False,False
99,120251,120252,120255,2024-02-02 14:40:00+00:00,2024-02-02 14:41:00+00:00,2024-02-02 14:44:00+00:00,short,17551.5,17551.5,17551.25,17578.116071428572,17526.25,17501.25,17476.25,17451.25,80.12881355932204,high_probability,-48.12881355932204,26.866071428572468,False,False,False,False,True,stop,17578.116071428572,17578.366071428572,-27.116071428572468,0.0,-27.116071428572468,-1.0093054170820868,7.0,27.0,0.26055167829842796,1.004985044865365,4,3.0,0,2024-02-02,1.493519441674975,1.36289500509684,3.997549019607843,partial_bullish,1.603025705677472,1.6110466864235706,bearish,bearish,True,True,False,False
100,121630,121631,121634,2024-02-05 14:39:00+00:00,2024-02-05 14:40:00+00:00,2024-02-05 14:43:00+00:00,long,17712.25,17712.75,17713.0,17691.866071428572,17738.0,17763.0,17788.0,17813.0,71.59398417932908,near_trigger,58.593984179329084,21.133928571427532,False,False,False,False,True,stop,17691.866071428572,17691.616071428572,-21.383928571427532,0.0,-21.383928571427532,-1.0118293198141113,5.5,21.75,0.26024503591044795,1.0291508238276805,4,3.0,0,2024-02-05,1.4195183776932827,2.6980273141122915,0.6067653276955602,partial_bearish,1.5813937048230033,1.1550277526784563,bullish,bullish,True,False,False,False
101,121652,121653,121655,2024-02-05 15:01:00+00:00,2024-02-05 15:02:00+00:00,2024-02-05 15:04:00+00:00,long,17680.0,17680.75,17681.0,17660.696428571428,17706.0,17731.0,17756.0,17781.0,70.0,near_trigger,70.0,20.303571428572468,False,False,False,False,True,stop,17660.696428571428,17660.446428571428,-20.553571428572468,0.0,-20.553571428572468,-1.012313104661389,9.75,28.75,0.48021108179417066,1.416007036059734,3,2.0,0,2024-02-05,1.8284960422163588,1.4614634146341465,0.16131687242798354,partial_bearish,1.941762837646615,1.3233182607204852,bullish,bullish,True,False,True,False
102,121656,121657,121664,2024-02-05 15:05:00+00:00,2024-02-05 15:06:00+00:00,2024-02-05 15:13:00+00:00,long,17670.25,17670.0,17670.25,17649.276785714286,17695.25,17720.25,17745.25,17770.25,77.94109732176479,near_trigger,77.94109732176479,20.973214285713766,False,False,False,False,True,stop,17649.276785714286,17649.026785714286,-21.223214285713766,0.0,-21.223214285713766,-1.0119199659429547,11.75,23.25,0.560238399318873,1.1085568326947912,8,7.0,0,2024-02-05,0.8761174968071519,2.66,0.16131687242798354,partial_bearish,1.8611205344328177,1.4943793150412252,bullish,bullish,True,True,True,False
103,123006,123007,123019,2024-02-06 14:35:00+00:00,2024-02-06 14:36:00+00:00,2024-02-06 14:48:00+00:00,long,17714.75,17715.0,17715.25,17698.803571428572,17740.25,17765.25,17790.25,17815.25,78.0,near_trigger,44.58620689655172,16.446428571427532,False,False,False,False,True,stop,17698.803571428572,17698.553571428572,-16.696428571427532,0.0,-16.696428571427532,-1.015200868621065,17.25,31.75,1.0488599348534864,1.9305103148752578,13,12.0,0,2024-02-06,4.514657980456026,0.924924924924925,0.6883116883116883,partial_bearish,4.083036380210491,1.5557064144866672,bullish,bullish,True,True,True,False
104,123031,123032,123091,2024-02-06 15:00:00+00:00,2024-02-06 15:01:00+00:00,2024-02-06 16:00:00+00:00,short,17647.25,17647.0,17646.75,17670.26785714286,17621.75,17596.75,17571.75,17546.75,77.75580865603645,near_trigger,-41.75580865603645,23.517857142858702,True,False,False,False,False,max_holding_time,17638.25,17638.5,8.25,0.0,8.25,0.3507972665147831,48.75,12.25,2.072892938496446,0.5208807896734658,60,59.0,1,2024-02-06,1.8337129840546698,3.4570727718724448,2.8233782915863843,strong_bearish,1.8618020376800046,1.648440256009676,bearish,bearish,False,True,True,False
105,124384,124385,124390,2024-02-07 14:33:00+00:00,2024-02-07 14:34:00+00:00,2024-02-07 14:39:00+00:00,long,17749.75,17750.0,17750.25,17735.383928571428,17775.25,17800.25,17825.25,17850.25,78.0,near_trigger,25.03886910486007,14.866071428572468,False,False,False,False,True,stop,17735.383928571428,17735.133928571428,-15.116071428572468,0.0,-15.116071428572468,-1.0168168168168157,11.5,25.0,0.7735735735735195,1.681681681681564,6,5.0,0,2024-02-07,2.3963963963963963,2.0625,2.2567947516401126,partial_bullish,3.298963578717395,1.0572694747807674,bullish,neutral,True,True,True,False
106,124399,124400,124406,2024-02-07 14:48:00+00:00,2024-02-07 14:49:00+00:00,2024-02-07 14:55:00+00:00,long,17749.25,17749.5,17749.75,17729.6875,17774.75,17799.75,17824.75,17849.75,76.18046651959445,near_trigger,63.18046651959445,20.0625,False,False,False,False,True,stop,17729.6875,17729.4375,-20.3125,0.0,-20.3125,-1.0124610591900312,18.25,28.0,0.9096573208722741,1.395638629283489,7,6.0,0,2024-02-07,1.1962616822429906,1.8764568764568765,0.1797752808988764,partial_bearish,0.9599518217404396,1.0737139906145452,bullish,bullish,True,True,True,True
107,124408,124409,124435,2024-02-07 14:57:00+00:00,2024-02-07 14:58:00+00:00,2024-02-07 15:24:00+00:00,long,17736.0,17736.0,17736.25,17715.54464285714,17761.25,17786.25,17811.25,17836.25,77.980234703498,near_trigger,77.980234703498,20.705357142858702,True,True,True,True,False,tp4,17836.25,17836.0,99.75,0.0,99.75,4.817593790426545,101.25,11.0,4.890038809831456,0.5312634756360101,27,26.0,4,2024-02-07,2.1914618369987062,1.8150619637750238,0.1797752808988764,strong_bearish,0.714124014735239,1.0755521115846571,bullish,bullish,True,False,True,False
108,128553,128554,128566,2024-02-12 15:02:00+00:00,2024-02-12 15:03:00+00:00,2024-02-12 15:15:00+00:00,long,18030.5,18030.5,18030.75,18018.964285714286,18055.75,18080.75,18105.75,18130.75,71.84719510672825,near_trigger,71.84719510672825,11.785714285713766,False,False,False,False,True,stop,18018.964285714286,18018.714285714286,-12.035714285713766,0.0,-12.035714285713766,-1.0212121212121221,7.5,16.25,0.6363636363636644,1.3787878787879395,13,12.0,0,2024-02-12,0.6363636363636364,0.38992042440318303,0.6632522407170295,partial_bearish,1.0973824840872732,0.7317211561375835,bullish,bullish,True,False,True,False
109,129926,129927,129951,2024-02-13 14:55:00+00:00,2024-02-13 14:56:00+00:00,2024-02-13 15:20:00+00:00,short,17661.25,17661.0,17660.75,17688.660714285714,17635.75,17610.75,17585.75,17560.75,70.54144368540715,near_trigger,-63.541443685407145,27.910714285713766,True,False,False,False,True,stop,17688.660714285714,17688.910714285714,-28.160714285713766,0.0,-28.160714285713766,-1.0089571337172107,29.75,32.5,1.0658989123480684,1.1644273832373857,25,24.0,1,2024-02-13,1.034548944337812,1.582815149802148,4.722175021240442,partial_bullish,1.0243076893985952,1.4296836854537538,bearish,bearish,True,True,True,False
110,131291,131292,131351,2024-02-14 14:40:00+00:00,2024-02-14 14:41:00+00:00,2024-02-14 15:40:00+00:00,long,17755.0,17754.25,17754.5,17731.598214285714,17779.5,17804.5,17829.5,17854.5,70.54222222222222,near_trigger,57.54222222222222,22.901785714286234,True,True,True,False,False,max_holding_time,17803.5,17803.25,48.75,0.0,48.75,2.1286549707601856,92.5,3.75,4.038986354775737,0.1637426900584758,60,59.0,3,2024-02-14,1.5883040935672514,1.4522821576763485,0.7071917808219178,strong_bearish,2.4556433765412584,2.0374159295749523,bullish,bullish,True,False,False,False
111,132669,132670,132675,2024-02-15 14:38:00+00:00,2024-02-15 14:39:00+00:00,2024-02-15 14:44:00+00:00,long,17863.0,17862.75,17863.0,17840.339285714286,17888.0,17913.0,17938.0,17963.0,70.52949225203544,near_trigger,69.52949225203544,22.660714285713766,False,False,False,False,True,stop,17840.339285714286,17840.089285714286,-22.910714285713766,0.0,-22.910714285713766,-1.0110323089046496,10.75,24.5,0.4743892828999321,1.0811662726556592,6,5.0,0,2024-02-15,1.7375886524822695,0.9418181818181819,0.6756756756756757,strong_bearish,1.8158932874882958,1.2392884828930002,bullish,bullish,True,True,False,False
112,132694,132695,132697,2024-02-15 15:03:00+00:00,2024-02-15 15:04:00+00:00,2024-02-15 15:06:00+00:00,short,17800.25,17800.5,17800.25,17821.839285714286,17775.25,17750.25,17725.25,17700.25,80.69280397022332,high_probability,-66.69280397022332,21.589285714286234,False,False,False,False,True,stop,17821.839285714286,17822.089285714286,-21.839285714286234,0.0,-21.839285714286234,-1.0115798180314306,3.0,26.0,0.13895781637716786,1.2043010752687882,3,2.0,0,2024-02-15,0.9205955334987593,2.6343467543138868,3.8754325259515574,strong_bearish,1.6180125217317105,1.7019128288551075,bearish,bearish,False,True,True,False
113,132699,132700,132701,2024-02-15 15:08:00+00:00,2024-02-15 15:09:00+00:00,2024-02-15 15:10:00+00:00,short,17827.75,17827.75,17827.5,17847.348214285714,17802.5,17777.5,17752.5,17727.5,72.41854353759955,near_trigger,-38.41854353759955,19.848214285713766,False,False,False,False,True,stop,17847.348214285714,17847.598214285714,-20.098214285713766,0.0,-20.098214285713766,-1.0125955915429603,0.5,22.25,0.02519118308592059,1.1210076473234662,2,1.0,0,2024-02-15,2.078272604588394,2.315384615384615,3.8754325259515574,partial_bearish,0.7848149805074455,1.0255410954137378,bearish,bearish,False,True,True,False
114,134061,134062,134071,2024-02-16 14:50:00+00:00,2024-02-16 14:51:00+00:00,2024-02-16 15:00:00+00:00,short,17843.0,17843.0,17842.75,17866.991071428572,17817.75,17792.75,17767.75,17742.75,72.0,near_trigger,-24.0,24.241071428572468,True,True,True,True,False,tp4,17742.75,17743.0,99.75,0.0,99.75,4.114917127071647,129.0,5.25,5.321546961325739,0.21657458563534984,10,9.0,4,2024-02-16,2.8464088397790057,2.6774716369529985,4.565671641791045,strong_bearish,1.934676424064385,2.4169643535760432,neutral,bearish,False,True,True,False
115,134072,134073,134080,2024-02-16 15:01:00+00:00,2024-02-16 15:02:00+00:00,2024-02-16 15:09:00+00:00,short,17729.25,17729.75,17729.5,17765.58035714286,17704.5,17679.5,17654.5,17629.5,80.07917594654788,high_probability,-52.07917594654788,36.0803571428587,False,False,False,False,True,stop,17765.58035714286,17765.83035714286,-36.3303571428587,0.0,-36.3303571428587,-1.0069289779757482,2.25,39.0,0.0623608017817345,1.0809205642167312,8,7.0,0,2024-02-16,2.0579064587973277,4.832803560076287,4.481798715203427,strong_bearish,1.0978230138535483,1.6463679630277397,bearish,bearish,False,True,True,False
116,136564,136565,136571,2024-02-20 14:33:00+00:00,2024-02-20 14:34:00+00:00,2024-02-20 14:40:00+00:00,short,17691.75,17692.0,17691.75,17711.008928571428,17666.75,17641.75,17616.75,17591.75,74.17290825680178,near_trigger,-66.17290825680178,19.258928571427532,True,True,True,True,False,tp4,17591.75,17592.0,99.75,0.0,99.75,5.1794158553549385,108.0,4.0,5.607788595271512,0.20769587389894492,7,6.0,4,2024-02-20,2.70653685674548,0.5971563981042655,0.971900826446281,partial_bearish,3.7567817917162896,1.466135321002212,bearish,bearish,True,True,False,False
117,139322,139323,139382,2024-02-22 14:31:00+00:00,2024-02-22 14:32:00+00:00,2024-02-22 15:31:00+00:00,long,17870.5,17870.25,17870.5,17854.64285714286,17895.5,17920.5,17945.5,17970.5,73.0,near_trigger,68.4,15.857142857141298,True,True,True,False,False,max_holding_time,17958.75,17958.5,88.0,0.0,88.0,5.549549549550095,99.75,6.5,6.290540540541159,0.4099099099099502,60,59.0,3,2024-02-22,0.6858108108108109,0.31860776439089694,0.2178046672428695,partial_bearish,7.8377705896989305,1.6151878937821675,bullish,bullish,True,True,True,True
118,142086,142087,142095,2024-02-26 14:35:00+00:00,2024-02-26 14:36:00+00:00,2024-02-26 14:44:00+00:00,long,18020.0,18020.5,18020.75,18001.54464285714,18045.75,18070.75,18095.75,18120.75,77.69092434883473,near_trigger,77.69092434883473,19.205357142858702,False,False,False,False,True,stop,18001.54464285714,18001.29464285714,-19.455357142858702,0.0,-19.455357142858702,-1.0130172013017191,13.75,30.0,0.715946071594549,1.562064156206289,9,8.0,0,2024-02-26,1.0348675034867503,0.6746987951807228,1.3037694013303769,partial_bullish,2.335340416349849,0.9267656173544283,bullish,bullish,True,True,True,True
119,143469,143470,143491,2024-02-27 14:38:00+00:00,2024-02-27 14:39:00+00:00,2024-02-27 15:00:00+00:00,short,17990.25,17990.5,17990.25,18009.214285714286,17965.25,17940.25,17915.25,17890.25,71.02485875706215,near_trigger,-58.02485875706215,18.964285714286234,True,True,False,False,True,stop,18009.214285714286,18009.464285714286,-19.214285714286234,0.0,-19.214285714286234,-1.013182674199623,52.25,27.75,2.755178907721205,1.463276836158152,22,21.0,2,2024-02-27,1.6807909604519775,0.3605150214592275,0.41880341880341876,partial_bearish,2.747727443467809,1.5851517975166316,bearish,bearish,True,True,True,False
120,143518,143519,143520,2024-02-27 15:27:00+00:00,2024-02-27 15:28:00+00:00,2024-02-27 15:29:00+00:00,short,17992.5,17992.75,17992.5,18008.491071428572,17967.5,17942.5,17917.5,17892.5,83.33262854441429,high_probability,-59.33262854441429,15.991071428572468,False,False,False,False,True,stop,18008.491071428572,18008.741071428572,-16.241071428572468,0.0,-16.241071428572468,-1.0156337241764368,0.5,18.5,0.031267448352873456,1.156895589056318,2,1.0,0,2024-02-27,2.4857621440536013,0.9306930693069307,0.7700463883366467,partial_bearish,1.5224352132519319,1.493675127754042,bearish,bearish,True,True,True,False
121,144847,144848,144907,2024-02-28 14:36:00+00:00,2024-02-28 14:37:00+00:00,2024-02-28 15:36:00+00:00,short,17940.25,17940.5,17940.25,17960.285714285714,17915.25,17890.25,17865.25,17840.25,73.0,near_trigger,-59.12957229331825,20.035714285713766,True,True,False,False,False,max_holding_time,17923.5,17923.75,16.5,0.0,16.5,0.8235294117647273,64.0,6.25,3.1942959001783358,0.31194295900179064,60,59.0,2,2024-02-28,1.179144385026738,0.05343511450381679,0.15964912280701754,partial_bullish,1.8889250423852173,1.0330810729806685,bearish,bearish,True,True,True,False
122,146262,146263,146264,2024-02-29 15:11:00+00:00,2024-02-29 15:12:00+00:00,2024-02-29 15:13:00+00:00,long,18003.5,18003.5,18003.75,17982.45535714286,18028.75,18053.75,18078.75,18103.75,78.0,near_trigger,46.05788351107465,21.294642857141298,False,False,False,False,True,stop,17982.45535714286,17982.20535714286,-21.544642857141298,0.0,-21.544642857141298,-1.0117400419287221,3.5,21.75,0.16436058700210848,1.021383647798817,2,1.0,0,2024-02-29,4.138364779874214,0.1532447224394058,1.3402537485582469,partial_bullish,2.6171248609526008,2.7456805092452257,bullish,bullish,True,True,True,False
123,147654,147655,147657,2024-03-01 15:23:00+00:00,2024-03-01 15:24:00+00:00,2024-03-01 15:26:00+00:00,short,18166.0,18165.75,18165.5,18183.339285714286,18140.5,18115.5,18090.5,18065.5,80.07030824276984,high_probability,-18.07030824276984,17.839285714286234,False,False,False,False,True,stop,18183.339285714286,18183.589285714286,-18.089285714286234,0.0,-18.089285714286234,-1.0140140140140137,1.0,23.25,0.056056056056054425,1.3033033033032653,3,2.0,0,2024-03-01,1.4924924924924925,1.9910714285714286,3.6538461538461537,partial_bullish,0.924740067479171,1.1481085702073093,neutral,bearish,True,False,True,False
124,151782,151783,151833,2024-03-06 15:11:00+00:00,2024-03-06 15:12:00+00:00,2024-03-06 16:02:00+00:00,long,18006.5,18006.75,18007.0,17972.339285714286,18032.0,18057.0,18082.0,18107.0,78.2149515352422,near_trigger,46.21495153524219,34.660714285713766,True,True,True,True,False,tp4,18107.0,18106.75,99.75,0.0,99.75,2.877897990726473,101.25,28.25,2.921174652241157,0.8150437918598783,51,50.0,4,2024-03-06,1.0602782071097372,4.298327759197324,0.8062387522495501,partial_bearish,0.8397129384171973,1.4317496972598496,bullish,bullish,True,True,True,False
125,153126,153127,153132,2024-03-07 14:35:00+00:00,2024-03-07 14:36:00+00:00,2024-03-07 14:41:00+00:00,long,18205.0,18205.0,18205.25,18186.58035714286,18230.25,18255.25,18280.25,18305.25,95.32470327377071,a_plus_plus,59.32470327377071,18.669642857141298,False,False,False,False,True,stop,18186.58035714286,18186.33035714286,-18.919642857141298,0.0,-18.919642857141298,-1.0133907221425167,20.0,27.25,1.071257771401333,1.459588713534316,6,5.0,0,2024-03-07,2.149210903873745,2.753072625698324,3.0429553264604814,strong_bullish,4.59253678074315,1.7638771484925333,bullish,bullish,True,True,True,False
126,153133,153134,153136,2024-03-07 14:42:00+00:00,2024-03-07 14:43:00+00:00,2024-03-07 14:45:00+00:00,long,18180.5,18181.0,18181.25,18154.51785714286,18206.25,18231.25,18256.25,18281.25,72.0,near_trigger,71.38278874498377,26.732142857141298,False,False,False,False,True,stop,18154.51785714286,18154.26785714286,-26.982142857141298,0.0,-26.982142857141298,-1.0093520374081502,5.75,40.0,0.2150968603874541,1.4963259853040285,3,2.0,0,2024-03-07,2.006012024048096,3.0821917808219177,3.0429553264604814,partial_bullish,1.4046990827993466,1.3777264936199771,bullish,neutral,True,True,True,False
127,153166,153167,153226,2024-03-07 15:15:00+00:00,2024-03-07 15:16:00+00:00,2024-03-07 16:15:00+00:00,long,18228.5,18228.75,18229.0,18206.23214285714,18254.0,18279.0,18304.0,18329.0,71.94073760740251,near_trigger,53.94073760740251,22.767857142858702,True,True,False,False,False,max_holding_time,18267.25,18267.0,38.0,0.0,38.0,1.669019607843023,53.25,20.5,2.3388235294116044,0.9003921568626835,60,59.0,2,2024-03-07,1.7788235294117647,1.8300653594771243,1.9189034837235865,strong_bullish,2.0369675254507196,2.3979325397356757,bullish,bullish,True,False,False,False
128,155471,155472,155531,2024-03-11 13:40:00+00:00,2024-03-11 13:41:00+00:00,2024-03-11 14:40:00+00:00,short,18229.0,18228.5,18228.25,18266.178571428572,18203.25,18178.25,18153.25,18128.25,70.17079732995603,near_trigger,-69.17079732995603,37.92857142857247,True,True,True,False,False,max_holding_time,18201.0,18201.25,27.0,0.0,27.0,0.7118644067796415,90.5,20.75,2.3860640301317613,0.5470809792843542,60,59.0,3,2024-03-11,1.957627118644068,0.018158236057068743,1.0424710424710424,partial_bullish,2.0524580285556464,1.1370970733335806,bearish,bearish,True,True,False,False
129,156863,156864,156878,2024-03-12 13:52:00+00:00,2024-03-12 13:53:00+00:00,2024-03-12 14:07:00+00:00,long,18225.0,18225.25,18225.5,18196.0625,18250.5,18275.5,18300.5,18325.5,76.1906430950623,near_trigger,48.1906430950623,29.4375,True,True,True,True,False,tp4,18325.5,18325.25,99.75,0.0,99.75,3.388535031847134,103.75,3.25,3.524416135881104,0.11040339702760085,15,14.0,4,2024-03-12,2.2420382165605095,2.549949545913219,2.0388349514563107,partial_bearish,0.777362856992584,1.1427624675539847,bullish,bullish,True,True,False,False
130,156894,156895,156923,2024-03-12 14:23:00+00:00,2024-03-12 14:24:00+00:00,2024-03-12 14:52:00+00:00,long,18344.75,18344.5,18344.75,18320.401785714286,18369.75,18394.75,18419.75,18444.75,85.41012101210121,high_probability,59.410121012101214,24.348214285713766,True,True,True,True,False,tp4,18444.75,18444.5,99.75,0.0,99.75,4.096809680968184,101.25,7.0,4.158415841584247,0.2874954162082936,29,28.0,4,2024-03-12,2.572057205720572,1.9306049822064055,0.25857519788918204,partial_bullish,1.7222073399410662,1.9156448801418333,bullish,bullish,True,True,True,True
131,158221,158222,158252,2024-03-13 13:30:00+00:00,2024-03-13 13:31:00+00:00,2024-03-13 14:01:00+00:00,short,18410.0,18410.25,18410.0,18420.5,18385.0,18360.0,18335.0,18310.0,70.54109649425624,near_trigger,-44.54109649425624,10.5,True,True,True,True,False,tp4,18310.0,18310.25,99.75,0.0,99.75,9.5,104.5,0.75,9.952380952380953,0.07142857142857142,31,30.0,4,2024-03-13,3.7857142857142856,0.4946236559139785,1.5161943319838058,strong_bearish,16.6679208367823,1.1763706178202888,bearish,bearish,False,True,True,False
132,159631,159632,159634,2024-03-14 14:00:00+00:00,2024-03-14 14:01:00+00:00,2024-03-14 14:03:00+00:00,short,18210.75,18211.0,18210.75,18245.54464285714,18185.75,18160.75,18135.75,18110.75,83.82217090069284,high_probability,-57.82217090069284,34.7946428571413,False,False,False,False,True,stop,18245.54464285714,18245.79464285714,-35.0446428571413,0.0,-35.0446428571413,-1.0071850141134209,7.25,39.75,0.20836540928920616,1.1424172440339233,3,2.0,0,2024-03-14,1.5519630484988451,4.063324538258575,4.186309830159547,strong_bearish,1.4255830459090286,1.5677870362128816,bearish,bearish,True,True,False,False
133,159637,159638,159642,2024-03-14 14:06:00+00:00,2024-03-14 14:07:00+00:00,2024-03-14 14:11:00+00:00,short,18257.5,18257.5,18257.25,18287.54464285714,18232.25,18207.25,18182.25,18157.25,70.0,near_trigger,-58.88873657032631,30.294642857141298,False,False,False,False,True,stop,18287.54464285714,18287.79464285714,-30.544642857141298,0.0,-30.544642857141298,-1.0082522841143535,4.25,36.0,0.14028882994400957,1.1883289124669048,5,4.0,0,2024-03-14,1.5720601237842615,3.9250374812593707,4.186309830159547,partial_bearish,0.5026805577505197,1.0099899855890184,bearish,bearish,True,True,False,False
134,159643,159644,159661,2024-03-14 14:12:00+00:00,2024-03-14 14:13:00+00:00,2024-03-14 14:30:00+00:00,short,18298.5,18298.5,18298.25,18326.883928571428,18273.25,18248.25,18223.25,18198.25,76.0,near_trigger,-35.164382600561275,28.633928571427532,True,False,False,False,True,stop,18326.883928571428,18327.133928571428,-28.883928571427532,0.0,-28.883928571427532,-1.0087309011537264,25.5,38.5,0.8905519176801072,1.3445587776738872,18,17.0,1,2024-03-14,1.9644527595884003,2.7063953488372094,4.186309830159547,partial_bearish,1.1766330392969118,2.0741695303550975,bearish,bearish,True,False,False,False
135,161025,161026,161047,2024-03-15 14:14:00+00:00,2024-03-15 14:15:00+00:00,2024-03-15 14:36:00+00:00,short,18094.75,18095.0,18094.75,18128.151785714286,18069.75,18044.75,18019.75,17994.75,78.0,near_trigger,-78.0,33.401785714286234,False,False,False,False,True,stop,18128.151785714286,18128.401785714286,-33.651785714286234,0.0,-33.651785714286234,-1.0074846297781341,11.25,48.75,0.33680834001603327,1.4595028067361442,22,21.0,0,2024-03-15,1.1226944667201284,0.3342516069788797,4.18968058968059,partial_bearish,1.0090963614554178,1.8230797014206597,bearish,bearish,True,False,True,False
136,162382,162383,162388,2024-03-18 13:51:00+00:00,2024-03-18 13:52:00+00:00,2024-03-18 13:57:00+00:00,long,18324.25,18324.5,18324.75,18302.651785714286,18349.75,18374.75,18399.75,18424.75,74.0,near_trigger,59.034390989862686,22.098214285713766,False,False,False,False,True,stop,18302.651785714286,18302.401785714286,-22.348214285713766,0.0,-22.348214285713766,-1.0113131313131316,1.75,35.0,0.07919191919192105,1.5838383838384211,6,5.0,0,2024-03-18,1.8496969696969696,2.839556004036327,2.046403712296984,partial_bullish,0.6068091504671893,0.9024658081261855,bullish,bullish,True,False,True,False
137,163742,163743,163743,2024-03-19 13:31:00+00:00,2024-03-19 13:32:00+00:00,2024-03-19 13:32:00+00:00,short,18116.5,18116.25,18116.0,18131.08035714286,18091.0,18066.0,18041.0,18016.0,85.14869121304507,high_probability,-73.14869121304507,15.080357142858702,False,False,False,False,True,stop,18131.08035714286,18131.33035714286,-15.330357142858702,0.0,-15.330357142858702,-1.0165778567199508,3.25,24.0,0.21551213735936198,1.5914742451152883,1,0.0,0,2024-03-19,2.536412078152753,0.21435406698564594,1.4645873944119558,partial_bullish,9.330470290059138,1.408836989279317,bearish,bearish,True,True,True,True
138,163746,163747,163806,2024-03-19 13:35:00+00:00,2024-03-19 13:36:00+00:00,2024-03-19 14:35:00+00:00,short,18116.0,18116.25,18116.0,18138.553571428572,18091.0,18066.0,18041.0,18016.0,75.80612752271436,near_trigger,-54.80612752271436,22.553571428572468,True,True,False,False,False,max_holding_time,18105.75,18106.0,10.0,0.0,10.0,0.4433887569279289,62.75,11.0,2.7822644497227538,0.4877276326207218,60,59.0,2,2024-03-19,1.1971496437054632,0.4348576358930112,1.4645873944119558,partial_bullish,3.0638348503777735,1.3436914988682986,bearish,bearish,True,True,True,True
139,165122,165123,165123,2024-03-20 13:31:00+00:00,2024-03-20 13:32:00+00:00,2024-03-20 13:32:00+00:00,long,18332.0,18332.0,18332.25,18321.160714285714,18357.25,18382.25,18407.25,18432.25,70.25673481188622,near_trigger,52.25673481188622,11.089285714286234,False,False,False,False,True,stop,18321.160714285714,18320.910714285714,-11.339285714286234,0.0,-11.339285714286234,-1.0225442834138476,0.25,19.5,0.022544283413847576,1.758454106280111,1,0.0,0,2024-03-20,2.333333333333333,2.0522496371552976,0.7170445004198153,strong_bullish,6.0508809418215534,0.7883098192055972,bullish,bullish,False,True,True,False
140,165174,165175,165187,2024-03-20 14:23:00+00:00,2024-03-20 14:24:00+00:00,2024-03-20 14:36:00+00:00,long,18278.5,18278.5,18278.75,18266.45535714286,18303.75,18328.75,18353.75,18378.75,71.66089569665974,near_trigger,67.66089569665974,12.294642857141298,True,False,False,False,True,stop,18266.45535714286,18266.20535714286,-12.544642857141298,0.0,-12.544642857141298,-1.0203340595497483,26.0,20.75,2.114742193173834,1.6877269426291175,13,12.0,1,2024-03-20,1.6775599128540306,0.22971741112123972,1.3551465576005453,partial_bearish,1.9859601973912842,1.1757928234390431,bullish,bullish,False,True,True,False
141,166505,166506,166519,2024-03-21 13:34:00+00:00,2024-03-21 13:35:00+00:00,2024-03-21 13:48:00+00:00,long,18659.25,18659.5,18659.75,18642.526785714286,18684.75,18709.75,18734.75,18759.75,76.0,near_trigger,71.60467956555172,17.223214285713766,True,False,False,False,True,stop,18642.526785714286,18642.276785714286,-17.473214285713766,0.0,-17.473214285713766,-1.014515292897875,48.75,19.0,2.830482115085622,1.1031622602384987,14,13.0,1,2024-03-21,2.4821150855365475,2.7404255319148936,1.906163753449862,partial_bullish,2.4072264724859433,0.9764450758991999,bullish,bullish,True,True,False,False
142,169319,169320,169327,2024-03-25 14:28:00+00:00,2024-03-25 14:29:00+00:00,2024-03-25 14:36:00+00:00,short,18515.5,18515.75,18515.5,18528.89285714286,18490.5,18465.5,18440.5,18415.5,80.21279774115337,high_probability,-48.212797741153366,13.392857142858702,False,False,False,False,True,stop,18528.89285714286,18529.14285714286,-13.642857142858702,0.0,-13.642857142858702,-1.0186666666666644,12.25,13.5,0.9146666666665602,1.0079999999998825,8,7.0,0,2024-03-25,1.204,1.6218905472636815,1.2481927710843375,partial_bullish,0.5711449531511028,0.7239971764417027,bearish,bearish,True,False,True,False
143,172023,172024,172024,2024-03-27 13:32:00+00:00,2024-03-27 13:33:00+00:00,2024-03-27 13:33:00+00:00,long,18536.25,18536.25,18536.5,18525.4375,18561.5,18586.5,18611.5,18636.5,74.0,near_trigger,18.23497942386831,11.0625,False,False,False,False,True,stop,18525.4375,18525.1875,-11.3125,0.0,-11.3125,-1.0225988700564972,3.25,16.25,0.2937853107344633,1.4689265536723164,1,0.0,0,2024-03-27,3.7966101694915255,1.6047430830039524,2.982456140350877,partial_bullish,6.234007908816003,1.206275720164609,bullish,bullish,False,True,True,False
144,172025,172026,172027,2024-03-27 13:34:00+00:00,2024-03-27 13:35:00+00:00,2024-03-27 13:36:00+00:00,long,18520.5,18520.75,18521.0,18507.04464285714,18546.0,18571.0,18596.0,18621.0,74.0,near_trigger,21.228856736838978,13.955357142858702,False,False,False,False,True,stop,18507.04464285714,18506.79464285714,-14.205357142858702,0.0,-14.205357142858702,-1.017914267434419,8.25,30.25,0.5911708253358264,2.167626359564697,2,1.0,0,2024-03-27,4.9443378119001915,1.6047430830039524,2.982456140350877,partial_bullish,2.9441305712492154,1.0394042817251008,bullish,bullish,False,True,True,False
145,172037,172038,172044,2024-03-27 13:46:00+00:00,2024-03-27 13:47:00+00:00,2024-03-27 13:53:00+00:00,long,18508.5,18508.75,18509.0,18486.553571428572,18534.0,18559.0,18584.0,18609.0,78.43908933306771,near_trigger,78.43908933306771,22.446428571427532,False,False,False,False,True,stop,18486.553571428572,18486.303571428572,-22.696428571427532,0.0,-22.696428571427532,-1.0111376292760546,5.0,29.0,0.22275258552109226,1.2919649960223352,7,6.0,0,2024-03-27,1.002386634844869,4.130081300813008,1.1174311926605505,partial_bearish,0.7862843629914277,0.7143026387495756,bullish,bullish,True,False,True,False
146,172046,172047,172052,2024-03-27 13:55:00+00:00,2024-03-27 13:56:00+00:00,2024-03-27 14:01:00+00:00,long,18460.5,18460.0,18460.25,18439.491071428572,18485.25,18510.25,18535.25,18560.25,74.0,near_trigger,41.111999999999995,20.758928571427532,False,False,False,False,True,stop,18439.491071428572,18439.241071428572,-21.008928571427532,0.0,-21.008928571427532,-1.0120430107526888,2.25,35.75,0.10838709677419897,1.7221505376344948,6,5.0,0,2024-03-27,3.5225806451612907,5.0583941605839415,1.1174311926605505,strong_bearish,1.2839952583596994,1.6238136324417602,bullish,bullish,False,False,True,False
147,172059,172060,172119,2024-03-27 14:08:00+00:00,2024-03-27 14:09:00+00:00,2024-03-27 15:08:00+00:00,short,18418.0,18417.25,18417.0,18443.758928571428,18392.0,18367.0,18342.0,18317.0,82.0,high_probability,-82.0,26.758928571427532,True,False,False,False,False,max_holding_time,18416.75,18417.0,0.0,0.0,0.0,0.0,38.5,26.75,1.438772105438828,0.9996663329997052,60,59.0,1,2024-03-27,1.5555555555555554,3.6267409470752088,3.7165231010180113,partial_bearish,0.5614446127032201,0.7676305997480297,bearish,bearish,True,True,True,False
148,173439,173440,173499,2024-03-28 14:08:00+00:00,2024-03-28 14:09:00+00:00,2024-03-28 15:08:00+00:00,short,18505.0,18504.5,18504.25,18519.89285714286,18479.25,18454.25,18429.25,18404.25,84.05452597078317,high_probability,-72.05452597078317,15.642857142858702,True,False,False,False,False,max_holding_time,18494.75,18495.0,9.25,0.0,9.25,0.591324200913183,28.25,12.25,1.8059360730591807,0.7831050228309722,60,59.0,1,2024-03-28,2.2773972602739727,1.9045936395759717,1.329608938547486,partial_bullish,1.5871188763275095,1.169580013531663,bearish,bearish,True,True,True,True
149,177542,177543,177543,2024-04-03 13:31:00+00:00,2024-04-03 13:32:00+00:00,2024-04-03 13:32:00+00:00,short,18259.75,18259.25,18259.0,18271.910714285714,18234.0,18209.0,18184.0,18159.0,70.0,near_trigger,-33.55973422742065,12.910714285713766,False,False,False,False,True,stop,18271.910714285714,18272.160714285714,-13.160714285713766,0.0,-13.160714285713766,-1.0193637621023521,9.25,14.75,0.7164591977870275,1.1424619640387734,1,0.0,0,2024-04-03,2.3526970954356847,1.95213319458897,2.9930286599535245,partial_bearish,3.6431131592421915,0.6312450787947345,bearish,neutral,True,True,True,False
150,177544,177545,177548,2024-04-03 13:33:00+00:00,2024-04-03 13:34:00+00:00,2024-04-03 13:37:00+00:00,short,18264.75,18265.5,18265.25,18280.70535714286,18240.25,18215.25,18190.25,18165.25,78.81106883756227,near_trigger,-55.811068837562274,15.455357142858702,False,False,False,False,True,stop,18280.70535714286,18280.95535714286,-15.705357142858702,0.0,-15.705357142858702,-1.0161756210283057,2.25,15.75,0.14558058925475134,1.0190641247832595,4,3.0,0,2024-04-03,2.7902946273830156,1.95213319458897,2.9930286599535245,partial_bearish,1.7273772048168692,0.5147025980793568,bearish,bearish,True,False,False,False
151,177553,177554,177566,2024-04-03 13:42:00+00:00,2024-04-03 13:43:00+00:00,2024-04-03 13:55:00+00:00,short,18264.0,18264.25,18264.0,18284.089285714286,18239.0,18214.0,18189.0,18164.0,76.51869330370542,near_trigger,-70.51869330370542,20.089285714286234,False,False,False,False,True,stop,18284.089285714286,18284.339285714286,-20.339285714286234,0.0,-20.339285714286234,-1.012444444444444,11.5,21.0,0.5724444444444297,1.0453333333333064,13,12.0,0,2024-04-03,1.0266666666666666,0.8193018480492813,2.9930286599535245,partial_bearish,1.0466258835462297,0.6710495564610367,bearish,bearish,True,True,True,False
152,177580,177581,177584,2024-04-03 14:09:00+00:00,2024-04-03 14:10:00+00:00,2024-04-03 14:13:00+00:00,short,18332.5,18333.0,18332.75,18357.178571428572,18307.75,18282.75,18257.75,18232.75,75.74561403508773,near_trigger,-67.74561403508773,24.428571428572468,False,False,False,False,True,stop,18357.178571428572,18357.428571428572,-24.678571428572468,0.0,-24.678571428572468,-1.0102339181286546,4.25,26.5,0.1739766081871271,1.0847953216373807,4,3.0,0,2024-04-03,1.212719298245614,3.226086956521739,0.23600809170600134,partial_bearish,1.6838517623711118,1.8540686903235002,bearish,bearish,True,True,False,False
153,177590,177591,177597,2024-04-03 14:19:00+00:00,2024-04-03 14:20:00+00:00,2024-04-03 14:26:00+00:00,short,18390.0,18389.75,18389.5,18409.964285714286,18364.5,18339.5,18314.5,18289.5,70.0,near_trigger,-61.63289984625495,20.464285714286234,False,False,False,False,True,stop,18409.964285714286,18410.214285714286,-20.714285714286234,0.0,-20.714285714286234,-1.0122164048865616,6.25,27.5,0.3054101221640411,1.3438045375217809,7,6.0,0,2024-04-03,1.4476439790575917,3.6529338327091136,3.13168044077135,strong_bullish,0.5493936458089733,0.8489275482022558,bearish,bearish,True,False,False,False
154,178951,178952,178970,2024-04-04 14:00:00+00:00,2024-04-04 14:01:00+00:00,2024-04-04 14:19:00+00:00,long,18527.0,18527.5,18527.75,18509.776785714286,18552.75,18577.75,18602.75,18627.75,77.91493641798711,near_trigger,74.91493641798711,17.973214285713766,False,False,False,False,True,stop,18509.776785714286,18509.526785714286,-18.223214285713766,0.0,-18.223214285713766,-1.0139095876800799,3.5,20.25,0.1947342275211184,1.1266766020864707,19,18.0,0,2024-04-04,0.646795827123696,1.736220472440945,1.3471901462663587,partial_bullish,1.5689089144968567,0.8622100157774791,bullish,bullish,True,False,True,False
155,180343,180344,180349,2024-04-05 14:12:00+00:00,2024-04-05 14:13:00+00:00,2024-04-05 14:18:00+00:00,long,18250.25,18250.5,18250.75,18221.01785714286,18275.75,18300.75,18325.75,18350.75,84.4,high_probability,46.400000000000006,29.732142857141298,False,False,False,False,True,stop,18221.01785714286,18220.76785714286,-29.982142857141298,0.0,-29.982142857141298,-1.0084084084084088,2.25,33.5,0.07567567567567965,1.1267267267267858,6,5.0,0,2024-04-05,3.4306306306306302,1.0972423802612483,0.6296296296296297,strong_bullish,1.9322761752230768,2.39954539990602,bullish,bullish,True,True,True,False
156,180352,180353,180357,2024-04-05 14:21:00+00:00,2024-04-05 14:22:00+00:00,2024-04-05 14:26:00+00:00,long,18225.5,18225.5,18225.75,18202.071428571428,18250.75,18275.75,18300.75,18325.75,77.11605203166202,near_trigger,77.11605203166202,23.678571428572468,False,False,False,False,True,stop,18202.071428571428,18201.821428571428,-23.928571428572468,0.0,-23.928571428572468,-1.0105580693815983,7.0,31.75,0.29562594268475323,1.3408748114629878,5,4.0,0,2024-04-05,0.585972850678733,0.10957642725598526,2.101951413779371,partial_bearish,0.6871868289191124,0.9900876640119177,bullish,bullish,True,True,True,False
157,181682,181683,181683,2024-04-08 13:31:00+00:00,2024-04-08 13:32:00+00:00,2024-04-08 13:32:00+00:00,long,18326.0,18326.0,18326.25,18311.35714285714,18351.25,18376.25,18401.25,18426.25,71.27764995561523,near_trigger,37.27764995561523,14.892857142858702,False,False,False,False,True,stop,18311.35714285714,18311.10714285714,-15.142857142858702,0.0,-15.142857142858702,-1.0167865707434036,3.75,20.25,0.25179856115105276,1.359712230215685,1,0.0,0,2024-04-08,2.014388489208633,2.022222222222222,0.7973372781065089,partial_bearish,6.772291553626334,1.0719725164614944,bullish,bullish,True,False,False,False
158,181700,181701,181760,2024-04-08 13:49:00+00:00,2024-04-08 13:50:00+00:00,2024-04-08 14:49:00+00:00,long,18290.25,18290.5,18290.75,18265.276785714286,18315.75,18340.75,18365.75,18390.75,72.0,near_trigger,61.61287899759371,25.473214285713766,True,True,True,False,False,max_holding_time,18361.5,18361.25,70.5,0.0,70.5,2.767613038906471,83.75,21.0,3.2877672625307364,0.8243953732912892,60,59.0,3,2024-04-08,0.6035751840168244,3.307513555383424,1.564102564102564,partial_bearish,0.6160481599336888,0.8896237611710167,bullish,bullish,True,True,True,False
159,183065,183066,183081,2024-04-09 13:34:00+00:00,2024-04-09 13:35:00+00:00,2024-04-09 13:50:00+00:00,long,18353.0,18353.5,18353.75,18335.910714285714,18378.75,18403.75,18428.75,18453.75,78.0,near_trigger,44.400000000000006,17.839285714286234,True,False,False,False,True,stop,18335.910714285714,18335.660714285714,-18.089285714286234,0.0,-18.089285714286234,-1.0140140140140137,49.25,18.5,2.76076076076068,1.0370370370370068,16,15.0,1,2024-04-09,3.2372372372372373,2.1678726483357456,1.1473759884974837,partial_bullish,4.282062902202483,1.794425748816858,bullish,bullish,True,True,True,False
160,183082,183083,183118,2024-04-09 13:51:00+00:00,2024-04-09 13:52:00+00:00,2024-04-09 14:27:00+00:00,long,18352.0,18352.0,18352.25,18329.776785714286,18377.25,18402.25,18427.25,18452.25,72.14838177317318,near_trigger,72.14838177317318,22.473214285713766,False,False,False,False,True,stop,18329.776785714286,18329.526785714286,-22.723214285713766,0.0,-22.723214285713766,-1.0111243543901474,17.75,41.75,0.7898291617004553,1.857767183154592,36,35.0,0,2024-04-09,2.269368295589988,1.6758104738154613,0.907165109034268,partial_bearish,1.0694103323785864,1.7228829605106517,bullish,bullish,True,False,False,False
161,184457,184458,184460,2024-04-10 13:46:00+00:00,2024-04-10 13:47:00+00:00,2024-04-10 13:49:00+00:00,short,18116.5,18116.5,18116.25,18158.54464285714,18091.25,18066.25,18041.25,18016.25,83.94097530082331,high_probability,-59.94097530082331,42.2946428571413,False,False,False,False,True,stop,18158.54464285714,18158.79464285714,-42.5446428571413,0.0,-42.5446428571413,-1.005910914080642,9.0,45.75,0.21279290690311106,1.0816972767574813,3,2.0,0,2024-04-10,1.7555414819506014,1.8159246575342465,3.789808917197452,partial_bearish,1.4949920513944406,1.939206734441031,bearish,bearish,True,True,True,True
162,184463,184464,184504,2024-04-10 13:52:00+00:00,2024-04-10 13:53:00+00:00,2024-04-10 14:33:00+00:00,short,18167.5,18167.75,18167.5,18210.035714285714,18142.5,18117.5,18092.5,18067.5,75.64896253756456,near_trigger,-47.64896253756456,42.535714285713766,False,False,False,False,True,stop,18210.035714285714,18210.285714285714,-42.785714285713766,0.0,-42.785714285713766,-1.0058774139378674,20.0,42.75,0.4701931150293928,1.0050377833753272,41,40.0,0,2024-04-10,1.269521410579345,0.22941176470588234,3.789808917197452,partial_bullish,0.6411468905702159,1.081275590091711,bearish,bearish,True,True,True,True
163,185831,185832,185862,2024-04-11 13:40:00+00:00,2024-04-11 13:41:00+00:00,2024-04-11 14:11:00+00:00,long,18242.0,18241.5,18241.75,18213.223214285714,18266.75,18291.75,18316.75,18341.75,70.91962441314554,near_trigger,70.91962441314554,28.526785714286234,True,False,False,False,True,stop,18213.223214285714,18212.973214285714,-28.776785714286234,0.0,-28.776785714286234,-1.0087636932707353,32.25,37.75,1.130516431924862,1.32331768388104,31,30.0,1,2024-04-11,1.3408450704225352,0.7795975666822649,3.584053794428434,partial_bearish,2.322771703559051,1.5289971253610957,bullish,bullish,True,True,False,False
164,187204,187205,187219,2024-04-12 13:33:00+00:00,2024-04-12 13:34:00+00:00,2024-04-12 13:48:00+00:00,short,18313.25,18313.0,18312.75,18332.223214285714,18287.75,18262.75,18237.75,18212.75,71.45680438012242,near_trigger,-58.45680438012242,19.473214285713766,False,False,False,False,True,stop,18332.223214285714,18332.473214285714,-19.723214285713766,0.0,-19.723214285713766,-1.0128381476386983,18.0,20.0,0.9243466299862695,1.027051811095855,15,14.0,0,2024-04-12,1.7716643741403026,0.16666666666666666,3.8095238095238093,partial_bearish,2.561175715202968,1.009107263323589,bearish,bearish,True,False,False,False
165,188623,188624,188664,2024-04-15 14:12:00+00:00,2024-04-15 14:13:00+00:00,2024-04-15 14:53:00+00:00,long,18217.75,18217.25,18217.5,18187.79464285714,18242.5,18267.5,18292.5,18317.5,73.49666366095582,near_trigger,53.49666366095582,29.705357142858702,True,False,False,False,True,stop,18187.79464285714,18187.54464285714,-29.955357142858702,0.0,-29.955357142858702,-1.008415990381725,43.25,39.5,1.4559663360383968,1.3297264803125242,41,40.0,1,2024-04-15,2.587917042380523,2.3477722772277225,0.6810344827586207,strong_bearish,1.9204553233519464,2.043857914511412,bullish,bullish,True,True,False,False
166,190006,190007,190008,2024-04-16 14:15:00+00:00,2024-04-16 14:16:00+00:00,2024-04-16 14:17:00+00:00,long,17928.0,17927.5,17927.75,17903.535714285714,17952.75,17977.75,18002.75,18027.75,85.22566371681415,high_probability,69.22566371681415,24.214285714286234,False,False,False,False,True,stop,17903.535714285714,17903.285714285714,-24.464285714286234,0.0,-24.464285714286234,-1.010324483775811,2.25,32.25,0.09292035398229889,1.3318584070796173,2,1.0,0,2024-04-16,2.183628318584071,1.9588477366255144,0.49673202614379086,strong_bullish,1.9556361383014127,1.645441291481206,bullish,bullish,True,False,True,False
167,191374,191375,191434,2024-04-17 14:03:00+00:00,2024-04-17 14:04:00+00:00,2024-04-17 15:03:00+00:00,short,17853.75,17854.0,17853.75,17877.991071428572,17828.75,17803.75,17778.75,17753.75,70.1281290129909,near_trigger,-52.1281290129909,24.241071428572468,True,True,True,False,False,max_holding_time,17839.75,17840.0,13.75,0.0,13.75,0.5672191528544877,90.0,18.75,3.712707182320283,0.7734806629833922,60,59.0,3,2024-04-17,1.9027624309392266,1.5070527097253157,0.8690842040565459,strong_bearish,2.0465655138771734,2.1966730297245705,bearish,bearish,False,True,True,False
168,194123,194124,194141,2024-04-19 13:52:00+00:00,2024-04-19 13:53:00+00:00,2024-04-19 14:10:00+00:00,long,17455.75,17455.75,17456.0,17422.89285714286,17481.0,17506.0,17531.0,17556.0,74.93268608414239,near_trigger,53.93268608414239,33.1071428571413,True,False,False,False,True,stop,17422.89285714286,17422.64285714286,-33.3571428571413,0.0,-33.3571428571413,-1.0075512405609497,29.0,38.75,0.87594390507016,1.1704422869471964,18,17.0,1,2024-04-19,1.29126213592233,0.9135802469135802,1.1362725450901803,strong_bearish,1.335925900804148,1.7557622401172754,neutral,bullish,True,False,True,False
169,196882,196883,196920,2024-04-23 13:51:00+00:00,2024-04-23 13:52:00+00:00,2024-04-23 14:29:00+00:00,long,17470.25,17470.0,17470.25,17437.008928571428,17495.25,17520.25,17545.25,17570.25,72.662203351542,near_trigger,56.662203351542004,33.24107142857247,True,True,True,True,False,tp4,17570.25,17570.0,99.75,0.0,99.75,3.00080580177267,100.5,1.0,3.0233682514100586,0.030083266183184663,38,37.0,4,2024-04-23,1.218372280419017,2.6676994577846633,2.379800853485064,partial_bullish,1.0049773093251355,1.4081329162607046,bullish,bullish,False,True,True,False
170,198267,198268,198316,2024-04-24 13:56:00+00:00,2024-04-24 13:57:00+00:00,2024-04-24 14:45:00+00:00,long,17716.75,17716.75,17717.0,17694.258928571428,17742.0,17767.0,17792.0,17817.0,78.0,near_trigger,53.0,22.741071428572468,True,True,False,False,True,stop,17694.258928571428,17694.008928571428,-22.991071428572468,0.0,-22.991071428572468,-1.0109933254809575,59.0,27.0,2.594424813505967,1.1872791519434087,49,48.0,2,2024-04-24,4.749116607773852,1.4467408585055643,1.305750350631136,partial_bullish,1.9740104158000698,2.6716508658544824,bullish,bullish,True,False,True,False
171,201060,201061,201065,2024-04-26 14:29:00+00:00,2024-04-26 14:30:00+00:00,2024-04-26 14:34:00+00:00,short,17795.25,17795.5,17795.25,17814.85714285714,17770.25,17745.25,17720.25,17695.25,82.0,high_probability,-68.0,19.607142857141298,False,False,False,False,True,stop,17814.85714285714,17815.10714285714,-19.857142857141298,0.0,-19.857142857141298,-1.0127504553734072,14.0,24.0,0.7140255009108036,1.2240437158470918,5,4.0,0,2024-04-26,2.581967213114754,1.2830957230142568,2.1341150604617076,partial_bullish,1.6372507138521033,1.9195234141262372,bearish,bearish,False,True,True,False
172,202389,202390,202391,2024-04-29 13:38:00+00:00,2024-04-29 13:39:00+00:00,2024-04-29 13:40:00+00:00,long,17906.0,17905.75,17906.0,17885.803571428572,17931.0,17956.0,17981.0,18006.0,78.0,near_trigger,39.05868904043714,20.196428571427532,False,False,False,False,True,stop,17885.803571428572,17885.553571428572,-20.446428571427532,0.0,-20.446428571427532,-1.0123784261715303,1.75,34.0,0.0866489832007118,1.683465959328115,2,1.0,0,2024-04-29,2.5251989389920424,1.6644649933949802,0.3876464323748669,partial_bullish,1.6494257554777225,0.9856572670928384,bullish,bullish,True,True,True,False
173,202399,202400,202404,2024-04-29 13:48:00+00:00,2024-04-29 13:49:00+00:00,2024-04-29 13:53:00+00:00,long,17859.75,17859.75,17860.0,17835.758928571428,17885.0,17910.0,17935.0,17960.0,70.0,near_trigger,54.52153508037705,24.241071428572468,False,False,False,False,True,stop,17835.758928571428,17835.508928571428,-24.491071428572468,0.0,-24.491071428572468,-1.0103130755064453,9.5,26.5,0.39189686924491873,1.0931860036831944,5,4.0,0,2024-04-29,1.5314917127071823,3.4815465729349735,2.81893313298272,partial_bearish,0.5597500650872168,0.6439375031198523,bullish,bullish,True,False,False,False
174,202405,202406,202465,2024-04-29 13:54:00+00:00,2024-04-29 13:55:00+00:00,2024-04-29 14:54:00+00:00,long,17833.75,17833.75,17834.0,17812.678571428572,17859.0,17884.0,17909.0,17934.0,70.0,near_trigger,70.0,21.321428571427532,True,True,True,False,False,max_holding_time,17885.25,17885.0,51.0,0.0,51.0,2.3919597989950914,82.5,4.0,3.8693467336685305,0.18760469011726208,60,59.0,3,2024-04-29,2.2864321608040203,1.9444444444444444,2.81893313298272,strong_bearish,0.8873575921080431,1.2008709613565884,bullish,bullish,True,False,False,False
175,203762,203763,203764,2024-04-30 13:31:00+00:00,2024-04-30 13:32:00+00:00,2024-04-30 13:33:00+00:00,short,17827.0,17826.75,17826.5,17839.51785714286,17801.5,17776.5,17751.5,17726.5,81.80479149338683,high_probability,-55.80479149338683,13.017857142858702,False,False,False,False,True,stop,17839.51785714286,17839.76785714286,-13.267857142858702,0.0,-13.267857142858702,-1.0192043895747576,1.25,22.25,0.09602194787378822,1.7091906721534305,2,1.0,0,2024-04-30,1.2962962962962963,0.7165354330708662,1.895148669796557,partial_bearish,5.837246303698242,0.8177177617952608,bearish,bearish,True,False,True,False
176,205142,205143,205149,2024-05-01 13:31:00+00:00,2024-05-01 13:32:00+00:00,2024-05-01 13:38:00+00:00,short,17486.5,17487.0,17486.75,17502.285714285714,17461.75,17436.75,17411.75,17386.75,74.88013991872529,near_trigger,-56.88013991872529,15.535714285713766,False,False,False,False,True,stop,17502.285714285714,17502.535714285714,-15.785714285713766,0.0,-15.785714285713766,-1.0160919540229891,18.5,17.25,1.1908045977011892,1.110344827586244,7,6.0,0,2024-05-01,2.606896551724138,0.24612202688728024,1.7781021897810219,partial_bullish,6.305426669356466,0.8501748984066021,bearish,bearish,True,True,True,False
177,206527,206528,206539,2024-05-02 13:36:00+00:00,2024-05-02 13:37:00+00:00,2024-05-02 13:48:00+00:00,long,17531.25,17531.25,17531.5,17509.321428571428,17556.5,17581.5,17606.5,17631.5,70.0771363140952,near_trigger,57.0771363140952,22.178571428572468,False,False,False,False,True,stop,17509.321428571428,17509.071428571428,-22.428571428572468,0.0,-22.428571428572468,-1.0112721417069237,23.5,28.25,1.059581320450836,1.273752012882388,12,11.0,0,2024-05-02,1.8091787439613525,1.0953545232273838,0.3612903225806452,strong_bearish,2.9099462365591395,1.354324141166658,bullish,bullish,True,True,False,False
178,206547,206548,206550,2024-05-02 13:56:00+00:00,2024-05-02 13:57:00+00:00,2024-05-02 13:59:00+00:00,long,17522.75,17522.5,17522.75,17499.098214285714,17547.75,17572.75,17597.75,17622.75,81.12760677271135,high_probability,63.127606772711346,23.651785714286234,False,False,False,False,True,stop,17499.098214285714,17498.848214285714,-23.901785714286234,0.0,-23.901785714286234,-1.0105700264250659,4.75,25.75,0.20083050207625078,1.0887127217817805,3,2.0,0,2024-05-02,1.2842582106455267,2.889952153110048,1.3013365735115432,partial_bearish,0.8554314174182259,0.9717961216083187,bullish,bullish,True,False,True,False
179,206552,206553,206574,2024-05-02 14:01:00+00:00,2024-05-02 14:02:00+00:00,2024-05-02 14:23:00+00:00,short,17452.75,17452.25,17452.0,17478.89285714286,17427.0,17402.0,17377.0,17352.0,70.0,near_trigger,-22.0,26.892857142858702,True,True,False,False,True,stop,17478.89285714286,17479.14285714286,-27.142857142858702,0.0,-27.142857142858702,-1.0092961487383794,66.0,31.0,2.454183266932129,1.1527224435590302,22,21.0,2,2024-05-02,3.9043824701195224,1.7139055222887558,3.3734042553191492,strong_bearish,2.491219721125018,2.5915364660686353,bearish,bearish,False,True,False,False
180,207904,207905,207931,2024-05-03 13:33:00+00:00,2024-05-03 13:34:00+00:00,2024-05-03 14:00:00+00:00,long,17933.75,17933.25,17933.5,17914.696428571428,17958.5,17983.5,18008.5,18033.5,74.90274437462458,near_trigger,69.90274437462458,18.803571428572468,True,True,True,True,False,tp4,18033.5,18033.25,99.75,0.0,99.75,5.304843304843011,116.5,8.5,6.19563152896452,0.4520417853750937,27,26.0,4,2024-05-03,1.0968660968660968,0.5342019543973942,5.2091439688715955,partial_bullish,3.2834177998945124,0.9453820352322848,bullish,bullish,True,True,True,False
181,207932,207933,207940,2024-05-03 14:01:00+00:00,2024-05-03 14:02:00+00:00,2024-05-03 14:09:00+00:00,long,17955.5,17956.0,17956.25,17924.401785714286,17981.25,18006.25,18031.25,18056.25,88.0,high_probability,32.32767031118587,31.848214285713766,True,False,False,False,True,stop,17924.401785714286,17924.151785714286,-32.098214285713766,0.0,-32.098214285713766,-1.0078497336697507,34.25,34.75,1.0754135127558349,1.091112980095336,8,7.0,1,2024-05-03,2.708158116063919,2.0916509730069053,2.022881355932203,partial_bullish,2.3811764705882354,1.9803944769585042,bullish,bullish,True,False,True,True
182,207959,207960,207966,2024-05-03 14:28:00+00:00,2024-05-03 14:29:00+00:00,2024-05-03 14:35:00+00:00,long,17952.25,17952.0,17952.25,17920.1875,17977.25,18002.25,18027.25,18052.25,83.58515603403947,high_probability,83.58515603403947,32.0625,False,False,False,False,True,stop,17920.1875,17919.9375,-32.3125,0.0,-32.3125,-1.0077972709551657,14.75,41.5,0.4600389863547758,1.2943469785575048,7,6.0,0,2024-05-03,1.391812865497076,1.6126582278481014,0.04886561954624782,partial_bullish,1.4269760516193077,1.4288134636019654,bullish,bullish,True,True,True,True
183,209283,209284,209343,2024-05-06 13:32:00+00:00,2024-05-06 13:33:00+00:00,2024-05-06 14:32:00+00:00,long,18048.5,18048.25,18048.5,18037.116071428572,18073.5,18098.5,18123.5,18148.5,78.0,near_trigger,36.44137753580007,11.383928571427532,True,True,False,False,False,max_holding_time,18093.75,18093.5,45.0,0.0,45.0,3.952941176470949,68.25,2.5,5.995294117647607,0.21960784313727497,60,59.0,2,2024-05-06,1.943529411764706,1.2581261950286808,1.8825065274151436,partial_bullish,4.582052858020898,0.6904775687409551,bullish,bullish,True,False,True,False
184,212080,212081,212091,2024-05-08 14:09:00+00:00,2024-05-08 14:10:00+00:00,2024-05-08 14:20:00+00:00,short,18162.0,18162.25,18162.0,18176.651785714286,18137.0,18112.0,18087.0,18062.0,74.47260710716603,near_trigger,-66.47260710716603,14.651785714286234,False,False,False,False,True,stop,18176.651785714286,18176.901785714286,-14.901785714286234,0.0,-14.901785714286234,-1.0170627666057277,10.5,19.25,0.7166361974405596,1.313833028641026,11,10.0,0,2024-05-08,1.1261425959780622,2.968814968814969,3.335324869305452,partial_bullish,0.5727712137486574,0.40931464264125966,bearish,bearish,True,True,False,True
185,216210,216211,216270,2024-05-13 13:59:00+00:00,2024-05-13 14:00:00+00:00,2024-05-13 14:59:00+00:00,long,18286.0,18286.25,18286.5,18270.66964285714,18311.5,18336.5,18361.5,18386.5,74.58977888669018,near_trigger,62.58977888669018,15.830357142858702,True,False,False,False,False,max_holding_time,18294.0,18293.75,7.25,0.0,7.25,0.45798082346301183,25.25,9.5,1.5950366610263516,0.6001128031584293,60,59.0,1,2024-05-13,0.8764805414551607,3.3268817204301073,1.6338028169014085,partial_bearish,1.396282304456083,1.9350328702739685,bullish,bullish,False,True,True,False
186,217590,217591,217599,2024-05-14 13:59:00+00:00,2024-05-14 14:00:00+00:00,2024-05-14 14:08:00+00:00,short,18290.0,18290.0,18289.75,18302.714285714286,18264.75,18239.75,18214.75,18189.75,72.0,near_trigger,-60.0,12.964285714286234,False,False,False,False,True,stop,18302.714285714286,18302.964285714286,-13.214285714286234,0.0,-13.214285714286234,-1.019283746556473,17.5,18.0,1.349862258953114,1.38842975206606,9,8.0,0,2024-05-14,2.574380165289256,2.0056179775280896,0.6059016393442623,partial_bullish,1.5887675146827516,1.5335116162460303,bearish,bearish,True,True,False,False
187,218943,218944,218948,2024-05-15 13:32:00+00:00,2024-05-15 13:33:00+00:00,2024-05-15 13:37:00+00:00,long,18519.25,18519.0,18519.25,18505.053571428572,18544.25,18569.25,18594.25,18619.25,82.59803808845757,high_probability,56.59803808845757,14.196428571427532,False,False,False,False,True,stop,18505.053571428572,18504.803571428572,-14.446428571427532,0.0,-14.446428571427532,-1.017610062893083,12.5,23.0,0.8805031446541525,1.6201257861636407,5,4.0,0,2024-05-15,1.6377358490566039,0.3454657618753855,4.497688751926041,strong_bullish,5.470151519333204,1.2958059560001307,bullish,bullish,True,True,True,False
188,218949,218950,218960,2024-05-15 13:38:00+00:00,2024-05-15 13:39:00+00:00,2024-05-15 13:49:00+00:00,long,18502.25,18502.75,18503.0,18481.383928571428,18528.0,18553.0,18578.0,18603.0,83.1493142263812,high_probability,57.14931422638119,21.616071428572468,False,False,False,False,True,stop,18481.383928571428,18481.133928571428,-21.866071428572468,0.0,-21.866071428572468,-1.0115654688145388,21.5,33.25,0.9946303180503445,1.5382073523336723,11,10.0,0,2024-05-15,1.0929368029739777,0.5622817229336438,4.497688751926041,partial_bullish,1.901750514659383,1.408793246085301,bullish,bullish,True,True,True,False
189,218961,218962,219009,2024-05-15 13:50:00+00:00,2024-05-15 13:51:00+00:00,2024-05-15 14:38:00+00:00,long,18460.0,18460.0,18460.25,18435.3125,18485.25,18510.25,18535.25,18560.25,76.0,near_trigger,35.219548872180454,24.9375,True,True,True,True,False,tp4,18560.25,18560.0,99.75,0.0,99.75,4.0,104.5,13.0,4.190476190476191,0.5213032581453634,48,47.0,4,2024-05-15,2.6766917293233083,1.5085271317829458,3.6914446002805046,partial_bearish,1.6452978799005094,1.964260463800905,bullish,bullish,True,False,False,False
190,220322,220323,220323,2024-05-16 13:31:00+00:00,2024-05-16 13:32:00+00:00,2024-05-16 13:32:00+00:00,short,18674.75,18675.0,18674.75,18683.160714285714,18649.75,18624.75,18599.75,18574.75,82.48682974165506,high_probability,-82.48682974165506,8.410714285713766,False,False,False,False,True,stop,18683.160714285714,18683.410714285714,-8.660714285713766,0.0,-8.660714285713766,-1.0297239915074328,0.0,9.0,0.0,1.070063694267582,1,0.0,0,2024-05-16,2.050955414012739,1.1827956989247312,2.518828451882845,strong_bearish,6.521674363175927,0.7357035227953821,bearish,bearish,True,True,True,False
191,221733,221734,221737,2024-05-17 14:02:00+00:00,2024-05-17 14:03:00+00:00,2024-05-17 14:06:00+00:00,long,18648.75,18648.75,18649.0,18635.76785714286,18674.0,18699.0,18724.0,18749.0,72.88113524763429,near_trigger,62.88113524763429,13.232142857141298,False,False,False,False,True,stop,18635.76785714286,18635.51785714286,-13.482142857141298,0.0,-13.482142857141298,-1.0188933873144421,4.5,17.0,0.3400809716599591,1.2847503373820677,4,3.0,0,2024-05-17,3.0040485829959516,0.23483870967741938,2.753072625698324,partial_bearish,1.1967759632020931,0.9728765494213968,bullish,bullish,True,True,True,False
192,224461,224462,224462,2024-05-21 13:30:00+00:00,2024-05-21 13:31:00+00:00,2024-05-21 13:31:00+00:00,short,18679.25,18679.5,18679.25,18691.0625,18654.25,18629.25,18604.25,18579.25,70.90038877454343,near_trigger,-56.90038877454343,11.8125,False,False,False,False,True,stop,18691.0625,18691.3125,-12.0625,0.0,-12.0625,-1.0211640211640212,1.25,18.75,0.10582010582010581,1.5873015873015872,1,0.0,0,2024-05-21,1.873015873015873,1.9583333333333333,4.437587657784011,strong_bearish,6.423601870509067,0.9032637459570715,bearish,bearish,False,True,True,False
193,225842,225843,225843,2024-05-22 13:31:00+00:00,2024-05-22 13:32:00+00:00,2024-05-22 13:32:00+00:00,short,18811.75,18811.75,18811.5,18819.85714285714,18786.5,18761.5,18736.5,18711.5,71.17716933058,near_trigger,-71.17716933058,8.357142857141298,False,False,False,False,True,stop,18819.85714285714,18820.10714285714,-8.607142857141298,0.0,-8.607142857141298,-1.0299145299145356,2.25,10.75,0.26923076923081946,1.2863247863250262,1,0.0,0,2024-05-22,2.019230769230769,0.09459459459459459,1.2475247524752475,partial_bullish,5.337768092671178,0.5740257657891005,bearish,bearish,True,True,False,False
194,225844,225845,225863,2024-05-22 13:33:00+00:00,2024-05-22 13:34:00+00:00,2024-05-22 13:52:00+00:00,short,18818.0,18818.25,18818.0,18828.01785714286,18793.0,18768.0,18743.0,18718.0,71.71609414091175,near_trigger,-71.71609414091175,10.017857142858702,True,False,False,False,True,stop,18828.01785714286,18828.26785714286,-10.267857142858702,0.0,-10.267857142858702,-1.0249554367201388,29.0,12.5,2.8948306595360913,1.2477718360069359,19,18.0,1,2024-05-22,2.3957219251336896,0.09459459459459459,1.2475247524752475,partial_bullish,4.605009633911368,0.8951176761396833,bearish,bearish,True,True,False,False
195,228624,228625,228663,2024-05-24 13:53:00+00:00,2024-05-24 13:54:00+00:00,2024-05-24 14:32:00+00:00,long,18739.75,18739.75,18740.0,18720.178571428572,18765.0,18790.0,18815.0,18840.0,72.0,near_trigger,70.11767469035604,19.821428571427532,True,True,True,True,False,tp4,18840.0,18839.75,99.75,0.0,99.75,5.032432432432696,100.75,8.25,5.082882882883149,0.41621621621623806,39,38.0,4,2024-05-24,1.2864864864864867,0.43357783211083945,1.6451104100946372,partial_bullish,0.9417532090563118,1.2069606911089985,bullish,bullish,True,False,True,False
196,230033,230034,230093,2024-05-27 14:22:00+00:00,2024-05-27 14:23:00+00:00,2024-05-27 15:22:00+00:00,long,18883.0,18882.75,18883.0,18877.803571428572,18908.0,18933.0,18958.0,18983.0,70.31863319440559,near_trigger,70.31863319440559,5.196428571427532,True,False,False,False,False,max_holding_time,18923.75,18923.5,40.5,0.0,40.5,7.793814432991249,41.5,5.0,7.986254295534244,0.9621993127149691,60,59.0,1,2024-05-27,0.07216494845360824,0.3297101449275362,1.008,partial_bullish,0.7660347961568423,0.09674510125440682,bullish,bullish,True,True,True,False
197,231136,231137,231196,2024-05-28 13:45:00+00:00,2024-05-28 13:46:00+00:00,2024-05-28 14:45:00+00:00,long,18856.75,18856.75,18857.0,18833.160714285714,18882.0,18907.0,18932.0,18957.0,76.0,near_trigger,55.73303370786517,23.839285714286234,True,True,False,False,False,max_holding_time,18910.5,18910.25,53.25,0.0,53.25,2.2337078651684905,58.0,18.25,2.4329588014980743,0.765543071161032,60,59.0,2,2024-05-28,2.8786516853932587,2.8636363636363633,2.1244309559939305,strong_bearish,2.270980179528887,1.706180014302655,bullish,bullish,True,True,False,False
198,232502,232503,232508,2024-05-29 13:31:00+00:00,2024-05-29 13:32:00+00:00,2024-05-29 13:37:00+00:00,short,18795.5,18795.75,18795.5,18808.25,18770.5,18745.5,18720.5,18695.5,70.78647235047272,near_trigger,-48.78647235047272,12.75,False,False,False,False,True,stop,18808.25,18808.5,-13.0,0.0,-13.0,-1.0196078431372548,14.5,13.5,1.1372549019607843,1.0588235294117647,6,5.0,0,2024-05-29,3.764705882352941,0.23562412342215988,3.2662397072278133,partial_bearish,6.758403052986937,1.3172273715528093,bearish,bearish,True,True,False,False
199,233907,233908,233909,2024-05-30 13:56:00+00:00,2024-05-30 13:57:00+00:00,2024-05-30 13:58:00+00:00,short,18727.25,18728.0,18727.75,18744.196428571428,18702.75,18677.75,18652.75,18627.75,77.14527687296417,near_trigger,-65.14527687296417,16.446428571427532,False,False,False,False,True,stop,18744.196428571428,18744.446428571428,-16.696428571427532,0.0,-16.696428571427532,-1.015200868621065,0.0,16.5,0.0,1.0032573289902915,2,1.0,0,2024-05-30,1.1856677524429968,1.3725490196078431,0.5679939894815929,strong_bearish,1.649181655196345,2.098863569451805,bearish,bearish,True,False,True,False
200,233922,233923,233933,2024-05-30 14:11:00+00:00,2024-05-30 14:12:00+00:00,2024-05-30 14:22:00+00:00,short,18705.75,18705.75,18705.5,18726.526785714286,18680.5,18655.5,18630.5,18605.5,74.0,near_trigger,-50.0,21.026785714286234,False,False,False,False,True,stop,18726.526785714286,18726.776785714286,-21.276785714286234,0.0,-21.276785714286234,-1.0118895966029722,21.25,28.5,1.010615711252629,1.35541401273882,11,10.0,0,2024-05-30,2.907006369426752,0.0,1.6827393431167017,partial_bearish,2.492302379787632,2.606105285329562,bearish,bearish,True,True,False,False
201,235278,235279,235281,2024-05-31 13:47:00+00:00,2024-05-31 13:48:00+00:00,2024-05-31 13:50:00+00:00,long,18585.25,18585.25,18585.5,18558.95535714286,18610.5,18635.5,18660.5,18685.5,84.27628657921292,high_probability,71.27628657921292,26.544642857141298,False,False,False,False,True,stop,18558.95535714286,18558.70535714286,-26.794642857141298,0.0,-26.794642857141298,-1.009418096199126,8.0,26.75,0.3013790783720325,1.0077362933064837,3,2.0,0,2024-05-31,1.921291624621594,0.4847020933977456,1.4039436619718308,partial_bearish,1.9097093382807668,2.461571164755743,bullish,bullish,True,False,True,False
202,235298,235299,235302,2024-05-31 14:07:00+00:00,2024-05-31 14:08:00+00:00,2024-05-31 14:11:00+00:00,long,18544.75,18545.0,18545.25,18519.723214285714,18570.25,18595.25,18620.25,18645.25,75.6974184895158,near_trigger,47.6974184895158,25.526785714286234,False,False,False,False,True,stop,18519.723214285714,18519.473214285714,-25.776785714286234,0.0,-25.776785714286234,-1.0097936341378102,3.5,27.75,0.13711087792934312,1.0870933892969348,4,3.0,0,2024-05-31,1.8509968520461701,2.8583690987124464,3.1216674745516237,partial_bearish,0.8406725380304243,0.9722453049692539,bullish,bullish,False,False,True,False
203,235304,235305,235306,2024-05-31 14:13:00+00:00,2024-05-31 14:14:00+00:00,2024-05-31 14:15:00+00:00,long,18500.5,18500.25,18500.5,18475.45535714286,18525.5,18550.5,18575.5,18600.5,74.0,near_trigger,53.085830602035536,25.044642857141298,False,False,False,False,True,stop,18475.45535714286,18475.20535714286,-25.294642857141298,0.0,-25.294642857141298,-1.0099821746880577,6.0,27.5,0.2395721925133839,1.0980392156863428,2,1.0,0,2024-05-31,2.4256684491978606,2.661853188929001,3.1216674745516237,strong_bearish,1.9240743007868581,2.5690636470360957,bullish,bullish,False,False,True,False
204,235307,235308,235311,2024-05-31 14:16:00+00:00,2024-05-31 14:17:00+00:00,2024-05-31 14:20:00+00:00,long,18484.25,18484.0,18484.25,18460.196428571428,18509.25,18534.25,18559.25,18584.25,88.0,high_probability,69.49710467706014,24.053571428572468,False,False,False,False,True,stop,18460.196428571428,18459.946428571428,-24.303571428572468,0.0,-24.303571428572468,-1.0103934669636223,2.0,26.5,0.08314773570897933,1.101707498143976,4,3.0,0,2024-05-31,2.3697104677060135,3.015855658829962,3.936339522546419,strong_bearish,1.3926868044515104,2.0074514326266297,bullish,bullish,True,False,True,False
205,236671,236672,236673,2024-06-03 14:00:00+00:00,2024-06-03 14:01:00+00:00,2024-06-03 14:02:00+00:00,long,18705.0,18704.75,18705.0,18673.285714285714,18730.0,18755.0,18780.0,18805.0,85.40067567567567,high_probability,85.40067567567567,31.714285714286234,False,False,False,False,True,stop,18673.285714285714,18673.035714285714,-31.964285714286234,0.0,-31.964285714286234,-1.0078828828828827,11.0,45.5,0.34684684684684114,1.4346846846846613,2,1.0,0,2024-06-03,1.2297297297297298,1.9021739130434783,0.49798657718120803,partial_bearish,2.016334056601138,1.9758539189472821,bullish,bullish,True,True,True,False
206,236676,236677,236717,2024-06-03 14:05:00+00:00,2024-06-03 14:06:00+00:00,2024-06-03 14:46:00+00:00,long,18671.5,18671.5,18671.75,18638.723214285714,18696.75,18721.75,18746.75,18771.75,72.0,near_trigger,72.0,33.026785714286234,True,False,False,False,True,stop,18638.723214285714,18638.473214285714,-33.276785714286234,0.0,-33.276785714286234,-1.0075696134090293,38.75,38.5,1.173290078399549,1.1657204649905197,41,40.0,1,2024-06-03,1.521492295214923,1.8356164383561644,0.49798657718120803,strong_bearish,0.6731843347656983,1.1829605536530499,bullish,bullish,True,False,True,False
207,238026,238027,238048,2024-06-04 13:35:00+00:00,2024-06-04 13:36:00+00:00,2024-06-04 13:57:00+00:00,long,18597.75,18597.5,18597.75,18579.910714285714,18622.75,18647.75,18672.75,18697.75,83.59973371540877,high_probability,31.599733715408775,17.839285714286234,True,False,False,False,True,stop,18579.910714285714,18579.660714285714,-18.089285714286234,0.0,-18.089285714286234,-1.0140140140140137,34.25,18.75,1.919919919919864,1.0510510510510205,22,21.0,1,2024-06-04,2.9429429429429432,1.0221238938053097,2.6137820512820515,partial_bearish,3.3532126525193346,1.4223398169336383,neutral,bullish,True,True,True,False
208,242161,242162,242174,2024-06-07 13:30:00+00:00,2024-06-07 13:31:00+00:00,2024-06-07 13:43:00+00:00,short,19012.25,19012.25,19012.0,19029.91964285714,18987.0,18962.0,18937.0,18912.0,77.56576721540779,near_trigger,-58.56576721540779,17.919642857141298,False,False,False,False,True,stop,19029.91964285714,19030.16964285714,-18.169642857141298,0.0,-18.169642857141298,-1.0139511709018447,19.75,18.5,1.1021425012457362,1.0323866467365124,13,12.0,0,2024-06-07,0.8579970104633782,0.9734675205855444,1.5478433316807139,partial_bearish,7.25999109203547,1.1746978084973958,bearish,bearish,True,True,True,False
209,244924,244925,244980,2024-06-11 13:33:00+00:00,2024-06-11 13:34:00+00:00,2024-06-11 14:29:00+00:00,short,19075.0,19075.0,19074.75,19088.625,19049.75,19024.75,18999.75,18974.75,78.0,near_trigger,-34.01350573716505,13.875,True,True,True,False,True,stop,19088.625,19088.875,-14.125,0.0,-14.125,-1.018018018018018,80.0,16.75,5.7657657657657655,1.2072072072072073,56,55.0,3,2024-06-11,2.189189189189189,0.8703374777975132,0.479253112033195,partial_bullish,3.714107978914972,0.9831178285436961,bearish,bearish,True,True,True,False
210,246304,246305,246355,2024-06-12 13:33:00+00:00,2024-06-12 13:34:00+00:00,2024-06-12 14:24:00+00:00,long,19428.5,19428.25,19428.5,19411.678571428572,19453.5,19478.5,19503.5,19528.5,84.62140177428887,high_probability,46.62140177428887,16.821428571427532,True,True,True,True,False,tp4,19528.5,19528.25,99.75,0.0,99.75,5.92993630573285,102.0,14.0,6.063694267516298,0.8322717622081194,51,50.0,4,2024-06-12,2.0732484076433124,0.56,4.325272067714631,partial_bullish,3.1973290126184515,1.1534850766096891,bullish,bullish,True,True,True,True
211,249064,249065,249124,2024-06-14 13:33:00+00:00,2024-06-14 13:34:00+00:00,2024-06-14 14:33:00+00:00,long,19572.5,19572.75,19573.0,19558.241071428572,19598.0,19623.0,19648.0,19673.0,81.42010849299477,high_probability,64.42010849299477,14.758928571427532,True,True,True,False,False,max_holding_time,19605.75,19605.5,32.5,0.0,32.5,2.2020568663038453,76.0,1.25,5.149425287356684,0.08469449485784021,60,59.0,3,2024-06-14,0.20326678765880218,1.6124661246612466,1.4451019066403683,strong_bullish,4.066531381359617,1.0101628394739448,bullish,bullish,True,True,True,False
212,250027,250028,250035,2024-06-17 13:36:00+00:00,2024-06-17 13:37:00+00:00,2024-06-17 13:44:00+00:00,long,19947.5,19947.75,19948.0,19933.883928571428,19973.0,19998.0,20023.0,20048.0,75.42070463544854,near_trigger,42.420704635448544,14.116071428572468,False,False,False,False,True,stop,19933.883928571428,19933.633928571428,-14.366071428572468,0.0,-14.366071428572468,-1.0177103099304226,11.25,14.75,0.7969639468690115,1.0449082858949261,8,7.0,0,2024-06-17,1.700189753320683,0.9971509971509971,1.5302325581395348,strong_bearish,2.2514335535360988,0.6700933180298418,neutral,bullish,True,True,True,False
213,251428,251429,251430,2024-06-18 13:57:00+00:00,2024-06-18 13:58:00+00:00,2024-06-18 13:59:00+00:00,long,20196.5,20196.25,20196.5,20177.45535714286,20221.5,20246.5,20271.5,20296.5,80.18580550956823,high_probability,68.18580550956823,19.044642857141298,False,False,False,False,True,stop,20177.45535714286,20177.20535714286,-19.294642857141298,0.0,-19.294642857141298,-1.0131270511017356,4.75,21.5,0.2494139709329787,1.128926394749272,2,1.0,0,2024-06-18,2.1462728551336148,0.4375,1.776879547291835,partial_bearish,1.6068559185859668,1.380991064175467,bullish,bullish,True,True,True,True
214,255301,255302,255303,2024-06-21 13:30:00+00:00,2024-06-21 13:31:00+00:00,2024-06-21 13:32:00+00:00,short,19993.0,19993.25,19993.0,20010.678571428572,19968.0,19943.0,19918.0,19893.0,73.796992481203,near_trigger,-43.796992481203006,17.678571428572468,False,False,False,False,True,stop,20010.678571428572,20010.928571428572,-17.928571428572468,0.0,-17.928571428572468,-1.0141414141414133,4.0,28.75,0.22626262626261295,1.6262626262625306,2,1.0,0,2024-06-21,2.8636363636363633,0.27708333333333335,1.1944055944055945,partial_bearish,11.247455380391042,1.7407423689570785,bearish,bearish,True,True,False,False
215,255322,255323,255331,2024-06-21 13:51:00+00:00,2024-06-21 13:52:00+00:00,2024-06-21 14:00:00+00:00,short,19929.25,19929.5,19929.25,19960.83035714286,19904.25,19879.25,19854.25,19829.25,70.2746395250212,near_trigger,-52.2746395250212,31.580357142858702,False,False,False,False,True,stop,19960.83035714286,19961.08035714286,-31.830357142858702,0.0,-31.830357142858702,-1.0079163132598243,15.25,48.75,0.4828951088492835,1.5436810856657424,9,8.0,0,2024-06-21,2.2324003392705682,3.2015503875968996,0.0532994923857868,strong_bearish,1.8360117594506717,2.135030985371039,bearish,bearish,False,True,True,False
216,256686,256687,256711,2024-06-24 13:35:00+00:00,2024-06-24 13:36:00+00:00,2024-06-24 14:00:00+00:00,short,19940.0,19940.5,19940.25,19957.76785714286,19915.25,19890.25,19865.25,19840.25,73.85222848070163,near_trigger,-39.852228480701626,17.517857142858702,True,True,False,False,True,stop,19957.76785714286,19958.01785714286,-17.767857142858702,0.0,-17.767857142858702,-1.0142711518858296,73.5,21.0,4.195718654433877,1.1987767584096793,25,24.0,2,2024-06-24,1.9051987767584098,2.277189605389798,0.8252840909090909,partial_bullish,2.647811890723732,1.065285600877027,bearish,bearish,True,True,False,False
217,256726,256727,256759,2024-06-24 14:15:00+00:00,2024-06-24 14:16:00+00:00,2024-06-24 14:48:00+00:00,short,19956.25,19956.25,19956.0,19979.276785714286,19931.0,19906.0,19881.0,19856.0,80.44920720847267,high_probability,-70.44920720847267,23.276785714286234,True,True,True,True,False,tp4,19856.0,19856.25,99.75,0.0,99.75,4.285385500575278,114.0,10.5,4.89758342922889,0.4510932105868714,33,32.0,4,2024-06-24,1.4499424626006905,2.866304884065121,1.0692599620493357,partial_bullish,1.0033745781777277,1.1167449139280126,bearish,bearish,True,True,True,False
218,258095,258096,258155,2024-06-25 14:04:00+00:00,2024-06-25 14:05:00+00:00,2024-06-25 15:04:00+00:00,long,19874.5,19874.5,19874.75,19852.410714285714,19899.75,19924.75,19949.75,19974.75,70.04460431654677,near_trigger,40.04460431654677,22.339285714286234,True,False,False,False,False,max_holding_time,19888.5,19888.25,13.5,0.0,13.5,0.6043165467625758,27.0,21.5,1.2086330935251517,0.9624300559552135,60,59.0,1,2024-06-25,2.8872901678657077,0.7335701598579041,0.7151702786377708,strong_bullish,1.8294341675734496,2.4482737697955224,bullish,bullish,False,True,True,False
219,259498,259499,259517,2024-06-26 14:27:00+00:00,2024-06-26 14:28:00+00:00,2024-06-26 14:46:00+00:00,short,19982.25,19982.25,19982.0,20000.991071428572,19957.0,19932.0,19907.0,19882.0,81.24626234132582,high_probability,-33.24626234132582,18.991071428572468,True,False,False,False,True,stop,20000.991071428572,20001.241071428572,-19.241071428572468,0.0,-19.241071428572468,-1.0131640808650675,38.0,25.25,2.0009402914902523,1.3295721673718126,19,18.0,1,2024-06-26,2.4287729196050774,1.3963963963963963,2.382089552238806,partial_bullish,2.4504881880062834,2.5775934685414374,bearish,bearish,True,True,False,False
220,262201,262202,262206,2024-06-28 13:30:00+00:00,2024-06-28 13:31:00+00:00,2024-06-28 13:35:00+00:00,short,20048.5,20048.75,20048.5,20063.178571428572,20023.5,19998.5,19973.5,19948.5,71.78952415626524,near_trigger,-53.789524156265244,14.678571428572468,False,False,False,False,True,stop,20063.178571428572,20063.428571428572,-14.928571428572468,0.0,-14.928571428572468,-1.017031630170315,9.5,16.25,0.6472019464719736,1.1070559610704813,5,4.0,0,2024-06-28,2.554744525547445,0.16078753076292043,3.2463768115942027,strong_bearish,7.2047055057618445,1.236905195331552,bearish,bearish,True,True,False,False
221,263583,263584,263589,2024-07-01 13:32:00+00:00,2024-07-01 13:33:00+00:00,2024-07-01 13:38:00+00:00,short,19946.25,19946.5,19946.25,19963.821428571428,19921.25,19896.25,19871.25,19846.25,78.98596814812188,near_trigger,-45.985968148121884,17.571428571427532,False,False,False,False,True,stop,19963.821428571428,19964.071428571428,-17.821428571427532,0.0,-17.821428571427532,-1.0142276422764236,18.25,28.25,1.0386178861789233,1.6077235772358676,6,5.0,0,2024-07-01,1.5152439024390245,1.1062176165803108,0.10370370370370371,strong_bearish,5.024796369210423,1.4824601851523427,bearish,bearish,True,True,True,False
222,263621,263622,263630,2024-07-01 14:10:00+00:00,2024-07-01 14:11:00+00:00,2024-07-01 14:19:00+00:00,short,19884.25,19884.0,19883.75,19910.883928571428,19858.75,19833.75,19808.75,19783.75,88.4,high_probability,-62.400000000000006,27.133928571427532,True,True,False,False,True,stop,19910.883928571428,19911.133928571428,-27.383928571427532,0.0,-27.383928571427532,-1.0092135570911487,72.25,36.25,2.6627179993419907,1.3359657782165697,9,8.0,2,2024-07-01,2.0730503455083906,0.031836270608300174,2.9357682619647356,strong_bearish,2.0479225334716666,2.47516002675074,bearish,bearish,True,True,True,False
223,264981,264982,264999,2024-07-02 13:50:00+00:00,2024-07-02 13:51:00+00:00,2024-07-02 14:08:00+00:00,short,20050.0,20049.5,20049.25,20082.785714285714,20024.25,19999.25,19974.25,19949.25,72.96714649818718,near_trigger,-18.967146498187176,33.535714285713766,False,False,False,False,True,stop,20082.785714285714,20083.035714285714,-33.785714285713766,0.0,-33.785714285713766,-1.0074547390841322,16.25,40.75,0.48455804046859113,1.215122470713544,18,17.0,0,2024-07-02,1.3306709265175718,3.042599277978339,4.373819163292847,partial_bullish,1.3257078447320725,2.0396500078827056,neutral,bearish,True,True,False,False
224,265005,265006,265065,2024-07-02 14:14:00+00:00,2024-07-02 14:15:00+00:00,2024-07-02 15:14:00+00:00,long,20048.75,20049.0,20049.25,20017.64285714286,20074.25,20099.25,20124.25,20149.25,71.03389830508475,near_trigger,37.03389830508475,31.607142857141298,True,True,True,False,False,max_holding_time,20115.75,20115.5,66.25,0.0,66.25,2.0960451977402164,81.5,30.0,2.578531073446455,0.9491525423729281,60,59.0,3,2024-07-02,0.39152542372881355,0.41953385127635956,4.257948410317937,partial_bearish,1.2079401668297374,1.79097871921909,bullish,bullish,True,True,False,False
225,266342,266343,266361,2024-07-03 13:31:00+00:00,2024-07-03 13:32:00+00:00,2024-07-03 13:50:00+00:00,short,20256.5,20256.75,20256.5,20270.83035714286,20231.5,20206.5,20181.5,20156.5,78.0,near_trigger,-32.51329817943882,14.330357142858702,False,False,False,False,True,stop,20270.83035714286,20271.08035714286,-14.580357142858702,0.0,-14.580357142858702,-1.0174454828660418,22.25,16.25,1.5526479750777127,1.1339563862927116,19,18.0,0,2024-07-03,4.841121495327103,0.11125827814569536,1.5589519650655022,partial_bearish,6.496097776468855,1.3583772757014743,bearish,bearish,True,True,True,False
226,266371,266372,266373,2024-07-03 14:00:00+00:00,2024-07-03 14:01:00+00:00,2024-07-03 14:02:00+00:00,short,20247.5,20247.5,20247.25,20270.39285714286,20222.25,20197.25,20172.25,20147.25,76.0,near_trigger,-60.0,23.142857142858702,False,False,False,False,True,stop,20270.39285714286,20270.64285714286,-23.392857142858702,0.0,-23.392857142858702,-1.0108024691358017,0.0,27.0,0.0,1.1666666666665881,2,1.0,0,2024-07-03,1.6851851851851851,0.7488061127029608,3.039864291772689,partial_bullish,3.3713565186792565,2.002298890611122,bearish,bearish,True,True,True,False
227,266377,266378,266415,2024-07-03 14:06:00+00:00,2024-07-03 14:07:00+00:00,2024-07-03 14:44:00+00:00,short,20279.25,20279.5,20279.25,20305.58035714286,20254.25,20229.25,20204.25,20179.25,70.0,near_trigger,-70.0,26.330357142858702,True,False,False,False,True,stop,20305.58035714286,20305.83035714286,-26.580357142858702,0.0,-26.580357142858702,-1.00949474398101,35.25,30.0,1.3387589013224028,1.139369277721194,38,37.0,1,2024-07-03,0.6978636826042727,0.6888888888888889,3.039864291772689,strong_bullish,1.3593763058298214,1.5976538931062063,bearish,bearish,True,True,True,False
228,267533,267534,267593,2024-07-04 14:07:00+00:00,2024-07-04 14:08:00+00:00,2024-07-04 15:07:00+00:00,short,20380.25,20380.25,20380.0,20385.196428571428,20355.0,20330.0,20305.0,20280.0,71.25053018059178,near_trigger,-70.25053018059178,5.196428571427532,False,False,False,False,True,stop,20385.196428571428,20385.446428571428,-5.446428571427532,0.0,-5.446428571427532,-1.0481099656357484,10.5,6.25,2.020618556701435,1.2027491408937114,60,59.0,0,2024-07-04,1.0824742268041236,2.348993288590604,3.9555555555555557,strong_bearish,0.5924932975871313,0.07089468450261444,bearish,bearish,True,True,False,False
229,268673,268674,268674,2024-07-05 14:07:00+00:00,2024-07-05 14:08:00+00:00,2024-07-05 14:08:00+00:00,long,20507.0,20506.75,20507.0,20483.160714285714,20532.0,20557.0,20582.0,20607.0,83.02337078651685,high_probability,80.02337078651685,23.839285714286234,False,False,False,False,True,stop,20483.160714285714,20482.910714285714,-24.089285714286234,0.0,-24.089285714286234,-1.0104868913857676,0.25,27.0,0.010486891385767562,1.1325842696628967,1,0.0,0,2024-07-05,2.107865168539326,1.6132075471698113,2.019597169297768,partial_bullish,0.9359195141847185,1.7427553965333917,bullish,bullish,True,True,True,False
230,270023,270024,270082,2024-07-08 13:37:00+00:00,2024-07-08 13:38:00+00:00,2024-07-08 14:36:00+00:00,long,20611.25,20611.25,20611.5,20594.25,20636.5,20661.5,20686.5,20711.5,71.19459134020885,near_trigger,58.194591340208845,17.25,True,False,False,False,True,stop,20594.25,20594.0,-17.5,0.0,-17.5,-1.0144927536231885,42.5,23.5,2.463768115942029,1.3623188405797102,59,58.0,1,2024-07-08,2.5,1.25,0.07894736842105263,strong_bearish,1.7489452462130057,1.2987433380732725,bullish,bullish,True,True,False,False
231,272780,272781,272781,2024-07-10 13:34:00+00:00,2024-07-10 13:35:00+00:00,2024-07-10 13:35:00+00:00,long,20740.5,20741.0,20741.25,20730.10714285714,20766.25,20791.25,20816.25,20841.25,78.0,near_trigger,49.085126567254875,11.142857142858702,False,False,False,False,True,stop,20730.10714285714,20729.85714285714,-11.392857142858702,0.0,-11.392857142858702,-1.0224358974358942,1.0,14.75,0.08974358974357718,1.3237179487177635,1,0.0,0,2024-07-10,2.3894230769230766,0.09929078014184396,0.4674457429048414,partial_bearish,2.4599536440896212,0.9825340986237118,bullish,bullish,True,True,True,False
232,272782,272783,272784,2024-07-10 13:36:00+00:00,2024-07-10 13:37:00+00:00,2024-07-10 13:38:00+00:00,long,20736.75,20736.5,20736.75,20723.491071428572,20761.75,20786.75,20811.75,20836.75,70.08695350703998,near_trigger,48.08695350703998,13.258928571427532,False,False,False,False,True,stop,20723.491071428572,20723.241071428572,-13.508928571427532,0.0,-13.508928571427532,-1.0188552188552202,3.5,15.25,0.2639730639730847,1.1501683501684403,2,1.0,0,2024-07-10,1.781818181818182,2.521072796934866,0.4674457429048414,strong_bearish,1.9590975167771871,0.977883802991899,bullish,bullish,True,False,False,False
233,274157,274158,274158,2024-07-11 13:31:00+00:00,2024-07-11 13:32:00+00:00,2024-07-11 13:32:00+00:00,long,20885.75,20886.25,20886.5,20872.410714285714,20911.5,20936.5,20961.5,20986.5,70.9853349350921,near_trigger,70.9853349350921,14.089285714286234,False,False,False,False,True,stop,20872.410714285714,20872.160714285714,-14.339285714286234,0.0,-14.339285714286234,-1.0177439797211654,5.25,17.0,0.37262357414447295,1.2065906210392456,1,0.0,0,2024-07-11,2.4220532319391634,0.37522334723049433,0.5850746268656717,partial_bearish,4.846913644258938,1.4867239747759498,bullish,bullish,True,False,False,False
234,274180,274181,274196,2024-07-11 13:54:00+00:00,2024-07-11 13:55:00+00:00,2024-07-11 14:10:00+00:00,long,20836.25,20836.75,20837.0,20811.39285714286,20862.0,20887.0,20912.0,20937.0,72.01255230125523,near_trigger,50.012552301255226,25.607142857141298,True,False,False,False,True,stop,20811.39285714286,20811.14285714286,-25.857142857141298,0.0,-25.857142857141298,-1.0097629009762907,35.0,31.0,1.366806136680697,1.2105997210600459,16,15.0,1,2024-07-11,1.3765690376569037,2.0352422907488985,0.09271523178807947,partial_bearish,1.1566577901049697,2.0026565852661693,bullish,bullish,True,False,False,False
235,274212,274213,274220,2024-07-11 14:26:00+00:00,2024-07-11 14:27:00+00:00,2024-07-11 14:34:00+00:00,long,20708.75,20708.5,20708.75,20673.258928571428,20733.75,20758.75,20783.75,20808.75,73.9245283018868,near_trigger,73.9245283018868,35.49107142857247,False,False,False,False,True,stop,20673.258928571428,20673.008928571428,-35.74107142857247,0.0,-35.74107142857247,-1.0070440251572326,17.75,36.25,0.5001257861635073,1.0213836477987122,8,7.0,0,2024-07-11,1.8173584905660378,5.093778178539225,3.376507369361322,partial_bearish,1.0583324500436597,2.5706159278148295,bullish,neutral,True,True,False,False
236,275566,275567,275569,2024-07-12 14:00:00+00:00,2024-07-12 14:01:00+00:00,2024-07-12 14:03:00+00:00,long,20569.5,20569.25,20569.5,20546.8125,20594.5,20619.5,20644.5,20669.5,80.7014248377034,high_probability,66.7014248377034,22.6875,False,False,False,False,True,stop,20546.8125,20546.5625,-22.9375,0.0,-22.9375,-1.0110192837465564,3.0,29.25,0.1322314049586777,1.2892561983471074,3,2.0,0,2024-07-12,3.9173553719008263,3.5607940446650126,2.9161230195712955,strong_bullish,1.479743015848564,1.3767810471292472,bullish,bullish,False,True,True,False
237,275576,275577,275582,2024-07-12 14:10:00+00:00,2024-07-12 14:11:00+00:00,2024-07-12 14:16:00+00:00,long,20575.5,20575.5,20575.75,20550.8125,20600.75,20625.75,20650.75,20675.75,71.05334949924755,near_trigger,63.053349499247545,24.9375,False,False,False,False,True,stop,20550.8125,20550.5625,-25.1875,0.0,-25.1875,-1.0100250626566416,11.0,25.25,0.44110275689223055,1.012531328320802,6,5.0,0,2024-07-12,1.368421052631579,4.063731170336037,2.9161230195712955,strong_bullish,1.0548088894117187,1.09112296428499,bullish,bullish,False,True,True,False
238,275590,275591,275615,2024-07-12 14:24:00+00:00,2024-07-12 14:25:00+00:00,2024-07-12 14:49:00+00:00,long,20553.0,20553.25,20553.5,20528.991071428572,20578.5,20603.5,20628.5,20653.5,73.80896174863388,near_trigger,57.80896174863388,24.508928571427532,True,True,True,True,False,tp4,20653.5,20653.25,99.75,0.0,99.75,4.06994535519143,100.25,8.5,4.09034608378888,0.34681238615666315,25,24.0,4,2024-07-12,0.03060109289617486,1.1609383524277141,3.0962124510230735,partial_bullish,1.2748666723101667,1.6048165809734396,bullish,bullish,True,True,False,False
239,276933,276934,276982,2024-07-15 13:47:00+00:00,2024-07-15 13:48:00+00:00,2024-07-15 14:36:00+00:00,long,20613.5,20613.25,20613.5,20582.08035714286,20638.5,20663.5,20688.5,20713.5,75.92446717817562,near_trigger,42.92446717817562,31.419642857141298,True,True,True,True,False,tp4,20713.5,20713.25,99.75,0.0,99.75,3.1747655583974295,101.0,20.5,3.214549587951282,0.652458084683181,49,48.0,4,2024-07-15,2.076726342710997,0.4393063583815029,1.327679259830378,strong_bearish,1.3372620126926564,1.819714602952667,neutral,bullish,True,True,True,False
240,278326,278327,278386,2024-07-16 14:00:00+00:00,2024-07-16 14:01:00+00:00,2024-07-16 15:00:00+00:00,short,20574.75,20575.0,20574.75,20603.196428571428,20549.75,20524.75,20499.75,20474.75,71.41642134081458,near_trigger,-55.41642134081458,28.446428571427532,True,True,True,False,False,max_holding_time,20532.0,20532.25,42.5,0.0,42.5,1.4940364092907013,89.25,5.25,3.1374764595104723,0.18455743879473369,60,59.0,3,2024-07-16,2.096045197740113,3.033333333333333,2.503846153846154,strong_bearish,1.191491451347569,1.1867225328920554,bearish,bearish,False,False,True,True
241,279709,279710,279752,2024-07-17 14:03:00+00:00,2024-07-17 14:04:00+00:00,2024-07-17 14:46:00+00:00,short,20148.75,20149.25,20149.0,20178.946428571428,20124.0,20099.0,20074.0,20049.0,72.5602862254025,near_trigger,-50.56028622540251,29.946428571427532,True,True,False,False,True,stop,20178.946428571428,20179.196428571428,-30.196428571427532,0.0,-30.196428571427532,-1.0083482409063806,51.0,30.5,1.7030411449016691,1.0184853905784492,43,42.0,2,2024-07-17,4.069767441860465,0.9211726384364821,2.3333333333333335,strong_bearish,1.2317832738707142,2.0398813323819898,bearish,bearish,True,True,True,True
242,282436,282437,282440,2024-07-19 13:30:00+00:00,2024-07-19 13:31:00+00:00,2024-07-19 13:34:00+00:00,short,19853.75,19853.5,19853.25,19873.901785714286,19828.25,19803.25,19778.25,19753.25,72.23281460164769,near_trigger,-56.23281460164769,20.651785714286234,False,False,False,False,True,stop,19873.901785714286,19874.151785714286,-20.901785714286234,0.0,-20.901785714286234,-1.0121054907047122,17.25,54.75,0.8352788586251411,2.6511024643319696,4,3.0,0,2024-07-19,2.1789883268482493,2.2253275109170305,1.616778871051269,strong_bearish,7.542189351530257,1.1126784336419753,bearish,bearish,True,True,False,False
243,283820,283821,283833,2024-07-22 13:34:00+00:00,2024-07-22 13:35:00+00:00,2024-07-22 13:47:00+00:00,long,19911.25,19911.0,19911.25,19887.678571428572,19936.25,19961.25,19986.25,20011.25,70.02322406591799,near_trigger,26.023224065917987,23.571428571427532,True,True,True,True,False,tp4,20011.25,20011.0,99.75,0.0,99.75,4.231818181818368,113.25,3.5,4.804545454545666,0.14848484848485502,13,12.0,4,2024-07-22,2.784090909090909,2.327365728900256,2.1843971631205674,partial_bullish,3.0675085749922046,1.2790300823974907,bullish,bullish,False,True,False,False
244,285201,285202,285261,2024-07-23 13:35:00+00:00,2024-07-23 13:36:00+00:00,2024-07-23 14:35:00+00:00,long,19980.75,19980.5,19980.75,19959.26785714286,20005.75,20030.75,20055.75,20080.75,76.75191676350798,near_trigger,57.75191676350798,21.482142857141298,True,True,False,False,False,max_holding_time,20014.0,20013.75,33.0,0.0,33.0,1.5361596009976177,67.0,20.5,3.1188694929345573,0.9542809642560959,60,59.0,2,2024-07-23,1.5536159600997506,0.23030303030303031,0.7843137254901961,partial_bullish,2.4146530929310273,0.843262537926111,bullish,bullish,True,True,True,True
245,286584,286585,286644,2024-07-24 13:38:00+00:00,2024-07-24 13:39:00+00:00,2024-07-24 14:38:00+00:00,short,19547.0,19546.75,19546.5,19576.125,19521.5,19496.5,19471.5,19446.5,72.9900044550646,near_trigger,-44.99000445506459,29.625,True,True,True,False,False,max_holding_time,19459.5,19459.75,86.75,0.0,86.75,2.928270042194093,93.0,14.75,3.1392405063291138,0.4978902953586498,60,59.0,3,2024-07-24,3.3544303797468356,2.602065131056394,1.2486255345143555,strong_bearish,2.0622353984884727,1.4875055688307481,bearish,bearish,True,True,True,True
246,288001,288002,288002,2024-07-25 14:15:00+00:00,2024-07-25 14:16:00+00:00,2024-07-25 14:16:00+00:00,short,18940.5,18940.25,18940.0,18990.196428571428,18915.0,18890.0,18865.0,18840.0,70.0,near_trigger,-41.74762334783679,50.19642857142753,False,False,False,False,True,stop,18990.196428571428,18990.446428571428,-50.44642857142753,0.0,-50.44642857142753,-1.0049804340092494,2.75,51.0,0.05478477410174429,1.016008537886894,1,0.0,0,2024-07-25,0.29882604055496265,3.4593144560357674,4.1723886048210375,partial_bearish,1.1818964392852485,1.8855706485550674,bearish,bearish,False,True,True,True
247,289336,289337,289339,2024-07-26 13:30:00+00:00,2024-07-26 13:31:00+00:00,2024-07-26 13:33:00+00:00,long,19134.0,19133.5,19133.75,19116.339285714286,19158.75,19183.75,19208.75,19233.75,78.0,near_trigger,55.41837837837838,17.410714285713766,False,False,False,False,True,stop,19116.339285714286,19116.089285714286,-17.660714285713766,0.0,-17.660714285713766,-1.0143589743589747,21.25,21.75,1.220512820512857,1.2492307692308064,3,2.0,0,2024-07-26,4.113846153846153,0.23576583801122694,1.8278052223006354,strong_bearish,14.089145254326167,1.5588936659065988,bullish,bullish,True,True,True,False
248,289341,289342,289347,2024-07-26 13:35:00+00:00,2024-07-26 13:36:00+00:00,2024-07-26 13:41:00+00:00,long,19121.5,19121.0,19121.25,19090.79464285714,19146.25,19171.25,19196.25,19221.25,73.99060965631254,near_trigger,39.99060965631254,30.455357142858702,False,False,False,False,True,stop,19090.79464285714,19090.54464285714,-30.705357142858702,0.0,-30.705357142858702,-1.008208736440926,23.0,30.5,0.7552037525651915,1.0014658457929713,6,5.0,0,2024-07-26,0.6156552330694811,2.79625918503674,1.8278052223006354,strong_bearish,2.896025967451348,1.283116951657167,bullish,bullish,True,True,False,False
249,290725,290726,290758,2024-07-29 13:39:00+00:00,2024-07-29 13:40:00+00:00,2024-07-29 14:12:00+00:00,long,19313.0,19312.5,19312.75,19277.285714285714,19337.75,19362.75,19387.75,19412.75,72.64773413897281,near_trigger,26.647734138972808,35.464285714286234,True,True,False,False,True,stop,19277.285714285714,19277.035714285714,-35.714285714286234,0.0,-35.714285714286234,-1.0070493454179255,64.5,44.25,1.8187311178247467,1.2477341389727914,33,32.0,2,2024-07-29,2.3051359516616317,1.5528169014084507,0.28506787330316746,partial_bearish,2.1169036334913116,1.5401922183365533,neutral,bullish,True,True,True,True
250,292133,292134,292137,2024-07-30 14:07:00+00:00,2024-07-30 14:08:00+00:00,2024-07-30 14:11:00+00:00,long,19229.0,19229.25,19229.5,19195.85714285714,19254.5,19279.5,19304.5,19329.5,72.21528662420383,near_trigger,18.215286624203827,33.6428571428587,False,False,False,False,True,stop,19195.85714285714,19195.60714285714,-33.8928571428587,0.0,-33.8928571428587,-1.0074309978768574,3.5,37.0,0.10403397027600367,1.099787685774896,4,3.0,0,2024-07-30,2.407643312101911,3.3567251461988303,1.8858447488584473,partial_bearish,1.3645190725388197,1.6086944528728657,neutral,bullish,True,False,False,False
251,293477,293478,293480,2024-07-31 13:31:00+00:00,2024-07-31 13:32:00+00:00,2024-07-31 13:34:00+00:00,long,19344.5,19344.25,19344.5,19327.0625,19369.5,19394.5,19419.5,19444.5,78.0,near_trigger,32.0,17.4375,False,False,False,False,True,stop,19327.0625,19326.8125,-17.6875,0.0,-17.6875,-1.014336917562724,9.5,34.0,0.5448028673835126,1.949820788530466,3,2.0,0,2024-07-31,1.5698924731182795,0.8477292965271594,3.9637023593466427,partial_bullish,7.9187904472825155,1.6846889106848044,bullish,bullish,True,True,True,True
252,293481,293482,293513,2024-07-31 13:35:00+00:00,2024-07-31 13:36:00+00:00,2024-07-31 14:07:00+00:00,long,19338.75,19338.75,19339.0,19311.0625,19364.0,19389.0,19414.0,19439.0,85.41433854387626,high_probability,51.414338543876255,27.9375,True,True,True,True,False,tp4,19439.0,19438.75,99.75,0.0,99.75,3.5704697986577183,100.0,19.0,3.5794183445190155,0.680089485458613,32,31.0,4,2024-07-31,1.221476510067114,2.1865724381625444,3.9637023593466427,partial_bearish,2.9747375888388223,1.4779231798453154,bullish,bullish,True,True,True,True
253,294857,294858,294864,2024-08-01 13:31:00+00:00,2024-08-01 13:32:00+00:00,2024-08-01 13:38:00+00:00,short,19544.75,19545.0,19544.75,19564.973214285714,19519.75,19494.75,19469.75,19444.75,78.0,near_trigger,-68.45559292279106,20.223214285713766,True,False,False,False,True,stop,19564.973214285714,19565.223214285714,-20.473214285713766,0.0,-20.473214285713766,-1.0123620309050776,39.75,21.75,1.9655629139073352,1.0754966887417494,7,6.0,1,2024-08-01,0.6119205298013245,2.651810584958217,1.9919839679358715,partial_bearish,6.868522043936784,1.3437538796237727,bearish,bearish,True,True,True,False
254,294908,294909,294932,2024-08-01 14:22:00+00:00,2024-08-01 14:23:00+00:00,2024-08-01 14:46:00+00:00,short,19471.75,19471.75,19471.5,19518.991071428572,19446.5,19421.5,19396.5,19371.5,86.0,high_probability,-60.0,47.49107142857247,True,True,True,True,False,tp4,19371.5,19371.75,99.75,0.0,99.75,2.1003948110546635,103.0,42.75,2.168828727204314,0.900169204737713,24,23.0,4,2024-08-01,2.684715172024817,1.7632623601587876,0.3810483870967742,strong_bearish,1.467078092892188,2.162114172412773,bearish,bearish,True,True,True,True
255,296236,296237,296245,2024-08-02 13:30:00+00:00,2024-08-02 13:31:00+00:00,2024-08-02 13:39:00+00:00,short,18635.5,18635.0,18634.75,18670.64285714286,18609.75,18584.75,18559.75,18534.75,71.62396822451007,near_trigger,-59.623968224510065,35.8928571428587,True,True,True,False,True,stop,18670.64285714286,18670.89285714286,-36.1428571428587,0.0,-36.1428571428587,-1.0069651741293528,93.0,85.25,2.5910447761192903,2.3751243781093496,9,8.0,3,2024-08-02,0.6686567164179105,1.3492966177791081,0.7448425624321389,partial_bullish,5.500213897207114,1.3844378925778746,bearish,bearish,True,True,False,False
256,296247,296248,296253,2024-08-02 13:41:00+00:00,2024-08-02 13:42:00+00:00,2024-08-02 13:47:00+00:00,short,18727.25,18727.75,18727.5,18792.991071428572,18702.5,18677.5,18652.5,18627.5,71.66182171712092,near_trigger,-49.661821717120915,65.49107142857247,True,True,True,True,False,tp4,18627.5,18627.75,99.75,0.0,99.75,1.5231083844580535,106.0,5.0,1.6185412406271045,0.07634628493524077,6,5.0,4,2024-08-02,2.450715746421268,1.1754989676531316,0.7448425624321389,partial_bullish,1.590196981479664,1.5661226159051196,bearish,bearish,True,True,False,False
257,297620,297621,297622,2024-08-05 13:34:00+00:00,2024-08-05 13:35:00+00:00,2024-08-05 13:36:00+00:00,short,17677.25,17678.25,17678.0,17749.89285714286,17653.0,17628.0,17603.0,17578.0,77.58092399403874,near_trigger,-77.58092399403874,71.8928571428587,True,False,False,False,True,stop,17749.89285714286,17750.14285714286,-72.1428571428587,0.0,-72.1428571428587,-1.0034773969200197,32.75,83.25,0.4555389965225932,1.157973174366592,2,1.0,1,2024-08-05,2.357675111773472,0.4308855291576674,0.10041954256326971,partial_bearish,2.46149727848666,1.7262288414004567,bearish,bearish,True,True,True,False
258,297647,297648,297651,2024-08-05 14:01:00+00:00,2024-08-05 14:02:00+00:00,2024-08-05 14:05:00+00:00,long,18102.25,18102.0,18102.25,18019.535714285714,18127.25,18152.25,18177.25,18202.25,71.16295336787564,near_trigger,25.162953367875645,82.71428571428623,False,False,False,False,True,stop,18019.535714285714,18019.285714285714,-82.96428571428623,0.0,-82.96428571428623,-1.0030224525043179,10.25,88.5,0.12392055267702859,1.0699481865284908,4,3.0,0,2024-08-05,3.5770725388601035,1.7861163227016887,2.2836543877436073,strong_bullish,1.7377434519811954,1.6321703134240095,neutral,bullish,False,True,True,False
259,299000,299001,299008,2024-08-06 13:34:00+00:00,2024-08-06 13:35:00+00:00,2024-08-06 13:42:00+00:00,short,18112.0,18111.0,18110.75,18159.58035714286,18085.75,18060.75,18035.75,18010.75,76.2802678619389,near_trigger,-18.280267861938896,48.8303571428587,True,True,True,True,False,tp4,18010.75,18011.0,99.75,0.0,99.75,2.042786615468942,135.0,20.25,2.7646736149203726,0.4147010422380559,8,7.0,4,2024-08-06,1.067471201316511,0.4819277108433735,1.4212368728121354,partial_bearish,3.019127472815407,1.1003348274236193,neutral,bearish,True,True,True,False
260,301759,301760,301763,2024-08-08 13:33:00+00:00,2024-08-08 13:34:00+00:00,2024-08-08 13:37:00+00:00,long,18194.75,18194.75,18195.0,18160.901785714286,18220.0,18245.0,18270.0,18295.0,70.18050767039401,near_trigger,62.18050767039401,34.098214285713766,True,False,False,False,True,stop,18160.901785714286,18160.651785714286,-34.348214285713766,0.0,-34.348214285713766,-1.0073317622414246,34.75,38.0,1.019114951558015,1.1144278606965343,4,3.0,1,2024-08-08,1.5616653574234092,0.826148409893993,4.118935837245696,partial_bullish,2.6734662339669293,0.7649451715599576,bullish,bullish,True,False,False,False
261,301803,301804,301806,2024-08-08 14:17:00+00:00,2024-08-08 14:18:00+00:00,2024-08-08 14:20:00+00:00,long,18349.0,18348.75,18349.0,18306.035714285714,18374.0,18399.0,18424.0,18449.0,73.45139346166928,near_trigger,51.451393461669284,42.964285714286234,False,False,False,False,True,stop,18306.035714285714,18305.785714285714,-43.214285714286234,0.0,-43.214285714286234,-1.0058187863674146,0.75,46.0,0.01745635910224418,1.0706566916043097,3,2.0,0,2024-08-08,2.330423940149626,3.2329157175398633,1.949658903787344,strong_bullish,0.8898811616623304,0.8497779866875949,bullish,bullish,False,True,True,False
262,301814,301815,301858,2024-08-08 14:28:00+00:00,2024-08-08 14:29:00+00:00,2024-08-08 15:12:00+00:00,long,18368.5,18368.0,18368.25,18328.6875,18393.25,18418.25,18443.25,18468.25,71.35641394089598,near_trigger,41.356413940895976,39.5625,True,True,False,False,True,stop,18328.6875,18328.4375,-39.8125,0.0,-39.8125,-1.0063191153238547,70.0,40.25,1.7693522906793049,1.0173775671406002,44,43.0,2,2024-08-08,2.085308056872038,1.8518916018245237,1.949658903787344,strong_bullish,1.1085048243174618,0.8874605540820475,bullish,bullish,False,False,True,True
263,304516,304517,304517,2024-08-12 13:30:00+00:00,2024-08-12 13:31:00+00:00,2024-08-12 13:31:00+00:00,long,18662.75,18662.75,18663.0,18647.89285714286,18688.0,18713.0,18738.0,18763.0,76.83694059452144,near_trigger,76.83694059452144,15.107142857141298,False,False,False,False,True,stop,18647.89285714286,18647.64285714286,-15.357142857141298,0.0,-15.357142857141298,-1.0165484633569757,3.25,29.5,0.21513002364068415,1.952718676123133,1,0.0,0,2024-08-12,0.04964539007092199,1.779527559055118,0.8873974645786725,partial_bearish,8.204696810375044,0.5461757431518036,bullish,bullish,True,True,True,False
264,304544,304545,304559,2024-08-12 13:58:00+00:00,2024-08-12 13:59:00+00:00,2024-08-12 14:13:00+00:00,long,18548.0,18548.25,18548.5,18511.9375,18573.5,18598.5,18623.5,18648.5,71.49230769230769,near_trigger,63.49230769230769,36.5625,True,True,True,True,False,tp4,18648.5,18648.25,99.75,0.0,99.75,2.7282051282051283,106.0,17.25,2.899145299145299,0.4717948717948718,15,14.0,4,2024-08-12,0.9333333333333333,2.2361715351149782,4.1786133960047005,strong_bearish,1.1614818658076975,1.5495395027783654,bullish,bullish,True,True,False,False
265,305900,305901,305907,2024-08-13 13:34:00+00:00,2024-08-13 13:35:00+00:00,2024-08-13 13:41:00+00:00,long,18864.0,18863.5,18863.75,18839.75,18888.75,18913.75,18938.75,18963.75,74.0,near_trigger,38.7519483544716,24.0,False,False,False,False,True,stop,18839.75,18839.5,-24.25,0.0,-24.25,-1.0104166666666667,12.5,27.0,0.5208333333333334,1.125,7,6.0,0,2024-08-13,2.625,0.45841519318926,1.7256719184430027,strong_bullish,3.778082623068793,1.0131895569104956,bullish,bullish,True,True,True,False
266,305908,305909,305968,2024-08-13 13:42:00+00:00,2024-08-13 13:43:00+00:00,2024-08-13 14:42:00+00:00,long,18847.0,18847.0,18847.25,18815.401785714286,18872.25,18897.25,18922.25,18947.25,71.2688611191888,near_trigger,49.2688611191888,31.848214285713766,True,True,False,False,False,max_holding_time,18901.25,18901.0,53.75,0.0,53.75,1.687692738996383,74.75,1.5,2.347070367255435,0.04709840201850371,60,59.0,2,2024-08-13,0.7300252312867956,1.4022617124394186,1.7256719184430027,partial_bullish,1.907888784044052,1.0454960793897021,bullish,bullish,True,True,False,True
267,307281,307282,307287,2024-08-14 13:35:00+00:00,2024-08-14 13:36:00+00:00,2024-08-14 13:41:00+00:00,long,19117.75,19118.0,19118.25,19088.678571428572,19143.25,19168.25,19193.25,19218.25,72.09145169168063,near_trigger,38.09145169168063,29.571428571427532,False,False,False,False,True,stop,19088.678571428572,19088.428571428572,-29.821428571427532,0.0,-29.821428571427532,-1.0084541062801935,13.0,32.75,0.43961352657006375,1.107487922705353,6,5.0,0,2024-08-14,2.269927536231884,0.7444952222683839,1.1191335740072201,partial_bearish,4.401082923894515,1.3461986725718,bullish,bullish,True,True,False,False
268,307332,307333,307335,2024-08-14 14:26:00+00:00,2024-08-14 14:27:00+00:00,2024-08-14 14:29:00+00:00,short,18984.0,18984.5,18984.25,19010.79464285714,18959.25,18934.25,18909.25,18884.25,77.47253011047795,near_trigger,-57.47253011047795,26.544642857141298,False,False,False,False,True,stop,19010.79464285714,19011.04464285714,-26.794642857141298,0.0,-26.794642857141298,-1.009418096199126,9.0,30.25,0.33905146316853657,1.1395896400942478,3,2.0,0,2024-08-14,0.7769929364278506,0.37606837606837606,2.739845585767036,strong_bearish,1.2001108056851841,1.073508248591878,bearish,bearish,True,True,True,False
269,311441,311442,311463,2024-08-19 13:55:00+00:00,2024-08-19 13:56:00+00:00,2024-08-19 14:17:00+00:00,long,19586.0,19586.25,19586.5,19558.375,19611.5,19636.5,19661.5,19686.5,74.95492626509791,near_trigger,63.95492626509791,28.125,True,False,False,False,True,stop,19558.375,19558.125,-28.375,0.0,-28.375,-1.008888888888889,39.0,41.0,1.3866666666666667,1.4577777777777778,22,21.0,1,2024-08-19,0.8666666666666667,0.9116279069767442,1.1458333333333333,strong_bearish,0.9935139259824495,0.7943504720650366,bullish,bullish,True,False,True,False
270,312837,312838,312865,2024-08-20 14:11:00+00:00,2024-08-20 14:12:00+00:00,2024-08-20 14:39:00+00:00,short,19862.25,19862.25,19862.0,19886.29464285714,19837.0,19812.0,19787.0,19762.0,85.85783938385948,high_probability,-67.85783938385948,24.294642857141298,True,True,True,True,False,tp4,19762.0,19762.25,99.75,0.0,99.75,4.105843439912061,100.5,6.5,4.13671444321967,0.2675486953326155,28,27.0,4,2024-08-20,1.9448732083792721,1.3989481592787378,2.644556596971882,partial_bullish,1.81957262004639,1.322299229824357,bearish,bearish,True,True,True,True
271,314180,314181,314182,2024-08-21 13:34:00+00:00,2024-08-21 13:35:00+00:00,2024-08-21 13:36:00+00:00,short,19820.25,19821.0,19820.75,19835.616071428572,19795.75,19770.75,19745.75,19720.75,72.39595656072858,near_trigger,-26.395956560728578,14.866071428572468,False,False,False,False,True,stop,19835.616071428572,19835.866071428572,-15.116071428572468,0.0,-15.116071428572468,-1.0168168168168157,7.5,24.75,0.5045045045044693,1.6648648648647484,2,1.0,0,2024-08-21,2.2450450450450448,0.5523520485584219,0.43664717348927873,partial_bearish,3.7357300764686694,0.6503511063161282,neutral,bearish,True,True,True,False
272,315561,315562,315572,2024-08-22 13:35:00+00:00,2024-08-22 13:36:00+00:00,2024-08-22 13:46:00+00:00,long,19985.75,19985.75,19986.0,19964.14285714286,20011.0,20036.0,20061.0,20086.0,78.0,near_trigger,57.987644216363535,21.857142857141298,False,False,False,False,True,stop,19964.14285714286,19963.89285714286,-22.107142857141298,0.0,-22.107142857141298,-1.0114379084967329,21.5,22.0,0.9836601307190244,1.00653594771249,11,10.0,0,2024-08-22,2.556372549019608,0.6975524475524476,0.9984152139461173,partial_bullish,3.6251529699708183,1.0177800976550886,bullish,bullish,True,True,True,False
273,315610,315611,315616,2024-08-22 14:24:00+00:00,2024-08-22 14:25:00+00:00,2024-08-22 14:30:00+00:00,long,19918.25,19918.5,19918.75,19890.14285714286,19943.75,19968.75,19993.75,20018.75,80.77244416432148,high_probability,72.77244416432148,28.607142857141298,False,False,False,False,True,stop,19890.14285714286,19889.89285714286,-28.857142857141298,0.0,-28.857142857141298,-1.008739076154807,13.25,33.5,0.4631710362047693,1.1710362047441338,6,5.0,0,2024-08-22,1.2322097378277153,2.9453551912568305,2.1123829344432883,partial_bearish,0.9391446850083516,0.9131207484730252,bullish,bullish,True,True,True,False
274,322458,322459,322482,2024-08-29 13:32:00+00:00,2024-08-29 13:33:00+00:00,2024-08-29 13:56:00+00:00,long,19546.5,19545.5,19545.75,19520.491071428572,19570.75,19595.75,19620.75,19645.75,70.37686010385102,near_trigger,44.376860103851016,25.258928571427532,True,True,True,True,False,tp4,19645.75,19645.5,99.75,0.0,99.75,3.949098621421159,105.75,13.0,4.186638388123184,0.5146694945210534,24,23.0,4,2024-08-29,4.335100742311771,1.1403636363636365,1.037037037037037,strong_bullish,5.711959524294147,1.3085618742464311,bullish,bullish,False,True,True,False
275,323840,323841,323843,2024-08-30 13:34:00+00:00,2024-08-30 13:35:00+00:00,2024-08-30 13:37:00+00:00,long,19537.0,19537.25,19537.5,19514.866071428572,19562.5,19587.5,19612.5,19637.5,70.10136092879846,near_trigger,36.10136092879846,22.633928571427532,False,False,False,False,True,stop,19514.866071428572,19514.616071428572,-22.883928571427532,0.0,-22.883928571427532,-1.0110453648915192,25.0,24.5,1.1045364891519245,1.082445759368886,3,2.0,0,2024-08-30,1.4911242603550297,1.8633540372670807,0.13145539906103287,partial_bullish,2.9296723937903986,0.8042159538974826,bullish,bullish,False,True,True,False
276,323851,323852,323856,2024-08-30 13:45:00+00:00,2024-08-30 13:46:00+00:00,2024-08-30 13:50:00+00:00,long,19581.25,19581.25,19581.5,19544.883928571428,19606.5,19631.5,19656.5,19681.5,70.87584634278802,near_trigger,69.87584634278802,36.61607142857247,False,False,False,False,True,stop,19544.883928571428,19544.633928571428,-36.86607142857247,0.0,-36.86607142857247,-1.0068276030236525,3.5,50.5,0.09558644233113603,1.3791758107778198,5,4.0,0,2024-08-30,1.5771762984637894,0.2760027192386132,0.28976936723832053,strong_bullish,1.3979635665378105,0.7581217543811573,bullish,bullish,True,True,True,True
277,326373,326374,326399,2024-09-03 13:47:00+00:00,2024-09-03 13:48:00+00:00,2024-09-03 14:13:00+00:00,short,19396.5,19396.75,19396.5,19435.178571428572,19371.5,19346.5,19321.5,19296.5,70.0,near_trigger,-57.65984861220948,38.67857142857247,True,True,True,True,False,tp4,19296.5,19296.75,99.75,0.0,99.75,2.5789473684209834,100.5,23.75,2.5983379501384345,0.6140350877192817,26,25.0,4,2024-09-03,1.2119113573407203,3.469182389937107,2.860143198090692,partial_bearish,0.9130204507013377,0.9643076256811866,bearish,bearish,True,True,False,False
278,329120,329121,329121,2024-09-05 13:34:00+00:00,2024-09-05 13:35:00+00:00,2024-09-05 13:35:00+00:00,short,18912.5,18912.25,18912.0,18937.339285714286,18887.0,18862.0,18837.0,18812.0,70.08176005435963,near_trigger,-29.081760054359634,25.339285714286234,False,False,False,False,True,stop,18937.339285714286,18937.589285714286,-25.589285714286234,0.0,-25.589285714286234,-1.0098661028893585,4.75,43.5,0.18745595489781153,1.7167019027483792,1,0.0,0,2024-09-05,1.4503171247357294,0.36406619385342787,0.5318077803203661,partial_bearish,2.825040128410915,0.9663649728121292,neutral,bearish,True,True,True,False
279,329166,329167,329191,2024-09-05 14:20:00+00:00,2024-09-05 14:21:00+00:00,2024-09-05 14:45:00+00:00,long,19085.0,19084.5,19084.75,19049.285714285714,19109.75,19134.75,19159.75,19184.75,77.41622266666647,near_trigger,71.41622266666647,35.464285714286234,True,True,False,False,True,stop,19049.285714285714,19049.035714285714,-35.714285714286234,0.0,-35.714285714286234,-1.0070493454179255,65.5,51.5,1.8469284994964483,1.4521651560926272,25,24.0,2,2024-09-05,2.283987915407855,0.46596858638743455,2.5675923100396703,strong_bullish,0.9266909396443075,1.3095532578043834,bullish,bullish,True,True,True,False
280,331925,331926,331927,2024-09-09 14:19:00+00:00,2024-09-09 14:20:00+00:00,2024-09-09 14:21:00+00:00,long,18652.75,18652.25,18652.5,18626.35714285714,18677.5,18702.5,18727.5,18752.5,88.0,high_probability,70.95819672131148,26.142857142858702,False,False,False,False,True,stop,18626.35714285714,18626.10714285714,-26.392857142858702,0.0,-26.392857142858702,-1.0095628415300542,4.5,27.0,0.17213114754097333,1.03278688524584,2,1.0,0,2024-09-09,2.6250000000000004,1.8359375,2.5609756097560976,partial_bullish,1.9778586632073454,1.9790550843719674,bullish,bullish,True,True,True,False
281,333243,333244,333244,2024-09-10 13:33:00+00:00,2024-09-10 13:34:00+00:00,2024-09-10 13:34:00+00:00,long,18793.0,18793.25,18793.5,18773.866071428572,18818.5,18843.5,18868.5,18893.5,74.0,near_trigger,54.18624256877036,19.633928571427532,False,False,False,False,True,stop,18773.866071428572,18773.616071428572,-19.883928571427532,0.0,-19.883928571427532,-1.012733060482038,3.5,31.5,0.1782628467485315,1.6043656207367833,1,0.0,0,2024-09-10,2.559345156889495,0.12420785804816224,1.0482673267326732,partial_bullish,3.234712950600801,1.017196789037047,bullish,bullish,True,True,True,True
282,333246,333247,333283,2024-09-10 13:36:00+00:00,2024-09-10 13:37:00+00:00,2024-09-10 14:13:00+00:00,long,18742.25,18742.5,18742.75,18715.5625,18767.75,18792.75,18817.75,18842.75,78.0,near_trigger,45.95724137931035,27.1875,True,True,False,False,True,stop,18715.5625,18715.3125,-27.4375,0.0,-27.4375,-1.0091954022988505,73.75,37.75,2.7126436781609193,1.3885057471264368,37,36.0,2,2024-09-10,3.1310344827586207,0.9153846153846154,1.0482673267326732,partial_bullish,2.991625256281058,1.6312957137984614,bullish,bullish,True,True,True,False
283,333284,333285,333344,2024-09-10 14:14:00+00:00,2024-09-10 14:15:00+00:00,2024-09-10 15:14:00+00:00,long,18710.75,18711.25,18711.5,18672.446428571428,18736.5,18761.5,18786.5,18811.5,82.3679012345679,high_probability,60.367901234567896,39.05357142857247,True,True,True,False,False,max_holding_time,18741.75,18741.5,30.0,0.0,30.0,0.7681755829903774,77.75,38.0,1.9908550525833946,0.9730224051211447,60,59.0,3,2024-09-10,3.274348422496571,0.7511563367252545,0.00673076923076923,partial_bearish,1.3958250383937205,1.9315664601441536,bullish,bullish,True,False,True,False
284,336001,336002,336002,2024-09-12 13:31:00+00:00,2024-09-12 13:32:00+00:00,2024-09-12 13:32:00+00:00,short,19213.25,19213.75,19213.5,19232.116071428572,19188.5,19163.5,19138.5,19113.5,73.97756016093524,near_trigger,-35.97756016093524,18.616071428572468,False,False,False,False,True,stop,19232.116071428572,19232.366071428572,-18.866071428572468,0.0,-18.866071428572468,-1.0134292565947234,2.75,26.25,0.14772182254195818,1.4100719424459645,1,0.0,0,2024-09-12,4.431654676258993,0.5325530358449159,1.4887892376681615,strong_bearish,8.043640587405626,1.471950201169058,bearish,bearish,True,True,False,False
285,337438,337439,337440,2024-09-13 14:28:00+00:00,2024-09-13 14:29:00+00:00,2024-09-13 14:30:00+00:00,long,19481.0,19480.5,19480.75,19453.160714285714,19505.75,19530.75,19555.75,19580.75,72.0,near_trigger,58.15340703662285,27.589285714286234,False,False,False,False,True,stop,19453.160714285714,19452.910714285714,-27.839285714286234,0.0,-27.839285714286234,-1.009061488673139,4.0,52.5,0.14498381877022382,1.9029126213591874,2,1.0,0,2024-09-13,1.4951456310679612,1.4417520969245108,1.0991444388525415,partial_bullish,1.4555541616136272,1.3441635343185212,bullish,bullish,True,False,True,False
286,339723,339724,339724,2024-09-17 13:33:00+00:00,2024-09-17 13:34:00+00:00,2024-09-17 13:34:00+00:00,long,19793.75,19793.75,19794.0,19774.125,19819.0,19844.0,19869.0,19894.0,73.0,near_trigger,57.27072023461377,19.875,False,False,False,False,True,stop,19774.125,19773.875,-20.125,0.0,-20.125,-1.0125786163522013,1.0,23.5,0.050314465408805034,1.1823899371069182,1,0.0,0,2024-09-17,0.3584905660377358,0.5571428571428572,0.9355877616747182,partial_bullish,3.4645126952819263,0.911599706732789,bullish,bullish,True,True,True,True
287,339726,339727,339728,2024-09-17 13:36:00+00:00,2024-09-17 13:37:00+00:00,2024-09-17 13:38:00+00:00,long,19787.75,19787.5,19787.75,19762.410714285714,19812.75,19837.75,19862.75,19887.75,85.61906353359943,high_probability,84.61906353359943,25.339285714286234,False,False,False,False,True,stop,19762.410714285714,19762.160714285714,-25.589285714286234,0.0,-25.589285714286234,-1.0098661028893585,6.25,31.25,0.24665257223396253,1.2332628611698127,2,1.0,0,2024-09-17,1.5243128964059196,1.7884940778341794,0.9355877616747182,partial_bearish,2.1207280675942664,0.9249922076969619,bullish,bullish,True,True,True,False
288,339740,339741,339743,2024-09-17 13:50:00+00:00,2024-09-17 13:51:00+00:00,2024-09-17 13:53:00+00:00,long,19757.75,19757.75,19758.0,19726.258928571428,19783.0,19808.0,19833.0,19858.0,71.48038341540395,near_trigger,58.48038341540395,31.741071428572468,False,False,False,False,True,stop,19726.258928571428,19726.008928571428,-31.991071428572468,0.0,-31.991071428572468,-1.0078762306610405,2.75,35.5,0.08663853727144583,1.1184247538677552,3,2.0,0,2024-09-17,1.5004219409282702,1.7644411102775694,0.3781228899392302,partial_bearish,1.5753191752449842,1.3418294802253936,bullish,bullish,True,False,False,False
289,339752,339753,339812,2024-09-17 14:02:00+00:00,2024-09-17 14:03:00+00:00,2024-09-17 15:02:00+00:00,long,19771.5,19771.75,19772.0,19740.553571428572,19797.0,19822.0,19847.0,19872.0,70.7961361998756,near_trigger,69.7961361998756,31.446428571427532,True,True,True,False,False,max_holding_time,19784.25,19784.0,12.0,0.0,12.0,0.38160136286202284,78.5,27.0,2.496308915389066,0.8586030664395514,60,59.0,3,2024-09-17,1.0374787052810903,0.3994927076727965,0.6463878326996197,partial_bearish,1.0873243741880547,1.0323918113500907,bullish,bullish,True,False,True,False
290,341104,341105,341131,2024-09-18 13:34:00+00:00,2024-09-18 13:35:00+00:00,2024-09-18 14:01:00+00:00,short,19697.75,19698.0,19697.75,19714.70535714286,19672.75,19647.75,19622.75,19597.75,73.52997193067395,near_trigger,-35.52997193067395,16.955357142858702,True,False,False,False,True,stop,19714.70535714286,19714.95535714286,-17.205357142858702,0.0,-17.205357142858702,-1.0147446024223261,30.75,17.25,1.8135860979461207,1.0173775671405068,27,26.0,1,2024-09-18,2.919431279620853,0.043410852713178294,3.0514631685166496,partial_bearish,4.264346538319141,0.9957982466757733,neutral,bearish,True,True,True,False
291,342484,342485,342487,2024-09-19 13:34:00+00:00,2024-09-19 13:35:00+00:00,2024-09-19 13:37:00+00:00,long,20024.75,20025.75,20026.0,20007.51785714286,20051.0,20076.0,20101.0,20126.0,76.0,near_trigger,23.824331223195585,18.482142857141298,False,False,False,False,True,stop,20007.51785714286,20007.26785714286,-18.732142857141298,0.0,-18.732142857141298,-1.0135265700483103,2.75,22.25,0.14879227053141353,1.2038647342996185,3,2.0,0,2024-09-19,2.252173913043478,3.402677651905252,1.841816758026625,partial_bullish,2.341845824919824,0.8478468405707356,bullish,bullish,True,False,False,False
292,345242,345243,345302,2024-09-23 13:32:00+00:00,2024-09-23 13:33:00+00:00,2024-09-23 14:32:00+00:00,long,20041.75,20041.75,20042.0,20026.116071428572,20067.0,20092.0,20117.0,20142.0,78.0,near_trigger,47.89836157065976,15.883928571427532,True,True,True,False,False,max_holding_time,20100.5,20100.25,58.25,0.0,58.25,3.667228780213843,78.25,10.25,4.926363125351643,0.6453063518831226,60,59.0,3,2024-09-23,2.5261382799325465,1.0637254901960784,0.1360323886639676,partial_bearish,5.939994957559458,1.127048036675304,bullish,bullish,True,True,True,True
293,350762,350763,350765,2024-09-27 13:32:00+00:00,2024-09-27 13:33:00+00:00,2024-09-27 13:35:00+00:00,long,20353.75,20353.25,20353.5,20337.053571428572,20378.5,20403.5,20428.5,20453.5,71.5492125591641,near_trigger,51.549212559164104,16.446428571427532,False,False,False,False,True,stop,20337.053571428572,20336.803571428572,-16.696428571427532,0.0,-16.696428571427532,-1.015200868621065,15.75,19.25,0.9576547231270963,1.1704668838220067,3,2.0,0,2024-09-27,1.8469055374592835,0.10457516339869281,0.8950276243093923,partial_bearish,4.183193771117966,0.9104570670333008,bullish,bullish,True,False,False,False
294,352155,352156,352195,2024-09-30 13:45:00+00:00,2024-09-30 13:46:00+00:00,2024-09-30 14:25:00+00:00,short,20238.75,20238.75,20238.5,20264.401785714286,20213.5,20188.5,20163.5,20138.5,71.9256635517045,near_trigger,-71.9256635517045,25.901785714286234,True,True,True,True,False,tp4,20138.5,20138.75,99.75,0.0,99.75,3.851085832471484,111.0,23.75,4.285418821096088,0.9169251982074963,40,39.0,4,2024-09-30,0.13029989658738367,3.632432432432432,2.7349943374858436,partial_bullish,1.6272604991780002,1.104080473756794,bearish,bearish,True,True,False,False
295,353573,353574,353581,2024-10-01 14:23:00+00:00,2024-10-01 14:24:00+00:00,2024-10-01 14:31:00+00:00,short,19969.75,19970.0,19969.75,20010.464285714286,19944.75,19919.75,19894.75,19869.75,74.0,near_trigger,-48.31421052631579,40.714285714286234,True,True,True,True,False,tp4,19869.75,19870.0,99.75,0.0,99.75,2.4499999999999686,101.5,6.5,2.492982456140319,0.15964912280701551,8,7.0,4,2024-10-01,1.556578947368421,1.4464944649446496,6.460034904013962,partial_bearish,1.2446815474242325,1.9438516682213731,bearish,bearish,False,False,True,True
296,354907,354908,354909,2024-10-02 13:37:00+00:00,2024-10-02 13:38:00+00:00,2024-10-02 13:39:00+00:00,long,19905.5,19905.75,19906.0,19877.285714285714,19931.0,19956.0,19981.0,20006.0,73.0,near_trigger,36.633816539342696,28.714285714286234,False,False,False,False,True,stop,19877.285714285714,19877.035714285714,-28.964285714286234,0.0,-28.964285714286234,-1.0087064676616915,3.5,32.75,0.12189054726367939,1.1405472636815714,2,1.0,0,2024-10-02,2.8078358208955225,0.017902813299232736,0.1431111111111111,partial_bearish,2.06831030884483,1.0827293258216268,bullish,bullish,True,True,True,False
297,354918,354919,354962,2024-10-02 13:48:00+00:00,2024-10-02 13:49:00+00:00,2024-10-02 14:32:00+00:00,long,19914.75,19915.0,19915.25,19877.5625,19940.25,19965.25,19990.25,20015.25,86.2,high_probability,64.2,37.6875,True,True,True,True,False,tp4,20015.25,20015.0,99.75,0.0,99.75,2.646766169154229,101.75,24.0,2.69983416252073,0.6368159203980099,44,43.0,4,2024-10-02,2.746268656716418,2.975810602161606,2.0128983308042487,partial_bearish,1.8471764013131893,2.233666920270771,bullish,bullish,True,True,False,False
298,356281,356282,356305,2024-10-03 13:31:00+00:00,2024-10-03 13:32:00+00:00,2024-10-03 13:55:00+00:00,long,19926.5,19926.0,19926.25,19905.70535714286,19951.25,19976.25,20001.25,20026.25,80.77804225199785,high_probability,68.77804225199785,20.544642857141298,True,True,True,True,False,tp4,20026.25,20026.0,99.75,0.0,99.75,4.8552803129078,108.75,3.25,5.2933507170799325,0.15819209039549223,24,23.0,4,2024-10-03,0.8578878748370274,0.6363636363636364,2.111533586818758,partial_bearish,6.038651249292472,1.1035828019594949,bullish,bullish,True,True,True,False
299,356315,356316,356323,2024-10-03 14:05:00+00:00,2024-10-03 14:06:00+00:00,2024-10-03 14:13:00+00:00,long,20096.25,20096.25,20096.5,20064.35714285714,20121.5,20146.5,20171.5,20196.5,76.92533333333333,near_trigger,48.92533333333333,32.1428571428587,False,False,False,False,True,stop,20064.35714285714,20064.10714285714,-32.3928571428587,0.0,-32.3928571428587,-1.0077777777777774,18.5,88.75,0.5755555555555276,2.7611111111109774,8,7.0,0,2024-10-03,1.971666666666667,3.630434782608696,1.811764705882353,strong_bullish,1.630332174627678,1.5770871157998776,bullish,bullish,False,True,True,False
300,360442,360443,360485,2024-10-08 13:52:00+00:00,2024-10-08 13:53:00+00:00,2024-10-08 14:35:00+00:00,long,20117.5,20117.5,20117.75,20090.348214285714,20142.75,20167.75,20192.75,20217.75,76.25955985372501,near_trigger,56.25955985372501,27.401785714286234,True,True,True,True,False,tp4,20217.75,20217.5,99.75,0.0,99.75,3.640273704789765,100.0,0.25,3.6493971977842254,0.009123492994460563,43,42.0,4,2024-10-08,1.5053763440860215,0.9223826714801444,1.2736389684813754,strong_bullish,1.2346674219481908,1.32298354149644,bullish,bullish,True,False,True,False
301,363230,363231,363254,2024-10-10 14:20:00+00:00,2024-10-10 14:21:00+00:00,2024-10-10 14:44:00+00:00,short,20390.0,20390.5,20390.25,20413.39285714286,20365.25,20340.25,20315.25,20290.25,70.54968823470465,near_trigger,-64.54968823470465,23.142857142858702,True,False,False,False,True,stop,20413.39285714286,20413.64285714286,-23.392857142858702,0.0,-23.392857142858702,-1.0108024691358017,30.0,28.25,1.296296296296209,1.2206790123455968,24,23.0,1,2024-10-10,1.4421296296296295,1.6969696969696968,1.0344827586206897,partial_bullish,1.2003975839131433,1.0891936267141502,bearish,bearish,True,False,True,False
302,364590,364591,364592,2024-10-11 14:00:00+00:00,2024-10-11 14:01:00+00:00,2024-10-11 14:02:00+00:00,short,20344.5,20344.25,20344.0,20363.901785714286,20319.0,20294.0,20269.0,20244.0,84.23220264618148,high_probability,-60.23220264618148,19.901785714286234,False,False,False,False,True,stop,20363.901785714286,20364.151785714286,-20.151785714286234,0.0,-20.151785714286234,-1.0125616868550917,7.5,36.5,0.37685060565274925,1.8340062808433797,2,1.0,0,2024-10-11,1.4697173620457604,0.7905282331511839,0.9860601614086574,partial_bearish,2.1294696264787984,0.9174403871346453,bearish,bearish,True,False,True,False
303,364595,364596,364596,2024-10-11 14:05:00+00:00,2024-10-11 14:06:00+00:00,2024-10-11 14:06:00+00:00,short,20368.0,20367.25,20367.0,20389.928571428572,20342.0,20317.0,20292.0,20267.0,72.0,near_trigger,-49.809088245831816,22.928571428572468,False,False,False,False,True,stop,20389.928571428572,20390.178571428572,-23.178571428572468,0.0,-23.178571428572468,-1.0109034267912769,0.0,29.75,0.0,1.297507788161935,1,0.0,0,2024-10-11,1.5373831775700935,1.9198075380914195,0.9860601614086574,partial_bullish,1.039205590290548,0.7526583842990177,bearish,bearish,True,False,True,False
304,364597,364598,364601,2024-10-11 14:07:00+00:00,2024-10-11 14:08:00+00:00,2024-10-11 14:11:00+00:00,short,20401.25,20401.5,20401.25,20427.446428571428,20376.25,20351.25,20326.25,20301.25,78.0,near_trigger,-66.48991358269015,26.196428571427532,False,False,False,False,True,stop,20427.446428571428,20427.696428571428,-26.446428571427532,0.0,-26.446428571427532,-1.0095432856169055,7.5,36.75,0.28629856850716884,1.4028629856851271,4,3.0,0,2024-10-11,2.7627811860940694,1.9198075380914195,0.9860601614086574,partial_bullish,2.143454822293247,1.863410329489488,bearish,bearish,True,False,True,False
305,365945,365946,366005,2024-10-14 13:35:00+00:00,2024-10-14 13:36:00+00:00,2024-10-14 14:35:00+00:00,long,20594.25,20594.25,20594.5,20577.946428571428,20619.5,20644.5,20669.5,20694.5,72.65834494696162,near_trigger,36.65834494696162,16.553571428572468,True,True,True,False,False,max_holding_time,20641.25,20641.0,46.5,0.0,46.5,2.809061488672963,85.5,15.5,5.165048543688996,0.9363538295576542,60,59.0,3,2024-10-14,3.624595469255663,2.0608,2.236111111111111,strong_bullish,4.237491289198606,1.290821091958903,bullish,bullish,True,False,True,False
306,367360,367361,367380,2024-10-15 14:10:00+00:00,2024-10-15 14:11:00+00:00,2024-10-15 14:30:00+00:00,short,20608.5,20608.0,20607.75,20626.3125,20582.75,20557.75,20532.75,20507.75,75.33929539295393,near_trigger,-51.33929539295393,18.5625,True,True,True,True,False,tp4,20507.75,20508.0,99.75,0.0,99.75,5.373737373737374,132.25,6.5,7.124579124579125,0.3501683501683502,20,19.0,4,2024-10-15,2.2222222222222223,0.4110929853181077,0.9270833333333334,partial_bearish,2.0864736215787385,1.5547673338400474,neutral,bearish,True,False,True,False
307,368701,368702,368702,2024-10-16 13:31:00+00:00,2024-10-16 13:32:00+00:00,2024-10-16 13:32:00+00:00,short,20304.5,20305.0,20304.75,20320.366071428572,20279.75,20254.75,20229.75,20204.75,72.0,near_trigger,-60.0,15.616071428572468,False,False,False,False,True,stop,20320.366071428572,20320.616071428572,-15.866071428572468,0.0,-15.866071428572468,-1.0160091480846187,4.0,26.25,0.25614636935389945,1.6809605488849653,1,0.0,0,2024-10-16,5.8593481989708405,1.1134020618556701,0.6633064516129031,strong_bearish,9.981613079560702,1.5499293943345707,bearish,bearish,False,True,True,False
308,370087,370088,370111,2024-10-17 13:37:00+00:00,2024-10-17 13:38:00+00:00,2024-10-17 14:01:00+00:00,long,20438.75,20438.5,20438.75,20405.589285714286,20463.75,20488.75,20513.75,20538.75,72.64749596122779,near_trigger,42.64749596122779,33.160714285713766,True,True,False,False,True,stop,20405.589285714286,20405.339285714286,-33.410714285713766,0.0,-33.410714285713766,-1.0075390414647283,66.25,52.75,1.9978459881529662,1.5907377490576446,24,23.0,2,2024-10-17,4.172859450726979,4.244210526315789,1.850453172205438,partial_bearish,2.088657960024341,1.8157771583209557,bullish,neutral,True,False,False,False
309,371479,371480,371539,2024-10-18 13:49:00+00:00,2024-10-18 13:50:00+00:00,2024-10-18 14:49:00+00:00,long,20452.75,20453.25,20453.5,20423.125,20478.5,20503.5,20528.5,20553.5,78.0,near_trigger,54.77037037037037,30.375,True,True,False,False,False,max_holding_time,20498.5,20498.25,44.75,0.0,44.75,1.4732510288065843,69.75,6.0,2.2962962962962963,0.19753086419753085,60,59.0,2,2024-10-18,2.1358024691358026,0.1663619744058501,1.1351351351351353,partial_bearish,1.1962961032643629,1.5762306433337532,bullish,bullish,True,True,True,False
310,372841,372842,372845,2024-10-21 13:31:00+00:00,2024-10-21 13:32:00+00:00,2024-10-21 13:35:00+00:00,short,20439.75,20440.0,20439.75,20452.285714285714,20414.75,20389.75,20364.75,20339.75,75.37425029928544,near_trigger,-64.37425029928544,12.535714285713766,False,False,False,False,True,stop,20452.285714285714,20452.535714285714,-12.785714285713766,0.0,-12.785714285713766,-1.0199430199430208,16.75,19.0,1.3361823361823917,1.5156695156695785,4,3.0,0,2024-10-21,2.423076923076923,1.6713483146067416,2.436744560838034,strong_bullish,7.446237781313935,1.2178128741067908,bearish,bearish,True,True,False,False
311,372847,372848,372858,2024-10-21 13:37:00+00:00,2024-10-21 13:38:00+00:00,2024-10-21 13:48:00+00:00,short,20469.0,20468.5,20468.25,20490.589285714286,20443.25,20418.25,20393.25,20368.25,74.52701280372797,near_trigger,-44.52701280372797,22.339285714286234,False,False,False,False,True,stop,20490.589285714286,20490.839285714286,-22.589285714286234,0.0,-22.589285714286234,-1.0111910471622698,16.5,22.75,0.738609112709815,1.018385291766563,11,10.0,0,2024-10-21,1.8968824940047961,2.5454545454545454,2.436744560838034,strong_bullish,2.169019559340601,1.2037300334369454,bearish,bearish,True,True,False,False
312,372866,372867,372873,2024-10-21 13:56:00+00:00,2024-10-21 13:57:00+00:00,2024-10-21 14:03:00+00:00,short,20492.75,20492.5,20492.25,20511.964285714286,20467.25,20442.25,20417.25,20392.25,70.0,near_trigger,-62.46664680829923,19.714285714286234,False,False,False,False,True,stop,20511.964285714286,20512.214285714286,-19.964285714286234,0.0,-19.964285714286234,-1.0126811594202896,11.75,21.25,0.5960144927536075,1.0778985507246093,7,6.0,0,2024-10-21,1.3315217391304348,3.512773722627737,3.255363321799308,strong_bullish,0.6393826650130908,0.5484849678868355,bearish,bearish,True,False,False,False
313,374220,374221,374223,2024-10-22 13:30:00+00:00,2024-10-22 13:31:00+00:00,2024-10-22 13:33:00+00:00,short,20386.5,20385.5,20385.25,20397.946428571428,20360.25,20335.25,20310.25,20285.25,74.1926376280503,near_trigger,-57.192637628050306,12.696428571427532,False,False,False,False,True,stop,20397.946428571428,20398.196428571428,-12.946428571427532,0.0,-12.946428571427532,-1.0196905766526037,16.5,26.0,1.2995780590718364,2.0478199718707724,3,2.0,0,2024-10-22,1.0337552742616034,1.3664596273291925,1.0775969962453067,partial_bearish,10.3179940436161,1.49079703506288,bearish,bearish,True,True,False,False
314,374229,374230,374232,2024-10-22 13:39:00+00:00,2024-10-22 13:40:00+00:00,2024-10-22 13:42:00+00:00,short,20426.0,20426.25,20426.0,20454.098214285714,20401.0,20376.0,20351.0,20326.0,70.53117761116307,near_trigger,-62.53117761116307,28.098214285713766,False,False,False,False,True,stop,20454.098214285714,20454.348214285714,-28.348214285713766,0.0,-28.348214285713766,-1.0088973625675248,9.25,31.0,0.3292024149984173,1.103272958373074,3,2.0,0,2024-10-22,1.4146806482364156,1.466360856269113,1.0775969962453067,partial_bullish,1.7050010550749104,1.3257927956506994,bearish,bearish,True,True,False,False
315,378360,378361,378378,2024-10-25 13:30:00+00:00,2024-10-25 13:31:00+00:00,2024-10-25 13:48:00+00:00,long,20519.25,20519.0,20519.25,20507.196428571428,20544.25,20569.25,20594.25,20619.25,71.92988583655622,near_trigger,59.929885836556224,12.053571428572468,True,True,True,True,False,tp4,20619.25,20619.0,99.75,0.0,99.75,8.275555555554842,103.5,4.0,8.586666666665927,0.33185185185182325,18,17.0,4,2024-10-25,2.7377777777777776,0.4278438030560272,1.268882175226586,partial_bullish,10.21188680151828,1.4123572956952806,bullish,bullish,True,True,False,False
316,378412,378413,378416,2024-10-25 14:22:00+00:00,2024-10-25 14:23:00+00:00,2024-10-25 14:26:00+00:00,long,20701.75,20701.75,20702.0,20677.35714285714,20727.0,20752.0,20777.0,20802.0,75.0,near_trigger,53.0,24.642857142858702,False,False,False,False,True,stop,20677.35714285714,20677.10714285714,-24.892857142858702,0.0,-24.892857142858702,-1.0101449275362313,5.5,29.0,0.22318840579708732,1.176811594202824,4,3.0,0,2024-10-25,3.165217391304348,1.1590774689532821,5.4645941278065635,strong_bullish,2.5022058823529414,2.408123791102515,bullish,bullish,True,True,True,True
317,381121,381122,381122,2024-10-29 13:31:00+00:00,2024-10-29 13:32:00+00:00,2024-10-29 13:32:00+00:00,long,20479.75,20480.0,20480.25,20467.178571428572,20505.25,20530.25,20555.25,20580.25,78.0,near_trigger,53.66888665997994,13.071428571427532,False,False,False,False,True,stop,20467.178571428572,20466.928571428572,-13.321428571427532,0.0,-13.321428571427532,-1.0191256830601108,2.0,35.5,0.15300546448088648,2.715846994535735,1,0.0,0,2024-10-29,1.4344262295081969,1.364953886693017,1.1817490494296579,partial_bullish,8.547436652916911,1.1638916750250752,bullish,bullish,True,True,True,True
318,381123,381124,381161,2024-10-29 13:33:00+00:00,2024-10-29 13:34:00+00:00,2024-10-29 14:11:00+00:00,long,20445.25,20445.5,20445.75,20427.10714285714,20470.75,20495.75,20520.75,20545.75,70.0,near_trigger,47.622115783078485,18.642857142858702,True,True,True,True,False,tp4,20545.75,20545.5,99.75,0.0,99.75,5.350574712643231,102.0,13.75,5.4712643678156345,0.7375478927202448,38,37.0,4,2024-10-29,5.2298850574712645,1.364953886693017,1.1817490494296579,partial_bullish,4.295483501911126,1.4054670285262163,bullish,bullish,True,True,True,False
319,382504,382505,382506,2024-10-30 13:34:00+00:00,2024-10-30 13:35:00+00:00,2024-10-30 13:36:00+00:00,short,20617.5,20617.25,20617.0,20641.48214285714,20592.0,20567.0,20542.0,20517.0,70.79114170622388,near_trigger,-44.79114170622388,24.482142857141298,False,False,False,False,True,stop,20641.48214285714,20641.73214285714,-24.732142857141298,0.0,-24.732142857141298,-1.0102115244347198,4.25,25.0,0.17359591539023717,1.0211524434719834,2,1.0,0,2024-10-30,2.6805251641137855,0.4936708860759494,2.149122807017544,partial_bearish,3.4618005936022866,1.4889271327798477,bearish,bearish,False,True,True,False
320,382510,382511,382525,2024-10-30 13:40:00+00:00,2024-10-30 13:41:00+00:00,2024-10-30 13:55:00+00:00,short,20586.75,20586.25,20586.0,20619.26785714286,20561.0,20536.0,20511.0,20486.0,81.61900161030596,high_probability,-53.61900161030596,33.2678571428587,True,False,False,False,True,stop,20619.26785714286,20619.51785714286,-33.5178571428587,0.0,-33.5178571428587,-1.0075147611379491,43.0,40.25,1.2925389157272609,1.2098765432098197,15,14.0,1,2024-10-30,2.276972624798712,2.5407407407407407,2.149122807017544,strong_bearish,2.8240576627673404,2.1505698860227955,bearish,bearish,False,True,True,False
321,383880,383881,383895,2024-10-31 13:30:00+00:00,2024-10-31 13:31:00+00:00,2024-10-31 13:45:00+00:00,short,20334.0,20333.5,20333.25,20350.633928571428,20308.25,20283.25,20258.25,20233.25,71.87047279214987,near_trigger,-67.87047279214987,17.383928571427532,True,True,True,True,False,tp4,20233.25,20233.5,99.75,0.0,99.75,5.7380585516182165,110.25,8.75,6.34206471494645,0.5033384694401944,15,14.0,4,2024-10-31,3.6240369799691834,1.011914217633042,0.9577114427860696,strong_bearish,10.760187306964232,1.3380909901873328,bearish,bearish,False,True,True,False
322,383918,383919,383929,2024-10-31 14:08:00+00:00,2024-10-31 14:09:00+00:00,2024-10-31 14:19:00+00:00,short,20170.25,20170.25,20170.0,20201.125,20145.0,20120.0,20095.0,20070.0,71.35864087091814,near_trigger,-67.35864087091814,31.125,True,True,False,False,True,stop,20201.125,20201.375,-31.375,0.0,-31.375,-1.0080321285140563,51.0,31.5,1.6385542168674698,1.0120481927710843,11,10.0,2,2024-10-31,1.2048192771084338,3.0426136363636362,5.844600526777875,partial_bearish,0.49492302653128073,0.670393540086073,bearish,bearish,False,False,True,False
323,385266,385267,385269,2024-11-01 13:36:00+00:00,2024-11-01 13:37:00+00:00,2024-11-01 13:39:00+00:00,short,20097.5,20097.5,20097.25,20121.70535714286,20072.25,20047.25,20022.25,19997.25,73.0,near_trigger,-59.31655064878265,24.455357142858702,False,False,False,False,True,stop,20121.70535714286,20121.95535714286,-24.705357142858702,0.0,-24.705357142858702,-1.010222709017889,13.25,24.5,0.5418035779481217,1.0018254837531306,3,2.0,0,2024-11-01,0.21467688937568458,0.21739130434782608,1.9296187683284458,partial_bullish,2.116469984607491,0.9925920833261717,bearish,bearish,True,True,True,False
324,385302,385303,385333,2024-11-01 14:12:00+00:00,2024-11-01 14:13:00+00:00,2024-11-01 14:43:00+00:00,long,20217.25,20217.75,20218.0,20187.758928571428,20243.0,20268.0,20293.0,20318.0,72.91000885739592,near_trigger,48.91000885739592,30.241071428572468,True,True,False,False,True,stop,20187.758928571428,20187.508928571428,-30.491071428572468,0.0,-30.491071428572468,-1.008266902863891,59.75,38.75,1.9757897844699646,1.2813699439031152,31,30.0,2,2024-11-01,1.7484499557130204,0.7345225603357818,0.9898232458489555,strong_bullish,1.7970888550945037,2.2487121284201654,bullish,bullish,True,True,False,False
325,386642,386643,386644,2024-11-04 14:32:00+00:00,2024-11-04 14:33:00+00:00,2024-11-04 14:34:00+00:00,long,20090.0,20090.0,20090.25,20065.125,20115.25,20140.25,20165.25,20190.25,73.0,near_trigger,73.0,25.125,False,False,False,False,True,stop,20065.125,20064.875,-25.375,0.0,-25.375,-1.0099502487562189,2.25,46.25,0.08955223880597014,1.8407960199004976,2,1.0,0,2024-11-04,0.8507462686567164,0.5438247011952192,0.9211571185479297,strong_bearish,3.435628943482347,0.8996632239103992,bullish,bullish,True,True,True,False
326,386645,386646,386670,2024-11-04 14:35:00+00:00,2024-11-04 14:36:00+00:00,2024-11-04 15:00:00+00:00,long,20042.75,20042.5,20042.75,20012.75,20067.75,20092.75,20117.75,20142.75,88.0,high_probability,81.83875584617165,30.0,True,True,True,True,False,tp4,20142.75,20142.5,99.75,0.0,99.75,3.325,106.25,29.5,3.5416666666666665,0.9833333333333333,25,24.0,4,2024-11-04,4.1125,3.4629349470499244,0.9211571185479297,strong_bearish,2.266184499751826,0.8703051922854361,bullish,bullish,True,True,True,False
327,388033,388034,388050,2024-11-05 14:43:00+00:00,2024-11-05 14:44:00+00:00,2024-11-05 15:00:00+00:00,long,20216.5,20216.75,20217.0,20183.33035714286,20242.0,20267.0,20292.0,20317.0,78.0,near_trigger,77.08528241845664,33.6696428571413,True,True,True,True,False,tp4,20317.0,20316.75,99.75,0.0,99.75,2.962609387430527,107.5,10.75,3.1927870591356555,0.31927870591356555,17,16.0,4,2024-11-05,0.6125696101829753,4.852488687782805,0.7285342584562012,partial_bullish,1.6718419195483416,1.563954447928701,bullish,bullish,True,True,True,False
328,388057,388058,388079,2024-11-05 15:07:00+00:00,2024-11-05 15:08:00+00:00,2024-11-05 15:29:00+00:00,long,20287.5,20287.5,20287.75,20260.241071428572,20312.75,20337.75,20362.75,20387.75,72.0,near_trigger,72.0,27.508928571427532,False,False,False,False,True,stop,20260.241071428572,20259.991071428572,-27.758928571427532,0.0,-27.758928571427532,-1.0090879584550474,23.5,29.0,0.8542680947744562,1.054203180785499,22,21.0,0,2024-11-05,0.2317429406037001,2.1044689495066744,4.116266070430408,partial_bullish,0.670112239918371,0.6212853470437018,bullish,bullish,True,True,True,False
329,392209,392210,392214,2024-11-08 15:19:00+00:00,2024-11-08 15:20:00+00:00,2024-11-08 15:24:00+00:00,long,21201.5,21202.0,21202.25,21180.04464285714,21227.25,21252.25,21277.25,21302.25,77.51580217129072,near_trigger,62.515802171290716,22.205357142858702,False,False,False,False,True,stop,21180.04464285714,21179.79464285714,-22.455357142858702,0.0,-22.455357142858702,-1.0112585444310407,2.25,24.0,0.10132689987936562,1.0808202653799,5,4.0,0,2024-11-08,2.347406513872135,1.6566837107377648,0.1797432239657632,partial_bullish,1.1078305670897393,1.6461293761907259,neutral,bullish,True,False,True,False
330,393583,393584,393603,2024-11-11 15:13:00+00:00,2024-11-11 15:14:00+00:00,2024-11-11 15:33:00+00:00,short,21194.25,21194.0,21193.75,21216.51785714286,21168.75,21143.75,21118.75,21093.75,72.0,near_trigger,-72.0,22.767857142858702,False,False,False,False,True,stop,21216.51785714286,21216.76785714286,-23.017857142858702,0.0,-23.017857142858702,-1.010980392156862,22.75,30.0,0.9992156862744414,1.3176470588234392,20,19.0,0,2024-11-11,0.8235294117647058,1.1819505094614264,5.109341057204924,partial_bearish,0.8538426349496798,0.9863267058590396,bearish,bearish,True,True,True,False
331,394932,394933,394942,2024-11-12 14:42:00+00:00,2024-11-12 14:43:00+00:00,2024-11-12 14:52:00+00:00,short,21211.25,21211.25,21211.0,21237.678571428572,21186.0,21161.0,21136.0,21111.0,82.70570405868806,high_probability,-70.70570405868806,26.678571428572468,False,False,False,False,True,stop,21237.678571428572,21237.928571428572,-26.928571428572468,0.0,-26.928571428572468,-1.009370816599732,11.0,33.0,0.41231593038820347,1.2369477911646105,10,9.0,0,2024-11-12,1.180722891566265,1.3893129770992367,0.6019108280254778,partial_bullish,1.649983979493752,1.2472268239989923,bearish,bearish,True,False,True,False
332,394954,394955,394960,2024-11-12 15:04:00+00:00,2024-11-12 15:05:00+00:00,2024-11-12 15:10:00+00:00,short,21191.75,21192.0,21191.75,21215.321428571428,21166.75,21141.75,21116.75,21091.75,72.40251147443603,near_trigger,-56.402511474436025,23.571428571427532,False,False,False,False,True,stop,21215.321428571428,21215.571428571428,-23.821428571427532,0.0,-23.821428571427532,-1.0106060606060612,12.75,33.25,0.5409090909091148,1.4106060606061228,6,5.0,0,2024-11-12,2.7522727272727274,1.2094240837696335,0.7535667963683528,partial_bullish,1.6095811154825272,1.4201847975904844,bearish,bearish,True,True,False,False
333,396320,396321,396330,2024-11-13 14:50:00+00:00,2024-11-13 14:51:00+00:00,2024-11-13 15:00:00+00:00,long,21139.75,21139.75,21140.0,21111.95535714286,21165.0,21190.0,21215.0,21240.0,71.751335243553,near_trigger,71.751335243553,28.044642857141298,False,False,False,False,True,stop,21111.95535714286,21111.70535714286,-28.294642857141298,0.0,-28.294642857141298,-1.0089143584845595,22.25,30.75,0.7933779051258002,1.096466093600825,10,9.0,0,2024-11-13,1.2168099331423112,1.9888820259419395,0.9989583333333334,partial_bearish,1.7296654640865858,1.5613204055954408,bullish,bullish,True,True,False,False
334,397681,397682,397684,2024-11-14 14:31:00+00:00,2024-11-14 14:32:00+00:00,2024-11-14 14:34:00+00:00,short,21146.25,21146.0,21145.75,21160.589285714286,21120.75,21095.75,21070.75,21045.75,75.07739733677509,near_trigger,-21.077397336775093,14.839285714286234,False,False,False,False,True,stop,21160.589285714286,21160.839285714286,-15.089285714286234,0.0,-15.089285714286234,-1.0168471720818286,8.75,22.25,0.5896510228639986,1.4993983152827393,3,2.0,0,2024-11-14,2.779783393501805,0.3560399636693915,1.5279187817258884,partial_bullish,5.101880584738476,0.8467466709688629,neutral,bearish,True,True,True,False
335,399088,399089,399112,2024-11-15 14:58:00+00:00,2024-11-15 14:59:00+00:00,2024-11-15 15:22:00+00:00,short,20686.25,20687.0,20686.75,20715.008928571428,20661.75,20636.75,20611.75,20586.75,71.40728996122361,near_trigger,-37.40728996122361,28.258928571427532,True,True,True,True,False,tp4,20586.75,20587.0,99.75,0.0,99.75,3.529857819905343,104.0,11.25,3.6802527646130896,0.39810426540285826,24,23.0,4,2024-11-15,2.0170616113744075,1.7392491467576792,4.711111111111111,strong_bearish,1.4591593973037273,2.505260552048521,bearish,bearish,True,True,True,False
336,400440,400441,400447,2024-11-18 14:30:00+00:00,2024-11-18 14:31:00+00:00,2024-11-18 14:37:00+00:00,short,20536.5,20536.25,20536.0,20549.125,20511.0,20486.0,20461.0,20436.0,71.18639747362215,near_trigger,-45.18639747362215,13.125,False,False,False,False,True,stop,20549.125,20549.375,-13.375,0.0,-13.375,-1.019047619047619,15.75,15.0,1.2,1.1428571428571428,7,6.0,0,2024-11-18,4.0285714285714285,0.05353728489483748,1.4043887147335423,partial_bearish,8.157523289733696,0.9829968420276789,bearish,bearish,False,True,True,False
337,401865,401866,401869,2024-11-19 15:15:00+00:00,2024-11-19 15:16:00+00:00,2024-11-19 15:19:00+00:00,short,20540.25,20539.75,20539.5,20566.285714285714,20514.5,20489.5,20464.5,20439.5,82.88513548641392,high_probability,-70.88513548641392,26.785714285713766,False,False,False,False,True,stop,20566.285714285714,20566.535714285714,-27.035714285713766,0.0,-27.035714285713766,-1.0093333333333334,1.25,36.0,0.04666666666666757,1.344000000000026,4,3.0,0,2024-11-19,1.218,0.0059957173447537475,2.584974958263773,partial_bullish,1.8325099263480131,1.489419358017392,bearish,bearish,True,True,True,False
338,403203,403204,403207,2024-11-20 14:33:00+00:00,2024-11-20 14:34:00+00:00,2024-11-20 14:37:00+00:00,long,20715.5,20715.5,20715.75,20691.776785714286,20740.75,20765.75,20790.75,20815.75,76.0,near_trigger,36.05214150333651,23.973214285713766,False,False,False,False,True,stop,20691.776785714286,20691.526785714286,-24.223214285713766,0.0,-24.223214285713766,-1.0104283054003727,18.0,35.75,0.750837988826832,1.4912476722532912,4,3.0,0,2024-11-20,2.2681564245810053,1.5281690140845072,3.0654362416107386,strong_bearish,2.8213463070199984,1.040968372226017,bullish,bullish,True,False,False,False
339,403232,403233,403246,2024-11-20 15:02:00+00:00,2024-11-20 15:03:00+00:00,2024-11-20 15:16:00+00:00,short,20611.75,20612.0,20611.75,20638.29464285714,20586.75,20561.75,20536.75,20511.75,71.72248462694844,near_trigger,-63.72248462694844,26.544642857141298,True,True,True,True,False,tp4,20511.75,20512.0,99.75,0.0,99.75,3.75782038345128,103.75,9.0,3.9085099226372964,0.33905146316853657,14,13.0,4,2024-11-20,1.4127144298688192,3.872530274059911,5.9571014492753624,strong_bearish,1.1705633748206739,1.2878181953908991,bearish,bearish,False,True,True,False
340,403250,403251,403253,2024-11-20 15:20:00+00:00,2024-11-20 15:21:00+00:00,2024-11-20 15:23:00+00:00,short,20482.75,20482.25,20482.0,20511.16964285714,20457.0,20432.0,20407.0,20382.0,80.4,high_probability,-52.400000000000006,29.169642857141298,False,False,False,False,True,stop,20511.16964285714,20511.41964285714,-29.419642857141298,0.0,-29.419642857141298,-1.0085705540251,0.25,31.0,0.008570554025099937,1.0627486991123922,3,2.0,0,2024-11-20,2.5068870523415976,3.6559655007187346,6.836601307189542,strong_bearish,1.6009253711470608,2.752808184875152,bearish,bearish,False,True,True,False
341,403255,403256,403262,2024-11-20 15:25:00+00:00,2024-11-20 15:26:00+00:00,2024-11-20 15:32:00+00:00,short,20527.5,20527.0,20526.75,20555.758928571428,20501.75,20476.75,20451.75,20426.75,74.0,near_trigger,-32.63324099722992,29.008928571427532,False,False,False,False,True,stop,20555.758928571428,20556.008928571428,-29.258928571427532,0.0,-29.258928571427532,-1.0086180363188677,16.25,31.25,0.5601723607263974,1.0772545398584565,7,6.0,0,2024-11-20,2.3139427516158815,2.310251798561151,6.836601307189542,partial_bearish,0.8558426783682757,1.5001353141424645,bearish,bearish,False,True,True,False
342,404582,404583,404583,2024-11-21 14:32:00+00:00,2024-11-21 14:33:00+00:00,2024-11-21 14:33:00+00:00,long,20856.5,20857.25,20857.5,20832.428571428572,20882.5,20907.5,20932.5,20957.5,78.0,near_trigger,65.47714105620872,25.071428571427532,False,False,False,False,True,stop,20832.428571428572,20832.178571428572,-25.321428571427532,0.0,-25.321428571427532,-1.0099715099715103,5.5,30.5,0.21937321937322846,1.216524216524267,1,0.0,0,2024-11-21,1.2414529914529915,0.7227310574521232,2.2947567312234294,partial_bullish,5.056898126434795,1.4035736797390994,bullish,bullish,True,True,True,False
343,404584,404585,404585,2024-11-21 14:34:00+00:00,2024-11-21 14:35:00+00:00,2024-11-21 14:35:00+00:00,long,20795.75,20796.0,20796.25,20762.3125,20821.25,20846.25,20871.25,20896.25,78.0,near_trigger,32.11392405063292,33.9375,False,False,False,False,True,stop,20762.3125,20762.0625,-34.1875,0.0,-34.1875,-1.007366482504604,2.0,41.25,0.058931860036832415,1.2154696132596685,1,0.0,0,2024-11-21,3.5248618784530388,0.7227310574521232,2.2947567312234294,partial_bullish,5.365627096485645,2.5604570603010948,bullish,bullish,True,True,True,False
344,404586,404587,404588,2024-11-21 14:36:00+00:00,2024-11-21 14:37:00+00:00,2024-11-21 14:38:00+00:00,long,20724.75,20724.25,20724.5,20683.196428571428,20749.5,20774.5,20799.5,20824.5,88.0,high_probability,32.17613488975357,41.30357142857247,False,False,False,False,True,stop,20683.196428571428,20682.946428571428,-41.55357142857247,0.0,-41.55357142857247,-1.006052745352356,0.0,77.75,0.0,1.8824038045827456,2,1.0,0,2024-11-21,6.473411154345007,2.45360824742268,2.2947567312234294,partial_bearish,3.6234381732012064,2.524956841552203,bullish,bullish,True,True,True,False
345,404589,404590,404598,2024-11-21 14:39:00+00:00,2024-11-21 14:40:00+00:00,2024-11-21 14:48:00+00:00,long,20653.25,20653.25,20653.5,20601.991071428572,20678.5,20703.5,20728.5,20753.5,88.0,high_probability,37.19927197087884,51.50892857142753,True,True,True,True,False,tp4,20753.5,20753.25,99.75,0.0,99.75,1.936557462298531,102.25,25.25,1.985092737042855,0.49020627491767327,9,8.0,4,2024-11-21,4.149765990639626,2.45360824742268,2.2947567312234294,partial_bearish,1.873972693257564,2.260031079411882,bullish,bullish,True,True,True,False
346,404599,404600,404604,2024-11-21 14:49:00+00:00,2024-11-21 14:50:00+00:00,2024-11-21 14:54:00+00:00,long,20766.5,20767.0,20767.25,20708.589285714286,20792.25,20817.25,20842.25,20867.25,81.6845769540693,high_probability,45.6845769540693,58.660714285713766,False,False,False,False,True,stop,20708.589285714286,20708.339285714286,-58.910714285713766,0.0,-58.910714285713766,-1.004261796042618,18.75,72.0,0.31963470319634985,1.2273972602739835,5,4.0,0,2024-11-21,1.8219178082191783,4.001657000828501,2.2889034799737358,partial_bearish,0.8178482428428467,1.6210172194187595,bullish,bullish,False,True,True,False
347,404622,404623,404634,2024-11-21 15:12:00+00:00,2024-11-21 15:13:00+00:00,2024-11-21 15:24:00+00:00,long,20650.25,20649.75,20650.0,20603.04464285714,20675.0,20700.0,20725.0,20750.0,74.2,near_trigger,66.2,46.9553571428587,True,True,False,False,True,stop,20603.04464285714,20602.79464285714,-47.2053571428587,0.0,-47.2053571428587,-1.005324206122837,69.0,60.5,1.4694808899029745,1.288457881726521,12,11.0,2,2024-11-21,2.316029663434113,1.3100113765642776,3.091482649842271,partial_bearish,1.4979002415266225,2.520442285630599,bullish,bullish,True,True,False,False
348,405962,405963,405966,2024-11-22 14:32:00+00:00,2024-11-22 14:33:00+00:00,2024-11-22 14:36:00+00:00,short,20811.25,20812.0,20811.75,20835.83035714286,20786.75,20761.75,20736.75,20711.75,73.0,near_trigger,-73.0,24.080357142858702,False,False,False,False,True,stop,20835.83035714286,20836.08035714286,-24.330357142858702,0.0,-24.330357142858702,-1.0103819058212822,7.75,25.0,0.3218390804597493,1.0381905821282236,4,3.0,0,2024-11-22,2.164627363737486,0.34213098729227764,0.10917816436712657,strong_bullish,3.7358409916648854,1.0608369634115093,bearish,bearish,True,False,True,False
349,405981,405982,405986,2024-11-22 14:51:00+00:00,2024-11-22 14:52:00+00:00,2024-11-22 14:56:00+00:00,short,20800.0,20800.0,20799.75,20837.651785714286,20774.75,20749.75,20724.75,20699.75,70.06190812720848,near_trigger,-54.06190812720848,37.901785714286234,False,False,False,False,True,stop,20837.651785714286,20837.901785714286,-38.151785714286234,0.0,-38.151785714286234,-1.0065959952885748,8.75,38.25,0.23085983510011462,1.0091872791519296,5,4.0,0,2024-11-22,1.919434628975265,2.6422535211267606,1.102241662110443,partial_bullish,1.5408199928140844,2.110570350522229,bearish,bearish,True,True,False,False
350,407365,407366,407380,2024-11-25 14:55:00+00:00,2024-11-25 14:56:00+00:00,2024-11-25 15:10:00+00:00,long,20937.25,20937.0,20937.25,20895.973214285714,20962.25,20987.25,21012.25,21037.25,71.0389357560026,near_trigger,27.0389357560026,41.276785714286234,False,False,False,False,True,stop,20895.973214285714,20895.723214285714,-41.526785714286234,0.0,-41.526785714286234,-1.0060566731559593,21.25,44.25,0.5148172182565369,1.0720311486047887,15,14.0,0,2024-11-25,2.625567813108371,2.1983471074380163,3.526164462334675,partial_bearish,1.0281427212849144,1.8284891004760713,bullish,neutral,True,False,False,False
351,407384,407385,407444,2024-11-25 15:14:00+00:00,2024-11-25 15:15:00+00:00,2024-11-25 16:14:00+00:00,long,20894.0,20893.75,20894.0,20858.616071428572,20919.0,20944.0,20969.0,20994.0,72.04013636932997,near_trigger,67.04013636932997,35.38392857142753,True,True,False,False,False,max_holding_time,20919.0,20918.75,24.75,0.0,24.75,0.6994700984103158,51.0,21.0,1.4413323239970144,0.5934897804693589,60,59.0,2,2024-11-25,1.1233913701741105,3.253399258343634,1.0038643194504078,strong_bearish,1.074787690621861,1.981815120390638,bullish,bullish,True,False,False,False
352,408720,408721,408750,2024-11-26 14:30:00+00:00,2024-11-26 14:31:00+00:00,2024-11-26 15:00:00+00:00,long,20946.0,20946.5,20946.75,20932.5,20971.75,20996.75,21021.75,21046.75,73.08470258308297,near_trigger,53.08470258308297,14.25,True,True,True,False,True,stop,20932.5,20932.25,-14.5,0.0,-14.5,-1.0175438596491229,78.25,18.5,5.491228070175438,1.2982456140350878,30,29.0,3,2024-11-26,1.8157894736842106,1.0134969325153373,0.3453333333333333,partial_bullish,5.9539521924035785,0.9479834920116047,bullish,bullish,True,False,False,False
353,410131,410132,410133,2024-11-27 15:01:00+00:00,2024-11-27 15:02:00+00:00,2024-11-27 15:03:00+00:00,short,20828.5,20829.5,20829.25,20852.60714285714,20804.25,20779.25,20754.25,20729.25,71.60200657246877,near_trigger,-45.60200657246877,23.357142857141298,False,False,False,False,True,stop,20852.60714285714,20852.85714285714,-23.607142857141298,0.0,-23.607142857141298,-1.0107033639143739,6.5,27.75,0.2782874617737189,1.1880733944954922,2,1.0,0,2024-11-27,1.6857798165137614,1.1002162941600577,3.796610169491525,strong_bearish,1.82716311680034,1.2754439954024694,bearish,bearish,False,True,True,False
354,410152,410153,410212,2024-11-27 15:22:00+00:00,2024-11-27 15:23:00+00:00,2024-11-27 16:22:00+00:00,short,20784.0,20784.75,20784.5,20809.223214285714,20759.5,20734.5,20709.5,20684.5,72.83748645720476,near_trigger,-48.83748645720476,24.723214285713766,True,True,True,False,False,max_holding_time,20727.5,20727.75,56.75,0.0,56.75,2.2954135066811605,88.75,21.75,3.5897435897436654,0.8797399783315462,60,59.0,3,2024-11-27,1.1072589382448537,1.030520646319569,4.959950708564387,strong_bearish,1.614488702539017,1.7601645630698124,bearish,bearish,True,True,False,False
355,411480,411481,411481,2024-11-28 14:30:00+00:00,2024-11-28 14:31:00+00:00,2024-11-28 14:31:00+00:00,long,20889.25,20889.5,20889.75,20885.303571428572,20914.75,20939.75,20964.75,20989.75,75.03746659479052,near_trigger,71.03746659479052,4.446428571427532,False,False,False,False,True,stop,20885.303571428572,20885.053571428572,-4.696428571427532,0.0,-4.696428571427532,-1.0562248995984067,2.75,6.25,0.6184738955824739,1.405622489960168,1,0.0,0,2024-11-28,4.975903614457831,1.1771771771771773,0.3326133909287257,strong_bullish,15.037768739105172,0.29683324348813467,bullish,bullish,True,True,True,False
356,412658,412659,412718,2024-11-29 15:08:00+00:00,2024-11-29 15:09:00+00:00,2024-11-29 16:08:00+00:00,long,20946.25,20945.25,20945.5,20929.723214285714,20970.5,20995.5,21020.5,21045.5,74.31744526316491,near_trigger,52.31744526316491,15.776785714286234,True,False,False,False,False,max_holding_time,20971.25,20971.0,25.5,0.0,25.5,1.6162988115449384,36.75,10.0,2.3293718166382935,0.6338426711940934,60,59.0,1,2024-11-29,2.9235993208828526,1.8276762402088773,3.2458816351433804,strong_bullish,0.9874337623012869,0.7486741511123356,bullish,bullish,False,True,True,False
357,413824,413825,413862,2024-12-02 15:19:00+00:00,2024-12-02 15:20:00+00:00,2024-12-02 15:57:00+00:00,long,21163.75,21164.0,21164.25,21146.196428571428,21189.25,21214.25,21239.25,21264.25,88.0,high_probability,88.0,18.053571428572468,True,False,False,False,True,stop,21146.196428571428,21145.946428571428,-18.303571428572468,0.0,-18.303571428572468,-1.0138476755687431,39.5,21.75,2.1879327398613975,1.2047477744806427,38,37.0,1,2024-12-02,2.264094955489614,1.3714285714285714,5.12994980479643,partial_bullish,1.2991513977727378,1.5392279705922314,bullish,bullish,True,False,True,False
358,415155,415156,415157,2024-12-03 14:30:00+00:00,2024-12-03 14:31:00+00:00,2024-12-03 14:32:00+00:00,short,21143.0,21143.5,21143.25,21159.9375,21118.25,21093.25,21068.25,21043.25,81.97868279758974,high_probability,-59.97868279758974,16.6875,False,False,False,False,True,stop,21159.9375,21160.1875,-16.9375,0.0,-16.9375,-1.0149812734082397,8.5,26.25,0.5093632958801498,1.5730337078651686,2,1.0,0,2024-12-03,2.1123595505617976,2.2371134020618553,2.537216828478964,strong_bearish,7.416937149601653,1.4733534969871749,bearish,bearish,True,True,False,True
359,415160,415161,415177,2024-12-03 14:35:00+00:00,2024-12-03 14:36:00+00:00,2024-12-03 14:52:00+00:00,short,21184.75,21185.25,21185.0,21209.241071428572,21160.0,21135.0,21110.0,21085.0,76.0,near_trigger,-23.663524303329567,24.241071428572468,False,False,False,False,True,stop,21209.241071428572,21209.491071428572,-24.491071428572468,0.0,-24.491071428572468,-1.0103130755064453,19.25,24.75,0.7941068139962827,1.0209944751380777,17,16.0,0,2024-12-03,2.583425414364641,1.0440251572327044,2.537216828478964,partial_bullish,1.8001197539600458,1.0070496520852048,bearish,bearish,True,True,False,False
360,415205,415206,415220,2024-12-03 15:20:00+00:00,2024-12-03 15:21:00+00:00,2024-12-03 15:35:00+00:00,short,21188.5,21188.25,21188.0,21207.79464285714,21163.0,21138.0,21113.0,21088.0,70.5322033898305,near_trigger,-58.5322033898305,19.794642857141298,False,False,False,False,True,stop,21207.79464285714,21208.04464285714,-20.044642857141298,0.0,-20.044642857141298,-1.0126296797474075,19.5,26.0,0.9851150202977772,1.3134866937303695,15,14.0,0,2024-12-03,2.368064952638701,0.4986301369863013,0.6569435637285986,partial_bullish,2.4489162339128474,2.416083088532168,bearish,bearish,False,True,True,False
361,417945,417946,417995,2024-12-05 15:00:00+00:00,2024-12-05 15:01:00+00:00,2024-12-05 15:50:00+00:00,long,21512.75,21513.25,21513.5,21497.803571428572,21538.5,21563.5,21588.5,21613.5,70.68968573015451,near_trigger,70.68968573015451,15.696428571427532,False,False,False,False,True,stop,21497.803571428572,21497.553571428572,-15.946428571427532,0.0,-15.946428571427532,-1.0159271899886244,24.0,26.0,1.5290102389079512,1.656427758816947,50,49.0,0,2024-12-05,0.5255972696245734,1.967479674796748,0.5026399155227033,partial_bearish,1.601084681816842,0.9388989715668482,bullish,bullish,True,False,False,False
362,419297,419298,419303,2024-12-06 14:32:00+00:00,2024-12-06 14:33:00+00:00,2024-12-06 14:38:00+00:00,short,21518.5,21518.25,21518.0,21535.973214285714,21493.0,21468.0,21443.0,21418.0,73.0,near_trigger,-69.70523814436261,17.973214285713766,False,False,False,False,True,stop,21535.973214285714,21536.223214285714,-18.223214285713766,0.0,-18.223214285713766,-1.0139095876800799,4.75,18.5,0.2642821659215178,1.0293094883259115,6,5.0,0,2024-12-06,1.022354694485842,0.5165257494235204,0.6142384105960265,partial_bullish,3.036079761417461,0.7001975711559598,bearish,bearish,True,True,True,True
363,420677,420678,420695,2024-12-09 14:32:00+00:00,2024-12-09 14:33:00+00:00,2024-12-09 14:50:00+00:00,short,21629.75,21630.75,21630.5,21647.696428571428,21605.5,21580.5,21555.5,21530.5,73.0,near_trigger,-50.999914107744615,17.196428571427532,True,False,False,False,True,stop,21647.696428571428,21647.946428571428,-17.446428571427532,0.0,-17.446428571427532,-1.0145379023883705,43.0,18.5,2.5005192107997356,1.0758047767394212,18,17.0,1,2024-12-09,0.4361370716510904,0.4460176991150443,0.09107806691449814,partial_bullish,4.659022691799736,1.056960947873753,bearish,bearish,True,True,True,False
364,422079,422080,422139,2024-12-10 14:54:00+00:00,2024-12-10 14:55:00+00:00,2024-12-10 15:54:00+00:00,long,21526.5,21526.25,21526.5,21506.14285714286,21551.5,21576.5,21601.5,21626.5,70.0,near_trigger,58.05552204009753,20.357142857141298,True,True,True,False,False,max_holding_time,21524.0,21523.75,-2.75,0.0,-2.75,-0.13508771929825597,80.25,14.5,3.9421052631581968,0.7122807017544405,60,59.0,3,2024-12-10,3.555263157894737,3.127837514934289,3.230769230769231,partial_bullish,0.7879352981716463,1.0777779010059112,bullish,bullish,True,False,False,False
365,423440,423441,423443,2024-12-11 14:35:00+00:00,2024-12-11 14:36:00+00:00,2024-12-11 14:38:00+00:00,long,21619.25,21618.75,21619.0,21601.616071428572,21644.0,21669.0,21694.0,21719.0,80.84278418491706,high_probability,52.842784184917065,17.383928571427532,False,False,False,False,True,stop,21601.616071428572,21601.366071428572,-17.633928571427532,0.0,-17.633928571427532,-1.0143810991268627,4.5,24.5,0.25885978428352857,1.4093477144325444,3,2.0,0,2024-12-11,3.7318952234206475,1.456910569105691,6.012539184952979,strong_bullish,2.047339816933638,0.9244355470168952,bullish,bullish,False,True,True,False
366,423449,423450,423509,2024-12-11 14:44:00+00:00,2024-12-11 14:45:00+00:00,2024-12-11 15:44:00+00:00,long,21636.25,21636.25,21636.5,21612.339285714286,21661.5,21686.5,21711.5,21736.5,72.55397528546683,near_trigger,42.553975285466834,24.160714285713766,True,True,True,False,False,max_holding_time,21717.0,21716.75,80.25,0.0,80.25,3.321507760532222,99.75,3.25,4.128603104212949,0.13451589061345448,60,59.0,3,2024-12-11,1.893569844789357,1.3978159126365055,6.012539184952979,strong_bullish,1.1880323214675694,1.4230677764565993,bullish,bullish,False,True,True,False
367,424855,424856,424863,2024-12-12 15:10:00+00:00,2024-12-12 15:11:00+00:00,2024-12-12 15:18:00+00:00,short,21642.25,21642.75,21642.5,21663.01785714286,21617.5,21592.5,21567.5,21542.5,70.76083550913839,near_trigger,-44.76083550913839,20.517857142858702,False,False,False,False,True,stop,21663.01785714286,21663.26785714286,-20.767857142858702,0.0,-20.767857142858702,-1.0121845082680583,17.75,27.5,0.8651000870321361,1.3402959094864082,8,7.0,0,2024-12-12,2.7963446475195823,1.4522821576763485,0.17475728155339806,strong_bearish,2.253165860187378,1.5724100767883604,bearish,bearish,False,True,True,False
368,426195,426196,426214,2024-12-13 14:30:00+00:00,2024-12-13 14:31:00+00:00,2024-12-13 14:49:00+00:00,long,21806.75,21805.75,21806.0,21790.758928571428,21831.0,21856.0,21881.0,21906.0,83.92611782921595,high_probability,71.92611782921595,15.241071428572468,True,True,True,True,False,tp4,21906.0,21905.75,99.75,0.0,99.75,6.544815465728903,102.0,10.0,6.692442882249104,0.6561218512008926,19,18.0,4,2024-12-13,2.4358523725834798,0.4840940525587828,2.237762237762238,partial_bearish,6.710493585871149,1.079110379665821,bullish,bullish,True,True,True,False
369,426221,426222,426231,2024-12-13 14:56:00+00:00,2024-12-13 14:57:00+00:00,2024-12-13 15:06:00+00:00,long,21875.5,21876.25,21876.5,21854.45535714286,21901.5,21926.5,21951.5,21976.5,70.0,near_trigger,31.49039365849567,22.044642857141298,False,False,False,False,True,stop,21854.45535714286,21854.20535714286,-22.294642857141298,0.0,-22.294642857141298,-1.011340623734306,21.0,37.5,0.9526123936817199,1.7010935601459283,10,9.0,0,2024-12-13,1.3268529769137303,3.5238095238095237,2.1087435709037474,partial_bullish,0.4735518957467549,0.6327551929800507,bullish,bullish,True,False,False,False
370,427582,427583,427637,2024-12-16 14:37:00+00:00,2024-12-16 14:38:00+00:00,2024-12-16 15:32:00+00:00,long,21910.0,21910.5,21910.75,21885.116071428572,21935.75,21960.75,21985.75,22010.75,70.08485594864905,near_trigger,50.08485594864905,25.633928571427532,True,True,True,True,False,tp4,22010.75,22010.5,99.75,0.0,99.75,3.8913270637410147,102.0,13.75,3.9791013584118646,0.5363984674329719,55,54.0,4,2024-12-16,0.8923719958202716,1.9429312581063554,0.7631318136769079,partial_bullish,1.1360579410243146,0.40178571428571425,bullish,bullish,True,True,True,True
371,430336,430337,430338,2024-12-18 14:31:00+00:00,2024-12-18 14:32:00+00:00,2024-12-18 14:33:00+00:00,short,22244.75,22244.75,22244.5,22261.5625,22219.5,22194.5,22169.5,22144.5,71.7092137276352,near_trigger,-45.7092137276352,17.0625,False,False,False,False,True,stop,22261.5625,22261.8125,-17.3125,0.0,-17.3125,-1.0146520146520146,0.5,20.5,0.029304029304029304,1.2014652014652014,2,1.0,0,2024-12-18,3.2527472527472527,0.35559736594543745,3.7964169381107493,strong_bearish,7.437893666131998,1.1365171595440062,bearish,bearish,True,True,False,False
372,430339,430340,430344,2024-12-18 14:34:00+00:00,2024-12-18 14:35:00+00:00,2024-12-18 14:39:00+00:00,short,22231.0,22231.5,22231.25,22252.758928571428,22206.25,22181.25,22156.25,22131.25,71.80992422080598,near_trigger,-53.80992422080598,21.508928571427532,False,False,False,False,True,stop,22252.758928571428,22253.008928571428,-21.758928571427532,0.0,-21.758928571427532,-1.0116230801162314,20.0,22.75,0.929846409298509,1.057700290577054,5,4.0,0,2024-12-18,3.3997509339975096,0.35559736594543745,3.7964169381107493,strong_bearish,3.658794339275868,1.2624052760074829,bearish,bearish,True,True,False,False
373,431723,431724,431739,2024-12-19 14:38:00+00:00,2024-12-19 14:39:00+00:00,2024-12-19 14:54:00+00:00,long,21607.75,21607.75,21608.0,21564.151785714286,21633.0,21658.0,21683.0,21708.0,72.79694563225412,near_trigger,50.79694563225412,43.848214285713766,True,True,False,False,True,stop,21564.151785714286,21563.901785714286,-44.098214285713766,0.0,-44.098214285713766,-1.0057014864589697,65.5,46.0,1.4937894522500685,1.04907350845043,16,15.0,2,2024-12-19,2.7025045815516187,0.7008871989860583,0.02877697841726619,partial_bullish,2.200916757059379,1.7953475096332239,bullish,bullish,True,True,False,False
374,431740,431741,431751,2024-12-19 14:55:00+00:00,2024-12-19 14:56:00+00:00,2024-12-19 15:06:00+00:00,long,21581.0,21581.0,21581.25,21526.660714285714,21606.25,21631.25,21656.25,21681.25,71.43061825318941,near_trigger,71.43061825318941,54.589285714286234,False,False,False,False,True,stop,21526.660714285714,21526.410714285714,-54.839285714286234,0.0,-54.839285714286234,-1.004579653254825,23.75,56.25,0.4350670592083701,1.0304219823356133,11,10.0,0,2024-12-19,0.6594700686947987,2.5725774024929633,1.7868576242628473,strong_bearish,1.0813359740242243,1.8612093454693026,bullish,bullish,True,False,False,False
375,431758,431759,431767,2024-12-19 15:13:00+00:00,2024-12-19 15:14:00+00:00,2024-12-19 15:22:00+00:00,long,21637.25,21636.75,21637.0,21586.160714285714,21662.0,21687.0,21712.0,21737.0,73.48809272918862,near_trigger,47.48809272918862,50.839285714286234,False,False,False,False,True,stop,21586.160714285714,21585.910714285714,-51.089285714286234,0.0,-51.089285714286234,-1.0049174569722514,0.0,95.5,0.0,1.878468563400051,9,8.0,0,2024-12-19,3.0094836670179133,0.6387832699619772,1.2203516647961092,partial_bearish,1.2627413042522317,1.9001614568169185,bullish,bullish,True,True,False,False
376,433098,433099,433102,2024-12-20 14:33:00+00:00,2024-12-20 14:34:00+00:00,2024-12-20 14:37:00+00:00,short,21193.75,21193.5,21193.25,21224.66964285714,21168.25,21143.25,21118.25,21093.25,81.87119889423039,high_probability,-63.87119889423039,31.419642857141298,False,False,False,False,True,stop,21224.66964285714,21224.91964285714,-31.669642857141298,0.0,-31.669642857141298,-1.0079568059107704,5.25,31.5,0.1670929241261805,1.002557544757083,4,3.0,0,2024-12-20,0.8115942028985507,0.21960784313725493,2.5043541364296082,partial_bullish,1.8946265049716842,1.0271912861596748,bearish,bearish,True,True,True,False
377,433105,433106,433115,2024-12-20 14:40:00+00:00,2024-12-20 14:41:00+00:00,2024-12-20 14:50:00+00:00,short,21285.5,21285.5,21285.25,21330.33035714286,21260.25,21235.25,21210.25,21185.25,85.9820558526441,high_probability,-74.9820558526441,45.0803571428587,True,True,True,True,False,tp4,21185.25,21185.5,99.75,0.0,99.75,2.212715389185901,125.0,11.25,2.772826302237971,0.24955436720141738,10,9.0,4,2024-12-20,2.678550207961973,1.7860498735092158,2.5043541364296082,strong_bullish,1.7027738408584734,1.7615416107318653,bearish,bearish,True,True,True,False
378,433140,433141,433150,2024-12-20 15:15:00+00:00,2024-12-20 15:16:00+00:00,2024-12-20 15:25:00+00:00,short,21343.75,21343.5,21343.25,21388.25,21318.25,21293.25,21268.25,21243.25,76.0,near_trigger,-41.027286821705424,45.0,False,False,False,False,True,stop,21388.25,21388.5,-45.25,0.0,-45.25,-1.0055555555555555,19.25,50.5,0.42777777777777776,1.1222222222222222,10,9.0,0,2024-12-20,2.8333333333333335,2.3450103032087135,1.8005727675084615,strong_bullish,1.0446238777846126,1.7012427085975146,bearish,bearish,True,True,False,False
379,434475,434476,434476,2024-12-23 14:30:00+00:00,2024-12-23 14:31:00+00:00,2024-12-23 14:31:00+00:00,long,21654.25,21654.25,21654.5,21635.535714285714,21679.5,21704.5,21729.5,21754.5,70.12611012433392,near_trigger,52.12611012433392,18.964285714286234,False,False,False,False,True,stop,21635.535714285714,21635.285714285714,-19.214285714286234,0.0,-19.214285714286234,-1.013182674199623,3.0,37.0,0.15819209039547588,1.9510357815442028,1,0.0,0,2024-12-23,4.508474576271187,0.7512626262626263,0.725925925925926,partial_bullish,10.768833582898745,1.1576376554174068,bullish,bullish,False,True,True,True
380,434510,434511,434513,2024-12-23 15:05:00+00:00,2024-12-23 15:06:00+00:00,2024-12-23 15:08:00+00:00,long,21588.75,21589.25,21589.5,21543.910714285714,21614.5,21639.5,21664.5,21689.5,70.74242068155111,near_trigger,70.74242068155111,45.589285714286234,False,False,False,False,True,stop,21543.910714285714,21543.660714285714,-45.839285714286234,0.0,-45.839285714286234,-1.0054837446141793,6.5,57.5,0.1425773599686627,1.2612612612612468,3,2.0,0,2024-12-23,0.773207990599295,1.646404449741756,1.2866640594446617,partial_bearish,1.1947125280153685,1.5918869833375995,bullish,bullish,True,False,False,False
381,434515,434516,434528,2024-12-23 15:10:00+00:00,2024-12-23 15:11:00+00:00,2024-12-23 15:23:00+00:00,long,21484.0,21484.5,21484.75,21434.20535714286,21509.75,21534.75,21559.75,21584.75,76.0,near_trigger,67.65066242713301,50.5446428571413,True,True,True,True,False,tp4,21584.75,21584.5,99.75,0.0,99.75,1.973502914679446,101.75,8.75,2.0130718954248987,0.17311429076135493,13,12.0,4,2024-12-23,3.1086380498145205,2.0389329488103822,1.2866640594446617,partial_bearish,1.7655204042934127,1.9549782704233605,bullish,bullish,True,False,False,False
382,438392,438393,438399,2024-12-27 14:32:00+00:00,2024-12-27 14:33:00+00:00,2024-12-27 14:39:00+00:00,short,21814.75,21814.25,21814.0,21832.803571428572,21789.0,21764.0,21739.0,21714.0,78.26734533983272,near_trigger,-50.267345339832715,18.803571428572468,True,True,True,True,False,tp4,21714.0,21714.25,99.75,0.0,99.75,5.304843304843011,104.0,9.5,5.530864197530558,0.5052231718898106,7,6.0,4,2024-12-27,3.31054131054131,1.75,4.120524017467249,strong_bearish,4.1863534380361624,1.1027903516274153,bearish,bearish,False,True,True,False
383,438420,438421,438432,2024-12-27 15:00:00+00:00,2024-12-27 15:01:00+00:00,2024-12-27 15:12:00+00:00,short,21655.0,21655.25,21655.0,21690.33035714286,21630.0,21605.0,21580.0,21555.0,80.4,high_probability,-46.400000000000006,35.3303571428587,True,True,True,True,False,tp4,21555.0,21555.25,99.75,0.0,99.75,2.823351023502529,102.5,6.75,2.9011877685113707,0.19105382865806586,12,11.0,4,2024-12-27,1.7937831690674755,2.138888888888889,5.829931972789115,strong_bearish,1.9973553190922888,2.093484023998884,bearish,bearish,False,True,True,False
384,438436,438437,438443,2024-12-27 15:16:00+00:00,2024-12-27 15:17:00+00:00,2024-12-27 15:23:00+00:00,short,21547.75,21548.25,21548.0,21593.66964285714,21523.0,21498.0,21473.0,21448.0,76.48891495601173,near_trigger,-48.488914956011726,45.6696428571413,True,False,False,False,True,stop,21593.66964285714,21593.91964285714,-45.9196428571413,0.0,-45.9196428571413,-1.0054740957966766,35.25,56.5,0.7718475073314046,1.2371456500489182,7,6.0,1,2024-12-27,0.656891495601173,3.0948957584471604,6.686646433990895,strong_bearish,0.9172499349087957,1.8120754602804798,bearish,bearish,False,True,True,False
385,438444,438445,438471,2024-12-27 15:24:00+00:00,2024-12-27 15:25:00+00:00,2024-12-27 15:51:00+00:00,short,21568.75,21569.0,21568.75,21609.8125,21543.75,21518.75,21493.75,21468.75,92.50611495551476,a_plus_plus,-70.50611495551476,41.0625,True,True,False,False,True,stop,21609.8125,21610.0625,-41.3125,0.0,-41.3125,-1.0060882800608828,63.75,46.25,1.552511415525114,1.126331811263318,27,26.0,2,2024-12-27,1.4246575342465753,3.390260173448966,6.686646433990895,partial_bearish,0.904132610190207,1.9887089186101214,bearish,bearish,True,True,True,False
386,441166,441167,441174,2024-12-31 14:46:00+00:00,2024-12-31 14:47:00+00:00,2024-12-31 14:54:00+00:00,long,21437.25,21437.5,21437.75,21393.473214285714,21462.75,21487.75,21512.75,21537.75,77.99086096452622,near_trigger,61.99086096452622,44.276785714286234,False,False,False,False,True,stop,21393.473214285714,21393.223214285714,-44.526785714286234,0.0,-44.526785714286234,-1.0056462996571889,16.0,52.75,0.3613631780600885,1.1913692276668544,8,7.0,0,2024-12-31,1.55837870538415,2.6072526121696376,2.0985772357723573,partial_bearish,1.3401041763904187,1.4359446267104103,bullish,bullish,True,True,False,False
387,441194,441195,441243,2024-12-31 15:14:00+00:00,2024-12-31 15:15:00+00:00,2024-12-31 16:03:00+00:00,long,21384.0,21383.75,21384.0,21342.910714285714,21409.0,21434.0,21459.0,21484.0,71.12026484159956,near_trigger,33.120264841599564,41.089285714286234,True,True,True,False,True,stop,21342.910714285714,21342.660714285714,-41.339285714286234,0.0,-41.339285714286234,-1.006084311169057,84.75,44.75,2.0625814863102736,1.089091699261177,49,48.0,3,2024-12-31,1.2503259452411994,1.111467522052927,1.39020979020979,partial_bearish,0.9482256551996446,1.333666541713524,neutral,bullish,True,False,True,False
