trade_id,signal_index,entry_index,exit_index,signal_time,entry_time,exit_time,direction,signal_close,entry_price_raw,entry_price,stop_price,tp1,tp2,tp3,tp4,raw_score,score_band,score_edge,stop_distance_points,tp1_hit,tp2_hit,tp3_hit,tp4_hit,stop_hit,exit_reason,exit_price_raw,exit_price,gross_result_points,commission_cost,net_result_points,net_result_r,mfe_points,mae_points,mfe_r,mae_r,bars_held,minutes_held,maximum_target_reached,session_date,snr_1m,snr_5m,snr_15m,snr_alignment,rvol_rolling,rvol_time_of_day,htf_bias,dol_direction,liquidity_sweep,displacement,structure_shift,fvg_context
1,930,931,931,2023-10-02 13:30:00+00:00,2023-10-02 13:31:00+00:00,2023-10-02 13:31:00+00:00,short,14854.0,14854.25,14854.0,14869.0,14829.0,14804.0,14779.0,14754.0,87.75908618899273,high_probability,-84.75908618899273,15.0,False,False,False,False,True,stop,14869.0,14869.25,-15.25,0.0,-15.25,-1.0166666666666666,1.75,30.25,0.11666666666666667,2.0166666666666666,1,0.0,0,2023-10-02,1.4181034482758619,2.497863247863248,0.3050847457627119,partial_bullish,8.476050671451096,,bearish,bearish,True,False,True,False
2,932,933,933,2023-10-02 13:32:00+00:00,2023-10-02 13:33:00+00:00,2023-10-02 13:33:00+00:00,short,14884.0,14884.0,14883.75,14898.75,14858.75,14833.75,14808.75,14783.75,70.0,near_trigger,-28.562606626395755,15.0,False,False,False,False,True,stop,14898.75,14899.0,-15.25,0.0,-15.25,-1.0166666666666666,2.75,21.5,0.18333333333333332,1.4333333333333333,1,0.0,0,2023-10-02,1.014827018121911,2.497863247863248,0.3050847457627119,strong_bullish,3.40750315452559,,bearish,bearish,True,False,True,False
3,935,936,938,2023-10-02 13:35:00+00:00,2023-10-02 13:36:00+00:00,2023-10-02 13:38:00+00:00,short,14916.5,14916.75,14916.5,14931.5,14891.5,14866.5,14841.5,14816.5,80.0,high_probability,-26.773662551440324,15.0,False,False,False,False,True,stop,14931.5,14931.75,-15.25,0.0,-15.25,-1.0166666666666666,2.25,24.75,0.15,1.65,3,2.0,0,2023-10-02,4.801097393689987,3.9724517906336083,0.3050847457627119,strong_bullish,3.0079336227359237,,bearish,bearish,True,False,True,False
4,939,940,961,2023-10-02 13:39:00+00:00,2023-10-02 13:40:00+00:00,2023-10-02 14:01:00+00:00,short,14952.25,14952.25,14952.0,14967.0,14927.0,14902.0,14877.0,14852.0,70.0,near_trigger,-37.49271506398074,15.0,True,False,False,False,True,stop,14967.0,14967.25,-15.25,0.0,-15.25,-1.0166666666666666,47.75,17.25,3.183333333333333,1.15,22,21.0,1,2023-10-02,2.8095781071835804,3.9724517906336083,0.3050847457627119,strong_bullish,2.085064114141232,,bearish,bearish,True,False,True,False
5,3690,3691,3723,2023-10-04 13:30:00+00:00,2023-10-04 13:31:00+00:00,2023-10-04 14:03:00+00:00,long,14774.5,14774.75,14775.0,14760.0,14800.0,14825.0,14850.0,14875.0,83.77777777777779,high_probability,79.77777777777779,15.0,True,True,False,False,True,stop,14760.0,14759.75,-15.25,0.0,-15.25,-1.0166666666666666,59.5,17.25,3.966666666666667,1.15,33,32.0,2,2023-10-04,2.23728813559322,1.3704115684093439,0.2768361581920904,partial_bullish,10.049597423510466,,bullish,bullish,True,True,True,False
6,3733,3734,3736,2023-10-04 14:13:00+00:00,2023-10-04 14:14:00+00:00,2023-10-04 14:16:00+00:00,long,14786.0,14786.5,14786.75,14771.75,14811.75,14836.75,14861.75,14886.75,76.14918961140403,near_trigger,66.14918961140403,15.0,False,False,False,False,True,stop,14771.75,14771.5,-15.25,0.0,-15.25,-1.0166666666666666,4.25,28.5,0.2833333333333333,1.9,3,2.0,0,2023-10-04,2.12829525483304,1.655006031363088,0.23702894593118515,partial_bullish,1.2377548182408142,,bullish,bullish,True,False,True,False
7,5079,5080,5105,2023-10-05 13:39:00+00:00,2023-10-05 13:40:00+00:00,2023-10-05 14:05:00+00:00,short,14882.0,14882.5,14882.25,14897.25,14857.25,14832.25,14807.25,14782.25,84.51966950302133,high_probability,-72.51966950302133,15.0,True,True,True,True,False,tp4,14782.25,14782.5,99.75,0.0,99.75,6.65,108.5,1.25,7.233333333333333,0.08333333333333333,26,25.0,4,2023-10-05,2.0510543840177577,0.7789634146341464,0.6431980906921242,partial_bearish,2.089083323480229,,bearish,bearish,True,True,True,True
8,5129,5130,5189,2023-10-05 14:29:00+00:00,2023-10-05 14:30:00+00:00,2023-10-05 15:29:00+00:00,short,14799.75,14800.25,14800.0,14815.0,14775.0,14750.0,14725.0,14700.0,74.0,near_trigger,-69.0,15.0,True,True,True,False,False,max_holding_time,14755.75,14756.0,44.0,0.0,44.0,2.933333333333333,84.0,3.5,5.6,0.23333333333333334,60,59.0,3,2023-10-05,2.32033426183844,2.1864801864801864,2.6775956284153004,partial_bearish,0.6853226727584237,,bearish,bearish,True,True,True,False
9,6452,6453,6504,2023-10-06 13:32:00+00:00,2023-10-06 13:33:00+00:00,2023-10-06 14:24:00+00:00,short,14796.75,14796.75,14796.5,14811.5,14771.5,14746.5,14721.5,14696.5,76.0,near_trigger,-35.920451629458555,15.0,True,True,True,False,True,stop,14811.5,14811.75,-15.25,0.0,-15.25,-1.0166666666666666,94.5,28.25,6.3,1.8833333333333333,52,51.0,3,2023-10-06,3.540415704387991,1.2554186145346364,3.6022005924672027,partial_bullish,2.1515580090332587,,bearish,bearish,True,True,False,False
10,10601,10602,10604,2023-10-11 13:41:00+00:00,2023-10-11 13:42:00+00:00,2023-10-11 13:44:00+00:00,long,15360.0,15359.75,15360.0,15345.0,15385.0,15410.0,15435.0,15460.0,72.0,near_trigger,47.26561192555435,15.0,False,False,False,False,True,stop,15345.0,15344.75,-15.25,0.0,-15.25,-1.0166666666666666,0.0,21.75,0.0,1.45,3,2.0,0,2023-10-11,0.963226571767497,2.3481717011128773,0.2597402597402597,partial_bearish,1.2623568178252,1.0982935153583617,bullish,bullish,True,False,True,False
11,10606,10607,10610,2023-10-11 13:46:00+00:00,2023-10-11 13:47:00+00:00,2023-10-11 13:50:00+00:00,long,15347.25,15347.5,15347.75,15332.75,15372.75,15397.75,15422.75,15447.75,71.63044651384891,near_trigger,71.63044651384891,15.0,False,False,False,False,True,stop,15332.75,15332.5,-15.25,0.0,-15.25,-1.0166666666666666,9.25,15.75,0.6166666666666667,1.05,4,3.0,0,2023-10-11,0.8913857677902621,0.6776045939294504,0.384012539184953,partial_bullish,1.0716631669627954,1.0587877682533893,bullish,bullish,True,False,True,True
12,10644,10645,10646,2023-10-11 14:24:00+00:00,2023-10-11 14:25:00+00:00,2023-10-11 14:26:00+00:00,long,15328.75,15328.5,15328.75,15313.75,15353.75,15378.75,15403.75,15428.75,71.49626926666042,near_trigger,51.49626926666042,15.0,False,False,False,False,True,stop,15313.75,15313.5,-15.25,0.0,-15.25,-1.0166666666666666,3.25,19.25,0.21666666666666667,1.2833333333333334,2,1.0,0,2023-10-11,1.55810147299509,0.9962149886449659,1.19859649122807,partial_bearish,0.9634646570638176,0.55771759137523,bullish,bullish,True,True,True,True
13,11976,11977,12006,2023-10-12 13:36:00+00:00,2023-10-12 13:37:00+00:00,2023-10-12 14:06:00+00:00,short,15403.0,15403.25,15403.0,15418.0,15378.0,15353.0,15328.0,15303.0,71.56747252747253,near_trigger,-71.56747252747253,15.0,True,False,False,False,True,stop,15418.0,15418.25,-15.25,0.0,-15.25,-1.0166666666666666,37.5,21.25,2.5,1.4166666666666667,30,29.0,1,2023-10-12,1.3333333333333333,0.20481927710843373,2.1615798922800717,partial_bullish,3.0406019864125104,1.5526519462781698,bearish,bearish,True,True,False,False
14,12016,12017,12022,2023-10-12 14:16:00+00:00,2023-10-12 14:17:00+00:00,2023-10-12 14:22:00+00:00,short,15423.5,15423.0,15422.75,15437.75,15397.75,15372.75,15347.75,15322.75,75.8,near_trigger,-75.8,15.0,False,False,False,False,True,stop,15437.75,15438.0,-15.25,0.0,-15.25,-1.0166666666666666,5.5,21.5,0.36666666666666664,1.4333333333333333,6,5.0,0,2023-10-12,1.9130434782608696,3.4236760124610592,1.9852034525277436,partial_bullish,1.7343378902032978,1.719129283883867,bearish,neutral,True,True,False,False
15,13357,13358,13380,2023-10-13 13:37:00+00:00,2023-10-13 13:38:00+00:00,2023-10-13 14:00:00+00:00,long,15317.0,15317.25,15317.5,15302.5,15342.5,15367.5,15392.5,15417.5,73.83892736447078,near_trigger,31.838927364470777,15.0,True,False,False,False,True,stop,15302.5,15302.25,-15.25,0.0,-15.25,-1.0166666666666666,45.0,24.25,3.0,1.6166666666666667,23,22.0,1,2023-10-13,1.9001280409731114,0.5011547344110855,3.8013964313421256,partial_bearish,1.8709541971377583,1.03521490341178,neutral,bullish,True,True,True,False
16,14735,14736,14739,2023-10-16 13:35:00+00:00,2023-10-16 13:36:00+00:00,2023-10-16 13:39:00+00:00,long,15244.0,15244.0,15244.25,15229.25,15269.25,15294.25,15319.25,15344.25,73.94712036689666,near_trigger,51.947120366896655,15.0,False,False,False,False,True,stop,15229.25,15229.0,-15.25,0.0,-15.25,-1.0166666666666666,15.75,15.75,1.05,1.05,4,3.0,0,2023-10-16,5.729166666666667,3.899122807017544,2.2056384742951907,strong_bullish,2.399986888899815,1.1943171252874876,bullish,bullish,True,True,True,False
17,14740,14741,14744,2023-10-16 13:40:00+00:00,2023-10-16 13:41:00+00:00,2023-10-16 13:44:00+00:00,long,15228.25,15228.0,15228.25,15213.25,15253.25,15278.25,15303.25,15328.25,78.0,near_trigger,55.38830912017884,15.0,False,False,False,False,True,stop,15213.25,15213.0,-15.25,0.0,-15.25,-1.0166666666666666,23.0,33.75,1.5333333333333334,2.25,4,3.0,0,2023-10-16,1.0929368029739777,3.255489021956088,2.2056384742951907,partial_bullish,1.2307865168539325,0.8761377633452242,bullish,bullish,True,True,True,False
18,14759,14760,14763,2023-10-16 13:59:00+00:00,2023-10-16 14:00:00+00:00,2023-10-16 14:03:00+00:00,long,15227.0,15227.0,15227.25,15212.25,15252.25,15277.25,15302.25,15327.25,83.57067938021454,high_probability,79.57067938021454,15.0,False,False,False,False,True,stop,15212.25,15212.0,-15.25,0.0,-15.25,-1.0166666666666666,10.5,16.75,0.7,1.1166666666666667,4,3.0,0,2023-10-16,1.8855780691299164,1.053763440860215,2.53840830449827,strong_bullish,1.2297508036026863,1.8885630498533725,bullish,bullish,True,True,True,False
19,16139,16140,16141,2023-10-17 13:59:00+00:00,2023-10-17 14:00:00+00:00,2023-10-17 14:01:00+00:00,short,15079.0,15079.25,15079.0,15094.0,15054.0,15029.0,15004.0,14979.0,86.50659879381195,high_probability,-79.50659879381195,15.0,False,False,False,False,True,stop,15094.0,15094.25,-15.25,0.0,-15.25,-1.0166666666666666,7.5,16.75,0.5,1.1166666666666667,2,1.0,0,2023-10-17,1.1870324189526185,3.480225988700565,4.816559600285511,partial_bearish,0.6749118362886802,1.0241462478758976,bearish,bearish,True,True,True,False
20,16142,16143,16146,2023-10-17 14:02:00+00:00,2023-10-17 14:03:00+00:00,2023-10-17 14:06:00+00:00,short,15088.75,15088.5,15088.25,15103.25,15063.25,15038.25,15013.25,14988.25,70.0,near_trigger,-36.55856803782309,15.0,False,False,False,False,True,stop,15103.25,15103.5,-15.25,0.0,-15.25,-1.0166666666666666,8.75,20.25,0.5833333333333334,1.35,4,3.0,0,2023-10-17,1.226143790849673,2.148626817447496,4.493150684931507,partial_bearish,0.5807301354299675,0.5180944925550827,bearish,bearish,True,False,False,False
21,17496,17497,17527,2023-10-18 13:36:00+00:00,2023-10-18 13:37:00+00:00,2023-10-18 14:07:00+00:00,short,15171.25,15171.5,15171.25,15186.25,15146.25,15121.25,15096.25,15071.25,70.00255276587296,near_trigger,-38.00255276587296,15.0,True,False,False,False,True,stop,15186.25,15186.5,-15.25,0.0,-15.25,-1.0166666666666666,49.75,19.25,3.316666666666667,1.2833333333333334,31,30.0,1,2023-10-18,2.9013732833957553,3.086729362591431,1.7353215284249768,partial_bullish,2.7757949905147745,1.4501322806870196,bearish,bearish,False,True,False,False
22,17541,17542,17556,2023-10-18 14:21:00+00:00,2023-10-18 14:22:00+00:00,2023-10-18 14:36:00+00:00,short,15209.0,15209.5,15209.25,15224.25,15184.25,15159.25,15134.25,15109.25,70.77389920424403,near_trigger,-70.77389920424403,15.0,True,True,True,True,False,tp4,15109.25,15109.5,99.75,0.0,99.75,6.65,101.25,13.75,6.75,0.9166666666666666,15,14.0,4,2023-10-18,2.4459770114942527,1.2593818984547462,1.0795805058605799,strong_bullish,1.1916785942549533,1.5680499072136453,bearish,bearish,True,False,False,False
23,18872,18873,18873,2023-10-19 13:32:00+00:00,2023-10-19 13:33:00+00:00,2023-10-19 13:33:00+00:00,long,15107.5,15107.25,15107.5,15092.5,15132.5,15157.5,15182.5,15207.5,82.84173310386834,high_probability,56.841733103868336,15.0,False,False,False,False,True,stop,15092.5,15092.25,-15.25,0.0,-15.25,-1.0166666666666666,1.75,21.0,0.11666666666666667,1.4,1,0.0,0,2023-10-19,2.5719237435008666,0.126,2.2329945269741986,partial_bullish,4.3795476892822025,1.0118717524524081,bullish,bullish,True,True,True,True
24,18875,18876,18876,2023-10-19 13:35:00+00:00,2023-10-19 13:36:00+00:00,2023-10-19 13:36:00+00:00,long,15076.0,15076.0,15076.25,15061.25,15101.25,15126.25,15151.25,15176.25,78.0,near_trigger,50.287217329108906,15.0,False,False,False,False,True,stop,15061.25,15061.0,-15.25,0.0,-15.25,-1.0166666666666666,1.25,20.75,0.08333333333333333,1.3833333333333333,1,0.0,0,2023-10-19,2.137551581843191,1.2901459854014599,2.2329945269741986,partial_bearish,2.775434670339129,0.9844182988117045,bullish,bullish,True,True,True,True
25,18877,18878,18882,2023-10-19 13:37:00+00:00,2023-10-19 13:38:00+00:00,2023-10-19 13:42:00+00:00,long,15043.0,15042.75,15043.0,15028.0,15068.0,15093.0,15118.0,15143.0,78.0,near_trigger,34.93306117998665,15.0,False,False,False,False,True,stop,15028.0,15027.75,-15.25,0.0,-15.25,-1.0166666666666666,9.0,19.0,0.6,1.2666666666666666,5,4.0,0,2023-10-19,4.2594339622641515,1.2901459854014599,2.2329945269741986,partial_bearish,2.8025195778004766,1.4935791853940426,bullish,neutral,True,True,True,True
26,21633,21634,21649,2023-10-23 13:33:00+00:00,2023-10-23 13:34:00+00:00,2023-10-23 13:49:00+00:00,short,14580.0,14580.5,14580.25,14595.25,14555.25,14530.25,14505.25,14480.25,83.71633899697142,high_probability,-59.716338996971416,15.0,True,True,False,False,True,stop,14595.25,14595.5,-15.25,0.0,-15.25,-1.0166666666666666,66.0,25.0,4.4,1.6666666666666667,16,15.0,2,2023-10-23,1.7909215955983493,0.981549815498155,0.8671641791044776,partial_bearish,3.8013952418674775,1.14542374621426,bearish,bearish,True,True,True,False
27,23020,23021,23023,2023-10-24 13:40:00+00:00,2023-10-24 13:41:00+00:00,2023-10-24 13:43:00+00:00,long,14828.75,14829.0,14829.25,14814.25,14854.25,14879.25,14904.25,14929.25,84.22442057659694,high_probability,58.22442057659694,15.0,False,False,False,False,True,stop,14814.25,14814.0,-15.25,0.0,-15.25,-1.0166666666666666,8.0,21.0,0.5333333333333333,1.4,3,2.0,0,2023-10-24,1.7340619307832421,1.6338329764453963,0.5666337611056268,partial_bullish,2.4457370196907893,1.520105638969042,bullish,bullish,True,True,True,False
28,24391,24392,24446,2023-10-25 13:31:00+00:00,2023-10-25 13:32:00+00:00,2023-10-25 14:26:00+00:00,short,14703.5,14703.25,14703.0,14718.0,14678.0,14653.0,14628.0,14603.0,81.6,high_probability,-67.6,15.0,True,True,True,True,False,tp4,14603.0,14603.25,99.75,0.0,99.75,6.65,103.0,0.5,6.866666666666666,0.03333333333333333,55,54.0,4,2023-10-25,4.975206611570248,0.8839941262848752,2.51006711409396,strong_bearish,10.774151718175924,1.6052900752369623,bearish,bearish,False,True,True,False
29,24447,24448,24450,2023-10-25 14:27:00+00:00,2023-10-25 14:28:00+00:00,2023-10-25 14:30:00+00:00,short,14603.75,14604.0,14603.75,14618.75,14578.75,14553.75,14528.75,14503.75,74.0,near_trigger,-66.59509803921569,15.0,False,False,False,False,True,stop,14618.75,14619.0,-15.25,0.0,-15.25,-1.0166666666666666,2.5,25.0,0.16666666666666666,1.6666666666666667,3,2.0,0,2023-10-25,1.3382352941176472,0.7394957983193278,4.472222222222222,strong_bearish,2.246007918896576,1.7792781832927818,bearish,bearish,True,True,True,True
30,25782,25783,25786,2023-10-26 13:42:00+00:00,2023-10-26 13:43:00+00:00,2023-10-26 13:46:00+00:00,long,14413.0,14413.0,14413.25,14398.25,14438.25,14463.25,14488.25,14513.25,73.53912650385789,near_trigger,51.53912650385789,15.0,False,False,False,False,True,stop,14398.25,14398.0,-15.25,0.0,-15.25,-1.0166666666666666,16.25,21.25,1.0833333333333333,1.4166666666666667,4,3.0,0,2023-10-26,0.2920592193808883,1.593103448275862,3.119314436387607,partial_bearish,1.7282899537825347,1.8332480085188296,bullish,bullish,True,True,False,False
31,25790,25791,25793,2023-10-26 13:50:00+00:00,2023-10-26 13:51:00+00:00,2023-10-26 13:53:00+00:00,long,14345.75,14345.75,14346.0,14331.0,14371.0,14396.0,14421.0,14446.0,76.0,near_trigger,37.65598866052445,15.0,False,False,False,False,True,stop,14331.0,14330.75,-15.25,0.0,-15.25,-1.0166666666666666,17.0,19.5,1.1333333333333333,1.3,3,2.0,0,2023-10-26,2.738483345145287,1.6282527881040891,1.9151312116136237,partial_bearish,1.1439964335248662,1.7376819621079913,bullish,bullish,True,False,False,False
32,25828,25829,25830,2023-10-26 14:28:00+00:00,2023-10-26 14:29:00+00:00,2023-10-26 14:30:00+00:00,long,14330.25,14330.0,14330.25,14315.25,14355.25,14380.25,14405.25,14430.25,98.4,a_plus_plus,72.4,15.0,False,False,False,False,True,stop,14315.25,14315.0,-15.25,0.0,-15.25,-1.0166666666666666,0.0,16.5,0.0,1.1,2,1.0,0,2023-10-26,2.8606403013182673,1.3970401691331924,2.5494018608772704,partial_bearish,2.3064312042691313,2.647051395378204,bullish,bullish,True,True,True,False
33,27159,27160,27169,2023-10-27 13:39:00+00:00,2023-10-27 13:40:00+00:00,2023-10-27 13:49:00+00:00,long,14313.75,14313.25,14313.5,14298.5,14338.5,14363.5,14388.5,14413.5,73.0,near_trigger,69.14370802006238,15.0,True,False,False,False,True,stop,14298.5,14298.25,-15.25,0.0,-15.25,-1.0166666666666666,42.75,22.25,2.85,1.4833333333333334,10,9.0,1,2023-10-27,0.5727272727272728,0.18229166666666666,0.6511627906976745,partial_bearish,1.6921427837246523,1.0703649749220285,bullish,bullish,True,True,True,False
34,29918,29919,29932,2023-10-31 13:38:00+00:00,2023-10-31 13:39:00+00:00,2023-10-31 13:52:00+00:00,long,14338.25,14337.75,14338.0,14323.0,14363.0,14388.0,14413.0,14438.0,70.90295385699201,near_trigger,70.90295385699201,15.0,False,False,False,False,True,stop,14323.0,14322.75,-15.25,0.0,-15.25,-1.0166666666666666,18.0,23.75,1.2,1.5833333333333333,14,13.0,0,2023-10-31,3.0600226500566254,1.854054054054054,1.0129198966408268,strong_bearish,1.7225566492897366,1.0517003948892394,bullish,bullish,True,True,False,False
35,31326,31327,31328,2023-11-01 14:06:00+00:00,2023-11-01 14:07:00+00:00,2023-11-01 14:08:00+00:00,long,14552.25,14552.75,14553.0,14538.0,14578.0,14603.0,14628.0,14653.0,72.24361370716511,near_trigger,72.24361370716511,15.0,False,False,False,False,True,stop,14538.0,14537.75,-15.25,0.0,-15.25,-1.0166666666666666,3.25,19.0,0.21666666666666667,1.2666666666666666,2,1.0,0,2023-11-01,1.0176531671858773,0.7357357357357358,2.121495327102804,partial_bullish,1.9559384073426813,1.5301475891617238,bullish,bullish,True,True,False,False
36,34065,34066,34087,2023-11-03 13:45:00+00:00,2023-11-03 13:46:00+00:00,2023-11-03 14:07:00+00:00,long,15106.75,15106.25,15106.5,15091.5,15131.5,15156.5,15181.5,15206.5,73.8092745326776,near_trigger,45.809274532677605,15.0,True,True,False,False,True,stop,15091.5,15091.25,-15.25,0.0,-15.25,-1.0166666666666666,56.75,18.25,3.783333333333333,1.2166666666666666,22,21.0,2,2023-11-03,3.5310519645120406,2.6726238830219335,5.04296100462657,strong_bullish,1.796587364687175,1.074013951651823,bullish,bullish,True,True,True,True
37,34097,34098,34100,2023-11-03 14:17:00+00:00,2023-11-03 14:18:00+00:00,2023-11-03 14:20:00+00:00,long,15110.5,15110.5,15110.75,15095.75,15135.75,15160.75,15185.75,15210.75,80.39625879099222,high_probability,80.39625879099222,15.0,False,False,False,False,True,stop,15095.75,15095.5,-15.25,0.0,-15.25,-1.0166666666666666,6.0,15.0,0.4,1.0,3,2.0,0,2023-11-03,0.8615384615384615,0.7668789808917198,1.4,partial_bullish,0.792896305668593,0.8940414374582284,bullish,bullish,True,True,True,True
38,34103,34104,34106,2023-11-03 14:23:00+00:00,2023-11-03 14:24:00+00:00,2023-11-03 14:26:00+00:00,long,15089.25,15089.5,15089.75,15074.75,15114.75,15139.75,15164.75,15189.75,72.0,near_trigger,71.0333942727471,15.0,False,False,False,False,True,stop,15074.75,15074.5,-15.25,0.0,-15.25,-1.0166666666666666,10.75,29.5,0.7166666666666667,1.9666666666666666,3,2.0,0,2023-11-03,2.0520547945205476,0.3297101449275362,1.4,partial_bearish,0.9273117379245381,0.739959703097433,bullish,bullish,True,True,True,True
39,35482,35483,35484,2023-11-06 15:22:00+00:00,2023-11-06 15:23:00+00:00,2023-11-06 15:24:00+00:00,long,15224.0,15223.75,15224.0,15209.0,15249.0,15274.0,15299.0,15324.0,71.8986279977691,near_trigger,64.8986279977691,15.0,False,False,False,False,True,stop,15209.0,15208.75,-15.25,0.0,-15.25,-1.0166666666666666,2.75,20.25,0.18333333333333332,1.35,2,1.0,0,2023-11-06,1.1555555555555554,0.17384952520087654,0.9659735349716446,partial_bearish,1.2046891381008356,0.9399516638780443,bullish,bullish,True,True,True,False
40,38221,38222,38223,2023-11-08 15:01:00+00:00,2023-11-08 15:02:00+00:00,2023-11-08 15:03:00+00:00,long,15375.0,15375.5,15375.75,15360.75,15400.75,15425.75,15450.75,15475.75,70.0,near_trigger,38.440816935779026,15.0,False,False,False,False,True,stop,15360.75,15360.5,-15.25,0.0,-15.25,-1.0166666666666666,0.25,25.0,0.016666666666666666,1.6666666666666667,2,1.0,0,2023-11-08,2.926126126126126,1.2934782608695654,1.4095022624434388,partial_bearish,1.553748629202664,1.0575373888347792,bullish,bullish,True,False,True,False
41,38228,38229,38235,2023-11-08 15:08:00+00:00,2023-11-08 15:09:00+00:00,2023-11-08 15:15:00+00:00,long,15376.25,15376.25,15376.5,15361.5,15401.5,15426.5,15451.5,15476.5,76.22673168971268,near_trigger,64.22673168971268,15.0,False,False,False,False,True,stop,15361.5,15361.25,-15.25,0.0,-15.25,-1.0166666666666666,10.5,20.25,0.7,1.35,7,6.0,0,2023-11-08,1.9211678832116788,2.7243947858473,1.4095022624434388,partial_bullish,0.8165858709464866,0.8002029333087354,bullish,bullish,True,False,False,False
42,40957,40958,41017,2023-11-10 14:37:00+00:00,2023-11-10 14:38:00+00:00,2023-11-10 15:37:00+00:00,long,15335.75,15336.0,15336.25,15321.25,15361.25,15386.25,15411.25,15436.25,70.56347787410377,near_trigger,44.56347787410377,15.0,True,True,False,False,False,max_holding_time,15331.75,15331.5,-4.75,0.0,-4.75,-0.31666666666666665,52.75,14.25,3.5166666666666666,0.95,60,59.0,2,2023-11-10,1.5348837209302326,0.6845425867507886,2.354228855721393,strong_bullish,3.1906712890009454,1.2683008310017956,bullish,bullish,True,True,False,False
43,43711,43712,43771,2023-11-14 14:31:00+00:00,2023-11-14 14:32:00+00:00,2023-11-14 15:31:00+00:00,long,15801.75,15801.75,15802.0,15787.0,15827.0,15852.0,15877.0,15902.0,70.0,near_trigger,26.27419059376369,15.0,True,True,True,False,False,max_holding_time,15890.75,15890.5,88.5,0.0,88.5,5.9,90.0,12.0,6.0,0.8,60,59.0,3,2023-11-14,1.605095541401274,0.02054794520547945,6.6541861674466976,partial_bullish,4.7926115279953825,1.1572617577953885,bullish,bullish,True,True,True,False
44,45091,45092,45092,2023-11-15 14:31:00+00:00,2023-11-15 14:32:00+00:00,2023-11-15 14:32:00+00:00,long,15954.75,15954.5,15954.75,15939.75,15979.75,16004.75,16029.75,16054.75,74.55657434186199,near_trigger,74.55657434186199,15.0,False,False,False,False,True,stop,15939.75,15939.5,-15.25,0.0,-15.25,-1.0166666666666666,0.75,18.75,0.05,1.25,1,0.0,0,2023-11-15,0.9485981308411214,0.157439446366782,1.4614220877458397,partial_bearish,4.334767305436058,0.735437553495717,bullish,bullish,True,False,True,False
45,45095,45096,45096,2023-11-15 14:35:00+00:00,2023-11-15 14:36:00+00:00,2023-11-15 14:36:00+00:00,long,15967.5,15967.75,15968.0,15953.0,15993.0,16018.0,16043.0,16068.0,83.1305650003185,high_probability,57.1305650003185,15.0,False,False,False,False,True,stop,15953.0,15952.75,-15.25,0.0,-15.25,-1.0166666666666666,0.25,18.75,0.016666666666666666,1.25,1,0.0,0,2023-11-15,1.561061946902655,0.35782747603833864,1.4614220877458397,partial_bullish,2.667833242687224,0.8539142149998864,bullish,bullish,True,True,True,False
46,45098,45099,45099,2023-11-15 14:38:00+00:00,2023-11-15 14:39:00+00:00,2023-11-15 14:39:00+00:00,long,15970.75,15970.75,15971.0,15956.0,15996.0,16021.0,16046.0,16071.0,75.45252268206764,near_trigger,75.45252268206764,15.0,False,False,False,False,True,stop,15956.0,15955.75,-15.25,0.0,-15.25,-1.0166666666666666,2.75,20.5,0.18333333333333332,1.3666666666666667,1,0.0,0,2023-11-15,1.503486750348675,0.35782747603833864,1.4614220877458397,partial_bullish,1.5236079392487794,0.775555723574777,bullish,bullish,True,True,True,False
47,49254,49255,49258,2023-11-20 14:54:00+00:00,2023-11-20 14:55:00+00:00,2023-11-20 14:58:00+00:00,short,15982.5,15982.0,15981.75,15996.75,15956.75,15931.75,15906.75,15881.75,78.57261644178843,near_trigger,-67.57261644178843,15.0,False,False,False,False,True,stop,15996.75,15997.0,-15.25,0.0,-15.25,-1.0166666666666666,3.75,15.25,0.25,1.0166666666666666,4,3.0,0,2023-11-20,1.8039927404718694,3.9295454545454547,3.3950617283950617,strong_bullish,0.916591346265267,1.042284328840047,neutral,bearish,True,True,True,False
48,50610,50611,50615,2023-11-21 14:30:00+00:00,2023-11-21 14:31:00+00:00,2023-11-21 14:35:00+00:00,short,15994.25,15994.25,15994.0,16009.0,15969.0,15944.0,15919.0,15894.0,73.58044502904747,near_trigger,-48.58044502904747,15.0,False,False,False,False,True,stop,16009.0,16009.25,-15.25,0.0,-15.25,-1.0166666666666666,13.5,17.75,0.9,1.1833333333333333,5,4.0,0,2023-11-21,1.9310344827586208,0.9204152249134948,1.5333333333333334,partial_bearish,12.042396451928138,0.975556286309328,neutral,bearish,True,True,True,False
49,52032,52033,52033,2023-11-22 15:12:00+00:00,2023-11-22 15:13:00+00:00,2023-11-22 15:13:00+00:00,long,16043.75,16043.5,16043.75,16028.75,16068.75,16093.75,16118.75,16143.75,82.32739343445732,high_probability,64.32739343445732,15.0,False,False,False,False,True,stop,16028.75,16028.5,-15.25,0.0,-15.25,-1.0166666666666666,0.25,15.75,0.016666666666666666,1.05,1,0.0,0,2023-11-22,1.2684031710079275,4.266747133373567,0.44245676803816336,partial_bullish,0.9360244902194781,1.4803063457330417,bullish,bullish,True,False,True,False
50,52041,52042,52073,2023-11-22 15:21:00+00:00,2023-11-22 15:22:00+00:00,2023-11-22 15:53:00+00:00,long,16044.75,16044.5,16044.75,16029.75,16069.75,16094.75,16119.75,16144.75,83.0,high_probability,71.0,15.0,True,True,False,False,True,stop,16029.75,16029.5,-15.25,0.0,-15.25,-1.0166666666666666,54.25,16.0,3.6166666666666667,1.0666666666666667,32,31.0,2,2023-11-22,1.5,0.836283185840708,0.8961807423345886,partial_bearish,1.3074759027809804,1.5786396413954396,bullish,bullish,True,True,True,False
51,54566,54567,54580,2023-11-24 15:26:00+00:00,2023-11-24 15:27:00+00:00,2023-11-24 15:40:00+00:00,short,15995.25,15995.0,15994.75,16009.75,15969.75,15944.75,15919.75,15894.75,70.99096345925712,near_trigger,-70.99096345925712,15.0,False,False,False,False,True,stop,16009.75,16010.0,-15.25,0.0,-15.25,-1.0166666666666666,4.75,15.5,0.31666666666666665,1.0333333333333334,14,13.0,0,2023-11-24,2.0622406639004147,1.3241505968778695,2.49601593625498,strong_bearish,1.3852907117658146,0.8258412535319805,bearish,bearish,False,True,True,False
52,55676,55677,55695,2023-11-27 14:41:00+00:00,2023-11-27 14:42:00+00:00,2023-11-27 15:00:00+00:00,short,16003.5,16003.75,16003.5,16018.5,15978.5,15953.5,15928.5,15903.5,72.1972685086438,near_trigger,-72.1972685086438,15.0,False,False,False,False,True,stop,16018.5,16018.75,-15.25,0.0,-15.25,-1.0166666666666666,19.75,18.0,1.3166666666666667,1.2,19,18.0,0,2023-11-27,1.4563758389261745,1.608982826948481,1.3500660501981507,partial_bullish,1.3710278432761969,1.3895320761258527,bearish,bearish,True,True,True,True
53,57049,57050,57109,2023-11-28 14:34:00+00:00,2023-11-28 14:35:00+00:00,2023-11-28 15:34:00+00:00,short,15998.0,15998.0,15997.75,16012.75,15972.75,15947.75,15922.75,15897.75,70.87541252597444,near_trigger,-70.87541252597444,15.0,True,False,False,False,False,max_holding_time,15988.25,15988.5,9.25,0.0,9.25,0.6166666666666667,39.5,8.0,2.6333333333333333,0.5333333333333333,60,59.0,1,2023-11-28,2.7822410147991543,0.28413284132841327,1.5272727272727271,strong_bullish,2.7655474733850376,1.1237582578908736,bearish,bearish,True,False,False,False
54,59835,59836,59849,2023-11-30 15:00:00+00:00,2023-11-30 15:01:00+00:00,2023-11-30 15:14:00+00:00,short,15956.25,15955.75,15955.5,15970.5,15930.5,15905.5,15880.5,15855.5,73.59471224679797,near_trigger,-51.59471224679797,15.0,True,False,False,False,True,stop,15970.5,15970.75,-15.25,0.0,-15.25,-1.0166666666666666,36.75,22.5,2.45,1.5,14,13.0,1,2023-11-30,1.1305518169582773,2.765564950038432,4.016058394160583,strong_bearish,1.560451028881276,1.2433903084974647,bearish,bearish,True,True,True,False
55,61190,61191,61191,2023-12-01 14:35:00+00:00,2023-12-01 14:36:00+00:00,2023-12-01 14:36:00+00:00,short,15882.25,15882.0,15881.75,15896.75,15856.75,15831.75,15806.75,15781.75,72.3874883574093,near_trigger,-46.387488357409296,15.0,False,False,False,False,True,stop,15896.75,15897.0,-15.25,0.0,-15.25,-1.0166666666666666,0.5,24.0,0.03333333333333333,1.6,1,0.0,0,2023-12-01,3.5522388059701493,3.170860927152318,0.016766467065868262,partial_bearish,2.737645608873693,1.2190847127555988,bearish,bearish,True,True,False,False
56,61205,61206,61206,2023-12-01 14:50:00+00:00,2023-12-01 14:51:00+00:00,2023-12-01 14:51:00+00:00,short,15912.5,15912.5,15912.25,15927.25,15887.25,15862.25,15837.25,15812.25,88.15384615384616,high_probability,-76.15384615384616,15.0,False,False,False,False,True,stop,15927.25,15927.5,-15.25,0.0,-15.25,-1.0166666666666666,0.0,16.0,0.0,1.0666666666666667,1,0.0,0,2023-12-01,2.0,0.08179162609542356,0.4804575786463298,partial_bearish,1.17960492875046,1.785406359017894,bearish,bearish,True,True,True,False
57,63947,63948,63951,2023-12-05 14:32:00+00:00,2023-12-05 14:33:00+00:00,2023-12-05 14:36:00+00:00,short,15805.0,15804.75,15804.5,15819.5,15779.5,15754.5,15729.5,15704.5,78.0,near_trigger,-57.871868951517726,15.0,False,False,False,False,True,stop,15819.5,15819.75,-15.25,0.0,-15.25,-1.0166666666666666,17.5,26.0,1.1666666666666667,1.7333333333333334,4,3.0,0,2023-12-05,2.2548672566371684,0.9320652173913044,0.40867389491242706,partial_bearish,3.797268907563025,0.9101638106028419,bearish,bearish,True,True,True,False
58,63975,63976,63976,2023-12-05 15:00:00+00:00,2023-12-05 15:01:00+00:00,2023-12-05 15:01:00+00:00,long,15894.5,15894.75,15895.0,15880.0,15920.0,15945.0,15970.0,15995.0,80.4,high_probability,44.400000000000006,15.0,False,False,False,False,True,stop,15880.0,15879.75,-15.25,0.0,-15.25,-1.0166666666666666,3.0,16.75,0.2,1.1166666666666667,1,0.0,0,2023-12-05,2.2222222222222223,2.890688259109312,1.696969696969697,strong_bullish,2.720379271055699,1.8731063338623575,bullish,bullish,False,True,True,False
59,63978,63979,63986,2023-12-05 15:03:00+00:00,2023-12-05 15:04:00+00:00,2023-12-05 15:11:00+00:00,long,15915.0,15914.75,15915.0,15900.0,15940.0,15965.0,15990.0,16015.0,78.57864923747277,near_trigger,42.578649237472774,15.0,False,False,False,False,True,stop,15900.0,15899.75,-15.25,0.0,-15.25,-1.0166666666666666,13.5,20.75,0.9,1.3833333333333333,8,7.0,0,2023-12-05,3.888888888888889,2.890688259109312,1.696969696969697,strong_bullish,1.4537435592968766,1.5968324211016653,bullish,bullish,False,True,True,False
60,63995,63996,63998,2023-12-05 15:20:00+00:00,2023-12-05 15:21:00+00:00,2023-12-05 15:23:00+00:00,long,15923.5,15924.0,15924.25,15909.25,15949.25,15974.25,15999.25,16024.25,73.21839684625493,near_trigger,59.21839684625493,15.0,False,False,False,False,True,stop,15909.25,15909.0,-15.25,0.0,-15.25,-1.0166666666666666,12.5,19.25,0.8333333333333334,1.2833333333333334,3,2.0,0,2023-12-05,1.6373193166885678,2.020444978953698,3.3391506689936006,strong_bullish,1.0495728584019057,1.788922600987566,bullish,bullish,True,True,True,True
61,64002,64003,64062,2023-12-05 15:27:00+00:00,2023-12-05 15:28:00+00:00,2023-12-05 16:27:00+00:00,long,15870.25,15870.5,15870.75,15855.75,15895.75,15920.75,15945.75,15970.75,74.0,near_trigger,32.646035805626596,15.0,True,True,True,False,False,max_holding_time,15890.75,15890.5,19.75,0.0,19.75,1.3166666666666667,91.0,13.0,6.066666666666666,0.8666666666666667,60,59.0,3,2023-12-05,3.4910485933503836,1.998843930635838,3.3391506689936006,partial_bullish,1.2267546800061884,1.7350838803792852,bullish,bullish,False,True,True,False
62,65383,65384,65443,2023-12-06 15:28:00+00:00,2023-12-06 15:29:00+00:00,2023-12-06 16:28:00+00:00,long,15901.5,15901.5,15901.75,15886.75,15926.75,15951.75,15976.75,16001.75,73.50967741935484,near_trigger,65.50967741935484,15.0,True,False,False,False,False,max_holding_time,15919.0,15918.75,17.0,0.0,17.0,1.1333333333333333,48.0,10.0,3.2,0.6666666666666666,60,59.0,1,2023-12-06,0.7741935483870968,1.79570516540917,1.9486850545221295,strong_bearish,0.987975592246949,1.616591722492429,bullish,bullish,True,False,False,False
63,66707,66708,66721,2023-12-07 14:32:00+00:00,2023-12-07 14:33:00+00:00,2023-12-07 14:46:00+00:00,long,15950.0,15950.0,15950.25,15935.25,15975.25,16000.25,16025.25,16050.25,85.6,high_probability,39.599999999999994,15.0,True,False,False,False,True,stop,15935.25,15935.0,-15.25,0.0,-15.25,-1.0166666666666666,31.75,24.25,2.1166666666666667,1.6166666666666667,14,13.0,1,2023-12-07,1.8022988505747126,1.74,4.424870466321243,strong_bullish,6.097332966730822,1.726954855892408,neutral,bullish,True,True,True,False
64,68115,68116,68121,2023-12-08 15:00:00+00:00,2023-12-08 15:01:00+00:00,2023-12-08 15:06:00+00:00,short,16031.5,16031.75,16031.5,16046.5,16006.5,15981.5,15956.5,15931.5,78.0,near_trigger,-67.7864077669903,15.0,False,False,False,False,True,stop,16046.5,16046.75,-15.25,0.0,-15.25,-1.0166666666666666,21.5,24.75,1.4333333333333333,1.65,6,5.0,0,2023-12-08,2.192224622030238,1.2222222222222223,0.753208292201382,strong_bullish,2.531909477690639,1.9251258041326427,bearish,bearish,True,False,True,False
65,68141,68142,68172,2023-12-08 15:26:00+00:00,2023-12-08 15:27:00+00:00,2023-12-08 15:57:00+00:00,short,16092.0,16092.25,16092.0,16107.0,16067.0,16042.0,16017.0,15992.0,77.25629557460462,near_trigger,-77.25629557460462,15.0,True,True,False,False,True,stop,16107.0,16107.25,-15.25,0.0,-15.25,-1.0166666666666666,71.75,17.0,4.783333333333333,1.1333333333333333,31,30.0,2,2023-12-08,0.41880341880341876,3.596330275229358,2.8301724137931035,partial_bullish,0.8948678310254471,1.1188025166888271,bearish,bearish,True,False,True,False
66,70846,70847,70848,2023-12-12 14:31:00+00:00,2023-12-12 14:32:00+00:00,2023-12-12 14:33:00+00:00,short,16427.75,16427.75,16427.5,16442.5,16402.5,16377.5,16352.5,16327.5,71.43669209606486,near_trigger,-53.43669209606486,15.0,False,False,False,False,True,stop,16442.5,16442.75,-15.25,0.0,-15.25,-1.0166666666666666,9.25,16.25,0.6166666666666667,1.0833333333333333,2,1.0,0,2023-12-12,2.8624535315985127,0.5192727272727273,2.16260162601626,strong_bearish,6.601048340128131,0.7586903988914847,bearish,bearish,True,True,False,False
67,73632,73633,73673,2023-12-14 14:57:00+00:00,2023-12-14 14:58:00+00:00,2023-12-14 15:38:00+00:00,short,16867.0,16867.25,16867.0,16882.0,16842.0,16817.0,16792.0,16767.0,71.14649499284693,near_trigger,-71.14649499284693,15.0,True,True,True,True,False,tp4,16767.0,16767.25,99.75,0.0,99.75,6.65,100.0,1.75,6.666666666666667,0.11666666666666667,41,40.0,4,2023-12-14,1.742489270386266,1.6612209802235598,0.9670682730923694,strong_bullish,1.347035611992772,2.115035707392395,bearish,bearish,True,True,False,False
68,75030,75031,75090,2023-12-15 15:15:00+00:00,2023-12-15 15:16:00+00:00,2023-12-15 16:15:00+00:00,long,16847.0,16846.5,16846.75,16831.75,16871.75,16896.75,16921.75,16946.75,70.1021332512357,near_trigger,44.1021332512357,15.0,True,False,False,False,False,max_holding_time,16854.75,16854.5,7.75,0.0,7.75,0.5166666666666667,30.0,11.5,2.0,0.7666666666666667,60,59.0,1,2023-12-15,2.040752351097179,1.2635046113306982,1.935483870967742,strong_bullish,1.5406396340799362,1.1292339621637442,bullish,bullish,True,True,False,True
69,79130,79131,79190,2023-12-20 14:35:00+00:00,2023-12-20 14:36:00+00:00,2023-12-20 15:35:00+00:00,long,16992.25,16992.75,16993.0,16978.0,17018.0,17043.0,17068.0,17093.0,78.69933422450963,near_trigger,78.69933422450963,15.0,True,True,True,False,False,max_holding_time,17060.25,17060.0,67.0,0.0,67.0,4.466666666666667,80.5,3.0,5.366666666666666,0.2,60,59.0,3,2023-12-20,1.2108108108108109,1.548235294117647,0.6858108108108109,strong_bullish,2.796833773087071,0.7511948076640538,bullish,bullish,True,False,True,False
70,80505,80506,80507,2023-12-21 14:30:00+00:00,2023-12-21 14:31:00+00:00,2023-12-21 14:32:00+00:00,long,16945.5,16945.25,16945.5,16930.5,16970.5,16995.5,17020.5,17045.5,73.79118030143275,near_trigger,68.79118030143275,15.0,False,False,False,False,True,stop,16930.5,16930.25,-15.25,0.0,-15.25,-1.0166666666666666,13.25,19.0,0.8833333333333333,1.2666666666666666,2,1.0,0,2023-12-21,3.5244755244755246,0.5522935779816514,2.032450896669513,partial_bullish,12.84134739007457,1.2389753767909197,bullish,neutral,True,True,True,False
71,80508,80509,80511,2023-12-21 14:33:00+00:00,2023-12-21 14:34:00+00:00,2023-12-21 14:36:00+00:00,long,16921.5,16921.75,16922.0,16907.0,16947.0,16972.0,16997.0,17022.0,73.0,near_trigger,67.71958863763123,15.0,False,False,False,False,True,stop,16907.0,16906.75,-15.25,0.0,-15.25,-1.0166666666666666,15.0,15.75,1.0,1.05,3,2.0,0,2023-12-21,0.2871794871794872,0.5522935779816514,2.032450896669513,partial_bearish,2.2125493190785286,0.8505142029609479,bullish,bullish,True,True,True,False
72,80512,80513,80517,2023-12-21 14:37:00+00:00,2023-12-21 14:38:00+00:00,2023-12-21 14:42:00+00:00,long,16918.0,16918.25,16918.5,16903.5,16943.5,16968.5,16993.5,17018.5,78.89511889862328,near_trigger,78.89511889862328,15.0,False,False,False,False,True,stop,16903.5,16903.25,-15.25,0.0,-15.25,-1.0166666666666666,20.25,17.75,1.35,1.1833333333333333,5,4.0,0,2023-12-21,1.1564455569461827,0.1908580593424218,2.032450896669513,partial_bearish,2.2923151414539666,1.5368206269708773,bullish,bullish,True,True,True,False
73,80545,80546,80605,2023-12-21 15:10:00+00:00,2023-12-21 15:11:00+00:00,2023-12-21 16:10:00+00:00,long,16866.5,16866.25,16866.5,16851.5,16891.5,16916.5,16941.5,16966.5,73.8546329723225,near_trigger,73.8546329723225,15.0,True,True,False,False,False,max_holding_time,16874.5,16874.25,7.75,0.0,7.75,0.5166666666666667,67.0,12.75,4.466666666666667,0.85,60,59.0,2,2023-12-21,0.6401925391095067,3.4115898959881132,2.25496915695682,strong_bearish,1.2387090758633552,1.6076722938222303,bullish,bullish,True,True,False,False
74,81899,81900,81912,2023-12-22 14:44:00+00:00,2023-12-22 14:45:00+00:00,2023-12-22 14:57:00+00:00,long,17032.75,17032.5,17032.75,17017.75,17057.75,17082.75,17107.75,17132.75,72.70652173913044,near_trigger,46.70652173913044,15.0,False,False,False,False,True,stop,17017.75,17017.5,-15.25,0.0,-15.25,-1.0166666666666666,8.5,15.25,0.5666666666666667,1.0166666666666666,13,12.0,0,2023-12-22,2.0543478260869565,0.3085399449035812,2.663716814159292,strong_bullish,1.8350527688841458,1.7464168829703193,bullish,bullish,True,True,False,False
75,86060,86061,86080,2023-12-28 15:05:00+00:00,2023-12-28 15:06:00+00:00,2023-12-28 15:25:00+00:00,short,17110.5,17110.75,17110.5,17125.5,17085.5,17060.5,17035.5,17010.5,84.16741882223445,high_probability,-84.16741882223445,15.0,False,False,False,False,True,stop,17125.5,17125.75,-15.25,0.0,-15.25,-1.0166666666666666,7.75,16.75,0.5166666666666667,1.1166666666666667,20,19.0,0,2023-12-28,1.4177215189873418,0.9531914893617022,3.130434782608696,strong_bearish,4.390172820796782,1.6177844600762499,bearish,bearish,True,True,True,True
76,88787,88788,88801,2024-01-02 14:32:00+00:00,2024-01-02 14:33:00+00:00,2024-01-02 14:46:00+00:00,short,16863.5,16863.5,16863.25,16878.25,16838.25,16813.25,16788.25,16763.25,70.06640759196586,near_trigger,-65.06640759196586,15.0,True,True,True,True,False,tp4,16763.25,16763.5,99.75,0.0,99.75,6.65,100.0,0.25,6.666666666666667,0.016666666666666666,14,13.0,4,2024-01-02,0.10769230769230768,1.8053097345132743,1.5179621162638797,strong_bullish,3.355672713192148,0.9580094899573123,bearish,bearish,True,True,False,False
77,90169,90170,90170,2024-01-03 14:34:00+00:00,2024-01-03 14:35:00+00:00,2024-01-03 14:35:00+00:00,short,16611.5,16611.5,16611.25,16626.25,16586.25,16561.25,16536.25,16511.25,73.0,near_trigger,-73.0,15.0,False,False,False,False,True,stop,16626.25,16626.5,-15.25,0.0,-15.25,-1.0166666666666666,2.0,19.75,0.13333333333333333,1.3166666666666667,1,0.0,0,2024-01-03,0.11290322580645161,0.2575558475689882,0.17932296431838976,partial_bearish,2.9131225638804676,1.6245930305577294,bearish,bearish,True,True,True,False
78,90172,90173,90176,2024-01-03 14:37:00+00:00,2024-01-03 14:38:00+00:00,2024-01-03 14:41:00+00:00,short,16610.25,16610.0,16609.75,16624.75,16584.75,16559.75,16534.75,16509.75,72.02485828947991,near_trigger,-57.02485828947991,15.0,False,False,False,False,True,stop,16624.75,16625.0,-15.25,0.0,-15.25,-1.0166666666666666,6.75,24.25,0.45,1.6166666666666667,4,3.0,0,2024-01-03,1.0342612419700214,0.2975391498881432,0.17932296431838976,partial_bullish,1.3084357256192711,1.1834895030245522,bearish,bearish,True,True,True,False
79,90222,90223,90255,2024-01-03 15:27:00+00:00,2024-01-03 15:28:00+00:00,2024-01-03 16:00:00+00:00,short,16585.0,16584.75,16584.5,16599.5,16559.5,16534.5,16509.5,16484.5,78.0,near_trigger,-32.184016227180535,15.0,True,False,False,False,True,stop,16599.5,16599.75,-15.25,0.0,-15.25,-1.0166666666666666,41.0,29.0,2.7333333333333334,1.9333333333333333,33,32.0,1,2024-01-03,2.3655172413793104,1.392583872866392,1.5573770491803278,partial_bearish,1.1351411424761058,2.124155141936155,bearish,bearish,True,False,True,True
80,92955,92956,93015,2024-01-05 15:00:00+00:00,2024-01-05 15:01:00+00:00,2024-01-05 16:00:00+00:00,long,16498.0,16498.25,16498.5,16483.5,16523.5,16548.5,16573.5,16598.5,83.36712328767123,high_probability,59.367123287671234,15.0,True,True,False,False,False,max_holding_time,16566.5,16566.25,67.75,0.0,67.75,4.516666666666667,71.0,0.5,4.733333333333333,0.03333333333333333,60,59.0,2,2024-01-05,1.4490106544901065,0.5283018867924528,3.1845130066545675,partial_bullish,2.883958252802474,1.5811067408110675,bullish,bullish,True,True,True,False
81,94329,94330,94389,2024-01-08 14:54:00+00:00,2024-01-08 14:55:00+00:00,2024-01-08 15:54:00+00:00,long,16592.75,16592.75,16593.0,16578.0,16618.0,16643.0,16668.0,16693.0,71.05964912280702,near_trigger,57.059649122807016,15.0,True,True,True,False,False,max_holding_time,16660.75,16660.5,67.5,0.0,67.5,4.5,78.25,9.75,5.216666666666667,0.65,60,59.0,3,2024-01-08,1.031578947368421,4.7518796992481205,3.5466666666666664,strong_bullish,1.2404144792897782,1.8519050452409775,bullish,bullish,True,True,True,False
82,95686,95687,95691,2024-01-09 14:31:00+00:00,2024-01-09 14:32:00+00:00,2024-01-09 14:36:00+00:00,long,16699.75,16700.25,16700.5,16685.5,16725.5,16750.5,16775.5,16800.5,75.24276838607138,near_trigger,43.242768386071376,15.0,False,False,False,False,True,stop,16685.5,16685.25,-15.25,0.0,-15.25,-1.0166666666666666,14.0,15.75,0.9333333333333333,1.05,5,4.0,0,2024-01-09,2.8850325379609543,0.16470588235294117,2.4342105263157894,partial_bearish,5.937296416938111,1.0534604825892213,neutral,bullish,True,True,True,True
83,95720,95721,95722,2024-01-09 15:05:00+00:00,2024-01-09 15:06:00+00:00,2024-01-09 15:07:00+00:00,short,16687.25,16687.25,16687.0,16702.0,16662.0,16637.0,16612.0,16587.0,70.21966033267798,near_trigger,-32.219660332677975,15.0,False,False,False,False,True,stop,16702.0,16702.25,-15.25,0.0,-15.25,-1.0166666666666666,0.25,16.75,0.016666666666666666,1.1166666666666667,2,1.0,0,2024-01-09,1.175257731958763,0.2050447518307567,1.7566539923954372,partial_bullish,1.325364893835717,1.2131883493057702,neutral,bearish,True,False,True,False
84,95725,95726,95747,2024-01-09 15:10:00+00:00,2024-01-09 15:11:00+00:00,2024-01-09 15:32:00+00:00,long,16729.25,16729.0,16729.25,16714.25,16754.25,16779.25,16804.25,16829.25,72.63136,near_trigger,18.63136,15.0,False,False,False,False,True,stop,16714.25,16714.0,-15.25,0.0,-15.25,-1.0166666666666666,17.5,17.5,1.1666666666666667,1.1666666666666667,22,21.0,0,2024-01-09,3.7632,1.8763961280714818,1.7566539923954372,strong_bullish,1.6713598752328553,1.9092078783279998,neutral,bullish,True,True,False,False
85,97094,97095,97096,2024-01-10 14:59:00+00:00,2024-01-10 15:00:00+00:00,2024-01-10 15:01:00+00:00,long,16837.75,16837.25,16837.5,16822.5,16862.5,16887.5,16912.5,16937.5,70.9049458257542,near_trigger,53.9049458257542,15.0,False,False,False,False,True,stop,16822.5,16822.25,-15.25,0.0,-15.25,-1.0166666666666666,1.75,15.25,0.11666666666666667,1.0166666666666666,2,1.0,0,2024-01-10,1.2863705972434916,1.1111111111111112,0.972407231208373,partial_bullish,0.9799261115560494,1.3685482852555428,neutral,bullish,True,False,True,False
86,98481,98482,98482,2024-01-11 15:06:00+00:00,2024-01-11 15:07:00+00:00,2024-01-11 15:07:00+00:00,short,16841.0,16841.25,16841.0,16856.0,16816.0,16791.0,16766.0,16741.0,72.0,near_trigger,-44.0,15.0,False,False,False,False,True,stop,16856.0,16856.25,-15.25,0.0,-15.25,-1.0166666666666666,4.0,19.75,0.26666666666666666,1.3166666666666667,1,0.0,0,2024-01-11,5.088630259623993,3.8871331828442437,0.5773835920177384,partial_bearish,2.0143938269772965,3.22690873434459,bearish,neutral,False,True,True,False
87,99832,99833,99834,2024-01-12 14:37:00+00:00,2024-01-12 14:38:00+00:00,2024-01-12 14:39:00+00:00,short,17003.25,17003.25,17003.0,17018.0,16978.0,16953.0,16928.0,16903.0,72.63130272407865,near_trigger,-65.63130272407865,15.0,False,False,False,False,True,stop,17018.0,17018.25,-15.25,0.0,-15.25,-1.0166666666666666,0.0,16.0,0.0,1.0666666666666667,2,1.0,0,2024-01-12,1.7548209366391185,1.1408227848101264,3.6513879922530665,strong_bullish,1.7477999898265426,1.2457399753462401,neutral,bearish,True,True,True,False
88,99835,99836,99836,2024-01-12 14:40:00+00:00,2024-01-12 14:41:00+00:00,2024-01-12 14:41:00+00:00,short,17013.75,17013.25,17013.0,17028.0,16988.0,16963.0,16938.0,16913.0,72.0,near_trigger,-43.73805553889818,15.0,False,False,False,False,True,stop,17028.0,17028.25,-15.25,0.0,-15.25,-1.0166666666666666,0.5,15.0,0.03333333333333333,1.0,1,0.0,0,2024-01-12,1.8352059925093633,1.4497041420118344,3.6513879922530665,strong_bullish,0.9246028893840293,0.7063319496606707,neutral,bearish,True,True,True,False
89,99862,99863,99866,2024-01-12 15:07:00+00:00,2024-01-12 15:08:00+00:00,2024-01-12 15:11:00+00:00,long,16996.75,16996.5,16996.75,16981.75,17021.75,17046.75,17071.75,17096.75,71.48790786948176,near_trigger,47.48790786948176,15.0,False,False,False,False,True,stop,16981.75,16981.5,-15.25,0.0,-15.25,-1.0166666666666666,8.25,20.75,0.55,1.3833333333333333,4,3.0,0,2024-01-12,2.3378119001919386,1.875785066294487,0.9471458773784356,partial_bullish,1.2530087805539545,1.8473226483622671,bullish,bullish,True,True,False,False
90,99879,99880,99882,2024-01-12 15:24:00+00:00,2024-01-12 15:25:00+00:00,2024-01-12 15:27:00+00:00,long,16967.25,16966.75,16967.0,16952.0,16992.0,17017.0,17042.0,17067.0,86.37593360995851,high_probability,74.37593360995851,15.0,False,False,False,False,True,stop,16952.0,16951.75,-15.25,0.0,-15.25,-1.0166666666666666,9.5,16.0,0.6333333333333333,1.0666666666666667,3,2.0,0,2024-01-12,1.4522821576763485,2.377067254685777,0.02064896755162242,partial_bullish,0.8303143282567151,1.7693057186399181,bullish,bullish,True,False,True,False
91,102355,102356,102374,2024-01-16 14:40:00+00:00,2024-01-16 14:41:00+00:00,2024-01-16 14:59:00+00:00,short,16896.75,16896.75,16896.5,16911.5,16871.5,16846.5,16821.5,16796.5,71.15168005843682,near_trigger,-52.151680058436824,15.0,True,False,False,False,True,stop,16911.5,16911.75,-15.25,0.0,-15.25,-1.0166666666666666,41.5,23.25,2.7666666666666666,1.55,19,18.0,1,2024-01-16,2.6021739130434787,0.817167381974249,0.9545454545454545,partial_bullish,1.441479775730877,1.314600073046019,neutral,bearish,True,True,True,False
92,103761,103762,103769,2024-01-17 15:06:00+00:00,2024-01-17 15:07:00+00:00,2024-01-17 15:14:00+00:00,short,16738.0,16737.75,16737.5,16752.5,16712.5,16687.5,16662.5,16637.5,74.0,near_trigger,-70.26116860404903,15.0,False,False,False,False,True,stop,16752.5,16752.75,-15.25,0.0,-15.25,-1.0166666666666666,14.75,15.0,0.9833333333333333,1.0,8,7.0,0,2024-01-17,2.491965389369592,1.4812903225806453,3.9906158357771258,partial_bearish,1.050527508471134,1.2721177369040992,bearish,bearish,True,True,True,False
93,103776,103777,103779,2024-01-17 15:21:00+00:00,2024-01-17 15:22:00+00:00,2024-01-17 15:24:00+00:00,short,16722.75,16722.25,16722.0,16737.0,16697.0,16672.0,16647.0,16622.0,76.51279826659479,near_trigger,-44.512798266594785,15.0,False,False,False,False,True,stop,16737.0,16737.25,-15.25,0.0,-15.25,-1.0166666666666666,5.5,15.25,0.36666666666666664,1.0166666666666666,3,2.0,0,2024-01-17,0.7506234413965087,0.4555490993608367,2.1556039173014145,partial_bearish,0.9383252705134498,1.4789030701512054,bearish,bearish,True,False,True,False
94,106509,106510,106513,2024-01-19 14:54:00+00:00,2024-01-19 14:55:00+00:00,2024-01-19 14:58:00+00:00,long,17210.25,17210.0,17210.25,17195.25,17235.25,17260.25,17285.25,17310.25,74.58669159761267,near_trigger,46.58669159761267,15.0,False,False,False,False,True,stop,17195.25,17195.0,-15.25,0.0,-15.25,-1.0166666666666666,4.5,19.5,0.3,1.3,4,3.0,0,2024-01-19,1.9219380888290714,2.0766902119071644,1.9181286549707601,partial_bearish,0.9562601683111531,1.4823550757507031,neutral,bullish,True,True,True,False
95,107879,107880,107923,2024-01-22 14:44:00+00:00,2024-01-22 14:45:00+00:00,2024-01-22 15:28:00+00:00,long,17504.75,17504.75,17505.0,17490.0,17530.0,17555.0,17580.0,17605.0,70.52343909928352,near_trigger,36.52343909928352,15.0,True,False,False,False,True,stop,17490.0,17489.75,-15.25,0.0,-15.25,-1.0166666666666666,47.75,15.0,3.183333333333333,1.0,44,43.0,1,2024-01-22,2.493346980552712,2.036363636363636,1.5135135135135134,partial_bearish,1.156306507748245,1.5478917230609057,bullish,bullish,True,False,False,False
96,109219,109220,109275,2024-01-23 14:35:00+00:00,2024-01-23 14:36:00+00:00,2024-01-23 15:35:00+00:00,long,17428.5,17428.5,17428.75,17413.75,17453.75,17478.75,17503.75,17528.75,72.40592193808882,near_trigger,71.40592193808882,15.0,True,True,False,False,False,max_holding_time,17456.5,17456.25,27.5,0.0,27.5,1.8333333333333333,58.75,1.75,3.9166666666666665,0.11666666666666667,56,59.0,2,2024-01-23,3.693135935397039,3.7483870967741932,0.043523316062176166,partial_bearish,3.2747901225894833,1.6845700037041387,bullish,bullish,True,True,False,False
97,110596,110597,110599,2024-01-24 14:36:00+00:00,2024-01-24 14:37:00+00:00,2024-01-24 14:39:00+00:00,long,17653.25,17653.75,17654.0,17639.0,17679.0,17704.0,17729.0,17754.0,78.72087912087912,near_trigger,70.72087912087912,15.0,False,False,False,False,True,stop,17639.0,17638.75,-15.25,0.0,-15.25,-1.0166666666666666,5.25,16.5,0.35,1.1,3,2.0,0,2024-01-24,1.010989010989011,0.6956521739130435,0.4537037037037037,partial_bearish,2.5032867964690415,1.6002961658528776,bullish,bullish,True,True,True,False
98,111963,111964,111968,2024-01-25 14:32:00+00:00,2024-01-25 14:33:00+00:00,2024-01-25 14:37:00+00:00,long,17698.5,17698.75,17699.0,17684.0,17724.0,17749.0,17774.0,17799.0,74.2,near_trigger,73.2,15.0,False,False,False,False,True,stop,17684.0,17683.75,-15.25,0.0,-15.25,-1.0166666666666666,15.25,17.5,1.0166666666666666,1.1666666666666667,5,4.0,0,2024-01-25,0.8801169590643275,0.7872539831302718,3.2922848664688424,partial_bullish,4.51717811874583,1.5455946131020315,bullish,bullish,True,True,False,False
99,111999,112000,112059,2024-01-25 15:08:00+00:00,2024-01-25 15:09:00+00:00,2024-01-25 16:08:00+00:00,long,17687.5,17687.75,17688.0,17673.0,17713.0,17738.0,17763.0,17788.0,77.18760958970381,near_trigger,53.18760958970381,15.0,True,True,False,False,False,max_holding_time,17695.5,17695.25,7.25,0.0,7.25,0.48333333333333334,50.25,12.0,3.35,0.8,60,59.0,2,2024-01-25,2.6639676113360324,0.9196290571870169,0.9367396593673966,partial_bearish,1.2222291679689943,1.2210841868598552,bullish,bullish,True,True,True,True
100,113341,113342,113343,2024-01-26 14:30:00+00:00,2024-01-26 14:31:00+00:00,2024-01-26 14:32:00+00:00,long,17563.0,17562.75,17563.0,17548.0,17588.0,17613.0,17638.0,17663.0,72.15307483249426,near_trigger,45.153074832494255,15.0,False,False,False,False,True,stop,17548.0,17547.75,-15.25,0.0,-15.25,-1.0166666666666666,2.25,27.75,0.15,1.85,2,1.0,0,2024-01-26,1.3774597495527727,0.33821376281112736,1.0140845070422535,partial_bearish,8.917159511551716,1.126495597862894,neutral,bullish,True,True,True,True
101,113392,113393,113452,2024-01-26 15:21:00+00:00,2024-01-26 15:22:00+00:00,2024-01-26 16:21:00+00:00,long,17553.25,17552.75,17553.0,17538.0,17578.0,17603.0,17628.0,17653.0,76.0,near_trigger,44.0,15.0,True,True,True,False,False,max_holding_time,17612.5,17612.25,59.25,0.0,59.25,3.95,76.75,10.5,5.116666666666666,0.7,60,59.0,3,2024-01-26,2.020408163265306,0.2368249837345478,1.750968456004427,partial_bullish,1.4730742583611514,2.024234031504241,neutral,bullish,True,True,True,True
102,114725,114726,114754,2024-01-29 14:34:00+00:00,2024-01-29 14:35:00+00:00,2024-01-29 15:03:00+00:00,long,17553.25,17553.5,17553.75,17538.75,17578.75,17603.75,17628.75,17653.75,76.46782082145488,near_trigger,64.46782082145488,15.0,True,False,False,False,True,stop,17538.75,17538.5,-15.25,0.0,-15.25,-1.0166666666666666,31.0,17.5,2.066666666666667,1.1666666666666667,29,28.0,1,2024-01-29,0.5773195876288659,0.5175097276264591,0.8696711327649208,partial_bullish,3.257403189066059,1.025744202524559,bullish,bullish,True,True,True,False
103,116132,116133,116133,2024-01-30 15:01:00+00:00,2024-01-30 15:02:00+00:00,2024-01-30 15:02:00+00:00,short,17622.5,17623.0,17622.75,17637.75,17597.75,17572.75,17547.75,17522.75,71.6,near_trigger,-53.599999999999994,15.0,False,False,False,False,True,stop,17637.75,17638.0,-15.25,0.0,-15.25,-1.0166666666666666,3.25,18.75,0.21666666666666667,1.25,1,0.0,0,2024-01-30,4.386986301369863,0.07692307692307693,0.7818756585879872,partial_bullish,4.636931878376947,2.3069787054606787,bearish,bearish,False,True,True,False
104,117487,117488,117543,2024-01-31 14:36:00+00:00,2024-01-31 14:37:00+00:00,2024-01-31 15:32:00+00:00,short,17407.0,17407.0,17406.75,17421.75,17381.75,17356.75,17331.75,17306.75,73.35389913221185,near_trigger,-72.35389913221185,15.0,True,True,True,True,False,tp4,17306.75,17307.0,99.75,0.0,99.75,6.65,104.75,2.75,6.983333333333333,0.18333333333333332,56,55.0,4,2024-01-31,1.2115384615384615,0.7068403908794789,1.1835260115606936,partial_bullish,1.9713478611783697,1.0229027614186625,bearish,bearish,True,True,False,False
105,118865,118866,118866,2024-02-01 14:34:00+00:00,2024-02-01 14:35:00+00:00,2024-02-01 14:35:00+00:00,long,17333.75,17333.75,17334.0,17319.0,17359.0,17384.0,17409.0,17434.0,73.30516314314383,near_trigger,29.30516314314383,15.0,False,False,False,False,True,stop,17319.0,17318.75,-15.25,0.0,-15.25,-1.0166666666666666,3.5,17.0,0.23333333333333334,1.1333333333333333,1,0.0,0,2024-02-01,2.1194444444444445,1.0563514804202483,0.4950038431975403,partial_bearish,2.6302246331455597,0.9814539289297949,neutral,bullish,True,True,True,False
106,120243,120244,120244,2024-02-02 14:32:00+00:00,2024-02-02 14:33:00+00:00,2024-02-02 14:33:00+00:00,short,17476.0,17476.5,17476.25,17491.25,17451.25,17426.25,17401.25,17376.25,73.30544829472204,near_trigger,-47.30544829472204,15.0,False,False,False,False,True,stop,17491.25,17491.5,-15.25,0.0,-15.25,-1.0166666666666666,10.5,22.5,0.7,1.5,1,0.0,0,2024-02-02,1.6815642458100557,0.36529126213592233,3.997549019607843,partial_bearish,5.227611170931752,1.4857209829276867,bearish,bearish,True,True,False,False
107,120251,120252,120253,2024-02-02 14:40:00+00:00,2024-02-02 14:41:00+00:00,2024-02-02 14:42:00+00:00,short,17551.5,17551.5,17551.25,17566.25,17526.25,17501.25,17476.25,17451.25,80.12881355932204,high_probability,-48.12881355932204,15.0,False,False,False,False,True,stop,17566.25,17566.5,-15.25,0.0,-15.25,-1.0166666666666666,7.0,19.25,0.4666666666666667,1.2833333333333334,2,1.0,0,2024-02-02,1.493519441674975,1.36289500509684,3.997549019607843,partial_bullish,1.603025705677472,1.6110466864235706,bearish,bearish,True,True,False,False
108,121630,121631,121631,2024-02-05 14:39:00+00:00,2024-02-05 14:40:00+00:00,2024-02-05 14:40:00+00:00,long,17712.25,17712.75,17713.0,17698.0,17738.0,17763.0,17788.0,17813.0,71.59398417932908,near_trigger,58.593984179329084,15.0,False,False,False,False,True,stop,17698.0,17697.75,-15.25,0.0,-15.25,-1.0166666666666666,5.5,16.75,0.36666666666666664,1.1166666666666667,1,0.0,0,2024-02-05,1.4195183776932827,2.6980273141122915,0.6067653276955602,partial_bearish,1.5813937048230033,1.1550277526784563,bullish,bullish,True,False,False,False
109,121652,121653,121654,2024-02-05 15:01:00+00:00,2024-02-05 15:02:00+00:00,2024-02-05 15:03:00+00:00,long,17680.0,17680.75,17681.0,17666.0,17706.0,17731.0,17756.0,17781.0,70.0,near_trigger,70.0,15.0,False,False,False,False,True,stop,17666.0,17665.75,-15.25,0.0,-15.25,-1.0166666666666666,9.75,18.25,0.65,1.2166666666666666,2,1.0,0,2024-02-05,1.8284960422163588,1.4614634146341465,0.16131687242798354,partial_bearish,1.941762837646615,1.3233182607204852,bullish,bullish,True,False,True,False
110,121655,121656,121666,2024-02-05 15:04:00+00:00,2024-02-05 15:05:00+00:00,2024-02-05 15:15:00+00:00,long,17655.25,17655.25,17655.5,17640.5,17680.5,17705.5,17730.5,17755.5,70.0,near_trigger,70.0,15.0,True,False,False,False,True,stop,17640.5,17640.25,-15.25,0.0,-15.25,-1.0166666666666666,26.5,22.25,1.7666666666666666,1.4833333333333334,11,10.0,1,2024-02-05,3.818181818181818,1.4614634146341465,0.16131687242798354,partial_bearish,1.7335486925283354,1.371825243788221,bullish,bullish,True,False,True,False
111,123006,123007,123019,2024-02-06 14:35:00+00:00,2024-02-06 14:36:00+00:00,2024-02-06 14:48:00+00:00,long,17714.75,17715.0,17715.25,17700.25,17740.25,17765.25,17790.25,17815.25,78.0,near_trigger,44.58620689655172,15.0,False,False,False,False,True,stop,17700.25,17700.0,-15.25,0.0,-15.25,-1.0166666666666666,17.25,31.75,1.15,2.1166666666666667,13,12.0,0,2024-02-06,4.514657980456026,0.924924924924925,0.6883116883116883,partial_bearish,4.083036380210491,1.5557064144866672,bullish,bullish,True,True,True,False
112,123031,123032,123091,2024-02-06 15:00:00+00:00,2024-02-06 15:01:00+00:00,2024-02-06 16:00:00+00:00,short,17647.25,17647.0,17646.75,17661.75,17621.75,17596.75,17571.75,17546.75,77.75580865603645,near_trigger,-41.75580865603645,15.0,True,False,False,False,False,max_holding_time,17638.25,17638.5,8.25,0.0,8.25,0.55,48.75,12.25,3.25,0.8166666666666667,60,59.0,1,2024-02-06,1.8337129840546698,3.4570727718724448,2.8233782915863843,strong_bearish,1.8618020376800046,1.648440256009676,bearish,bearish,False,True,True,False
113,124384,124385,124390,2024-02-07 14:33:00+00:00,2024-02-07 14:34:00+00:00,2024-02-07 14:39:00+00:00,long,17749.75,17750.0,17750.25,17735.25,17775.25,17800.25,17825.25,17850.25,78.0,near_trigger,25.03886910486007,15.0,False,False,False,False,True,stop,17735.25,17735.0,-15.25,0.0,-15.25,-1.0166666666666666,11.5,25.0,0.7666666666666667,1.6666666666666667,6,5.0,0,2024-02-07,2.3963963963963963,2.0625,2.2567947516401126,partial_bullish,3.298963578717395,1.0572694747807674,bullish,neutral,True,True,True,False
114,124399,124400,124406,2024-02-07 14:48:00+00:00,2024-02-07 14:49:00+00:00,2024-02-07 14:55:00+00:00,long,17749.25,17749.5,17749.75,17734.75,17774.75,17799.75,17824.75,17849.75,76.18046651959445,near_trigger,63.18046651959445,15.0,False,False,False,False,True,stop,17734.75,17734.5,-15.25,0.0,-15.25,-1.0166666666666666,18.25,28.0,1.2166666666666666,1.8666666666666667,7,6.0,0,2024-02-07,1.1962616822429906,1.8764568764568765,0.1797752808988764,partial_bearish,0.9599518217404396,1.0737139906145452,bullish,bullish,True,True,True,True
115,124408,124409,124435,2024-02-07 14:57:00+00:00,2024-02-07 14:58:00+00:00,2024-02-07 15:24:00+00:00,long,17736.0,17736.0,17736.25,17721.25,17761.25,17786.25,17811.25,17836.25,77.980234703498,near_trigger,77.980234703498,15.0,True,True,True,True,False,tp4,17836.25,17836.0,99.75,0.0,99.75,6.65,101.25,11.0,6.75,0.7333333333333333,27,26.0,4,2024-02-07,2.1914618369987062,1.8150619637750238,0.1797752808988764,strong_bearish,0.714124014735239,1.0755521115846571,bullish,bullish,True,False,True,False
116,128553,128554,128566,2024-02-12 15:02:00+00:00,2024-02-12 15:03:00+00:00,2024-02-12 15:15:00+00:00,long,18030.5,18030.5,18030.75,18015.75,18055.75,18080.75,18105.75,18130.75,71.84719510672825,near_trigger,71.84719510672825,15.0,False,False,False,False,True,stop,18015.75,18015.5,-15.25,0.0,-15.25,-1.0166666666666666,7.5,16.25,0.5,1.0833333333333333,13,12.0,0,2024-02-12,0.6363636363636364,0.38992042440318303,0.6632522407170295,partial_bearish,1.0973824840872732,0.7317211561375835,bullish,bullish,True,False,True,False
117,129926,129927,129927,2024-02-13 14:55:00+00:00,2024-02-13 14:56:00+00:00,2024-02-13 14:56:00+00:00,short,17661.25,17661.0,17660.75,17675.75,17635.75,17610.75,17585.75,17560.75,70.54144368540715,near_trigger,-63.541443685407145,15.0,False,False,False,False,True,stop,17675.75,17676.0,-15.25,0.0,-15.25,-1.0166666666666666,2.5,16.0,0.16666666666666666,1.0666666666666667,1,0.0,0,2024-02-13,1.034548944337812,1.582815149802148,4.722175021240442,partial_bullish,1.0243076893985952,1.4296836854537538,bearish,bearish,True,True,True,False
118,131291,131292,131351,2024-02-14 14:40:00+00:00,2024-02-14 14:41:00+00:00,2024-02-14 15:40:00+00:00,long,17755.0,17754.25,17754.5,17739.5,17779.5,17804.5,17829.5,17854.5,70.54222222222222,near_trigger,57.54222222222222,15.0,True,True,True,False,False,max_holding_time,17803.5,17803.25,48.75,0.0,48.75,3.25,92.5,3.75,6.166666666666667,0.25,60,59.0,3,2024-02-14,1.5883040935672514,1.4522821576763485,0.7071917808219178,strong_bearish,2.4556433765412584,2.0374159295749523,bullish,bullish,True,False,False,False
119,132669,132670,132675,2024-02-15 14:38:00+00:00,2024-02-15 14:39:00+00:00,2024-02-15 14:44:00+00:00,long,17863.0,17862.75,17863.0,17848.0,17888.0,17913.0,17938.0,17963.0,70.52949225203544,near_trigger,69.52949225203544,15.0,False,False,False,False,True,stop,17848.0,17847.75,-15.25,0.0,-15.25,-1.0166666666666666,10.75,24.5,0.7166666666666667,1.6333333333333333,6,5.0,0,2024-02-15,1.7375886524822695,0.9418181818181819,0.6756756756756757,strong_bearish,1.8158932874882958,1.2392884828930002,bullish,bullish,True,True,False,False
120,132694,132695,132696,2024-02-15 15:03:00+00:00,2024-02-15 15:04:00+00:00,2024-02-15 15:05:00+00:00,short,17800.25,17800.5,17800.25,17815.25,17775.25,17750.25,17725.25,17700.25,80.69280397022332,high_probability,-66.69280397022332,15.0,False,False,False,False,True,stop,17815.25,17815.5,-15.25,0.0,-15.25,-1.0166666666666666,3.0,19.25,0.2,1.2833333333333334,2,1.0,0,2024-02-15,0.9205955334987593,2.6343467543138868,3.8754325259515574,strong_bearish,1.6180125217317105,1.7019128288551075,bearish,bearish,False,True,True,False
121,132699,132700,132700,2024-02-15 15:08:00+00:00,2024-02-15 15:09:00+00:00,2024-02-15 15:09:00+00:00,short,17827.75,17827.75,17827.5,17842.5,17802.5,17777.5,17752.5,17727.5,72.41854353759955,near_trigger,-38.41854353759955,15.0,False,False,False,False,True,stop,17842.5,17842.75,-15.25,0.0,-15.25,-1.0166666666666666,0.5,16.5,0.03333333333333333,1.1,1,0.0,0,2024-02-15,2.078272604588394,2.315384615384615,3.8754325259515574,partial_bearish,0.7848149805074455,1.0255410954137378,bearish,bearish,False,True,True,False
122,134061,134062,134071,2024-02-16 14:50:00+00:00,2024-02-16 14:51:00+00:00,2024-02-16 15:00:00+00:00,short,17843.0,17843.0,17842.75,17857.75,17817.75,17792.75,17767.75,17742.75,72.0,near_trigger,-24.0,15.0,True,True,True,True,False,tp4,17742.75,17743.0,99.75,0.0,99.75,6.65,129.0,5.25,8.6,0.35,10,9.0,4,2024-02-16,2.8464088397790057,2.6774716369529985,4.565671641791045,strong_bearish,1.934676424064385,2.4169643535760432,neutral,bearish,False,True,True,False
123,134072,134073,134073,2024-02-16 15:01:00+00:00,2024-02-16 15:02:00+00:00,2024-02-16 15:02:00+00:00,short,17729.25,17729.75,17729.5,17744.5,17704.5,17679.5,17654.5,17629.5,80.07917594654788,high_probability,-52.07917594654788,15.0,False,False,False,False,True,stop,17744.5,17744.75,-15.25,0.0,-15.25,-1.0166666666666666,2.25,15.25,0.15,1.0166666666666666,1,0.0,0,2024-02-16,2.0579064587973277,4.832803560076287,4.481798715203427,strong_bearish,1.0978230138535483,1.6463679630277397,bearish,bearish,False,True,True,False
124,134074,134075,134080,2024-02-16 15:03:00+00:00,2024-02-16 15:04:00+00:00,2024-02-16 15:09:00+00:00,short,17750.0,17750.0,17749.75,17764.75,17724.75,17699.75,17674.75,17649.75,70.0,near_trigger,-35.658557902403494,15.0,False,False,False,False,True,stop,17764.75,17765.0,-15.25,0.0,-15.25,-1.0166666666666666,13.25,18.75,0.8833333333333333,1.25,6,5.0,0,2024-02-16,0.6219956300072833,4.832803560076287,4.481798715203427,strong_bearish,1.0549812509782839,1.7359268093302427,bearish,bearish,False,True,True,True
125,136564,136565,136571,2024-02-20 14:33:00+00:00,2024-02-20 14:34:00+00:00,2024-02-20 14:40:00+00:00,short,17691.75,17692.0,17691.75,17706.75,17666.75,17641.75,17616.75,17591.75,74.17290825680178,near_trigger,-66.17290825680178,15.0,True,True,True,True,False,tp4,17591.75,17592.0,99.75,0.0,99.75,6.65,108.0,4.0,7.2,0.26666666666666666,7,6.0,4,2024-02-20,2.70653685674548,0.5971563981042655,0.971900826446281,partial_bearish,3.7567817917162896,1.466135321002212,bearish,bearish,True,True,False,False
126,139322,139323,139382,2024-02-22 14:31:00+00:00,2024-02-22 14:32:00+00:00,2024-02-22 15:31:00+00:00,long,17870.5,17870.25,17870.5,17855.5,17895.5,17920.5,17945.5,17970.5,73.0,near_trigger,68.4,15.0,True,True,True,False,False,max_holding_time,17958.75,17958.5,88.0,0.0,88.0,5.866666666666666,99.75,6.5,6.65,0.43333333333333335,60,59.0,3,2024-02-22,0.6858108108108109,0.31860776439089694,0.2178046672428695,partial_bearish,7.8377705896989305,1.6151878937821675,bullish,bullish,True,True,True,True
127,142086,142087,142095,2024-02-26 14:35:00+00:00,2024-02-26 14:36:00+00:00,2024-02-26 14:44:00+00:00,long,18020.0,18020.5,18020.75,18005.75,18045.75,18070.75,18095.75,18120.75,77.69092434883473,near_trigger,77.69092434883473,15.0,False,False,False,False,True,stop,18005.75,18005.5,-15.25,0.0,-15.25,-1.0166666666666666,13.75,30.0,0.9166666666666666,2.0,9,8.0,0,2024-02-26,1.0348675034867503,0.6746987951807228,1.3037694013303769,partial_bullish,2.335340416349849,0.9267656173544283,bullish,bullish,True,True,True,True
128,143469,143470,143491,2024-02-27 14:38:00+00:00,2024-02-27 14:39:00+00:00,2024-02-27 15:00:00+00:00,short,17990.25,17990.5,17990.25,18005.25,17965.25,17940.25,17915.25,17890.25,71.02485875706215,near_trigger,-58.02485875706215,15.0,True,True,False,False,True,stop,18005.25,18005.5,-15.25,0.0,-15.25,-1.0166666666666666,52.25,27.75,3.4833333333333334,1.85,22,21.0,2,2024-02-27,1.6807909604519775,0.3605150214592275,0.41880341880341876,partial_bearish,2.747727443467809,1.5851517975166316,bearish,bearish,True,True,True,False
129,143518,143519,143520,2024-02-27 15:27:00+00:00,2024-02-27 15:28:00+00:00,2024-02-27 15:29:00+00:00,short,17992.5,17992.75,17992.5,18007.5,17967.5,17942.5,17917.5,17892.5,83.33262854441429,high_probability,-59.33262854441429,15.0,False,False,False,False,True,stop,18007.5,18007.75,-15.25,0.0,-15.25,-1.0166666666666666,0.5,18.5,0.03333333333333333,1.2333333333333334,2,1.0,0,2024-02-27,2.4857621440536013,0.9306930693069307,0.7700463883366467,partial_bearish,1.5224352132519319,1.493675127754042,bearish,bearish,True,True,True,False
130,144847,144848,144907,2024-02-28 14:36:00+00:00,2024-02-28 14:37:00+00:00,2024-02-28 15:36:00+00:00,short,17940.25,17940.5,17940.25,17955.25,17915.25,17890.25,17865.25,17840.25,73.0,near_trigger,-59.12957229331825,15.0,True,True,False,False,False,max_holding_time,17923.5,17923.75,16.5,0.0,16.5,1.1,64.0,6.25,4.266666666666667,0.4166666666666667,60,59.0,2,2024-02-28,1.179144385026738,0.05343511450381679,0.15964912280701754,partial_bullish,1.8889250423852173,1.0330810729806685,bearish,bearish,True,True,True,False
131,146262,146263,146264,2024-02-29 15:11:00+00:00,2024-02-29 15:12:00+00:00,2024-02-29 15:13:00+00:00,long,18003.5,18003.5,18003.75,17988.75,18028.75,18053.75,18078.75,18103.75,78.0,near_trigger,46.05788351107465,15.0,False,False,False,False,True,stop,17988.75,17988.5,-15.25,0.0,-15.25,-1.0166666666666666,3.5,21.75,0.23333333333333334,1.45,2,1.0,0,2024-02-29,4.138364779874214,0.1532447224394058,1.3402537485582469,partial_bullish,2.6171248609526008,2.7456805092452257,bullish,bullish,True,True,True,False
132,147654,147655,147656,2024-03-01 15:23:00+00:00,2024-03-01 15:24:00+00:00,2024-03-01 15:25:00+00:00,short,18166.0,18165.75,18165.5,18180.5,18140.5,18115.5,18090.5,18065.5,80.07030824276984,high_probability,-18.07030824276984,15.0,False,False,False,False,True,stop,18180.5,18180.75,-15.25,0.0,-15.25,-1.0166666666666666,1.0,16.75,0.06666666666666667,1.1166666666666667,2,1.0,0,2024-03-01,1.4924924924924925,1.9910714285714286,3.6538461538461537,partial_bullish,0.924740067479171,1.1481085702073093,neutral,bearish,True,False,True,False
133,151782,151783,151783,2024-03-06 15:11:00+00:00,2024-03-06 15:12:00+00:00,2024-03-06 15:12:00+00:00,long,18006.5,18006.75,18007.0,17992.0,18032.0,18057.0,18082.0,18107.0,78.2149515352422,near_trigger,46.21495153524219,15.0,False,False,False,False,True,stop,17992.0,17991.75,-15.25,0.0,-15.25,-1.0166666666666666,0.25,21.5,0.016666666666666666,1.4333333333333333,1,0.0,0,2024-03-06,1.0602782071097372,4.298327759197324,0.8062387522495501,partial_bearish,0.8397129384171973,1.4317496972598496,bullish,bullish,True,True,True,False
134,151784,151785,151830,2024-03-06 15:13:00+00:00,2024-03-06 15:14:00+00:00,2024-03-06 15:59:00+00:00,long,17984.0,17984.25,17984.5,17969.5,18009.5,18034.5,18059.5,18084.5,72.0,near_trigger,60.252998801601265,15.0,True,True,True,True,False,tp4,18084.5,18084.25,99.75,0.0,99.75,6.65,102.25,5.75,6.816666666666666,0.38333333333333336,46,45.0,4,2024-03-06,0.8166666666666667,4.298327759197324,0.8062387522495501,strong_bearish,0.6993941926049718,1.0670848313317525,bullish,bullish,True,True,True,False
135,153126,153127,153132,2024-03-07 14:35:00+00:00,2024-03-07 14:36:00+00:00,2024-03-07 14:41:00+00:00,long,18205.0,18205.0,18205.25,18190.25,18230.25,18255.25,18280.25,18305.25,95.32470327377071,a_plus_plus,59.32470327377071,15.0,False,False,False,False,True,stop,18190.25,18190.0,-15.25,0.0,-15.25,-1.0166666666666666,20.0,27.25,1.3333333333333333,1.8166666666666667,6,5.0,0,2024-03-07,2.149210903873745,2.753072625698324,3.0429553264604814,strong_bullish,4.59253678074315,1.7638771484925333,bullish,bullish,True,True,True,False
136,153133,153134,153135,2024-03-07 14:42:00+00:00,2024-03-07 14:43:00+00:00,2024-03-07 14:44:00+00:00,long,18180.5,18181.0,18181.25,18166.25,18206.25,18231.25,18256.25,18281.25,72.0,near_trigger,71.38278874498377,15.0,False,False,False,False,True,stop,18166.25,18166.0,-15.25,0.0,-15.25,-1.0166666666666666,5.75,19.25,0.38333333333333336,1.2833333333333334,2,1.0,0,2024-03-07,2.006012024048096,3.0821917808219177,3.0429553264604814,partial_bullish,1.4046990827993466,1.3777264936199771,bullish,neutral,True,True,True,False
137,153166,153167,153169,2024-03-07 15:15:00+00:00,2024-03-07 15:16:00+00:00,2024-03-07 15:18:00+00:00,long,18228.5,18228.75,18229.0,18214.0,18254.0,18279.0,18304.0,18329.0,71.94073760740251,near_trigger,53.94073760740251,15.0,False,False,False,False,True,stop,18214.0,18213.75,-15.25,0.0,-15.25,-1.0166666666666666,1.75,20.0,0.11666666666666667,1.3333333333333333,3,2.0,0,2024-03-07,1.7788235294117647,1.8300653594771243,1.9189034837235865,strong_bullish,2.0369675254507196,2.3979325397356757,bullish,bullish,True,False,False,False
138,155471,155472,155472,2024-03-11 13:40:00+00:00,2024-03-11 13:41:00+00:00,2024-03-11 13:41:00+00:00,short,18229.0,18228.5,18228.25,18243.25,18203.25,18178.25,18153.25,18128.25,70.17079732995603,near_trigger,-69.17079732995603,15.0,False,False,False,False,True,stop,18243.25,18243.5,-15.25,0.0,-15.25,-1.0166666666666666,2.5,19.25,0.16666666666666666,1.2833333333333334,1,0.0,0,2024-03-11,1.957627118644068,0.018158236057068743,1.0424710424710424,partial_bullish,2.0524580285556464,1.1370970733335806,bearish,bearish,True,True,False,False
139,155479,155480,155481,2024-03-11 13:48:00+00:00,2024-03-11 13:49:00+00:00,2024-03-11 13:50:00+00:00,short,18206.75,18207.0,18206.75,18221.75,18181.75,18156.75,18131.75,18106.75,75.98927304930092,near_trigger,-60.98927304930092,15.0,False,False,False,False,True,stop,18221.75,18222.0,-15.25,0.0,-15.25,-1.0166666666666666,7.5,27.0,0.5,1.8,2,1.0,0,2024-03-11,0.9482071713147411,0.20289855072463767,0.9707547169811321,partial_bearish,0.759945002446925,0.6517307538572228,bearish,bearish,True,False,True,False
140,155484,155485,155522,2024-03-11 13:53:00+00:00,2024-03-11 13:54:00+00:00,2024-03-11 14:31:00+00:00,short,18191.25,18192.0,18191.75,18206.75,18166.75,18141.75,18116.75,18091.75,70.41896146219212,near_trigger,-55.418961462192115,15.0,True,True,False,False,True,stop,18206.75,18207.0,-15.25,0.0,-15.25,-1.0166666666666666,54.0,20.75,3.6,1.3833333333333333,38,37.0,2,2024-03-11,0.7275775356244761,0.526130358191427,0.9707547169811321,partial_bearish,0.8009626136418883,0.8051608489009983,bearish,bearish,True,True,True,False
141,156863,156864,156878,2024-03-12 13:52:00+00:00,2024-03-12 13:53:00+00:00,2024-03-12 14:07:00+00:00,long,18225.0,18225.25,18225.5,18210.5,18250.5,18275.5,18300.5,18325.5,76.1906430950623,near_trigger,48.1906430950623,15.0,True,True,True,True,False,tp4,18325.5,18325.25,99.75,0.0,99.75,6.65,103.75,3.25,6.916666666666667,0.21666666666666667,15,14.0,4,2024-03-12,2.2420382165605095,2.549949545913219,2.0388349514563107,partial_bearish,0.777362856992584,1.1427624675539847,bullish,bullish,True,True,False,False
142,156894,156895,156923,2024-03-12 14:23:00+00:00,2024-03-12 14:24:00+00:00,2024-03-12 14:52:00+00:00,long,18344.75,18344.5,18344.75,18329.75,18369.75,18394.75,18419.75,18444.75,85.41012101210121,high_probability,59.410121012101214,15.0,True,True,True,True,False,tp4,18444.75,18444.5,99.75,0.0,99.75,6.65,101.25,7.0,6.75,0.4666666666666667,29,28.0,4,2024-03-12,2.572057205720572,1.9306049822064055,0.25857519788918204,partial_bullish,1.7222073399410662,1.9156448801418333,bullish,bullish,True,True,True,True
143,158221,158222,158252,2024-03-13 13:30:00+00:00,2024-03-13 13:31:00+00:00,2024-03-13 14:01:00+00:00,short,18410.0,18410.25,18410.0,18425.0,18385.0,18360.0,18335.0,18310.0,70.54109649425624,near_trigger,-44.54109649425624,15.0,True,True,True,True,False,tp4,18310.0,18310.25,99.75,0.0,99.75,6.65,104.5,0.75,6.966666666666667,0.05,31,30.0,4,2024-03-13,3.7857142857142856,0.4946236559139785,1.5161943319838058,strong_bearish,16.6679208367823,1.1763706178202888,bearish,bearish,False,True,True,False
144,159631,159632,159632,2024-03-14 14:00:00+00:00,2024-03-14 14:01:00+00:00,2024-03-14 14:01:00+00:00,short,18210.75,18211.0,18210.75,18225.75,18185.75,18160.75,18135.75,18110.75,83.82217090069284,high_probability,-57.82217090069284,15.0,False,False,False,False,True,stop,18225.75,18226.0,-15.25,0.0,-15.25,-1.0166666666666666,7.25,16.25,0.48333333333333334,1.0833333333333333,1,0.0,0,2024-03-14,1.5519630484988451,4.063324538258575,4.186309830159547,strong_bearish,1.4255830459090286,1.5677870362128816,bearish,bearish,True,True,False,False
145,159637,159638,159639,2024-03-14 14:06:00+00:00,2024-03-14 14:07:00+00:00,2024-03-14 14:08:00+00:00,short,18257.5,18257.5,18257.25,18272.25,18232.25,18207.25,18182.25,18157.25,70.0,near_trigger,-58.88873657032631,15.0,False,False,False,False,True,stop,18272.25,18272.5,-15.25,0.0,-15.25,-1.0166666666666666,4.25,16.25,0.2833333333333333,1.0833333333333333,2,1.0,0,2024-03-14,1.5720601237842615,3.9250374812593707,4.186309830159547,partial_bearish,0.5026805577505197,1.0099899855890184,bearish,bearish,True,True,False,False
146,159640,159641,159642,2024-03-14 14:09:00+00:00,2024-03-14 14:10:00+00:00,2024-03-14 14:11:00+00:00,short,18263.5,18263.0,18262.75,18277.75,18237.75,18212.75,18187.75,18162.75,70.0,near_trigger,-61.89185761866736,15.0,False,False,False,False,True,stop,18277.75,18278.0,-15.25,0.0,-15.25,-1.0166666666666666,9.75,30.5,0.65,2.033333333333333,2,1.0,0,2024-03-14,1.0191570881226053,3.9250374812593707,4.186309830159547,partial_bearish,0.519882231917988,0.9301971337539192,bearish,bearish,True,True,False,False
147,159643,159644,159646,2024-03-14 14:12:00+00:00,2024-03-14 14:13:00+00:00,2024-03-14 14:15:00+00:00,short,18298.5,18298.5,18298.25,18313.25,18273.25,18248.25,18223.25,18198.25,76.0,near_trigger,-35.164382600561275,15.0,False,False,False,False,True,stop,18313.25,18313.5,-15.25,0.0,-15.25,-1.0166666666666666,1.25,15.75,0.08333333333333333,1.05,3,2.0,0,2024-03-14,1.9644527595884003,2.7063953488372094,4.186309830159547,partial_bearish,1.1766330392969118,2.0741695303550975,bearish,bearish,True,False,False,False
148,161025,161026,161026,2024-03-15 14:14:00+00:00,2024-03-15 14:15:00+00:00,2024-03-15 14:15:00+00:00,short,18094.75,18095.0,18094.75,18109.75,18069.75,18044.75,18019.75,17994.75,78.0,near_trigger,-78.0,15.0,False,False,False,False,True,stop,18109.75,18110.0,-15.25,0.0,-15.25,-1.0166666666666666,1.0,19.0,0.06666666666666667,1.2666666666666666,1,0.0,0,2024-03-15,1.1226944667201284,0.3342516069788797,4.18968058968059,partial_bearish,1.0090963614554178,1.8230797014206597,bearish,bearish,True,False,True,False
149,162382,162383,162384,2024-03-18 13:51:00+00:00,2024-03-18 13:52:00+00:00,2024-03-18 13:53:00+00:00,long,18324.25,18324.5,18324.75,18309.75,18349.75,18374.75,18399.75,18424.75,74.0,near_trigger,59.034390989862686,15.0,False,False,False,False,True,stop,18309.75,18309.5,-15.25,0.0,-15.25,-1.0166666666666666,1.75,15.0,0.11666666666666667,1.0,2,1.0,0,2024-03-18,1.8496969696969696,2.839556004036327,2.046403712296984,partial_bullish,0.6068091504671893,0.9024658081261855,bullish,bullish,True,False,True,False
150,162385,162386,162388,2024-03-18 13:54:00+00:00,2024-03-18 13:55:00+00:00,2024-03-18 13:57:00+00:00,long,18315.0,18315.5,18315.75,18300.75,18340.75,18365.75,18390.75,18415.75,72.96703841387857,near_trigger,50.96703841387857,15.0,False,False,False,False,True,stop,18300.75,18300.5,-15.25,0.0,-15.25,-1.0166666666666666,6.5,26.0,0.43333333333333335,1.7333333333333334,3,2.0,0,2024-03-18,1.0408921933085502,2.839556004036327,2.046403712296984,partial_bullish,0.907395430685698,1.6378444414279898,bullish,bullish,True,False,True,False
151,163742,163743,163743,2024-03-19 13:31:00+00:00,2024-03-19 13:32:00+00:00,2024-03-19 13:32:00+00:00,short,18116.5,18116.25,18116.0,18131.0,18091.0,18066.0,18041.0,18016.0,85.14869121304507,high_probability,-73.14869121304507,15.0,False,False,False,False,True,stop,18131.0,18131.25,-15.25,0.0,-15.25,-1.0166666666666666,3.25,24.0,0.21666666666666667,1.6,1,0.0,0,2024-03-19,2.536412078152753,0.21435406698564594,1.4645873944119558,partial_bullish,9.330470290059138,1.408836989279317,bearish,bearish,True,True,True,True
152,163746,163747,163806,2024-03-19 13:35:00+00:00,2024-03-19 13:36:00+00:00,2024-03-19 14:35:00+00:00,short,18116.0,18116.25,18116.0,18131.0,18091.0,18066.0,18041.0,18016.0,75.80612752271436,near_trigger,-54.80612752271436,15.0,True,True,False,False,False,max_holding_time,18105.75,18106.0,10.0,0.0,10.0,0.6666666666666666,62.75,11.0,4.183333333333334,0.7333333333333333,60,59.0,2,2024-03-19,1.1971496437054632,0.4348576358930112,1.4645873944119558,partial_bullish,3.0638348503777735,1.3436914988682986,bearish,bearish,True,True,True,True
153,165122,165123,165123,2024-03-20 13:31:00+00:00,2024-03-20 13:32:00+00:00,2024-03-20 13:32:00+00:00,long,18332.0,18332.0,18332.25,18317.25,18357.25,18382.25,18407.25,18432.25,70.25673481188622,near_trigger,52.25673481188622,15.0,False,False,False,False,True,stop,18317.25,18317.0,-15.25,0.0,-15.25,-1.0166666666666666,0.25,19.5,0.016666666666666666,1.3,1,0.0,0,2024-03-20,2.333333333333333,2.0522496371552976,0.7170445004198153,strong_bullish,6.0508809418215534,0.7883098192055972,bullish,bullish,False,True,True,False
154,165174,165175,165187,2024-03-20 14:23:00+00:00,2024-03-20 14:24:00+00:00,2024-03-20 14:36:00+00:00,long,18278.5,18278.5,18278.75,18263.75,18303.75,18328.75,18353.75,18378.75,71.66089569665974,near_trigger,67.66089569665974,15.0,True,False,False,False,True,stop,18263.75,18263.5,-15.25,0.0,-15.25,-1.0166666666666666,26.0,20.75,1.7333333333333334,1.3833333333333333,13,12.0,1,2024-03-20,1.6775599128540306,0.22971741112123972,1.3551465576005453,partial_bearish,1.9859601973912842,1.1757928234390431,bullish,bullish,False,True,True,False
155,166505,166506,166519,2024-03-21 13:34:00+00:00,2024-03-21 13:35:00+00:00,2024-03-21 13:48:00+00:00,long,18659.25,18659.5,18659.75,18644.75,18684.75,18709.75,18734.75,18759.75,76.0,near_trigger,71.60467956555172,15.0,True,False,False,False,True,stop,18644.75,18644.5,-15.25,0.0,-15.25,-1.0166666666666666,48.75,19.0,3.25,1.2666666666666666,14,13.0,1,2024-03-21,2.4821150855365475,2.7404255319148936,1.906163753449862,partial_bullish,2.4072264724859433,0.9764450758991999,bullish,bullish,True,True,False,False
156,169319,169320,169353,2024-03-25 14:28:00+00:00,2024-03-25 14:29:00+00:00,2024-03-25 15:02:00+00:00,short,18515.5,18515.75,18515.5,18530.5,18490.5,18465.5,18440.5,18415.5,80.21279774115337,high_probability,-48.212797741153366,15.0,False,False,False,False,True,stop,18530.5,18530.75,-15.25,0.0,-15.25,-1.0166666666666666,16.5,16.25,1.1,1.0833333333333333,34,33.0,0,2024-03-25,1.204,1.6218905472636815,1.2481927710843375,partial_bullish,0.5711449531511028,0.7239971764417027,bearish,bearish,True,False,True,False
157,172023,172024,172024,2024-03-27 13:32:00+00:00,2024-03-27 13:33:00+00:00,2024-03-27 13:33:00+00:00,long,18536.25,18536.25,18536.5,18521.5,18561.5,18586.5,18611.5,18636.5,74.0,near_trigger,18.23497942386831,15.0,False,False,False,False,True,stop,18521.5,18521.25,-15.25,0.0,-15.25,-1.0166666666666666,3.25,16.25,0.21666666666666667,1.0833333333333333,1,0.0,0,2024-03-27,3.7966101694915255,1.6047430830039524,2.982456140350877,partial_bullish,6.234007908816003,1.206275720164609,bullish,bullish,False,True,True,False
158,172025,172026,172027,2024-03-27 13:34:00+00:00,2024-03-27 13:35:00+00:00,2024-03-27 13:36:00+00:00,long,18520.5,18520.75,18521.0,18506.0,18546.0,18571.0,18596.0,18621.0,74.0,near_trigger,21.228856736838978,15.0,False,False,False,False,True,stop,18506.0,18505.75,-15.25,0.0,-15.25,-1.0166666666666666,8.25,30.25,0.55,2.0166666666666666,2,1.0,0,2024-03-27,4.9443378119001915,1.6047430830039524,2.982456140350877,partial_bullish,2.9441305712492154,1.0394042817251008,bullish,bullish,False,True,True,False
159,172037,172038,172043,2024-03-27 13:46:00+00:00,2024-03-27 13:47:00+00:00,2024-03-27 13:52:00+00:00,long,18508.5,18508.75,18509.0,18494.0,18534.0,18559.0,18584.0,18609.0,78.43908933306771,near_trigger,78.43908933306771,15.0,False,False,False,False,True,stop,18494.0,18493.75,-15.25,0.0,-15.25,-1.0166666666666666,5.0,20.5,0.3333333333333333,1.3666666666666667,6,5.0,0,2024-03-27,1.002386634844869,4.130081300813008,1.1174311926605505,partial_bearish,0.7862843629914277,0.7143026387495756,bullish,bullish,True,False,True,False
160,172044,172045,172045,2024-03-27 13:53:00+00:00,2024-03-27 13:54:00+00:00,2024-03-27 13:54:00+00:00,long,18485.5,18485.75,18486.0,18471.0,18511.0,18536.0,18561.0,18586.0,78.0,near_trigger,56.49020746179459,15.0,False,False,False,False,True,stop,18471.0,18470.75,-15.25,0.0,-15.25,-1.0166666666666666,0.0,29.5,0.0,1.9666666666666666,1,0.0,0,2024-03-27,1.6865021770682147,3.055679287305123,1.1174311926605505,strong_bearish,1.4138546688091411,1.9144666860071562,bullish,bullish,True,False,True,False
161,172046,172047,172051,2024-03-27 13:55:00+00:00,2024-03-27 13:56:00+00:00,2024-03-27 14:00:00+00:00,long,18460.5,18460.0,18460.25,18445.25,18485.25,18510.25,18535.25,18560.25,74.0,near_trigger,41.111999999999995,15.0,False,False,False,False,True,stop,18445.25,18445.0,-15.25,0.0,-15.25,-1.0166666666666666,2.25,17.75,0.15,1.1833333333333333,5,4.0,0,2024-03-27,3.5225806451612907,5.0583941605839415,1.1174311926605505,strong_bearish,1.2839952583596994,1.6238136324417602,bullish,bullish,False,False,True,False
162,172059,172060,172070,2024-03-27 14:08:00+00:00,2024-03-27 14:09:00+00:00,2024-03-27 14:19:00+00:00,short,18418.0,18417.25,18417.0,18432.0,18392.0,18367.0,18342.0,18317.0,82.0,high_probability,-82.0,15.0,True,False,False,False,True,stop,18432.0,18432.25,-15.25,0.0,-15.25,-1.0166666666666666,38.5,19.75,2.566666666666667,1.3166666666666667,11,10.0,1,2024-03-27,1.5555555555555554,3.6267409470752088,3.7165231010180113,partial_bearish,0.5614446127032201,0.7676305997480297,bearish,bearish,True,True,True,False
163,172073,172074,172082,2024-03-27 14:22:00+00:00,2024-03-27 14:23:00+00:00,2024-03-27 14:31:00+00:00,short,18413.75,18413.0,18412.75,18427.75,18387.75,18362.75,18337.75,18312.75,85.96363636363637,high_probability,-80.96363636363637,15.0,False,False,False,False,True,stop,18427.75,18428.0,-15.25,0.0,-15.25,-1.0166666666666666,10.0,17.75,0.6666666666666666,1.1833333333333333,9,8.0,0,2024-03-27,0.8255528255528255,1.3242117787031529,4.917948717948718,strong_bearish,0.8920627886762225,1.6230463904738277,bearish,bearish,True,False,True,False
164,173439,173440,173499,2024-03-28 14:08:00+00:00,2024-03-28 14:09:00+00:00,2024-03-28 15:08:00+00:00,short,18505.0,18504.5,18504.25,18519.25,18479.25,18454.25,18429.25,18404.25,84.05452597078317,high_probability,-72.05452597078317,15.0,True,False,False,False,False,max_holding_time,18494.75,18495.0,9.25,0.0,9.25,0.6166666666666667,28.25,12.25,1.8833333333333333,0.8166666666666667,60,59.0,1,2024-03-28,2.2773972602739727,1.9045936395759717,1.329608938547486,partial_bullish,1.5871188763275095,1.169580013531663,bearish,bearish,True,True,True,True
165,177542,177543,177546,2024-04-03 13:31:00+00:00,2024-04-03 13:32:00+00:00,2024-04-03 13:35:00+00:00,short,18259.75,18259.25,18259.0,18274.0,18234.0,18209.0,18184.0,18159.0,70.0,near_trigger,-33.55973422742065,15.0,False,False,False,False,True,stop,18274.0,18274.25,-15.25,0.0,-15.25,-1.0166666666666666,9.25,16.25,0.6166666666666667,1.0833333333333333,4,3.0,0,2024-04-03,2.3526970954356847,1.95213319458897,2.9930286599535245,partial_bearish,3.6431131592421915,0.6312450787947345,bearish,neutral,True,True,True,False
166,177553,177554,177559,2024-04-03 13:42:00+00:00,2024-04-03 13:43:00+00:00,2024-04-03 13:48:00+00:00,short,18264.0,18264.25,18264.0,18279.0,18239.0,18214.0,18189.0,18164.0,76.51869330370542,near_trigger,-70.51869330370542,15.0,False,False,False,False,True,stop,18279.0,18279.25,-15.25,0.0,-15.25,-1.0166666666666666,11.5,15.75,0.7666666666666667,1.05,6,5.0,0,2024-04-03,1.0266666666666666,0.8193018480492813,2.9930286599535245,partial_bearish,1.0466258835462297,0.6710495564610367,bearish,bearish,True,True,True,False
167,177580,177581,177582,2024-04-03 14:09:00+00:00,2024-04-03 14:10:00+00:00,2024-04-03 14:11:00+00:00,short,18332.5,18333.0,18332.75,18347.75,18307.75,18282.75,18257.75,18232.75,75.74561403508773,near_trigger,-67.74561403508773,15.0,False,False,False,False,True,stop,18347.75,18348.0,-15.25,0.0,-15.25,-1.0166666666666666,4.25,20.25,0.2833333333333333,1.35,2,1.0,0,2024-04-03,1.212719298245614,3.226086956521739,0.23600809170600134,partial_bearish,1.6838517623711118,1.8540686903235002,bearish,bearish,True,True,False,False
168,177590,177591,177595,2024-04-03 14:19:00+00:00,2024-04-03 14:20:00+00:00,2024-04-03 14:24:00+00:00,short,18390.0,18389.75,18389.5,18404.5,18364.5,18339.5,18314.5,18289.5,70.0,near_trigger,-61.63289984625495,15.0,False,False,False,False,True,stop,18404.5,18404.75,-15.25,0.0,-15.25,-1.0166666666666666,6.25,17.25,0.4166666666666667,1.15,5,4.0,0,2024-04-03,1.4476439790575917,3.6529338327091136,3.13168044077135,strong_bullish,0.5493936458089733,0.8489275482022558,bearish,bearish,True,False,False,False
169,178951,178952,178957,2024-04-04 14:00:00+00:00,2024-04-04 14:01:00+00:00,2024-04-04 14:06:00+00:00,long,18527.0,18527.5,18527.75,18512.75,18552.75,18577.75,18602.75,18627.75,77.91493641798711,near_trigger,74.91493641798711,15.0,False,False,False,False,True,stop,18512.75,18512.5,-15.25,0.0,-15.25,-1.0166666666666666,3.5,15.0,0.23333333333333334,1.0,6,5.0,0,2024-04-04,0.646795827123696,1.736220472440945,1.3471901462663587,partial_bullish,1.5689089144968567,0.8622100157774791,bullish,bullish,True,False,True,False
170,180343,180344,180345,2024-04-05 14:12:00+00:00,2024-04-05 14:13:00+00:00,2024-04-05 14:14:00+00:00,long,18250.25,18250.5,18250.75,18235.75,18275.75,18300.75,18325.75,18350.75,84.4,high_probability,46.400000000000006,15.0,False,False,False,False,True,stop,18235.75,18235.5,-15.25,0.0,-15.25,-1.0166666666666666,2.25,16.0,0.15,1.0666666666666667,2,1.0,0,2024-04-05,3.4306306306306302,1.0972423802612483,0.6296296296296297,strong_bullish,1.9322761752230768,2.39954539990602,bullish,bullish,True,True,True,False
171,180346,180347,180348,2024-04-05 14:15:00+00:00,2024-04-05 14:16:00+00:00,2024-04-05 14:17:00+00:00,long,18244.5,18244.25,18244.5,18229.5,18269.5,18294.5,18319.5,18344.5,72.00486339122637,near_trigger,40.004863391226365,15.0,False,False,False,False,True,stop,18229.5,18229.25,-15.25,0.0,-15.25,-1.0166666666666666,1.5,16.75,0.1,1.1166666666666667,2,1.0,0,2024-04-05,2.211895910780669,1.3980309423347397,2.101951413779371,strong_bullish,0.6205988330620232,0.7272688301110302,bullish,bullish,True,True,True,True
172,180352,180353,180356,2024-04-05 14:21:00+00:00,2024-04-05 14:22:00+00:00,2024-04-05 14:25:00+00:00,long,18225.5,18225.5,18225.75,18210.75,18250.75,18275.75,18300.75,18325.75,77.11605203166202,near_trigger,77.11605203166202,15.0,False,False,False,False,True,stop,18210.75,18210.5,-15.25,0.0,-15.25,-1.0166666666666666,7.0,19.75,0.4666666666666667,1.3166666666666667,4,3.0,0,2024-04-05,0.585972850678733,0.10957642725598526,2.101951413779371,partial_bearish,0.6871868289191124,0.9900876640119177,bullish,bullish,True,True,True,False
173,181682,181683,181683,2024-04-08 13:31:00+00:00,2024-04-08 13:32:00+00:00,2024-04-08 13:32:00+00:00,long,18326.0,18326.0,18326.25,18311.25,18351.25,18376.25,18401.25,18426.25,71.27764995561523,near_trigger,37.27764995561523,15.0,False,False,False,False,True,stop,18311.25,18311.0,-15.25,0.0,-15.25,-1.0166666666666666,3.75,20.25,0.25,1.35,1,0.0,0,2024-04-08,2.014388489208633,2.022222222222222,0.7973372781065089,partial_bearish,6.772291553626334,1.0719725164614944,bullish,bullish,True,False,False,False
174,181700,181701,181701,2024-04-08 13:49:00+00:00,2024-04-08 13:50:00+00:00,2024-04-08 13:50:00+00:00,long,18290.25,18290.5,18290.75,18275.75,18315.75,18340.75,18365.75,18390.75,72.0,near_trigger,61.61287899759371,15.0,False,False,False,False,True,stop,18275.75,18275.5,-15.25,0.0,-15.25,-1.0166666666666666,4.75,20.5,0.31666666666666665,1.3666666666666667,1,0.0,0,2024-04-08,0.6035751840168244,3.307513555383424,1.564102564102564,partial_bearish,0.6160481599336888,0.8896237611710167,bullish,bullish,True,True,True,False
175,183065,183066,183081,2024-04-09 13:34:00+00:00,2024-04-09 13:35:00+00:00,2024-04-09 13:50:00+00:00,long,18353.0,18353.5,18353.75,18338.75,18378.75,18403.75,18428.75,18453.75,78.0,near_trigger,44.400000000000006,15.0,True,False,False,False,True,stop,18338.75,18338.5,-15.25,0.0,-15.25,-1.0166666666666666,49.25,18.5,3.283333333333333,1.2333333333333334,16,15.0,1,2024-04-09,3.2372372372372373,2.1678726483357456,1.1473759884974837,partial_bullish,4.282062902202483,1.794425748816858,bullish,bullish,True,True,True,False
176,183082,183083,183083,2024-04-09 13:51:00+00:00,2024-04-09 13:52:00+00:00,2024-04-09 13:52:00+00:00,long,18352.0,18352.0,18352.25,18337.25,18377.25,18402.25,18427.25,18452.25,72.14838177317318,near_trigger,72.14838177317318,15.0,False,False,False,False,True,stop,18337.25,18337.0,-15.25,0.0,-15.25,-1.0166666666666666,1.5,15.0,0.1,1.0,1,0.0,0,2024-04-09,2.269368295589988,1.6758104738154613,0.907165109034268,partial_bearish,1.0694103323785864,1.7228829605106517,bullish,bullish,True,False,False,False
177,184457,184458,184458,2024-04-10 13:46:00+00:00,2024-04-10 13:47:00+00:00,2024-04-10 13:47:00+00:00,short,18116.5,18116.5,18116.25,18131.25,18091.25,18066.25,18041.25,18016.25,83.94097530082331,high_probability,-59.94097530082331,15.0,False,False,False,False,True,stop,18131.25,18131.5,-15.25,0.0,-15.25,-1.0166666666666666,9.0,20.5,0.6,1.3666666666666667,1,0.0,0,2024-04-10,1.7555414819506014,1.8159246575342465,3.789808917197452,partial_bearish,1.4949920513944406,1.939206734441031,bearish,bearish,True,True,True,True
178,184463,184464,184465,2024-04-10 13:52:00+00:00,2024-04-10 13:53:00+00:00,2024-04-10 13:54:00+00:00,short,18167.5,18167.75,18167.5,18182.5,18142.5,18117.5,18092.5,18067.5,75.64896253756456,near_trigger,-47.64896253756456,15.0,False,False,False,False,True,stop,18182.5,18182.75,-15.25,0.0,-15.25,-1.0166666666666666,15.0,33.0,1.0,2.2,2,1.0,0,2024-04-10,1.269521410579345,0.22941176470588234,3.789808917197452,partial_bullish,0.6411468905702159,1.081275590091711,bearish,bearish,True,True,True,True
179,184466,184467,184467,2024-04-10 13:55:00+00:00,2024-04-10 13:56:00+00:00,2024-04-10 13:56:00+00:00,short,18182.25,18182.5,18182.25,18197.25,18157.25,18132.25,18107.25,18082.25,75.17004276357851,near_trigger,-47.17004276357851,15.0,False,False,False,False,True,stop,18197.25,18197.5,-15.25,0.0,-15.25,-1.0166666666666666,5.25,24.25,0.35,1.6166666666666667,1,0.0,0,2024-04-10,1.1101694915254237,1.1899441340782122,3.789808917197452,partial_bullish,0.8182375291089594,1.3989941324392288,bearish,bearish,True,False,True,False
180,184468,184469,184504,2024-04-10 13:57:00+00:00,2024-04-10 13:58:00+00:00,2024-04-10 14:33:00+00:00,short,18195.5,18195.5,18195.25,18210.25,18170.25,18145.25,18120.25,18095.25,70.45278628291489,near_trigger,-50.452786282914886,15.0,True,False,False,False,True,stop,18210.25,18210.5,-15.25,0.0,-15.25,-1.0166666666666666,47.75,15.0,3.183333333333333,1.0,36,35.0,1,2024-04-10,0.9601959583588487,1.1899441340782122,3.789808917197452,partial_bullish,0.8733869221263966,1.7576783059016563,bearish,bearish,True,False,False,False
181,185831,185832,185852,2024-04-11 13:40:00+00:00,2024-04-11 13:41:00+00:00,2024-04-11 14:01:00+00:00,long,18242.0,18241.5,18241.75,18226.75,18266.75,18291.75,18316.75,18341.75,70.91962441314554,near_trigger,70.91962441314554,15.0,True,False,False,False,True,stop,18226.75,18226.5,-15.25,0.0,-15.25,-1.0166666666666666,32.25,16.75,2.15,1.1166666666666667,21,20.0,1,2024-04-11,1.3408450704225352,0.7795975666822649,3.584053794428434,partial_bearish,2.322771703559051,1.5289971253610957,bullish,bullish,True,True,False,False
182,187204,187205,187217,2024-04-12 13:33:00+00:00,2024-04-12 13:34:00+00:00,2024-04-12 13:46:00+00:00,short,18313.25,18313.0,18312.75,18327.75,18287.75,18262.75,18237.75,18212.75,71.45680438012242,near_trigger,-58.45680438012242,15.0,False,False,False,False,True,stop,18327.75,18328.0,-15.25,0.0,-15.25,-1.0166666666666666,18.0,19.0,1.2,1.2666666666666666,13,12.0,0,2024-04-12,1.7716643741403026,0.16666666666666666,3.8095238095238093,partial_bearish,2.561175715202968,1.009107263323589,bearish,bearish,True,False,False,False
183,188623,188624,188649,2024-04-15 14:12:00+00:00,2024-04-15 14:13:00+00:00,2024-04-15 14:38:00+00:00,long,18217.75,18217.25,18217.5,18202.5,18242.5,18267.5,18292.5,18317.5,73.49666366095582,near_trigger,53.49666366095582,15.0,True,False,False,False,True,stop,18202.5,18202.25,-15.25,0.0,-15.25,-1.0166666666666666,43.25,27.0,2.8833333333333333,1.8,26,25.0,1,2024-04-15,2.587917042380523,2.3477722772277225,0.6810344827586207,strong_bearish,1.9204553233519464,2.043857914511412,bullish,bullish,True,True,False,False
184,190006,190007,190008,2024-04-16 14:15:00+00:00,2024-04-16 14:16:00+00:00,2024-04-16 14:17:00+00:00,long,17928.0,17927.5,17927.75,17912.75,17952.75,17977.75,18002.75,18027.75,85.22566371681415,high_probability,69.22566371681415,15.0,False,False,False,False,True,stop,17912.75,17912.5,-15.25,0.0,-15.25,-1.0166666666666666,2.25,32.25,0.15,2.15,2,1.0,0,2024-04-16,2.183628318584071,1.9588477366255144,0.49673202614379086,strong_bullish,1.9556361383014127,1.645441291481206,bullish,bullish,True,False,True,False
185,191374,191375,191378,2024-04-17 14:03:00+00:00,2024-04-17 14:04:00+00:00,2024-04-17 14:07:00+00:00,short,17853.75,17854.0,17853.75,17868.75,17828.75,17803.75,17778.75,17753.75,70.1281290129909,near_trigger,-52.1281290129909,15.0,False,False,False,False,True,stop,17868.75,17869.0,-15.25,0.0,-15.25,-1.0166666666666666,15.0,16.5,1.0,1.1,4,3.0,0,2024-04-17,1.9027624309392266,1.5070527097253157,0.8690842040565459,strong_bearish,2.0465655138771734,2.1966730297245705,bearish,bearish,False,True,True,False
186,194123,194124,194135,2024-04-19 13:52:00+00:00,2024-04-19 13:53:00+00:00,2024-04-19 14:04:00+00:00,long,17455.75,17455.75,17456.0,17441.0,17481.0,17506.0,17531.0,17556.0,74.93268608414239,near_trigger,53.93268608414239,15.0,True,False,False,False,True,stop,17441.0,17440.75,-15.25,0.0,-15.25,-1.0166666666666666,29.0,20.75,1.9333333333333333,1.3833333333333333,12,11.0,1,2024-04-19,1.29126213592233,0.9135802469135802,1.1362725450901803,strong_bearish,1.335925900804148,1.7557622401172754,neutral,bullish,True,False,True,False
187,196882,196883,196920,2024-04-23 13:51:00+00:00,2024-04-23 13:52:00+00:00,2024-04-23 14:29:00+00:00,long,17470.25,17470.0,17470.25,17455.25,17495.25,17520.25,17545.25,17570.25,72.662203351542,near_trigger,56.662203351542004,15.0,True,True,True,True,False,tp4,17570.25,17570.0,99.75,0.0,99.75,6.65,100.5,1.0,6.7,0.06666666666666667,38,37.0,4,2024-04-23,1.218372280419017,2.6676994577846633,2.379800853485064,partial_bullish,1.0049773093251355,1.4081329162607046,bullish,bullish,False,True,True,False
188,198267,198268,198312,2024-04-24 13:56:00+00:00,2024-04-24 13:57:00+00:00,2024-04-24 14:41:00+00:00,long,17716.75,17716.75,17717.0,17702.0,17742.0,17767.0,17792.0,17817.0,78.0,near_trigger,53.0,15.0,True,True,False,False,True,stop,17702.0,17701.75,-15.25,0.0,-15.25,-1.0166666666666666,59.0,20.25,3.933333333333333,1.35,45,44.0,2,2024-04-24,4.749116607773852,1.4467408585055643,1.305750350631136,partial_bullish,1.9740104158000698,2.6716508658544824,bullish,bullish,True,False,True,False
189,201060,201061,201063,2024-04-26 14:29:00+00:00,2024-04-26 14:30:00+00:00,2024-04-26 14:32:00+00:00,short,17795.25,17795.5,17795.25,17810.25,17770.25,17745.25,17720.25,17695.25,82.0,high_probability,-68.0,15.0,False,False,False,False,True,stop,17810.25,17810.5,-15.25,0.0,-15.25,-1.0166666666666666,14.0,19.5,0.9333333333333333,1.3,3,2.0,0,2024-04-26,2.581967213114754,1.2830957230142568,2.1341150604617076,partial_bullish,1.6372507138521033,1.9195234141262372,bearish,bearish,False,True,True,False
190,202389,202390,202390,2024-04-29 13:38:00+00:00,2024-04-29 13:39:00+00:00,2024-04-29 13:39:00+00:00,long,17906.0,17905.75,17906.0,17891.0,17931.0,17956.0,17981.0,18006.0,78.0,near_trigger,39.05868904043714,15.0,False,False,False,False,True,stop,17891.0,17890.75,-15.25,0.0,-15.25,-1.0166666666666666,1.75,15.0,0.11666666666666667,1.0,1,0.0,0,2024-04-29,2.5251989389920424,1.6644649933949802,0.3876464323748669,partial_bullish,1.6494257554777225,0.9856572670928384,bullish,bullish,True,True,True,False
191,202399,202400,202402,2024-04-29 13:48:00+00:00,2024-04-29 13:49:00+00:00,2024-04-29 13:51:00+00:00,long,17859.75,17859.75,17860.0,17845.0,17885.0,17910.0,17935.0,17960.0,70.0,near_trigger,54.52153508037705,15.0,False,False,False,False,True,stop,17845.0,17844.75,-15.25,0.0,-15.25,-1.0166666666666666,9.5,19.0,0.6333333333333333,1.2666666666666666,3,2.0,0,2024-04-29,1.5314917127071823,3.4815465729349735,2.81893313298272,partial_bearish,0.5597500650872168,0.6439375031198523,bullish,bullish,True,False,False,False
192,202405,202406,202465,2024-04-29 13:54:00+00:00,2024-04-29 13:55:00+00:00,2024-04-29 14:54:00+00:00,long,17833.75,17833.75,17834.0,17819.0,17859.0,17884.0,17909.0,17934.0,70.0,near_trigger,70.0,15.0,True,True,True,False,False,max_holding_time,17885.25,17885.0,51.0,0.0,51.0,3.4,82.5,4.0,5.5,0.26666666666666666,60,59.0,3,2024-04-29,2.2864321608040203,1.9444444444444444,2.81893313298272,strong_bearish,0.8873575921080431,1.2008709613565884,bullish,bullish,True,False,False,False
193,203762,203763,203764,2024-04-30 13:31:00+00:00,2024-04-30 13:32:00+00:00,2024-04-30 13:33:00+00:00,short,17827.0,17826.75,17826.5,17841.5,17801.5,17776.5,17751.5,17726.5,81.80479149338683,high_probability,-55.80479149338683,15.0,False,False,False,False,True,stop,17841.5,17841.75,-15.25,0.0,-15.25,-1.0166666666666666,1.25,22.25,0.08333333333333333,1.4833333333333334,2,1.0,0,2024-04-30,1.2962962962962963,0.7165354330708662,1.895148669796557,partial_bearish,5.837246303698242,0.8177177617952608,bearish,bearish,True,False,True,False
194,205142,205143,205149,2024-05-01 13:31:00+00:00,2024-05-01 13:32:00+00:00,2024-05-01 13:38:00+00:00,short,17486.5,17487.0,17486.75,17501.75,17461.75,17436.75,17411.75,17386.75,74.88013991872529,near_trigger,-56.88013991872529,15.0,False,False,False,False,True,stop,17501.75,17502.0,-15.25,0.0,-15.25,-1.0166666666666666,18.5,17.25,1.2333333333333334,1.15,7,6.0,0,2024-05-01,2.606896551724138,0.24612202688728024,1.7781021897810219,partial_bullish,6.305426669356466,0.8501748984066021,bearish,bearish,True,True,True,False
195,206527,206528,206531,2024-05-02 13:36:00+00:00,2024-05-02 13:37:00+00:00,2024-05-02 13:40:00+00:00,long,17531.25,17531.25,17531.5,17516.5,17556.5,17581.5,17606.5,17631.5,70.0771363140952,near_trigger,57.0771363140952,15.0,False,False,False,False,True,stop,17516.5,17516.25,-15.25,0.0,-15.25,-1.0166666666666666,23.5,16.25,1.5666666666666667,1.0833333333333333,4,3.0,0,2024-05-02,1.8091787439613525,1.0953545232273838,0.3612903225806452,strong_bearish,2.9099462365591395,1.354324141166658,bullish,bullish,True,True,False,False
196,206547,206548,206550,2024-05-02 13:56:00+00:00,2024-05-02 13:57:00+00:00,2024-05-02 13:59:00+00:00,long,17522.75,17522.5,17522.75,17507.75,17547.75,17572.75,17597.75,17622.75,81.12760677271135,high_probability,63.127606772711346,15.0,False,False,False,False,True,stop,17507.75,17507.5,-15.25,0.0,-15.25,-1.0166666666666666,4.75,25.75,0.31666666666666665,1.7166666666666666,3,2.0,0,2024-05-02,1.2842582106455267,2.889952153110048,1.3013365735115432,partial_bearish,0.8554314174182259,0.9717961216083187,bullish,bullish,True,False,True,False
197,206552,206553,206554,2024-05-02 14:01:00+00:00,2024-05-02 14:02:00+00:00,2024-05-02 14:03:00+00:00,short,17452.75,17452.25,17452.0,17467.0,17427.0,17402.0,17377.0,17352.0,70.0,near_trigger,-22.0,15.0,False,False,False,False,True,stop,17467.0,17467.25,-15.25,0.0,-15.25,-1.0166666666666666,13.25,20.0,0.8833333333333333,1.3333333333333333,2,1.0,0,2024-05-02,3.9043824701195224,1.7139055222887558,3.3734042553191492,strong_bearish,2.491219721125018,2.5915364660686353,bearish,bearish,False,True,False,False
198,207904,207905,207931,2024-05-03 13:33:00+00:00,2024-05-03 13:34:00+00:00,2024-05-03 14:00:00+00:00,long,17933.75,17933.25,17933.5,17918.5,17958.5,17983.5,18008.5,18033.5,74.90274437462458,near_trigger,69.90274437462458,15.0,True,True,True,True,False,tp4,18033.5,18033.25,99.75,0.0,99.75,6.65,116.5,8.5,7.766666666666667,0.5666666666666667,27,26.0,4,2024-05-03,1.0968660968660968,0.5342019543973942,5.2091439688715955,partial_bullish,3.2834177998945124,0.9453820352322848,bullish,bullish,True,True,True,False
199,207932,207933,207935,2024-05-03 14:01:00+00:00,2024-05-03 14:02:00+00:00,2024-05-03 14:04:00+00:00,long,17955.5,17956.0,17956.25,17941.25,17981.25,18006.25,18031.25,18056.25,88.0,high_probability,32.32767031118587,15.0,True,False,False,False,True,stop,17941.25,17941.0,-15.25,0.0,-15.25,-1.0166666666666666,34.25,25.0,2.283333333333333,1.6666666666666667,3,2.0,1,2024-05-03,2.708158116063919,2.0916509730069053,2.022881355932203,partial_bullish,2.3811764705882354,1.9803944769585042,bullish,bullish,True,False,True,True
200,207959,207960,207962,2024-05-03 14:28:00+00:00,2024-05-03 14:29:00+00:00,2024-05-03 14:31:00+00:00,long,17952.25,17952.0,17952.25,17937.25,17977.25,18002.25,18027.25,18052.25,83.58515603403947,high_probability,83.58515603403947,15.0,False,False,False,False,True,stop,17937.25,17937.0,-15.25,0.0,-15.25,-1.0166666666666666,14.75,15.75,0.9833333333333333,1.05,3,2.0,0,2024-05-03,1.391812865497076,1.6126582278481014,0.04886561954624782,partial_bullish,1.4269760516193077,1.4288134636019654,bullish,bullish,True,True,True,True
201,209283,209284,209343,2024-05-06 13:32:00+00:00,2024-05-06 13:33:00+00:00,2024-05-06 14:32:00+00:00,long,18048.5,18048.25,18048.5,18033.5,18073.5,18098.5,18123.5,18148.5,78.0,near_trigger,36.44137753580007,15.0,True,True,False,False,False,max_holding_time,18093.75,18093.5,45.0,0.0,45.0,3.0,68.25,2.5,4.55,0.16666666666666666,60,59.0,2,2024-05-06,1.943529411764706,1.2581261950286808,1.8825065274151436,partial_bullish,4.582052858020898,0.6904775687409551,bullish,bullish,True,False,True,False
202,212080,212081,212091,2024-05-08 14:09:00+00:00,2024-05-08 14:10:00+00:00,2024-05-08 14:20:00+00:00,short,18162.0,18162.25,18162.0,18177.0,18137.0,18112.0,18087.0,18062.0,74.47260710716603,near_trigger,-66.47260710716603,15.0,False,False,False,False,True,stop,18177.0,18177.25,-15.25,0.0,-15.25,-1.0166666666666666,10.5,19.25,0.7,1.2833333333333334,11,10.0,0,2024-05-08,1.1261425959780622,2.968814968814969,3.335324869305452,partial_bullish,0.5727712137486574,0.40931464264125966,bearish,bearish,True,True,False,True
203,216210,216211,216270,2024-05-13 13:59:00+00:00,2024-05-13 14:00:00+00:00,2024-05-13 14:59:00+00:00,long,18286.0,18286.25,18286.5,18271.5,18311.5,18336.5,18361.5,18386.5,74.58977888669018,near_trigger,62.58977888669018,15.0,True,False,False,False,False,max_holding_time,18294.0,18293.75,7.25,0.0,7.25,0.48333333333333334,25.25,9.5,1.6833333333333333,0.6333333333333333,60,59.0,1,2024-05-13,0.8764805414551607,3.3268817204301073,1.6338028169014085,partial_bearish,1.396282304456083,1.9350328702739685,bullish,bullish,False,True,True,False
204,217590,217591,217599,2024-05-14 13:59:00+00:00,2024-05-14 14:00:00+00:00,2024-05-14 14:08:00+00:00,short,18290.0,18290.0,18289.75,18304.75,18264.75,18239.75,18214.75,18189.75,72.0,near_trigger,-60.0,15.0,False,False,False,False,True,stop,18304.75,18305.0,-15.25,0.0,-15.25,-1.0166666666666666,17.5,18.0,1.1666666666666667,1.2,9,8.0,0,2024-05-14,2.574380165289256,2.0056179775280896,0.6059016393442623,partial_bullish,1.5887675146827516,1.5335116162460303,bearish,bearish,True,True,False,False
205,218943,218944,218948,2024-05-15 13:32:00+00:00,2024-05-15 13:33:00+00:00,2024-05-15 13:37:00+00:00,long,18519.25,18519.0,18519.25,18504.25,18544.25,18569.25,18594.25,18619.25,82.59803808845757,high_probability,56.59803808845757,15.0,False,False,False,False,True,stop,18504.25,18504.0,-15.25,0.0,-15.25,-1.0166666666666666,12.5,23.0,0.8333333333333334,1.5333333333333334,5,4.0,0,2024-05-15,1.6377358490566039,0.3454657618753855,4.497688751926041,strong_bullish,5.470151519333204,1.2958059560001307,bullish,bullish,True,True,True,False
206,218949,218950,218956,2024-05-15 13:38:00+00:00,2024-05-15 13:39:00+00:00,2024-05-15 13:45:00+00:00,long,18502.25,18502.75,18503.0,18488.0,18528.0,18553.0,18578.0,18603.0,83.1493142263812,high_probability,57.14931422638119,15.0,False,False,False,False,True,stop,18488.0,18487.75,-15.25,0.0,-15.25,-1.0166666666666666,21.5,19.75,1.4333333333333333,1.3166666666666667,7,6.0,0,2024-05-15,1.0929368029739777,0.5622817229336438,4.497688751926041,partial_bullish,1.901750514659383,1.408793246085301,bullish,bullish,True,True,True,False
207,218961,218962,219009,2024-05-15 13:50:00+00:00,2024-05-15 13:51:00+00:00,2024-05-15 14:38:00+00:00,long,18460.0,18460.0,18460.25,18445.25,18485.25,18510.25,18535.25,18560.25,76.0,near_trigger,35.219548872180454,15.0,True,True,True,True,False,tp4,18560.25,18560.0,99.75,0.0,99.75,6.65,104.5,13.0,6.966666666666667,0.8666666666666667,48,47.0,4,2024-05-15,2.6766917293233083,1.5085271317829458,3.6914446002805046,partial_bearish,1.6452978799005094,1.964260463800905,bullish,bullish,True,False,False,False
208,220322,220323,220328,2024-05-16 13:31:00+00:00,2024-05-16 13:32:00+00:00,2024-05-16 13:37:00+00:00,short,18674.75,18675.0,18674.75,18689.75,18649.75,18624.75,18599.75,18574.75,82.48682974165506,high_probability,-82.48682974165506,15.0,False,False,False,False,True,stop,18689.75,18690.0,-15.25,0.0,-15.25,-1.0166666666666666,2.5,22.5,0.16666666666666666,1.5,6,5.0,0,2024-05-16,2.050955414012739,1.1827956989247312,2.518828451882845,strong_bearish,6.521674363175927,0.7357035227953821,bearish,bearish,True,True,True,False
209,221733,221734,221737,2024-05-17 14:02:00+00:00,2024-05-17 14:03:00+00:00,2024-05-17 14:06:00+00:00,long,18648.75,18648.75,18649.0,18634.0,18674.0,18699.0,18724.0,18749.0,72.88113524763429,near_trigger,62.88113524763429,15.0,False,False,False,False,True,stop,18634.0,18633.75,-15.25,0.0,-15.25,-1.0166666666666666,4.5,17.0,0.3,1.1333333333333333,4,3.0,0,2024-05-17,3.0040485829959516,0.23483870967741938,2.753072625698324,partial_bearish,1.1967759632020931,0.9728765494213968,bullish,bullish,True,True,True,False
210,224461,224462,224462,2024-05-21 13:30:00+00:00,2024-05-21 13:31:00+00:00,2024-05-21 13:31:00+00:00,short,18679.25,18679.5,18679.25,18694.25,18654.25,18629.25,18604.25,18579.25,70.90038877454343,near_trigger,-56.90038877454343,15.0,False,False,False,False,True,stop,18694.25,18694.5,-15.25,0.0,-15.25,-1.0166666666666666,1.25,18.75,0.08333333333333333,1.25,1,0.0,0,2024-05-21,1.873015873015873,1.9583333333333333,4.437587657784011,strong_bearish,6.423601870509067,0.9032637459570715,bearish,bearish,False,True,True,False
211,225842,225843,225844,2024-05-22 13:31:00+00:00,2024-05-22 13:32:00+00:00,2024-05-22 13:33:00+00:00,short,18811.75,18811.75,18811.5,18826.5,18786.5,18761.5,18736.5,18711.5,71.17716933058,near_trigger,-71.17716933058,15.0,False,False,False,False,True,stop,18826.5,18826.75,-15.25,0.0,-15.25,-1.0166666666666666,2.25,15.0,0.15,1.0,2,1.0,0,2024-05-22,2.019230769230769,0.09459459459459459,1.2475247524752475,partial_bullish,5.337768092671178,0.5740257657891005,bearish,bearish,True,True,False,False
212,225846,225847,225863,2024-05-22 13:35:00+00:00,2024-05-22 13:36:00+00:00,2024-05-22 13:52:00+00:00,short,18812.75,18812.75,18812.5,18827.5,18787.5,18762.5,18737.5,18712.5,72.36293006792508,near_trigger,-72.36293006792508,15.0,False,False,False,False,True,stop,18827.5,18827.75,-15.25,0.0,-15.25,-1.0166666666666666,23.5,18.0,1.5666666666666667,1.2,17,16.0,0,2024-05-22,0.16393442622950818,2.483430799220273,1.2475247524752475,partial_bullish,1.8991184540837176,0.48235110949651916,bearish,bearish,True,True,False,False
213,228624,228625,228663,2024-05-24 13:53:00+00:00,2024-05-24 13:54:00+00:00,2024-05-24 14:32:00+00:00,long,18739.75,18739.75,18740.0,18725.0,18765.0,18790.0,18815.0,18840.0,72.0,near_trigger,70.11767469035604,15.0,True,True,True,True,False,tp4,18840.0,18839.75,99.75,0.0,99.75,6.65,100.75,8.25,6.716666666666667,0.55,39,38.0,4,2024-05-24,1.2864864864864867,0.43357783211083945,1.6451104100946372,partial_bullish,0.9417532090563118,1.2069606911089985,bullish,bullish,True,False,True,False
214,230033,230034,230093,2024-05-27 14:22:00+00:00,2024-05-27 14:23:00+00:00,2024-05-27 15:22:00+00:00,long,18883.0,18882.75,18883.0,18868.0,18908.0,18933.0,18958.0,18983.0,70.31863319440559,near_trigger,70.31863319440559,15.0,True,False,False,False,False,max_holding_time,18923.75,18923.5,40.5,0.0,40.5,2.7,41.5,5.0,2.7666666666666666,0.3333333333333333,60,59.0,1,2024-05-27,0.07216494845360824,0.3297101449275362,1.008,partial_bullish,0.7660347961568423,0.09674510125440682,bullish,bullish,True,True,True,False
215,231136,231137,231137,2024-05-28 13:45:00+00:00,2024-05-28 13:46:00+00:00,2024-05-28 13:46:00+00:00,long,18856.75,18856.75,18857.0,18842.0,18882.0,18907.0,18932.0,18957.0,76.0,near_trigger,55.73303370786517,15.0,False,False,False,False,True,stop,18842.0,18841.75,-15.25,0.0,-15.25,-1.0166666666666666,0.0,15.5,0.0,1.0333333333333334,1,0.0,0,2024-05-28,2.8786516853932587,2.8636363636363633,2.1244309559939305,strong_bearish,2.270980179528887,1.706180014302655,bullish,bullish,True,True,False,False
216,231138,231139,231198,2024-05-28 13:47:00+00:00,2024-05-28 13:48:00+00:00,2024-05-28 14:47:00+00:00,long,18843.5,18843.5,18843.75,18828.75,18868.75,18893.75,18918.75,18943.75,76.0,near_trigger,59.04709154113557,15.0,True,True,True,False,False,max_holding_time,18913.75,18913.5,69.75,0.0,69.75,4.65,76.5,2.0,5.1,0.13333333333333333,60,59.0,3,2024-05-28,3.601390498261877,2.8636363636363633,2.1244309559939305,strong_bearish,1.2052791878172588,1.575204330750451,bullish,bullish,True,True,False,False
217,232502,232503,232509,2024-05-29 13:31:00+00:00,2024-05-29 13:32:00+00:00,2024-05-29 13:38:00+00:00,short,18795.5,18795.75,18795.5,18810.5,18770.5,18745.5,18720.5,18695.5,70.78647235047272,near_trigger,-48.78647235047272,15.0,False,False,False,False,True,stop,18810.5,18810.75,-15.25,0.0,-15.25,-1.0166666666666666,14.5,22.25,0.9666666666666667,1.4833333333333334,7,6.0,0,2024-05-29,3.764705882352941,0.23562412342215988,3.2662397072278133,partial_bearish,6.758403052986937,1.3172273715528093,bearish,bearish,True,True,False,False
218,233907,233908,233908,2024-05-30 13:56:00+00:00,2024-05-30 13:57:00+00:00,2024-05-30 13:57:00+00:00,short,18727.25,18728.0,18727.75,18742.75,18702.75,18677.75,18652.75,18627.75,77.14527687296417,near_trigger,-65.14527687296417,15.0,False,False,False,False,True,stop,18742.75,18743.0,-15.25,0.0,-15.25,-1.0166666666666666,0.0,15.25,0.0,1.0166666666666666,1,0.0,0,2024-05-30,1.1856677524429968,1.3725490196078431,0.5679939894815929,strong_bearish,1.649181655196345,2.098863569451805,bearish,bearish,True,False,True,False
219,233922,233923,233927,2024-05-30 14:11:00+00:00,2024-05-30 14:12:00+00:00,2024-05-30 14:16:00+00:00,short,18705.75,18705.75,18705.5,18720.5,18680.5,18655.5,18630.5,18605.5,74.0,near_trigger,-50.0,15.0,False,False,False,False,True,stop,18720.5,18720.75,-15.25,0.0,-15.25,-1.0166666666666666,21.25,19.0,1.4166666666666667,1.2666666666666666,5,4.0,0,2024-05-30,2.907006369426752,0.0,1.6827393431167017,partial_bearish,2.492302379787632,2.606105285329562,bearish,bearish,True,True,False,False
220,235278,235279,235281,2024-05-31 13:47:00+00:00,2024-05-31 13:48:00+00:00,2024-05-31 13:50:00+00:00,long,18585.25,18585.25,18585.5,18570.5,18610.5,18635.5,18660.5,18685.5,84.27628657921292,high_probability,71.27628657921292,15.0,False,False,False,False,True,stop,18570.5,18570.25,-15.25,0.0,-15.25,-1.0166666666666666,8.0,26.75,0.5333333333333333,1.7833333333333334,3,2.0,0,2024-05-31,1.921291624621594,0.4847020933977456,1.4039436619718308,partial_bearish,1.9097093382807668,2.461571164755743,bullish,bullish,True,False,True,False
221,235298,235299,235301,2024-05-31 14:07:00+00:00,2024-05-31 14:08:00+00:00,2024-05-31 14:10:00+00:00,long,18544.75,18545.0,18545.25,18530.25,18570.25,18595.25,18620.25,18645.25,75.6974184895158,near_trigger,47.6974184895158,15.0,False,False,False,False,True,stop,18530.25,18530.0,-15.25,0.0,-15.25,-1.0166666666666666,3.5,25.25,0.23333333333333334,1.6833333333333333,3,2.0,0,2024-05-31,1.8509968520461701,2.8583690987124464,3.1216674745516237,partial_bearish,0.8406725380304243,0.9722453049692539,bullish,bullish,False,False,True,False
222,235304,235305,235305,2024-05-31 14:13:00+00:00,2024-05-31 14:14:00+00:00,2024-05-31 14:14:00+00:00,long,18500.5,18500.25,18500.5,18485.5,18525.5,18550.5,18575.5,18600.5,74.0,near_trigger,53.085830602035536,15.0,False,False,False,False,True,stop,18485.5,18485.25,-15.25,0.0,-15.25,-1.0166666666666666,6.0,18.0,0.4,1.2,1,0.0,0,2024-05-31,2.4256684491978606,2.661853188929001,3.1216674745516237,strong_bearish,1.9240743007868581,2.5690636470360957,bullish,bullish,False,False,True,False
223,235306,235307,235308,2024-05-31 14:15:00+00:00,2024-05-31 14:16:00+00:00,2024-05-31 14:17:00+00:00,long,18486.25,18486.25,18486.5,18471.5,18511.5,18536.5,18561.5,18586.5,88.0,high_probability,70.01269841269841,15.0,False,False,False,False,True,stop,18471.5,18471.25,-15.25,0.0,-15.25,-1.0166666666666666,10.75,20.75,0.7166666666666667,1.3833333333333333,2,1.0,0,2024-05-31,2.6507936507936507,3.015855658829962,3.936339522546419,strong_bearish,1.7312737423132623,2.3677148064696683,bullish,bullish,True,False,True,False
224,235309,235310,235310,2024-05-31 14:18:00+00:00,2024-05-31 14:19:00+00:00,2024-05-31 14:19:00+00:00,long,18478.75,18478.75,18479.0,18464.0,18504.0,18529.0,18554.0,18579.0,81.89745762711864,high_probability,70.89745762711864,15.0,False,False,False,False,True,stop,18464.0,18463.75,-15.25,0.0,-15.25,-1.0166666666666666,7.25,16.25,0.48333333333333334,1.0833333333333333,1,0.0,0,2024-05-31,1.2902542372881356,3.015855658829962,3.936339522546419,strong_bearish,1.3917595734367425,2.575067264573991,bullish,bullish,True,False,False,False
225,236671,236672,236672,2024-06-03 14:00:00+00:00,2024-06-03 14:01:00+00:00,2024-06-03 14:01:00+00:00,long,18705.0,18704.75,18705.0,18690.0,18730.0,18755.0,18780.0,18805.0,85.40067567567567,high_probability,85.40067567567567,15.0,False,False,False,False,True,stop,18690.0,18689.75,-15.25,0.0,-15.25,-1.0166666666666666,11.0,29.25,0.7333333333333333,1.95,1,0.0,0,2024-06-03,1.2297297297297298,1.9021739130434783,0.49798657718120803,partial_bearish,2.016334056601138,1.9758539189472821,bullish,bullish,True,True,True,False
226,236673,236674,236674,2024-06-03 14:02:00+00:00,2024-06-03 14:03:00+00:00,2024-06-03 14:03:00+00:00,long,18685.75,18686.0,18686.25,18671.25,18711.25,18736.25,18761.25,18786.25,78.62924667651403,near_trigger,75.62924667651403,15.0,False,False,False,False,True,stop,18671.25,18671.0,-15.25,0.0,-15.25,-1.0166666666666666,1.75,20.0,0.11666666666666667,1.3333333333333333,1,0.0,0,2024-06-03,0.0,1.9021739130434783,0.49798657718120803,partial_bearish,1.4354333566888122,2.3557119503477324,bullish,bullish,True,True,True,False
227,236676,236677,236680,2024-06-03 14:05:00+00:00,2024-06-03 14:06:00+00:00,2024-06-03 14:09:00+00:00,long,18671.5,18671.5,18671.75,18656.75,18696.75,18721.75,18746.75,18771.75,72.0,near_trigger,72.0,15.0,False,False,False,False,True,stop,18656.75,18656.5,-15.25,0.0,-15.25,-1.0166666666666666,17.75,19.25,1.1833333333333333,1.2833333333333334,4,3.0,0,2024-06-03,1.521492295214923,1.8356164383561644,0.49798657718120803,strong_bearish,0.6731843347656983,1.1829605536530499,bullish,bullish,True,False,True,False
228,236684,236685,236705,2024-06-03 14:13:00+00:00,2024-06-03 14:14:00+00:00,2024-06-03 14:34:00+00:00,long,18685.5,18685.25,18685.5,18670.5,18710.5,18735.5,18760.5,18785.5,73.68363351605325,near_trigger,69.68363351605325,15.0,True,False,False,False,True,stop,18670.5,18670.25,-15.25,0.0,-15.25,-1.0166666666666666,25.0,15.75,1.6666666666666667,1.05,21,20.0,1,2024-06-03,0.5591229444009398,2.5377643504531724,0.49798657718120803,partial_bearish,1.1049713812592246,1.7822615764261867,bullish,bullish,True,True,False,False
229,238026,238027,238048,2024-06-04 13:35:00+00:00,2024-06-04 13:36:00+00:00,2024-06-04 13:57:00+00:00,long,18597.75,18597.5,18597.75,18582.75,18622.75,18647.75,18672.75,18697.75,83.59973371540877,high_probability,31.599733715408775,15.0,True,False,False,False,True,stop,18582.75,18582.5,-15.25,0.0,-15.25,-1.0166666666666666,34.25,18.75,2.283333333333333,1.25,22,21.0,1,2024-06-04,2.9429429429429432,1.0221238938053097,2.6137820512820515,partial_bearish,3.3532126525193346,1.4223398169336383,neutral,bullish,True,True,True,False
230,242161,242162,242174,2024-06-07 13:30:00+00:00,2024-06-07 13:31:00+00:00,2024-06-07 13:43:00+00:00,short,19012.25,19012.25,19012.0,19027.0,18987.0,18962.0,18937.0,18912.0,77.56576721540779,near_trigger,-58.56576721540779,15.0,False,False,False,False,True,stop,19027.0,19027.25,-15.25,0.0,-15.25,-1.0166666666666666,19.75,18.5,1.3166666666666667,1.2333333333333334,13,12.0,0,2024-06-07,0.8579970104633782,0.9734675205855444,1.5478433316807139,partial_bearish,7.25999109203547,1.1746978084973958,bearish,bearish,True,True,True,False
231,244924,244925,244980,2024-06-11 13:33:00+00:00,2024-06-11 13:34:00+00:00,2024-06-11 14:29:00+00:00,short,19075.0,19075.0,19074.75,19089.75,19049.75,19024.75,18999.75,18974.75,78.0,near_trigger,-34.01350573716505,15.0,True,True,True,False,True,stop,19089.75,19090.0,-15.25,0.0,-15.25,-1.0166666666666666,80.0,16.75,5.333333333333333,1.1166666666666667,56,55.0,3,2024-06-11,2.189189189189189,0.8703374777975132,0.479253112033195,partial_bullish,3.714107978914972,0.9831178285436961,bearish,bearish,True,True,True,False
232,246304,246305,246355,2024-06-12 13:33:00+00:00,2024-06-12 13:34:00+00:00,2024-06-12 14:24:00+00:00,long,19428.5,19428.25,19428.5,19413.5,19453.5,19478.5,19503.5,19528.5,84.62140177428887,high_probability,46.62140177428887,15.0,True,True,True,True,False,tp4,19528.5,19528.25,99.75,0.0,99.75,6.65,102.0,14.0,6.8,0.9333333333333333,51,50.0,4,2024-06-12,2.0732484076433124,0.56,4.325272067714631,partial_bullish,3.1973290126184515,1.1534850766096891,bullish,bullish,True,True,True,True
233,249064,249065,249124,2024-06-14 13:33:00+00:00,2024-06-14 13:34:00+00:00,2024-06-14 14:33:00+00:00,long,19572.5,19572.75,19573.0,19558.0,19598.0,19623.0,19648.0,19673.0,81.42010849299477,high_probability,64.42010849299477,15.0,True,True,True,False,False,max_holding_time,19605.75,19605.5,32.5,0.0,32.5,2.1666666666666665,76.0,1.25,5.066666666666666,0.08333333333333333,60,59.0,3,2024-06-14,0.20326678765880218,1.6124661246612466,1.4451019066403683,strong_bullish,4.066531381359617,1.0101628394739448,bullish,bullish,True,True,True,False
234,250027,250028,250038,2024-06-17 13:36:00+00:00,2024-06-17 13:37:00+00:00,2024-06-17 13:47:00+00:00,long,19947.5,19947.75,19948.0,19933.0,19973.0,19998.0,20023.0,20048.0,75.42070463544854,near_trigger,42.420704635448544,15.0,False,False,False,False,True,stop,19933.0,19932.75,-15.25,0.0,-15.25,-1.0166666666666666,11.25,26.5,0.75,1.7666666666666666,11,10.0,0,2024-06-17,1.700189753320683,0.9971509971509971,1.5302325581395348,strong_bearish,2.2514335535360988,0.6700933180298418,neutral,bullish,True,True,True,False
235,251428,251429,251430,2024-06-18 13:57:00+00:00,2024-06-18 13:58:00+00:00,2024-06-18 13:59:00+00:00,long,20196.5,20196.25,20196.5,20181.5,20221.5,20246.5,20271.5,20296.5,80.18580550956823,high_probability,68.18580550956823,15.0,False,False,False,False,True,stop,20181.5,20181.25,-15.25,0.0,-15.25,-1.0166666666666666,4.75,21.5,0.31666666666666665,1.4333333333333333,2,1.0,0,2024-06-18,2.1462728551336148,0.4375,1.776879547291835,partial_bearish,1.6068559185859668,1.380991064175467,bullish,bullish,True,True,True,True
236,255301,255302,255303,2024-06-21 13:30:00+00:00,2024-06-21 13:31:00+00:00,2024-06-21 13:32:00+00:00,short,19993.0,19993.25,19993.0,20008.0,19968.0,19943.0,19918.0,19893.0,73.796992481203,near_trigger,-43.796992481203006,15.0,False,False,False,False,True,stop,20008.0,20008.25,-15.25,0.0,-15.25,-1.0166666666666666,4.0,28.75,0.26666666666666666,1.9166666666666667,2,1.0,0,2024-06-21,2.8636363636363633,0.27708333333333335,1.1944055944055945,partial_bearish,11.247455380391042,1.7407423689570785,bearish,bearish,True,True,False,False
237,255322,255323,255329,2024-06-21 13:51:00+00:00,2024-06-21 13:52:00+00:00,2024-06-21 13:58:00+00:00,short,19929.25,19929.5,19929.25,19944.25,19904.25,19879.25,19854.25,19829.25,70.2746395250212,near_trigger,-52.2746395250212,15.0,False,False,False,False,True,stop,19944.25,19944.5,-15.25,0.0,-15.25,-1.0166666666666666,15.25,26.25,1.0166666666666666,1.75,7,6.0,0,2024-06-21,2.2324003392705682,3.2015503875968996,0.0532994923857868,strong_bearish,1.8360117594506717,2.135030985371039,bearish,bearish,False,True,True,False
238,255331,255332,255344,2024-06-21 14:00:00+00:00,2024-06-21 14:01:00+00:00,2024-06-21 14:13:00+00:00,short,19973.5,19973.75,19973.5,19988.5,19948.5,19923.5,19898.5,19873.5,70.0,near_trigger,-34.1257290203127,15.0,True,False,False,False,True,stop,19988.5,19988.75,-15.25,0.0,-15.25,-1.0166666666666666,25.25,21.5,1.6833333333333333,1.4333333333333333,13,12.0,1,2024-06-21,2.23417172593235,2.4635587655942217,2.563719862227325,partial_bearish,1.267233455882353,1.1123530351034951,bearish,bearish,True,False,False,False
239,256686,256687,256710,2024-06-24 13:35:00+00:00,2024-06-24 13:36:00+00:00,2024-06-24 13:59:00+00:00,short,19940.0,19940.5,19940.25,19955.25,19915.25,19890.25,19865.25,19840.25,73.85222848070163,near_trigger,-39.852228480701626,15.0,True,True,False,False,True,stop,19955.25,19955.5,-15.25,0.0,-15.25,-1.0166666666666666,73.5,16.0,4.9,1.0666666666666667,24,23.0,2,2024-06-24,1.9051987767584098,2.277189605389798,0.8252840909090909,partial_bullish,2.647811890723732,1.065285600877027,bearish,bearish,True,True,False,False
240,256726,256727,256759,2024-06-24 14:15:00+00:00,2024-06-24 14:16:00+00:00,2024-06-24 14:48:00+00:00,short,19956.25,19956.25,19956.0,19971.0,19931.0,19906.0,19881.0,19856.0,80.44920720847267,high_probability,-70.44920720847267,15.0,True,True,True,True,False,tp4,19856.0,19856.25,99.75,0.0,99.75,6.65,114.0,10.5,7.6,0.7,33,32.0,4,2024-06-24,1.4499424626006905,2.866304884065121,1.0692599620493357,partial_bullish,1.0033745781777277,1.1167449139280126,bearish,bearish,True,True,True,False
241,258095,258096,258109,2024-06-25 14:04:00+00:00,2024-06-25 14:05:00+00:00,2024-06-25 14:18:00+00:00,long,19874.5,19874.5,19874.75,19859.75,19899.75,19924.75,19949.75,19974.75,70.04460431654677,near_trigger,40.04460431654677,15.0,False,False,False,False,True,stop,19859.75,19859.5,-15.25,0.0,-15.25,-1.0166666666666666,23.0,19.25,1.5333333333333334,1.2833333333333334,14,13.0,0,2024-06-25,2.8872901678657077,0.7335701598579041,0.7151702786377708,strong_bullish,1.8294341675734496,2.4482737697955224,bullish,bullish,False,True,True,False
242,258110,258111,258144,2024-06-25 14:19:00+00:00,2024-06-25 14:20:00+00:00,2024-06-25 14:53:00+00:00,long,19868.0,19868.25,19868.5,19853.5,19893.5,19918.5,19943.5,19968.5,75.85828929529232,near_trigger,33.85828929529232,15.0,True,False,False,False,True,stop,19853.5,19853.25,-15.25,0.0,-15.25,-1.0166666666666666,33.25,15.25,2.216666666666667,1.0166666666666666,34,33.0,1,2024-06-25,2.01410437235543,2.4043478260869566,2.314741035856574,partial_bullish,0.9183025892706042,1.4628475147430497,bullish,bullish,True,False,False,False
243,259498,259499,259516,2024-06-26 14:27:00+00:00,2024-06-26 14:28:00+00:00,2024-06-26 14:45:00+00:00,short,19982.25,19982.25,19982.0,19997.0,19957.0,19932.0,19907.0,19882.0,81.24626234132582,high_probability,-33.24626234132582,15.0,True,False,False,False,True,stop,19997.0,19997.25,-15.25,0.0,-15.25,-1.0166666666666666,38.0,16.5,2.533333333333333,1.1,18,17.0,1,2024-06-26,2.4287729196050774,1.3963963963963963,2.382089552238806,partial_bullish,2.4504881880062834,2.5775934685414374,bearish,bearish,True,True,False,False
244,262201,262202,262206,2024-06-28 13:30:00+00:00,2024-06-28 13:31:00+00:00,2024-06-28 13:35:00+00:00,short,20048.5,20048.75,20048.5,20063.5,20023.5,19998.5,19973.5,19948.5,71.78952415626524,near_trigger,-53.789524156265244,15.0,False,False,False,False,True,stop,20063.5,20063.75,-15.25,0.0,-15.25,-1.0166666666666666,9.5,16.25,0.6333333333333333,1.0833333333333333,5,4.0,0,2024-06-28,2.554744525547445,0.16078753076292043,3.2463768115942027,strong_bearish,7.2047055057618445,1.236905195331552,bearish,bearish,True,True,False,False
245,263583,263584,263589,2024-07-01 13:32:00+00:00,2024-07-01 13:33:00+00:00,2024-07-01 13:38:00+00:00,short,19946.25,19946.5,19946.25,19961.25,19921.25,19896.25,19871.25,19846.25,78.98596814812188,near_trigger,-45.985968148121884,15.0,False,False,False,False,True,stop,19961.25,19961.5,-15.25,0.0,-15.25,-1.0166666666666666,18.25,28.25,1.2166666666666666,1.8833333333333333,6,5.0,0,2024-07-01,1.5152439024390245,1.1062176165803108,0.10370370370370371,strong_bearish,5.024796369210423,1.4824601851523427,bearish,bearish,True,True,True,False
246,263621,263622,263629,2024-07-01 14:10:00+00:00,2024-07-01 14:11:00+00:00,2024-07-01 14:18:00+00:00,short,19884.25,19884.0,19883.75,19898.75,19858.75,19833.75,19808.75,19783.75,88.4,high_probability,-62.400000000000006,15.0,True,True,False,False,True,stop,19898.75,19899.0,-15.25,0.0,-15.25,-1.0166666666666666,72.25,19.25,4.816666666666666,1.2833333333333334,8,7.0,2,2024-07-01,2.0730503455083906,0.031836270608300174,2.9357682619647356,strong_bearish,2.0479225334716666,2.47516002675074,bearish,bearish,True,True,True,False
247,263630,263631,263633,2024-07-01 14:19:00+00:00,2024-07-01 14:20:00+00:00,2024-07-01 14:22:00+00:00,short,19914.75,19914.75,19914.5,19929.5,19889.5,19864.5,19839.5,19814.5,74.0,near_trigger,-54.21744548286604,15.0,False,False,False,False,True,stop,19929.5,19929.75,-15.25,0.0,-15.25,-1.0166666666666666,13.5,25.0,0.9,1.6666666666666667,3,2.0,0,2024-07-01,4.099688473520249,1.135135135135135,4.464788732394366,partial_bearish,1.1118765602198566,2.3658286705020095,bearish,bearish,False,True,True,False
248,264981,264982,264982,2024-07-02 13:50:00+00:00,2024-07-02 13:51:00+00:00,2024-07-02 13:51:00+00:00,short,20050.0,20049.5,20049.25,20064.25,20024.25,19999.25,19974.25,19949.25,72.96714649818718,near_trigger,-18.967146498187176,15.0,False,False,False,False,True,stop,20064.25,20064.5,-15.25,0.0,-15.25,-1.0166666666666666,3.0,22.75,0.2,1.5166666666666666,1,0.0,0,2024-07-02,1.3306709265175718,3.042599277978339,4.373819163292847,partial_bullish,1.3257078447320725,2.0396500078827056,neutral,bearish,True,True,False,False
249,265005,265006,265006,2024-07-02 14:14:00+00:00,2024-07-02 14:15:00+00:00,2024-07-02 14:15:00+00:00,long,20048.75,20049.0,20049.25,20034.25,20074.25,20099.25,20124.25,20149.25,71.03389830508475,near_trigger,37.03389830508475,15.0,False,False,False,False,True,stop,20034.25,20034.0,-15.25,0.0,-15.25,-1.0166666666666666,0.75,18.5,0.05,1.2333333333333334,1,0.0,0,2024-07-02,0.39152542372881355,0.41953385127635956,4.257948410317937,partial_bearish,1.2079401668297374,1.79097871921909,bullish,bullish,True,True,False,False
250,266342,266343,266361,2024-07-03 13:31:00+00:00,2024-07-03 13:32:00+00:00,2024-07-03 13:50:00+00:00,short,20256.5,20256.75,20256.5,20271.5,20231.5,20206.5,20181.5,20156.5,78.0,near_trigger,-32.51329817943882,15.0,False,False,False,False,True,stop,20271.5,20271.75,-15.25,0.0,-15.25,-1.0166666666666666,22.25,16.25,1.4833333333333334,1.0833333333333333,19,18.0,0,2024-07-03,4.841121495327103,0.11125827814569536,1.5589519650655022,partial_bearish,6.496097776468855,1.3583772757014743,bearish,bearish,True,True,True,False
251,266371,266372,266372,2024-07-03 14:00:00+00:00,2024-07-03 14:01:00+00:00,2024-07-03 14:01:00+00:00,short,20247.5,20247.5,20247.25,20262.25,20222.25,20197.25,20172.25,20147.25,76.0,near_trigger,-60.0,15.0,False,False,False,False,True,stop,20262.25,20262.5,-15.25,0.0,-15.25,-1.0166666666666666,0.0,22.5,0.0,1.5,1,0.0,0,2024-07-03,1.6851851851851851,0.7488061127029608,3.039864291772689,partial_bullish,3.3713565186792565,2.002298890611122,bearish,bearish,True,True,True,False
252,266377,266378,266414,2024-07-03 14:06:00+00:00,2024-07-03 14:07:00+00:00,2024-07-03 14:43:00+00:00,short,20279.25,20279.5,20279.25,20294.25,20254.25,20229.25,20204.25,20179.25,70.0,near_trigger,-70.0,15.0,True,False,False,False,True,stop,20294.25,20294.5,-15.25,0.0,-15.25,-1.0166666666666666,35.25,24.0,2.35,1.6,37,36.0,1,2024-07-03,0.6978636826042727,0.6888888888888889,3.039864291772689,strong_bullish,1.3593763058298214,1.5976538931062063,bearish,bearish,True,True,True,False
253,267533,267534,267593,2024-07-04 14:07:00+00:00,2024-07-04 14:08:00+00:00,2024-07-04 15:07:00+00:00,short,20380.25,20380.25,20380.0,20395.0,20355.0,20330.0,20305.0,20280.0,71.25053018059178,near_trigger,-70.25053018059178,15.0,False,False,False,False,False,max_holding_time,20385.75,20386.0,-6.0,0.0,-6.0,-0.4,10.5,6.25,0.7,0.4166666666666667,60,59.0,0,2024-07-04,1.0824742268041236,2.348993288590604,3.9555555555555557,strong_bearish,0.5924932975871313,0.07089468450261444,bearish,bearish,True,True,False,False
254,268673,268674,268674,2024-07-05 14:07:00+00:00,2024-07-05 14:08:00+00:00,2024-07-05 14:08:00+00:00,long,20507.0,20506.75,20507.0,20492.0,20532.0,20557.0,20582.0,20607.0,83.02337078651685,high_probability,80.02337078651685,15.0,False,False,False,False,True,stop,20492.0,20491.75,-15.25,0.0,-15.25,-1.0166666666666666,0.25,27.0,0.016666666666666666,1.8,1,0.0,0,2024-07-05,2.107865168539326,1.6132075471698113,2.019597169297768,partial_bullish,0.9359195141847185,1.7427553965333917,bullish,bullish,True,True,True,False
255,270023,270024,270047,2024-07-08 13:37:00+00:00,2024-07-08 13:38:00+00:00,2024-07-08 14:01:00+00:00,long,20611.25,20611.25,20611.5,20596.5,20636.5,20661.5,20686.5,20711.5,71.19459134020885,near_trigger,58.194591340208845,15.0,True,False,False,False,True,stop,20596.5,20596.25,-15.25,0.0,-15.25,-1.0166666666666666,42.5,15.0,2.8333333333333335,1.0,24,23.0,1,2024-07-08,2.5,1.25,0.07894736842105263,strong_bearish,1.7489452462130057,1.2987433380732725,bullish,bullish,True,True,False,False
256,272780,272781,272783,2024-07-10 13:34:00+00:00,2024-07-10 13:35:00+00:00,2024-07-10 13:37:00+00:00,long,20740.5,20741.0,20741.25,20726.25,20766.25,20791.25,20816.25,20841.25,78.0,near_trigger,49.085126567254875,15.0,False,False,False,False,True,stop,20726.25,20726.0,-15.25,0.0,-15.25,-1.0166666666666666,1.0,17.0,0.06666666666666667,1.1333333333333333,3,2.0,0,2024-07-10,2.3894230769230766,0.09929078014184396,0.4674457429048414,partial_bearish,2.4599536440896212,0.9825340986237118,bullish,bullish,True,True,True,False
257,274157,274158,274158,2024-07-11 13:31:00+00:00,2024-07-11 13:32:00+00:00,2024-07-11 13:32:00+00:00,long,20885.75,20886.25,20886.5,20871.5,20911.5,20936.5,20961.5,20986.5,70.9853349350921,near_trigger,70.9853349350921,15.0,False,False,False,False,True,stop,20871.5,20871.25,-15.25,0.0,-15.25,-1.0166666666666666,5.25,17.0,0.35,1.1333333333333333,1,0.0,0,2024-07-11,2.4220532319391634,0.37522334723049433,0.5850746268656717,partial_bearish,4.846913644258938,1.4867239747759498,bullish,bullish,True,False,False,False
258,274180,274181,274195,2024-07-11 13:54:00+00:00,2024-07-11 13:55:00+00:00,2024-07-11 14:09:00+00:00,long,20836.25,20836.75,20837.0,20822.0,20862.0,20887.0,20912.0,20937.0,72.01255230125523,near_trigger,50.012552301255226,15.0,True,False,False,False,True,stop,20822.0,20821.75,-15.25,0.0,-15.25,-1.0166666666666666,35.0,24.0,2.3333333333333335,1.6,15,14.0,1,2024-07-11,1.3765690376569037,2.0352422907488985,0.09271523178807947,partial_bearish,1.1566577901049697,2.0026565852661693,bullish,bullish,True,False,False,False
259,274212,274213,274213,2024-07-11 14:26:00+00:00,2024-07-11 14:27:00+00:00,2024-07-11 14:27:00+00:00,long,20708.75,20708.5,20708.75,20693.75,20733.75,20758.75,20783.75,20808.75,73.9245283018868,near_trigger,73.9245283018868,15.0,False,False,False,False,True,stop,20693.75,20693.5,-15.25,0.0,-15.25,-1.0166666666666666,0.5,20.0,0.03333333333333333,1.3333333333333333,1,0.0,0,2024-07-11,1.8173584905660378,5.093778178539225,3.376507369361322,partial_bearish,1.0583324500436597,2.5706159278148295,bullish,neutral,True,True,False,False
260,274214,274215,274220,2024-07-11 14:28:00+00:00,2024-07-11 14:29:00+00:00,2024-07-11 14:34:00+00:00,long,20691.5,20691.5,20691.75,20676.75,20716.75,20741.75,20766.75,20791.75,78.63687834736037,near_trigger,56.636878347360366,15.0,True,False,False,False,True,stop,20676.75,20676.5,-15.25,0.0,-15.25,-1.0166666666666666,34.75,19.25,2.316666666666667,1.2833333333333334,6,5.0,1,2024-07-11,0.8140780413159908,5.093778178539225,3.376507369361322,partial_bearish,0.6008858530337797,2.0774210861762437,bullish,bullish,True,True,False,False
261,275566,275567,275567,2024-07-12 14:00:00+00:00,2024-07-12 14:01:00+00:00,2024-07-12 14:01:00+00:00,long,20569.5,20569.25,20569.5,20554.5,20594.5,20619.5,20644.5,20669.5,80.7014248377034,high_probability,66.7014248377034,15.0,False,False,False,False,True,stop,20554.5,20554.25,-15.25,0.0,-15.25,-1.0166666666666666,3.0,16.25,0.2,1.0833333333333333,1,0.0,0,2024-07-12,3.9173553719008263,3.5607940446650126,2.9161230195712955,strong_bullish,1.479743015848564,1.3767810471292472,bullish,bullish,False,True,True,False
262,275576,275577,275578,2024-07-12 14:10:00+00:00,2024-07-12 14:11:00+00:00,2024-07-12 14:12:00+00:00,long,20575.5,20575.5,20575.75,20560.75,20600.75,20625.75,20650.75,20675.75,71.05334949924755,near_trigger,63.053349499247545,15.0,False,False,False,False,True,stop,20560.75,20560.5,-15.25,0.0,-15.25,-1.0166666666666666,11.0,16.5,0.7333333333333333,1.1,2,1.0,0,2024-07-12,1.368421052631579,4.063731170336037,2.9161230195712955,strong_bullish,1.0548088894117187,1.09112296428499,bullish,bullish,False,True,True,False
263,275590,275591,275615,2024-07-12 14:24:00+00:00,2024-07-12 14:25:00+00:00,2024-07-12 14:49:00+00:00,long,20553.0,20553.25,20553.5,20538.5,20578.5,20603.5,20628.5,20653.5,73.80896174863388,near_trigger,57.80896174863388,15.0,True,True,True,True,False,tp4,20653.5,20653.25,99.75,0.0,99.75,6.65,100.25,8.5,6.683333333333334,0.5666666666666667,25,24.0,4,2024-07-12,0.03060109289617486,1.1609383524277141,3.0962124510230735,partial_bullish,1.2748666723101667,1.6048165809734396,bullish,bullish,True,True,False,False
264,276933,276934,276937,2024-07-15 13:47:00+00:00,2024-07-15 13:48:00+00:00,2024-07-15 13:51:00+00:00,long,20613.5,20613.25,20613.5,20598.5,20638.5,20663.5,20688.5,20713.5,75.92446717817562,near_trigger,42.92446717817562,15.0,True,False,False,False,True,stop,20598.5,20598.25,-15.25,0.0,-15.25,-1.0166666666666666,27.0,20.25,1.8,1.35,4,3.0,1,2024-07-15,2.076726342710997,0.4393063583815029,1.327679259830378,strong_bearish,1.3372620126926564,1.819714602952667,neutral,bullish,True,True,True,False
265,278326,278327,278386,2024-07-16 14:00:00+00:00,2024-07-16 14:01:00+00:00,2024-07-16 15:00:00+00:00,short,20574.75,20575.0,20574.75,20589.75,20549.75,20524.75,20499.75,20474.75,71.41642134081458,near_trigger,-55.41642134081458,15.0,True,True,True,False,False,max_holding_time,20532.0,20532.25,42.5,0.0,42.5,2.8333333333333335,89.25,5.25,5.95,0.35,60,59.0,3,2024-07-16,2.096045197740113,3.033333333333333,2.503846153846154,strong_bearish,1.191491451347569,1.1867225328920554,bearish,bearish,False,False,True,True
266,279709,279710,279710,2024-07-17 14:03:00+00:00,2024-07-17 14:04:00+00:00,2024-07-17 14:04:00+00:00,short,20148.75,20149.25,20149.0,20164.0,20124.0,20099.0,20074.0,20049.0,72.5602862254025,near_trigger,-50.56028622540251,15.0,False,False,False,False,True,stop,20164.0,20164.25,-15.25,0.0,-15.25,-1.0166666666666666,0.0,15.0,0.0,1.0,1,0.0,0,2024-07-17,4.069767441860465,0.9211726384364821,2.3333333333333335,strong_bearish,1.2317832738707142,2.0398813323819898,bearish,bearish,True,True,True,True
267,282436,282437,282439,2024-07-19 13:30:00+00:00,2024-07-19 13:31:00+00:00,2024-07-19 13:33:00+00:00,short,19853.75,19853.5,19853.25,19868.25,19828.25,19803.25,19778.25,19753.25,72.23281460164769,near_trigger,-56.23281460164769,15.0,False,False,False,False,True,stop,19868.25,19868.5,-15.25,0.0,-15.25,-1.0166666666666666,17.25,20.25,1.15,1.35,3,2.0,0,2024-07-19,2.1789883268482493,2.2253275109170305,1.616778871051269,strong_bearish,7.542189351530257,1.1126784336419753,bearish,bearish,True,True,False,False
268,283820,283821,283833,2024-07-22 13:34:00+00:00,2024-07-22 13:35:00+00:00,2024-07-22 13:47:00+00:00,long,19911.25,19911.0,19911.25,19896.25,19936.25,19961.25,19986.25,20011.25,70.02322406591799,near_trigger,26.023224065917987,15.0,True,True,True,True,False,tp4,20011.25,20011.0,99.75,0.0,99.75,6.65,113.25,3.5,7.55,0.23333333333333334,13,12.0,4,2024-07-22,2.784090909090909,2.327365728900256,2.1843971631205674,partial_bullish,3.0675085749922046,1.2790300823974907,bullish,bullish,False,True,False,False
269,285201,285202,285202,2024-07-23 13:35:00+00:00,2024-07-23 13:36:00+00:00,2024-07-23 13:36:00+00:00,long,19980.75,19980.5,19980.75,19965.75,20005.75,20030.75,20055.75,20080.75,76.75191676350798,near_trigger,57.75191676350798,15.0,False,False,False,False,True,stop,19965.75,19965.5,-15.25,0.0,-15.25,-1.0166666666666666,1.0,20.0,0.06666666666666667,1.3333333333333333,1,0.0,0,2024-07-23,1.5536159600997506,0.23030303030303031,0.7843137254901961,partial_bullish,2.4146530929310273,0.843262537926111,bullish,bullish,True,True,True,True
270,285203,285204,285228,2024-07-23 13:37:00+00:00,2024-07-23 13:38:00+00:00,2024-07-23 14:02:00+00:00,long,19989.25,19989.0,19989.25,19974.25,20014.25,20039.25,20064.25,20089.25,83.83385723187703,high_probability,45.83385723187703,15.0,True,False,False,False,True,stop,19974.25,19974.0,-15.25,0.0,-15.25,-1.0166666666666666,44.5,17.5,2.966666666666667,1.1666666666666667,25,24.0,1,2024-07-23,2.8000000000000003,0.23030303030303031,0.7843137254901961,partial_bullish,2.5160920702321974,1.2923215398462924,bullish,bullish,True,True,True,True
271,286584,286585,286644,2024-07-24 13:38:00+00:00,2024-07-24 13:39:00+00:00,2024-07-24 14:38:00+00:00,short,19547.0,19546.75,19546.5,19561.5,19521.5,19496.5,19471.5,19446.5,72.9900044550646,near_trigger,-44.99000445506459,15.0,True,True,True,False,False,max_holding_time,19459.5,19459.75,86.75,0.0,86.75,5.783333333333333,93.0,14.75,6.2,0.9833333333333333,60,59.0,3,2024-07-24,3.3544303797468356,2.602065131056394,1.2486255345143555,strong_bearish,2.0622353984884727,1.4875055688307481,bearish,bearish,True,True,True,True
272,288001,288002,288002,2024-07-25 14:15:00+00:00,2024-07-25 14:16:00+00:00,2024-07-25 14:16:00+00:00,short,18940.5,18940.25,18940.0,18955.0,18915.0,18890.0,18865.0,18840.0,70.0,near_trigger,-41.74762334783679,15.0,False,False,False,False,True,stop,18955.0,18955.25,-15.25,0.0,-15.25,-1.0166666666666666,2.75,51.0,0.18333333333333332,3.4,1,0.0,0,2024-07-25,0.29882604055496265,3.4593144560357674,4.1723886048210375,partial_bearish,1.1818964392852485,1.8855706485550674,bearish,bearish,False,True,True,True
273,289336,289337,289337,2024-07-26 13:30:00+00:00,2024-07-26 13:31:00+00:00,2024-07-26 13:31:00+00:00,long,19134.0,19133.5,19133.75,19118.75,19158.75,19183.75,19208.75,19233.75,78.0,near_trigger,55.41837837837838,15.0,False,False,False,False,True,stop,19118.75,19118.5,-15.25,0.0,-15.25,-1.0166666666666666,8.5,16.75,0.5666666666666667,1.1166666666666667,1,0.0,0,2024-07-26,4.113846153846153,0.23576583801122694,1.8278052223006354,strong_bearish,14.089145254326167,1.5588936659065988,bullish,bullish,True,True,True,False
274,289338,289339,289339,2024-07-26 13:32:00+00:00,2024-07-26 13:33:00+00:00,2024-07-26 13:33:00+00:00,long,19147.0,19147.25,19147.5,19132.5,19172.5,19197.5,19222.5,19247.5,73.80549285719492,near_trigger,39.80549285719492,15.0,False,False,False,False,True,stop,19132.5,19132.25,-15.25,0.0,-15.25,-1.0166666666666666,3.75,35.5,0.25,2.3666666666666667,1,0.0,0,2024-07-26,1.2542372881355932,0.23576583801122694,1.8278052223006354,strong_bearish,4.404998724815099,1.0983294861278035,bullish,bullish,True,True,False,False
275,289341,289342,289342,2024-07-26 13:35:00+00:00,2024-07-26 13:36:00+00:00,2024-07-26 13:36:00+00:00,long,19121.5,19121.0,19121.25,19106.25,19146.25,19171.25,19196.25,19221.25,73.99060965631254,near_trigger,39.99060965631254,15.0,False,False,False,False,True,stop,19106.25,19106.0,-15.25,0.0,-15.25,-1.0166666666666666,7.0,18.0,0.4666666666666667,1.2,1,0.0,0,2024-07-26,0.6156552330694811,2.79625918503674,1.8278052223006354,strong_bearish,2.896025967451348,1.283116951657167,bullish,bullish,True,True,False,False
276,289343,289344,289346,2024-07-26 13:37:00+00:00,2024-07-26 13:38:00+00:00,2024-07-26 13:40:00+00:00,long,19125.5,19125.25,19125.5,19110.5,19150.5,19175.5,19200.5,19225.5,70.26926433326567,near_trigger,62.26926433326567,15.0,False,False,False,False,True,stop,19110.5,19110.25,-15.25,0.0,-15.25,-1.0166666666666666,16.0,30.25,1.0666666666666667,2.0166666666666666,3,2.0,0,2024-07-26,0.9025487256371814,2.79625918503674,1.8278052223006354,strong_bearish,2.1293993879112474,1.4625174480663437,bullish,bullish,True,True,False,False
277,290725,290726,290726,2024-07-29 13:39:00+00:00,2024-07-29 13:40:00+00:00,2024-07-29 13:40:00+00:00,long,19313.0,19312.5,19312.75,19297.75,19337.75,19362.75,19387.75,19412.75,72.64773413897281,near_trigger,26.647734138972808,15.0,False,False,False,False,True,stop,19297.75,19297.5,-15.25,0.0,-15.25,-1.0166666666666666,9.5,22.75,0.6333333333333333,1.5166666666666666,1,0.0,0,2024-07-29,2.3051359516616317,1.5528169014084507,0.28506787330316746,partial_bearish,2.1169036334913116,1.5401922183365533,neutral,bullish,True,True,True,True
278,292133,292134,292136,2024-07-30 14:07:00+00:00,2024-07-30 14:08:00+00:00,2024-07-30 14:10:00+00:00,long,19229.0,19229.25,19229.5,19214.5,19254.5,19279.5,19304.5,19329.5,72.21528662420383,near_trigger,18.215286624203827,15.0,False,False,False,False,True,stop,19214.5,19214.25,-15.25,0.0,-15.25,-1.0166666666666666,3.5,31.5,0.23333333333333334,2.1,3,2.0,0,2024-07-30,2.407643312101911,3.3567251461988303,1.8858447488584473,partial_bearish,1.3645190725388197,1.6086944528728657,neutral,bullish,True,False,False,False
279,293477,293478,293479,2024-07-31 13:31:00+00:00,2024-07-31 13:32:00+00:00,2024-07-31 13:33:00+00:00,long,19344.5,19344.25,19344.5,19329.5,19369.5,19394.5,19419.5,19444.5,78.0,near_trigger,32.0,15.0,False,False,False,False,True,stop,19329.5,19329.25,-15.25,0.0,-15.25,-1.0166666666666666,9.5,17.0,0.6333333333333333,1.1333333333333333,2,1.0,0,2024-07-31,1.5698924731182795,0.8477292965271594,3.9637023593466427,partial_bullish,7.9187904472825155,1.6846889106848044,bullish,bullish,True,True,True,True
280,293480,293481,293488,2024-07-31 13:34:00+00:00,2024-07-31 13:35:00+00:00,2024-07-31 13:42:00+00:00,long,19311.25,19311.5,19311.75,19296.75,19336.75,19361.75,19386.75,19411.75,88.0,high_probability,34.053249897671066,15.0,True,True,True,True,False,tp4,19411.75,19411.5,99.75,0.0,99.75,6.65,100.25,0.25,6.683333333333334,0.016666666666666666,8,7.0,4,2024-07-31,3.6882546652030737,0.8477292965271594,3.9637023593466427,partial_bullish,3.118886607897597,1.4334376279111716,bullish,bullish,True,True,True,True
281,294857,294858,294859,2024-08-01 13:31:00+00:00,2024-08-01 13:32:00+00:00,2024-08-01 13:33:00+00:00,short,19544.75,19545.0,19544.75,19559.75,19519.75,19494.75,19469.75,19444.75,78.0,near_trigger,-68.45559292279106,15.0,True,False,False,False,True,stop,19559.75,19560.0,-15.25,0.0,-15.25,-1.0166666666666666,31.0,17.5,2.066666666666667,1.1666666666666667,2,1.0,1,2024-08-01,0.6119205298013245,2.651810584958217,1.9919839679358715,partial_bearish,6.868522043936784,1.3437538796237727,bearish,bearish,True,True,True,False
282,294908,294909,294910,2024-08-01 14:22:00+00:00,2024-08-01 14:23:00+00:00,2024-08-01 14:24:00+00:00,short,19471.75,19471.75,19471.5,19486.5,19446.5,19421.5,19396.5,19371.5,86.0,high_probability,-60.0,15.0,False,False,False,False,True,stop,19486.5,19486.75,-15.25,0.0,-15.25,-1.0166666666666666,9.75,40.5,0.65,2.7,2,1.0,0,2024-08-01,2.684715172024817,1.7632623601587876,0.3810483870967742,strong_bearish,1.467078092892188,2.162114172412773,bearish,bearish,True,True,True,True
283,294915,294916,294916,2024-08-01 14:29:00+00:00,2024-08-01 14:30:00+00:00,2024-08-01 14:30:00+00:00,short,19446.0,19447.0,19446.75,19461.75,19421.75,19396.75,19371.75,19346.75,71.83420074349442,near_trigger,-45.83420074349442,15.0,False,False,False,False,True,stop,19461.75,19462.0,-15.25,0.0,-15.25,-1.0166666666666666,8.75,24.5,0.5833333333333334,1.6333333333333333,1,0.0,0,2024-08-01,2.029739776951673,2.480781758957655,0.3810483870967742,strong_bearish,1.25256457835881,2.1079424935187365,bearish,bearish,False,True,True,False
284,296236,296237,296244,2024-08-02 13:30:00+00:00,2024-08-02 13:31:00+00:00,2024-08-02 13:38:00+00:00,short,18635.5,18635.0,18634.75,18649.75,18609.75,18584.75,18559.75,18534.75,71.62396822451007,near_trigger,-59.623968224510065,15.0,True,True,True,False,True,stop,18649.75,18650.0,-15.25,0.0,-15.25,-1.0166666666666666,93.0,33.75,6.2,2.25,8,7.0,3,2024-08-02,0.6686567164179105,1.3492966177791081,0.7448425624321389,partial_bullish,5.500213897207114,1.3844378925778746,bearish,bearish,True,True,False,False
285,296247,296248,296253,2024-08-02 13:41:00+00:00,2024-08-02 13:42:00+00:00,2024-08-02 13:47:00+00:00,short,18727.25,18727.75,18727.5,18742.5,18702.5,18677.5,18652.5,18627.5,71.66182171712092,near_trigger,-49.661821717120915,15.0,True,True,True,True,False,tp4,18627.5,18627.75,99.75,0.0,99.75,6.65,106.0,5.0,7.066666666666666,0.3333333333333333,6,5.0,4,2024-08-02,2.450715746421268,1.1754989676531316,0.7448425624321389,partial_bullish,1.590196981479664,1.5661226159051196,bearish,bearish,True,True,False,False
286,297620,297621,297621,2024-08-05 13:34:00+00:00,2024-08-05 13:35:00+00:00,2024-08-05 13:35:00+00:00,short,17677.25,17678.25,17678.0,17693.0,17653.0,17628.0,17603.0,17578.0,77.58092399403874,near_trigger,-77.58092399403874,15.0,False,False,False,False,True,stop,17693.0,17693.25,-15.25,0.0,-15.25,-1.0166666666666666,32.75,30.0,2.183333333333333,2.0,1,0.0,0,2024-08-05,2.357675111773472,0.4308855291576674,0.10041954256326971,partial_bearish,2.46149727848666,1.7262288414004567,bearish,bearish,True,True,True,False
287,297647,297648,297648,2024-08-05 14:01:00+00:00,2024-08-05 14:02:00+00:00,2024-08-05 14:02:00+00:00,long,18102.25,18102.0,18102.25,18087.25,18127.25,18152.25,18177.25,18202.25,71.16295336787564,near_trigger,25.162953367875645,15.0,False,False,False,False,True,stop,18087.25,18087.0,-15.25,0.0,-15.25,-1.0166666666666666,10.25,50.5,0.6833333333333333,3.3666666666666667,1,0.0,0,2024-08-05,3.5770725388601035,1.7861163227016887,2.2836543877436073,strong_bullish,1.7377434519811954,1.6321703134240095,neutral,bullish,False,True,True,False
288,299000,299001,299001,2024-08-06 13:34:00+00:00,2024-08-06 13:35:00+00:00,2024-08-06 13:35:00+00:00,short,18112.0,18111.0,18110.75,18125.75,18085.75,18060.75,18035.75,18010.75,76.2802678619389,near_trigger,-18.280267861938896,15.0,False,False,False,False,True,stop,18125.75,18126.0,-15.25,0.0,-15.25,-1.0166666666666666,15.75,20.25,1.05,1.35,1,0.0,0,2024-08-06,1.067471201316511,0.4819277108433735,1.4212368728121354,partial_bearish,3.019127472815407,1.1003348274236193,neutral,bearish,True,True,True,False
289,301759,301760,301763,2024-08-08 13:33:00+00:00,2024-08-08 13:34:00+00:00,2024-08-08 13:37:00+00:00,long,18194.75,18194.75,18195.0,18180.0,18220.0,18245.0,18270.0,18295.0,70.18050767039401,near_trigger,62.18050767039401,15.0,True,False,False,False,True,stop,18180.0,18179.75,-15.25,0.0,-15.25,-1.0166666666666666,34.75,38.0,2.316666666666667,2.533333333333333,4,3.0,1,2024-08-08,1.5616653574234092,0.826148409893993,4.118935837245696,partial_bullish,2.6734662339669293,0.7649451715599576,bullish,bullish,True,False,False,False
290,301803,301804,301804,2024-08-08 14:17:00+00:00,2024-08-08 14:18:00+00:00,2024-08-08 14:18:00+00:00,long,18349.0,18348.75,18349.0,18334.0,18374.0,18399.0,18424.0,18449.0,73.45139346166928,near_trigger,51.451393461669284,15.0,False,False,False,False,True,stop,18334.0,18333.75,-15.25,0.0,-15.25,-1.0166666666666666,0.75,35.5,0.05,2.3666666666666667,1,0.0,0,2024-08-08,2.330423940149626,3.2329157175398633,1.949658903787344,strong_bullish,0.8898811616623304,0.8497779866875949,bullish,bullish,False,True,True,False
291,301814,301815,301857,2024-08-08 14:28:00+00:00,2024-08-08 14:29:00+00:00,2024-08-08 15:11:00+00:00,long,18368.5,18368.0,18368.25,18353.25,18393.25,18418.25,18443.25,18468.25,71.35641394089598,near_trigger,41.356413940895976,15.0,True,True,False,False,True,stop,18353.25,18353.0,-15.25,0.0,-15.25,-1.0166666666666666,70.0,32.75,4.666666666666667,2.183333333333333,43,42.0,2,2024-08-08,2.085308056872038,1.8518916018245237,1.949658903787344,strong_bullish,1.1085048243174618,0.8874605540820475,bullish,bullish,False,False,True,True
292,304516,304517,304517,2024-08-12 13:30:00+00:00,2024-08-12 13:31:00+00:00,2024-08-12 13:31:00+00:00,long,18662.75,18662.75,18663.0,18648.0,18688.0,18713.0,18738.0,18763.0,76.83694059452144,near_trigger,76.83694059452144,15.0,False,False,False,False,True,stop,18648.0,18647.75,-15.25,0.0,-15.25,-1.0166666666666666,3.25,29.5,0.21666666666666667,1.9666666666666666,1,0.0,0,2024-08-12,0.04964539007092199,1.779527559055118,0.8873974645786725,partial_bearish,8.204696810375044,0.5461757431518036,bullish,bullish,True,True,True,False
293,304544,304545,304546,2024-08-12 13:58:00+00:00,2024-08-12 13:59:00+00:00,2024-08-12 14:00:00+00:00,long,18548.0,18548.25,18548.5,18533.5,18573.5,18598.5,18623.5,18648.5,71.49230769230769,near_trigger,63.49230769230769,15.0,False,False,False,False,True,stop,18533.5,18533.25,-15.25,0.0,-15.25,-1.0166666666666666,15.0,17.25,1.0,1.15,2,1.0,0,2024-08-12,0.9333333333333333,2.2361715351149782,4.1786133960047005,strong_bearish,1.1614818658076975,1.5495395027783654,bullish,bullish,True,True,False,False
294,305900,305901,305901,2024-08-13 13:34:00+00:00,2024-08-13 13:35:00+00:00,2024-08-13 13:35:00+00:00,long,18864.0,18863.5,18863.75,18848.75,18888.75,18913.75,18938.75,18963.75,74.0,near_trigger,38.7519483544716,15.0,False,False,False,False,True,stop,18848.75,18848.5,-15.25,0.0,-15.25,-1.0166666666666666,12.5,17.5,0.8333333333333334,1.1666666666666667,1,0.0,0,2024-08-13,2.625,0.45841519318926,1.7256719184430027,strong_bullish,3.778082623068793,1.0131895569104956,bullish,bullish,True,True,True,False
295,305902,305903,305906,2024-08-13 13:36:00+00:00,2024-08-13 13:37:00+00:00,2024-08-13 13:40:00+00:00,long,18861.0,18860.75,18861.0,18846.0,18886.0,18911.0,18936.0,18961.0,78.98225268226261,near_trigger,48.98225268226261,15.0,False,False,False,False,True,stop,18846.0,18845.75,-15.25,0.0,-15.25,-1.0166666666666666,11.75,19.0,0.7833333333333333,1.2666666666666666,4,3.0,0,2024-08-13,0.23140495867768596,1.4601226993865029,1.7256719184430027,strong_bullish,1.772945998930672,0.643105109026615,bullish,bullish,True,True,True,False
296,305908,305909,305968,2024-08-13 13:42:00+00:00,2024-08-13 13:43:00+00:00,2024-08-13 14:42:00+00:00,long,18847.0,18847.0,18847.25,18832.25,18872.25,18897.25,18922.25,18947.25,71.2688611191888,near_trigger,49.2688611191888,15.0,True,True,False,False,False,max_holding_time,18901.25,18901.0,53.75,0.0,53.75,3.5833333333333335,74.75,1.5,4.983333333333333,0.1,60,59.0,2,2024-08-13,0.7300252312867956,1.4022617124394186,1.7256719184430027,partial_bullish,1.907888784044052,1.0454960793897021,bullish,bullish,True,True,False,True
297,307281,307282,307282,2024-08-14 13:35:00+00:00,2024-08-14 13:36:00+00:00,2024-08-14 13:36:00+00:00,long,19117.75,19118.0,19118.25,19103.25,19143.25,19168.25,19193.25,19218.25,72.09145169168063,near_trigger,38.09145169168063,15.0,False,False,False,False,True,stop,19103.25,19103.0,-15.25,0.0,-15.25,-1.0166666666666666,13.0,15.75,0.8666666666666667,1.05,1,0.0,0,2024-08-14,2.269927536231884,0.7444952222683839,1.1191335740072201,partial_bearish,4.401082923894515,1.3461986725718,bullish,bullish,True,True,False,False
298,307332,307333,307335,2024-08-14 14:26:00+00:00,2024-08-14 14:27:00+00:00,2024-08-14 14:29:00+00:00,short,18984.0,18984.5,18984.25,18999.25,18959.25,18934.25,18909.25,18884.25,77.47253011047795,near_trigger,-57.47253011047795,15.0,False,False,False,False,True,stop,18999.25,18999.5,-15.25,0.0,-15.25,-1.0166666666666666,9.0,30.25,0.6,2.0166666666666666,3,2.0,0,2024-08-14,0.7769929364278506,0.37606837606837606,2.739845585767036,strong_bearish,1.2001108056851841,1.073508248591878,bearish,bearish,True,True,True,False
299,311441,311442,311447,2024-08-19 13:55:00+00:00,2024-08-19 13:56:00+00:00,2024-08-19 14:01:00+00:00,long,19586.0,19586.25,19586.5,19571.5,19611.5,19636.5,19661.5,19686.5,74.95492626509791,near_trigger,63.95492626509791,15.0,False,False,False,False,True,stop,19571.5,19571.25,-15.25,0.0,-15.25,-1.0166666666666666,23.0,17.0,1.5333333333333334,1.1333333333333333,6,5.0,0,2024-08-19,0.8666666666666667,0.9116279069767442,1.1458333333333333,strong_bearish,0.9935139259824495,0.7943504720650366,bullish,bullish,True,False,True,False
300,312837,312838,312865,2024-08-20 14:11:00+00:00,2024-08-20 14:12:00+00:00,2024-08-20 14:39:00+00:00,short,19862.25,19862.25,19862.0,19877.0,19837.0,19812.0,19787.0,19762.0,85.85783938385948,high_probability,-67.85783938385948,15.0,True,True,True,True,False,tp4,19762.0,19762.25,99.75,0.0,99.75,6.65,100.5,6.5,6.7,0.43333333333333335,28,27.0,4,2024-08-20,1.9448732083792721,1.3989481592787378,2.644556596971882,partial_bullish,1.81957262004639,1.322299229824357,bearish,bearish,True,True,True,True
301,314180,314181,314182,2024-08-21 13:34:00+00:00,2024-08-21 13:35:00+00:00,2024-08-21 13:36:00+00:00,short,19820.25,19821.0,19820.75,19835.75,19795.75,19770.75,19745.75,19720.75,72.39595656072858,near_trigger,-26.395956560728578,15.0,False,False,False,False,True,stop,19835.75,19836.0,-15.25,0.0,-15.25,-1.0166666666666666,7.5,24.75,0.5,1.65,2,1.0,0,2024-08-21,2.2450450450450448,0.5523520485584219,0.43664717348927873,partial_bearish,3.7357300764686694,0.6503511063161282,neutral,bearish,True,True,True,False
302,315561,315562,315565,2024-08-22 13:35:00+00:00,2024-08-22 13:36:00+00:00,2024-08-22 13:39:00+00:00,long,19985.75,19985.75,19986.0,19971.0,20011.0,20036.0,20061.0,20086.0,78.0,near_trigger,57.987644216363535,15.0,False,False,False,False,True,stop,19971.0,19970.75,-15.25,0.0,-15.25,-1.0166666666666666,21.5,16.0,1.4333333333333333,1.0666666666666667,4,3.0,0,2024-08-22,2.556372549019608,0.6975524475524476,0.9984152139461173,partial_bullish,3.6251529699708183,1.0177800976550886,bullish,bullish,True,True,True,False
303,315610,315611,315614,2024-08-22 14:24:00+00:00,2024-08-22 14:25:00+00:00,2024-08-22 14:28:00+00:00,long,19918.25,19918.5,19918.75,19903.75,19943.75,19968.75,19993.75,20018.75,80.77244416432148,high_probability,72.77244416432148,15.0,False,False,False,False,True,stop,19903.75,19903.5,-15.25,0.0,-15.25,-1.0166666666666666,13.25,15.75,0.8833333333333333,1.05,4,3.0,0,2024-08-22,1.2322097378277153,2.9453551912568305,2.1123829344432883,partial_bearish,0.9391446850083516,0.9131207484730252,bullish,bullish,True,True,True,False
304,322458,322459,322482,2024-08-29 13:32:00+00:00,2024-08-29 13:33:00+00:00,2024-08-29 13:56:00+00:00,long,19546.5,19545.5,19545.75,19530.75,19570.75,19595.75,19620.75,19645.75,70.37686010385102,near_trigger,44.376860103851016,15.0,True,True,True,True,False,tp4,19645.75,19645.5,99.75,0.0,99.75,6.65,105.75,13.0,7.05,0.8666666666666667,24,23.0,4,2024-08-29,4.335100742311771,1.1403636363636365,1.037037037037037,strong_bullish,5.711959524294147,1.3085618742464311,bullish,bullish,False,True,True,False
305,323840,323841,323841,2024-08-30 13:34:00+00:00,2024-08-30 13:35:00+00:00,2024-08-30 13:35:00+00:00,long,19537.0,19537.25,19537.5,19522.5,19562.5,19587.5,19612.5,19637.5,70.10136092879846,near_trigger,36.10136092879846,15.0,False,False,False,False,True,stop,19522.5,19522.25,-15.25,0.0,-15.25,-1.0166666666666666,7.5,17.25,0.5,1.15,1,0.0,0,2024-08-30,1.4911242603550297,1.8633540372670807,0.13145539906103287,partial_bullish,2.9296723937903986,0.8042159538974826,bullish,bullish,False,True,True,False
306,323851,323852,323853,2024-08-30 13:45:00+00:00,2024-08-30 13:46:00+00:00,2024-08-30 13:47:00+00:00,long,19581.25,19581.25,19581.5,19566.5,19606.5,19631.5,19656.5,19681.5,70.87584634278802,near_trigger,69.87584634278802,15.0,False,False,False,False,True,stop,19566.5,19566.25,-15.25,0.0,-15.25,-1.0166666666666666,3.5,33.75,0.23333333333333334,2.25,2,1.0,0,2024-08-30,1.5771762984637894,0.2760027192386132,0.28976936723832053,strong_bullish,1.3979635665378105,0.7581217543811573,bullish,bullish,True,True,True,True
307,326373,326374,326374,2024-09-03 13:47:00+00:00,2024-09-03 13:48:00+00:00,2024-09-03 13:48:00+00:00,short,19396.5,19396.75,19396.5,19411.5,19371.5,19346.5,19321.5,19296.5,70.0,near_trigger,-57.65984861220948,15.0,False,False,False,False,True,stop,19411.5,19411.75,-15.25,0.0,-15.25,-1.0166666666666666,1.5,22.5,0.1,1.5,1,0.0,0,2024-09-03,1.2119113573407203,3.469182389937107,2.860143198090692,partial_bearish,0.9130204507013377,0.9643076256811866,bearish,bearish,True,True,False,False
308,326379,326380,326387,2024-09-03 13:53:00+00:00,2024-09-03 13:54:00+00:00,2024-09-03 14:01:00+00:00,short,19363.25,19363.25,19363.0,19378.0,19338.0,19313.0,19288.0,19263.0,72.05852348993288,near_trigger,-36.05852348993288,15.0,True,True,False,False,True,stop,19378.0,19378.25,-15.25,0.0,-15.25,-1.0166666666666666,54.5,23.0,3.6333333333333333,1.5333333333333334,8,7.0,2,2024-09-03,1.5315436241610738,3.0514970059880238,2.860143198090692,strong_bearish,1.5444638549205556,1.9300178801613372,bearish,bearish,True,True,True,True
309,329120,329121,329121,2024-09-05 13:34:00+00:00,2024-09-05 13:35:00+00:00,2024-09-05 13:35:00+00:00,short,18912.5,18912.25,18912.0,18927.0,18887.0,18862.0,18837.0,18812.0,70.08176005435963,near_trigger,-29.081760054359634,15.0,False,False,False,False,True,stop,18927.0,18927.25,-15.25,0.0,-15.25,-1.0166666666666666,4.75,43.5,0.31666666666666665,2.9,1,0.0,0,2024-09-05,1.4503171247357294,0.36406619385342787,0.5318077803203661,partial_bearish,2.825040128410915,0.9663649728121292,neutral,bearish,True,True,True,False
310,329166,329167,329190,2024-09-05 14:20:00+00:00,2024-09-05 14:21:00+00:00,2024-09-05 14:44:00+00:00,long,19085.0,19084.5,19084.75,19069.75,19109.75,19134.75,19159.75,19184.75,77.41622266666647,near_trigger,71.41622266666647,15.0,True,True,False,False,True,stop,19069.75,19069.5,-15.25,0.0,-15.25,-1.0166666666666666,65.5,18.25,4.366666666666666,1.2166666666666666,24,23.0,2,2024-09-05,2.283987915407855,0.46596858638743455,2.5675923100396703,strong_bullish,0.9266909396443075,1.3095532578043834,bullish,bullish,True,True,True,False
311,331925,331926,331927,2024-09-09 14:19:00+00:00,2024-09-09 14:20:00+00:00,2024-09-09 14:21:00+00:00,long,18652.75,18652.25,18652.5,18637.5,18677.5,18702.5,18727.5,18752.5,88.0,high_probability,70.95819672131148,15.0,False,False,False,False,True,stop,18637.5,18637.25,-15.25,0.0,-15.25,-1.0166666666666666,4.5,27.0,0.3,1.8,2,1.0,0,2024-09-09,2.6250000000000004,1.8359375,2.5609756097560976,partial_bullish,1.9778586632073454,1.9790550843719674,bullish,bullish,True,True,True,False
312,333243,333244,333244,2024-09-10 13:33:00+00:00,2024-09-10 13:34:00+00:00,2024-09-10 13:34:00+00:00,long,18793.0,18793.25,18793.5,18778.5,18818.5,18843.5,18868.5,18893.5,74.0,near_trigger,54.18624256877036,15.0,False,False,False,False,True,stop,18778.5,18778.25,-15.25,0.0,-15.25,-1.0166666666666666,3.5,31.5,0.23333333333333334,2.1,1,0.0,0,2024-09-10,2.559345156889495,0.12420785804816224,1.0482673267326732,partial_bullish,3.234712950600801,1.017196789037047,bullish,bullish,True,True,True,True
313,333246,333247,333249,2024-09-10 13:36:00+00:00,2024-09-10 13:37:00+00:00,2024-09-10 13:39:00+00:00,long,18742.25,18742.5,18742.75,18727.75,18767.75,18792.75,18817.75,18842.75,78.0,near_trigger,45.95724137931035,15.0,False,False,False,False,True,stop,18727.75,18727.5,-15.25,0.0,-15.25,-1.0166666666666666,21.5,19.75,1.4333333333333333,1.3166666666666667,3,2.0,0,2024-09-10,3.1310344827586207,0.9153846153846154,1.0482673267326732,partial_bullish,2.991625256281058,1.6312957137984614,bullish,bullish,True,True,True,False
314,333281,333282,333282,2024-09-10 14:11:00+00:00,2024-09-10 14:12:00+00:00,2024-09-10 14:12:00+00:00,long,18753.0,18753.25,18753.5,18738.5,18778.5,18803.5,18828.5,18853.5,73.0,near_trigger,46.79810426540284,15.0,False,False,False,False,True,stop,18738.5,18738.25,-15.25,0.0,-15.25,-1.0166666666666666,4.5,18.25,0.3,1.2166666666666666,1,0.0,0,2024-09-10,0.20202020202020202,0.7511563367252545,0.00673076923076923,partial_bearish,2.276180490407078,2.422450837403706,bullish,bullish,True,False,True,False
315,333284,333285,333285,2024-09-10 14:14:00+00:00,2024-09-10 14:15:00+00:00,2024-09-10 14:15:00+00:00,long,18710.75,18711.25,18711.5,18696.5,18736.5,18761.5,18786.5,18811.5,82.3679012345679,high_probability,60.367901234567896,15.0,False,False,False,False,True,stop,18696.5,18696.25,-15.25,0.0,-15.25,-1.0166666666666666,5.75,22.5,0.38333333333333336,1.5,1,0.0,0,2024-09-10,3.274348422496571,0.7511563367252545,0.00673076923076923,partial_bearish,1.3958250383937205,1.9315664601441536,bullish,bullish,True,False,True,False
316,333299,333300,333300,2024-09-10 14:29:00+00:00,2024-09-10 14:30:00+00:00,2024-09-10 14:30:00+00:00,long,18781.0,18781.25,18781.5,18766.5,18806.5,18831.5,18856.5,18881.5,70.4,near_trigger,58.400000000000006,15.0,False,False,False,False,True,stop,18766.5,18766.25,-15.25,0.0,-15.25,-1.0166666666666666,4.5,19.75,0.3,1.3166666666666667,1,0.0,0,2024-09-10,3.116022099447514,1.032258064516129,1.1135711357113571,partial_bearish,1.5939464108501489,2.596244510897384,bullish,bullish,False,True,True,False
317,336001,336002,336002,2024-09-12 13:31:00+00:00,2024-09-12 13:32:00+00:00,2024-09-12 13:32:00+00:00,short,19213.25,19213.75,19213.5,19228.5,19188.5,19163.5,19138.5,19113.5,73.97756016093524,near_trigger,-35.97756016093524,15.0,False,False,False,False,True,stop,19228.5,19228.75,-15.25,0.0,-15.25,-1.0166666666666666,2.75,26.25,0.18333333333333332,1.75,1,0.0,0,2024-09-12,4.431654676258993,0.5325530358449159,1.4887892376681615,strong_bearish,8.043640587405626,1.471950201169058,bearish,bearish,True,True,False,False
318,337438,337439,337439,2024-09-13 14:28:00+00:00,2024-09-13 14:29:00+00:00,2024-09-13 14:29:00+00:00,long,19481.0,19480.5,19480.75,19465.75,19505.75,19530.75,19555.75,19580.75,72.0,near_trigger,58.15340703662285,15.0,False,False,False,False,True,stop,19465.75,19465.5,-15.25,0.0,-15.25,-1.0166666666666666,4.0,22.0,0.26666666666666666,1.4666666666666666,1,0.0,0,2024-09-13,1.4951456310679612,1.4417520969245108,1.0991444388525415,partial_bullish,1.4555541616136272,1.3441635343185212,bullish,bullish,True,False,True,False
319,339723,339724,339724,2024-09-17 13:33:00+00:00,2024-09-17 13:34:00+00:00,2024-09-17 13:34:00+00:00,long,19793.75,19793.75,19794.0,19779.0,19819.0,19844.0,19869.0,19894.0,73.0,near_trigger,57.27072023461377,15.0,False,False,False,False,True,stop,19779.0,19778.75,-15.25,0.0,-15.25,-1.0166666666666666,1.0,23.5,0.06666666666666667,1.5666666666666667,1,0.0,0,2024-09-17,0.3584905660377358,0.5571428571428572,0.9355877616747182,partial_bullish,3.4645126952819263,0.911599706732789,bullish,bullish,True,True,True,True
320,339726,339727,339727,2024-09-17 13:36:00+00:00,2024-09-17 13:37:00+00:00,2024-09-17 13:37:00+00:00,long,19787.75,19787.5,19787.75,19772.75,19812.75,19837.75,19862.75,19887.75,85.61906353359943,high_probability,84.61906353359943,15.0,False,False,False,False,True,stop,19772.75,19772.5,-15.25,0.0,-15.25,-1.0166666666666666,6.25,19.75,0.4166666666666667,1.3166666666666667,1,0.0,0,2024-09-17,1.5243128964059196,1.7884940778341794,0.9355877616747182,partial_bearish,2.1207280675942664,0.9249922076969619,bullish,bullish,True,True,True,False
321,339728,339729,339739,2024-09-17 13:38:00+00:00,2024-09-17 13:39:00+00:00,2024-09-17 13:49:00+00:00,long,19781.75,19782.5,19782.75,19767.75,19807.75,19832.75,19857.75,19882.75,83.36829727484206,high_probability,82.36829727484206,15.0,True,False,False,False,True,stop,19767.75,19767.5,-15.25,0.0,-15.25,-1.0166666666666666,26.25,36.75,1.75,2.45,11,10.0,1,2024-09-17,0.6016114592658908,1.7884940778341794,0.9355877616747182,partial_bearish,1.8679583781844278,0.9711146553251816,bullish,bullish,True,True,True,False
322,339740,339741,339742,2024-09-17 13:50:00+00:00,2024-09-17 13:51:00+00:00,2024-09-17 13:52:00+00:00,long,19757.75,19757.75,19758.0,19743.0,19783.0,19808.0,19833.0,19858.0,71.48038341540395,near_trigger,58.48038341540395,15.0,False,False,False,False,True,stop,19743.0,19742.75,-15.25,0.0,-15.25,-1.0166666666666666,2.75,19.75,0.18333333333333332,1.3166666666666667,2,1.0,0,2024-09-17,1.5004219409282702,1.7644411102775694,0.3781228899392302,partial_bearish,1.5753191752449842,1.3418294802253936,bullish,bullish,True,False,False,False
323,339752,339753,339786,2024-09-17 14:02:00+00:00,2024-09-17 14:03:00+00:00,2024-09-17 14:36:00+00:00,long,19771.5,19771.75,19772.0,19757.0,19797.0,19822.0,19847.0,19872.0,70.7961361998756,near_trigger,69.7961361998756,15.0,True,False,False,False,True,stop,19757.0,19756.75,-15.25,0.0,-15.25,-1.0166666666666666,46.5,20.5,3.1,1.3666666666666667,34,33.0,1,2024-09-17,1.0374787052810903,0.3994927076727965,0.6463878326996197,partial_bearish,1.0873243741880547,1.0323918113500907,bullish,bullish,True,False,True,False
324,341104,341105,341127,2024-09-18 13:34:00+00:00,2024-09-18 13:35:00+00:00,2024-09-18 13:57:00+00:00,short,19697.75,19698.0,19697.75,19712.75,19672.75,19647.75,19622.75,19597.75,73.52997193067395,near_trigger,-35.52997193067395,15.0,True,False,False,False,True,stop,19712.75,19713.0,-15.25,0.0,-15.25,-1.0166666666666666,30.75,15.25,2.05,1.0166666666666666,23,22.0,1,2024-09-18,2.919431279620853,0.043410852713178294,3.0514631685166496,partial_bearish,4.264346538319141,0.9957982466757733,neutral,bearish,True,True,True,False
325,342484,342485,342486,2024-09-19 13:34:00+00:00,2024-09-19 13:35:00+00:00,2024-09-19 13:36:00+00:00,long,20024.75,20025.75,20026.0,20011.0,20051.0,20076.0,20101.0,20126.0,76.0,near_trigger,23.824331223195585,15.0,False,False,False,False,True,stop,20011.0,20010.75,-15.25,0.0,-15.25,-1.0166666666666666,2.75,18.25,0.18333333333333332,1.2166666666666666,2,1.0,0,2024-09-19,2.252173913043478,3.402677651905252,1.841816758026625,partial_bullish,2.341845824919824,0.8478468405707356,bullish,bullish,True,False,False,False
326,345242,345243,345302,2024-09-23 13:32:00+00:00,2024-09-23 13:33:00+00:00,2024-09-23 14:32:00+00:00,long,20041.75,20041.75,20042.0,20027.0,20067.0,20092.0,20117.0,20142.0,78.0,near_trigger,47.89836157065976,15.0,True,True,True,False,False,max_holding_time,20100.5,20100.25,58.25,0.0,58.25,3.8833333333333333,78.25,10.25,5.216666666666667,0.6833333333333333,60,59.0,3,2024-09-23,2.5261382799325465,1.0637254901960784,0.1360323886639676,partial_bearish,5.939994957559458,1.127048036675304,bullish,bullish,True,True,True,True
327,350762,350763,350765,2024-09-27 13:32:00+00:00,2024-09-27 13:33:00+00:00,2024-09-27 13:35:00+00:00,long,20353.75,20353.25,20353.5,20338.5,20378.5,20403.5,20428.5,20453.5,71.5492125591641,near_trigger,51.549212559164104,15.0,False,False,False,False,True,stop,20338.5,20338.25,-15.25,0.0,-15.25,-1.0166666666666666,15.75,19.25,1.05,1.2833333333333334,3,2.0,0,2024-09-27,1.8469055374592835,0.10457516339869281,0.8950276243093923,partial_bearish,4.183193771117966,0.9104570670333008,bullish,bullish,True,False,False,False
328,352155,352156,352157,2024-09-30 13:45:00+00:00,2024-09-30 13:46:00+00:00,2024-09-30 13:47:00+00:00,short,20238.75,20238.75,20238.5,20253.5,20213.5,20188.5,20163.5,20138.5,71.9256635517045,near_trigger,-71.9256635517045,15.0,False,False,False,False,True,stop,20253.5,20253.75,-15.25,0.0,-15.25,-1.0166666666666666,8.0,18.0,0.5333333333333333,1.2,2,1.0,0,2024-09-30,0.13029989658738367,3.632432432432432,2.7349943374858436,partial_bullish,1.6272604991780002,1.104080473756794,bearish,bearish,True,True,False,False
329,353573,353574,353581,2024-10-01 14:23:00+00:00,2024-10-01 14:24:00+00:00,2024-10-01 14:31:00+00:00,short,19969.75,19970.0,19969.75,19984.75,19944.75,19919.75,19894.75,19869.75,74.0,near_trigger,-48.31421052631579,15.0,True,True,True,True,False,tp4,19869.75,19870.0,99.75,0.0,99.75,6.65,101.5,6.5,6.766666666666667,0.43333333333333335,8,7.0,4,2024-10-01,1.556578947368421,1.4464944649446496,6.460034904013962,partial_bearish,1.2446815474242325,1.9438516682213731,bearish,bearish,False,False,True,True
330,354907,354908,354908,2024-10-02 13:37:00+00:00,2024-10-02 13:38:00+00:00,2024-10-02 13:38:00+00:00,long,19905.5,19905.75,19906.0,19891.0,19931.0,19956.0,19981.0,20006.0,73.0,near_trigger,36.633816539342696,15.0,False,False,False,False,True,stop,19891.0,19890.75,-15.25,0.0,-15.25,-1.0166666666666666,3.5,18.5,0.23333333333333334,1.2333333333333334,1,0.0,0,2024-10-02,2.8078358208955225,0.017902813299232736,0.1431111111111111,partial_bearish,2.06831030884483,1.0827293258216268,bullish,bullish,True,True,True,False
331,354918,354919,354921,2024-10-02 13:48:00+00:00,2024-10-02 13:49:00+00:00,2024-10-02 13:51:00+00:00,long,19914.75,19915.0,19915.25,19900.25,19940.25,19965.25,19990.25,20015.25,86.2,high_probability,64.2,15.0,False,False,False,False,True,stop,19900.25,19900.0,-15.25,0.0,-15.25,-1.0166666666666666,14.25,24.0,0.95,1.6,3,2.0,0,2024-10-02,2.746268656716418,2.975810602161606,2.0128983308042487,partial_bearish,1.8471764013131893,2.233666920270771,bullish,bullish,True,True,False,False
332,356281,356282,356305,2024-10-03 13:31:00+00:00,2024-10-03 13:32:00+00:00,2024-10-03 13:55:00+00:00,long,19926.5,19926.0,19926.25,19911.25,19951.25,19976.25,20001.25,20026.25,80.77804225199785,high_probability,68.77804225199785,15.0,True,True,True,True,False,tp4,20026.25,20026.0,99.75,0.0,99.75,6.65,108.75,3.25,7.25,0.21666666666666667,24,23.0,4,2024-10-03,0.8578878748370274,0.6363636363636364,2.111533586818758,partial_bearish,6.038651249292472,1.1035828019594949,bullish,bullish,True,True,True,False
333,356315,356316,356322,2024-10-03 14:05:00+00:00,2024-10-03 14:06:00+00:00,2024-10-03 14:12:00+00:00,long,20096.25,20096.25,20096.5,20081.5,20121.5,20146.5,20171.5,20196.5,76.92533333333333,near_trigger,48.92533333333333,15.0,False,False,False,False,True,stop,20081.5,20081.25,-15.25,0.0,-15.25,-1.0166666666666666,18.5,16.0,1.2333333333333334,1.0666666666666667,7,6.0,0,2024-10-03,1.971666666666667,3.630434782608696,1.811764705882353,strong_bullish,1.630332174627678,1.5770871157998776,bullish,bullish,False,True,True,False
334,360442,360443,360485,2024-10-08 13:52:00+00:00,2024-10-08 13:53:00+00:00,2024-10-08 14:35:00+00:00,long,20117.5,20117.5,20117.75,20102.75,20142.75,20167.75,20192.75,20217.75,76.25955985372501,near_trigger,56.25955985372501,15.0,True,True,True,True,False,tp4,20217.75,20217.5,99.75,0.0,99.75,6.65,100.0,0.25,6.666666666666667,0.016666666666666666,43,42.0,4,2024-10-08,1.5053763440860215,0.9223826714801444,1.2736389684813754,strong_bullish,1.2346674219481908,1.32298354149644,bullish,bullish,True,False,True,False
335,363230,363231,363237,2024-10-10 14:20:00+00:00,2024-10-10 14:21:00+00:00,2024-10-10 14:27:00+00:00,short,20390.0,20390.5,20390.25,20405.25,20365.25,20340.25,20315.25,20290.25,70.54968823470465,near_trigger,-64.54968823470465,15.0,False,False,False,False,True,stop,20405.25,20405.5,-15.25,0.0,-15.25,-1.0166666666666666,18.25,20.0,1.2166666666666666,1.3333333333333333,7,6.0,0,2024-10-10,1.4421296296296295,1.6969696969696968,1.0344827586206897,partial_bullish,1.2003975839131433,1.0891936267141502,bearish,bearish,True,False,True,False
336,364590,364591,364592,2024-10-11 14:00:00+00:00,2024-10-11 14:01:00+00:00,2024-10-11 14:02:00+00:00,short,20344.5,20344.25,20344.0,20359.0,20319.0,20294.0,20269.0,20244.0,84.23220264618148,high_probability,-60.23220264618148,15.0,False,False,False,False,True,stop,20359.0,20359.25,-15.25,0.0,-15.25,-1.0166666666666666,7.5,36.5,0.5,2.433333333333333,2,1.0,0,2024-10-11,1.4697173620457604,0.7905282331511839,0.9860601614086574,partial_bearish,2.1294696264787984,0.9174403871346453,bearish,bearish,True,False,True,False
337,364595,364596,364596,2024-10-11 14:05:00+00:00,2024-10-11 14:06:00+00:00,2024-10-11 14:06:00+00:00,short,20368.0,20367.25,20367.0,20382.0,20342.0,20317.0,20292.0,20267.0,72.0,near_trigger,-49.809088245831816,15.0,False,False,False,False,True,stop,20382.0,20382.25,-15.25,0.0,-15.25,-1.0166666666666666,0.0,29.75,0.0,1.9833333333333334,1,0.0,0,2024-10-11,1.5373831775700935,1.9198075380914195,0.9860601614086574,partial_bullish,1.039205590290548,0.7526583842990177,bearish,bearish,True,False,True,False
338,364597,364598,364600,2024-10-11 14:07:00+00:00,2024-10-11 14:08:00+00:00,2024-10-11 14:10:00+00:00,short,20401.25,20401.5,20401.25,20416.25,20376.25,20351.25,20326.25,20301.25,78.0,near_trigger,-66.48991358269015,15.0,False,False,False,False,True,stop,20416.25,20416.5,-15.25,0.0,-15.25,-1.0166666666666666,7.5,21.0,0.5,1.4,3,2.0,0,2024-10-11,2.7627811860940694,1.9198075380914195,0.9860601614086574,partial_bullish,2.143454822293247,1.863410329489488,bearish,bearish,True,False,True,False
339,365945,365946,365950,2024-10-14 13:35:00+00:00,2024-10-14 13:36:00+00:00,2024-10-14 13:40:00+00:00,long,20594.25,20594.25,20594.5,20579.5,20619.5,20644.5,20669.5,20694.5,72.65834494696162,near_trigger,36.65834494696162,15.0,False,False,False,False,True,stop,20579.5,20579.25,-15.25,0.0,-15.25,-1.0166666666666666,7.25,15.5,0.48333333333333334,1.0333333333333334,5,4.0,0,2024-10-14,3.624595469255663,2.0608,2.236111111111111,strong_bullish,4.237491289198606,1.290821091958903,bullish,bullish,True,False,True,False
340,367360,367361,367380,2024-10-15 14:10:00+00:00,2024-10-15 14:11:00+00:00,2024-10-15 14:30:00+00:00,short,20608.5,20608.0,20607.75,20622.75,20582.75,20557.75,20532.75,20507.75,75.33929539295393,near_trigger,-51.33929539295393,15.0,True,True,True,True,False,tp4,20507.75,20508.0,99.75,0.0,99.75,6.65,132.25,6.5,8.816666666666666,0.43333333333333335,20,19.0,4,2024-10-15,2.2222222222222223,0.4110929853181077,0.9270833333333334,partial_bearish,2.0864736215787385,1.5547673338400474,neutral,bearish,True,False,True,False
341,368701,368702,368702,2024-10-16 13:31:00+00:00,2024-10-16 13:32:00+00:00,2024-10-16 13:32:00+00:00,short,20304.5,20305.0,20304.75,20319.75,20279.75,20254.75,20229.75,20204.75,72.0,near_trigger,-60.0,15.0,False,False,False,False,True,stop,20319.75,20320.0,-15.25,0.0,-15.25,-1.0166666666666666,4.0,26.25,0.26666666666666666,1.75,1,0.0,0,2024-10-16,5.8593481989708405,1.1134020618556701,0.6633064516129031,strong_bearish,9.981613079560702,1.5499293943345707,bearish,bearish,False,True,True,False
342,370087,370088,370088,2024-10-17 13:37:00+00:00,2024-10-17 13:38:00+00:00,2024-10-17 13:38:00+00:00,long,20438.75,20438.5,20438.75,20423.75,20463.75,20488.75,20513.75,20538.75,72.64749596122779,near_trigger,42.64749596122779,15.0,False,False,False,False,True,stop,20423.75,20423.5,-15.25,0.0,-15.25,-1.0166666666666666,0.75,27.0,0.05,1.8,1,0.0,0,2024-10-17,4.172859450726979,4.244210526315789,1.850453172205438,partial_bearish,2.088657960024341,1.8157771583209557,bullish,neutral,True,False,False,False
343,370111,370112,370113,2024-10-17 14:01:00+00:00,2024-10-17 14:02:00+00:00,2024-10-17 14:03:00+00:00,short,20386.75,20386.75,20386.5,20401.5,20361.5,20336.5,20311.5,20286.5,74.0,near_trigger,-50.0,15.0,False,False,False,False,True,stop,20401.5,20401.75,-15.25,0.0,-15.25,-1.0166666666666666,15.75,18.5,1.05,1.2333333333333334,2,1.0,0,2024-10-17,2.8092105263157894,1.341188524590164,2.229299363057325,strong_bearish,2.2115840364015544,2.628140137433818,neutral,bearish,True,True,True,False
344,371479,371480,371539,2024-10-18 13:49:00+00:00,2024-10-18 13:50:00+00:00,2024-10-18 14:49:00+00:00,long,20452.75,20453.25,20453.5,20438.5,20478.5,20503.5,20528.5,20553.5,78.0,near_trigger,54.77037037037037,15.0,True,True,False,False,False,max_holding_time,20498.5,20498.25,44.75,0.0,44.75,2.9833333333333334,69.75,6.0,4.65,0.4,60,59.0,2,2024-10-18,2.1358024691358026,0.1663619744058501,1.1351351351351353,partial_bearish,1.1962961032643629,1.5762306433337532,bullish,bullish,True,True,True,False
345,372841,372842,372845,2024-10-21 13:31:00+00:00,2024-10-21 13:32:00+00:00,2024-10-21 13:35:00+00:00,short,20439.75,20440.0,20439.75,20454.75,20414.75,20389.75,20364.75,20339.75,75.37425029928544,near_trigger,-64.37425029928544,15.0,False,False,False,False,True,stop,20454.75,20455.0,-15.25,0.0,-15.25,-1.0166666666666666,16.75,19.0,1.1166666666666667,1.2666666666666666,4,3.0,0,2024-10-21,2.423076923076923,1.6713483146067416,2.436744560838034,strong_bullish,7.446237781313935,1.2178128741067908,bearish,bearish,True,True,False,False
346,372847,372848,372855,2024-10-21 13:37:00+00:00,2024-10-21 13:38:00+00:00,2024-10-21 13:45:00+00:00,short,20469.0,20468.5,20468.25,20483.25,20443.25,20418.25,20393.25,20368.25,74.52701280372797,near_trigger,-44.52701280372797,15.0,False,False,False,False,True,stop,20483.25,20483.5,-15.25,0.0,-15.25,-1.0166666666666666,16.5,17.0,1.1,1.1333333333333333,8,7.0,0,2024-10-21,1.8968824940047961,2.5454545454545454,2.436744560838034,strong_bullish,2.169019559340601,1.2037300334369454,bearish,bearish,True,True,False,False
347,372856,372857,372863,2024-10-21 13:46:00+00:00,2024-10-21 13:47:00+00:00,2024-10-21 13:53:00+00:00,short,20478.0,20478.25,20478.0,20493.0,20453.0,20428.0,20403.0,20378.0,70.0,near_trigger,-70.0,15.0,False,False,False,False,True,stop,20493.0,20493.25,-15.25,0.0,-15.25,-1.0166666666666666,7.75,23.5,0.5166666666666667,1.5666666666666667,7,6.0,0,2024-10-21,1.2228443449048152,3.2459677419354835,3.255363321799308,strong_bullish,0.7675404523561139,0.7215967780641258,bearish,bearish,True,True,False,False
348,372866,372867,372873,2024-10-21 13:56:00+00:00,2024-10-21 13:57:00+00:00,2024-10-21 14:03:00+00:00,short,20492.75,20492.5,20492.25,20507.25,20467.25,20442.25,20417.25,20392.25,70.0,near_trigger,-62.46664680829923,15.0,False,False,False,False,True,stop,20507.25,20507.5,-15.25,0.0,-15.25,-1.0166666666666666,11.75,21.25,0.7833333333333333,1.4166666666666667,7,6.0,0,2024-10-21,1.3315217391304348,3.512773722627737,3.255363321799308,strong_bullish,0.6393826650130908,0.5484849678868355,bearish,bearish,True,False,False,False
349,374220,374221,374223,2024-10-22 13:30:00+00:00,2024-10-22 13:31:00+00:00,2024-10-22 13:33:00+00:00,short,20386.5,20385.5,20385.25,20400.25,20360.25,20335.25,20310.25,20285.25,74.1926376280503,near_trigger,-57.192637628050306,15.0,False,False,False,False,True,stop,20400.25,20400.5,-15.25,0.0,-15.25,-1.0166666666666666,16.5,26.0,1.1,1.7333333333333334,3,2.0,0,2024-10-22,1.0337552742616034,1.3664596273291925,1.0775969962453067,partial_bearish,10.3179940436161,1.49079703506288,bearish,bearish,True,True,False,False
350,374229,374230,374232,2024-10-22 13:39:00+00:00,2024-10-22 13:40:00+00:00,2024-10-22 13:42:00+00:00,short,20426.0,20426.25,20426.0,20441.0,20401.0,20376.0,20351.0,20326.0,70.53117761116307,near_trigger,-62.53117761116307,15.0,False,False,False,False,True,stop,20441.0,20441.25,-15.25,0.0,-15.25,-1.0166666666666666,9.25,31.0,0.6166666666666667,2.066666666666667,3,2.0,0,2024-10-22,1.4146806482364156,1.466360856269113,1.0775969962453067,partial_bullish,1.7050010550749104,1.3257927956506994,bearish,bearish,True,True,False,False
351,378360,378361,378378,2024-10-25 13:30:00+00:00,2024-10-25 13:31:00+00:00,2024-10-25 13:48:00+00:00,long,20519.25,20519.0,20519.25,20504.25,20544.25,20569.25,20594.25,20619.25,71.92988583655622,near_trigger,59.929885836556224,15.0,True,True,True,True,False,tp4,20619.25,20619.0,99.75,0.0,99.75,6.65,103.5,4.0,6.9,0.26666666666666666,18,17.0,4,2024-10-25,2.7377777777777776,0.4278438030560272,1.268882175226586,partial_bullish,10.21188680151828,1.4123572956952806,bullish,bullish,True,True,False,False
352,378412,378413,378414,2024-10-25 14:22:00+00:00,2024-10-25 14:23:00+00:00,2024-10-25 14:24:00+00:00,long,20701.75,20701.75,20702.0,20687.0,20727.0,20752.0,20777.0,20802.0,75.0,near_trigger,53.0,15.0,False,False,False,False,True,stop,20687.0,20686.75,-15.25,0.0,-15.25,-1.0166666666666666,5.5,17.25,0.36666666666666664,1.15,2,1.0,0,2024-10-25,3.165217391304348,1.1590774689532821,5.4645941278065635,strong_bullish,2.5022058823529414,2.408123791102515,bullish,bullish,True,True,True,True
353,381121,381122,381122,2024-10-29 13:31:00+00:00,2024-10-29 13:32:00+00:00,2024-10-29 13:32:00+00:00,long,20479.75,20480.0,20480.25,20465.25,20505.25,20530.25,20555.25,20580.25,78.0,near_trigger,53.66888665997994,15.0,False,False,False,False,True,stop,20465.25,20465.0,-15.25,0.0,-15.25,-1.0166666666666666,2.0,35.5,0.13333333333333333,2.3666666666666667,1,0.0,0,2024-10-29,1.4344262295081969,1.364953886693017,1.1817490494296579,partial_bullish,8.547436652916911,1.1638916750250752,bullish,bullish,True,True,True,True
354,381123,381124,381161,2024-10-29 13:33:00+00:00,2024-10-29 13:34:00+00:00,2024-10-29 14:11:00+00:00,long,20445.25,20445.5,20445.75,20430.75,20470.75,20495.75,20520.75,20545.75,70.0,near_trigger,47.622115783078485,15.0,True,True,True,True,False,tp4,20545.75,20545.5,99.75,0.0,99.75,6.65,102.0,13.75,6.8,0.9166666666666666,38,37.0,4,2024-10-29,5.2298850574712645,1.364953886693017,1.1817490494296579,partial_bullish,4.295483501911126,1.4054670285262163,bullish,bullish,True,True,True,False
355,382504,382505,382505,2024-10-30 13:34:00+00:00,2024-10-30 13:35:00+00:00,2024-10-30 13:35:00+00:00,short,20617.5,20617.25,20617.0,20632.0,20592.0,20567.0,20542.0,20517.0,70.79114170622388,near_trigger,-44.79114170622388,15.0,False,False,False,False,True,stop,20632.0,20632.25,-15.25,0.0,-15.25,-1.0166666666666666,2.5,23.25,0.16666666666666666,1.55,1,0.0,0,2024-10-30,2.6805251641137855,0.4936708860759494,2.149122807017544,partial_bearish,3.4618005936022866,1.4889271327798477,bearish,bearish,False,True,True,False
356,382510,382511,382521,2024-10-30 13:40:00+00:00,2024-10-30 13:41:00+00:00,2024-10-30 13:51:00+00:00,short,20586.75,20586.25,20586.0,20601.0,20561.0,20536.0,20511.0,20486.0,81.61900161030596,high_probability,-53.61900161030596,15.0,True,False,False,False,True,stop,20601.0,20601.25,-15.25,0.0,-15.25,-1.0166666666666666,43.0,15.5,2.8666666666666667,1.0333333333333334,11,10.0,1,2024-10-30,2.276972624798712,2.5407407407407407,2.149122807017544,strong_bearish,2.8240576627673404,2.1505698860227955,bearish,bearish,False,True,True,False
357,383880,383881,383895,2024-10-31 13:30:00+00:00,2024-10-31 13:31:00+00:00,2024-10-31 13:45:00+00:00,short,20334.0,20333.5,20333.25,20348.25,20308.25,20283.25,20258.25,20233.25,71.87047279214987,near_trigger,-67.87047279214987,15.0,True,True,True,True,False,tp4,20233.25,20233.5,99.75,0.0,99.75,6.65,110.25,8.75,7.35,0.5833333333333334,15,14.0,4,2024-10-31,3.6240369799691834,1.011914217633042,0.9577114427860696,strong_bearish,10.760187306964232,1.3380909901873328,bearish,bearish,False,True,True,False
358,383918,383919,383927,2024-10-31 14:08:00+00:00,2024-10-31 14:09:00+00:00,2024-10-31 14:17:00+00:00,short,20170.25,20170.25,20170.0,20185.0,20145.0,20120.0,20095.0,20070.0,71.35864087091814,near_trigger,-67.35864087091814,15.0,True,True,False,False,True,stop,20185.0,20185.25,-15.25,0.0,-15.25,-1.0166666666666666,51.0,26.25,3.4,1.75,9,8.0,2,2024-10-31,1.2048192771084338,3.0426136363636362,5.844600526777875,partial_bearish,0.49492302653128073,0.670393540086073,bearish,bearish,False,False,True,False
359,383928,383929,383958,2024-10-31 14:18:00+00:00,2024-10-31 14:19:00+00:00,2024-10-31 14:48:00+00:00,short,20190.25,20190.5,20190.25,20205.25,20165.25,20140.25,20115.25,20090.25,70.68402641542265,near_trigger,-32.68402641542265,15.0,True,True,True,True,False,tp4,20090.25,20090.5,99.75,0.0,99.75,6.65,100.25,11.25,6.683333333333334,0.75,30,29.0,4,2024-10-31,3.0357142857142856,1.0830419580419581,5.584238037796542,partial_bearish,0.77986482087809,1.2002711145164142,bearish,bearish,False,True,True,False
360,385266,385267,385269,2024-11-01 13:36:00+00:00,2024-11-01 13:37:00+00:00,2024-11-01 13:39:00+00:00,short,20097.5,20097.5,20097.25,20112.25,20072.25,20047.25,20022.25,19997.25,73.0,near_trigger,-59.31655064878265,15.0,False,False,False,False,True,stop,20112.25,20112.5,-15.25,0.0,-15.25,-1.0166666666666666,13.25,24.5,0.8833333333333333,1.6333333333333333,3,2.0,0,2024-11-01,0.21467688937568458,0.21739130434782608,1.9296187683284458,partial_bullish,2.116469984607491,0.9925920833261717,bearish,bearish,True,True,True,False
361,385302,385303,385333,2024-11-01 14:12:00+00:00,2024-11-01 14:13:00+00:00,2024-11-01 14:43:00+00:00,long,20217.25,20217.75,20218.0,20203.0,20243.0,20268.0,20293.0,20318.0,72.91000885739592,near_trigger,48.91000885739592,15.0,True,True,False,False,True,stop,20203.0,20202.75,-15.25,0.0,-15.25,-1.0166666666666666,59.75,38.75,3.9833333333333334,2.5833333333333335,31,30.0,2,2024-11-01,1.7484499557130204,0.7345225603357818,0.9898232458489555,strong_bullish,1.7970888550945037,2.2487121284201654,bullish,bullish,True,True,False,False
362,386642,386643,386643,2024-11-04 14:32:00+00:00,2024-11-04 14:33:00+00:00,2024-11-04 14:33:00+00:00,long,20090.0,20090.0,20090.25,20075.25,20115.25,20140.25,20165.25,20190.25,73.0,near_trigger,73.0,15.0,False,False,False,False,True,stop,20075.25,20075.0,-15.25,0.0,-15.25,-1.0166666666666666,2.25,15.75,0.15,1.05,1,0.0,0,2024-11-04,0.8507462686567164,0.5438247011952192,0.9211571185479297,strong_bearish,3.435628943482347,0.8996632239103992,bullish,bullish,True,True,True,False
363,386645,386646,386646,2024-11-04 14:35:00+00:00,2024-11-04 14:36:00+00:00,2024-11-04 14:36:00+00:00,long,20042.75,20042.5,20042.75,20027.75,20067.75,20092.75,20117.75,20142.75,88.0,high_probability,81.83875584617165,15.0,False,False,False,False,True,stop,20027.75,20027.5,-15.25,0.0,-15.25,-1.0166666666666666,0.0,26.75,0.0,1.7833333333333334,1,0.0,0,2024-11-04,4.1125,3.4629349470499244,0.9211571185479297,strong_bearish,2.266184499751826,0.8703051922854361,bullish,bullish,True,True,True,False
364,386647,386648,386655,2024-11-04 14:37:00+00:00,2024-11-04 14:38:00+00:00,2024-11-04 14:45:00+00:00,long,20016.25,20016.25,20016.5,20001.5,20041.5,20066.5,20091.5,20116.5,88.0,high_probability,82.75208303341306,15.0,True,True,True,True,False,tp4,20116.5,20116.25,99.75,0.0,99.75,6.65,111.5,0.5,7.433333333333334,0.03333333333333333,8,7.0,4,2024-11-04,3.2908366533864544,3.4629349470499244,0.9211571185479297,strong_bearish,1.7672997162191662,1.4098962082336826,bullish,bullish,True,True,True,False
365,388033,388034,388050,2024-11-05 14:43:00+00:00,2024-11-05 14:44:00+00:00,2024-11-05 15:00:00+00:00,long,20216.5,20216.75,20217.0,20202.0,20242.0,20267.0,20292.0,20317.0,78.0,near_trigger,77.08528241845664,15.0,True,True,True,True,False,tp4,20317.0,20316.75,99.75,0.0,99.75,6.65,107.5,10.75,7.166666666666667,0.7166666666666667,17,16.0,4,2024-11-05,0.6125696101829753,4.852488687782805,0.7285342584562012,partial_bullish,1.6718419195483416,1.563954447928701,bullish,bullish,True,True,True,False
366,388057,388058,388061,2024-11-05 15:07:00+00:00,2024-11-05 15:08:00+00:00,2024-11-05 15:11:00+00:00,long,20287.5,20287.5,20287.75,20272.75,20312.75,20337.75,20362.75,20387.75,72.0,near_trigger,72.0,15.0,False,False,False,False,True,stop,20272.75,20272.5,-15.25,0.0,-15.25,-1.0166666666666666,20.0,27.5,1.3333333333333333,1.8333333333333333,4,3.0,0,2024-11-05,0.2317429406037001,2.1044689495066744,4.116266070430408,partial_bullish,0.670112239918371,0.6212853470437018,bullish,bullish,True,True,True,False
367,388063,388064,388067,2024-11-05 15:13:00+00:00,2024-11-05 15:14:00+00:00,2024-11-05 15:17:00+00:00,long,20280.25,20280.25,20280.5,20265.5,20305.5,20330.5,20355.5,20380.5,75.00653040986903,near_trigger,47.00653040986903,15.0,False,False,False,False,True,stop,20265.5,20265.25,-15.25,0.0,-15.25,-1.0166666666666666,4.25,17.25,0.2833333333333333,1.15,4,3.0,0,2024-11-05,1.3430232558139537,2.3828032979976443,4.116266070430408,partial_bullish,0.9633710894085933,1.1157211518711745,bullish,bullish,True,True,False,False
368,392209,392210,392214,2024-11-08 15:19:00+00:00,2024-11-08 15:20:00+00:00,2024-11-08 15:24:00+00:00,long,21201.5,21202.0,21202.25,21187.25,21227.25,21252.25,21277.25,21302.25,77.51580217129072,near_trigger,62.515802171290716,15.0,False,False,False,False,True,stop,21187.25,21187.0,-15.25,0.0,-15.25,-1.0166666666666666,2.25,24.0,0.15,1.6,5,4.0,0,2024-11-08,2.347406513872135,1.6566837107377648,0.1797432239657632,partial_bullish,1.1078305670897393,1.6461293761907259,neutral,bullish,True,False,True,False
369,393583,393584,393600,2024-11-11 15:13:00+00:00,2024-11-11 15:14:00+00:00,2024-11-11 15:30:00+00:00,short,21194.25,21194.0,21193.75,21208.75,21168.75,21143.75,21118.75,21093.75,72.0,near_trigger,-72.0,15.0,False,False,False,False,True,stop,21208.75,21209.0,-15.25,0.0,-15.25,-1.0166666666666666,22.75,18.25,1.5166666666666666,1.2166666666666666,17,16.0,0,2024-11-11,0.8235294117647058,1.1819505094614264,5.109341057204924,partial_bearish,0.8538426349496798,0.9863267058590396,bearish,bearish,True,True,True,False
370,394932,394933,394941,2024-11-12 14:42:00+00:00,2024-11-12 14:43:00+00:00,2024-11-12 14:51:00+00:00,short,21211.25,21211.25,21211.0,21226.0,21186.0,21161.0,21136.0,21111.0,82.70570405868806,high_probability,-70.70570405868806,15.0,False,False,False,False,True,stop,21226.0,21226.25,-15.25,0.0,-15.25,-1.0166666666666666,11.0,21.25,0.7333333333333333,1.4166666666666667,9,8.0,0,2024-11-12,1.180722891566265,1.3893129770992367,0.6019108280254778,partial_bullish,1.649983979493752,1.2472268239989923,bearish,bearish,True,False,True,False
371,394954,394955,394960,2024-11-12 15:04:00+00:00,2024-11-12 15:05:00+00:00,2024-11-12 15:10:00+00:00,short,21191.75,21192.0,21191.75,21206.75,21166.75,21141.75,21116.75,21091.75,72.40251147443603,near_trigger,-56.402511474436025,15.0,False,False,False,False,True,stop,21206.75,21207.0,-15.25,0.0,-15.25,-1.0166666666666666,12.75,33.25,0.85,2.216666666666667,6,5.0,0,2024-11-12,2.7522727272727274,1.2094240837696335,0.7535667963683528,partial_bullish,1.6095811154825272,1.4201847975904844,bearish,bearish,True,True,False,False
372,396320,396321,396330,2024-11-13 14:50:00+00:00,2024-11-13 14:51:00+00:00,2024-11-13 15:00:00+00:00,long,21139.75,21139.75,21140.0,21125.0,21165.0,21190.0,21215.0,21240.0,71.751335243553,near_trigger,71.751335243553,15.0,False,False,False,False,True,stop,21125.0,21124.75,-15.25,0.0,-15.25,-1.0166666666666666,22.25,30.75,1.4833333333333334,2.05,10,9.0,0,2024-11-13,1.2168099331423112,1.9888820259419395,0.9989583333333334,partial_bearish,1.7296654640865858,1.5613204055954408,bullish,bullish,True,True,False,False
373,397681,397682,397684,2024-11-14 14:31:00+00:00,2024-11-14 14:32:00+00:00,2024-11-14 14:34:00+00:00,short,21146.25,21146.0,21145.75,21160.75,21120.75,21095.75,21070.75,21045.75,75.07739733677509,near_trigger,-21.077397336775093,15.0,False,False,False,False,True,stop,21160.75,21161.0,-15.25,0.0,-15.25,-1.0166666666666666,8.75,22.25,0.5833333333333334,1.4833333333333334,3,2.0,0,2024-11-14,2.779783393501805,0.3560399636693915,1.5279187817258884,partial_bullish,5.101880584738476,0.8467466709688629,neutral,bearish,True,True,True,False
374,399088,399089,399112,2024-11-15 14:58:00+00:00,2024-11-15 14:59:00+00:00,2024-11-15 15:22:00+00:00,short,20686.25,20687.0,20686.75,20701.75,20661.75,20636.75,20611.75,20586.75,71.40728996122361,near_trigger,-37.40728996122361,15.0,True,True,True,True,False,tp4,20586.75,20587.0,99.75,0.0,99.75,6.65,104.0,11.25,6.933333333333334,0.75,24,23.0,4,2024-11-15,2.0170616113744075,1.7392491467576792,4.711111111111111,strong_bearish,1.4591593973037273,2.505260552048521,bearish,bearish,True,True,True,False
375,400440,400441,400447,2024-11-18 14:30:00+00:00,2024-11-18 14:31:00+00:00,2024-11-18 14:37:00+00:00,short,20536.5,20536.25,20536.0,20551.0,20511.0,20486.0,20461.0,20436.0,71.18639747362215,near_trigger,-45.18639747362215,15.0,False,False,False,False,True,stop,20551.0,20551.25,-15.25,0.0,-15.25,-1.0166666666666666,15.75,15.0,1.05,1.0,7,6.0,0,2024-11-18,4.0285714285714285,0.05353728489483748,1.4043887147335423,partial_bearish,8.157523289733696,0.9829968420276789,bearish,bearish,False,True,True,False
376,401865,401866,401866,2024-11-19 15:15:00+00:00,2024-11-19 15:16:00+00:00,2024-11-19 15:16:00+00:00,short,20540.25,20539.75,20539.5,20554.5,20514.5,20489.5,20464.5,20439.5,82.88513548641392,high_probability,-70.88513548641392,15.0,False,False,False,False,True,stop,20554.5,20554.75,-15.25,0.0,-15.25,-1.0166666666666666,1.25,22.25,0.08333333333333333,1.4833333333333334,1,0.0,0,2024-11-19,1.218,0.0059957173447537475,2.584974958263773,partial_bullish,1.8325099263480131,1.489419358017392,bearish,bearish,True,True,True,False
377,403203,403204,403206,2024-11-20 14:33:00+00:00,2024-11-20 14:34:00+00:00,2024-11-20 14:36:00+00:00,long,20715.5,20715.5,20715.75,20700.75,20740.75,20765.75,20790.75,20815.75,76.0,near_trigger,36.05214150333651,15.0,False,False,False,False,True,stop,20700.75,20700.5,-15.25,0.0,-15.25,-1.0166666666666666,18.0,20.5,1.2,1.3666666666666667,3,2.0,0,2024-11-20,2.2681564245810053,1.5281690140845072,3.0654362416107386,strong_bearish,2.8213463070199984,1.040968372226017,bullish,bullish,True,False,False,False
378,403207,403208,403209,2024-11-20 14:37:00+00:00,2024-11-20 14:38:00+00:00,2024-11-20 14:39:00+00:00,long,20685.0,20685.75,20686.0,20671.0,20711.0,20736.0,20761.0,20786.0,76.0,near_trigger,35.35250713590177,15.0,False,False,False,False,True,stop,20671.0,20670.75,-15.25,0.0,-15.25,-1.0166666666666666,7.25,24.5,0.48333333333333334,1.6333333333333333,2,1.0,0,2024-11-20,2.854788877445932,3.335335335335335,3.0654362416107386,strong_bearish,2.0360083183773465,1.4476256063843793,bullish,bullish,True,False,False,False
379,403232,403233,403246,2024-11-20 15:02:00+00:00,2024-11-20 15:03:00+00:00,2024-11-20 15:16:00+00:00,short,20611.75,20612.0,20611.75,20626.75,20586.75,20561.75,20536.75,20511.75,71.72248462694844,near_trigger,-63.72248462694844,15.0,True,True,True,True,False,tp4,20511.75,20512.0,99.75,0.0,99.75,6.65,103.75,9.0,6.916666666666667,0.6,14,13.0,4,2024-11-20,1.4127144298688192,3.872530274059911,5.9571014492753624,strong_bearish,1.1705633748206739,1.2878181953908991,bearish,bearish,False,True,True,False
380,403250,403251,403251,2024-11-20 15:20:00+00:00,2024-11-20 15:21:00+00:00,2024-11-20 15:21:00+00:00,short,20482.75,20482.25,20482.0,20497.0,20457.0,20432.0,20407.0,20382.0,80.4,high_probability,-52.400000000000006,15.0,False,False,False,False,True,stop,20497.0,20497.25,-15.25,0.0,-15.25,-1.0166666666666666,0.25,29.0,0.016666666666666666,1.9333333333333333,1,0.0,0,2024-11-20,2.5068870523415976,3.6559655007187346,6.836601307189542,strong_bearish,1.6009253711470608,2.752808184875152,bearish,bearish,False,True,True,False
381,403255,403256,403261,2024-11-20 15:25:00+00:00,2024-11-20 15:26:00+00:00,2024-11-20 15:31:00+00:00,short,20527.5,20527.0,20526.75,20541.75,20501.75,20476.75,20451.75,20426.75,74.0,near_trigger,-32.63324099722992,15.0,False,False,False,False,True,stop,20541.75,20542.0,-15.25,0.0,-15.25,-1.0166666666666666,16.25,25.0,1.0833333333333333,1.6666666666666667,6,5.0,0,2024-11-20,2.3139427516158815,2.310251798561151,6.836601307189542,partial_bearish,0.8558426783682757,1.5001353141424645,bearish,bearish,False,True,True,False
382,404582,404583,404583,2024-11-21 14:32:00+00:00,2024-11-21 14:33:00+00:00,2024-11-21 14:33:00+00:00,long,20856.5,20857.25,20857.5,20842.5,20882.5,20907.5,20932.5,20957.5,78.0,near_trigger,65.47714105620872,15.0,False,False,False,False,True,stop,20842.5,20842.25,-15.25,0.0,-15.25,-1.0166666666666666,5.5,30.5,0.36666666666666664,2.033333333333333,1,0.0,0,2024-11-21,1.2414529914529915,0.7227310574521232,2.2947567312234294,partial_bullish,5.056898126434795,1.4035736797390994,bullish,bullish,True,True,True,False
383,404584,404585,404585,2024-11-21 14:34:00+00:00,2024-11-21 14:35:00+00:00,2024-11-21 14:35:00+00:00,long,20795.75,20796.0,20796.25,20781.25,20821.25,20846.25,20871.25,20896.25,78.0,near_trigger,32.11392405063292,15.0,False,False,False,False,True,stop,20781.25,20781.0,-15.25,0.0,-15.25,-1.0166666666666666,2.0,41.25,0.13333333333333333,2.75,1,0.0,0,2024-11-21,3.5248618784530388,0.7227310574521232,2.2947567312234294,partial_bullish,5.365627096485645,2.5604570603010948,bullish,bullish,True,True,True,False
384,404586,404587,404587,2024-11-21 14:36:00+00:00,2024-11-21 14:37:00+00:00,2024-11-21 14:37:00+00:00,long,20724.75,20724.25,20724.5,20709.5,20749.5,20774.5,20799.5,20824.5,88.0,high_probability,32.17613488975357,15.0,False,False,False,False,True,stop,20709.5,20709.25,-15.25,0.0,-15.25,-1.0166666666666666,0.0,34.5,0.0,2.3,1,0.0,0,2024-11-21,6.473411154345007,2.45360824742268,2.2947567312234294,partial_bearish,3.6234381732012064,2.524956841552203,bullish,bullish,True,True,True,False
385,404588,404589,404589,2024-11-21 14:38:00+00:00,2024-11-21 14:39:00+00:00,2024-11-21 14:39:00+00:00,long,20658.0,20658.25,20658.5,20643.5,20683.5,20708.5,20733.5,20758.5,88.0,high_probability,32.0,15.0,False,False,False,False,True,stop,20643.5,20643.25,-15.25,0.0,-15.25,-1.0166666666666666,3.5,28.25,0.23333333333333334,1.8833333333333333,1,0.0,0,2024-11-21,5.380568974771873,2.45360824742268,2.2947567312234294,partial_bearish,2.660663119115841,3.0933298722649445,bullish,bullish,True,True,True,False
386,404590,404591,404591,2024-11-21 14:40:00+00:00,2024-11-21 14:41:00+00:00,2024-11-21 14:41:00+00:00,long,20692.5,20693.25,20693.5,20678.5,20718.5,20743.5,20768.5,20793.5,95.84085422469823,a_plus_plus,71.84085422469823,15.0,False,False,False,False,True,stop,20678.5,20678.25,-15.25,0.0,-15.25,-1.0166666666666666,11.5,22.75,0.7666666666666667,1.5166666666666666,1,0.0,0,2024-11-21,1.702878365831012,5.555555555555555,2.2947567312234294,partial_bearish,2.402343303050413,2.6532434709351307,bullish,bullish,True,True,True,False
387,404597,404598,404602,2024-11-21 14:47:00+00:00,2024-11-21 14:48:00+00:00,2024-11-21 14:52:00+00:00,long,20731.0,20730.5,20730.75,20715.75,20755.75,20780.75,20805.75,20830.75,70.31483420593368,near_trigger,34.31483420593368,15.0,True,True,False,False,True,stop,20715.75,20715.5,-15.25,0.0,-15.25,-1.0166666666666666,55.25,17.25,3.683333333333333,1.15,5,4.0,2,2024-11-21,1.8141361256544501,4.001657000828501,2.2889034799737358,partial_bearish,0.8645714016726554,1.5960836567985632,bullish,neutral,False,True,True,False
388,404622,404623,404633,2024-11-21 15:12:00+00:00,2024-11-21 15:13:00+00:00,2024-11-21 15:23:00+00:00,long,20650.25,20649.75,20650.0,20635.0,20675.0,20700.0,20725.0,20750.0,74.2,near_trigger,66.2,15.0,True,True,False,False,True,stop,20635.0,20634.75,-15.25,0.0,-15.25,-1.0166666666666666,69.0,36.0,4.6,2.4,11,10.0,2,2024-11-21,2.316029663434113,1.3100113765642776,3.091482649842271,partial_bearish,1.4979002415266225,2.520442285630599,bullish,bullish,True,True,False,False
389,405962,405963,405965,2024-11-22 14:32:00+00:00,2024-11-22 14:33:00+00:00,2024-11-22 14:35:00+00:00,short,20811.25,20812.0,20811.75,20826.75,20786.75,20761.75,20736.75,20711.75,73.0,near_trigger,-73.0,15.0,False,False,False,False,True,stop,20826.75,20827.0,-15.25,0.0,-15.25,-1.0166666666666666,7.75,21.5,0.5166666666666667,1.4333333333333333,3,2.0,0,2024-11-22,2.164627363737486,0.34213098729227764,0.10917816436712657,strong_bullish,3.7358409916648854,1.0608369634115093,bearish,bearish,True,False,True,False
390,405981,405982,405984,2024-11-22 14:51:00+00:00,2024-11-22 14:52:00+00:00,2024-11-22 14:54:00+00:00,short,20800.0,20800.0,20799.75,20814.75,20774.75,20749.75,20724.75,20699.75,70.06190812720848,near_trigger,-54.06190812720848,15.0,False,False,False,False,True,stop,20814.75,20815.0,-15.25,0.0,-15.25,-1.0166666666666666,8.75,23.25,0.5833333333333334,1.55,3,2.0,0,2024-11-22,1.919434628975265,2.6422535211267606,1.102241662110443,partial_bullish,1.5408199928140844,2.110570350522229,bearish,bearish,True,True,False,False
391,407365,407366,407370,2024-11-25 14:55:00+00:00,2024-11-25 14:56:00+00:00,2024-11-25 15:00:00+00:00,long,20937.25,20937.0,20937.25,20922.25,20962.25,20987.25,21012.25,21037.25,71.0389357560026,near_trigger,27.0389357560026,15.0,False,False,False,False,True,stop,20922.25,20922.0,-15.25,0.0,-15.25,-1.0166666666666666,21.25,25.25,1.4166666666666667,1.6833333333333333,5,4.0,0,2024-11-25,2.625567813108371,2.1983471074380163,3.526164462334675,partial_bearish,1.0281427212849144,1.8284891004760713,bullish,neutral,True,False,False,False
392,407384,407385,407403,2024-11-25 15:14:00+00:00,2024-11-25 15:15:00+00:00,2024-11-25 15:33:00+00:00,long,20894.0,20893.75,20894.0,20879.0,20919.0,20944.0,20969.0,20994.0,72.04013636932997,near_trigger,67.04013636932997,15.0,True,False,False,False,True,stop,20879.0,20878.75,-15.25,0.0,-15.25,-1.0166666666666666,48.25,17.5,3.216666666666667,1.1666666666666667,19,18.0,1,2024-11-25,1.1233913701741105,3.253399258343634,1.0038643194504078,strong_bearish,1.074787690621861,1.981815120390638,bullish,bullish,True,False,False,False
393,408720,408721,408750,2024-11-26 14:30:00+00:00,2024-11-26 14:31:00+00:00,2024-11-26 15:00:00+00:00,long,20946.0,20946.5,20946.75,20931.75,20971.75,20996.75,21021.75,21046.75,73.08470258308297,near_trigger,53.08470258308297,15.0,True,True,True,False,True,stop,20931.75,20931.5,-15.25,0.0,-15.25,-1.0166666666666666,78.25,18.5,5.216666666666667,1.2333333333333334,30,29.0,3,2024-11-26,1.8157894736842106,1.0134969325153373,0.3453333333333333,partial_bullish,5.9539521924035785,0.9479834920116047,bullish,bullish,True,False,False,False
394,410131,410132,410132,2024-11-27 15:01:00+00:00,2024-11-27 15:02:00+00:00,2024-11-27 15:02:00+00:00,short,20828.5,20829.5,20829.25,20844.25,20804.25,20779.25,20754.25,20729.25,71.60200657246877,near_trigger,-45.60200657246877,15.0,False,False,False,False,True,stop,20844.25,20844.5,-15.25,0.0,-15.25,-1.0166666666666666,6.5,22.75,0.43333333333333335,1.5166666666666666,1,0.0,0,2024-11-27,1.6857798165137614,1.1002162941600577,3.796610169491525,strong_bearish,1.82716311680034,1.2754439954024694,bearish,bearish,False,True,True,False
395,410152,410153,410153,2024-11-27 15:22:00+00:00,2024-11-27 15:23:00+00:00,2024-11-27 15:23:00+00:00,short,20784.0,20784.75,20784.5,20799.5,20759.5,20734.5,20709.5,20684.5,72.83748645720476,near_trigger,-48.83748645720476,15.0,False,False,False,False,True,stop,20799.5,20799.75,-15.25,0.0,-15.25,-1.0166666666666666,3.5,21.75,0.23333333333333334,1.45,1,0.0,0,2024-11-27,1.1072589382448537,1.030520646319569,4.959950708564387,strong_bearish,1.614488702539017,1.7601645630698124,bearish,bearish,True,True,False,False
396,410155,410156,410215,2024-11-27 15:25:00+00:00,2024-11-27 15:26:00+00:00,2024-11-27 16:25:00+00:00,short,20786.25,20786.25,20786.0,20801.0,20761.0,20736.0,20711.0,20686.0,72.00984930138998,near_trigger,-30.009849301389977,15.0,True,True,True,False,False,max_holding_time,20718.0,20718.25,67.75,0.0,67.75,4.516666666666667,90.25,7.75,6.016666666666667,0.5166666666666667,60,59.0,3,2024-11-27,1.9422863485016646,2.122917863296956,4.959950708564387,strong_bearish,0.8148905041685051,0.9251862105332542,bearish,bearish,True,True,False,False
397,411480,411481,411491,2024-11-28 14:30:00+00:00,2024-11-28 14:31:00+00:00,2024-11-28 14:41:00+00:00,long,20889.25,20889.5,20889.75,20874.75,20914.75,20939.75,20964.75,20989.75,75.03746659479052,near_trigger,71.03746659479052,15.0,False,False,False,False,True,stop,20874.75,20874.5,-15.25,0.0,-15.25,-1.0166666666666666,2.75,15.25,0.18333333333333332,1.0166666666666666,11,10.0,0,2024-11-28,4.975903614457831,1.1771771771771773,0.3326133909287257,strong_bullish,15.037768739105172,0.29683324348813467,bullish,bullish,True,True,True,False
398,412658,412659,412718,2024-11-29 15:08:00+00:00,2024-11-29 15:09:00+00:00,2024-11-29 16:08:00+00:00,long,20946.25,20945.25,20945.5,20930.5,20970.5,20995.5,21020.5,21045.5,74.31744526316491,near_trigger,52.31744526316491,15.0,True,False,False,False,False,max_holding_time,20971.25,20971.0,25.5,0.0,25.5,1.7,36.75,10.0,2.45,0.6666666666666666,60,59.0,1,2024-11-29,2.9235993208828526,1.8276762402088773,3.2458816351433804,strong_bullish,0.9874337623012869,0.7486741511123356,bullish,bullish,False,True,True,False
399,413824,413825,413857,2024-12-02 15:19:00+00:00,2024-12-02 15:20:00+00:00,2024-12-02 15:52:00+00:00,long,21163.75,21164.0,21164.25,21149.25,21189.25,21214.25,21239.25,21264.25,88.0,high_probability,88.0,15.0,True,False,False,False,True,stop,21149.25,21149.0,-15.25,0.0,-15.25,-1.0166666666666666,39.5,15.75,2.6333333333333333,1.05,33,32.0,1,2024-12-02,2.264094955489614,1.3714285714285714,5.12994980479643,partial_bullish,1.2991513977727378,1.5392279705922314,bullish,bullish,True,False,True,False
400,415155,415156,415157,2024-12-03 14:30:00+00:00,2024-12-03 14:31:00+00:00,2024-12-03 14:32:00+00:00,short,21143.0,21143.5,21143.25,21158.25,21118.25,21093.25,21068.25,21043.25,81.97868279758974,high_probability,-59.97868279758974,15.0,False,False,False,False,True,stop,21158.25,21158.5,-15.25,0.0,-15.25,-1.0166666666666666,8.5,26.25,0.5666666666666667,1.75,2,1.0,0,2024-12-03,2.1123595505617976,2.2371134020618553,2.537216828478964,strong_bearish,7.416937149601653,1.4733534969871749,bearish,bearish,True,True,False,True
401,415160,415161,415165,2024-12-03 14:35:00+00:00,2024-12-03 14:36:00+00:00,2024-12-03 14:40:00+00:00,short,21184.75,21185.25,21185.0,21200.0,21160.0,21135.0,21110.0,21085.0,76.0,near_trigger,-23.663524303329567,15.0,False,False,False,False,True,stop,21200.0,21200.25,-15.25,0.0,-15.25,-1.0166666666666666,19.25,18.25,1.2833333333333334,1.2166666666666666,5,4.0,0,2024-12-03,2.583425414364641,1.0440251572327044,2.537216828478964,partial_bullish,1.8001197539600458,1.0070496520852048,bearish,bearish,True,True,False,False
402,415205,415206,415219,2024-12-03 15:20:00+00:00,2024-12-03 15:21:00+00:00,2024-12-03 15:34:00+00:00,short,21188.5,21188.25,21188.0,21203.0,21163.0,21138.0,21113.0,21088.0,70.5322033898305,near_trigger,-58.5322033898305,15.0,False,False,False,False,True,stop,21203.0,21203.25,-15.25,0.0,-15.25,-1.0166666666666666,19.5,15.75,1.3,1.05,14,13.0,0,2024-12-03,2.368064952638701,0.4986301369863013,0.6569435637285986,partial_bullish,2.4489162339128474,2.416083088532168,bearish,bearish,False,True,True,False
403,417945,417946,417995,2024-12-05 15:00:00+00:00,2024-12-05 15:01:00+00:00,2024-12-05 15:50:00+00:00,long,21512.75,21513.25,21513.5,21498.5,21538.5,21563.5,21588.5,21613.5,70.68968573015451,near_trigger,70.68968573015451,15.0,False,False,False,False,True,stop,21498.5,21498.25,-15.25,0.0,-15.25,-1.0166666666666666,24.0,26.0,1.6,1.7333333333333334,50,49.0,0,2024-12-05,0.5255972696245734,1.967479674796748,0.5026399155227033,partial_bearish,1.601084681816842,0.9388989715668482,bullish,bullish,True,False,False,False
404,419297,419298,419300,2024-12-06 14:32:00+00:00,2024-12-06 14:33:00+00:00,2024-12-06 14:35:00+00:00,short,21518.5,21518.25,21518.0,21533.0,21493.0,21468.0,21443.0,21418.0,73.0,near_trigger,-69.70523814436261,15.0,False,False,False,False,True,stop,21533.0,21533.25,-15.25,0.0,-15.25,-1.0166666666666666,4.75,16.0,0.31666666666666665,1.0666666666666667,3,2.0,0,2024-12-06,1.022354694485842,0.5165257494235204,0.6142384105960265,partial_bullish,3.036079761417461,0.7001975711559598,bearish,bearish,True,True,True,True
405,419301,419302,419304,2024-12-06 14:36:00+00:00,2024-12-06 14:37:00+00:00,2024-12-06 14:39:00+00:00,short,21522.5,21522.5,21522.25,21537.25,21497.25,21472.25,21447.25,21422.25,78.31694719161867,near_trigger,-78.31694719161867,15.0,False,False,False,False,True,stop,21537.25,21537.5,-15.25,0.0,-15.25,-1.0166666666666666,5.75,17.75,0.38333333333333336,1.1833333333333333,3,2.0,0,2024-12-06,0.6953020134228188,0.6040361864996521,0.6142384105960265,strong_bullish,1.5881641388294407,0.7203450633488364,bearish,bearish,True,True,True,False
406,420677,420678,420694,2024-12-09 14:32:00+00:00,2024-12-09 14:33:00+00:00,2024-12-09 14:49:00+00:00,short,21629.75,21630.75,21630.5,21645.5,21605.5,21580.5,21555.5,21530.5,73.0,near_trigger,-50.999914107744615,15.0,True,False,False,False,True,stop,21645.5,21645.75,-15.25,0.0,-15.25,-1.0166666666666666,43.0,17.0,2.8666666666666667,1.1333333333333333,17,16.0,1,2024-12-09,0.4361370716510904,0.4460176991150443,0.09107806691449814,partial_bullish,4.659022691799736,1.056960947873753,bearish,bearish,True,True,True,False
407,422079,422080,422139,2024-12-10 14:54:00+00:00,2024-12-10 14:55:00+00:00,2024-12-10 15:54:00+00:00,long,21526.5,21526.25,21526.5,21511.5,21551.5,21576.5,21601.5,21626.5,70.0,near_trigger,58.05552204009753,15.0,True,True,True,False,False,max_holding_time,21524.0,21523.75,-2.75,0.0,-2.75,-0.18333333333333332,80.25,14.5,5.35,0.9666666666666667,60,59.0,3,2024-12-10,3.555263157894737,3.127837514934289,3.230769230769231,partial_bullish,0.7879352981716463,1.0777779010059112,bullish,bullish,True,False,False,False
408,423440,423441,423443,2024-12-11 14:35:00+00:00,2024-12-11 14:36:00+00:00,2024-12-11 14:38:00+00:00,long,21619.25,21618.75,21619.0,21604.0,21644.0,21669.0,21694.0,21719.0,80.84278418491706,high_probability,52.842784184917065,15.0,False,False,False,False,True,stop,21604.0,21603.75,-15.25,0.0,-15.25,-1.0166666666666666,4.5,24.5,0.3,1.6333333333333333,3,2.0,0,2024-12-11,3.7318952234206475,1.456910569105691,6.012539184952979,strong_bullish,2.047339816933638,0.9244355470168952,bullish,bullish,False,True,True,False
409,423449,423450,423509,2024-12-11 14:44:00+00:00,2024-12-11 14:45:00+00:00,2024-12-11 15:44:00+00:00,long,21636.25,21636.25,21636.5,21621.5,21661.5,21686.5,21711.5,21736.5,72.55397528546683,near_trigger,42.553975285466834,15.0,True,True,True,False,False,max_holding_time,21717.0,21716.75,80.25,0.0,80.25,5.35,99.75,3.25,6.65,0.21666666666666667,60,59.0,3,2024-12-11,1.893569844789357,1.3978159126365055,6.012539184952979,strong_bullish,1.1880323214675694,1.4230677764565993,bullish,bullish,False,True,True,False
410,424855,424856,424863,2024-12-12 15:10:00+00:00,2024-12-12 15:11:00+00:00,2024-12-12 15:18:00+00:00,short,21642.25,21642.75,21642.5,21657.5,21617.5,21592.5,21567.5,21542.5,70.76083550913839,near_trigger,-44.76083550913839,15.0,False,False,False,False,True,stop,21657.5,21657.75,-15.25,0.0,-15.25,-1.0166666666666666,17.75,27.5,1.1833333333333333,1.8333333333333333,8,7.0,0,2024-12-12,2.7963446475195823,1.4522821576763485,0.17475728155339806,strong_bearish,2.253165860187378,1.5724100767883604,bearish,bearish,False,True,True,False
411,426195,426196,426214,2024-12-13 14:30:00+00:00,2024-12-13 14:31:00+00:00,2024-12-13 14:49:00+00:00,long,21806.75,21805.75,21806.0,21791.0,21831.0,21856.0,21881.0,21906.0,83.92611782921595,high_probability,71.92611782921595,15.0,True,True,True,True,False,tp4,21906.0,21905.75,99.75,0.0,99.75,6.65,102.0,10.0,6.8,0.6666666666666666,19,18.0,4,2024-12-13,2.4358523725834798,0.4840940525587828,2.237762237762238,partial_bearish,6.710493585871149,1.079110379665821,bullish,bullish,True,True,True,False
412,426221,426222,426229,2024-12-13 14:56:00+00:00,2024-12-13 14:57:00+00:00,2024-12-13 15:04:00+00:00,long,21875.5,21876.25,21876.5,21861.5,21901.5,21926.5,21951.5,21976.5,70.0,near_trigger,31.49039365849567,15.0,False,False,False,False,True,stop,21861.5,21861.25,-15.25,0.0,-15.25,-1.0166666666666666,21.0,17.75,1.4,1.1833333333333333,8,7.0,0,2024-12-13,1.3268529769137303,3.5238095238095237,2.1087435709037474,partial_bullish,0.4735518957467549,0.6327551929800507,bullish,bullish,True,False,False,False
413,427582,427583,427637,2024-12-16 14:37:00+00:00,2024-12-16 14:38:00+00:00,2024-12-16 15:32:00+00:00,long,21910.0,21910.5,21910.75,21895.75,21935.75,21960.75,21985.75,22010.75,70.08485594864905,near_trigger,50.08485594864905,15.0,True,True,True,True,False,tp4,22010.75,22010.5,99.75,0.0,99.75,6.65,102.0,13.75,6.8,0.9166666666666666,55,54.0,4,2024-12-16,0.8923719958202716,1.9429312581063554,0.7631318136769079,partial_bullish,1.1360579410243146,0.40178571428571425,bullish,bullish,True,True,True,True
414,430336,430337,430338,2024-12-18 14:31:00+00:00,2024-12-18 14:32:00+00:00,2024-12-18 14:33:00+00:00,short,22244.75,22244.75,22244.5,22259.5,22219.5,22194.5,22169.5,22144.5,71.7092137276352,near_trigger,-45.7092137276352,15.0,False,False,False,False,True,stop,22259.5,22259.75,-15.25,0.0,-15.25,-1.0166666666666666,0.5,20.5,0.03333333333333333,1.3666666666666667,2,1.0,0,2024-12-18,3.2527472527472527,0.35559736594543745,3.7964169381107493,strong_bearish,7.437893666131998,1.1365171595440062,bearish,bearish,True,True,False,False
415,430339,430340,430344,2024-12-18 14:34:00+00:00,2024-12-18 14:35:00+00:00,2024-12-18 14:39:00+00:00,short,22231.0,22231.5,22231.25,22246.25,22206.25,22181.25,22156.25,22131.25,71.80992422080598,near_trigger,-53.80992422080598,15.0,False,False,False,False,True,stop,22246.25,22246.5,-15.25,0.0,-15.25,-1.0166666666666666,20.0,22.75,1.3333333333333333,1.5166666666666666,5,4.0,0,2024-12-18,3.3997509339975096,0.35559736594543745,3.7964169381107493,strong_bearish,3.658794339275868,1.2624052760074829,bearish,bearish,True,True,False,False
416,431723,431724,431726,2024-12-19 14:38:00+00:00,2024-12-19 14:39:00+00:00,2024-12-19 14:41:00+00:00,long,21607.75,21607.75,21608.0,21593.0,21633.0,21658.0,21683.0,21708.0,72.79694563225412,near_trigger,50.79694563225412,15.0,False,False,False,False,True,stop,21593.0,21592.75,-15.25,0.0,-15.25,-1.0166666666666666,34.5,26.5,2.3,1.7666666666666666,3,2.0,0,2024-12-19,2.7025045815516187,0.7008871989860583,0.02877697841726619,partial_bullish,2.200916757059379,1.7953475096332239,bullish,bullish,True,True,False,False
417,431740,431741,431744,2024-12-19 14:55:00+00:00,2024-12-19 14:56:00+00:00,2024-12-19 14:59:00+00:00,long,21581.0,21581.0,21581.25,21566.25,21606.25,21631.25,21656.25,21681.25,71.43061825318941,near_trigger,71.43061825318941,15.0,False,False,False,False,True,stop,21566.25,21566.0,-15.25,0.0,-15.25,-1.0166666666666666,21.5,18.0,1.4333333333333333,1.2,4,3.0,0,2024-12-19,0.6594700686947987,2.5725774024929633,1.7868576242628473,strong_bearish,1.0813359740242243,1.8612093454693026,bullish,bullish,True,False,False,False
418,431758,431759,431759,2024-12-19 15:13:00+00:00,2024-12-19 15:14:00+00:00,2024-12-19 15:14:00+00:00,long,21637.25,21636.75,21637.0,21622.0,21662.0,21687.0,21712.0,21737.0,73.48809272918862,near_trigger,47.48809272918862,15.0,False,False,False,False,True,stop,21622.0,21621.75,-15.25,0.0,-15.25,-1.0166666666666666,0.0,17.0,0.0,1.1333333333333333,1,0.0,0,2024-12-19,3.0094836670179133,0.6387832699619772,1.2203516647961092,partial_bearish,1.2627413042522317,1.9001614568169185,bullish,bullish,True,True,False,False
419,433098,433099,433099,2024-12-20 14:33:00+00:00,2024-12-20 14:34:00+00:00,2024-12-20 14:34:00+00:00,short,21193.75,21193.5,21193.25,21208.25,21168.25,21143.25,21118.25,21093.25,81.87119889423039,high_probability,-63.87119889423039,15.0,False,False,False,False,True,stop,21208.25,21208.5,-15.25,0.0,-15.25,-1.0166666666666666,5.25,20.5,0.35,1.3666666666666667,1,0.0,0,2024-12-20,0.8115942028985507,0.21960784313725493,2.5043541364296082,partial_bullish,1.8946265049716842,1.0271912861596748,bearish,bearish,True,True,True,False
420,433100,433101,433101,2024-12-20 14:35:00+00:00,2024-12-20 14:36:00+00:00,2024-12-20 14:36:00+00:00,short,21205.0,21205.25,21205.0,21220.0,21180.0,21155.0,21130.0,21105.0,76.46330479876075,near_trigger,-58.463304798760745,15.0,False,False,False,False,True,stop,21220.0,21220.25,-15.25,0.0,-15.25,-1.0166666666666666,11.75,17.75,0.7833333333333333,1.1833333333333333,1,0.0,0,2024-12-20,0.1344,0.17001675041876047,2.5043541364296082,partial_bearish,1.5058817518807557,1.009806860519892,bearish,bearish,True,True,True,False
421,433105,433106,433115,2024-12-20 14:40:00+00:00,2024-12-20 14:41:00+00:00,2024-12-20 14:50:00+00:00,short,21285.5,21285.5,21285.25,21300.25,21260.25,21235.25,21210.25,21185.25,85.9820558526441,high_probability,-74.9820558526441,15.0,True,True,True,True,False,tp4,21185.25,21185.5,99.75,0.0,99.75,6.65,125.0,11.25,8.333333333333334,0.75,10,9.0,4,2024-12-20,2.678550207961973,1.7860498735092158,2.5043541364296082,strong_bullish,1.7027738408584734,1.7615416107318653,bearish,bearish,True,True,True,False
422,433140,433141,433146,2024-12-20 15:15:00+00:00,2024-12-20 15:16:00+00:00,2024-12-20 15:21:00+00:00,short,21343.75,21343.5,21343.25,21358.25,21318.25,21293.25,21268.25,21243.25,76.0,near_trigger,-41.027286821705424,15.0,False,False,False,False,True,stop,21358.25,21358.5,-15.25,0.0,-15.25,-1.0166666666666666,19.25,15.75,1.2833333333333334,1.05,6,5.0,0,2024-12-20,2.8333333333333335,2.3450103032087135,1.8005727675084615,strong_bullish,1.0446238777846126,1.7012427085975146,bearish,bearish,True,True,False,False
423,434475,434476,434476,2024-12-23 14:30:00+00:00,2024-12-23 14:31:00+00:00,2024-12-23 14:31:00+00:00,long,21654.25,21654.25,21654.5,21639.5,21679.5,21704.5,21729.5,21754.5,70.12611012433392,near_trigger,52.12611012433392,15.0,False,False,False,False,True,stop,21639.5,21639.25,-15.25,0.0,-15.25,-1.0166666666666666,3.0,37.0,0.2,2.466666666666667,1,0.0,0,2024-12-23,4.508474576271187,0.7512626262626263,0.725925925925926,partial_bullish,10.768833582898745,1.1576376554174068,bullish,bullish,False,True,True,True
424,434510,434511,434511,2024-12-23 15:05:00+00:00,2024-12-23 15:06:00+00:00,2024-12-23 15:06:00+00:00,long,21588.75,21589.25,21589.5,21574.5,21614.5,21639.5,21664.5,21689.5,70.74242068155111,near_trigger,70.74242068155111,15.0,False,False,False,False,True,stop,21574.5,21574.25,-15.25,0.0,-15.25,-1.0166666666666666,6.5,38.25,0.43333333333333335,2.55,1,0.0,0,2024-12-23,0.773207990599295,1.646404449741756,1.2866640594446617,partial_bearish,1.1947125280153685,1.5918869833375995,bullish,bullish,True,False,False,False
425,434512,434513,434513,2024-12-23 15:07:00+00:00,2024-12-23 15:08:00+00:00,2024-12-23 15:08:00+00:00,long,21573.75,21574.25,21574.5,21559.5,21599.5,21624.5,21649.5,21674.5,71.52905368013282,near_trigger,63.52905368013282,15.0,False,False,False,False,True,stop,21559.5,21559.25,-15.25,0.0,-15.25,-1.0166666666666666,2.0,42.5,0.13333333333333333,2.8333333333333335,1,0.0,0,2024-12-23,0.30990592141671275,1.646404449741756,1.2866640594446617,partial_bearish,1.4156181123231872,1.864116191922408,bullish,bullish,True,False,False,False
426,434515,434516,434528,2024-12-23 15:10:00+00:00,2024-12-23 15:11:00+00:00,2024-12-23 15:23:00+00:00,long,21484.0,21484.5,21484.75,21469.75,21509.75,21534.75,21559.75,21584.75,76.0,near_trigger,67.65066242713301,15.0,True,True,True,True,False,tp4,21584.75,21584.5,99.75,0.0,99.75,6.65,101.75,8.75,6.783333333333333,0.5833333333333334,13,12.0,4,2024-12-23,3.1086380498145205,2.0389329488103822,1.2866640594446617,partial_bearish,1.7655204042934127,1.9549782704233605,bullish,bullish,True,False,False,False
427,438392,438393,438399,2024-12-27 14:32:00+00:00,2024-12-27 14:33:00+00:00,2024-12-27 14:39:00+00:00,short,21814.75,21814.25,21814.0,21829.0,21789.0,21764.0,21739.0,21714.0,78.26734533983272,near_trigger,-50.267345339832715,15.0,True,True,True,True,False,tp4,21714.0,21714.25,99.75,0.0,99.75,6.65,104.0,9.5,6.933333333333334,0.6333333333333333,7,6.0,4,2024-12-27,3.31054131054131,1.75,4.120524017467249,strong_bearish,4.1863534380361624,1.1027903516274153,bearish,bearish,False,True,True,False
428,438420,438421,438432,2024-12-27 15:00:00+00:00,2024-12-27 15:01:00+00:00,2024-12-27 15:12:00+00:00,short,21655.0,21655.25,21655.0,21670.0,21630.0,21605.0,21580.0,21555.0,80.4,high_probability,-46.400000000000006,15.0,True,True,True,True,False,tp4,21555.0,21555.25,99.75,0.0,99.75,6.65,102.5,6.75,6.833333333333333,0.45,12,11.0,4,2024-12-27,1.7937831690674755,2.138888888888889,5.829931972789115,strong_bearish,1.9973553190922888,2.093484023998884,bearish,bearish,False,True,True,False
429,438436,438437,438442,2024-12-27 15:16:00+00:00,2024-12-27 15:17:00+00:00,2024-12-27 15:22:00+00:00,short,21547.75,21548.25,21548.0,21563.0,21523.0,21498.0,21473.0,21448.0,76.48891495601173,near_trigger,-48.488914956011726,15.0,True,False,False,False,True,stop,21563.0,21563.25,-15.25,0.0,-15.25,-1.0166666666666666,35.25,34.5,2.35,2.3,6,5.0,1,2024-12-27,0.656891495601173,3.0948957584471604,6.686646433990895,strong_bearish,0.9172499349087957,1.8120754602804798,bearish,bearish,False,True,True,False
430,438443,438444,438461,2024-12-27 15:23:00+00:00,2024-12-27 15:24:00+00:00,2024-12-27 15:41:00+00:00,short,21577.25,21577.75,21577.5,21592.5,21552.5,21527.5,21502.5,21477.5,92.88997429305913,a_plus_plus,-92.88997429305913,15.0,True,True,False,False,True,stop,21592.5,21592.75,-15.25,0.0,-15.25,-1.0166666666666666,72.5,18.0,4.833333333333333,1.2,18,17.0,2,2024-12-27,1.8714652956298201,3.390260173448966,6.686646433990895,partial_bearish,1.5474352908325124,2.777236406158644,bearish,bearish,True,True,True,False
431,441166,441167,441170,2024-12-31 14:46:00+00:00,2024-12-31 14:47:00+00:00,2024-12-31 14:50:00+00:00,long,21437.25,21437.5,21437.75,21422.75,21462.75,21487.75,21512.75,21537.75,77.99086096452622,near_trigger,61.99086096452622,15.0,False,False,False,False,True,stop,21422.75,21422.5,-15.25,0.0,-15.25,-1.0166666666666666,16.0,35.75,1.0666666666666667,2.3833333333333333,4,3.0,0,2024-12-31,1.55837870538415,2.6072526121696376,2.0985772357723573,partial_bearish,1.3401041763904187,1.4359446267104103,bullish,bullish,True,True,False,False
432,441194,441195,441196,2024-12-31 15:14:00+00:00,2024-12-31 15:15:00+00:00,2024-12-31 15:16:00+00:00,long,21384.0,21383.75,21384.0,21369.0,21409.0,21434.0,21459.0,21484.0,71.12026484159956,near_trigger,33.120264841599564,15.0,False,False,False,False,True,stop,21369.0,21368.75,-15.25,0.0,-15.25,-1.0166666666666666,11.75,17.25,0.7833333333333333,1.15,2,1.0,0,2024-12-31,1.2503259452411994,1.111467522052927,1.39020979020979,partial_bearish,0.9482256551996446,1.333666541713524,neutral,bullish,True,False,True,False
