trade_id,signal_index,entry_index,exit_index,signal_time,entry_time,exit_time,direction,signal_close,entry_price_raw,entry_price,stop_price,tp1,tp2,tp3,tp4,raw_score,score_band,score_edge,stop_distance_points,tp1_hit,tp2_hit,tp3_hit,tp4_hit,stop_hit,exit_reason,exit_price_raw,exit_price,gross_result_points,commission_cost,net_result_points,net_result_r,mfe_points,mae_points,mfe_r,mae_r,bars_held,minutes_held,maximum_target_reached,session_date,snr_1m,snr_5m,snr_15m,snr_alignment,rvol_rolling,rvol_time_of_day,htf_bias,dol_direction,liquidity_sweep,displacement,structure_shift,fvg_context
1,972,973,974,2022-10-03 14:12:00+00:00,2022-10-03 14:13:00+00:00,2022-10-03 14:14:00+00:00,long,11157.75,11158.25,11158.5,11149.25,11183.5,11208.5,11233.5,11258.5,72.0,near_trigger,72.0,9.25,False,False,False,False,True,stop,11149.25,11149.0,-9.5,0.0,-9.5,-1.027027027027027,8.25,14.5,0.8918918918918919,1.5675675675675675,2,1.0,0,2022-10-03,0.8114186851211073,2.5643919958953307,0.08934707903780069,partial_bearish,0.6277917557996475,,bullish,bullish,True,False,True,False
2,3691,3692,3693,2022-10-05 13:31:00+00:00,2022-10-05 13:32:00+00:00,2022-10-05 13:33:00+00:00,short,11502.5,11502.75,11502.5,11527.5,11477.5,11452.5,11427.5,11402.5,88.0,high_probability,-34.85664488017429,25.0,False,False,False,False,True,stop,11527.5,11527.75,-25.25,0.0,-25.25,-1.01,0.75,36.5,0.03,1.46,2,1.0,0,2022-10-05,2.440087145969499,2.15625,2.32468495181616,partial_bearish,4.131540697674419,,bearish,bearish,True,False,True,False
3,3694,3695,3725,2022-10-05 13:34:00+00:00,2022-10-05 13:35:00+00:00,2022-10-05 14:05:00+00:00,short,11528.25,11527.75,11527.5,11552.5,11502.5,11477.5,11452.5,11427.5,76.14916286149163,near_trigger,-32.14916286149163,25.0,True,True,True,True,False,tp4,11427.5,11427.75,99.75,0.0,99.75,3.99,102.5,3.75,4.1,0.15,31,30.0,4,2022-10-05,4.027397260273973,2.15625,2.32468495181616,partial_bearish,1.8684258251722887,,bearish,bearish,False,False,True,False
4,3735,3736,3795,2022-10-05 14:15:00+00:00,2022-10-05 14:16:00+00:00,2022-10-05 15:15:00+00:00,short,11417.5,11417.5,11417.25,11457.25,11392.25,11367.25,11342.25,11317.25,77.4974358974359,near_trigger,-65.4974358974359,40.0,True,False,False,False,False,max_holding_time,11412.25,11412.5,4.75,0.0,4.75,0.11875,49.25,3.75,1.23125,0.09375,60,59.0,1,2022-10-05,0.7076923076923077,1.965426925091671,2.339368856699431,strong_bearish,1.277489049769648,,bearish,bearish,True,True,True,False
5,5071,5072,5101,2022-10-06 13:31:00+00:00,2022-10-06 13:32:00+00:00,2022-10-06 14:01:00+00:00,long,11626.5,11627.0,11627.25,11573.75,11652.25,11677.25,11702.25,11727.25,71.0,near_trigger,38.0,53.5,True,True,True,False,True,stop,11573.75,11573.5,-53.75,0.0,-53.75,-1.0046728971962617,94.5,58.75,1.766355140186916,1.0981308411214954,30,29.0,3,2022-10-06,4.176666666666667,0.12698412698412698,0.32597014925373136,partial_bullish,6.009862627685805,,bullish,neutral,True,True,True,True
6,6457,6458,6478,2022-10-07 13:37:00+00:00,2022-10-07 13:38:00+00:00,2022-10-07 13:58:00+00:00,short,11323.0,11323.0,11322.75,11352.5,11297.75,11272.75,11247.75,11222.75,83.95639373319514,high_probability,-65.95639373319514,29.75,True,True,True,True,False,tp4,11222.75,11223.0,99.75,0.0,99.75,3.3529411764705883,103.5,27.5,3.4789915966386555,0.9243697478991597,21,20.0,4,2022-10-07,1.0456942003514937,0.2096505823627288,3.6007999999999996,partial_bearish,1.8307210031347962,,bearish,bearish,True,True,True,False
7,6481,6482,6487,2022-10-07 14:01:00+00:00,2022-10-07 14:02:00+00:00,2022-10-07 14:07:00+00:00,short,11213.0,11212.5,11212.25,11237.25,11187.25,11162.25,11137.25,11112.25,72.84455739093605,near_trigger,-64.84455739093605,25.0,False,False,False,False,True,stop,11237.25,11237.5,-25.25,0.0,-25.25,-1.01,7.75,27.75,0.31,1.11,6,5.0,0,2022-10-07,1.7433290978398983,2.8523622047244097,2.5695006747638325,strong_bearish,0.9676358064728388,,bearish,bearish,False,False,True,False
8,6508,6509,6536,2022-10-07 14:28:00+00:00,2022-10-07 14:29:00+00:00,2022-10-07 14:56:00+00:00,short,11243.0,11243.0,11242.75,11262.0,11217.75,11192.75,11167.75,11142.75,80.0199355027851,high_probability,-70.0199355027851,19.25,True,False,False,False,True,stop,11262.0,11262.25,-19.5,0.0,-19.5,-1.0129870129870129,34.5,19.25,1.7922077922077921,1.0,28,27.0,1,2022-10-07,2.3271767810026383,0.8592057761732852,2.233072916666667,partial_bearish,0.959546880639698,,bearish,bearish,True,True,True,False
9,7836,7837,7855,2022-10-10 13:36:00+00:00,2022-10-10 13:37:00+00:00,2022-10-10 13:55:00+00:00,long,11028.0,11028.0,11028.25,11003.25,11053.25,11078.25,11103.25,11128.25,76.0,near_trigger,33.72417157958935,25.0,True,False,False,False,True,stop,11003.25,11003.0,-25.25,0.0,-25.25,-1.01,48.75,25.25,1.95,1.01,19,18.0,1,2022-10-10,5.28,2.687813021702838,2.096960926193922,partial_bearish,3.14868804664723,1.3447855255133156,bullish,bullish,True,True,False,False
10,9253,9254,9273,2022-10-11 14:13:00+00:00,2022-10-11 14:14:00+00:00,2022-10-11 14:33:00+00:00,short,10831.25,10831.0,10830.75,10855.75,10805.75,10780.75,10755.75,10730.75,76.0,near_trigger,-31.797026022304834,25.0,False,False,False,False,True,stop,10855.75,10856.0,-25.25,0.0,-25.25,-1.01,22.0,33.75,0.88,1.35,20,19.0,0,2022-10-11,1.1623296158612144,2.4968152866242037,3.9368088467614535,partial_bearish,1.1350781109714492,1.5858464433178279,bearish,bearish,True,False,False,True
11,10591,10592,10595,2022-10-12 13:31:00+00:00,2022-10-12 13:32:00+00:00,2022-10-12 13:35:00+00:00,short,10822.5,10822.25,10822.0,10876.25,10797.0,10772.0,10747.0,10722.0,75.26413599035203,near_trigger,-29.26413599035203,54.25,False,False,False,False,True,stop,10876.25,10876.5,-54.5,0.0,-54.5,-1.0046082949308757,16.25,63.75,0.2995391705069124,1.1751152073732718,4,3.0,0,2022-10-12,2.8119658119658117,0.11800120409391933,2.482039397450753,strong_bearish,6.010289293170295,1.0801699879400448,neutral,bearish,True,True,True,False
12,10598,10599,10604,2022-10-12 13:38:00+00:00,2022-10-12 13:39:00+00:00,2022-10-12 13:44:00+00:00,short,10905.0,10904.75,10904.5,10929.5,10879.5,10854.5,10829.5,10804.5,72.27135676071728,near_trigger,-30.271356760717282,25.0,True,False,False,False,True,stop,10929.5,10929.75,-25.25,0.0,-25.25,-1.01,32.0,27.5,1.28,1.1,6,5.0,1,2022-10-12,4.026600166251039,0.5111716621253406,2.482039397450753,partial_bearish,1.6869117105747489,1.2826136623257938,neutral,bearish,True,True,True,False
13,11970,11971,11986,2022-10-13 13:30:00+00:00,2022-10-13 13:31:00+00:00,2022-10-13 13:46:00+00:00,short,10535.25,10535.0,10534.75,10559.75,10509.75,10484.75,10459.75,10434.75,70.0,near_trigger,-48.09906542056075,25.0,True,True,False,False,True,stop,10559.75,10560.0,-25.25,0.0,-25.25,-1.01,50.25,27.0,2.01,1.08,16,15.0,2,2022-10-13,0.7032710280373832,0.18196588139723802,6.464027737648078,partial_bearish,7.868448539061035,1.680201303900263,bearish,bearish,True,False,True,False
14,13353,13354,13354,2022-10-14 13:33:00+00:00,2022-10-14 13:34:00+00:00,2022-10-14 13:34:00+00:00,long,11134.0,11134.5,11134.75,11109.75,11159.75,11184.75,11209.75,11234.75,76.0,near_trigger,22.11904398522634,25.0,False,False,False,False,True,stop,11109.75,11109.5,-25.25,0.0,-25.25,-1.01,0.25,29.75,0.01,1.19,1,0.0,0,2022-10-14,2.4660550458715593,1.090818858560794,2.4580514208389714,partial_bearish,3.3424508588029425,1.3511950184670798,bullish,bullish,True,False,False,False
15,13356,13357,13364,2022-10-14 13:36:00+00:00,2022-10-14 13:37:00+00:00,2022-10-14 13:44:00+00:00,long,11131.5,11131.75,11132.0,11107.0,11157.0,11182.0,11207.0,11232.0,81.84164766264003,high_probability,49.84164766264003,25.0,True,True,False,False,True,stop,11107.0,11106.75,-25.25,0.0,-25.25,-1.01,69.25,32.75,2.77,1.31,8,7.0,2,2022-10-14,1.5726872246696035,2.230406852248394,2.4580514208389714,partial_bearish,1.7764727902297506,1.1345441867414872,bullish,bullish,True,False,False,False
16,13383,13384,13391,2022-10-14 14:03:00+00:00,2022-10-14 14:04:00+00:00,2022-10-14 14:11:00+00:00,long,10992.75,10992.75,10993.0,10954.25,11018.0,11043.0,11068.0,11093.0,73.27626896889323,near_trigger,73.27626896889323,38.75,True,False,False,False,True,stop,10954.25,10954.0,-39.0,0.0,-39.0,-1.0064516129032257,35.0,66.5,0.9032258064516129,1.7161290322580645,8,7.0,1,2022-10-14,1.5690890481064481,1.439207650273224,1.0837004405286343,strong_bearish,1.4880067455122372,2.161314966457373,bullish,bullish,True,False,False,False
17,13408,13409,13410,2022-10-14 14:28:00+00:00,2022-10-14 14:29:00+00:00,2022-10-14 14:30:00+00:00,long,10936.75,10936.75,10937.0,10912.0,10962.0,10987.0,11012.0,11037.0,70.0,near_trigger,12.0,25.0,False,False,False,False,True,stop,10912.0,10911.75,-25.25,0.0,-25.25,-1.01,1.0,26.75,0.04,1.07,2,1.0,0,2022-10-14,1.862255232950709,2.6517231717567946,4.720262510254306,partial_bearish,1.566646880690564,2.2544155969501016,bullish,bearish,False,True,True,False
18,14757,14758,14811,2022-10-17 13:57:00+00:00,2022-10-17 13:58:00+00:00,2022-10-17 14:51:00+00:00,long,11071.25,11071.0,11071.25,11050.75,11096.25,11121.25,11146.25,11171.25,75.29398911669611,near_trigger,58.29398911669611,20.5,True,True,False,False,True,stop,11050.75,11050.5,-20.75,0.0,-20.75,-1.0121951219512195,61.75,20.75,3.0121951219512195,1.0121951219512195,54,53.0,2,2022-10-17,0.9551656920077972,3.1345911949685537,5.282488710486703,partial_bullish,1.0345591084377364,1.3090068637064016,bullish,bullish,True,False,False,False
19,16156,16157,16163,2022-10-18 14:16:00+00:00,2022-10-18 14:17:00+00:00,2022-10-18 14:23:00+00:00,long,11303.5,11303.25,11303.5,11300.25,11328.5,11353.5,11378.5,11403.5,72.0,near_trigger,67.02406409007253,3.25,True,False,False,False,True,stop,11300.25,11300.0,-3.5,0.0,-3.5,-1.0769230769230769,26.0,8.25,8.0,2.5384615384615383,7,6.0,1,2022-10-18,2.0558428128231645,0.8998393144081414,1.4801762114537445,strong_bearish,1.3271664917667483,1.219919887409332,bullish,bullish,True,True,True,False
20,18870,18871,18876,2022-10-20 13:30:00+00:00,2022-10-20 13:31:00+00:00,2022-10-20 13:36:00+00:00,long,11133.5,11134.25,11134.5,11100.75,11159.5,11184.5,11209.5,11234.5,83.46428599214222,high_probability,71.46428599214222,33.75,True,False,False,False,True,stop,11100.75,11100.5,-34.0,0.0,-34.0,-1.0074074074074073,26.75,35.75,0.7925925925925926,1.0592592592592593,6,5.0,1,2022-10-20,1.775609756097561,0.5103757711721817,0.8743126472898665,partial_bullish,8.950667756881984,0.8303574901777727,bullish,bullish,True,True,True,False
21,18884,18885,18905,2022-10-20 13:44:00+00:00,2022-10-20 13:45:00+00:00,2022-10-20 14:05:00+00:00,long,11162.5,11162.75,11163.0,11089.5,11188.0,11213.0,11238.0,11263.0,76.8035854804099,near_trigger,56.80358548040989,73.5,True,True,True,True,False,tp4,11263.0,11262.75,99.75,0.0,99.75,1.3571428571428572,100.75,8.25,1.370748299319728,0.11224489795918367,21,20.0,4,2022-10-20,1.8928348909657322,0.1645375574859479,0.8743126472898665,partial_bearish,1.37367719306675,1.0052606667117452,bullish,bullish,True,True,True,True
22,18919,18920,18931,2022-10-20 14:19:00+00:00,2022-10-20 14:20:00+00:00,2022-10-20 14:31:00+00:00,long,11311.5,11311.5,11311.75,11286.75,11336.75,11361.75,11386.75,11411.75,81.4540782122905,high_probability,67.4540782122905,25.0,False,False,False,False,True,stop,11286.75,11286.5,-25.25,0.0,-25.25,-1.01,17.25,35.0,0.69,1.4,12,11.0,0,2022-10-20,3.018994413407821,1.8821852731591449,3.1894803548795947,strong_bullish,1.8775291513331358,1.7905624857775295,bullish,bullish,False,True,True,False
23,20280,20281,20304,2022-10-21 14:00:00+00:00,2022-10-21 14:01:00+00:00,2022-10-21 14:24:00+00:00,long,11161.25,11160.75,11161.0,11136.0,11186.0,11211.0,11236.0,11261.0,70.17974329331722,near_trigger,48.179743293317216,25.0,True,True,False,False,True,stop,11136.0,11135.75,-25.25,0.0,-25.25,-1.01,63.0,30.5,2.52,1.22,24,23.0,2,2022-10-21,1.6915604128718884,1.9649122807017543,4.056171470805618,strong_bullish,1.2746103281906986,1.0321168822810067,bullish,bullish,False,False,True,False
24,23020,23021,23030,2022-10-25 13:40:00+00:00,2022-10-25 13:41:00+00:00,2022-10-25 13:50:00+00:00,long,11541.0,11541.5,11541.75,11520.0,11566.75,11591.75,11616.75,11641.75,70.34220987160593,near_trigger,70.34220987160593,21.75,True,True,True,True,False,tp4,11641.75,11641.5,99.75,0.0,99.75,4.586206896551724,101.0,1.0,4.64367816091954,0.04597701149425287,10,9.0,4,2022-10-25,0.30078125,1.2213039485766757,2.333333333333333,partial_bullish,1.5280272530195107,0.7363560895074107,bullish,bullish,True,True,False,False
25,23063,23064,23077,2022-10-25 14:23:00+00:00,2022-10-25 14:24:00+00:00,2022-10-25 14:37:00+00:00,long,11629.75,11630.75,11631.0,11617.75,11656.0,11681.0,11706.0,11731.0,76.64755530773527,near_trigger,69.64755530773527,13.25,True,False,False,False,True,stop,11617.75,11617.5,-13.5,0.0,-13.5,-1.0188679245283019,25.0,22.25,1.8867924528301887,1.679245283018868,14,13.0,1,2022-10-25,0.2641509433962264,0.2835820895522388,4.976744186046512,partial_bearish,0.8373015228096407,0.6968872055864599,bullish,bullish,True,True,True,False
26,24445,24446,24463,2022-10-26 14:25:00+00:00,2022-10-26 14:26:00+00:00,2022-10-26 14:43:00+00:00,long,11533.25,11532.75,11533.0,11520.75,11558.0,11583.0,11608.0,11633.0,76.5583304941521,near_trigger,65.5583304941521,12.25,True,True,True,True,False,tp4,11633.0,11632.75,99.75,0.0,99.75,8.142857142857142,101.75,1.0,8.306122448979592,0.08163265306122448,18,17.0,4,2022-10-26,1.2394366197183098,0.9601891998423334,1.064516129032258,partial_bullish,0.6124009453635478,0.7155187514929532,bullish,bullish,True,False,True,False
27,25771,25772,25772,2022-10-27 13:31:00+00:00,2022-10-27 13:32:00+00:00,2022-10-27 13:32:00+00:00,short,11437.0,11438.0,11437.75,11462.75,11412.75,11387.75,11362.75,11337.75,70.28433178781798,near_trigger,-36.284331787817976,25.0,False,False,False,False,True,stop,11462.75,11463.0,-25.25,0.0,-25.25,-1.01,11.0,26.75,0.44,1.07,1,0.0,0,2022-10-27,1.096774193548387,0.9910195456946644,0.7044967880085654,partial_bullish,3.209090909090909,0.9521889283208567,bearish,bearish,False,False,True,False
28,25789,25790,25805,2022-10-27 13:49:00+00:00,2022-10-27 13:50:00+00:00,2022-10-27 14:05:00+00:00,short,11324.5,11324.75,11324.5,11349.5,11299.5,11274.5,11249.5,11224.5,72.0,near_trigger,-60.0,25.0,True,True,False,False,True,stop,11349.5,11349.75,-25.25,0.0,-25.25,-1.01,61.0,26.5,2.44,1.06,16,15.0,2,2022-10-27,3.277456647398844,0.40569744597249513,0.44536652835408025,partial_bearish,1.469038208168643,1.8891856593206178,bearish,bearish,False,True,True,False
29,27150,27151,27160,2022-10-28 13:30:00+00:00,2022-10-28 13:31:00+00:00,2022-10-28 13:40:00+00:00,long,11234.0,11234.25,11234.5,11200.5,11259.5,11284.5,11309.5,11334.5,83.29008884894694,high_probability,35.29008884894694,34.0,True,True,True,True,False,tp4,11334.5,11334.25,99.75,0.0,99.75,2.9338235294117645,107.5,10.5,3.161764705882353,0.3088235294117647,10,9.0,4,2022-10-28,1.8252933507170797,1.5149253731343284,2.6553990610328637,strong_bullish,7.761614911104233,1.157642117084285,neutral,bullish,True,True,True,False
30,27185,27186,27188,2022-10-28 14:05:00+00:00,2022-10-28 14:06:00+00:00,2022-10-28 14:08:00+00:00,long,11330.0,11329.5,11329.75,11305.0,11354.75,11379.75,11404.75,11429.75,80.69090432414329,high_probability,69.69090432414329,24.75,False,False,False,False,True,stop,11305.0,11304.75,-25.0,0.0,-25.0,-1.0101010101010102,7.0,25.75,0.2828282828282828,1.0404040404040404,3,2.0,0,2022-10-28,0.7304347826086957,0.44602948169281975,3.542817196784341,partial_bearish,1.3930154300722257,1.2159211952679454,bullish,bullish,True,False,True,False
31,28530,28531,28532,2022-10-31 13:30:00+00:00,2022-10-31 13:31:00+00:00,2022-10-31 13:32:00+00:00,long,11504.75,11504.75,11505.0,11480.25,11530.0,11555.0,11580.0,11605.0,76.05335202634913,near_trigger,53.05335202634913,24.75,False,False,False,False,True,stop,11480.25,11480.0,-25.0,0.0,-25.0,-1.0101010101010102,17.75,42.5,0.7171717171717171,1.7171717171717171,2,1.0,0,2022-10-31,1.3254437869822484,1.6035242290748897,1.2243816254416962,partial_bearish,13.314191371760822,0.9439089678476554,neutral,bullish,True,True,True,False
32,28533,28534,28546,2022-10-31 13:33:00+00:00,2022-10-31 13:34:00+00:00,2022-10-31 13:46:00+00:00,long,11465.75,11466.0,11466.25,11441.25,11491.25,11516.25,11541.25,11566.25,72.48577535503145,near_trigger,53.48577535503145,25.0,True,False,False,False,True,stop,11441.25,11441.0,-25.25,0.0,-25.25,-1.01,46.5,38.25,1.86,1.53,13,12.0,1,2022-10-31,2.044736842105263,1.6035242290748897,1.2243816254416962,strong_bearish,3.6382135589589804,0.9782718253682559,neutral,bullish,True,True,True,True
33,29950,29951,29952,2022-11-01 14:10:00+00:00,2022-11-01 14:11:00+00:00,2022-11-01 14:12:00+00:00,long,11415.25,11415.0,11415.25,11390.25,11440.25,11465.25,11490.25,11515.25,73.3259040590406,near_trigger,51.325904059040596,25.0,False,False,False,False,True,stop,11390.25,11390.0,-25.25,0.0,-25.25,-1.01,0.25,32.25,0.01,1.29,2,1.0,0,2022-11-01,1.5704797047970478,5.496644295302014,3.7905759162303663,strong_bearish,1.2514077907786478,1.879381802688151,bullish,bullish,True,False,False,False
34,29953,29954,29980,2022-11-01 14:13:00+00:00,2022-11-01 14:14:00+00:00,2022-11-01 14:40:00+00:00,long,11398.5,11398.75,11399.0,11374.0,11424.0,11449.0,11474.0,11499.0,72.386092265943,near_trigger,50.386092265943006,25.0,True,False,False,False,True,stop,11374.0,11373.75,-25.25,0.0,-25.25,-1.01,46.5,26.75,1.86,1.07,27,26.0,1,2022-11-01,0.7978290366350067,5.496644295302014,3.7905759162303663,strong_bearish,1.0139467912334454,1.5678152587568281,bullish,bullish,True,False,False,False
35,31298,31299,31358,2022-11-02 13:38:00+00:00,2022-11-02 13:39:00+00:00,2022-11-02 14:38:00+00:00,short,11296.5,11296.25,11296.0,11342.75,11271.0,11246.0,11221.0,11196.0,77.28951065289215,near_trigger,-57.28951065289215,46.75,True,False,False,False,False,max_holding_time,11270.5,11270.75,25.25,0.0,25.25,0.5401069518716578,42.25,32.75,0.9037433155080213,0.7005347593582888,60,59.0,1,2022-11-02,1.1475409836065573,2.6291079812206575,0.5873287671232876,partial_bearish,1.2299221725451235,0.5428467019915951,bearish,bearish,True,True,True,True
36,32714,32715,32725,2022-11-03 14:14:00+00:00,2022-11-03 14:15:00+00:00,2022-11-03 14:25:00+00:00,short,10802.25,10802.0,10801.75,10826.75,10776.75,10751.75,10726.75,10701.75,76.0,near_trigger,-44.0,25.0,True,False,False,False,True,stop,10826.75,10827.0,-25.25,0.0,-25.25,-1.01,31.0,31.0,1.24,1.24,11,10.0,1,2022-11-03,2.6130329847144003,1.4146880176697956,2.9087837837837838,partial_bearish,1.7819288276306773,1.9728270569337856,bearish,bearish,True,False,False,False
37,34050,34051,34052,2022-11-04 13:30:00+00:00,2022-11-04 13:31:00+00:00,2022-11-04 13:32:00+00:00,long,10945.75,10946.0,10946.25,10890.0,10971.25,10996.25,11021.25,11046.25,84.36859352551545,high_probability,62.36859352551545,56.25,False,False,False,False,True,stop,10890.0,10889.75,-56.5,0.0,-56.5,-1.0044444444444445,3.5,70.5,0.06222222222222222,1.2533333333333334,2,1.0,0,2022-11-04,2.289544235924933,0.822972972972973,3.2585249801744647,strong_bullish,6.545164597334549,1.1772298425511427,bullish,bullish,True,True,True,False
38,34053,34054,34056,2022-11-04 13:33:00+00:00,2022-11-04 13:34:00+00:00,2022-11-04 13:36:00+00:00,long,10868.25,10868.0,10868.25,10843.25,10893.25,10918.25,10943.25,10968.25,74.0,near_trigger,19.492517430244135,25.0,False,False,False,False,True,stop,10843.25,10843.0,-25.25,0.0,-25.25,-1.01,14.25,27.5,0.57,1.1,3,2.0,0,2022-11-04,3.2014519056261346,0.822972972972973,3.2585249801744647,partial_bullish,2.8593142453163662,1.173373175897183,bullish,bullish,False,True,True,False
39,34076,34077,34102,2022-11-04 13:56:00+00:00,2022-11-04 13:57:00+00:00,2022-11-04 14:22:00+00:00,long,10815.5,10815.5,10815.75,10722.25,10840.75,10865.75,10890.75,10915.75,88.8,high_probability,70.8,93.5,True,True,True,True,False,tp4,10915.75,10915.5,99.75,0.0,99.75,1.0668449197860963,102.75,9.25,1.0989304812834224,0.09893048128342247,26,25.0,4,2022-11-04,2.457296570275723,3.131445170660857,0.7946859903381642,partial_bearish,1.3613758382394072,2.331008865683148,bullish,bullish,True,True,True,False
40,35434,35435,35435,2022-11-07 14:34:00+00:00,2022-11-07 14:35:00+00:00,2022-11-07 14:35:00+00:00,long,10910.5,10910.75,10911.0,10892.0,10936.0,10961.0,10986.0,11011.0,71.07406813800274,near_trigger,70.07406813800274,19.0,False,False,False,False,True,stop,10892.0,10891.75,-19.25,0.0,-19.25,-1.013157894736842,8.0,19.75,0.42105263157894735,1.0394736842105263,1,0.0,0,2022-11-07,1.9950433705080544,0.902676399026764,0.5529061102831594,partial_bullish,3.0202300008394194,1.1337371891321302,bullish,bullish,True,True,False,False
41,35462,35463,35522,2022-11-07 15:02:00+00:00,2022-11-07 15:03:00+00:00,2022-11-07 16:02:00+00:00,long,10924.0,10923.75,10924.0,10853.5,10949.0,10974.0,10999.0,11024.0,75.16056938221885,near_trigger,37.16056938221885,70.5,True,False,False,False,False,max_holding_time,10921.0,10920.75,-3.25,0.0,-3.25,-0.04609929078014184,38.25,59.0,0.5425531914893617,0.8368794326241135,60,59.0,1,2022-11-07,1.990942028985507,0.9385964912280702,0.9873278236914601,partial_bearish,1.6681449569183984,1.467533673943335,neutral,bullish,True,True,True,False
42,36831,36832,36891,2022-11-08 14:51:00+00:00,2022-11-08 14:52:00+00:00,2022-11-08 15:51:00+00:00,long,11045.75,11045.75,11046.0,11011.25,11071.0,11096.0,11121.0,11146.0,77.65302638359915,near_trigger,53.653026383599155,34.75,True,True,True,False,False,max_holding_time,11125.5,11125.25,79.25,0.0,79.25,2.2805755395683454,92.0,5.0,2.647482014388489,0.14388489208633093,60,59.0,3,2022-11-08,2.0252583237657866,2.9039010466222646,0.9408327246165084,partial_bearish,0.7374621068040619,0.5872149052361066,bullish,bullish,True,True,True,False
43,39579,39580,39580,2022-11-10 14:39:00+00:00,2022-11-10 14:40:00+00:00,2022-11-10 14:40:00+00:00,long,11329.0,11329.0,11329.25,11329.0,11354.25,11379.25,11404.25,11429.25,70.9075508864084,near_trigger,36.9075508864084,0.25,False,False,False,False,True,stop,11329.0,11328.75,-0.5,0.0,-0.5,-2.0,8.75,33.25,35.0,133.0,1,0.0,0,2022-11-10,0.34011818778726194,0.716401831403178,7.7096580683863225,partial_bullish,1.7195926909764148,1.6358293530385843,bullish,bullish,True,True,False,False
44,39582,39583,39591,2022-11-10 14:42:00+00:00,2022-11-10 14:43:00+00:00,2022-11-10 14:51:00+00:00,long,11298.5,11297.5,11297.75,11272.75,11322.75,11347.75,11372.75,11397.75,71.78168288494562,near_trigger,37.781682884945624,25.0,True,True,True,True,False,tp4,11397.75,11397.5,99.75,0.0,99.75,3.99,101.0,7.0,4.04,0.28,9,8.0,4,2022-11-10,0.9456210646823124,0.19464469618949534,7.7096580683863225,partial_bullish,1.5419143216514168,1.738405071738405,bullish,bullish,True,True,False,False
45,40950,40951,40965,2022-11-11 14:30:00+00:00,2022-11-11 14:31:00+00:00,2022-11-11 14:45:00+00:00,short,11613.25,11613.0,11612.75,11646.75,11587.75,11562.75,11537.75,11512.75,72.66446709568686,near_trigger,-55.66446709568686,34.0,True,False,False,False,True,stop,11646.75,11647.0,-34.25,0.0,-34.25,-1.0073529411764706,43.25,45.25,1.2720588235294117,1.3308823529411764,15,14.0,1,2022-11-11,0.5685279187817259,3.5421686746987953,3.1935028248587574,strong_bearish,6.216666666666667,0.9892133112329465,neutral,bearish,True,True,True,True
46,42353,42354,42358,2022-11-14 14:53:00+00:00,2022-11-14 14:54:00+00:00,2022-11-14 14:58:00+00:00,short,11729.75,11729.75,11729.5,11747.5,11704.5,11679.5,11654.5,11629.5,78.09279380598365,near_trigger,-46.092793805983646,18.0,False,False,False,False,True,stop,11747.5,11747.75,-18.25,0.0,-18.25,-1.0138888888888888,8.75,26.5,0.4861111111111111,1.4722222222222223,5,4.0,0,2022-11-14,1.1885488647581441,1.8038237738985867,2.8529170090386193,partial_bearish,0.7154211362942533,0.8198422081212151,bearish,bearish,True,False,True,False
47,42384,42385,42444,2022-11-14 15:24:00+00:00,2022-11-14 15:25:00+00:00,2022-11-14 16:24:00+00:00,short,11783.0,11783.75,11783.5,11818.25,11758.5,11733.5,11708.5,11683.5,81.98902738638375,high_probability,-63.98902738638375,34.75,True,True,False,False,False,max_holding_time,11745.0,11745.25,38.25,0.0,38.25,1.1007194244604317,55.0,33.25,1.5827338129496402,0.9568345323741008,60,59.0,2,2022-11-14,1.1974842767295597,2.259678379988088,0.77228992944195,partial_bullish,1.1154334603301919,1.1759068744891343,bearish,bearish,True,True,True,False
48,43712,43713,43717,2022-11-15 14:32:00+00:00,2022-11-15 14:33:00+00:00,2022-11-15 14:37:00+00:00,long,12055.5,12056.25,12056.5,12012.5,12081.5,12106.5,12131.5,12156.5,71.71945623961045,near_trigger,45.71945623961045,44.0,False,False,False,False,True,stop,12012.5,12012.25,-44.25,0.0,-44.25,-1.0056818181818181,3.0,53.25,0.06818181818181818,1.2102272727272727,5,4.0,0,2022-11-15,1.3311965811965811,0.7670319199618867,2.1365991521431935,partial_bullish,3.708484117410535,1.1906098922732349,bullish,bullish,True,False,False,False
49,43750,43751,43755,2022-11-15 15:10:00+00:00,2022-11-15 15:11:00+00:00,2022-11-15 15:15:00+00:00,long,12019.75,12019.5,12019.75,12009.0,12044.75,12069.75,12094.75,12119.75,72.0,near_trigger,70.01889765883904,10.75,False,False,False,False,True,stop,12009.0,12008.75,-11.0,0.0,-11.0,-1.0232558139534884,18.0,14.25,1.6744186046511629,1.3255813953488371,5,4.0,0,2022-11-15,2.3056872037914693,0.2616822429906542,0.5916271721958926,partial_bearish,0.910418492093295,0.7690319548872181,bullish,bullish,True,False,True,False
50,43765,43766,43787,2022-11-15 15:25:00+00:00,2022-11-15 15:26:00+00:00,2022-11-15 15:47:00+00:00,long,12043.75,12043.75,12044.0,11999.5,12069.0,12094.0,12119.0,12144.0,77.16098015162746,near_trigger,65.16098015162746,44.5,False,False,False,False,True,stop,11999.5,11999.25,-44.75,0.0,-44.75,-1.0056179775280898,8.25,56.0,0.1853932584269663,1.2584269662921348,22,21.0,0,2022-11-15,2.11441647597254,0.13313313313313313,1.1754916792738275,partial_bullish,1.1321369247304822,0.8625524206555993,bullish,bullish,True,True,True,True
51,45095,45096,45155,2022-11-16 14:35:00+00:00,2022-11-16 14:36:00+00:00,2022-11-16 15:35:00+00:00,short,11811.0,11811.5,11811.25,11834.5,11786.25,11761.25,11736.25,11711.25,81.54936842590526,high_probability,-72.54936842590526,23.25,True,True,True,False,False,max_holding_time,11765.5,11765.75,45.5,0.0,45.5,1.956989247311828,87.25,13.25,3.752688172043011,0.5698924731182796,60,59.0,3,2022-11-16,0.5390070921985816,0.7406451612903227,1.8490566037735847,strong_bearish,2.7358521372824347,1.1846468188598942,bearish,bearish,True,True,True,False
52,47853,47854,47857,2022-11-18 14:33:00+00:00,2022-11-18 14:34:00+00:00,2022-11-18 14:37:00+00:00,long,11779.5,11778.75,11779.0,11754.0,11804.0,11829.0,11854.0,11879.0,71.31870848181518,near_trigger,49.31870848181518,25.0,False,False,False,False,True,stop,11754.0,11753.75,-25.25,0.0,-25.25,-1.01,9.75,25.5,0.39,1.02,4,3.0,0,2022-11-18,4.299492385786802,0.38,0.768361581920904,partial_bullish,2.5129208911566123,0.9021927088679558,bullish,bullish,True,True,False,False
53,47873,47874,47880,2022-11-18 14:53:00+00:00,2022-11-18 14:54:00+00:00,2022-11-18 15:00:00+00:00,long,11764.25,11764.0,11764.25,11738.75,11789.25,11814.25,11839.25,11864.25,71.29048925036973,near_trigger,43.29048925036973,25.5,False,False,False,False,True,stop,11738.75,11738.5,-25.75,0.0,-25.75,-1.0098039215686274,20.5,38.25,0.803921568627451,1.5,7,6.0,0,2022-11-18,1.5874547647768396,3.966666666666667,2.629021667760998,partial_bearish,0.6213454347753725,0.7029788729742282,bullish,bullish,True,False,False,False
54,47900,47901,47906,2022-11-18 15:20:00+00:00,2022-11-18 15:21:00+00:00,2022-11-18 15:26:00+00:00,long,11715.75,11716.0,11716.25,11696.0,11741.25,11766.25,11791.25,11816.25,78.41361793655157,near_trigger,78.41361793655157,20.25,False,False,False,False,True,stop,11696.0,11695.75,-20.5,0.0,-20.5,-1.0123456790123457,9.75,24.25,0.48148148148148145,1.1975308641975309,6,5.0,0,2022-11-18,1.7183462532299743,1.9956308028399783,4.203655352480418,partial_bearish,0.8606440581362211,0.9143092423948846,bullish,bullish,True,True,False,False
55,47907,47908,47938,2022-11-18 15:27:00+00:00,2022-11-18 15:28:00+00:00,2022-11-18 15:58:00+00:00,long,11680.75,11680.75,11681.0,11656.0,11706.0,11731.0,11756.0,11781.0,70.0,near_trigger,55.20422703606427,25.0,True,False,False,False,True,stop,11656.0,11655.75,-25.25,0.0,-25.25,-1.01,47.25,25.25,1.89,1.01,31,30.0,1,2022-11-18,3.056847545219638,1.1252609603340291,4.203655352480418,strong_bearish,1.3954648086326549,1.441098633860239,bullish,bullish,True,True,False,False
56,49234,49235,49246,2022-11-21 14:34:00+00:00,2022-11-21 14:35:00+00:00,2022-11-21 14:46:00+00:00,short,11638.75,11639.5,11639.25,11674.75,11614.25,11589.25,11564.25,11539.25,80.75500355859378,high_probability,-73.75500355859378,35.5,False,False,False,False,True,stop,11674.75,11675.0,-35.75,0.0,-35.75,-1.0070422535211268,11.0,43.25,0.30985915492957744,1.2183098591549295,12,11.0,0,2022-11-21,0.7945945945945947,0.22801302931596093,0.5737704918032788,partial_bullish,3.68224197745013,1.1937544482422304,bearish,bearish,True,True,True,True
57,51992,51993,52045,2022-11-23 14:32:00+00:00,2022-11-23 14:33:00+00:00,2022-11-23 15:25:00+00:00,long,11765.25,11765.0,11765.25,11742.75,11790.25,11815.25,11840.25,11865.25,70.59113173258339,near_trigger,53.59113173258339,22.5,True,True,True,True,False,tp4,11865.25,11865.0,99.75,0.0,99.75,4.433333333333334,103.0,10.0,4.5777777777777775,0.4444444444444444,53,52.0,4,2022-11-23,1.0325379609544467,0.6171284634760705,1.4516450648055834,partial_bearish,2.9506694496767296,0.382488418440746,bullish,neutral,True,True,True,False
58,57046,57047,57049,2022-11-29 14:31:00+00:00,2022-11-29 14:32:00+00:00,2022-11-29 14:34:00+00:00,short,11601.25,11601.5,11601.25,11626.25,11576.25,11551.25,11526.25,11501.25,70.20985452972175,near_trigger,-44.20985452972175,25.0,False,False,False,False,True,stop,11626.25,11626.5,-25.25,0.0,-25.25,-1.01,3.25,26.75,0.13,1.07,3,2.0,0,2022-11-29,4.107438016528926,1.3618677042801557,0.6176470588235294,strong_bearish,5.62251517053777,0.7623181621521941,bearish,bearish,False,True,True,False
59,57091,57092,57100,2022-11-29 15:16:00+00:00,2022-11-29 15:17:00+00:00,2022-11-29 15:25:00+00:00,short,11588.5,11588.25,11588.0,11612.75,11563.0,11538.0,11513.0,11488.0,72.0,near_trigger,-47.84035446347174,24.75,False,False,False,False,True,stop,11612.75,11613.0,-25.0,0.0,-25.0,-1.0101010101010102,2.75,29.5,0.1111111111111111,1.1919191919191918,9,8.0,0,2022-11-29,0.09126466753585398,0.7730061349693251,2.5078929306794784,partial_bearish,1.1586917112258732,0.9140288893695773,bearish,bearish,True,True,True,True
60,59805,59806,59810,2022-12-01 14:30:00+00:00,2022-12-01 14:31:00+00:00,2022-12-01 14:35:00+00:00,short,12037.0,12036.5,12036.25,12086.0,12011.25,11986.25,11961.25,11936.25,73.96253033178772,near_trigger,-69.96253033178772,49.75,False,False,False,False,True,stop,12086.0,12086.25,-50.0,0.0,-50.0,-1.0050251256281406,2.0,56.75,0.04020100502512563,1.1407035175879396,5,4.0,0,2022-12-01,3.3321492007104796,0.7755395683453237,0.2898550724637681,strong_bearish,14.8220302640446,1.4531629147346419,bearish,bearish,True,True,False,False
61,59861,59862,59865,2022-12-01 15:26:00+00:00,2022-12-01 15:27:00+00:00,2022-12-01 15:30:00+00:00,long,11991.75,11992.0,11992.25,11954.0,12017.25,12042.25,12067.25,12092.25,87.24129032258064,high_probability,75.24129032258064,38.25,False,False,False,False,True,stop,11954.0,11953.75,-38.5,0.0,-38.5,-1.0065359477124183,1.25,48.5,0.032679738562091505,1.2679738562091503,4,3.0,0,2022-12-01,1.1591397849462366,3.9885277246653925,1.7808336914482166,partial_bearish,1.0104549854791869,1.6738025368419365,bullish,bullish,True,True,True,False
62,62575,62576,62635,2022-12-05 14:40:00+00:00,2022-12-05 14:41:00+00:00,2022-12-05 15:40:00+00:00,short,11948.75,11949.0,11948.75,11973.75,11923.75,11898.75,11873.75,11848.75,73.28423879446424,near_trigger,-72.28423879446424,25.0,True,True,True,False,False,max_holding_time,11910.0,11910.25,38.5,0.0,38.5,1.54,87.75,22.75,3.51,0.91,60,59.0,3,2022-12-05,0.6339622641509434,1.851508120649652,1.5476673427991885,partial_bearish,1.763461790413446,1.028568933331878,bearish,bearish,True,True,False,False
63,63964,63965,63982,2022-12-06 14:49:00+00:00,2022-12-06 14:50:00+00:00,2022-12-06 15:07:00+00:00,short,11730.0,11730.0,11729.75,11754.75,11704.75,11679.75,11654.75,11629.75,70.0,near_trigger,-28.20410783055199,25.0,True,True,True,True,False,tp4,11629.75,11630.0,99.75,0.0,99.75,3.99,118.0,1.25,4.72,0.05,18,17.0,4,2022-12-06,0.503209242618742,4.9284332688588,4.0355871886121,partial_bearish,1.0843305380194102,1.520050721191948,bearish,bearish,False,True,True,False
64,63995,63996,64055,2022-12-06 15:20:00+00:00,2022-12-06 15:21:00+00:00,2022-12-06 16:20:00+00:00,short,11647.0,11647.0,11646.75,11671.75,11621.75,11596.75,11571.75,11546.75,76.0,near_trigger,-32.05177111716621,25.0,True,True,False,False,False,max_holding_time,11621.25,11621.5,25.25,0.0,25.25,1.01,57.75,8.5,2.31,0.34,60,59.0,2,2022-12-06,2.0027247956403267,2.072398190045249,5.698644986449865,partial_bearish,1.2101614303509192,1.5397422556631715,bearish,bearish,True,True,False,False
65,65330,65331,65332,2022-12-07 14:35:00+00:00,2022-12-07 14:36:00+00:00,2022-12-07 14:37:00+00:00,short,11569.25,11569.5,11569.25,11594.25,11544.25,11519.25,11494.25,11469.25,76.0,near_trigger,-56.11163152140587,25.0,False,False,False,False,True,stop,11594.25,11594.5,-25.25,0.0,-25.25,-1.01,0.5,26.75,0.02,1.07,2,1.0,0,2022-12-07,2.6875,2.526994359387591,2.165042235217674,strong_bullish,2.496301032057722,1.1026480982426698,bearish,bearish,True,True,False,False
66,65333,65334,65342,2022-12-07 14:38:00+00:00,2022-12-07 14:39:00+00:00,2022-12-07 14:47:00+00:00,short,11587.75,11588.25,11588.0,11598.0,11563.0,11538.0,11513.0,11488.0,70.0,near_trigger,-59.731672617994406,10.0,True,True,True,True,False,tp4,11488.0,11488.25,99.75,0.0,99.75,9.975,104.5,0.75,10.45,0.075,9,8.0,4,2022-12-07,2.643835616438356,2.526994359387591,2.165042235217674,strong_bullish,1.4298169136878816,1.2908886795617895,bearish,bearish,True,True,False,False
67,65363,65364,65371,2022-12-07 15:08:00+00:00,2022-12-07 15:09:00+00:00,2022-12-07 15:16:00+00:00,short,11520.75,11520.5,11520.25,11534.25,11495.25,11470.25,11445.25,11420.25,75.69707617487586,near_trigger,-68.69707617487586,14.0,True,True,False,False,True,stop,11534.25,11534.5,-14.25,0.0,-14.25,-1.0178571428571428,62.75,17.5,4.482142857142857,1.25,8,7.0,2,2022-12-07,2.1816443594646273,1.693548387096774,0.45997223507635354,partial_bearish,1.0192633047401385,1.4936495969378878,bearish,bearish,True,True,True,False
68,66726,66727,66731,2022-12-08 14:51:00+00:00,2022-12-08 14:52:00+00:00,2022-12-08 14:56:00+00:00,short,11540.75,11540.75,11540.5,11565.5,11515.5,11490.5,11465.5,11440.5,74.0,near_trigger,-20.409768093172573,25.0,False,False,False,False,True,stop,11565.5,11565.75,-25.25,0.0,-25.25,-1.01,3.0,35.75,0.12,1.43,5,4.0,0,2022-12-08,1.7299771167048055,2.076788830715532,3.094736842105263,partial_bearish,1.1783691284617301,1.530023906623541,bearish,bearish,False,True,True,False
69,66740,66741,66800,2022-12-08 15:05:00+00:00,2022-12-08 15:06:00+00:00,2022-12-08 16:05:00+00:00,long,11628.25,11628.25,11628.5,11603.5,11653.5,11678.5,11703.5,11728.5,71.98312020460358,near_trigger,59.98312020460358,25.0,True,False,False,False,False,max_holding_time,11637.0,11636.75,8.25,0.0,8.25,0.33,42.75,21.0,1.71,0.84,60,59.0,1,2022-12-08,1.3248081841432227,3.710280373831776,0.7488738738738738,strong_bullish,1.5720080015030449,2.0339758622662014,bullish,bullish,False,True,True,False
70,68086,68087,68091,2022-12-09 14:31:00+00:00,2022-12-09 14:32:00+00:00,2022-12-09 14:36:00+00:00,short,11569.25,11569.75,11569.5,11618.0,11544.5,11519.5,11494.5,11469.5,71.61718671935323,near_trigger,-59.61718671935323,48.5,False,False,False,False,True,stop,11618.0,11618.25,-48.75,0.0,-48.75,-1.0051546391752577,19.5,52.75,0.4020618556701031,1.0876288659793814,5,4.0,0,2022-12-09,1.8167938931297711,0.12494422132976349,2.9392265193370166,strong_bearish,6.559719994166546,1.0214833991915337,bearish,bearish,True,True,False,False
71,70849,70850,70851,2022-12-13 14:35:00+00:00,2022-12-13 14:36:00+00:00,2022-12-13 14:37:00+00:00,long,12211.75,12211.5,12211.75,12186.75,12236.75,12261.75,12286.75,12311.75,76.0,near_trigger,35.40517428777623,25.0,False,False,False,False,True,stop,12186.75,12186.5,-25.25,0.0,-25.25,-1.01,17.75,28.5,0.71,1.14,2,1.0,0,2022-12-13,3.5914811229428847,1.0532574974146847,7.176744186046512,partial_bearish,2.216772576747516,1.0867161585847418,bullish,bullish,True,False,False,False
72,72278,72279,72338,2022-12-14 15:24:00+00:00,2022-12-14 15:25:00+00:00,2022-12-14 16:24:00+00:00,long,12020.75,12021.0,12021.25,11996.25,12046.25,12071.25,12096.25,12121.25,70.0,near_trigger,59.4917028541801,25.0,True,False,False,False,False,max_holding_time,12042.75,12042.5,21.25,0.0,21.25,0.85,34.5,15.5,1.38,0.62,60,59.0,1,2022-12-14,1.3040421792618628,1.4538461538461538,3.201550387596899,partial_bullish,0.5695165255394701,0.5839654568794492,bullish,bullish,True,False,False,False
73,73608,73609,73636,2022-12-15 14:34:00+00:00,2022-12-15 14:35:00+00:00,2022-12-15 15:02:00+00:00,short,11641.5,11642.25,11642.0,11692.0,11617.0,11592.0,11567.0,11542.0,82.57705496810142,high_probability,-66.57705496810142,50.0,True,True,True,True,False,tp4,11542.0,11542.25,99.75,0.0,99.75,1.995,102.0,16.5,2.04,0.33,28,27.0,4,2022-12-15,3.171171171171171,0.6589506172839507,1.204398447606727,strong_bearish,3.324771023066345,1.378976367784426,bearish,bearish,True,True,True,True
74,74993,74994,74996,2022-12-16 14:39:00+00:00,2022-12-16 14:40:00+00:00,2022-12-16 14:42:00+00:00,short,11417.5,11417.75,11417.5,11434.25,11392.5,11367.5,11342.5,11317.5,71.50210100658491,near_trigger,-45.50210100658491,16.75,False,False,False,False,True,stop,11434.25,11434.5,-17.0,0.0,-17.0,-1.0149253731343284,11.0,24.75,0.6567164179104478,1.4776119402985075,3,2.0,0,2022-12-16,0.9795221843003413,2.2842724978973927,0.8436911487758945,partial_bullish,1.2457149075871075,0.904076770176524,neutral,bearish,True,False,True,False
75,75001,75002,75003,2022-12-16 14:47:00+00:00,2022-12-16 14:48:00+00:00,2022-12-16 14:49:00+00:00,short,11439.25,11439.25,11439.0,11472.0,11414.0,11389.0,11364.0,11339.0,71.65654964514229,near_trigger,-60.65654964514229,33.0,False,False,False,False,True,stop,11472.0,11472.25,-33.25,0.0,-33.25,-1.0075757575757576,0.0,48.75,0.0,1.4772727272727273,2,1.0,0,2022-12-16,0.0115990057995029,2.4279720279720283,1.3132892363199038,partial_bullish,1.415744050213582,1.6681095834128161,neutral,bearish,True,False,True,False
76,77783,77784,77795,2022-12-20 15:09:00+00:00,2022-12-20 15:10:00+00:00,2022-12-20 15:21:00+00:00,short,11169.25,11169.0,11168.75,11195.5,11143.75,11118.75,11093.75,11068.75,74.5940450882623,near_trigger,-74.5940450882623,26.75,False,False,False,False,True,stop,11195.5,11195.75,-27.0,0.0,-27.0,-1.0093457943925233,10.75,42.0,0.40186915887850466,1.5700934579439252,12,11.0,0,2022-12-20,0.5732758620689654,1.2893642305407012,0.4745762711864407,partial_bullish,0.87521942294855,1.2856598086037518,bearish,bearish,True,True,True,False
77,79124,79125,79125,2022-12-21 14:30:00+00:00,2022-12-21 14:31:00+00:00,2022-12-21 14:31:00+00:00,long,11229.25,11228.75,11229.0,11214.75,11254.0,11279.0,11304.0,11329.0,82.70223757467387,high_probability,44.70223757467387,14.25,False,False,False,False,True,stop,11214.75,11214.5,-14.5,0.0,-14.5,-1.0175438596491229,0.0,29.25,0.0,2.0526315789473686,1,0.0,0,2022-12-21,1.1878787878787878,0.7573770491803279,1.501818181818182,partial_bearish,13.592345607422441,0.9823424228877962,bullish,bullish,True,True,True,False
78,79126,79127,79164,2022-12-21 14:32:00+00:00,2022-12-21 14:33:00+00:00,2022-12-21 15:10:00+00:00,long,11192.5,11192.25,11192.5,11167.5,11217.5,11242.5,11267.5,11292.5,78.0,near_trigger,54.22116856805962,25.0,True,True,True,True,False,tp4,11292.5,11292.25,99.75,0.0,99.75,3.99,104.25,11.5,4.17,0.46,38,37.0,4,2022-12-21,3.226215644820296,0.7573770491803279,1.501818181818182,strong_bearish,5.125353030632197,1.1056745964793881,bullish,bullish,True,True,True,False
79,80505,80506,80535,2022-12-22 14:31:00+00:00,2022-12-22 14:32:00+00:00,2022-12-22 15:01:00+00:00,short,11180.0,11179.75,11179.5,11210.0,11154.5,11129.5,11104.5,11079.5,75.40485782972726,near_trigger,-37.40485782972726,30.5,True,True,True,True,False,tp4,11079.5,11079.75,99.75,0.0,99.75,3.2704918032786887,101.75,0.25,3.3360655737704916,0.00819672131147541,30,29.0,4,2022-12-22,2.919597989949749,0.1620658949243099,3.835137385512073,partial_bearish,8.67712747680678,1.2560722871590815,bearish,neutral,True,True,True,True
80,80538,80539,80598,2022-12-22 15:04:00+00:00,2022-12-22 15:05:00+00:00,2022-12-22 16:04:00+00:00,short,11068.75,11068.5,11068.25,11093.25,11043.25,11018.25,10993.25,10968.25,72.216701388986,near_trigger,-64.216701388986,25.0,True,True,False,False,False,max_holding_time,11018.5,11018.75,49.5,0.0,49.5,1.98,69.75,5.75,2.79,0.23,60,59.0,2,2022-12-22,4.080213903743315,0.8968386023294509,3.421641791044776,strong_bearish,1.0844918688760068,0.9754221907779383,bearish,bearish,False,True,True,False
81,81896,81897,81899,2022-12-23 14:42:00+00:00,2022-12-23 14:43:00+00:00,2022-12-23 14:45:00+00:00,long,10996.25,10996.75,10997.0,10971.5,11022.0,11047.0,11072.0,11097.0,70.02507196029777,near_trigger,65.02507196029777,25.5,False,False,False,False,True,stop,10971.5,10971.25,-25.75,0.0,-25.75,-1.0098039215686274,1.75,30.25,0.06862745098039216,1.1862745098039216,3,2.0,0,2022-12-23,1.8933002481389578,2.13510747185261,2.1305589555283557,partial_bearish,1.9049448649479386,1.8734413179837268,bullish,bullish,True,True,False,False
82,81915,81916,81930,2022-12-23 15:01:00+00:00,2022-12-23 15:02:00+00:00,2022-12-23 15:16:00+00:00,short,10948.25,10947.25,10947.0,11000.75,10922.0,10897.0,10872.0,10847.0,73.48739063623604,near_trigger,-56.48739063623604,53.75,True,False,False,False,True,stop,11000.75,11001.0,-54.0,0.0,-54.0,-1.0046511627906978,31.25,65.75,0.5813953488372093,1.2232558139534884,15,14.0,1,2022-12-23,0.9246231155778895,1.1755725190839696,3.5092226613965742,partial_bearish,1.6787930246228202,1.4697910591141454,bearish,bearish,True,True,False,False
83,83315,83316,83375,2022-12-27 15:21:00+00:00,2022-12-27 15:22:00+00:00,2022-12-27 16:21:00+00:00,short,11000.5,11000.5,11000.25,11025.25,10975.25,10950.25,10925.25,10900.25,76.0,near_trigger,-35.6,25.0,True,True,False,False,False,max_holding_time,10958.25,10958.5,41.75,0.0,41.75,1.67,51.75,17.25,2.07,0.69,60,59.0,2,2022-12-27,4.4774774774774775,0.8599889319313779,3.412266666666667,partial_bullish,2.0230759557344062,1.9954416484487651,bearish,bearish,True,True,False,False
84,84667,84668,84675,2022-12-28 14:53:00+00:00,2022-12-28 14:54:00+00:00,2022-12-28 15:01:00+00:00,short,10928.25,10928.0,10927.75,10983.0,10902.75,10877.75,10852.75,10827.75,72.19716312056738,near_trigger,-60.19716312056738,55.25,False,False,False,False,True,stop,10983.0,10983.25,-55.5,0.0,-55.5,-1.004524886877828,6.5,56.25,0.11764705882352941,1.0180995475113122,8,7.0,0,2022-12-28,2.75177304964539,2.6676994577846633,1.2023898431665423,partial_bullish,1.00446807307279,1.5647025655483509,bearish,bearish,True,True,False,False
85,84699,84700,84734,2022-12-28 15:25:00+00:00,2022-12-28 15:26:00+00:00,2022-12-28 16:00:00+00:00,short,10923.5,10923.75,10923.5,10969.75,10898.5,10873.5,10848.5,10823.5,85.96949152542373,high_probability,-61.969491525423734,46.25,True,True,True,True,False,tp4,10823.5,10823.75,99.75,0.0,99.75,2.156756756756757,100.5,0.75,2.172972972972973,0.016216216216216217,35,34.0,4,2022-12-28,2.8532608695652173,0.19097586568730326,0.943089430894309,partial_bearish,2.447206147424343,2.222988228400062,bearish,bearish,True,True,True,True
86,86029,86030,86072,2022-12-29 14:35:00+00:00,2022-12-29 14:36:00+00:00,2022-12-29 15:18:00+00:00,long,10906.5,10906.25,10906.5,10876.25,10931.5,10956.5,10981.5,11006.5,72.06051210214106,near_trigger,46.06051210214106,30.25,True,True,True,True,False,tp4,11006.5,11006.25,99.75,0.0,99.75,3.2975206611570247,104.25,8.0,3.446280991735537,0.2644628099173554,43,42.0,4,2022-12-29,1.6884422110552764,0.5861733203505355,1.603883495145631,strong_bullish,2.8608820834969246,0.9635474060034381,bullish,bullish,True,True,False,False
87,87410,87411,87411,2022-12-30 14:36:00+00:00,2022-12-30 14:37:00+00:00,2022-12-30 14:37:00+00:00,short,10927.0,10927.5,10927.25,10930.25,10902.25,10877.25,10852.25,10827.25,70.86055793578372,near_trigger,-36.86055793578372,3.0,False,False,False,False,True,stop,10930.25,10930.5,-3.25,0.0,-3.25,-1.0833333333333333,5.25,10.0,1.75,3.3333333333333335,1,0.0,0,2022-12-30,1.5705669481302773,1.3445378151260505,0.6581782566111655,partial_bullish,1.551003148052436,0.6956210224638598,bearish,bearish,True,True,False,False
88,88787,88788,88790,2023-01-03 14:33:00+00:00,2023-01-03 14:34:00+00:00,2023-01-03 14:36:00+00:00,long,11134.25,11134.0,11134.25,11098.75,11159.25,11184.25,11209.25,11234.25,77.89499172415711,near_trigger,58.89499172415711,35.5,False,False,False,False,True,stop,11098.75,11098.5,-35.75,0.0,-35.75,-1.0070422535211268,7.5,38.25,0.2112676056338028,1.0774647887323943,3,2.0,0,2023-01-03,0.765625,0.7878077373974208,1.1355831853167555,strong_bullish,2.888580931263858,0.9663959051963948,bullish,bullish,True,True,True,False
89,88801,88802,88802,2023-01-03 14:47:00+00:00,2023-01-03 14:48:00+00:00,2023-01-03 14:48:00+00:00,long,11099.25,11099.0,11099.25,11093.0,11124.25,11149.25,11174.25,11199.25,72.0,near_trigger,69.58817842043305,6.25,False,False,False,False,True,stop,11093.0,11092.75,-6.5,0.0,-6.5,-1.04,6.25,40.25,1.0,6.44,1,0.0,0,2023-01-03,2.6244162775183457,0.11622641509433963,1.2538347352795645,partial_bullish,1.1221541425029202,1.3938630318302725,bullish,bullish,True,True,True,False
90,88807,88808,88809,2023-01-03 14:53:00+00:00,2023-01-03 14:54:00+00:00,2023-01-03 14:55:00+00:00,long,11036.25,11036.25,11036.5,11023.5,11061.5,11086.5,11111.5,11136.5,70.608206485771,near_trigger,70.608206485771,13.0,False,False,False,False,True,stop,11023.5,11023.25,-13.25,0.0,-13.25,-1.0192307692307692,6.75,27.25,0.5192307692307693,2.0961538461538463,2,1.0,0,2023-01-03,0.9080079417604235,2.225108225108225,1.2538347352795645,partial_bearish,0.9225384793874235,1.5450129533678756,bullish,bullish,True,False,False,False
91,90168,90169,90180,2023-01-04 14:34:00+00:00,2023-01-04 14:35:00+00:00,2023-01-04 14:46:00+00:00,long,10982.0,10982.5,10982.75,10961.25,11007.75,11032.75,11057.75,11082.75,84.98619717827638,high_probability,84.98619717827638,21.5,True,True,False,False,True,stop,10961.25,10961.0,-21.75,0.0,-21.75,-1.0116279069767442,64.0,28.5,2.9767441860465116,1.3255813953488371,12,11.0,2,2023-01-04,3.5773955773955772,1.5272727272727273,0.9319826338639653,partial_bullish,2.2667701519015413,0.9864319765309864,bullish,bullish,True,True,True,False
92,90210,90211,90220,2023-01-04 15:16:00+00:00,2023-01-04 15:17:00+00:00,2023-01-04 15:26:00+00:00,long,10918.25,10918.75,10919.0,10880.0,10944.0,10969.0,10994.0,11019.0,77.55015460330547,near_trigger,73.55015460330547,39.0,False,False,False,False,True,stop,10880.0,10879.75,-39.25,0.0,-39.25,-1.0064102564102564,8.75,40.0,0.22435897435897437,1.0256410256410255,10,9.0,0,2023-01-04,1.7924242424242423,2.0476190476190474,3.0455717970765264,partial_bearish,0.5913198337840512,1.157390223828812,bullish,bullish,True,False,False,False
93,92927,92928,92931,2023-01-06 14:33:00+00:00,2023-01-06 14:34:00+00:00,2023-01-06 14:37:00+00:00,long,10920.75,10920.5,10920.75,10860.0,10945.75,10970.75,10995.75,11020.75,73.6,near_trigger,61.599999999999994,60.75,False,False,False,False,True,stop,10860.0,10859.75,-61.0,0.0,-61.0,-1.0041152263374487,24.25,63.0,0.3991769547325103,1.037037037037037,4,3.0,0,2023-01-06,2.0597014925373136,0.893735130848533,2.5221465076660987,partial_bullish,3.079985072770245,1.6216165642162779,bullish,bullish,True,True,False,False
94,92945,92946,92966,2023-01-06 14:51:00+00:00,2023-01-06 14:52:00+00:00,2023-01-06 15:12:00+00:00,long,10812.5,10812.25,10812.5,10787.5,10837.5,10862.5,10887.5,10912.5,71.43686157454293,near_trigger,47.43686157454293,25.0,True,True,True,True,False,tp4,10912.5,10912.25,99.75,0.0,99.75,3.99,105.0,11.25,4.2,0.45,21,20.0,4,2023-01-06,0.6863813229571984,1.8269947800149142,0.4768392370572207,partial_bullish,0.8420661091996366,1.525700510640504,bullish,bullish,False,False,True,False
95,95687,95688,95688,2023-01-10 14:33:00+00:00,2023-01-10 14:34:00+00:00,2023-01-10 14:34:00+00:00,short,11205.0,11205.0,11204.75,11213.0,11179.75,11154.75,11129.75,11104.75,78.0,near_trigger,-69.47702950427202,8.25,False,False,False,False,True,stop,11213.0,11213.25,-8.5,0.0,-8.5,-1.0303030303030303,2.25,41.5,0.2727272727272727,5.03030303030303,1,0.0,0,2023-01-10,4.062937062937063,1.220125786163522,0.8134556574923547,partial_bullish,2.605881225645721,1.1169727282684094,bearish,bearish,True,False,True,False
96,95689,95690,95726,2023-01-10 14:35:00+00:00,2023-01-10 14:36:00+00:00,2023-01-10 15:12:00+00:00,short,11233.25,11233.0,11232.75,11257.75,11207.75,11182.75,11157.75,11132.75,81.85033400578354,high_probability,-61.85033400578354,25.0,True,True,True,False,True,stop,11257.75,11258.0,-25.25,0.0,-25.25,-1.01,90.5,34.25,3.62,1.37,37,36.0,3,2023-01-10,4.571428571428571,2.6702484889187375,0.8134556574923547,strong_bullish,2.3128780761179515,1.2483874698623678,bearish,bearish,True,False,True,False
97,95730,95731,95732,2023-01-10 15:16:00+00:00,2023-01-10 15:17:00+00:00,2023-01-10 15:18:00+00:00,long,11282.25,11282.0,11282.25,11257.25,11307.25,11332.25,11357.25,11382.25,80.35872382851446,high_probability,52.35872382851446,25.0,False,False,False,False,True,stop,11257.25,11257.0,-25.25,0.0,-25.25,-1.01,0.25,26.75,0.01,1.07,2,1.0,0,2023-01-10,3.1545363908275177,1.6014975041597337,2.9365014338385906,strong_bullish,1.5026849810638179,2.2158873051596233,bullish,bullish,False,True,True,False
98,95739,95740,95743,2023-01-10 15:25:00+00:00,2023-01-10 15:26:00+00:00,2023-01-10 15:29:00+00:00,long,11247.75,11247.5,11247.75,11222.75,11272.75,11297.75,11322.75,11347.75,71.09586776859504,near_trigger,47.09586776859504,25.0,False,False,False,False,True,stop,11222.75,11222.5,-25.25,0.0,-25.25,-1.01,2.75,49.25,0.11,1.97,4,3.0,0,2023-01-10,0.578512396694215,0.5739549839228295,2.9365014338385906,strong_bullish,1.0117357446652935,1.5020263424518745,bullish,bullish,False,True,True,False
99,97067,97068,97127,2023-01-11 14:33:00+00:00,2023-01-11 14:34:00+00:00,2023-01-11 15:33:00+00:00,long,11307.25,11307.0,11307.25,11288.75,11332.25,11357.25,11382.25,11407.25,72.47894859089345,near_trigger,71.47894859089345,18.5,True,True,True,False,False,max_holding_time,11362.5,11362.25,55.0,0.0,55.0,2.972972972972973,81.5,5.0,4.405405405405405,0.2702702702702703,60,59.0,3,2023-01-11,1.912676056338028,1.1264367816091954,0.6953199617956064,partial_bullish,3.7075951489409267,1.1881223583351241,bullish,bullish,True,True,False,False
100,98498,98499,98558,2023-01-12 15:24:00+00:00,2023-01-12 15:25:00+00:00,2023-01-12 16:24:00+00:00,short,11487.0,11487.5,11487.25,11513.5,11462.25,11437.25,11412.25,11387.25,70.0,near_trigger,-70.0,26.25,True,True,True,False,False,max_holding_time,11454.5,11454.75,32.5,0.0,32.5,1.2380952380952381,99.0,16.0,3.7714285714285714,0.6095238095238096,60,59.0,3,2023-01-12,0.43367752184273234,3.0746641674476725,0.7911620990014872,partial_bearish,0.8255323710161497,1.7630002670634468,bearish,bearish,True,False,True,False
101,99877,99878,99878,2023-01-13 15:23:00+00:00,2023-01-13 15:24:00+00:00,2023-01-13 15:24:00+00:00,short,11510.0,11510.5,11510.25,11512.25,11485.25,11460.25,11435.25,11410.25,70.0,near_trigger,-62.669373579773776,2.0,False,False,False,False,True,stop,11512.25,11512.5,-2.25,0.0,-2.25,-1.125,4.5,11.75,2.25,5.875,1,0.0,0,2023-01-13,1.6342412451361867,0.9723237597911227,2.6054590570719607,strong_bullish,0.9600688126509412,1.0960042299267316,bearish,bearish,True,True,False,False
102,101209,101210,101241,2023-01-16 14:35:00+00:00,2023-01-16 14:36:00+00:00,2023-01-16 15:07:00+00:00,long,11607.0,11607.25,11607.5,11591.5,11632.5,11657.5,11682.5,11707.5,83.16722881947909,high_probability,83.16722881947909,16.0,False,False,False,False,True,stop,11591.5,11591.25,-16.25,0.0,-16.25,-1.015625,2.75,18.25,0.171875,1.140625,32,31.0,0,2023-01-16,2.705521472392638,0.717948717948718,0.9164345403899722,strong_bullish,7.73109243697479,0.45903602434886737,bullish,bullish,True,True,True,False
103,102352,102353,102367,2023-01-17 14:38:00+00:00,2023-01-17 14:39:00+00:00,2023-01-17 14:53:00+00:00,short,11567.25,11567.25,11567.0,11613.0,11542.0,11517.0,11492.0,11467.0,73.94562482491013,near_trigger,-41.94562482491013,46.0,False,False,False,False,True,stop,11613.0,11613.25,-46.25,0.0,-46.25,-1.0054347826086956,17.75,50.25,0.3858695652173913,1.0923913043478262,15,14.0,0,2023-01-17,1.363533408833522,0.8067796610169491,2.357076780758557,partial_bullish,2.032111899133176,1.4170253686235001,neutral,bearish,True,True,True,False
104,102402,102403,102403,2023-01-17 15:28:00+00:00,2023-01-17 15:29:00+00:00,2023-01-17 15:29:00+00:00,long,11657.75,11657.5,11657.75,11654.5,11682.75,11707.75,11732.75,11757.75,76.0,near_trigger,68.83210936461245,3.25,False,False,False,False,True,stop,11654.5,11654.25,-3.5,0.0,-3.5,-1.0769230769230769,2.0,4.5,0.6153846153846154,1.3846153846153846,1,0.0,0,2023-01-17,2.5225225225225225,2.0811940298507463,3.3242764323685763,partial_bullish,1.494182243453785,1.477430861802003,bullish,bullish,True,False,False,False
105,103765,103766,103772,2023-01-18 15:11:00+00:00,2023-01-18 15:12:00+00:00,2023-01-18 15:18:00+00:00,long,11727.5,11727.75,11728.0,11703.0,11753.0,11778.0,11803.0,11828.0,82.0,high_probability,45.3063555586283,25.0,False,False,False,False,True,stop,11703.0,11702.75,-25.25,0.0,-25.25,-1.01,10.0,34.25,0.4,1.37,7,6.0,0,2023-01-18,1.742971887550201,1.8704839809134286,2.0552188552188553,partial_bullish,0.8394068283710772,1.05279852360218,bullish,bullish,True,True,True,True
106,105117,105118,105177,2023-01-19 14:43:00+00:00,2023-01-19 14:44:00+00:00,2023-01-19 15:43:00+00:00,short,11403.5,11404.0,11403.75,11448.75,11378.75,11353.75,11328.75,11303.75,94.11309565369314,a_plus_plus,-72.11309565369314,45.0,True,True,False,False,False,max_holding_time,11366.0,11366.25,37.5,0.0,37.5,0.8333333333333334,54.75,14.0,1.2166666666666666,0.3111111111111111,60,59.0,2,2023-01-19,1.893967093235832,2.6744186046511627,1.9154228855721394,partial_bullish,1.5203375923103972,1.2985907736977798,bearish,bearish,True,True,True,True
107,106485,106486,106488,2023-01-20 14:31:00+00:00,2023-01-20 14:32:00+00:00,2023-01-20 14:34:00+00:00,long,11411.75,11410.75,11411.0,11394.5,11436.0,11461.0,11486.0,11511.0,82.93261104696441,high_probability,69.93261104696441,16.5,False,False,False,False,True,stop,11394.5,11394.25,-16.75,0.0,-16.75,-1.0151515151515151,8.25,22.25,0.5,1.3484848484848484,3,2.0,0,2023-01-20,2.4738955823293174,0.9290123456790124,0.6932185145317545,partial_bearish,5.8258101094683585,0.9549204352115294,bullish,bullish,True,True,True,False
108,106494,106495,106554,2023-01-20 14:40:00+00:00,2023-01-20 14:41:00+00:00,2023-01-20 15:40:00+00:00,long,11421.5,11421.5,11421.75,11394.5,11446.75,11471.75,11496.75,11521.75,73.06698763943159,near_trigger,61.06698763943159,27.25,True,True,True,False,False,max_holding_time,11474.25,11474.0,52.25,0.0,52.25,1.9174311926605505,76.5,5.75,2.8073394495412844,0.21100917431192662,60,59.0,3,2023-01-20,1.9228149829738932,1.0831408775981526,0.6932185145317545,partial_bearish,1.5593209612859336,0.895202455993751,bullish,bullish,True,False,False,False
109,107865,107866,107881,2023-01-23 14:31:00+00:00,2023-01-23 14:32:00+00:00,2023-01-23 14:47:00+00:00,long,11678.75,11679.25,11679.5,11669.75,11704.5,11729.5,11754.5,11779.5,78.0,near_trigger,78.0,9.75,True,True,True,True,False,tp4,11779.5,11779.25,99.75,0.0,99.75,10.23076923076923,106.0,5.0,10.871794871794872,0.5128205128205128,16,15.0,4,2023-01-23,3.1283185840707968,0.9634831460674158,0.02676864244741874,partial_bearish,7.096594392731732,0.9112249864017635,bullish,bullish,True,True,True,False
110,107900,107901,107958,2023-01-23 15:06:00+00:00,2023-01-23 15:07:00+00:00,2023-01-23 16:04:00+00:00,long,11798.5,11798.75,11799.0,11789.75,11824.0,11849.0,11874.0,11899.0,85.8787223259344,high_probability,85.8787223259344,9.25,True,True,True,True,False,tp4,11899.0,11898.75,99.75,0.0,99.75,10.783783783783784,117.25,4.75,12.675675675675675,0.5135135135135135,58,57.0,4,2023-01-23,1.589519650655022,3.4975438596491224,3.465,partial_bullish,0.7911699586637145,0.9460464024414101,bullish,bullish,True,True,True,False
111,109247,109248,109256,2023-01-24 14:33:00+00:00,2023-01-24 14:34:00+00:00,2023-01-24 14:42:00+00:00,short,11876.25,11876.25,11876.0,11901.0,11851.0,11826.0,11801.0,11776.0,70.01033741318378,near_trigger,-48.01033741318378,25.0,True,False,False,False,True,stop,11901.0,11901.25,-25.25,0.0,-25.25,-1.01,30.75,26.25,1.23,1.05,9,8.0,1,2023-01-24,1.8260869565217392,1.0870147255689424,1.2552742616033756,partial_bullish,2.5546139635809166,0.7486529917761603,bearish,bearish,True,True,False,False
112,109271,109272,109331,2023-01-24 14:57:00+00:00,2023-01-24 14:58:00+00:00,2023-01-24 15:57:00+00:00,short,11906.25,11906.75,11906.5,11953.75,11881.5,11856.5,11831.5,11806.5,86.85015806111696,high_probability,-62.85015806111696,47.25,True,True,False,False,False,max_holding_time,11937.0,11937.25,-30.75,0.0,-30.75,-0.6507936507936508,68.5,36.25,1.4497354497354498,0.7671957671957672,60,59.0,2,2023-01-24,1.386722866174921,3.782041442824252,0.7075812274368232,partial_bullish,1.1980543186515975,1.90671031096563,bearish,bearish,True,True,True,True
113,113443,113444,113448,2023-01-27 15:29:00+00:00,2023-01-27 15:30:00+00:00,2023-01-27 15:34:00+00:00,long,12167.25,12167.25,12167.5,12153.25,12192.5,12217.5,12242.5,12267.5,83.06577724981814,high_probability,83.06577724981814,14.25,False,False,False,False,True,stop,12153.25,12153.0,-14.5,0.0,-14.5,-1.0175438596491229,8.5,18.5,0.5964912280701754,1.2982456140350878,5,4.0,0,2023-01-27,0.9051724137931034,0.8500619578686492,3.679715302491103,strong_bullish,1.1726972035682068,1.4687158151462438,bullish,bullish,True,True,True,True
114,116148,116149,116208,2023-01-31 14:34:00+00:00,2023-01-31 14:35:00+00:00,2023-01-31 15:34:00+00:00,long,12024.25,12024.75,12025.0,11967.25,12050.0,12075.0,12100.0,12125.0,81.60009624858426,high_probability,45.600096248584265,57.75,True,False,False,False,False,max_holding_time,12063.0,12062.75,37.75,0.0,37.75,0.6536796536796536,45.75,48.0,0.7922077922077922,0.8311688311688312,60,59.0,1,2023-01-31,3.4956085319949812,1.632340425531915,2.0591357088703566,partial_bullish,3.3912429378531073,1.289947080471709,bullish,bullish,True,True,False,False
115,117532,117533,117592,2023-02-01 14:38:00+00:00,2023-02-01 14:39:00+00:00,2023-02-01 15:38:00+00:00,long,12128.25,12128.5,12128.75,12099.5,12153.75,12178.75,12203.75,12228.75,73.15068462295653,near_trigger,51.15068462295653,29.25,True,False,False,False,False,max_holding_time,12134.25,12134.0,5.25,0.0,5.25,0.1794871794871795,29.0,21.25,0.9914529914529915,0.7264957264957265,60,59.0,1,2023-02-01,0.38213399503722084,2.3264705882352943,0.3425531914893617,partial_bullish,1.5511702615878844,0.7553532973060827,bullish,bullish,True,True,False,False
116,118926,118927,118931,2023-02-02 14:52:00+00:00,2023-02-02 14:53:00+00:00,2023-02-02 14:57:00+00:00,long,12699.5,12699.5,12699.75,12677.5,12724.75,12749.75,12774.75,12799.75,80.81138157894736,high_probability,69.81138157894736,22.25,False,False,False,False,True,stop,12677.5,12677.25,-22.5,0.0,-22.5,-1.0112359550561798,20.25,23.25,0.9101123595505618,1.0449438202247192,5,4.0,0,2023-02-02,1.5531249999999999,2.351145038167939,3.1149354640442533,partial_bullish,1.219738313469497,1.7148615963450686,bullish,bullish,True,True,False,False
117,118951,118952,118976,2023-02-02 15:17:00+00:00,2023-02-02 15:18:00+00:00,2023-02-02 15:42:00+00:00,long,12711.75,12711.75,12712.0,12687.0,12737.0,12762.0,12787.0,12812.0,70.22628774422735,near_trigger,66.22628774422735,25.0,True,True,True,True,False,tp4,12812.0,12811.75,99.75,0.0,99.75,3.99,104.75,6.75,4.19,0.27,25,24.0,4,2023-02-02,1.492007104795737,1.1753086419753087,0.6784140969162996,partial_bullish,1.5412598834403652,1.7793014784658239,bullish,bullish,False,True,True,False
118,120285,120286,120300,2023-02-03 14:31:00+00:00,2023-02-03 14:32:00+00:00,2023-02-03 14:46:00+00:00,long,12607.75,12607.75,12608.0,12548.5,12633.0,12658.0,12683.0,12708.0,74.63873873873874,near_trigger,20.638738738738738,59.5,True,True,True,True,False,tp4,12708.0,12707.75,99.75,0.0,99.75,1.6764705882352942,107.75,12.0,1.8109243697478992,0.20168067226890757,15,14.0,4,2023-02-03,2.9954954954954953,0.49079754601226994,4.299915038232795,partial_bearish,5.912300055157198,1.556749691380437,neutral,neutral,True,True,True,False
119,120330,120331,120390,2023-02-03 15:16:00+00:00,2023-02-03 15:17:00+00:00,2023-02-03 16:16:00+00:00,long,12773.0,12772.5,12772.75,12666.5,12797.75,12822.75,12847.75,12872.75,72.64465445953928,near_trigger,34.64465445953928,106.25,True,True,True,False,False,max_holding_time,12830.25,12830.0,57.25,0.0,57.25,0.5388235294117647,84.5,13.75,0.7952941176470588,0.12941176470588237,60,59.0,3,2023-02-03,2.604843473124631,0.582903463522476,2.761563712324679,strong_bullish,1.4773184836153352,2.3971641064850213,neutral,bullish,True,True,True,True
120,121671,121672,121679,2023-02-06 14:37:00+00:00,2023-02-06 14:38:00+00:00,2023-02-06 14:45:00+00:00,short,12524.25,12524.25,12524.0,12560.25,12499.0,12474.0,12449.0,12424.0,75.92532028653376,near_trigger,-51.92532028653376,36.25,False,False,False,False,True,stop,12560.25,12560.5,-36.5,0.0,-36.5,-1.006896551724138,5.75,45.5,0.15862068965517243,1.2551724137931035,8,7.0,0,2023-02-06,2.2114014251781473,3.1383763837638377,0.37454808387563265,partial_bearish,2.43321475130919,1.1637762489035437,bearish,bearish,True,True,False,False
121,121705,121706,121765,2023-02-06 15:11:00+00:00,2023-02-06 15:12:00+00:00,2023-02-06 16:11:00+00:00,short,12554.75,12555.5,12555.25,12592.75,12530.25,12505.25,12480.25,12455.25,70.58558699710753,near_trigger,-32.58558699710753,37.5,True,True,True,False,False,max_holding_time,12540.5,12540.75,14.5,0.0,14.5,0.38666666666666666,98.75,22.25,2.6333333333333333,0.5933333333333334,60,59.0,3,2023-02-06,0.5,1.752988047808765,1.4148061104582843,partial_bullish,1.2534972141849399,1.3996769154773507,neutral,bearish,True,True,True,True
122,123046,123047,123052,2023-02-07 14:32:00+00:00,2023-02-07 14:33:00+00:00,2023-02-07 14:38:00+00:00,short,12509.5,12509.5,12509.25,12523.0,12484.25,12459.25,12434.25,12409.25,83.59861858160913,high_probability,-45.59861858160913,13.75,False,False,False,False,True,stop,12523.0,12523.25,-14.0,0.0,-14.0,-1.018181818181818,20.75,18.25,1.509090909090909,1.3272727272727274,6,5.0,0,2023-02-07,0.7521663778162911,0.7170294494238156,2.5045871559633026,partial_bearish,4.81253272119528,0.8457602287445238,bearish,bearish,True,True,True,False
123,125825,125826,125861,2023-02-09 14:51:00+00:00,2023-02-09 14:52:00+00:00,2023-02-09 15:27:00+00:00,long,12697.0,12697.0,12697.25,12636.0,12722.25,12747.25,12772.25,12797.25,75.02956139534093,near_trigger,69.02956139534093,61.25,False,False,False,False,True,stop,12636.0,12635.75,-61.5,0.0,-61.5,-1.0040816326530613,10.25,79.25,0.1673469387755102,1.2938775510204081,36,35.0,0,2023-02-09,1.381044487427466,1.2188235294117646,1.6019900497512438,partial_bearish,0.8746290950929533,0.8836635430156319,bullish,bullish,True,True,True,True
124,129950,129951,129969,2023-02-14 14:36:00+00:00,2023-02-14 14:37:00+00:00,2023-02-14 14:55:00+00:00,long,12470.75,12470.75,12471.0,12435.5,12496.0,12521.0,12546.0,12571.0,73.6875915250401,near_trigger,52.687591525040105,35.5,True,True,True,True,False,tp4,12571.0,12570.75,99.75,0.0,99.75,2.8098591549295775,113.25,26.25,3.1901408450704225,0.7394366197183099,19,18.0,4,2023-02-14,2.9101707498144025,0.8016967126193001,2.380054966627405,partial_bearish,1.611291766812762,1.3129044025881764,neutral,bullish,True,True,False,True
125,129993,129994,130010,2023-02-14 15:19:00+00:00,2023-02-14 15:20:00+00:00,2023-02-14 15:36:00+00:00,short,12628.25,12628.25,12628.0,12664.0,12603.0,12578.0,12553.0,12528.0,75.69563409563409,near_trigger,-21.69563409563409,36.0,True,True,True,True,False,tp4,12528.0,12528.25,99.75,0.0,99.75,2.7708333333333335,114.75,20.5,3.1875,0.5694444444444444,17,16.0,4,2023-02-14,1.2661122661122661,2.395247524752475,2.0253025302530254,partial_bullish,1.2336945502061414,1.6844566120151343,neutral,bearish,True,True,False,False
126,131369,131370,131429,2023-02-15 15:15:00+00:00,2023-02-15 15:16:00+00:00,2023-02-15 16:15:00+00:00,long,12565.75,12566.25,12566.5,12522.25,12591.5,12616.5,12641.5,12666.5,77.23557804632833,near_trigger,71.23557804632833,44.25,True,True,False,False,False,max_holding_time,12609.5,12609.25,42.75,0.0,42.75,0.9661016949152542,52.25,10.25,1.1807909604519775,0.23163841807909605,60,59.0,2,2023-02-15,0.7987987987987988,1.8249286393910562,0.637546468401487,partial_bearish,0.5268643306379155,0.5652593021014074,bullish,bullish,True,True,True,True
127,132712,132713,132766,2023-02-16 14:38:00+00:00,2023-02-16 14:39:00+00:00,2023-02-16 15:32:00+00:00,long,12528.25,12528.5,12528.75,12496.5,12553.75,12578.75,12603.75,12628.75,75.92546643895209,near_trigger,68.92546643895209,32.25,True,True,True,True,False,tp4,12628.75,12628.5,99.75,0.0,99.75,3.0930232558139537,101.5,2.0,3.147286821705426,0.06201550387596899,54,53.0,4,2023-02-16,1.1211498973305956,0.19189511323003575,5.380427738172392,strong_bearish,1.7764948453608247,1.1568330486901042,neutral,bullish,True,True,True,False
128,134085,134086,134088,2023-02-17 14:31:00+00:00,2023-02-17 14:32:00+00:00,2023-02-17 14:34:00+00:00,short,12385.0,12385.25,12385.0,12415.5,12360.0,12335.0,12310.0,12285.0,81.87011112920372,high_probability,-51.87011112920372,30.5,False,False,False,False,True,stop,12415.5,12415.75,-30.75,0.0,-30.75,-1.0081967213114753,0.25,32.0,0.00819672131147541,1.0491803278688525,3,2.0,0,2023-02-17,3.3180873180873185,0.375,0.7652733118971061,partial_bearish,3.903432228039558,0.6416929655586978,bearish,bearish,True,True,True,True
129,134089,134090,134107,2023-02-17 14:35:00+00:00,2023-02-17 14:36:00+00:00,2023-02-17 14:53:00+00:00,short,12409.0,12409.0,12408.75,12425.5,12383.75,12358.75,12333.75,12308.75,83.52567451589074,high_probability,-82.52567451589074,16.75,True,True,True,True,False,tp4,12308.75,12309.0,99.75,0.0,99.75,5.955223880597015,100.75,0.5,6.014925373134329,0.029850746268656716,18,17.0,4,2023-02-17,1.688235294117647,1.0769230769230769,0.7652733118971061,strong_bullish,2.2371945774819384,0.7291519683928319,bearish,bearish,True,True,True,False
130,134114,134115,134117,2023-02-17 15:00:00+00:00,2023-02-17 15:01:00+00:00,2023-02-17 15:03:00+00:00,short,12337.0,12337.0,12336.75,12361.75,12311.75,12286.75,12261.75,12236.75,74.0,near_trigger,-37.88348119219669,25.0,False,False,False,False,True,stop,12361.75,12362.0,-25.25,0.0,-25.25,-1.01,4.0,26.0,0.16,1.04,3,2.0,0,2023-02-17,2.036363636363636,3.2615803814713895,1.689806128830519,partial_bearish,0.9541736694677871,0.6480727521783798,bearish,bearish,True,False,True,False
131,135466,135467,135526,2023-02-20 14:32:00+00:00,2023-02-20 14:33:00+00:00,2023-02-20 15:32:00+00:00,short,12386.5,12386.75,12386.5,12411.5,12361.5,12336.5,12311.5,12286.5,70.8946184268786,near_trigger,-70.8946184268786,25.0,False,False,False,False,False,max_holding_time,12377.75,12378.0,8.5,0.0,8.5,0.34,15.5,6.5,0.62,0.26,60,59.0,0,2023-02-20,2.8170731707317076,0.224,1.0059880239520957,strong_bearish,4.62848751835536,0.11827303359824691,bearish,bearish,False,True,True,False
132,136622,136623,136682,2023-02-21 14:48:00+00:00,2023-02-21 14:49:00+00:00,2023-02-21 15:48:00+00:00,short,12252.5,12253.0,12252.75,12277.75,12227.75,12202.75,12177.75,12152.75,72.33403423289225,near_trigger,-60.33403423289225,25.0,True,True,False,False,False,max_holding_time,12189.75,12190.0,62.75,0.0,62.75,2.51,71.75,16.25,2.87,0.65,60,59.0,2,2023-02-21,1.7230769230769232,2.6162402669632927,1.4220472440944882,partial_bullish,1.5599013767439012,1.1521581757307031,bearish,bearish,False,True,True,False
133,139409,139410,139425,2023-02-23 15:15:00+00:00,2023-02-23 15:16:00+00:00,2023-02-23 15:31:00+00:00,long,12192.0,12191.75,12192.0,12165.75,12217.0,12242.0,12267.0,12292.0,78.99406713866622,near_trigger,46.994067138666225,26.25,False,False,False,False,True,stop,12165.75,12165.5,-26.5,0.0,-26.5,-1.0095238095238095,8.0,41.0,0.3047619047619048,1.561904761904762,16,15.0,0,2023-02-23,1.336870026525199,1.896305897602074,1.0329171396140748,partial_bearish,0.9232679700811506,0.9525795926880503,bullish,bullish,True,False,True,False
134,140778,140779,140838,2023-02-24 15:04:00+00:00,2023-02-24 15:05:00+00:00,2023-02-24 16:04:00+00:00,short,11980.25,11980.25,11980.0,11989.0,11955.0,11930.0,11905.0,11880.0,71.10120422627341,near_trigger,-48.10120422627341,9.0,True,True,False,False,False,max_holding_time,11926.25,11926.5,53.5,0.0,53.5,5.944444444444445,57.25,8.5,6.361111111111111,0.9444444444444444,60,59.0,2,2023-02-24,0.3452914798206278,1.6686046511627906,0.09801633605600933,partial_bearish,0.8335207057547582,0.9202418153675419,bearish,bearish,True,False,True,False
135,142126,142127,142133,2023-02-27 14:32:00+00:00,2023-02-27 14:33:00+00:00,2023-02-27 14:39:00+00:00,long,12128.0,12127.75,12128.0,12114.0,12153.0,12178.0,12203.0,12228.0,71.85431311217214,near_trigger,58.854313112172136,14.0,False,False,False,False,True,stop,12114.0,12113.75,-14.25,0.0,-14.25,-1.0178571428571428,13.0,18.5,0.9285714285714286,1.3214285714285714,7,6.0,0,2023-02-27,0.11451942740286297,0.44717444717444715,3.401500938086304,partial_bearish,4.192991366175724,0.6776489128561227,bullish,bullish,True,True,False,False
136,142148,142149,142191,2023-02-27 14:54:00+00:00,2023-02-27 14:55:00+00:00,2023-02-27 15:37:00+00:00,long,12120.25,12120.25,12120.5,12104.5,12145.5,12170.5,12195.5,12220.5,72.0,near_trigger,48.43969472410727,16.0,True,True,False,False,True,stop,12104.5,12104.25,-16.25,0.0,-16.25,-1.015625,69.0,18.0,4.3125,1.125,43,42.0,2,2023-02-27,0.7852257181942545,1.3290183387270766,1.9580419580419581,partial_bullish,1.0636762142844567,0.7277413759876662,bullish,bullish,True,True,True,True
137,143510,143511,143570,2023-02-28 14:36:00+00:00,2023-02-28 14:37:00+00:00,2023-02-28 15:36:00+00:00,long,12063.5,12063.75,12064.0,12039.25,12089.0,12114.0,12139.0,12164.0,71.87125562619971,near_trigger,47.87125562619971,24.75,True,True,False,False,False,max_holding_time,12074.5,12074.25,10.25,0.0,10.25,0.41414141414141414,60.25,8.25,2.4343434343434343,0.3333333333333333,60,59.0,2,2023-02-28,0.19066147859922178,2.7573062261753494,3.0114942528735633,strong_bearish,1.7568804540184293,0.628952801232127,bullish,bullish,True,True,False,False
138,150456,150457,150516,2023-03-07 15:22:00+00:00,2023-03-07 15:23:00+00:00,2023-03-07 16:22:00+00:00,long,12245.25,12245.0,12245.25,12191.5,12270.25,12295.25,12320.25,12345.25,78.0,near_trigger,22.0,53.75,True,True,False,False,False,max_holding_time,12218.5,12218.25,-27.0,0.0,-27.0,-0.5023255813953489,73.75,36.5,1.372093023255814,0.6790697674418604,60,59.0,2,2023-03-07,1.9683168316831685,5.228710462287104,4.753196930946292,partial_bearish,1.7596760127108872,3.2616733867221614,neutral,bullish,True,True,False,False
139,151789,151790,151791,2023-03-08 14:35:00+00:00,2023-03-08 14:36:00+00:00,2023-03-08 14:37:00+00:00,long,12178.0,12177.25,12177.5,12170.25,12202.5,12227.5,12252.5,12277.5,78.0,near_trigger,72.61209733799208,7.25,False,False,False,False,True,stop,12170.25,12170.0,-7.5,0.0,-7.5,-1.0344827586206897,4.5,8.25,0.6206896551724138,1.1379310344827587,2,1.0,0,2023-03-08,2.771573604060914,0.3181818181818182,0.7012302284710017,partial_bullish,2.4581305788578085,0.9221430811270885,bullish,bullish,True,True,True,False
140,151792,151793,151794,2023-03-08 14:38:00+00:00,2023-03-08 14:39:00+00:00,2023-03-08 14:40:00+00:00,long,12173.5,12173.75,12174.0,12170.25,12199.0,12224.0,12249.0,12274.0,72.0,near_trigger,39.08366137152966,3.75,False,False,False,False,True,stop,12170.25,12170.0,-4.0,0.0,-4.0,-1.0666666666666667,9.0,9.0,2.4,2.4,2,1.0,0,2023-03-08,1.4064914992272024,0.3181818181818182,0.7012302284710017,partial_bullish,1.1264206944813107,0.592100256221619,bullish,bullish,True,True,True,False
141,151831,151832,151835,2023-03-08 15:17:00+00:00,2023-03-08 15:18:00+00:00,2023-03-08 15:21:00+00:00,long,12163.75,12164.75,12165.0,12135.75,12190.0,12215.0,12240.0,12265.0,70.93637395765501,near_trigger,55.93637395765501,29.25,False,False,False,False,True,stop,12135.75,12135.5,-29.5,0.0,-29.5,-1.0085470085470085,5.75,31.0,0.19658119658119658,1.0598290598290598,4,3.0,0,2023-03-08,1.0996168582375478,0.3011797362942401,0.27615062761506276,partial_bearish,0.43577816796558133,0.6237415675842506,bullish,bullish,True,True,True,True
142,153169,153170,153229,2023-03-09 14:35:00+00:00,2023-03-09 14:36:00+00:00,2023-03-09 15:35:00+00:00,long,12281.75,12281.5,12281.75,12236.25,12306.75,12331.75,12356.75,12381.75,71.15896148378981,near_trigger,45.15896148378981,45.5,True,True,False,False,False,max_holding_time,12337.25,12337.0,55.25,0.0,55.25,1.2142857142857142,72.0,20.75,1.5824175824175823,0.45604395604395603,60,59.0,2,2023-03-09,3.004878048780488,0.7427652733118971,4.015420200462606,strong_bullish,2.3620827382537337,1.0905717734364522,bullish,bullish,True,True,False,False
143,158300,158301,158301,2023-03-15 14:06:00+00:00,2023-03-15 14:07:00+00:00,2023-03-15 14:07:00+00:00,short,12241.75,12241.25,12241.0,12245.75,12216.0,12191.0,12166.0,12141.0,72.0,near_trigger,-60.76481922984848,4.75,False,False,False,False,True,stop,12245.75,12246.0,-5.0,0.0,-5.0,-1.0526315789473684,6.75,27.75,1.4210526315789473,5.842105263157895,1,0.0,0,2023-03-15,2.0291411042944785,0.3522012578616352,1.4196925089957475,strong_bullish,0.8392533502665661,0.7383011160636354,bearish,bearish,True,False,True,False
144,158302,158303,158303,2023-03-15 14:08:00+00:00,2023-03-15 14:09:00+00:00,2023-03-15 14:09:00+00:00,short,12245.5,12245.25,12245.0,12245.75,12220.0,12195.0,12170.0,12145.0,76.43770429063457,near_trigger,-56.43770429063457,0.75,False,False,False,False,True,stop,12245.75,12246.0,-1.0,0.0,-1.0,-1.3333333333333333,15.0,1.5,20.0,2.0,1,0.0,0,2023-03-15,1.6488888888888888,0.3522012578616352,1.4196925089957475,strong_bullish,1.0265148933269717,0.9444848606477184,bearish,bearish,True,False,True,False
145,159660,159661,159667,2023-03-16 13:46:00+00:00,2023-03-16 13:47:00+00:00,2023-03-16 13:53:00+00:00,short,12342.25,12342.5,12342.25,12383.75,12317.25,12292.25,12267.25,12242.25,73.96835664109987,near_trigger,-39.968356641099874,41.5,False,False,False,False,True,stop,12383.75,12384.0,-41.75,0.0,-41.75,-1.0060240963855422,7.5,45.25,0.18072289156626506,1.0903614457831325,7,6.0,0,2023-03-16,1.482824427480916,0.5539246968730057,1.2598509052183173,partial_bearish,1.5090928590032326,1.2247587784740874,bearish,bearish,True,True,False,False
146,166544,166545,166554,2023-03-23 13:30:00+00:00,2023-03-23 13:31:00+00:00,2023-03-23 13:40:00+00:00,long,12875.5,12875.5,12875.75,12850.75,12900.75,12925.75,12950.75,12975.75,81.97771592372564,high_probability,45.97771592372564,25.0,False,False,False,False,True,stop,12850.75,12850.5,-25.25,0.0,-25.25,-1.01,12.75,28.0,0.51,1.12,10,9.0,0,2023-03-23,5.850746268656716,3.1601941747572817,1.8465227817745802,strong_bullish,12.309295539808252,1.4721449046570563,bullish,bullish,False,True,True,False
147,166584,166585,166644,2023-03-23 14:10:00+00:00,2023-03-23 14:11:00+00:00,2023-03-23 15:10:00+00:00,long,12932.0,12932.5,12932.75,12907.75,12957.75,12982.75,13007.75,13032.75,80.0,high_probability,66.0,25.0,True,True,True,False,False,max_holding_time,13013.5,13013.25,80.5,0.0,80.5,3.22,98.75,19.75,3.95,0.79,60,59.0,3,2023-03-23,2.0097323600973236,1.4637268847795164,2.339779005524862,strong_bullish,2.190642095290486,2.0470641992232124,bullish,bullish,False,True,True,False
148,167926,167927,167949,2023-03-24 13:32:00+00:00,2023-03-24 13:33:00+00:00,2023-03-24 13:55:00+00:00,short,12801.25,12801.25,12801.0,12822.0,12776.0,12751.0,12726.0,12701.0,73.52342047688029,near_trigger,-56.52342047688029,21.0,True,True,False,False,True,stop,12822.0,12822.25,-21.25,0.0,-21.25,-1.0119047619047619,65.0,24.5,3.0952380952380953,1.1666666666666667,23,22.0,2,2023-03-24,0.4908835904628331,1.3444933920704847,1.376,partial_bullish,4.73099975174664,1.3044158485547777,bearish,bearish,True,True,False,False
149,167975,167976,168035,2023-03-24 14:21:00+00:00,2023-03-24 14:22:00+00:00,2023-03-24 15:21:00+00:00,short,12763.5,12763.5,12763.25,12844.5,12738.25,12713.25,12688.25,12663.25,71.8106196161931,near_trigger,-64.8106196161931,81.25,True,False,False,False,False,max_holding_time,12739.75,12740.0,23.25,0.0,23.25,0.28615384615384615,37.25,76.75,0.4584615384615385,0.9446153846153846,60,59.0,1,2023-03-24,1.2028343666961914,0.36536868268434136,0.07621440536013399,partial_bearish,0.9820347194186516,1.2437882492050556,bearish,bearish,True,False,True,False
150,169304,169305,169318,2023-03-27 13:30:00+00:00,2023-03-27 13:31:00+00:00,2023-03-27 13:44:00+00:00,short,12915.25,12915.0,12914.75,12939.0,12889.75,12864.75,12839.75,12814.75,70.72163648702495,near_trigger,-65.72163648702495,24.25,True,False,False,False,True,stop,12939.0,12939.25,-24.5,0.0,-24.5,-1.0103092783505154,33.0,26.0,1.3608247422680413,1.0721649484536082,14,13.0,1,2023-03-27,0.7777777777777778,0.5823627287853577,1.3125,strong_bearish,9.394586894586894,0.8479520415297209,bearish,neutral,True,True,True,True
151,169321,169322,169324,2023-03-27 13:47:00+00:00,2023-03-27 13:48:00+00:00,2023-03-27 13:50:00+00:00,short,12937.75,12938.0,12937.75,12962.75,12912.75,12887.75,12862.75,12837.75,71.76939735113734,near_trigger,-69.76939735113734,25.0,False,False,False,False,True,stop,12962.75,12963.0,-25.25,0.0,-25.25,-1.01,0.0,27.5,0.0,1.1,3,2.0,0,2023-03-27,0.7121387283236994,0.16699801192842942,0.32869565217391306,strong_bullish,0.7482626495141247,0.6707062264939406,bearish,bearish,True,False,True,False
152,169330,169331,169390,2023-03-27 13:56:00+00:00,2023-03-27 13:57:00+00:00,2023-03-27 14:56:00+00:00,short,12928.0,12927.75,12927.5,12967.25,12902.5,12877.5,12852.5,12827.5,73.39259259259259,near_trigger,-65.39259259259259,39.75,True,True,False,False,False,max_holding_time,12895.25,12895.5,32.0,0.0,32.0,0.8050314465408805,61.0,21.0,1.5345911949685536,0.5283018867924528,60,59.0,2,2023-03-27,2.3333333333333335,0.8873239436619719,0.32869565217391306,partial_bullish,1.2693677778099568,1.5078696138298788,bearish,bearish,True,False,False,True
153,172069,172070,172119,2023-03-29 13:35:00+00:00,2023-03-29 13:36:00+00:00,2023-03-29 14:25:00+00:00,long,12912.0,12912.25,12912.5,12887.5,12937.5,12962.5,12987.5,13012.5,70.61249696603247,near_trigger,42.61249696603247,25.0,False,False,False,False,True,stop,12887.5,12887.25,-25.25,0.0,-25.25,-1.01,20.5,26.5,0.82,1.06,50,49.0,0,2023-03-29,2.4742729306487696,3.7319277108433733,2.9013732833957553,strong_bullish,2.1287450868105267,0.8919865187657473,bullish,bullish,False,True,True,False
154,173451,173452,173452,2023-03-30 13:37:00+00:00,2023-03-30 13:38:00+00:00,2023-03-30 13:38:00+00:00,long,13046.0,13046.0,13046.25,13041.5,13071.25,13096.25,13121.25,13146.25,70.51774749324021,near_trigger,57.51774749324021,4.75,False,False,False,False,True,stop,13041.5,13041.25,-5.0,0.0,-5.0,-1.0526315789473684,3.75,5.75,0.7894736842105263,1.2105263157894737,1,0.0,0,2023-03-30,2.3486842105263155,1.2685082872928177,1.1666666666666667,partial_bullish,2.311305017323239,1.169807889643706,bullish,bullish,True,True,False,False
155,173494,173495,173554,2023-03-30 14:20:00+00:00,2023-03-30 14:21:00+00:00,2023-03-30 15:20:00+00:00,long,13056.0,13055.75,13056.0,13040.5,13081.0,13106.0,13131.0,13156.0,76.30813027764547,near_trigger,75.30813027764547,15.5,True,True,False,False,False,max_holding_time,13101.25,13101.0,45.0,0.0,45.0,2.903225806451613,56.0,1.75,3.6129032258064515,0.11290322580645161,60,59.0,2,2023-03-30,1.1784511784511784,0.436026936026936,0.361731843575419,partial_bearish,0.8031099527322525,1.063614025508015,bullish,bullish,True,True,True,True
156,174824,174825,174884,2023-03-31 13:30:00+00:00,2023-03-31 13:31:00+00:00,2023-03-31 14:30:00+00:00,long,13093.25,13094.0,13094.25,13076.0,13119.25,13144.25,13169.25,13194.25,71.03482608324005,near_trigger,71.03482608324005,18.25,True,True,False,False,False,max_holding_time,13154.5,13154.25,60.0,0.0,60.0,3.287671232876712,68.25,1.0,3.73972602739726,0.0547945205479452,60,59.0,2,2023-03-31,2.6511627906976742,0.36619718309859156,1.019211324570273,partial_bearish,11.776309667814273,1.0033137258010814,bullish,bullish,True,False,False,False
157,177589,177590,177591,2023-04-04 13:35:00+00:00,2023-04-04 13:36:00+00:00,2023-04-04 13:37:00+00:00,short,13271.5,13271.5,13271.25,13286.0,13246.25,13221.25,13196.25,13171.25,70.42305746630079,near_trigger,-23.42305746630079,14.75,False,False,False,False,True,stop,13286.0,13286.25,-15.0,0.0,-15.0,-1.0169491525423728,3.0,15.25,0.2033898305084746,1.0338983050847457,2,1.0,0,2023-04-04,1.4843373493975904,1.5525291828793775,2.904564315352697,strong_bearish,2.0872820872820874,0.6017133991410518,neutral,bearish,True,True,False,False
158,177593,177594,177612,2023-04-04 13:39:00+00:00,2023-04-04 13:40:00+00:00,2023-04-04 13:58:00+00:00,short,13266.75,13267.5,13267.25,13286.0,13242.25,13217.25,13192.25,13167.25,73.7717255088965,near_trigger,-44.771725508896495,18.75,True,False,False,False,True,stop,13286.0,13286.25,-19.0,0.0,-19.0,-1.0133333333333334,37.25,23.25,1.9866666666666666,1.24,19,18.0,1,2023-04-04,1.1337099811676081,1.5525291828793775,2.904564315352697,strong_bearish,1.6590984605161148,0.8671992590019683,neutral,bearish,True,True,True,False
159,177631,177632,177685,2023-04-04 14:17:00+00:00,2023-04-04 14:18:00+00:00,2023-04-04 15:17:00+00:00,short,13294.5,13294.5,13294.25,13328.75,13269.25,13244.25,13219.25,13194.25,71.530223352362,near_trigger,-45.530223352362,34.5,True,True,False,False,False,max_holding_time,13221.0,13221.25,73.0,0.0,73.0,2.1159420289855073,74.0,9.25,2.1449275362318843,0.26811594202898553,54,59.0,2,2023-04-04,2.0855172413793106,2.707718993928881,0.5649717514124294,partial_bullish,1.110732828325815,1.1120895352800817,neutral,bearish,True,True,True,True
160,178988,178989,179032,2023-04-05 14:00:00+00:00,2023-04-05 14:01:00+00:00,2023-04-05 14:44:00+00:00,short,13154.0,13154.0,13153.75,13178.75,13128.75,13103.75,13078.75,13053.75,76.0,near_trigger,-69.08130059294723,25.0,True,True,True,True,False,tp4,13053.75,13054.0,99.75,0.0,99.75,3.99,106.5,11.0,4.26,0.44,44,43.0,4,2023-04-05,1.8106666666666666,1.5233949945593037,3.344028520499109,partial_bearish,2.7671861138543425,1.3983742588159664,bearish,bearish,True,False,False,True
161,184055,184056,184115,2023-04-11 14:12:00+00:00,2023-04-11 14:13:00+00:00,2023-04-11 15:12:00+00:00,short,13085.0,13085.25,13085.0,13122.0,13060.0,13035.0,13010.0,12985.0,84.49565217391304,high_probability,-84.49565217391304,37.0,True,False,False,False,False,max_holding_time,13076.5,13076.75,8.25,0.0,8.25,0.22297297297297297,30.0,22.5,0.8108108108108109,0.6081081081081081,60,59.0,1,2023-04-11,1.8494983277591972,0.36942675159235666,2.0334600760456274,strong_bearish,2.1108049035446164,1.8161599973835258,bearish,bearish,True,True,True,False
162,185418,185419,185478,2023-04-12 13:55:00+00:00,2023-04-12 13:56:00+00:00,2023-04-12 14:55:00+00:00,long,13074.0,13074.0,13074.25,13031.5,13099.25,13124.25,13149.25,13174.25,73.49484562885928,near_trigger,61.49484562885928,42.75,True,True,False,False,True,stop,13031.5,13031.25,-43.0,0.0,-43.0,-1.0058479532163742,54.75,61.25,1.280701754385965,1.432748538011696,60,59.0,2,2023-04-12,0.3712707182320442,3.13022113022113,1.0946773433820067,partial_bullish,0.9403560968806657,1.808784605479648,bullish,bullish,True,True,False,False
163,186774,186775,186834,2023-04-13 13:31:00+00:00,2023-04-13 13:32:00+00:00,2023-04-13 14:31:00+00:00,long,13045.0,13045.25,13045.5,13004.5,13070.5,13095.5,13120.5,13145.5,85.4774193548387,high_probability,61.4774193548387,41.0,True,True,True,False,False,max_holding_time,13117.0,13116.75,71.25,0.0,71.25,1.7378048780487805,93.25,4.5,2.274390243902439,0.10975609756097561,60,59.0,3,2023-04-13,4.873831775700935,0.14405986903648269,2.754471544715447,partial_bullish,7.453986232485475,1.5102626242643058,bullish,bullish,True,True,True,True
164,188183,188184,188191,2023-04-14 14:00:00+00:00,2023-04-14 14:01:00+00:00,2023-04-14 14:08:00+00:00,long,13221.0,13220.75,13221.0,13196.0,13246.0,13271.0,13296.0,13321.0,74.0,near_trigger,29.20484851098263,25.0,True,False,False,False,True,stop,13196.0,13195.75,-25.25,0.0,-25.25,-1.01,34.0,34.25,1.36,1.37,8,7.0,1,2023-04-14,1.2145110410094637,4.055172413793104,3.872514619883041,partial_bullish,1.9535219399538106,1.2697727656540259,bullish,bullish,False,True,True,False
165,192315,192316,192326,2023-04-19 13:52:00+00:00,2023-04-19 13:53:00+00:00,2023-04-19 14:03:00+00:00,short,13099.5,13099.25,13099.0,13121.25,13074.0,13049.0,13024.0,12999.0,72.21911627286076,near_trigger,-46.21911627286076,22.25,False,False,False,False,True,stop,13121.25,13121.5,-22.5,0.0,-22.5,-1.0112359550561798,10.5,26.0,0.47191011235955055,1.1685393258426966,11,10.0,0,2023-04-19,1.8091042584434653,2.2761290322580647,1.1774358974358976,partial_bullish,1.2333912951139547,1.657302869780798,bearish,neutral,True,False,True,False
166,192346,192347,192362,2023-04-19 14:23:00+00:00,2023-04-19 14:24:00+00:00,2023-04-19 14:39:00+00:00,short,13098.25,13098.5,13098.25,13129.25,13073.25,13048.25,13023.25,12998.25,76.77778829427791,near_trigger,-76.77778829427791,31.0,False,False,False,False,True,stop,13129.25,13129.5,-31.25,0.0,-31.25,-1.0080645161290323,7.0,37.75,0.22580645161290322,1.217741935483871,16,15.0,0,2023-04-19,1.5555555555555556,0.8503521126760564,1.6547619047619047,partial_bullish,1.0104989717501893,0.9712252668372761,bearish,bearish,True,True,True,False
167,195053,195054,195054,2023-04-21 13:30:00+00:00,2023-04-21 13:31:00+00:00,2023-04-21 13:31:00+00:00,short,13047.0,13047.0,13046.75,13068.25,13021.75,12996.75,12971.75,12946.75,85.65122212279132,high_probability,-61.651222122791324,21.5,False,False,False,False,True,stop,13068.25,13068.5,-21.75,0.0,-21.75,-1.0116279069767442,3.75,21.5,0.1744186046511628,1.0,1,0.0,0,2023-04-21,4.022988505747127,0.22459893048128343,0.7375231053604435,partial_bullish,8.047243049565392,1.0640276534891473,bearish,bearish,True,True,True,True
168,195055,195056,195056,2023-04-21 13:32:00+00:00,2023-04-21 13:33:00+00:00,2023-04-21 13:33:00+00:00,short,13068.25,13067.75,13067.5,13068.25,13042.5,13017.5,12992.5,12967.5,73.0,near_trigger,-73.0,0.75,False,False,False,False,True,stop,13068.25,13068.5,-1.0,0.0,-1.0,-1.3333333333333333,4.0,6.25,5.333333333333333,8.333333333333334,1,0.0,0,2023-04-21,0.24507658643326036,0.22459893048128343,0.7375231053604435,strong_bullish,3.0222008109518645,0.7678498572011424,bearish,bearish,True,True,True,True
169,196468,196469,196528,2023-04-24 14:05:00+00:00,2023-04-24 14:06:00+00:00,2023-04-24 15:05:00+00:00,short,13075.25,13075.0,13074.75,13105.25,13049.75,13024.75,12999.75,12974.75,73.70692444367134,near_trigger,-27.70692444367134,30.5,True,True,False,False,False,max_holding_time,13017.75,13018.0,56.75,0.0,56.75,1.860655737704918,66.25,27.25,2.1721311475409837,0.8934426229508197,60,59.0,2,2023-04-24,1.9318568994889267,1.1810699588477367,0.44171779141104295,partial_bearish,1.5406696948717515,1.1336555545891678,neutral,bearish,True,True,True,False
170,199195,199196,199216,2023-04-26 13:32:00+00:00,2023-04-26 13:33:00+00:00,2023-04-26 13:53:00+00:00,short,12919.75,12920.25,12920.0,12958.0,12895.0,12870.0,12845.0,12820.0,72.15891736410414,near_trigger,-68.15891736410414,38.0,False,False,False,False,True,stop,12958.0,12958.25,-38.25,0.0,-38.25,-1.006578947368421,21.0,40.0,0.5526315789473685,1.0526315789473684,21,20.0,0,2023-04-26,1.4065934065934067,0.4412121212121212,1.054732775273664,partial_bullish,4.60033373687138,1.4911127136978746,bearish,bearish,True,True,False,False
171,199239,199240,199291,2023-04-26 14:16:00+00:00,2023-04-26 14:17:00+00:00,2023-04-26 15:08:00+00:00,short,12927.5,12927.5,12927.25,12969.75,12902.25,12877.25,12852.25,12827.25,80.5387509509648,high_probability,-68.5387509509648,42.5,True,False,False,False,True,stop,12969.75,12970.0,-42.75,0.0,-42.75,-1.0058823529411764,31.0,46.25,0.7294117647058823,1.088235294117647,52,51.0,1,2023-04-26,2.5755584756898817,0.3463541666666667,0.18022657054582902,partial_bearish,1.227890386893275,1.8873637051735777,bearish,bearish,True,True,True,True
172,200586,200587,200646,2023-04-27 13:43:00+00:00,2023-04-27 13:44:00+00:00,2023-04-27 14:43:00+00:00,long,13024.5,13024.5,13024.75,13012.0,13049.75,13074.75,13099.75,13124.75,70.48351466740118,near_trigger,69.48351466740118,12.75,True,True,True,False,False,max_holding_time,13107.5,13107.25,82.5,0.0,82.5,6.470588235294118,90.0,8.75,7.0588235294117645,0.6862745098039216,60,59.0,3,2023-04-27,1.635036496350365,0.9309462915601022,0.5875706214689266,partial_bullish,1.536688436419516,1.7767906718489728,bullish,bullish,True,True,False,False
173,201956,201957,201965,2023-04-28 13:33:00+00:00,2023-04-28 13:34:00+00:00,2023-04-28 13:42:00+00:00,long,13203.75,13203.25,13203.5,13178.5,13228.5,13253.5,13278.5,13303.5,78.0,near_trigger,34.18665123359712,25.0,False,False,False,False,True,stop,13178.5,13178.25,-25.25,0.0,-25.25,-1.01,11.5,31.0,0.46,1.24,9,8.0,0,2023-04-28,1.1104199066874028,0.24861265260821308,1.781021897810219,partial_bullish,3.323869263783427,1.2666859580035983,bullish,bullish,True,True,True,False
174,202007,202008,202020,2023-04-28 14:24:00+00:00,2023-04-28 14:25:00+00:00,2023-04-28 14:37:00+00:00,long,13285.25,13285.0,13285.25,13260.25,13310.25,13335.25,13360.25,13385.25,70.59456310679612,near_trigger,70.59456310679612,25.0,False,False,False,False,True,stop,13260.25,13260.0,-25.25,0.0,-25.25,-1.01,8.0,45.0,0.32,1.8,13,12.0,0,2023-04-28,1.4135922330097088,2.6462745098039218,1.9949999999999999,strong_bullish,1.1295244611700308,1.814863676341249,bullish,bullish,False,False,True,False
175,203385,203386,203394,2023-05-01 14:22:00+00:00,2023-05-01 14:23:00+00:00,2023-05-01 14:31:00+00:00,long,13291.25,13291.25,13291.5,13277.25,13316.5,13341.5,13366.5,13391.5,83.37435897435897,high_probability,70.37435897435897,14.25,False,False,False,False,True,stop,13277.25,13277.0,-14.5,0.0,-14.5,-1.0175438596491229,4.0,14.25,0.2807017543859649,1.0,9,8.0,0,2023-05-01,2.266025641025641,1.2453987730061349,0.3729189789123196,strong_bearish,2.02359231894792,2.0629074435564068,bullish,bullish,True,True,True,False
176,208855,208856,208915,2023-05-05 13:32:00+00:00,2023-05-05 13:33:00+00:00,2023-05-05 14:32:00+00:00,long,13152.75,13152.5,13152.75,13122.25,13177.75,13202.75,13227.75,13252.75,71.28896273641308,near_trigger,53.28896273641308,30.5,True,True,True,False,False,max_holding_time,13247.75,13247.5,94.75,0.0,94.75,3.1065573770491803,96.0,6.25,3.1475409836065573,0.20491803278688525,60,59.0,3,2023-05-05,2.274599542334096,1.4553014553014554,0.5974781765276431,strong_bullish,4.974480569063216,1.3697326487252126,bullish,bullish,True,True,False,False
177,213021,213022,213067,2023-05-10 13:58:00+00:00,2023-05-10 13:59:00+00:00,2023-05-10 14:44:00+00:00,long,13375.0,13374.75,13375.0,13337.0,13400.0,13425.0,13450.0,13475.0,83.96466552315609,high_probability,71.96466552315609,38.0,True,True,False,False,True,stop,13337.0,13336.75,-38.25,0.0,-38.25,-1.006578947368421,59.0,41.5,1.5526315789473684,1.0921052631578947,46,45.0,2,2023-05-10,2.9296740994854202,0.7665982203969883,3.2641165755919856,partial_bullish,1.0999509764801114,1.688809536312556,bullish,bullish,True,False,True,False
178,214375,214376,214435,2023-05-11 13:32:00+00:00,2023-05-11 13:33:00+00:00,2023-05-11 14:32:00+00:00,short,13395.25,13395.0,13394.75,13426.25,13369.75,13344.75,13319.75,13294.75,84.84615384615384,high_probability,-46.84615384615384,31.5,False,False,False,False,False,max_holding_time,13385.75,13386.0,8.75,0.0,8.75,0.2777777777777778,22.5,25.0,0.7142857142857143,0.7936507936507936,60,59.0,0,2023-05-11,3.829885057471264,0.2716688227684347,0.461961503208066,partial_bearish,5.866509727895867,1.9205313024162474,bearish,bearish,True,True,True,False
179,215784,215785,215844,2023-05-12 14:01:00+00:00,2023-05-12 14:02:00+00:00,2023-05-12 15:01:00+00:00,short,13425.5,13425.0,13424.75,13449.75,13399.75,13374.75,13349.75,13324.75,80.0,high_probability,-44.0,25.0,True,False,False,False,False,max_holding_time,13400.25,13400.5,24.25,0.0,24.25,0.97,42.25,12.0,1.69,0.48,60,59.0,1,2023-05-12,2.7186544342507646,2.8034825870646767,2.3273195876288657,strong_bearish,2.7828002867784636,2.088396630009711,bearish,bearish,False,True,True,False
180,219929,219930,219989,2023-05-17 14:06:00+00:00,2023-05-17 14:07:00+00:00,2023-05-17 15:06:00+00:00,long,13497.75,13498.0,13498.25,13475.0,13523.25,13548.25,13573.25,13598.25,72.10583433686696,near_trigger,55.10583433686696,23.25,True,False,False,False,False,max_holding_time,13528.25,13528.0,29.75,0.0,29.75,1.2795698924731183,44.5,12.0,1.913978494623656,0.5161290322580645,60,59.0,1,2023-05-17,2.0528846153846154,2.88659793814433,1.6592592592592592,partial_bearish,1.2792798405183154,1.2669083056990822,neutral,bullish,True,True,True,False
181,224054,224055,224114,2023-05-22 13:51:00+00:00,2023-05-22 13:52:00+00:00,2023-05-22 14:51:00+00:00,short,13940.0,13940.0,13939.75,13964.75,13914.75,13889.75,13864.75,13839.75,70.0,near_trigger,-60.4676859639678,25.0,True,True,True,False,False,max_holding_time,13889.5,13889.75,50.0,0.0,50.0,2.0,77.75,7.0,3.11,0.28,60,59.0,3,2023-05-22,3.3763440860215055,5.093935790725327,2.8000000000000003,strong_bullish,0.9349191500734999,1.0250699643950827,bearish,bearish,True,False,False,False
182,225415,225416,225475,2023-05-23 13:32:00+00:00,2023-05-23 13:33:00+00:00,2023-05-23 14:32:00+00:00,short,13862.25,13862.0,13861.75,13886.75,13836.75,13811.75,13786.75,13761.75,74.0,near_trigger,-18.611142270788335,25.0,False,False,False,False,False,max_holding_time,13851.75,13852.0,9.75,0.0,9.75,0.39,22.25,18.25,0.89,0.73,60,59.0,0,2023-05-23,4.244343891402715,1.6809210526315788,1.893503727369542,partial_bearish,4.924657534246576,1.2360721615145753,bearish,bearish,False,False,True,False
183,226797,226798,226857,2023-05-24 13:34:00+00:00,2023-05-24 13:35:00+00:00,2023-05-24 14:34:00+00:00,short,13660.25,13660.25,13660.0,13685.0,13635.0,13610.0,13585.0,13560.0,78.0,near_trigger,-32.07107750472589,25.0,True,True,False,False,False,max_holding_time,13598.25,13598.5,61.5,0.0,61.5,2.46,74.0,15.0,2.96,0.6,60,59.0,2,2023-05-24,1.8525519848771268,0.07553956834532374,2.087443946188341,partial_bullish,3.794890781192151,1.8119144422838962,bearish,bearish,True,True,True,False
184,228192,228193,228193,2023-05-25 13:49:00+00:00,2023-05-25 13:50:00+00:00,2023-05-25 13:50:00+00:00,long,13866.25,13866.5,13866.75,13856.25,13891.75,13916.75,13941.75,13966.75,78.0,near_trigger,70.49223744292237,10.5,False,False,False,False,True,stop,13856.25,13856.0,-10.75,0.0,-10.75,-1.0238095238095237,1.5,13.75,0.14285714285714285,1.3095238095238095,1,0.0,0,2023-05-25,2.0136986301369864,3.0285714285714285,1.7439109255393181,strong_bearish,1.616872673804163,2.693302717183314,bullish,bullish,True,True,True,False
185,228194,228195,228227,2023-05-25 13:51:00+00:00,2023-05-25 13:52:00+00:00,2023-05-25 14:24:00+00:00,long,13861.75,13861.75,13862.0,13856.25,13887.0,13912.0,13937.0,13962.0,82.45859478568272,high_probability,81.45859478568272,5.75,True,False,False,False,True,stop,13856.25,13856.0,-6.0,0.0,-6.0,-1.0434782608695652,49.0,8.25,8.521739130434783,1.434782608695652,33,32.0,1,2023-05-25,1.2258064516129032,4.294209702660407,1.7439109255393181,strong_bearish,0.9623304693602216,1.5604939693140274,bullish,bullish,True,False,True,False
186,232082,232083,232086,2023-05-30 13:39:00+00:00,2023-05-30 13:40:00+00:00,2023-05-30 13:43:00+00:00,long,14540.75,14540.75,14541.0,14516.0,14566.0,14591.0,14616.0,14641.0,70.69380710659898,near_trigger,44.69380710659898,25.0,False,False,False,False,True,stop,14516.0,14515.75,-25.25,0.0,-25.25,-1.01,18.75,35.0,0.75,1.4,4,3.0,0,2023-05-30,1.563451776649746,1.0995575221238938,2.217142857142857,partial_bearish,1.7836439262437362,1.597067448680352,bullish,bullish,False,True,True,False
187,232089,232090,232090,2023-05-30 13:46:00+00:00,2023-05-30 13:47:00+00:00,2023-05-30 13:47:00+00:00,long,14508.5,14508.5,14508.75,14501.0,14533.75,14558.75,14583.75,14608.75,73.0,near_trigger,70.34146798851955,7.75,False,False,False,False,True,stop,14501.0,14500.75,-8.0,0.0,-8.0,-1.032258064516129,7.25,11.5,0.9354838709677419,1.4838709677419355,1,0.0,0,2023-05-30,1.5302619692863595,0.39112571898110104,0.550098231827112,strong_bearish,1.1475252895937709,1.7002096105656332,bullish,bullish,True,True,True,False
188,232091,232092,232094,2023-05-30 13:48:00+00:00,2023-05-30 13:49:00+00:00,2023-05-30 13:51:00+00:00,long,14518.5,14518.5,14518.75,14501.0,14543.75,14568.75,14593.75,14618.75,72.07206715868665,near_trigger,57.07206715868665,17.75,False,False,False,False,True,stop,14501.0,14500.75,-18.0,0.0,-18.0,-1.0140845070422535,7.5,37.5,0.4225352112676056,2.112676056338028,3,2.0,0,2023-05-30,0.09351145038167938,0.39112571898110104,0.550098231827112,partial_bearish,0.6750580945003873,1.0534427269842708,bullish,bullish,True,False,True,False
189,232110,232111,232123,2023-05-30 14:07:00+00:00,2023-05-30 14:08:00+00:00,2023-05-30 14:20:00+00:00,short,14448.5,14448.75,14448.5,14461.0,14423.5,14398.5,14373.5,14348.5,81.61776858910855,high_probability,-46.61776858910855,12.5,True,False,False,False,True,stop,14461.0,14461.25,-12.75,0.0,-12.75,-1.02,26.0,20.5,2.08,1.64,13,12.0,1,2023-05-30,2.1692150866462794,4.002382370458606,2.567292225201072,partial_bearish,1.130883820932197,2.051076719530665,neutral,bearish,True,True,True,False
190,233475,233476,233509,2023-05-31 13:52:00+00:00,2023-05-31 13:53:00+00:00,2023-05-31 14:26:00+00:00,short,14387.0,14386.75,14386.5,14406.0,14361.5,14336.5,14311.5,14286.5,76.96860724959228,near_trigger,-48.96860724959228,19.5,True,True,True,True,False,tp4,14286.5,14286.75,99.75,0.0,99.75,5.115384615384615,111.25,7.0,5.705128205128205,0.358974358974359,34,33.0,4,2023-05-31,1.0229007633587786,3.824596774193548,2.7857142857142856,partial_bullish,1.1502792059235936,1.397781962753714,bearish,bearish,True,False,False,False
191,234845,234846,234860,2023-06-01 13:42:00+00:00,2023-06-01 13:43:00+00:00,2023-06-01 13:57:00+00:00,short,14292.25,14292.0,14291.75,14315.75,14266.75,14241.75,14216.75,14191.75,72.9754384554879,near_trigger,-61.975438455487904,24.0,False,False,False,False,True,stop,14315.75,14316.0,-24.25,0.0,-24.25,-1.0104166666666667,19.75,27.5,0.8229166666666666,1.1458333333333333,15,14.0,0,2023-06-01,1.841392649903288,0.8880597014925373,0.2471315092674316,partial_bullish,1.289403271005842,1.1124315316422844,bearish,bearish,True,True,True,False
192,234881,234882,234904,2023-06-01 14:18:00+00:00,2023-06-01 14:19:00+00:00,2023-06-01 14:41:00+00:00,short,14309.0,14309.5,14309.25,14337.75,14284.25,14259.25,14234.25,14209.25,81.70376526897957,high_probability,-81.70376526897957,28.5,True,False,False,False,True,stop,14337.75,14338.0,-28.75,0.0,-28.75,-1.0087719298245614,36.5,34.75,1.280701754385965,1.219298245614035,23,22.0,1,2023-06-01,0.486404833836858,1.1751085383502171,1.0824742268041236,partial_bullish,1.334291070271028,1.1281960122063224,bearish,bearish,True,True,True,True
193,236228,236229,236229,2023-06-02 13:45:00+00:00,2023-06-02 13:46:00+00:00,2023-06-02 13:46:00+00:00,long,14587.5,14588.0,14588.25,14563.25,14613.25,14638.25,14663.25,14688.25,80.0,high_probability,20.0,25.0,False,False,False,False,True,stop,14563.25,14563.0,-25.25,0.0,-25.25,-1.01,0.5,37.0,0.02,1.48,1,0.0,0,2023-06-02,2.3240371845949537,3.250414593698176,2.725228390723823,partial_bullish,1.8015516537362188,1.6205098068023214,bullish,bullish,True,False,True,False
194,236231,236232,236233,2023-06-02 13:48:00+00:00,2023-06-02 13:49:00+00:00,2023-06-02 13:50:00+00:00,long,14554.25,14554.5,14554.75,14529.75,14579.75,14604.75,14629.75,14654.75,72.77110946563002,near_trigger,28.77110946563002,25.0,False,False,False,False,True,stop,14529.75,14529.5,-25.25,0.0,-25.25,-1.01,0.75,37.25,0.03,1.49,2,1.0,0,2023-06-02,4.225225225225225,3.250414593698176,2.725228390723823,partial_bullish,1.4679219325893453,2.067649057858888,bullish,bullish,True,False,True,False
195,236234,236235,236240,2023-06-02 13:51:00+00:00,2023-06-02 13:52:00+00:00,2023-06-02 13:57:00+00:00,long,14524.5,14524.25,14524.5,14499.5,14549.5,14574.5,14599.5,14624.5,70.37985757884029,near_trigger,36.37985757884029,25.0,False,False,False,False,True,stop,14499.5,14499.25,-25.25,0.0,-25.25,-1.01,23.5,26.75,0.94,1.07,6,5.0,0,2023-06-02,1.7232960325534081,0.17346938775510204,2.725228390723823,partial_bullish,1.2925659926853763,1.9004499672624438,bullish,bullish,True,False,False,False
196,236254,236255,236255,2023-06-02 14:11:00+00:00,2023-06-02 14:12:00+00:00,2023-06-02 14:12:00+00:00,short,14508.5,14508.0,14507.75,14526.0,14482.75,14457.75,14432.75,14407.75,71.13594232749743,near_trigger,-66.13594232749743,18.25,False,False,False,False,True,stop,14526.0,14526.25,-18.5,0.0,-18.5,-1.0136986301369864,2.5,20.75,0.136986301369863,1.1369863013698631,1,0.0,0,2023-06-02,0.5767250257466529,3.611390284757119,0.9733403031887089,strong_bearish,0.9856028912065681,1.685957632670889,bearish,bearish,True,False,False,False
197,236264,236265,236282,2023-06-02 14:21:00+00:00,2023-06-02 14:22:00+00:00,2023-06-02 14:39:00+00:00,short,14511.0,14510.75,14510.5,14540.75,14485.5,14460.5,14435.5,14410.5,70.97949886104783,near_trigger,-63.97949886104783,30.25,True,False,False,False,True,stop,14540.75,14541.0,-30.5,0.0,-30.5,-1.0082644628099173,27.5,34.25,0.9090909090909091,1.1322314049586777,18,17.0,1,2023-06-02,0.8929384965831435,0.16016640665626625,0.5243445692883895,partial_bearish,1.183608087484076,1.6075925513507956,bearish,bearish,True,True,True,False
198,237614,237615,237615,2023-06-05 13:51:00+00:00,2023-06-05 13:52:00+00:00,2023-06-05 13:52:00+00:00,long,14606.5,14606.5,14606.75,14594.0,14631.75,14656.75,14681.75,14706.75,76.0,near_trigger,61.0,12.75,False,False,False,False,True,stop,14594.0,14593.75,-13.0,0.0,-13.0,-1.0196078431372548,0.75,19.75,0.058823529411764705,1.5490196078431373,1,0.0,0,2023-06-05,2.2162162162162162,4.495412844036697,4.931979695431472,partial_bullish,1.698530013363515,1.6534805925768599,bullish,bullish,True,True,False,False
199,237616,237617,237676,2023-06-05 13:53:00+00:00,2023-06-05 13:54:00+00:00,2023-06-05 14:53:00+00:00,long,14590.0,14590.0,14590.25,14565.25,14615.25,14640.25,14665.25,14690.25,70.0,near_trigger,32.0,25.0,True,True,False,False,False,max_holding_time,14653.0,14652.75,62.5,0.0,62.5,2.5,70.5,11.25,2.82,0.45,60,59.0,2,2023-06-05,2.5626535626535625,4.495412844036697,4.931979695431472,partial_bullish,0.8827241758390901,0.9716018583528778,bullish,bullish,True,False,False,False
200,238991,238992,238994,2023-06-06 13:48:00+00:00,2023-06-06 13:49:00+00:00,2023-06-06 13:51:00+00:00,long,14552.75,14552.5,14552.75,14539.75,14577.75,14602.75,14627.75,14652.75,75.41352234721187,near_trigger,39.41352234721187,13.0,False,False,False,False,True,stop,14539.75,14539.5,-13.25,0.0,-13.25,-1.0192307692307692,9.0,22.75,0.6923076923076923,1.75,3,2.0,0,2023-06-06,2.464788732394366,3.454068241469816,2.2660753880266076,partial_bearish,1.0667216877724188,1.1270215403899342,neutral,bullish,True,False,True,False
201,239015,239016,239048,2023-06-06 14:12:00+00:00,2023-06-06 14:13:00+00:00,2023-06-06 14:45:00+00:00,short,14558.75,14558.75,14558.5,14583.5,14533.5,14508.5,14483.5,14458.5,71.04133738601824,near_trigger,-37.04133738601824,25.0,False,False,False,False,True,stop,14583.5,14583.75,-25.25,0.0,-25.25,-1.01,15.75,38.75,0.63,1.55,33,32.0,0,2023-06-06,1.0,1.2272340425531914,1.3655172413793104,partial_bullish,1.4229457415432272,1.5254446858495398,bearish,bearish,False,False,True,False
202,240353,240354,240386,2023-06-07 13:30:00+00:00,2023-06-07 13:31:00+00:00,2023-06-07 14:03:00+00:00,long,14626.25,14626.25,14626.5,14590.0,14651.5,14676.5,14701.5,14726.5,72.0,near_trigger,60.0,36.5,True,False,False,False,True,stop,14590.0,14589.75,-36.75,0.0,-36.75,-1.0068493150684932,49.0,39.0,1.3424657534246576,1.0684931506849316,33,32.0,1,2023-06-07,3.88,0.24347826086956523,0.9183673469387755,partial_bearish,20.79411421230877,1.5976671152983402,bullish,bullish,True,True,False,False
203,241736,241737,241737,2023-06-08 13:33:00+00:00,2023-06-08 13:34:00+00:00,2023-06-08 13:34:00+00:00,long,14373.75,14373.75,14374.0,14331.0,14399.0,14424.0,14449.0,14474.0,82.12348045459605,high_probability,44.12348045459605,43.0,False,False,False,False,True,stop,14331.0,14330.75,-43.25,0.0,-43.25,-1.005813953488372,0.0,43.0,0.0,1.0,1,0.0,0,2023-06-08,3.150554675118859,1.0790513833992095,1.8492706645056727,partial_bullish,3.5279132622945726,1.4043505682450563,bullish,bullish,True,True,True,False
204,241739,241740,241799,2023-06-08 13:36:00+00:00,2023-06-08 13:37:00+00:00,2023-06-08 14:36:00+00:00,long,14359.5,14359.75,14360.0,14329.0,14385.0,14410.0,14435.0,14460.0,78.9916054564533,near_trigger,40.9916054564533,31.0,True,True,False,False,False,max_holding_time,14411.5,14411.25,51.25,0.0,51.25,1.653225806451613,67.75,18.5,2.185483870967742,0.5967741935483871,60,59.0,2,2023-06-08,0.323189926547744,0.9650959860383944,1.8492706645056727,partial_bearish,2.1294363256784967,1.5648355360385087,bullish,bullish,True,True,True,False
205,243134,243135,243184,2023-06-09 13:51:00+00:00,2023-06-09 13:52:00+00:00,2023-06-09 14:41:00+00:00,long,14654.0,14653.75,14654.0,14629.0,14679.0,14704.0,14729.0,14754.0,73.92454838594546,near_trigger,73.92454838594546,25.0,True,False,False,False,True,stop,14629.0,14628.75,-25.25,0.0,-25.25,-1.01,34.0,42.75,1.36,1.71,50,49.0,1,2023-06-09,1.184174624829468,4.703247480403135,4.168539325842697,strong_bullish,1.3107110477917367,1.350774159103043,bullish,bullish,False,True,True,False
206,244108,244109,244115,2023-06-12 14:05:00+00:00,2023-06-12 14:06:00+00:00,2023-06-12 14:12:00+00:00,long,14769.75,14769.5,14769.75,14766.25,14794.75,14819.75,14844.75,14869.75,70.0,near_trigger,57.25947230248009,3.5,False,False,False,False,True,stop,14766.25,14766.0,-3.75,0.0,-3.75,-1.0714285714285714,15.5,5.75,4.428571428571429,1.6428571428571428,7,6.0,0,2023-06-12,1.3713450292397662,1.08130081300813,0.7007007007007007,strong_bearish,2.7251402345741966,1.175659621899887,bullish,bullish,True,True,True,False
207,245458,245459,245460,2023-06-13 13:35:00+00:00,2023-06-13 13:36:00+00:00,2023-06-13 13:37:00+00:00,long,15116.0,15115.75,15116.0,15076.5,15141.0,15166.0,15191.0,15216.0,72.61349234312134,near_trigger,46.61349234312134,39.5,False,False,False,False,True,stop,15076.5,15076.25,-39.75,0.0,-39.75,-1.0063291139240507,0.75,53.0,0.0189873417721519,1.3417721518987342,2,1.0,0,2023-06-13,1.8441926345609065,1.0299943406904357,2.5543859649122806,partial_bullish,2.37745879851143,0.9843932289946951,bullish,bullish,True,True,False,False
208,245502,245503,245561,2023-06-13 14:19:00+00:00,2023-06-13 14:20:00+00:00,2023-06-13 15:18:00+00:00,long,15001.75,15001.75,15002.0,14966.0,15027.0,15052.0,15077.0,15102.0,88.43400576368876,high_probability,70.43400576368876,36.0,True,True,True,True,False,tp4,15102.0,15101.75,99.75,0.0,99.75,2.7708333333333335,100.0,23.5,2.7777777777777777,0.6527777777777778,59,58.0,4,2023-06-13,1.0355427473583092,1.4986619090098128,2.9900662251655628,partial_bearish,1.1072654892679792,1.5935580406363208,bullish,bullish,True,True,True,True
209,246839,246840,246846,2023-06-14 13:36:00+00:00,2023-06-14 13:37:00+00:00,2023-06-14 13:43:00+00:00,short,15057.5,15057.75,15057.5,15103.0,15032.5,15007.5,14982.5,14957.5,74.41566826289487,near_trigger,-28.41566826289487,45.5,False,False,False,False,True,stop,15103.0,15103.25,-45.75,0.0,-45.75,-1.0054945054945055,4.5,45.5,0.0989010989010989,1.0,7,6.0,0,2023-06-14,2.4647887323943665,0.7296969696969696,1.532258064516129,strong_bearish,2.840731450176319,1.0195853286185885,neutral,bearish,True,True,True,False
210,248216,248217,248222,2023-06-15 13:33:00+00:00,2023-06-15 13:34:00+00:00,2023-06-15 13:39:00+00:00,short,15117.75,15117.75,15117.5,15152.0,15092.5,15067.5,15042.5,15017.5,84.50792211996485,high_probability,-58.507922119964846,34.5,False,False,False,False,True,stop,15152.0,15152.25,-34.75,0.0,-34.75,-1.0072463768115942,1.5,38.0,0.043478260869565216,1.1014492753623188,6,5.0,0,2023-06-15,2.04031007751938,0.27288135593220336,1.6234939759036144,partial_bullish,3.305940994207194,1.1349026499560653,bearish,bearish,True,True,True,False
211,249595,249596,249598,2023-06-16 13:32:00+00:00,2023-06-16 13:33:00+00:00,2023-06-16 13:35:00+00:00,long,15415.75,15416.0,15416.25,15391.25,15441.25,15466.25,15491.25,15516.25,78.0,near_trigger,54.88914069877242,25.0,False,False,False,False,True,stop,15391.25,15391.0,-25.25,0.0,-25.25,-1.01,21.5,31.25,0.86,1.25,3,2.0,0,2023-06-16,2.4721435316336167,2.5855855855855854,1.8961881589618816,partial_bullish,3.0019112845424862,1.5768337830206436,bullish,bullish,True,True,True,False
212,249599,249600,249606,2023-06-16 13:36:00+00:00,2023-06-16 13:37:00+00:00,2023-06-16 13:43:00+00:00,long,15387.75,15388.25,15388.5,15363.5,15413.5,15438.5,15463.5,15488.5,78.0,near_trigger,36.21247081299087,25.0,False,False,False,False,True,stop,15363.5,15363.25,-25.25,0.0,-25.25,-1.01,8.75,37.5,0.35,1.5,7,6.0,0,2023-06-16,1.5289747399702824,0.4378801042571677,1.8961881589618816,partial_bearish,1.9262907197351957,1.8615416623322585,bullish,bullish,True,True,True,False
213,249614,249615,249616,2023-06-16 13:51:00+00:00,2023-06-16 13:52:00+00:00,2023-06-16 13:53:00+00:00,long,15369.75,15370.25,15370.5,15350.75,15395.5,15420.5,15445.5,15470.5,72.36492280225497,near_trigger,72.36492280225497,19.75,False,False,False,False,True,stop,15350.75,15350.5,-20.0,0.0,-20.0,-1.0126582278481013,7.25,25.5,0.3670886075949367,1.2911392405063291,2,1.0,0,2023-06-16,1.1257731958762887,4.100709219858156,2.429682824655895,partial_bearish,1.0059563203176705,1.3705864925094355,bullish,bullish,True,True,True,False
214,249617,249618,249677,2023-06-16 13:54:00+00:00,2023-06-16 13:55:00+00:00,2023-06-16 14:54:00+00:00,long,15338.75,15338.5,15338.75,15331.0,15363.75,15388.75,15413.75,15438.75,70.0,near_trigger,45.95539000974604,7.75,True,True,True,False,False,max_holding_time,15369.5,15369.25,30.5,0.0,30.5,3.935483870967742,75.75,1.75,9.774193548387096,0.22580645161290322,60,59.0,3,2023-06-16,1.1864406779661019,4.100709219858156,2.429682824655895,strong_bearish,1.3166920926803798,1.9883113268808559,bullish,bullish,True,True,True,False
215,252115,252116,252139,2023-06-20 13:32:00+00:00,2023-06-20 13:33:00+00:00,2023-06-20 13:56:00+00:00,long,15260.25,15260.75,15261.0,15236.0,15286.0,15311.0,15336.0,15361.0,71.81949173451764,near_trigger,23.81949173451764,25.0,True,False,False,False,True,stop,15236.0,15235.75,-25.25,0.0,-25.25,-1.01,49.25,29.0,1.97,1.16,24,23.0,1,2023-06-20,3.5698924731182795,2.431578947368421,1.366183574879227,partial_bearish,4.2057406527787204,1.2743646681470515,bullish,neutral,False,True,True,False
216,252140,252141,252144,2023-06-20 13:57:00+00:00,2023-06-20 13:58:00+00:00,2023-06-20 14:01:00+00:00,long,15232.25,15232.5,15232.75,15207.75,15257.75,15282.75,15307.75,15332.75,78.0,near_trigger,36.20338983050848,25.0,False,False,False,False,True,stop,15207.75,15207.5,-25.25,0.0,-25.25,-1.01,8.25,28.5,0.33,1.14,4,3.0,0,2023-06-20,3.440677966101695,1.8120184899845917,1.5768645357686453,partial_bullish,1.0761778489570344,1.5130765397464054,bullish,bullish,True,True,True,False
217,253493,253494,253495,2023-06-21 13:30:00+00:00,2023-06-21 13:31:00+00:00,2023-06-21 13:32:00+00:00,short,15179.25,15178.75,15178.5,15211.75,15153.5,15128.5,15103.5,15078.5,83.65660209673969,high_probability,-80.65660209673969,33.25,False,False,False,False,True,stop,15211.75,15212.0,-33.5,0.0,-33.5,-1.0075187969924813,0.0,40.75,0.0,1.2255639097744362,2,1.0,0,2023-06-21,3.0223325062034743,0.6810810810810811,0.5793103448275861,partial_bearish,12.503122898049389,1.070752620924606,bearish,bearish,True,True,True,False
218,254880,254881,254883,2023-06-22 13:37:00+00:00,2023-06-22 13:38:00+00:00,2023-06-22 13:40:00+00:00,short,15019.0,15019.5,15019.25,15030.0,14994.25,14969.25,14944.25,14919.25,71.2244000472869,near_trigger,-49.224400047286906,10.75,False,False,False,False,True,stop,15030.0,15030.25,-11.0,0.0,-11.0,-1.0232558139534884,17.25,12.25,1.6046511627906976,1.1395348837209303,3,2.0,0,2023-06-22,0.764629388816645,0.9190371991247264,0.7838899803536347,partial_bullish,2.3412854115985247,1.7509059698645815,bearish,bearish,True,False,False,False
219,254907,254908,254911,2023-06-22 14:04:00+00:00,2023-06-22 14:05:00+00:00,2023-06-22 14:08:00+00:00,long,15095.25,15094.75,15095.0,15070.0,15120.0,15145.0,15170.0,15195.0,70.72287291344362,near_trigger,70.72287291344362,25.0,False,False,False,False,True,stop,15070.0,15069.75,-25.25,0.0,-25.25,-1.01,2.25,26.0,0.09,1.04,4,3.0,0,2023-06-22,0.9491525423728814,3.5058626465661638,3.317108088761632,strong_bullish,0.7714719190129026,1.0561335146858801,bullish,bullish,False,True,True,False
220,254914,254915,254946,2023-06-22 14:11:00+00:00,2023-06-22 14:12:00+00:00,2023-06-22 14:43:00+00:00,long,15110.5,15110.5,15110.75,15064.25,15135.75,15160.75,15185.75,15210.75,86.0,high_probability,62.0,46.5,True,False,False,False,True,stop,15064.25,15064.0,-46.75,0.0,-46.75,-1.0053763440860215,38.5,50.75,0.8279569892473119,1.0913978494623655,32,31.0,1,2023-06-22,2.063679245283019,1.293764087152517,3.317108088761632,strong_bullish,2.2272096756596684,2.4590446035242293,bullish,bullish,True,True,True,True
221,256255,256256,256315,2023-06-23 13:32:00+00:00,2023-06-23 13:33:00+00:00,2023-06-23 14:32:00+00:00,short,15062.5,15063.75,15063.5,15088.5,15038.5,15013.5,14988.5,14963.5,76.0,near_trigger,-25.11195326072908,25.0,True,True,True,False,False,max_holding_time,15054.5,15054.75,8.75,0.0,8.75,0.35,78.75,24.25,3.15,0.97,60,59.0,3,2023-06-23,2.500970873786408,0.5872259294566253,3.2550000000000003,partial_bearish,6.797945205479452,1.4522914337973782,bearish,bearish,True,False,False,False
222,259015,259016,259075,2023-06-27 13:32:00+00:00,2023-06-27 13:33:00+00:00,2023-06-27 14:32:00+00:00,long,14901.75,14901.5,14901.75,14876.75,14926.75,14951.75,14976.75,15001.75,78.0,near_trigger,54.70440481080617,25.0,True,True,True,False,False,max_holding_time,14916.75,14916.5,14.75,0.0,14.75,0.59,77.75,13.5,3.11,0.54,60,59.0,3,2023-06-27,1.926356589147287,0.716374269005848,1.0831408775981526,partial_bullish,6.037481575068435,1.3694939864922957,bullish,bullish,True,True,True,False
223,260393,260394,260394,2023-06-28 13:30:00+00:00,2023-06-28 13:31:00+00:00,2023-06-28 13:31:00+00:00,long,15047.25,15047.5,15047.75,15025.5,15072.75,15097.75,15122.75,15147.75,83.57536030614449,high_probability,83.57536030614449,22.25,False,False,False,False,True,stop,15025.5,15025.25,-22.5,0.0,-22.5,-1.0112359550561798,0.0,22.25,0.0,1.0,1,0.0,0,2023-06-28,1.5,1.7238805970149254,1.5588865096359745,partial_bearish,13.725961538461538,0.9692003826806159,bullish,bullish,True,True,True,False
224,260395,260396,260455,2023-06-28 13:32:00+00:00,2023-06-28 13:33:00+00:00,2023-06-28 14:32:00+00:00,long,15050.5,15050.5,15050.75,15025.5,15075.75,15100.75,15125.75,15150.75,70.8661306990011,near_trigger,44.866130699001104,25.25,True,True,True,True,False,tp4,15150.75,15150.5,99.75,0.0,99.75,3.9504950495049505,105.0,13.0,4.158415841584159,0.5148514851485149,60,59.0,4,2023-06-28,2.101313320825516,1.7238805970149254,1.5588865096359745,partial_bearish,6.4084989718985605,1.2526915163404948,bullish,bullish,True,True,False,False
225,261773,261774,261774,2023-06-29 13:30:00+00:00,2023-06-29 13:31:00+00:00,2023-06-29 13:31:00+00:00,long,15121.0,15121.25,15121.5,15108.5,15146.5,15171.5,15196.5,15221.5,74.08419211279605,near_trigger,74.08419211279605,13.0,False,False,False,False,True,stop,15108.5,15108.25,-13.25,0.0,-13.25,-1.0192307692307692,8.5,27.75,0.6538461538461539,2.1346153846153846,1,0.0,0,2023-06-29,1.3719376391982183,0.2864768683274021,2.5716639209225702,partial_bearish,5.1533795493934145,0.9075786710618685,bullish,bullish,True,False,True,False
226,261776,261777,261788,2023-06-29 13:33:00+00:00,2023-06-29 13:34:00+00:00,2023-06-29 13:45:00+00:00,long,15125.25,15125.5,15125.75,15080.75,15150.75,15175.75,15200.75,15225.75,76.0338820158606,near_trigger,64.0338820158606,45.0,False,False,False,False,True,stop,15080.75,15080.5,-45.25,0.0,-45.25,-1.0055555555555555,19.0,46.25,0.4222222222222222,1.0277777777777777,12,11.0,0,2023-06-29,0.8863309352517985,0.2864768683274021,2.5716639209225702,partial_bearish,2.4956729194929133,1.1865971241423026,bullish,bullish,True,True,True,False
227,261810,261811,261870,2023-06-29 14:07:00+00:00,2023-06-29 14:08:00+00:00,2023-06-29 15:07:00+00:00,short,15065.75,15065.25,15065.0,15130.75,15040.0,15015.0,14990.0,14965.0,84.4,high_probability,-60.400000000000006,65.75,True,False,False,False,False,max_holding_time,15096.0,15096.25,-31.25,0.0,-31.25,-0.4752851711026616,36.5,37.25,0.5551330798479087,0.5665399239543726,60,59.0,1,2023-06-29,2.8228105906313647,0.17796610169491525,2.350032530904359,strong_bearish,3.649666451474069,3.8164429799887487,bearish,bearish,True,True,True,False
228,264588,264589,264648,2023-07-03 14:25:00+00:00,2023-07-03 14:26:00+00:00,2023-07-03 15:25:00+00:00,short,15360.5,15360.5,15360.25,15372.5,15335.25,15310.25,15285.25,15260.25,73.10170361840187,near_trigger,-73.10170361840187,12.25,True,True,False,False,False,max_holding_time,15323.5,15323.75,36.5,0.0,36.5,2.979591836734694,51.25,8.75,4.183673469387755,0.7142857142857143,60,59.0,2,2023-07-03,0.821917808219178,0.24493554327808473,0.5476429287863591,partial_bullish,1.0764998471670326,0.7298692490297298,bearish,bearish,True,False,True,False
229,270997,270998,271057,2023-07-10 14:00:00+00:00,2023-07-10 14:01:00+00:00,2023-07-10 15:00:00+00:00,long,15123.0,15122.5,15122.75,15100.5,15147.75,15172.75,15197.75,15222.75,80.2170228925765,high_probability,44.217022892576495,22.25,True,True,True,False,False,max_holding_time,15143.0,15142.75,20.0,0.0,20.0,0.898876404494382,81.25,0.25,3.651685393258427,0.011235955056179775,60,59.0,3,2023-07-10,1.9267480577136513,2.7719799857040743,1.736,partial_bearish,1.008594300621693,1.2959733992944324,neutral,bullish,True,False,True,False
230,272360,272361,272373,2023-07-11 13:43:00+00:00,2023-07-11 13:44:00+00:00,2023-07-11 13:56:00+00:00,long,15169.0,15169.0,15169.25,15144.25,15194.25,15219.25,15244.25,15269.25,70.39682224428996,near_trigger,48.396822244289964,25.0,False,False,False,False,True,stop,15144.25,15144.0,-25.25,0.0,-25.25,-1.01,10.5,27.75,0.42,1.11,13,12.0,0,2023-07-11,3.461767626613704,0.550761421319797,1.6282973621103118,partial_bearish,1.5573687667357148,1.7522667197225932,bullish,bullish,False,True,True,False
231,272381,272382,272397,2023-07-11 14:04:00+00:00,2023-07-11 14:05:00+00:00,2023-07-11 14:20:00+00:00,short,15132.75,15133.0,15132.75,15157.75,15107.75,15082.75,15057.75,15032.75,72.0,near_trigger,-58.0,25.0,False,False,False,False,True,stop,15157.75,15158.0,-25.25,0.0,-25.25,-1.01,23.75,27.25,0.95,1.09,16,15.0,0,2023-07-11,2.2386634844868736,2.2246256239600664,3.2746536267318667,strong_bearish,1.495357028498239,2.1634559703509244,bearish,bearish,False,True,True,False
232,277881,277882,277887,2023-07-17 13:44:00+00:00,2023-07-17 13:45:00+00:00,2023-07-17 13:50:00+00:00,long,15739.25,15739.25,15739.5,15714.5,15764.5,15789.5,15814.5,15839.5,74.0,near_trigger,32.97003745318352,25.0,False,False,False,False,True,stop,15714.5,15714.25,-25.25,0.0,-25.25,-1.01,2.5,27.75,0.1,1.11,6,5.0,0,2023-07-17,1.8701622971285892,3.6654545454545455,2.8301435406698565,partial_bullish,1.9025295158112714,1.913840990626085,bullish,bullish,False,False,True,False
233,277896,277897,277956,2023-07-17 13:59:00+00:00,2023-07-17 14:00:00+00:00,2023-07-17 14:59:00+00:00,long,15739.75,15740.0,15740.25,15706.75,15765.25,15790.25,15815.25,15840.25,74.92881355932204,near_trigger,50.92881355932204,33.5,True,False,False,False,False,max_holding_time,15755.75,15755.5,15.25,0.0,15.25,0.4552238805970149,32.0,12.0,0.9552238805970149,0.3582089552238806,60,59.0,1,2023-07-17,1.0847457627118644,0.33070866141732286,2.344693281402142,partial_bullish,1.4534043930866165,2.4266112266112265,bullish,bullish,True,False,False,False
234,279303,279304,279322,2023-07-18 14:26:00+00:00,2023-07-18 14:27:00+00:00,2023-07-18 14:45:00+00:00,short,15758.25,15758.25,15758.0,15792.75,15733.0,15708.0,15683.0,15658.0,70.33498964803313,near_trigger,-70.33498964803313,34.75,False,False,False,False,True,stop,15792.75,15793.0,-35.0,0.0,-35.0,-1.0071942446043165,6.25,43.25,0.17985611510791366,1.2446043165467626,19,18.0,0,2023-07-18,1.7380952380952381,0.2161764705882353,1.821998320738875,strong_bearish,1.744333125865842,1.6771229465474973,bearish,bearish,True,True,False,False
235,282010,282011,282057,2023-07-20 13:33:00+00:00,2023-07-20 13:34:00+00:00,2023-07-20 14:20:00+00:00,short,15874.25,15873.75,15873.5,15898.5,15848.5,15823.5,15798.5,15773.5,70.27853047356126,near_trigger,-62.27853047356126,25.0,True,True,True,True,False,tp4,15773.5,15773.75,99.75,0.0,99.75,3.99,101.5,21.5,4.06,0.86,47,46.0,4,2023-07-20,4.068592057761733,0.20209973753280838,1.5064935064935066,partial_bullish,3.722755425275401,1.742883704457922,bearish,bearish,True,True,False,False
236,282058,282059,282059,2023-07-20 14:21:00+00:00,2023-07-20 14:22:00+00:00,2023-07-20 14:22:00+00:00,long,15788.5,15788.5,15788.75,15787.75,15813.75,15838.75,15863.75,15888.75,74.86936114732725,near_trigger,32.869361147327254,1.0,False,False,False,False,True,stop,15787.75,15787.5,-1.25,0.0,-1.25,-1.25,3.0,9.75,3.0,9.75,1,0.0,0,2023-07-20,1.4054758800521512,3.1871382636655947,0.7713742875237491,strong_bearish,1.0696943585584673,1.831753636773947,neutral,bullish,True,False,True,False
237,283410,283411,283415,2023-07-21 13:53:00+00:00,2023-07-21 13:54:00+00:00,2023-07-21 13:58:00+00:00,long,15637.25,15637.5,15637.75,15624.75,15662.75,15687.75,15712.75,15737.75,70.54106074268383,near_trigger,70.54106074268383,13.0,False,False,False,False,True,stop,15624.75,15624.5,-13.25,0.0,-13.25,-1.0192307692307692,12.0,15.0,0.9230769230769231,1.1538461538461537,5,4.0,0,2023-07-21,0.467087466185753,2.473684210526316,0.5035971223021583,strong_bearish,0.8009362038997023,1.5722707386699548,bullish,bullish,True,True,False,False
238,283428,283429,283444,2023-07-21 14:11:00+00:00,2023-07-21 14:12:00+00:00,2023-07-21 14:27:00+00:00,long,15633.5,15633.5,15633.75,15577.25,15658.75,15683.75,15708.75,15733.75,88.2857444561774,high_probability,32.2857444561774,56.5,False,False,False,False,True,stop,15577.25,15577.0,-56.75,0.0,-56.75,-1.0044247787610618,14.25,72.75,0.252212389380531,1.2876106194690264,16,15.0,0,2023-07-21,1.4192185850052799,2.193333333333333,2.8919708029197078,partial_bearish,1.032045341895998,1.5927496466284194,neutral,bullish,True,True,True,True
239,284784,284785,284786,2023-07-24 13:47:00+00:00,2023-07-24 13:48:00+00:00,2023-07-24 13:49:00+00:00,long,15563.0,15563.0,15563.25,15541.25,15588.25,15613.25,15638.25,15663.25,71.20593301435406,near_trigger,70.20593301435406,22.0,False,False,False,False,True,stop,15541.25,15541.0,-22.25,0.0,-22.25,-1.0113636363636365,5.75,22.0,0.26136363636363635,1.0,2,1.0,0,2023-07-24,1.9559808612440193,1.4593939393939392,1.8054298642533935,partial_bullish,2.142604165476585,2.286292485492759,bullish,bullish,True,False,False,False
240,284811,284812,284818,2023-07-24 14:14:00+00:00,2023-07-24 14:15:00+00:00,2023-07-24 14:21:00+00:00,short,15553.25,15552.75,15552.5,15577.5,15527.5,15502.5,15477.5,15452.5,76.0,near_trigger,-34.17741176470588,25.0,False,False,False,False,True,stop,15577.5,15577.75,-25.25,0.0,-25.25,-1.01,4.0,28.25,0.16,1.13,7,6.0,0,2023-07-24,3.1623529411764704,3.5180878552971575,2.52863436123348,partial_bearish,1.0508168459075609,1.6518564949669998,bearish,bearish,True,False,False,False
241,287530,287531,287590,2023-07-26 13:33:00+00:00,2023-07-26 13:34:00+00:00,2023-07-26 14:33:00+00:00,short,15579.75,15579.25,15579.0,15641.0,15554.0,15529.0,15504.0,15479.0,81.0,high_probability,-56.0,62.0,False,False,False,False,False,max_holding_time,15611.25,15611.5,-32.5,0.0,-32.5,-0.5241935483870968,13.25,54.75,0.21370967741935484,0.8830645161290323,60,59.0,0,2023-07-26,3.0297029702970297,0.19753086419753085,0.1084070796460177,partial_bullish,4.389994895354773,1.606259014454256,bearish,bearish,True,True,True,False
242,288947,288948,288962,2023-07-27 14:10:00+00:00,2023-07-27 14:11:00+00:00,2023-07-27 14:25:00+00:00,long,15841.5,15841.75,15842.0,15817.0,15867.0,15892.0,15917.0,15942.0,70.0,near_trigger,37.958386324324294,25.0,False,False,False,False,True,stop,15817.0,15816.75,-25.25,0.0,-25.25,-1.01,11.75,50.75,0.47,2.03,15,14.0,0,2023-07-27,1.7576642335766424,2.3410596026490063,1.6387596899224808,partial_bearish,1.1012914360530859,1.0382214741566729,bullish,bullish,True,False,False,False
243,290297,290298,290357,2023-07-28 13:40:00+00:00,2023-07-28 13:41:00+00:00,2023-07-28 14:40:00+00:00,long,15784.5,15784.75,15785.0,15714.5,15810.0,15835.0,15860.0,15885.0,73.04262574595055,near_trigger,35.042625745950545,70.5,True,True,False,False,False,max_holding_time,15800.5,15800.25,15.25,0.0,15.25,0.21631205673758866,52.75,14.75,0.74822695035461,0.20921985815602837,60,59.0,2,2023-07-28,2.052855924978687,1.6786011656952537,1.0615521855486174,strong_bullish,2.5533330007814965,1.8025378267657381,bullish,bullish,True,True,False,False
244,291667,291668,291671,2023-07-31 13:30:00+00:00,2023-07-31 13:31:00+00:00,2023-07-31 13:34:00+00:00,long,15866.75,15867.0,15867.25,15853.5,15892.25,15917.25,15942.25,15967.25,72.2555917852659,near_trigger,72.2555917852659,13.75,True,False,False,False,True,stop,15853.5,15853.25,-14.0,0.0,-14.0,-1.018181818181818,25.5,22.0,1.8545454545454545,1.6,4,3.0,1,2023-07-31,0.25994694960212206,2.171532846715328,1.0892857142857142,strong_bearish,10.722571840169838,0.9056966281341061,bullish,bullish,True,True,False,False
245,291672,291673,291692,2023-07-31 13:35:00+00:00,2023-07-31 13:36:00+00:00,2023-07-31 13:55:00+00:00,long,15866.5,15866.0,15866.25,15844.25,15891.25,15916.25,15941.25,15966.25,80.77086418319251,high_probability,80.77086418319251,22.0,True,False,False,False,True,stop,15844.25,15844.0,-22.25,0.0,-22.25,-1.0113636363636365,38.75,51.25,1.7613636363636365,2.3295454545454546,20,19.0,1,2023-07-31,0.019204389574759947,1.7352112676056337,1.0892857142857142,strong_bearish,2.4112375877936545,0.9635802289906411,bullish,bullish,True,True,True,False
246,291704,291705,291764,2023-07-31 14:07:00+00:00,2023-07-31 14:08:00+00:00,2023-07-31 15:07:00+00:00,long,15846.0,15845.75,15846.0,15805.5,15871.0,15896.0,15921.0,15946.0,75.78472553699284,near_trigger,33.78472553699284,40.5,True,False,False,False,False,max_holding_time,15877.0,15876.75,30.75,0.0,30.75,0.7592592592592593,33.0,18.5,0.8148148148148148,0.4567901234567901,60,59.0,1,2023-07-31,2.155131264916468,2.1819537658463832,2.607950116913484,partial_bearish,1.1253637053222683,1.6010050575008858,neutral,bullish,True,True,False,False
247,294431,294432,294473,2023-08-02 13:34:00+00:00,2023-08-02 13:35:00+00:00,2023-08-02 14:16:00+00:00,short,15625.25,15625.25,15625.0,15650.0,15600.0,15575.0,15550.0,15525.0,70.26417879659535,near_trigger,-58.264178796595345,25.0,True,True,True,True,False,tp4,15525.0,15525.25,99.75,0.0,99.75,3.99,100.5,6.75,4.02,0.27,42,41.0,4,2023-08-02,3.607361963190184,0.06407322654462243,1.502283105022831,strong_bearish,3.712349579183447,1.3578308577073703,bearish,bearish,False,True,True,False
248,297198,297199,297219,2023-08-04 13:41:00+00:00,2023-08-04 13:42:00+00:00,2023-08-04 14:02:00+00:00,short,15529.25,15529.5,15529.25,15576.75,15504.25,15479.25,15454.25,15429.25,85.8,high_probability,-63.8,47.5,True,True,True,True,False,tp4,15429.25,15429.5,99.75,0.0,99.75,2.1,107.25,12.5,2.2578947368421054,0.2631578947368421,21,20.0,4,2023-08-04,2.763358778625954,1.525179856115108,2.0823045267489713,partial_bullish,1.9763057386819765,1.9762817004196314,bearish,bearish,True,True,False,False
249,297238,297239,297241,2023-08-04 14:21:00+00:00,2023-08-04 14:22:00+00:00,2023-08-04 14:24:00+00:00,short,15452.25,15453.0,15452.75,15472.25,15427.75,15402.75,15377.75,15352.75,73.38158458244112,near_trigger,-73.38158458244112,19.5,False,False,False,False,True,stop,15472.25,15472.5,-19.75,0.0,-19.75,-1.0128205128205128,12.25,23.75,0.6282051282051282,1.2179487179487178,3,2.0,0,2023-08-04,0.7194860813704498,0.20570440795159897,1.824644549763033,partial_bearish,0.9105571992598384,1.5164549035118076,bearish,bearish,True,True,False,False
250,298572,298573,298573,2023-08-07 13:35:00+00:00,2023-08-07 13:36:00+00:00,2023-08-07 13:36:00+00:00,long,15427.25,15427.25,15427.5,15426.5,15452.5,15477.5,15502.5,15527.5,75.68125044200455,near_trigger,41.681250442004554,1.0,False,False,False,False,True,stop,15426.5,15426.25,-1.25,0.0,-1.25,-1.25,10.25,10.5,10.25,10.5,1,0.0,0,2023-08-07,2.596026490066225,1.2475247524752475,0.8846153846153846,partial_bearish,2.7302441838108056,1.1906359001878186,bullish,bullish,True,True,True,False
251,298604,298605,298617,2023-08-07 14:07:00+00:00,2023-08-07 14:08:00+00:00,2023-08-07 14:20:00+00:00,short,15404.75,15405.0,15404.75,15429.75,15379.75,15354.75,15329.75,15304.75,72.0,near_trigger,-33.880983835360894,25.0,False,False,False,False,True,stop,15429.75,15430.0,-25.25,0.0,-25.25,-1.01,12.0,25.25,0.48,1.01,13,12.0,0,2023-08-07,1.9194776931447226,1.2669683257918551,1.4346952444742131,partial_bearish,1.1553764692780417,1.4828289653200972,bearish,bearish,True,True,True,True
252,299982,299983,300042,2023-08-08 14:05:00+00:00,2023-08-08 14:06:00+00:00,2023-08-08 15:05:00+00:00,short,15296.0,15296.5,15296.25,15309.75,15271.25,15246.25,15221.25,15196.25,76.70036171996647,near_trigger,-76.70036171996647,13.5,True,True,False,False,False,max_holding_time,15227.5,15227.75,68.5,0.0,68.5,5.074074074074074,74.0,4.5,5.481481481481482,0.3333333333333333,60,59.0,2,2023-08-08,0.8,2.978021978021978,3.166370633510953,partial_bearish,1.2884478441641973,1.343633968139897,bearish,bearish,True,True,True,True
253,301347,301348,301358,2023-08-09 13:50:00+00:00,2023-08-09 13:51:00+00:00,2023-08-09 14:01:00+00:00,short,15272.75,15272.5,15272.25,15297.25,15247.25,15222.25,15197.25,15172.25,70.39766081871345,near_trigger,-36.39766081871345,25.0,False,False,False,False,True,stop,15297.25,15297.5,-25.25,0.0,-25.25,-1.01,9.0,29.25,0.36,1.17,11,10.0,0,2023-08-09,1.6046783625730994,4.364319248826291,3.446319018404908,strong_bearish,1.4579214637360935,1.661402540033131,neutral,bearish,False,True,True,False
254,301377,301378,301434,2023-08-09 14:20:00+00:00,2023-08-09 14:21:00+00:00,2023-08-09 15:17:00+00:00,short,15266.5,15267.0,15266.75,15291.75,15241.75,15216.75,15191.75,15166.75,70.4,near_trigger,-58.400000000000006,25.0,True,True,True,True,False,tp4,15166.75,15167.0,99.75,0.0,99.75,3.99,108.25,23.75,4.33,0.95,57,56.0,4,2023-08-09,2.3056379821958455,0.28994082840236685,2.9362577107607954,partial_bearish,1.9949618641102793,1.8789955842615171,bearish,bearish,False,True,True,False
255,302709,302710,302710,2023-08-10 13:32:00+00:00,2023-08-10 13:33:00+00:00,2023-08-10 13:33:00+00:00,long,15294.75,15295.0,15295.25,15284.75,15320.25,15345.25,15370.25,15395.25,73.0,near_trigger,53.56751218481689,10.5,False,False,False,False,True,stop,15284.75,15284.5,-10.75,0.0,-10.75,-1.0238095238095237,11.75,10.5,1.119047619047619,1.0,1,0.0,0,2023-08-10,0.7581227436823105,0.9808917197452229,0.44842562432138977,partial_bearish,4.325486130427087,1.2906097689788896,bullish,bullish,True,True,True,False
256,302712,302713,302737,2023-08-10 13:35:00+00:00,2023-08-10 13:36:00+00:00,2023-08-10 14:00:00+00:00,long,15331.5,15331.0,15331.25,15282.75,15356.25,15381.25,15406.25,15431.25,77.75747031547274,near_trigger,44.757470315472744,48.5,True,True,True,True,False,tp4,15431.25,15431.0,99.75,0.0,99.75,2.056701030927835,105.0,15.25,2.1649484536082473,0.31443298969072164,25,24.0,4,2023-08-10,2.402030456852792,0.11275167785234899,0.44842562432138977,partial_bullish,2.6320970293548953,1.2420371599203717,bullish,bullish,True,True,True,False
257,302738,302739,302748,2023-08-10 14:01:00+00:00,2023-08-10 14:02:00+00:00,2023-08-10 14:11:00+00:00,long,15433.5,15433.5,15433.75,15408.75,15458.75,15483.75,15508.75,15533.75,71.96355582577905,near_trigger,63.96355582577905,25.0,False,False,False,False,True,stop,15408.75,15408.5,-25.25,0.0,-25.25,-1.01,8.0,25.75,0.32,1.03,10,9.0,0,2023-08-10,2.72112676056338,3.214642262895175,3.466994669946699,strong_bullish,0.6962583462814429,0.7882475991252258,bullish,bullish,False,True,True,False
258,304094,304095,304119,2023-08-11 13:37:00+00:00,2023-08-11 13:38:00+00:00,2023-08-11 14:02:00+00:00,short,15105.25,15104.75,15104.5,15118.75,15079.5,15054.5,15029.5,15004.5,75.07182858891831,near_trigger,-58.07182858891831,14.25,True,True,False,False,True,stop,15118.75,15119.0,-14.5,0.0,-14.5,-1.0175438596491229,52.5,17.5,3.6842105263157894,1.2280701754385965,25,24.0,2,2023-08-11,2.538011695906433,1.268392370572207,3.1628895184135977,partial_bearish,1.4027438451418905,0.6915401221127923,bearish,bearish,True,True,False,False
259,306847,306848,306855,2023-08-15 13:30:00+00:00,2023-08-15 13:31:00+00:00,2023-08-15 13:38:00+00:00,short,15224.0,15224.25,15224.0,15245.75,15199.0,15174.0,15149.0,15124.0,70.8840033270211,near_trigger,-70.8840033270211,21.75,False,False,False,False,True,stop,15245.75,15246.0,-22.0,0.0,-22.0,-1.0114942528735633,12.0,26.5,0.5517241379310345,1.2183908045977012,8,7.0,0,2023-08-15,0.0340632603406326,1.527027027027027,1.352168199737188,partial_bullish,8.5667880696919,1.10896614996464,bearish,bearish,True,False,False,False
260,306861,306862,306921,2023-08-15 13:44:00+00:00,2023-08-15 13:45:00+00:00,2023-08-15 14:44:00+00:00,short,15208.0,15208.0,15207.75,15252.5,15182.75,15157.75,15132.75,15107.75,90.95711711711712,a_plus_plus,-56.95711711711712,44.75,True,True,True,False,False,max_holding_time,15137.25,15137.5,70.25,0.0,70.25,1.5698324022346368,99.75,9.5,2.2290502793296088,0.2122905027932961,60,59.0,3,2023-08-15,2.497297297297297,1.7853107344632768,1.352168199737188,partial_bullish,1.7210180462926639,1.5809448730221296,bearish,bearish,True,True,True,True
261,308236,308237,308237,2023-08-16 13:39:00+00:00,2023-08-16 13:40:00+00:00,2023-08-16 13:40:00+00:00,short,15096.25,15096.5,15096.25,15098.25,15071.25,15046.25,15021.25,14996.25,70.3816929635706,near_trigger,-36.3816929635706,2.0,False,False,False,False,True,stop,15098.25,15098.5,-2.25,0.0,-2.25,-1.125,8.25,4.25,4.125,2.125,1,0.0,0,2023-08-16,2.5919395465994963,0.8484848484848485,1.2955974842767295,partial_bearish,1.8365725785097708,1.0928571428571427,bearish,bearish,True,False,False,False
262,310988,310989,310989,2023-08-18 13:31:00+00:00,2023-08-18 13:32:00+00:00,2023-08-18 13:32:00+00:00,short,14653.75,14654.25,14654.0,14657.75,14629.0,14604.0,14579.0,14554.0,73.0,near_trigger,-57.85757371389328,3.75,False,False,False,False,True,stop,14657.75,14658.0,-4.0,0.0,-4.0,-1.0666666666666667,2.5,11.0,0.6666666666666666,2.933333333333333,1,0.0,0,2023-08-18,1.3873873873873874,0.6575028636884307,0.8387096774193549,partial_bearish,4.191797882750644,0.9730779026784423,bearish,bearish,True,True,True,False
263,310990,310991,311007,2023-08-18 13:33:00+00:00,2023-08-18 13:34:00+00:00,2023-08-18 13:50:00+00:00,short,14669.5,14668.75,14668.5,14693.5,14643.5,14618.5,14593.5,14568.5,78.0,near_trigger,-34.34320516451674,25.0,True,False,False,False,True,stop,14693.5,14693.75,-25.25,0.0,-25.25,-1.01,40.5,28.5,1.62,1.14,17,16.0,1,2023-08-18,3.362279511533243,0.6575028636884307,0.8387096774193549,partial_bearish,2.752922036220405,1.0639089968976214,bearish,bearish,True,True,True,False
264,311036,311037,311037,2023-08-18 14:19:00+00:00,2023-08-18 14:20:00+00:00,2023-08-18 14:20:00+00:00,short,14647.5,14647.5,14647.25,14655.0,14622.25,14597.25,14572.25,14547.25,73.0,near_trigger,-67.67333333333333,7.75,False,False,False,False,True,stop,14655.0,14655.25,-8.0,0.0,-8.0,-1.032258064516129,2.25,15.75,0.2903225806451613,2.032258064516129,1,0.0,0,2023-08-18,0.16666666666666666,0.9820289855072464,0.03272939801285798,partial_bearish,1.1285916156382478,1.5862822337713927,bearish,bearish,True,True,True,True
265,311038,311039,311055,2023-08-18 14:21:00+00:00,2023-08-18 14:22:00+00:00,2023-08-18 14:38:00+00:00,short,14669.75,14669.75,14669.5,14694.5,14644.5,14619.5,14594.5,14569.5,72.0,near_trigger,-45.62035084158902,25.0,True,False,False,False,True,stop,14694.5,14694.75,-25.25,0.0,-25.25,-1.01,34.5,25.75,1.38,1.03,17,16.0,1,2023-08-18,2.8165680473372783,0.5342920353982301,0.03272939801285798,partial_bullish,1.0023931313727048,1.3778158858835452,bearish,bearish,True,True,True,True
266,312410,312411,312411,2023-08-21 14:13:00+00:00,2023-08-21 14:14:00+00:00,2023-08-21 14:14:00+00:00,long,14905.75,14905.5,14905.75,14898.25,14930.75,14955.75,14980.75,15005.75,85.17121807856822,high_probability,85.17121807856822,7.5,False,False,False,False,True,stop,14898.25,14898.0,-7.75,0.0,-7.75,-1.0333333333333334,0.0,14.0,0.0,1.8666666666666667,1,0.0,0,2023-08-21,1.447415329768271,2.3537653239929948,3.476009139375476,partial_bullish,0.713177386772843,0.7429887301175788,bullish,bullish,True,True,True,False
267,313747,313748,313753,2023-08-22 13:30:00+00:00,2023-08-22 13:31:00+00:00,2023-08-22 13:36:00+00:00,long,15072.25,15072.0,15072.25,15047.25,15097.25,15122.25,15147.25,15172.25,70.0,near_trigger,26.39662638793959,25.0,False,False,False,False,True,stop,15047.25,15047.0,-25.25,0.0,-25.25,-1.01,16.75,28.0,0.67,1.12,6,5.0,0,2023-08-22,2.855524079320113,0.14583333333333331,0.8648018648018648,strong_bearish,13.928986673821663,1.0042170150755065,bullish,bullish,True,True,True,False
268,313764,313765,313767,2023-08-22 13:47:00+00:00,2023-08-22 13:48:00+00:00,2023-08-22 13:50:00+00:00,long,15054.0,15053.5,15053.75,15033.75,15078.75,15103.75,15128.75,15153.75,77.56856636756976,near_trigger,69.56856636756976,20.0,False,False,False,False,True,stop,15033.75,15033.5,-20.25,0.0,-20.25,-1.0125,0.25,28.0,0.0125,1.4,3,2.0,0,2023-08-22,1.705128205128205,2.994219653179191,2.9453894359892567,partial_bearish,0.8788025108643167,1.1325028312570782,bullish,bullish,True,True,False,False
269,313770,313771,313775,2023-08-22 13:53:00+00:00,2023-08-22 13:54:00+00:00,2023-08-22 13:58:00+00:00,long,15023.75,15024.0,15024.25,14999.25,15049.25,15074.25,15099.25,15124.25,70.0,near_trigger,59.260501776701446,25.0,False,False,False,False,True,stop,14999.25,14999.0,-25.25,0.0,-25.25,-1.01,0.0,25.0,0.0,1.0,5,4.0,0,2023-08-22,0.9026548672566371,3.2203023758099354,2.9453894359892567,strong_bearish,0.9321921569370017,1.3115409207161126,bullish,bullish,True,True,False,False
270,316508,316509,316527,2023-08-24 13:31:00+00:00,2023-08-24 13:32:00+00:00,2023-08-24 13:50:00+00:00,short,15293.5,15293.25,15293.0,15357.75,15268.0,15243.0,15218.0,15193.0,76.0,near_trigger,-30.0,64.75,True,True,True,True,False,tp4,15193.0,15193.25,99.75,0.0,99.75,1.5405405405405406,107.0,4.25,1.6525096525096525,0.06563706563706563,19,18.0,4,2023-08-24,4.805642633228841,0.6932367149758454,0.22764227642276424,strong_bearish,8.226720111306191,1.797728407931027,neutral,bearish,True,True,True,True
271,316535,316536,316540,2023-08-24 13:58:00+00:00,2023-08-24 13:59:00+00:00,2023-08-24 14:03:00+00:00,long,15227.25,15227.25,15227.5,15202.5,15252.5,15277.5,15302.5,15327.5,71.64415349887133,near_trigger,25.644153498871333,25.0,False,False,False,False,True,stop,15202.5,15202.25,-25.25,0.0,-25.25,-1.01,7.25,28.25,0.29,1.13,5,4.0,0,2023-08-24,1.674943566591422,4.614195361911455,4.591349257585539,partial_bearish,1.0975498452577517,1.978018691588785,neutral,bullish,False,True,True,False
272,316544,316545,316566,2023-08-24 14:07:00+00:00,2023-08-24 14:08:00+00:00,2023-08-24 14:29:00+00:00,short,15183.0,15183.0,15182.75,15228.75,15157.75,15132.75,15107.75,15082.75,78.68356499705675,near_trigger,-72.68356499705675,46.0,True,True,True,True,False,tp4,15082.75,15083.0,99.75,0.0,99.75,2.1684782608695654,111.0,2.25,2.4130434782608696,0.04891304347826087,22,21.0,4,2023-08-24,1.738255033557047,0.5296803652968036,3.917625681405209,strong_bearish,1.0279752109519975,1.4478566937482278,bearish,bearish,True,True,True,True
273,317887,317888,317932,2023-08-25 13:30:00+00:00,2023-08-25 13:31:00+00:00,2023-08-25 14:15:00+00:00,long,14921.0,14921.25,14921.5,14876.25,14946.5,14971.5,14996.5,15021.5,85.7532383095774,high_probability,73.7532383095774,45.25,True,True,True,True,False,tp4,15021.5,15021.25,99.75,0.0,99.75,2.2044198895027622,105.75,40.5,2.3370165745856353,0.8950276243093923,45,44.0,4,2023-08-25,4.231237322515213,0.48695652173913045,0.29224652087475145,strong_bullish,13.884032634032634,1.1915478869717429,bullish,bullish,True,True,True,True
274,317933,317934,317944,2023-08-25 14:16:00+00:00,2023-08-25 14:17:00+00:00,2023-08-25 14:27:00+00:00,long,15033.0,15032.75,15033.0,14890.25,15058.0,15083.0,15108.0,15133.0,81.10398179749716,high_probability,45.103981797497156,142.75,False,False,False,False,True,stop,14890.25,14890.0,-143.0,0.0,-143.0,-1.001751313485114,16.0,163.0,0.11208406304728546,1.1418563922942206,11,10.0,0,2023-08-25,3.0420932878270763,1.3636363636363635,3.4226044226044223,strong_bullish,1.3175332588605666,2.933329565045361,bullish,bullish,True,True,False,False
275,319272,319273,319276,2023-08-28 13:35:00+00:00,2023-08-28 13:36:00+00:00,2023-08-28 13:39:00+00:00,long,15123.0,15123.0,15123.25,15063.5,15148.25,15173.25,15198.25,15223.25,73.61373369374833,near_trigger,25.61373369374833,59.75,False,False,False,False,True,stop,15063.5,15063.25,-60.0,0.0,-60.0,-1.00418410041841,1.5,61.0,0.02510460251046025,1.0209205020920502,4,3.0,0,2023-08-28,3.511400651465798,0.9989658738366081,3.0405405405405403,strong_bullish,3.0431874468969755,1.3510433386837881,bullish,bullish,True,True,True,False
276,320673,320674,320677,2023-08-29 13:56:00+00:00,2023-08-29 13:57:00+00:00,2023-08-29 14:00:00+00:00,short,15146.25,15146.25,15146.0,15165.25,15121.0,15096.0,15071.0,15046.0,82.7618801275465,high_probability,-82.7618801275465,19.25,False,False,False,False,True,stop,15165.25,15165.5,-19.5,0.0,-19.5,-1.0129870129870129,1.75,58.5,0.09090909090909091,3.038961038961039,4,3.0,0,2023-08-29,1.094972067039106,3.847682119205298,3.252187748607796,partial_bullish,0.8085956481831434,0.9579367516119128,bearish,bearish,True,True,True,False
277,324806,324807,324866,2023-09-01 13:49:00+00:00,2023-09-01 13:50:00+00:00,2023-09-01 14:49:00+00:00,long,15517.5,15517.25,15517.5,15496.25,15542.5,15567.5,15592.5,15617.5,71.21871559633027,near_trigger,71.21871559633027,21.25,True,True,True,False,False,max_holding_time,15513.5,15513.25,-4.25,0.0,-4.25,-0.2,76.0,16.5,3.5764705882352943,0.7764705882352941,60,59.0,3,2023-09-01,1.8110091743119265,3.151969981238274,0.7104477611940299,strong_bearish,1.135921079549329,1.692347635657602,bullish,bullish,True,False,False,False
278,328734,328735,328794,2023-09-06 14:17:00+00:00,2023-09-06 14:18:00+00:00,2023-09-06 15:17:00+00:00,short,15424.25,15424.0,15423.75,15448.75,15398.75,15373.75,15348.75,15323.75,70.0,near_trigger,-17.97088409451686,25.0,True,True,True,False,False,max_holding_time,15368.75,15369.0,54.75,0.0,54.75,2.19,75.5,9.25,3.02,0.37,60,59.0,3,2023-09-06,1.9743589743589742,3.1183079973562458,4.256080114449213,partial_bearish,0.8278975085188299,1.1992153946744273,bearish,bearish,True,False,False,False
279,331452,331453,331454,2023-09-08 13:35:00+00:00,2023-09-08 13:36:00+00:00,2023-09-08 13:37:00+00:00,short,15334.5,15334.0,15333.75,15350.0,15308.75,15283.75,15258.75,15233.75,74.206336834289,near_trigger,-55.206336834289004,16.25,False,False,False,False,True,stop,15350.0,15350.25,-16.5,0.0,-16.5,-1.0153846153846153,0.0,21.25,0.0,1.3076923076923077,2,1.0,0,2023-09-08,3.608024691358025,4.20158550396376,0.6693794506612412,strong_bullish,2.8256797923953516,0.9816864749600175,neutral,bearish,True,False,True,False
280,331473,331474,331477,2023-09-08 13:56:00+00:00,2023-09-08 13:57:00+00:00,2023-09-08 14:00:00+00:00,short,15325.0,15325.25,15325.0,15344.75,15300.0,15275.0,15250.0,15225.0,73.73333333333333,near_trigger,-40.733333333333334,19.75,False,False,False,False,True,stop,15344.75,15345.0,-20.0,0.0,-20.0,-1.0126582278481013,11.0,20.75,0.5569620253164557,1.0506329113924051,4,3.0,0,2023-09-08,3.295238095238095,4.456928838951311,3.8043478260869565,partial_bullish,1.5428630608704657,1.5690456442460867,neutral,bearish,True,True,False,False
281,332414,332415,332416,2023-09-11 13:37:00+00:00,2023-09-11 13:38:00+00:00,2023-09-11 13:39:00+00:00,long,15607.75,15607.5,15607.75,15582.75,15632.75,15657.75,15682.75,15707.75,73.0,near_trigger,45.52466148363641,25.0,False,False,False,False,True,stop,15582.75,15582.5,-25.25,0.0,-25.25,-1.01,3.5,25.0,0.14,1.0,2,1.0,0,2023-09-11,2.0082758620689654,0.38961038961038963,0.15347137637028013,partial_bullish,3.179705654531371,0.9800352144200065,bullish,bullish,True,True,True,False
282,333787,333788,333789,2023-09-12 13:30:00+00:00,2023-09-12 13:31:00+00:00,2023-09-12 13:32:00+00:00,short,15588.5,15588.75,15588.5,15613.5,15563.5,15538.5,15513.5,15488.5,70.67955010961613,near_trigger,-46.67955010961613,25.0,False,False,False,False,True,stop,15613.5,15613.75,-25.25,0.0,-25.25,-1.01,4.75,27.75,0.19,1.11,2,1.0,0,2023-09-12,2.6538461538461537,1.025,1.3585798816568049,strong_bearish,6.712421623453651,0.5225145600970893,bearish,bearish,False,True,True,False
283,333793,333794,333794,2023-09-12 13:36:00+00:00,2023-09-12 13:37:00+00:00,2023-09-12 13:37:00+00:00,short,15617.0,15617.0,15616.75,15621.75,15591.75,15566.75,15541.75,15516.75,78.0,near_trigger,-49.955300931738236,5.0,False,False,False,False,True,stop,15621.75,15622.0,-5.25,0.0,-5.25,-1.05,3.25,5.25,0.65,1.05,1,0.0,0,2023-09-12,1.5777460770328104,0.34393063583815026,1.3585798816568049,partial_bullish,1.9499072840763665,0.6418224801203525,bearish,bearish,True,True,True,False
284,335194,335195,335254,2023-09-13 13:57:00+00:00,2023-09-13 13:58:00+00:00,2023-09-13 14:57:00+00:00,short,15548.75,15549.5,15549.25,15574.25,15524.25,15499.25,15474.25,15449.25,72.0,near_trigger,-48.31580148456383,25.0,True,True,True,False,False,max_holding_time,15556.75,15557.0,-7.75,0.0,-7.75,-0.31,95.25,22.75,3.81,0.91,60,59.0,3,2023-09-13,1.2714570858283434,0.509090909090909,1.8798328108672935,strong_bullish,1.116106850039672,1.2898788828181715,bearish,bearish,True,True,True,False
285,337927,337928,337943,2023-09-15 13:30:00+00:00,2023-09-15 13:31:00+00:00,2023-09-15 13:46:00+00:00,short,15619.0,15619.0,15618.75,15632.0,15593.75,15568.75,15543.75,15518.75,78.0,near_trigger,-78.0,13.25,True,True,True,True,False,tp4,15518.75,15519.0,99.75,0.0,99.75,7.528301886792453,102.25,9.0,7.716981132075472,0.6792452830188679,16,15.0,4,2023-09-15,1.1375,1.1142490372272142,3.1777301927194865,partial_bearish,5.4864116937486695,1.00591292582498,bearish,bearish,True,True,True,False
286,337986,337987,338046,2023-09-15 14:29:00+00:00,2023-09-15 14:30:00+00:00,2023-09-15 15:29:00+00:00,short,15496.0,15496.25,15496.0,15511.5,15471.0,15446.0,15421.0,15396.0,72.0,near_trigger,-35.209197106946164,15.5,True,True,True,False,False,max_holding_time,15430.5,15430.75,65.25,0.0,65.25,4.209677419354839,82.0,10.75,5.290322580645161,0.6935483870967742,60,59.0,3,2023-09-15,0.37444279346210996,0.392,4.658166363084396,strong_bearish,0.6728685191047902,0.9351519664252352,bearish,bearish,True,False,True,False
287,339316,339317,339349,2023-09-18 13:39:00+00:00,2023-09-18 13:40:00+00:00,2023-09-18 14:12:00+00:00,short,15409.75,15409.75,15409.5,15432.75,15384.5,15359.5,15334.5,15309.5,73.91341153616337,near_trigger,-73.91341153616337,23.25,True,False,False,False,True,stop,15432.75,15433.0,-23.5,0.0,-23.5,-1.010752688172043,39.25,29.25,1.6881720430107527,1.2580645161290323,33,32.0,1,2023-09-18,0.19626168224299065,3.859375,0.4950135992747053,strong_bullish,1.7470561892468586,1.4922317099238358,bearish,bearish,True,True,False,False
288,339351,339352,339357,2023-09-18 14:14:00+00:00,2023-09-18 14:15:00+00:00,2023-09-18 14:20:00+00:00,short,15417.25,15417.25,15417.0,15436.25,15392.0,15367.0,15342.0,15317.0,70.33678647939033,near_trigger,-70.33678647939033,19.25,False,False,False,False,True,stop,15436.25,15436.5,-19.5,0.0,-19.5,-1.0129870129870129,0.0,20.75,0.0,1.077922077922078,6,5.0,0,2023-09-18,0.11708482676224612,0.8952916373858046,1.709044908285895,partial_bullish,0.8797903065310778,1.0022256320933383,bearish,bearish,True,True,True,False
289,339360,339361,339420,2023-09-18 14:23:00+00:00,2023-09-18 14:24:00+00:00,2023-09-18 15:23:00+00:00,short,15413.5,15413.5,15413.25,15443.25,15388.25,15363.25,15338.25,15313.25,81.37729486844994,high_probability,-75.37729486844994,30.0,True,False,False,False,False,max_holding_time,15416.5,15416.75,-3.5,0.0,-3.5,-0.11666666666666667,49.0,14.5,1.6333333333333333,0.48333333333333334,60,59.0,1,2023-09-18,1.5295902883156298,0.6115591397849462,1.7328727691421992,partial_bullish,0.8391981944685567,0.9416489345760782,bearish,bearish,True,False,True,False
290,342068,342069,342128,2023-09-20 13:31:00+00:00,2023-09-20 13:32:00+00:00,2023-09-20 14:31:00+00:00,long,15377.0,15377.25,15377.5,15352.5,15402.5,15427.5,15452.5,15477.5,76.0,near_trigger,55.10333374243432,25.0,True,True,False,False,False,max_holding_time,15366.5,15366.25,-11.25,0.0,-11.25,-0.45,57.75,17.25,2.31,0.69,60,59.0,2,2023-09-20,6.825484764542937,1.8032786885245902,1.409271523178808,partial_bearish,10.58876359644746,1.370832821957096,bullish,bullish,True,True,False,False
291,346212,346213,346215,2023-09-25 13:35:00+00:00,2023-09-25 13:36:00+00:00,2023-09-25 13:38:00+00:00,short,14810.75,14810.75,14810.5,14835.5,14785.5,14760.5,14735.5,14710.5,73.0,near_trigger,-49.09354089670741,25.0,False,False,False,False,True,stop,14835.5,14835.75,-25.25,0.0,-25.25,-1.01,7.75,27.75,0.31,1.11,3,2.0,0,2023-09-25,1.3167358229598893,0.2627986348122867,0.1361111111111111,partial_bearish,3.110708339480284,1.1404552549025668,bearish,bearish,True,True,True,True
292,346217,346218,346233,2023-09-25 13:40:00+00:00,2023-09-25 13:41:00+00:00,2023-09-25 13:56:00+00:00,short,14858.25,14858.0,14857.75,14882.75,14832.75,14807.75,14782.75,14757.75,78.0,near_trigger,-59.44453125,25.0,False,False,False,False,True,stop,14882.75,14883.0,-25.25,0.0,-25.25,-1.01,15.5,34.5,0.62,1.38,16,15.0,0,2023-09-25,2.59765625,1.860759493670886,0.1361111111111111,partial_bullish,2.3065650210939235,1.538051525022209,bearish,bearish,True,True,True,False
293,347595,347596,347631,2023-09-26 13:38:00+00:00,2023-09-26 13:39:00+00:00,2023-09-26 14:14:00+00:00,short,14846.0,14845.75,14845.5,14870.5,14820.5,14795.5,14770.5,14745.5,76.0,near_trigger,-33.2,25.0,True,True,True,True,False,tp4,14745.5,14745.75,99.75,0.0,99.75,3.99,106.75,0.5,4.27,0.02,36,35.0,4,2023-09-26,2.861035422343324,0.7063389391979301,2.716595744680851,partial_bearish,2.6229668982427463,1.75686772579462,bearish,bearish,True,True,False,False
294,348969,348970,348998,2023-09-27 13:32:00+00:00,2023-09-27 13:33:00+00:00,2023-09-27 14:01:00+00:00,long,14766.75,14766.75,14767.0,14747.25,14792.0,14817.0,14842.0,14867.0,73.0,near_trigger,53.791627824530586,19.75,True,False,False,False,True,stop,14747.25,14747.0,-20.0,0.0,-20.0,-1.0126582278481013,39.25,23.5,1.9873417721518987,1.1898734177215189,29,28.0,1,2023-09-27,1.0523917995444192,0.49633251833740827,0.09098294069861901,partial_bearish,4.167133858787059,0.9483923263982708,bullish,bullish,True,True,True,True
295,349017,349018,349048,2023-09-27 14:20:00+00:00,2023-09-27 14:21:00+00:00,2023-09-27 14:51:00+00:00,long,14727.5,14727.25,14727.5,14710.25,14752.5,14777.5,14802.5,14827.5,81.92540793149978,high_probability,81.92540793149978,17.25,True,False,False,False,True,stop,14710.25,14710.0,-17.5,0.0,-17.5,-1.0144927536231885,44.5,23.5,2.579710144927536,1.3623188405797102,31,30.0,1,2023-09-27,1.1746575342465753,2.486842105263158,2.1296969696969694,partial_bearish,1.1361719493946403,1.2306604190610908,bullish,bullish,True,False,True,False
296,350347,350348,350351,2023-09-28 13:30:00+00:00,2023-09-28 13:31:00+00:00,2023-09-28 13:34:00+00:00,short,14677.5,14677.75,14677.5,14704.75,14652.5,14627.5,14602.5,14577.5,83.59414799227763,high_probability,-83.59414799227763,27.25,False,False,False,False,True,stop,14704.75,14705.0,-27.5,0.0,-27.5,-1.0091743119266054,16.25,34.0,0.5963302752293578,1.2477064220183487,4,3.0,0,2023-09-28,1.076923076923077,0.5458276333789329,1.246451612903226,strong_bearish,10.256688554838009,1.2031166450232984,bearish,bearish,True,False,True,False
297,350352,350353,350368,2023-09-28 13:35:00+00:00,2023-09-28 13:36:00+00:00,2023-09-28 13:51:00+00:00,short,14696.75,14696.5,14696.25,14713.75,14671.25,14646.25,14621.25,14596.25,78.63883830923962,near_trigger,-78.63883830923962,17.5,True,False,False,False,True,stop,14713.75,14714.0,-17.75,0.0,-17.75,-1.0142857142857142,40.0,18.25,2.2857142857142856,1.042857142857143,16,15.0,1,2023-09-28,1.1964483906770254,0.11403508771929824,1.246451612903226,partial_bullish,1.8759808752144238,0.8102016046405321,bearish,bearish,True,True,True,False
298,353107,353108,353108,2023-10-02 13:30:00+00:00,2023-10-02 13:31:00+00:00,2023-10-02 13:31:00+00:00,short,14854.0,14854.25,14854.0,14879.0,14829.0,14804.0,14779.0,14754.0,73.56870155716935,near_trigger,-49.56870155716935,25.0,False,False,False,False,True,stop,14879.0,14879.25,-25.25,0.0,-25.25,-1.01,1.75,30.25,0.07,1.21,1,0.0,0,2023-10-02,1.4181034482758619,2.497863247863248,0.3050847457627119,partial_bullish,8.476050671451096,0.9819049838448604,bearish,bearish,False,False,True,False
299,353123,353124,353137,2023-10-02 13:46:00+00:00,2023-10-02 13:47:00+00:00,2023-10-02 14:00:00+00:00,short,14931.25,14931.25,14931.0,14963.0,14906.0,14881.0,14856.0,14831.0,72.63758175933187,near_trigger,-52.637581759331866,32.0,True,False,False,False,True,stop,14963.0,14963.25,-32.25,0.0,-32.25,-1.0078125,26.75,33.0,0.8359375,1.03125,14,13.0,1,2023-10-02,0.6674418604651162,4.329787234042553,3.3236775818639797,partial_bullish,1.0778244527968164,0.9934888270718063,bearish,bearish,True,True,True,False
300,355867,355868,355905,2023-10-04 13:30:00+00:00,2023-10-04 13:31:00+00:00,2023-10-04 14:08:00+00:00,long,14774.5,14774.75,14775.0,14754.25,14800.0,14825.0,14850.0,14875.0,83.55162288783707,high_probability,79.55162288783707,20.75,True,True,False,False,True,stop,14754.25,14754.0,-21.0,0.0,-21.0,-1.0120481927710843,59.5,34.5,2.8674698795180724,1.6626506024096386,38,37.0,2,2023-10-04,2.23728813559322,1.3704115684093439,0.2768361581920904,partial_bullish,10.049597423510466,0.9395286097963411,bullish,bullish,True,True,True,False
301,355910,355911,355920,2023-10-04 14:13:00+00:00,2023-10-04 14:14:00+00:00,2023-10-04 14:23:00+00:00,long,14786.0,14786.5,14786.75,14754.25,14811.75,14836.75,14861.75,14886.75,82.53427065026362,high_probability,66.53427065026362,32.5,False,False,False,False,True,stop,14754.25,14754.0,-32.75,0.0,-32.75,-1.0076923076923077,8.25,33.25,0.25384615384615383,1.023076923076923,10,9.0,0,2023-10-04,2.12829525483304,1.655006031363088,0.23702894593118515,partial_bullish,1.2377548182408142,1.6470201217171994,bullish,bullish,True,False,True,False
302,357256,357257,357282,2023-10-05 13:39:00+00:00,2023-10-05 13:40:00+00:00,2023-10-05 14:05:00+00:00,short,14882.0,14882.5,14882.25,14925.75,14857.25,14832.25,14807.25,14782.25,84.51659370312416,high_probability,-72.51659370312416,43.5,True,True,True,True,False,tp4,14782.25,14782.5,99.75,0.0,99.75,2.293103448275862,108.5,1.25,2.4942528735632186,0.028735632183908046,26,25.0,4,2023-10-05,2.0510543840177577,0.7789634146341464,0.6431980906921242,partial_bearish,2.089083323480229,1.3111139380061907,bearish,bearish,True,True,True,True
303,358631,358632,358680,2023-10-06 13:34:00+00:00,2023-10-06 13:35:00+00:00,2023-10-06 14:23:00+00:00,short,14766.25,14766.0,14765.75,14800.25,14740.75,14715.75,14690.75,14665.75,74.37637286408993,near_trigger,-74.37637286408993,34.5,True,True,False,False,True,stop,14800.25,14800.5,-34.75,0.0,-34.75,-1.0072463768115942,63.75,44.5,1.8478260869565217,1.289855072463768,49,48.0,2,2023-10-06,1.6617210682492582,1.2554186145346364,3.6022005924672027,partial_bullish,2.1818084062529404,1.4509309663636445,bearish,bearish,True,True,False,False
304,361401,361402,361415,2023-10-10 13:44:00+00:00,2023-10-10 13:45:00+00:00,2023-10-10 13:58:00+00:00,short,15207.25,15207.25,15207.0,15227.75,15182.0,15157.0,15132.0,15107.0,74.09745199451025,near_trigger,-72.09745199451025,20.75,False,False,False,False,True,stop,15227.75,15228.0,-21.0,0.0,-21.0,-1.0120481927710843,13.5,24.75,0.6506024096385542,1.1927710843373494,14,13.0,0,2023-10-10,0.6492753623188405,0.41569459172852596,0.3822525597269625,partial_bullish,1.2716504081226359,1.2597376984518291,bearish,bearish,True,True,True,False
305,362821,362822,362881,2023-10-11 14:24:00+00:00,2023-10-11 14:25:00+00:00,2023-10-11 15:24:00+00:00,long,15328.75,15328.5,15328.75,15298.75,15353.75,15378.75,15403.75,15428.75,71.66288955099833,near_trigger,51.66288955099833,30.0,True,True,False,False,False,max_holding_time,15336.5,15336.25,7.5,0.0,7.5,0.25,54.25,28.5,1.8083333333333333,0.95,60,59.0,2,2023-10-11,1.55810147299509,0.9962149886449659,1.19859649122807,partial_bearish,0.9634646570638176,0.7659929467976185,bullish,bullish,True,True,True,True
306,364153,364154,364185,2023-10-12 13:36:00+00:00,2023-10-12 13:37:00+00:00,2023-10-12 14:08:00+00:00,short,15403.0,15403.25,15403.0,15428.0,15378.0,15353.0,15328.0,15303.0,71.56747252747253,near_trigger,-51.56747252747253,25.0,True,False,False,False,True,stop,15428.0,15428.25,-25.25,0.0,-25.25,-1.01,37.5,26.0,1.5,1.04,32,31.0,1,2023-10-12,1.3333333333333333,0.20481927710843373,2.1615798922800717,partial_bullish,3.0406019864125104,1.550069085884663,bearish,bearish,True,True,False,False
307,364193,364194,364204,2023-10-12 14:16:00+00:00,2023-10-12 14:17:00+00:00,2023-10-12 14:27:00+00:00,short,15423.5,15423.0,15422.75,15453.5,15397.75,15372.75,15347.75,15322.75,85.8,high_probability,-85.8,30.75,False,False,False,False,True,stop,15453.5,15453.75,-31.0,0.0,-31.0,-1.008130081300813,5.5,38.25,0.17886178861788618,1.2439024390243902,11,10.0,0,2023-10-12,1.9130434782608696,3.4236760124610592,1.9852034525277436,partial_bullish,1.7343378902032978,1.8564877324867108,bearish,bearish,True,True,False,False
308,364205,364206,364257,2023-10-12 14:28:00+00:00,2023-10-12 14:29:00+00:00,2023-10-12 15:20:00+00:00,short,15428.5,15428.75,15428.5,15458.75,15403.5,15378.5,15353.5,15328.5,70.2,near_trigger,-70.2,30.25,True,False,False,False,True,stop,15458.75,15459.0,-30.5,0.0,-30.5,-1.0082644628099173,31.75,30.25,1.0495867768595042,1.0,52,51.0,1,2023-10-12,0.8556566970091027,1.7389473684210526,1.9852034525277436,partial_bullish,1.5441867101023672,1.777254751707057,bearish,bearish,True,True,False,False
309,365534,365535,365564,2023-10-13 13:37:00+00:00,2023-10-13 13:38:00+00:00,2023-10-13 14:07:00+00:00,long,15317.0,15317.25,15317.5,15292.5,15342.5,15367.5,15392.5,15417.5,73.82216710379227,near_trigger,31.822167103792268,25.0,True,False,False,False,True,stop,15292.5,15292.25,-25.25,0.0,-25.25,-1.01,45.0,31.75,1.8,1.27,30,29.0,1,2023-10-13,1.9001280409731114,0.5011547344110855,3.8013964313421256,partial_bearish,1.8709541971377583,1.0142645775636405,neutral,bullish,True,True,True,False
310,368316,368317,368323,2023-10-17 13:59:00+00:00,2023-10-17 14:00:00+00:00,2023-10-17 14:06:00+00:00,short,15079.0,15079.25,15079.0,15104.0,15054.0,15029.0,15004.0,14979.0,72.51911528189017,near_trigger,-44.519115281890166,25.0,False,False,False,False,True,stop,15104.0,15104.25,-25.25,0.0,-25.25,-1.01,7.5,29.5,0.3,1.18,7,6.0,0,2023-10-17,1.1870324189526185,3.480225988700565,4.816559600285511,partial_bearish,0.6749118362886802,1.0397918579736762,bearish,bearish,False,True,True,False
311,369673,369674,369716,2023-10-18 13:36:00+00:00,2023-10-18 13:37:00+00:00,2023-10-18 14:19:00+00:00,short,15171.25,15171.5,15171.25,15196.25,15146.25,15121.25,15096.25,15071.25,70.04244694132335,near_trigger,-52.04244694132335,25.0,True,False,False,False,True,stop,15196.25,15196.5,-25.25,0.0,-25.25,-1.01,49.75,35.0,1.99,1.4,43,42.0,1,2023-10-18,2.9013732833957553,3.086729362591431,1.7353215284249768,partial_bullish,2.7757949905147745,1.501365193648806,bearish,bearish,False,True,False,False
312,369718,369719,369720,2023-10-18 14:21:00+00:00,2023-10-18 14:22:00+00:00,2023-10-18 14:23:00+00:00,short,15209.0,15209.5,15209.25,15219.5,15184.25,15159.25,15134.25,15109.25,70.77389920424403,near_trigger,-70.77389920424403,10.25,False,False,False,False,True,stop,15219.5,15219.75,-10.5,0.0,-10.5,-1.024390243902439,2.75,10.75,0.2682926829268293,1.048780487804878,2,1.0,0,2023-10-18,2.4459770114942527,1.2593818984547462,1.0795805058605799,strong_bullish,1.1916785942549533,1.7090111025045185,bearish,bearish,True,False,False,False
313,369723,369724,369783,2023-10-18 14:26:00+00:00,2023-10-18 14:27:00+00:00,2023-10-18 15:26:00+00:00,short,15182.0,15182.25,15182.0,15219.5,15157.0,15132.0,15107.0,15082.0,72.08193325661681,near_trigger,-60.08193325661681,37.5,True,True,True,False,False,max_holding_time,15142.75,15143.0,39.0,0.0,39.0,1.04,88.75,11.75,2.3666666666666667,0.31333333333333335,60,59.0,3,2023-10-18,1.7399309551208286,1.5149253731343284,1.0795805058605799,partial_bullish,1.2180997343795463,1.6683163862143435,bearish,bearish,True,True,False,False
314,371053,371054,371059,2023-10-19 13:36:00+00:00,2023-10-19 13:37:00+00:00,2023-10-19 13:42:00+00:00,long,15056.75,15057.0,15057.25,15032.25,15082.25,15107.25,15132.25,15157.25,74.0,near_trigger,31.43604824501965,25.0,False,False,False,False,True,stop,15032.25,15032.0,-25.25,0.0,-25.25,-1.01,1.5,33.25,0.06,1.33,6,5.0,0,2023-10-19,2.8248730964467006,1.2901459854014599,2.2329945269741986,partial_bearish,2.724974140903344,1.204939693725437,bullish,bullish,False,True,True,False
315,373810,373811,373832,2023-10-23 13:33:00+00:00,2023-10-23 13:34:00+00:00,2023-10-23 13:55:00+00:00,short,14580.0,14580.5,14580.25,14632.0,14555.25,14530.25,14505.25,14480.25,83.73140178284928,high_probability,-59.731401782849275,51.75,True,True,False,False,True,stop,14632.0,14632.25,-52.0,0.0,-52.0,-1.0048309178743962,66.0,52.0,1.2753623188405796,1.0048309178743962,22,21.0,2,2023-10-23,1.7909215955983493,0.981549815498155,0.8671641791044776,partial_bearish,3.8013952418674775,1.1642522285615897,bearish,bearish,True,True,True,False
316,375197,375198,375208,2023-10-24 13:40:00+00:00,2023-10-24 13:41:00+00:00,2023-10-24 13:51:00+00:00,long,14828.75,14829.0,14829.25,14760.5,14854.25,14879.25,14904.25,14929.25,84.22442057659694,high_probability,58.22442057659694,68.75,False,False,False,False,True,stop,14760.5,14760.25,-69.0,0.0,-69.0,-1.0036363636363637,8.0,70.25,0.11636363636363636,1.0218181818181817,11,10.0,0,2023-10-24,1.7340619307832421,1.6338329764453963,0.5666337611056268,partial_bullish,2.4457370196907893,1.5817930135982412,bullish,bullish,True,True,True,False
317,376568,376569,376623,2023-10-25 13:31:00+00:00,2023-10-25 13:32:00+00:00,2023-10-25 14:26:00+00:00,short,14703.5,14703.25,14703.0,14728.0,14678.0,14653.0,14628.0,14603.0,81.6,high_probability,-67.6,25.0,True,True,True,True,False,tp4,14603.0,14603.25,99.75,0.0,99.75,3.99,103.0,0.5,4.12,0.02,55,54.0,4,2023-10-25,4.975206611570248,0.8839941262848752,2.51006711409396,strong_bearish,10.774151718175924,1.5877343287194807,bearish,bearish,False,True,True,False
318,376624,376625,376629,2023-10-25 14:27:00+00:00,2023-10-25 14:28:00+00:00,2023-10-25 14:32:00+00:00,short,14603.75,14604.0,14603.75,14642.25,14578.75,14553.75,14528.75,14503.75,74.0,near_trigger,-66.59509803921569,38.5,False,False,False,False,True,stop,14642.25,14642.5,-38.75,0.0,-38.75,-1.0064935064935066,2.5,43.5,0.06493506493506493,1.12987012987013,5,4.0,0,2023-10-25,1.3382352941176472,0.7394957983193278,4.472222222222222,strong_bearish,2.246007918896576,1.8301286975430469,bearish,bearish,True,True,True,True
319,377959,377960,377964,2023-10-26 13:42:00+00:00,2023-10-26 13:43:00+00:00,2023-10-26 13:47:00+00:00,long,14413.0,14413.0,14413.25,14388.25,14438.25,14463.25,14488.25,14513.25,73.53912650385789,near_trigger,51.53912650385789,25.0,False,False,False,False,True,stop,14388.25,14388.0,-25.25,0.0,-25.25,-1.01,16.25,35.0,0.65,1.4,5,4.0,0,2023-10-26,0.2920592193808883,1.593103448275862,3.119314436387607,partial_bearish,1.7282899537825347,1.8877091102318122,bullish,bullish,True,True,False,False
320,378005,378006,378015,2023-10-26 14:28:00+00:00,2023-10-26 14:29:00+00:00,2023-10-26 14:38:00+00:00,long,14330.25,14330.0,14330.25,14269.25,14355.25,14380.25,14405.25,14430.25,98.4,a_plus_plus,72.4,61.0,False,False,False,False,True,stop,14269.25,14269.0,-61.25,0.0,-61.25,-1.0040983606557377,0.0,62.75,0.0,1.028688524590164,10,9.0,0,2023-10-26,2.8606403013182673,1.3970401691331924,2.5494018608772704,partial_bearish,2.3064312042691313,2.67048856615071,bullish,bullish,True,True,True,False
321,379333,379334,379346,2023-10-27 13:36:00+00:00,2023-10-27 13:37:00+00:00,2023-10-27 13:49:00+00:00,long,14323.0,14323.0,14323.25,14299.25,14348.25,14373.25,14398.25,14423.25,77.0876050613435,near_trigger,77.0876050613435,24.0,True,False,False,False,True,stop,14299.25,14299.0,-24.25,0.0,-24.25,-1.0104166666666667,33.0,32.0,1.375,1.3333333333333333,13,12.0,1,2023-10-27,0.015538290788013318,0.18229166666666666,0.6511627906976745,partial_bullish,2.4075669466580516,1.025448930135845,bullish,bullish,True,True,True,False
322,382095,382096,382110,2023-10-31 13:38:00+00:00,2023-10-31 13:39:00+00:00,2023-10-31 13:53:00+00:00,long,14338.25,14337.75,14338.0,14313.0,14363.0,14388.0,14413.0,14438.0,70.90295385699201,near_trigger,70.90295385699201,25.0,False,False,False,False,True,stop,14313.0,14312.75,-25.25,0.0,-25.25,-1.01,18.0,26.75,0.72,1.07,15,14.0,0,2023-10-31,3.0600226500566254,1.854054054054054,1.0129198966408268,strong_bearish,1.7225566492897366,1.0517003948892394,bullish,bullish,True,True,False,False
323,383503,383504,383507,2023-11-01 14:06:00+00:00,2023-11-01 14:07:00+00:00,2023-11-01 14:10:00+00:00,long,14552.25,14552.75,14553.0,14530.5,14578.0,14603.0,14628.0,14653.0,72.24361370716511,near_trigger,72.24361370716511,22.5,False,False,False,False,True,stop,14530.5,14530.25,-22.75,0.0,-22.75,-1.011111111111111,3.25,23.0,0.14444444444444443,1.0222222222222221,4,3.0,0,2023-11-01,1.0176531671858773,0.7357357357357358,2.121495327102804,partial_bullish,1.9559384073426813,1.5301475891617238,bullish,bullish,True,True,False,False
324,386274,386275,386283,2023-11-03 14:17:00+00:00,2023-11-03 14:18:00+00:00,2023-11-03 14:26:00+00:00,long,15110.5,15110.5,15110.75,15078.25,15135.75,15160.75,15185.75,15210.75,80.39625879099222,high_probability,80.39625879099222,32.5,False,False,False,False,True,stop,15078.25,15078.0,-32.75,0.0,-32.75,-1.0076923076923077,6.0,50.5,0.18461538461538463,1.5538461538461539,9,8.0,0,2023-11-03,0.8615384615384615,0.7668789808917198,1.4,partial_bullish,0.792896305668593,0.8940414374582284,bullish,bullish,True,True,True,True
325,387659,387660,387719,2023-11-06 15:22:00+00:00,2023-11-06 15:23:00+00:00,2023-11-06 16:22:00+00:00,long,15224.0,15223.75,15224.0,15190.75,15249.0,15274.0,15299.0,15324.0,71.8986279977691,near_trigger,64.8986279977691,33.25,False,False,False,False,False,max_holding_time,15227.5,15227.25,3.25,0.0,3.25,0.09774436090225563,22.25,24.0,0.6691729323308271,0.7218045112781954,60,59.0,0,2023-11-06,1.1555555555555554,0.17384952520087654,0.9659735349716446,partial_bearish,1.2046891381008356,0.9399516638780443,bullish,bullish,True,True,True,False
326,393134,393135,393194,2023-11-10 14:37:00+00:00,2023-11-10 14:38:00+00:00,2023-11-10 15:37:00+00:00,long,15335.75,15336.0,15336.25,15303.5,15361.25,15386.25,15411.25,15436.25,70.56347787410377,near_trigger,44.56347787410377,32.75,True,True,False,False,False,max_holding_time,15331.75,15331.5,-4.75,0.0,-4.75,-0.1450381679389313,52.75,14.25,1.6106870229007633,0.4351145038167939,60,59.0,2,2023-11-10,1.5348837209302326,0.6845425867507886,2.354228855721393,strong_bullish,3.1906712890009454,1.2683008310017956,bullish,bullish,True,True,False,False
327,397268,397269,397269,2023-11-15 14:31:00+00:00,2023-11-15 14:32:00+00:00,2023-11-15 14:32:00+00:00,long,15954.75,15954.5,15954.75,15940.75,15979.75,16004.75,16029.75,16054.75,74.55657434186199,near_trigger,74.55657434186199,14.0,False,False,False,False,True,stop,15940.75,15940.5,-14.25,0.0,-14.25,-1.0178571428571428,0.75,18.75,0.05357142857142857,1.3392857142857142,1,0.0,0,2023-11-15,0.9485981308411214,0.157439446366782,1.4614220877458397,partial_bearish,4.334767305436058,0.735437553495717,bullish,bullish,True,False,True,False
328,397272,397273,397278,2023-11-15 14:35:00+00:00,2023-11-15 14:36:00+00:00,2023-11-15 14:41:00+00:00,long,15967.5,15967.75,15968.0,15934.0,15993.0,16018.0,16043.0,16068.0,83.1305650003185,high_probability,57.1305650003185,34.0,False,False,False,False,True,stop,15934.0,15933.75,-34.25,0.0,-34.25,-1.0073529411764706,6.0,34.0,0.17647058823529413,1.0,6,5.0,0,2023-11-15,1.561061946902655,0.35782747603833864,1.4614220877458397,partial_bullish,2.667833242687224,0.8539142149998864,bullish,bullish,True,True,True,False
329,401431,401432,401433,2023-11-20 14:54:00+00:00,2023-11-20 14:55:00+00:00,2023-11-20 14:56:00+00:00,short,15982.5,15982.0,15981.75,15992.25,15956.75,15931.75,15906.75,15881.75,78.57261644178843,near_trigger,-67.57261644178843,10.5,False,False,False,False,True,stop,15992.25,15992.5,-10.75,0.0,-10.75,-1.0238095238095237,3.75,10.5,0.35714285714285715,1.0,2,1.0,0,2023-11-20,1.8039927404718694,3.9295454545454547,3.3950617283950617,strong_bullish,0.916591346265267,1.042284328840047,neutral,bearish,True,True,True,False
330,401465,401466,401466,2023-11-20 15:28:00+00:00,2023-11-20 15:29:00+00:00,2023-11-20 15:29:00+00:00,long,15961.5,15961.0,15961.25,15959.25,15986.25,16011.25,16036.25,16061.25,77.17531326625812,near_trigger,70.17531326625812,2.0,False,False,False,False,True,stop,15959.25,15959.0,-2.25,0.0,-2.25,-1.125,1.0,5.0,0.5,2.5,1,0.0,0,2023-11-20,1.8563535911602211,2.087431693989071,2.4151753758052967,partial_bullish,0.9319111913124738,0.7564344005021971,bullish,bullish,True,False,False,False
331,402787,402788,402796,2023-11-21 14:30:00+00:00,2023-11-21 14:31:00+00:00,2023-11-21 14:39:00+00:00,short,15994.25,15994.25,15994.0,16017.25,15969.0,15944.0,15919.0,15894.0,73.58044502904747,near_trigger,-48.58044502904747,23.25,False,False,False,False,True,stop,16017.25,16017.5,-23.5,0.0,-23.5,-1.010752688172043,13.5,27.25,0.5806451612903226,1.1720430107526882,9,8.0,0,2023-11-21,1.9310344827586208,0.9204152249134948,1.5333333333333334,partial_bearish,12.042396451928138,0.975556286309328,neutral,bearish,True,True,True,False
332,404209,404210,404214,2023-11-22 15:12:00+00:00,2023-11-22 15:13:00+00:00,2023-11-22 15:17:00+00:00,long,16043.75,16043.5,16043.75,16014.0,16068.75,16093.75,16118.75,16143.75,82.32739343445732,high_probability,64.32739343445732,29.75,False,False,False,False,True,stop,16014.0,16013.75,-30.0,0.0,-30.0,-1.0084033613445378,0.25,30.0,0.008403361344537815,1.0084033613445378,5,4.0,0,2023-11-22,1.2684031710079275,4.266747133373567,0.44245676803816336,partial_bullish,0.9360244902194781,1.4803063457330417,bullish,bullish,True,False,True,False
333,404218,404219,404278,2023-11-22 15:21:00+00:00,2023-11-22 15:22:00+00:00,2023-11-22 16:21:00+00:00,long,16044.75,16044.5,16044.75,16003.25,16069.75,16094.75,16119.75,16144.75,83.0,high_probability,71.0,41.5,True,True,False,False,False,max_holding_time,16053.0,16052.75,8.0,0.0,8.0,0.1927710843373494,54.25,17.75,1.3072289156626506,0.42771084337349397,60,59.0,2,2023-11-22,1.5,0.836283185840708,0.8961807423345886,partial_bearish,1.3074759027809804,1.5786396413954396,bullish,bullish,True,True,True,False
334,406695,406696,406755,2023-11-24 14:38:00+00:00,2023-11-24 14:39:00+00:00,2023-11-24 15:38:00+00:00,short,16019.25,16019.25,16019.0,16053.75,15994.0,15969.0,15944.0,15919.0,70.41698111501007,near_trigger,-44.416981115010074,34.75,True,False,False,False,False,max_holding_time,15997.5,15997.75,21.25,0.0,21.25,0.6115107913669064,29.0,18.25,0.8345323741007195,0.5251798561151079,60,59.0,1,2023-11-24,2.5903083700440526,0.6688632619439868,0.6189856957087125,partial_bearish,1.9266535690897184,0.9647377740856524,bearish,bearish,True,True,False,False
335,407853,407854,407880,2023-11-27 14:41:00+00:00,2023-11-27 14:42:00+00:00,2023-11-27 15:08:00+00:00,short,16003.5,16003.75,16003.5,16030.75,15978.5,15953.5,15928.5,15903.5,72.1972685086438,near_trigger,-72.1972685086438,27.25,False,False,False,False,True,stop,16030.75,16031.0,-27.5,0.0,-27.5,-1.0091743119266054,19.75,30.25,0.7247706422018348,1.110091743119266,27,26.0,0,2023-11-27,1.4563758389261745,1.608982826948481,1.3500660501981507,partial_bullish,1.3710278432761969,1.3895320761258527,bearish,bearish,True,True,True,True
336,409226,409227,409286,2023-11-28 14:34:00+00:00,2023-11-28 14:35:00+00:00,2023-11-28 15:34:00+00:00,short,15998.0,15998.0,15997.75,16022.75,15972.75,15947.75,15922.75,15897.75,70.87541252597444,near_trigger,-70.87541252597444,25.0,True,False,False,False,False,max_holding_time,15988.25,15988.5,9.25,0.0,9.25,0.37,39.5,8.0,1.58,0.32,60,59.0,1,2023-11-28,2.7822410147991543,0.28413284132841327,1.5272727272727271,strong_bullish,2.7655474733850376,1.1237582578908736,bearish,bearish,True,False,False,False
337,412012,412013,412028,2023-11-30 15:00:00+00:00,2023-11-30 15:01:00+00:00,2023-11-30 15:16:00+00:00,short,15956.25,15955.75,15955.5,15991.0,15930.5,15905.5,15880.5,15855.5,73.59471224679797,near_trigger,-51.59471224679797,35.5,True,False,False,False,True,stop,15991.0,15991.25,-35.75,0.0,-35.75,-1.0070422535211268,36.75,36.5,1.0352112676056338,1.028169014084507,16,15.0,1,2023-11-30,1.1305518169582773,2.765564950038432,4.016058394160583,strong_bearish,1.560451028881276,1.2433903084974647,bearish,bearish,True,True,True,False
338,413367,413368,413375,2023-12-01 14:35:00+00:00,2023-12-01 14:36:00+00:00,2023-12-01 14:43:00+00:00,short,15882.25,15882.0,15881.75,15932.75,15856.75,15831.75,15806.75,15781.75,72.3874883574093,near_trigger,-46.387488357409296,51.0,False,False,False,False,True,stop,15932.75,15933.0,-51.25,0.0,-51.25,-1.0049019607843137,0.5,53.75,0.00980392156862745,1.053921568627451,8,7.0,0,2023-12-01,3.5522388059701493,3.170860927152318,0.016766467065868262,partial_bearish,2.737645608873693,1.2190847127555988,bearish,bearish,True,True,False,False
339,413382,413383,413393,2023-12-01 14:50:00+00:00,2023-12-01 14:51:00+00:00,2023-12-01 15:01:00+00:00,short,15912.5,15912.5,15912.25,15943.25,15887.25,15862.25,15837.25,15812.25,88.15384615384616,high_probability,-76.15384615384616,31.0,False,False,False,False,True,stop,15943.25,15943.5,-31.25,0.0,-31.25,-1.0080645161290323,7.5,34.75,0.24193548387096775,1.1209677419354838,11,10.0,0,2023-12-01,2.0,0.08179162609542356,0.4804575786463298,partial_bearish,1.17960492875046,1.785406359017894,bearish,bearish,True,True,True,False
340,416124,416125,416128,2023-12-05 14:32:00+00:00,2023-12-05 14:33:00+00:00,2023-12-05 14:36:00+00:00,short,15805.0,15804.75,15804.5,15810.0,15779.5,15754.5,15729.5,15704.5,78.0,near_trigger,-57.871868951517726,5.5,False,False,False,False,True,stop,15810.0,15810.25,-5.75,0.0,-5.75,-1.0454545454545454,17.5,26.0,3.1818181818181817,4.7272727272727275,4,3.0,0,2023-12-05,2.2548672566371684,0.9320652173913044,0.40867389491242706,partial_bearish,3.797268907563025,0.9101638106028419,bearish,bearish,True,True,True,False
341,416152,416153,416179,2023-12-05 15:00:00+00:00,2023-12-05 15:01:00+00:00,2023-12-05 15:27:00+00:00,long,15894.5,15894.75,15895.0,15870.0,15920.0,15945.0,15970.0,15995.0,80.4,high_probability,44.400000000000006,25.0,True,False,False,False,True,stop,15870.0,15869.75,-25.25,0.0,-25.25,-1.01,41.75,26.0,1.67,1.04,27,26.0,1,2023-12-05,2.2222222222222223,2.890688259109312,1.696969696969697,strong_bullish,2.720379271055699,1.8731063338623575,bullish,bullish,False,True,True,False
342,416180,416181,416240,2023-12-05 15:28:00+00:00,2023-12-05 15:29:00+00:00,2023-12-05 16:28:00+00:00,long,15877.25,15877.25,15877.5,15852.5,15902.5,15927.5,15952.5,15977.5,73.51505347917943,near_trigger,55.51505347917943,25.0,True,True,True,False,False,max_holding_time,15886.5,15886.25,8.75,0.0,8.75,0.35,84.25,19.75,3.37,0.79,60,59.0,3,2023-12-05,2.7454545454545456,1.998843930635838,3.3391506689936006,partial_bullish,0.8733245118736174,1.4983623035197475,bullish,bullish,False,True,True,False
343,417560,417561,417620,2023-12-06 15:28:00+00:00,2023-12-06 15:29:00+00:00,2023-12-06 16:28:00+00:00,long,15901.5,15901.5,15901.75,15879.25,15926.75,15951.75,15976.75,16001.75,73.50967741935484,near_trigger,65.50967741935484,22.5,True,False,False,False,False,max_holding_time,15919.0,15918.75,17.0,0.0,17.0,0.7555555555555555,48.0,10.0,2.1333333333333333,0.4444444444444444,60,59.0,1,2023-12-06,0.7741935483870968,1.79570516540917,1.9486850545221295,strong_bearish,0.987975592246949,1.616591722492429,bullish,bullish,True,False,False,False
344,418884,418885,418899,2023-12-07 14:32:00+00:00,2023-12-07 14:33:00+00:00,2023-12-07 14:47:00+00:00,long,15950.0,15950.0,15950.25,15921.25,15975.25,16000.25,16025.25,16050.25,85.6,high_probability,39.599999999999994,29.0,True,False,False,False,True,stop,15921.25,15921.0,-29.25,0.0,-29.25,-1.0086206896551724,31.75,30.75,1.0948275862068966,1.0603448275862069,15,14.0,1,2023-12-07,1.8022988505747126,1.74,4.424870466321243,strong_bullish,6.097332966730822,1.726954855892408,neutral,bullish,True,True,True,False
345,420292,420293,420298,2023-12-08 15:00:00+00:00,2023-12-08 15:01:00+00:00,2023-12-08 15:06:00+00:00,short,16031.5,16031.75,16031.5,16052.0,16006.5,15981.5,15956.5,15931.5,78.0,near_trigger,-67.7864077669903,20.5,False,False,False,False,True,stop,16052.0,16052.25,-20.75,0.0,-20.75,-1.0121951219512195,21.5,24.75,1.048780487804878,1.2073170731707317,6,5.0,0,2023-12-08,2.192224622030238,1.2222222222222223,0.753208292201382,strong_bullish,2.531909477690639,1.9251258041326427,bearish,bearish,True,False,True,False
346,420318,420319,420378,2023-12-08 15:26:00+00:00,2023-12-08 15:27:00+00:00,2023-12-08 16:26:00+00:00,short,16092.0,16092.25,16092.0,16114.25,16067.0,16042.0,16017.0,15992.0,77.25629557460462,near_trigger,-77.25629557460462,22.25,True,True,False,False,False,max_holding_time,16055.0,16055.25,36.75,0.0,36.75,1.651685393258427,71.75,20.0,3.2247191011235956,0.898876404494382,60,59.0,2,2023-12-08,0.41880341880341876,3.596330275229358,2.8301724137931035,partial_bullish,0.8948678310254471,1.1188025166888271,bearish,bearish,True,False,True,False
347,423023,423024,423050,2023-12-12 14:31:00+00:00,2023-12-12 14:32:00+00:00,2023-12-12 14:58:00+00:00,short,16427.75,16427.75,16427.5,16458.5,16402.5,16377.5,16352.5,16327.5,71.43669209606486,near_trigger,-53.43669209606486,31.0,True,False,False,False,True,stop,16458.5,16458.75,-31.25,0.0,-31.25,-1.0080645161290323,31.0,32.25,1.0,1.0403225806451613,27,26.0,1,2023-12-12,2.8624535315985127,0.5192727272727273,2.16260162601626,strong_bearish,6.601048340128131,0.7586903988914847,bearish,bearish,True,True,False,False
348,425809,425810,425850,2023-12-14 14:57:00+00:00,2023-12-14 14:58:00+00:00,2023-12-14 15:38:00+00:00,short,16867.0,16867.25,16867.0,16879.25,16842.0,16817.0,16792.0,16767.0,71.14649499284693,near_trigger,-71.14649499284693,12.25,True,True,True,True,False,tp4,16767.0,16767.25,99.75,0.0,99.75,8.142857142857142,100.0,1.75,8.16326530612245,0.14285714285714285,41,40.0,4,2023-12-14,1.742489270386266,1.6612209802235598,0.9670682730923694,strong_bullish,1.347035611992772,2.115035707392395,bearish,bearish,True,True,False,False
349,427207,427208,427267,2023-12-15 15:15:00+00:00,2023-12-15 15:16:00+00:00,2023-12-15 16:15:00+00:00,long,16847.0,16846.5,16846.75,16807.75,16871.75,16896.75,16921.75,16946.75,70.1021332512357,near_trigger,44.1021332512357,39.0,True,False,False,False,False,max_holding_time,16854.75,16854.5,7.75,0.0,7.75,0.1987179487179487,30.0,11.5,0.7692307692307693,0.2948717948717949,60,59.0,1,2023-12-15,2.040752351097179,1.2635046113306982,1.935483870967742,strong_bullish,1.5406396340799362,1.1292339621637442,bullish,bullish,True,True,False,True
350,431307,431308,431367,2023-12-20 14:35:00+00:00,2023-12-20 14:36:00+00:00,2023-12-20 15:35:00+00:00,long,16992.25,16992.75,16993.0,16968.75,17018.0,17043.0,17068.0,17093.0,78.69933422450963,near_trigger,78.69933422450963,24.25,True,True,True,False,False,max_holding_time,17060.25,17060.0,67.0,0.0,67.0,2.7628865979381443,80.5,3.0,3.3195876288659796,0.12371134020618557,60,59.0,3,2023-12-20,1.2108108108108109,1.548235294117647,0.6858108108108109,strong_bullish,2.796833773087071,0.7511948076640538,bullish,bullish,True,False,True,False
351,432682,432683,432688,2023-12-21 14:30:00+00:00,2023-12-21 14:31:00+00:00,2023-12-21 14:36:00+00:00,long,16945.5,16945.25,16945.5,16909.25,16970.5,16995.5,17020.5,17045.5,73.79118030143275,near_trigger,68.79118030143275,36.25,False,False,False,False,True,stop,16909.25,16909.0,-36.5,0.0,-36.5,-1.006896551724138,13.25,39.25,0.36551724137931035,1.0827586206896551,6,5.0,0,2023-12-21,3.5244755244755246,0.5522935779816514,2.032450896669513,partial_bullish,12.84134739007457,1.2389753767909197,bullish,neutral,True,True,True,False
352,432689,432690,432694,2023-12-21 14:37:00+00:00,2023-12-21 14:38:00+00:00,2023-12-21 14:42:00+00:00,long,16918.0,16918.25,16918.5,16903.25,16943.5,16968.5,16993.5,17018.5,78.89511889862328,near_trigger,78.89511889862328,15.25,False,False,False,False,True,stop,16903.25,16903.0,-15.5,0.0,-15.5,-1.0163934426229508,20.25,17.75,1.3278688524590163,1.1639344262295082,5,4.0,0,2023-12-21,1.1564455569461827,0.1908580593424218,2.032450896669513,partial_bearish,2.2923151414539666,1.5368206269708773,bullish,bullish,True,True,True,False
353,432722,432723,432782,2023-12-21 15:10:00+00:00,2023-12-21 15:11:00+00:00,2023-12-21 16:10:00+00:00,long,16866.5,16866.25,16866.5,16847.5,16891.5,16916.5,16941.5,16966.5,73.8546329723225,near_trigger,73.8546329723225,19.0,True,True,False,False,False,max_holding_time,16874.5,16874.25,7.75,0.0,7.75,0.40789473684210525,67.0,12.75,3.526315789473684,0.6710526315789473,60,59.0,2,2023-12-21,0.6401925391095067,3.4115898959881132,2.25496915695682,strong_bearish,1.2387090758633552,1.6076722938222303,bullish,bullish,True,True,False,False
354,434076,434077,434136,2023-12-22 14:44:00+00:00,2023-12-22 14:45:00+00:00,2023-12-22 15:44:00+00:00,long,17032.75,17032.5,17032.75,16988.75,17057.75,17082.75,17107.75,17132.75,72.70652173913044,near_trigger,46.70652173913044,44.0,False,False,False,False,False,max_holding_time,17030.0,17029.75,-3.0,0.0,-3.0,-0.06818181818181818,8.5,30.25,0.19318181818181818,0.6875,60,59.0,0,2023-12-22,2.0543478260869565,0.3085399449035812,2.663716814159292,strong_bullish,1.8350527688841458,1.7464168829703193,bullish,bullish,True,True,False,False
355,438237,438238,438260,2023-12-28 15:05:00+00:00,2023-12-28 15:06:00+00:00,2023-12-28 15:28:00+00:00,short,17110.5,17110.75,17110.5,17129.25,17085.5,17060.5,17035.5,17010.5,84.16741882223445,high_probability,-84.16741882223445,18.75,False,False,False,False,True,stop,17129.25,17129.5,-19.0,0.0,-19.0,-1.0133333333333334,7.75,18.75,0.41333333333333333,1.0,23,22.0,0,2023-12-28,1.4177215189873418,0.9531914893617022,3.130434782608696,strong_bearish,4.390172820796782,1.6177844600762499,bearish,bearish,True,True,True,True
