trade_id,signal_index,entry_index,exit_index,signal_time,entry_time,exit_time,direction,signal_close,entry_price_raw,entry_price,stop_price,tp1,tp2,tp3,tp4,raw_score,score_band,score_edge,stop_distance_points,tp1_hit,tp2_hit,tp3_hit,tp4_hit,stop_hit,exit_reason,exit_price_raw,exit_price,gross_result_points,commission_cost,net_result_points,net_result_r,mfe_points,mae_points,mfe_r,mae_r,bars_held,minutes_held,maximum_target_reached,session_date,snr_1m,snr_5m,snr_15m,snr_alignment,rvol_rolling,rvol_time_of_day,htf_bias,dol_direction,liquidity_sweep,displacement,structure_shift,fvg_context
1,972,973,975,2022-10-03 14:12:00+00:00,2022-10-03 14:13:00+00:00,2022-10-03 14:15:00+00:00,long,11157.75,11158.25,11158.5,11143.5,11183.5,11208.5,11233.5,11258.5,72.0,near_trigger,72.0,15.0,False,False,False,False,True,stop,11143.5,11143.25,-15.25,0.0,-15.25,-1.0166666666666666,8.25,19.5,0.55,1.3,3,2.0,0,2022-10-03,0.8114186851211073,2.5643919958953307,0.08934707903780069,partial_bearish,0.6277917557996475,,bullish,bullish,True,False,True,False
2,3691,3692,3692,2022-10-05 13:31:00+00:00,2022-10-05 13:32:00+00:00,2022-10-05 13:32:00+00:00,short,11502.5,11502.75,11502.5,11517.5,11477.5,11452.5,11427.5,11402.5,88.0,high_probability,-34.85664488017429,15.0,False,False,False,False,True,stop,11517.5,11517.75,-15.25,0.0,-15.25,-1.0166666666666666,0.75,23.25,0.05,1.55,1,0.0,0,2022-10-05,2.440087145969499,2.15625,2.32468495181616,partial_bearish,4.131540697674419,,bearish,bearish,True,False,True,False
3,3694,3695,3725,2022-10-05 13:34:00+00:00,2022-10-05 13:35:00+00:00,2022-10-05 14:05:00+00:00,short,11528.25,11527.75,11527.5,11542.5,11502.5,11477.5,11452.5,11427.5,76.14916286149163,near_trigger,-32.14916286149163,15.0,True,True,True,True,False,tp4,11427.5,11427.75,99.75,0.0,99.75,6.65,102.5,3.75,6.833333333333333,0.25,31,30.0,4,2022-10-05,4.027397260273973,2.15625,2.32468495181616,partial_bearish,1.8684258251722887,,bearish,bearish,False,False,True,False
4,3735,3736,3795,2022-10-05 14:15:00+00:00,2022-10-05 14:16:00+00:00,2022-10-05 15:15:00+00:00,short,11417.5,11417.5,11417.25,11432.25,11392.25,11367.25,11342.25,11317.25,77.4974358974359,near_trigger,-65.4974358974359,15.0,True,False,False,False,False,max_holding_time,11412.25,11412.5,4.75,0.0,4.75,0.31666666666666665,49.25,3.75,3.283333333333333,0.25,60,59.0,1,2022-10-05,0.7076923076923077,1.965426925091671,2.339368856699431,strong_bearish,1.277489049769648,,bearish,bearish,True,True,True,False
5,5071,5072,5100,2022-10-06 13:31:00+00:00,2022-10-06 13:32:00+00:00,2022-10-06 14:00:00+00:00,long,11626.5,11627.0,11627.25,11612.25,11652.25,11677.25,11702.25,11727.25,71.0,near_trigger,38.0,15.0,True,True,True,False,True,stop,11612.25,11612.0,-15.25,0.0,-15.25,-1.0166666666666666,94.5,18.5,6.3,1.2333333333333334,29,28.0,3,2022-10-06,4.176666666666667,0.12698412698412698,0.32597014925373136,partial_bullish,6.009862627685805,,bullish,neutral,True,True,True,True
6,6457,6458,6460,2022-10-07 13:37:00+00:00,2022-10-07 13:38:00+00:00,2022-10-07 13:40:00+00:00,short,11323.0,11323.0,11322.75,11337.75,11297.75,11272.75,11247.75,11222.75,83.95639373319514,high_probability,-65.95639373319514,15.0,False,False,False,False,True,stop,11337.75,11338.0,-15.25,0.0,-15.25,-1.0166666666666666,11.25,27.5,0.75,1.8333333333333333,3,2.0,0,2022-10-07,1.0456942003514937,0.2096505823627288,3.6007999999999996,partial_bearish,1.8307210031347962,,bearish,bearish,True,True,True,False
7,6464,6465,6524,2022-10-07 13:44:00+00:00,2022-10-07 13:45:00+00:00,2022-10-07 14:44:00+00:00,short,11275.0,11275.0,11274.75,11289.75,11249.75,11224.75,11199.75,11174.75,73.46395405024796,near_trigger,-47.46395405024796,15.0,True,True,False,False,False,max_holding_time,11236.25,11236.5,38.25,0.0,38.25,2.55,70.25,14.0,4.683333333333334,0.9333333333333333,60,59.0,2,2022-10-07,1.8273283480625426,0.7317744154057771,3.6007999999999996,strong_bearish,2.4315380468125456,,bearish,bearish,True,False,False,False
8,7836,7837,7853,2022-10-10 13:36:00+00:00,2022-10-10 13:37:00+00:00,2022-10-10 13:53:00+00:00,long,11028.0,11028.0,11028.25,11013.25,11053.25,11078.25,11103.25,11128.25,76.0,near_trigger,33.72417157958935,15.0,True,False,False,False,True,stop,11013.25,11013.0,-15.25,0.0,-15.25,-1.0166666666666666,48.75,20.75,3.25,1.3833333333333333,17,16.0,1,2022-10-10,5.28,2.687813021702838,2.096960926193922,partial_bearish,3.14868804664723,1.3447855255133156,bullish,bullish,True,True,False,False
9,9253,9254,9257,2022-10-11 14:13:00+00:00,2022-10-11 14:14:00+00:00,2022-10-11 14:17:00+00:00,short,10831.25,10831.0,10830.75,10845.75,10805.75,10780.75,10755.75,10730.75,76.0,near_trigger,-31.797026022304834,15.0,False,False,False,False,True,stop,10845.75,10846.0,-15.25,0.0,-15.25,-1.0166666666666666,6.25,21.25,0.4166666666666667,1.4166666666666667,4,3.0,0,2022-10-11,1.1623296158612144,2.4968152866242037,3.9368088467614535,partial_bearish,1.1350781109714492,1.5858464433178279,bearish,bearish,True,False,False,True
10,10591,10592,10594,2022-10-12 13:31:00+00:00,2022-10-12 13:32:00+00:00,2022-10-12 13:34:00+00:00,short,10822.5,10822.25,10822.0,10837.0,10797.0,10772.0,10747.0,10722.0,75.26413599035203,near_trigger,-29.26413599035203,15.0,False,False,False,False,True,stop,10837.0,10837.25,-15.25,0.0,-15.25,-1.0166666666666666,16.25,16.0,1.0833333333333333,1.0666666666666667,3,2.0,0,2022-10-12,2.8119658119658117,0.11800120409391933,2.482039397450753,strong_bearish,6.010289293170295,1.0801699879400448,neutral,bearish,True,True,True,False
11,10598,10599,10604,2022-10-12 13:38:00+00:00,2022-10-12 13:39:00+00:00,2022-10-12 13:44:00+00:00,short,10905.0,10904.75,10904.5,10919.5,10879.5,10854.5,10829.5,10804.5,72.27135676071728,near_trigger,-30.271356760717282,15.0,True,False,False,False,True,stop,10919.5,10919.75,-15.25,0.0,-15.25,-1.0166666666666666,32.0,27.5,2.1333333333333333,1.8333333333333333,6,5.0,1,2022-10-12,4.026600166251039,0.5111716621253406,2.482039397450753,partial_bearish,1.6869117105747489,1.2826136623257938,neutral,bearish,True,True,True,False
12,11970,11971,11982,2022-10-13 13:30:00+00:00,2022-10-13 13:31:00+00:00,2022-10-13 13:42:00+00:00,short,10535.25,10535.0,10534.75,10549.75,10509.75,10484.75,10459.75,10434.75,70.0,near_trigger,-48.09906542056075,15.0,True,True,False,False,True,stop,10549.75,10550.0,-15.25,0.0,-15.25,-1.0166666666666666,50.25,19.5,3.35,1.3,12,11.0,2,2022-10-13,0.7032710280373832,0.18196588139723802,6.464027737648078,partial_bearish,7.868448539061035,1.680201303900263,bearish,bearish,True,False,True,False
13,13353,13354,13354,2022-10-14 13:33:00+00:00,2022-10-14 13:34:00+00:00,2022-10-14 13:34:00+00:00,long,11134.0,11134.5,11134.75,11119.75,11159.75,11184.75,11209.75,11234.75,76.0,near_trigger,22.11904398522634,15.0,False,False,False,False,True,stop,11119.75,11119.5,-15.25,0.0,-15.25,-1.0166666666666666,0.25,29.75,0.016666666666666666,1.9833333333333334,1,0.0,0,2022-10-14,2.4660550458715593,1.090818858560794,2.4580514208389714,partial_bearish,3.3424508588029425,1.3511950184670798,bullish,bullish,True,False,False,False
14,13356,13357,13363,2022-10-14 13:36:00+00:00,2022-10-14 13:37:00+00:00,2022-10-14 13:43:00+00:00,long,11131.5,11131.75,11132.0,11117.0,11157.0,11182.0,11207.0,11232.0,81.84164766264003,high_probability,49.84164766264003,15.0,True,True,False,False,True,stop,11117.0,11116.75,-15.25,0.0,-15.25,-1.0166666666666666,69.25,22.75,4.616666666666666,1.5166666666666666,7,6.0,2,2022-10-14,1.5726872246696035,2.230406852248394,2.4580514208389714,partial_bearish,1.7764727902297506,1.1345441867414872,bullish,bullish,True,False,False,False
15,13383,13384,13386,2022-10-14 14:03:00+00:00,2022-10-14 14:04:00+00:00,2022-10-14 14:06:00+00:00,long,10992.75,10992.75,10993.0,10978.0,11018.0,11043.0,11068.0,11093.0,73.27626896889323,near_trigger,73.27626896889323,15.0,True,False,False,False,True,stop,10978.0,10977.75,-15.25,0.0,-15.25,-1.0166666666666666,35.0,15.0,2.3333333333333335,1.0,3,2.0,1,2022-10-14,1.5690890481064481,1.439207650273224,1.0837004405286343,strong_bearish,1.4880067455122372,2.161314966457373,bullish,bullish,True,False,False,False
16,13408,13409,13409,2022-10-14 14:28:00+00:00,2022-10-14 14:29:00+00:00,2022-10-14 14:29:00+00:00,long,10936.75,10936.75,10937.0,10922.0,10962.0,10987.0,11012.0,11037.0,70.0,near_trigger,12.0,15.0,False,False,False,False,True,stop,10922.0,10921.75,-15.25,0.0,-15.25,-1.0166666666666666,1.0,20.75,0.06666666666666667,1.3833333333333333,1,0.0,0,2022-10-14,1.862255232950709,2.6517231717567946,4.720262510254306,partial_bearish,1.566646880690564,2.2544155969501016,bullish,bearish,False,True,True,False
17,14757,14758,14811,2022-10-17 13:57:00+00:00,2022-10-17 13:58:00+00:00,2022-10-17 14:51:00+00:00,long,11071.25,11071.0,11071.25,11056.25,11096.25,11121.25,11146.25,11171.25,75.29398911669611,near_trigger,58.29398911669611,15.0,True,True,False,False,True,stop,11056.25,11056.0,-15.25,0.0,-15.25,-1.0166666666666666,61.75,20.75,4.116666666666666,1.3833333333333333,54,53.0,2,2022-10-17,0.9551656920077972,3.1345911949685537,5.282488710486703,partial_bullish,1.0345591084377364,1.3090068637064016,bullish,bullish,True,False,False,False
18,16156,16157,16164,2022-10-18 14:16:00+00:00,2022-10-18 14:17:00+00:00,2022-10-18 14:24:00+00:00,long,11303.5,11303.25,11303.5,11288.5,11328.5,11353.5,11378.5,11403.5,72.0,near_trigger,67.02406409007253,15.0,True,False,False,False,True,stop,11288.5,11288.25,-15.25,0.0,-15.25,-1.0166666666666666,26.0,19.75,1.7333333333333334,1.3166666666666667,8,7.0,1,2022-10-18,2.0558428128231645,0.8998393144081414,1.4801762114537445,strong_bearish,1.3271664917667483,1.219919887409332,bullish,bullish,True,True,True,False
19,18870,18871,18875,2022-10-20 13:30:00+00:00,2022-10-20 13:31:00+00:00,2022-10-20 13:35:00+00:00,long,11133.5,11134.25,11134.5,11119.5,11159.5,11184.5,11209.5,11234.5,83.46428599214222,high_probability,71.46428599214222,15.0,True,False,False,False,True,stop,11119.5,11119.25,-15.25,0.0,-15.25,-1.0166666666666666,26.75,26.5,1.7833333333333334,1.7666666666666666,5,4.0,1,2022-10-20,1.775609756097561,0.5103757711721817,0.8743126472898665,partial_bullish,8.950667756881984,0.8303574901777727,bullish,bullish,True,True,True,False
20,18876,18877,18881,2022-10-20 13:36:00+00:00,2022-10-20 13:37:00+00:00,2022-10-20 13:41:00+00:00,long,11107.0,11107.0,11107.25,11092.25,11132.25,11157.25,11182.25,11207.25,78.0,near_trigger,68.61707263953829,15.0,True,False,False,False,True,stop,11092.25,11092.0,-15.25,0.0,-15.25,-1.0166666666666666,34.0,15.75,2.2666666666666666,1.05,5,4.0,1,2022-10-20,1.80684811237928,0.5833333333333334,0.8743126472898665,partial_bearish,2.325489964812958,0.8765959872321022,bullish,bullish,True,True,True,False
21,18884,18885,18905,2022-10-20 13:44:00+00:00,2022-10-20 13:45:00+00:00,2022-10-20 14:05:00+00:00,long,11162.5,11162.75,11163.0,11148.0,11188.0,11213.0,11238.0,11263.0,76.8035854804099,near_trigger,56.80358548040989,15.0,True,True,True,True,False,tp4,11263.0,11262.75,99.75,0.0,99.75,6.65,100.75,8.25,6.716666666666667,0.55,21,20.0,4,2022-10-20,1.8928348909657322,0.1645375574859479,0.8743126472898665,partial_bearish,1.37367719306675,1.0052606667117452,bullish,bullish,True,True,True,True
22,18919,18920,18926,2022-10-20 14:19:00+00:00,2022-10-20 14:20:00+00:00,2022-10-20 14:26:00+00:00,long,11311.5,11311.5,11311.75,11296.75,11336.75,11361.75,11386.75,11411.75,81.4540782122905,high_probability,67.4540782122905,15.0,False,False,False,False,True,stop,11296.75,11296.5,-15.25,0.0,-15.25,-1.0166666666666666,17.25,18.5,1.15,1.2333333333333334,7,6.0,0,2022-10-20,3.018994413407821,1.8821852731591449,3.1894803548795947,strong_bullish,1.8775291513331358,1.7905624857775295,bullish,bullish,False,True,True,False
23,20280,20281,20282,2022-10-21 14:00:00+00:00,2022-10-21 14:01:00+00:00,2022-10-21 14:02:00+00:00,long,11161.25,11160.75,11161.0,11146.0,11186.0,11211.0,11236.0,11261.0,70.17974329331722,near_trigger,48.179743293317216,15.0,False,False,False,False,True,stop,11146.0,11145.75,-15.25,0.0,-15.25,-1.0166666666666666,3.5,15.75,0.23333333333333334,1.05,2,1.0,0,2022-10-21,1.6915604128718884,1.9649122807017543,4.056171470805618,strong_bullish,1.2746103281906986,1.0321168822810067,bullish,bullish,False,False,True,False
24,20286,20287,20291,2022-10-21 14:06:00+00:00,2022-10-21 14:07:00+00:00,2022-10-21 14:11:00+00:00,long,11191.5,11191.5,11191.75,11176.75,11216.75,11241.75,11266.75,11291.75,80.02461707534857,high_probability,52.02461707534857,15.0,True,False,False,False,True,stop,11176.75,11176.5,-15.25,0.0,-15.25,-1.0166666666666666,32.25,19.25,2.15,1.2833333333333334,5,4.0,1,2022-10-21,1.481832543443918,1.6080043859649125,4.056171470805618,strong_bullish,1.4506754283367411,1.7706786231376397,bullish,bullish,False,False,True,False
25,23020,23021,23030,2022-10-25 13:40:00+00:00,2022-10-25 13:41:00+00:00,2022-10-25 13:50:00+00:00,long,11541.0,11541.5,11541.75,11526.75,11566.75,11591.75,11616.75,11641.75,70.34220987160593,near_trigger,70.34220987160593,15.0,True,True,True,True,False,tp4,11641.75,11641.5,99.75,0.0,99.75,6.65,101.0,1.0,6.733333333333333,0.06666666666666667,10,9.0,4,2022-10-25,0.30078125,1.2213039485766757,2.333333333333333,partial_bullish,1.5280272530195107,0.7363560895074107,bullish,bullish,True,True,False,False
26,23063,23064,23077,2022-10-25 14:23:00+00:00,2022-10-25 14:24:00+00:00,2022-10-25 14:37:00+00:00,long,11629.75,11630.75,11631.0,11616.0,11656.0,11681.0,11706.0,11731.0,76.64755530773527,near_trigger,69.64755530773527,15.0,True,False,False,False,True,stop,11616.0,11615.75,-15.25,0.0,-15.25,-1.0166666666666666,25.0,22.25,1.6666666666666667,1.4833333333333334,14,13.0,1,2022-10-25,0.2641509433962264,0.2835820895522388,4.976744186046512,partial_bearish,0.8373015228096407,0.6968872055864599,bullish,bullish,True,True,True,False
27,24445,24446,24463,2022-10-26 14:25:00+00:00,2022-10-26 14:26:00+00:00,2022-10-26 14:43:00+00:00,long,11533.25,11532.75,11533.0,11518.0,11558.0,11583.0,11608.0,11633.0,76.5583304941521,near_trigger,65.5583304941521,15.0,True,True,True,True,False,tp4,11633.0,11632.75,99.75,0.0,99.75,6.65,101.75,1.0,6.783333333333333,0.06666666666666667,18,17.0,4,2022-10-26,1.2394366197183098,0.9601891998423334,1.064516129032258,partial_bullish,0.6124009453635478,0.7155187514929532,bullish,bullish,True,False,True,False
28,25771,25772,25772,2022-10-27 13:31:00+00:00,2022-10-27 13:32:00+00:00,2022-10-27 13:32:00+00:00,short,11437.0,11438.0,11437.75,11452.75,11412.75,11387.75,11362.75,11337.75,70.28433178781798,near_trigger,-36.284331787817976,15.0,False,False,False,False,True,stop,11452.75,11453.0,-15.25,0.0,-15.25,-1.0166666666666666,11.0,26.75,0.7333333333333333,1.7833333333333334,1,0.0,0,2022-10-27,1.096774193548387,0.9910195456946644,0.7044967880085654,partial_bullish,3.209090909090909,0.9521889283208567,bearish,bearish,False,False,True,False
29,25789,25790,25805,2022-10-27 13:49:00+00:00,2022-10-27 13:50:00+00:00,2022-10-27 14:05:00+00:00,short,11324.5,11324.75,11324.5,11339.5,11299.5,11274.5,11249.5,11224.5,72.0,near_trigger,-60.0,15.0,True,True,False,False,True,stop,11339.5,11339.75,-15.25,0.0,-15.25,-1.0166666666666666,61.0,26.5,4.066666666666666,1.7666666666666666,16,15.0,2,2022-10-27,3.277456647398844,0.40569744597249513,0.44536652835408025,partial_bearish,1.469038208168643,1.8891856593206178,bearish,bearish,False,True,True,False
30,27150,27151,27160,2022-10-28 13:30:00+00:00,2022-10-28 13:31:00+00:00,2022-10-28 13:40:00+00:00,long,11234.0,11234.25,11234.5,11219.5,11259.5,11284.5,11309.5,11334.5,83.29008884894694,high_probability,35.29008884894694,15.0,True,True,True,True,False,tp4,11334.5,11334.25,99.75,0.0,99.75,6.65,107.5,10.5,7.166666666666667,0.7,10,9.0,4,2022-10-28,1.8252933507170797,1.5149253731343284,2.6553990610328637,strong_bullish,7.761614911104233,1.157642117084285,neutral,bullish,True,True,True,False
31,27185,27186,27187,2022-10-28 14:05:00+00:00,2022-10-28 14:06:00+00:00,2022-10-28 14:07:00+00:00,long,11330.0,11329.5,11329.75,11314.75,11354.75,11379.75,11404.75,11429.75,80.69090432414329,high_probability,69.69090432414329,15.0,False,False,False,False,True,stop,11314.75,11314.5,-15.25,0.0,-15.25,-1.0166666666666666,7.0,18.25,0.4666666666666667,1.2166666666666666,2,1.0,0,2022-10-28,0.7304347826086957,0.44602948169281975,3.542817196784341,partial_bearish,1.3930154300722257,1.2159211952679454,bullish,bullish,True,False,True,False
32,28530,28531,28532,2022-10-31 13:30:00+00:00,2022-10-31 13:31:00+00:00,2022-10-31 13:32:00+00:00,long,11504.75,11504.75,11505.0,11490.0,11530.0,11555.0,11580.0,11605.0,76.05335202634913,near_trigger,53.05335202634913,15.0,False,False,False,False,True,stop,11490.0,11489.75,-15.25,0.0,-15.25,-1.0166666666666666,17.75,42.5,1.1833333333333333,2.8333333333333335,2,1.0,0,2022-10-31,1.3254437869822484,1.6035242290748897,1.2243816254416962,partial_bearish,13.314191371760822,0.9439089678476554,neutral,bullish,True,True,True,False
33,28533,28534,28543,2022-10-31 13:33:00+00:00,2022-10-31 13:34:00+00:00,2022-10-31 13:43:00+00:00,long,11465.75,11466.0,11466.25,11451.25,11491.25,11516.25,11541.25,11566.25,72.48577535503145,near_trigger,53.48577535503145,15.0,True,False,False,False,True,stop,11451.25,11451.0,-15.25,0.0,-15.25,-1.0166666666666666,46.5,16.25,3.1,1.0833333333333333,10,9.0,1,2022-10-31,2.044736842105263,1.6035242290748897,1.2243816254416962,strong_bearish,3.6382135589589804,0.9782718253682559,neutral,bullish,True,True,True,True
34,29950,29951,29951,2022-11-01 14:10:00+00:00,2022-11-01 14:11:00+00:00,2022-11-01 14:11:00+00:00,long,11415.25,11415.0,11415.25,11400.25,11440.25,11465.25,11490.25,11515.25,73.3259040590406,near_trigger,51.325904059040596,15.0,False,False,False,False,True,stop,11400.25,11400.0,-15.25,0.0,-15.25,-1.0166666666666666,0.25,16.25,0.016666666666666666,1.0833333333333333,1,0.0,0,2022-11-01,1.5704797047970478,5.496644295302014,3.7905759162303663,strong_bearish,1.2514077907786478,1.879381802688151,bullish,bullish,True,False,False,False
35,29953,29954,29960,2022-11-01 14:13:00+00:00,2022-11-01 14:14:00+00:00,2022-11-01 14:20:00+00:00,long,11398.5,11398.75,11399.0,11384.0,11424.0,11449.0,11474.0,11499.0,72.386092265943,near_trigger,50.386092265943006,15.0,True,False,False,False,True,stop,11384.0,11383.75,-15.25,0.0,-15.25,-1.0166666666666666,25.25,23.75,1.6833333333333333,1.5833333333333333,7,6.0,1,2022-11-01,0.7978290366350067,5.496644295302014,3.7905759162303663,strong_bearish,1.0139467912334454,1.5678152587568281,bullish,bullish,True,False,False,False
36,29961,29962,29964,2022-11-01 14:21:00+00:00,2022-11-01 14:22:00+00:00,2022-11-01 14:24:00+00:00,long,11429.0,11429.25,11429.5,11414.5,11454.5,11479.5,11504.5,11529.5,97.28571428571429,a_plus_plus,75.28571428571429,15.0,False,False,False,False,True,stop,11414.5,11414.25,-15.25,0.0,-15.25,-1.0166666666666666,3.75,18.75,0.25,1.25,3,2.0,0,2022-11-01,0.43478260869565216,3.1831129196337744,6.030188679245283,partial_bearish,1.2989234717074185,2.0077900730170453,bullish,bullish,True,True,True,False
37,29969,29970,29970,2022-11-01 14:29:00+00:00,2022-11-01 14:30:00+00:00,2022-11-01 14:30:00+00:00,long,11439.75,11439.75,11440.0,11425.0,11465.0,11490.0,11515.0,11540.0,87.11251120738626,high_probability,71.11251120738626,15.0,False,False,False,False,True,stop,11425.0,11424.75,-15.25,0.0,-15.25,-1.0166666666666666,0.5,21.25,0.03333333333333333,1.4166666666666667,1,0.0,0,2022-11-01,1.376597836774828,2.5389940009229353,6.030188679245283,partial_bearish,0.8005787775228703,1.2195475638051043,bullish,bullish,True,True,True,True
38,31298,31299,31300,2022-11-02 13:38:00+00:00,2022-11-02 13:39:00+00:00,2022-11-02 13:40:00+00:00,short,11296.5,11296.25,11296.0,11311.0,11271.0,11246.0,11221.0,11196.0,77.28951065289215,near_trigger,-57.28951065289215,15.0,False,False,False,False,True,stop,11311.0,11311.25,-15.25,0.0,-15.25,-1.0166666666666666,8.75,30.5,0.5833333333333334,2.033333333333333,2,1.0,0,2022-11-02,1.1475409836065573,2.6291079812206575,0.5873287671232876,partial_bearish,1.2299221725451235,0.5428467019915951,bearish,bearish,True,True,True,True
39,32714,32715,32715,2022-11-03 14:14:00+00:00,2022-11-03 14:15:00+00:00,2022-11-03 14:15:00+00:00,short,10802.25,10802.0,10801.75,10816.75,10776.75,10751.75,10726.75,10701.75,76.0,near_trigger,-44.0,15.0,False,False,False,False,True,stop,10816.75,10817.0,-15.25,0.0,-15.25,-1.0166666666666666,3.75,15.0,0.25,1.0,1,0.0,0,2022-11-03,2.6130329847144003,1.4146880176697956,2.9087837837837838,partial_bearish,1.7819288276306773,1.9728270569337856,bearish,bearish,True,False,False,False
40,34050,34051,34051,2022-11-04 13:30:00+00:00,2022-11-04 13:31:00+00:00,2022-11-04 13:31:00+00:00,long,10945.75,10946.0,10946.25,10931.25,10971.25,10996.25,11021.25,11046.25,84.36859352551545,high_probability,62.36859352551545,15.0,False,False,False,False,True,stop,10931.25,10931.0,-15.25,0.0,-15.25,-1.0166666666666666,3.5,34.25,0.23333333333333334,2.283333333333333,1,0.0,0,2022-11-04,2.289544235924933,0.822972972972973,3.2585249801744647,strong_bullish,6.545164597334549,1.1772298425511427,bullish,bullish,True,True,True,False
41,34052,34053,34054,2022-11-04 13:32:00+00:00,2022-11-04 13:33:00+00:00,2022-11-04 13:34:00+00:00,long,10879.5,10879.75,10880.0,10865.0,10905.0,10930.0,10955.0,10980.0,74.0,near_trigger,18.783561471411943,15.0,False,False,False,False,True,stop,10865.0,10864.75,-15.25,0.0,-15.25,-1.0166666666666666,19.25,16.75,1.2833333333333334,1.1166666666666667,2,1.0,0,2022-11-04,2.7751479289940826,0.822972972972973,3.2585249801744647,partial_bullish,3.218673706357555,1.0205481607350766,bullish,bullish,False,True,True,False
42,34076,34077,34102,2022-11-04 13:56:00+00:00,2022-11-04 13:57:00+00:00,2022-11-04 14:22:00+00:00,long,10815.5,10815.5,10815.75,10800.75,10840.75,10865.75,10890.75,10915.75,88.8,high_probability,70.8,15.0,True,True,True,True,False,tp4,10915.75,10915.5,99.75,0.0,99.75,6.65,102.75,9.25,6.85,0.6166666666666667,26,25.0,4,2022-11-04,2.457296570275723,3.131445170660857,0.7946859903381642,partial_bearish,1.3613758382394072,2.331008865683148,bullish,bullish,True,True,True,False
43,35434,35435,35435,2022-11-07 14:34:00+00:00,2022-11-07 14:35:00+00:00,2022-11-07 14:35:00+00:00,long,10910.5,10910.75,10911.0,10896.0,10936.0,10961.0,10986.0,11011.0,71.07406813800274,near_trigger,70.07406813800274,15.0,False,False,False,False,True,stop,10896.0,10895.75,-15.25,0.0,-15.25,-1.0166666666666666,8.0,19.75,0.5333333333333333,1.3166666666666667,1,0.0,0,2022-11-07,1.9950433705080544,0.902676399026764,0.5529061102831594,partial_bullish,3.0202300008394194,1.1337371891321302,bullish,bullish,True,True,False,False
44,35462,35463,35463,2022-11-07 15:02:00+00:00,2022-11-07 15:03:00+00:00,2022-11-07 15:03:00+00:00,long,10924.0,10923.75,10924.0,10909.0,10949.0,10974.0,10999.0,11024.0,75.16056938221885,near_trigger,37.16056938221885,15.0,False,False,False,False,True,stop,10909.0,10908.75,-15.25,0.0,-15.25,-1.0166666666666666,2.5,18.0,0.16666666666666666,1.2,1,0.0,0,2022-11-07,1.990942028985507,0.9385964912280702,0.9873278236914601,partial_bearish,1.6681449569183984,1.467533673943335,neutral,bullish,True,True,True,False
45,36831,36832,36891,2022-11-08 14:51:00+00:00,2022-11-08 14:52:00+00:00,2022-11-08 15:51:00+00:00,long,11045.75,11045.75,11046.0,11031.0,11071.0,11096.0,11121.0,11146.0,77.65302638359915,near_trigger,53.653026383599155,15.0,True,True,True,False,False,max_holding_time,11125.5,11125.25,79.25,0.0,79.25,5.283333333333333,92.0,5.0,6.133333333333334,0.3333333333333333,60,59.0,3,2022-11-08,2.0252583237657866,2.9039010466222646,0.9408327246165084,partial_bearish,0.7374621068040619,0.5872149052361066,bullish,bullish,True,True,True,False
46,39579,39580,39580,2022-11-10 14:39:00+00:00,2022-11-10 14:40:00+00:00,2022-11-10 14:40:00+00:00,long,11329.0,11329.0,11329.25,11314.25,11354.25,11379.25,11404.25,11429.25,70.9075508864084,near_trigger,36.9075508864084,15.0,False,False,False,False,True,stop,11314.25,11314.0,-15.25,0.0,-15.25,-1.0166666666666666,8.75,33.25,0.5833333333333334,2.216666666666667,1,0.0,0,2022-11-10,0.34011818778726194,0.716401831403178,7.7096580683863225,partial_bullish,1.7195926909764148,1.6358293530385843,bullish,bullish,True,True,False,False
47,39582,39583,39591,2022-11-10 14:42:00+00:00,2022-11-10 14:43:00+00:00,2022-11-10 14:51:00+00:00,long,11298.5,11297.5,11297.75,11282.75,11322.75,11347.75,11372.75,11397.75,71.78168288494562,near_trigger,37.781682884945624,15.0,True,True,True,True,False,tp4,11397.75,11397.5,99.75,0.0,99.75,6.65,101.0,7.0,6.733333333333333,0.4666666666666667,9,8.0,4,2022-11-10,0.9456210646823124,0.19464469618949534,7.7096580683863225,partial_bullish,1.5419143216514168,1.738405071738405,bullish,bullish,True,True,False,False
48,40950,40951,40965,2022-11-11 14:30:00+00:00,2022-11-11 14:31:00+00:00,2022-11-11 14:45:00+00:00,short,11613.25,11613.0,11612.75,11627.75,11587.75,11562.75,11537.75,11512.75,72.66446709568686,near_trigger,-55.66446709568686,15.0,True,False,False,False,True,stop,11627.75,11628.0,-15.25,0.0,-15.25,-1.0166666666666666,43.25,45.25,2.8833333333333333,3.0166666666666666,15,14.0,1,2022-11-11,0.5685279187817259,3.5421686746987953,3.1935028248587574,strong_bearish,6.216666666666667,0.9892133112329465,neutral,bearish,True,True,True,True
49,42353,42354,42355,2022-11-14 14:53:00+00:00,2022-11-14 14:54:00+00:00,2022-11-14 14:55:00+00:00,short,11729.75,11729.75,11729.5,11744.5,11704.5,11679.5,11654.5,11629.5,78.09279380598365,near_trigger,-46.092793805983646,15.0,False,False,False,False,True,stop,11744.5,11744.75,-15.25,0.0,-15.25,-1.0166666666666666,8.75,15.0,0.5833333333333334,1.0,2,1.0,0,2022-11-14,1.1885488647581441,1.8038237738985867,2.8529170090386193,partial_bearish,0.7154211362942533,0.8198422081212151,bearish,bearish,True,False,True,False
50,42384,42385,42394,2022-11-14 15:24:00+00:00,2022-11-14 15:25:00+00:00,2022-11-14 15:34:00+00:00,short,11783.0,11783.75,11783.5,11798.5,11758.5,11733.5,11708.5,11683.5,81.98902738638375,high_probability,-63.98902738638375,15.0,False,False,False,False,True,stop,11798.5,11798.75,-15.25,0.0,-15.25,-1.0166666666666666,22.5,16.5,1.5,1.1,10,9.0,0,2022-11-14,1.1974842767295597,2.259678379988088,0.77228992944195,partial_bullish,1.1154334603301919,1.1759068744891343,bearish,bearish,True,True,True,False
51,43712,43713,43713,2022-11-15 14:32:00+00:00,2022-11-15 14:33:00+00:00,2022-11-15 14:33:00+00:00,long,12055.5,12056.25,12056.5,12041.5,12081.5,12106.5,12131.5,12156.5,71.71945623961045,near_trigger,45.71945623961045,15.0,False,False,False,False,True,stop,12041.5,12041.25,-15.25,0.0,-15.25,-1.0166666666666666,3.0,25.0,0.2,1.6666666666666667,1,0.0,0,2022-11-15,1.3311965811965811,0.7670319199618867,2.1365991521431935,partial_bullish,3.708484117410535,1.1906098922732349,bullish,bullish,True,False,False,False
52,43750,43751,43759,2022-11-15 15:10:00+00:00,2022-11-15 15:11:00+00:00,2022-11-15 15:19:00+00:00,long,12019.75,12019.5,12019.75,12004.75,12044.75,12069.75,12094.75,12119.75,72.0,near_trigger,70.01889765883904,15.0,False,False,False,False,True,stop,12004.75,12004.5,-15.25,0.0,-15.25,-1.0166666666666666,18.0,18.25,1.2,1.2166666666666666,9,8.0,0,2022-11-15,2.3056872037914693,0.2616822429906542,0.5916271721958926,partial_bearish,0.910418492093295,0.7690319548872181,bullish,bullish,True,False,True,False
53,43765,43766,43770,2022-11-15 15:25:00+00:00,2022-11-15 15:26:00+00:00,2022-11-15 15:30:00+00:00,long,12043.75,12043.75,12044.0,12029.0,12069.0,12094.0,12119.0,12144.0,77.16098015162746,near_trigger,65.16098015162746,15.0,False,False,False,False,True,stop,12029.0,12028.75,-15.25,0.0,-15.25,-1.0166666666666666,6.75,19.0,0.45,1.2666666666666666,5,4.0,0,2022-11-15,2.11441647597254,0.13313313313313313,1.1754916792738275,partial_bullish,1.1321369247304822,0.8625524206555993,bullish,bullish,True,True,True,True
54,45095,45096,45155,2022-11-16 14:35:00+00:00,2022-11-16 14:36:00+00:00,2022-11-16 15:35:00+00:00,short,11811.0,11811.5,11811.25,11826.25,11786.25,11761.25,11736.25,11711.25,81.54936842590526,high_probability,-72.54936842590526,15.0,True,True,True,False,False,max_holding_time,11765.5,11765.75,45.5,0.0,45.5,3.033333333333333,87.25,13.25,5.816666666666666,0.8833333333333333,60,59.0,3,2022-11-16,0.5390070921985816,0.7406451612903227,1.8490566037735847,strong_bearish,2.7358521372824347,1.1846468188598942,bearish,bearish,True,True,True,False
55,47853,47854,47856,2022-11-18 14:33:00+00:00,2022-11-18 14:34:00+00:00,2022-11-18 14:36:00+00:00,long,11779.5,11778.75,11779.0,11764.0,11804.0,11829.0,11854.0,11879.0,71.31870848181518,near_trigger,49.31870848181518,15.0,False,False,False,False,True,stop,11764.0,11763.75,-15.25,0.0,-15.25,-1.0166666666666666,9.75,23.0,0.65,1.5333333333333334,3,2.0,0,2022-11-18,4.299492385786802,0.38,0.768361581920904,partial_bullish,2.5129208911566123,0.9021927088679558,bullish,bullish,True,True,False,False
56,47873,47874,47879,2022-11-18 14:53:00+00:00,2022-11-18 14:54:00+00:00,2022-11-18 14:59:00+00:00,long,11764.25,11764.0,11764.25,11749.25,11789.25,11814.25,11839.25,11864.25,71.29048925036973,near_trigger,43.29048925036973,15.0,False,False,False,False,True,stop,11749.25,11749.0,-15.25,0.0,-15.25,-1.0166666666666666,20.5,17.25,1.3666666666666667,1.15,6,5.0,0,2022-11-18,1.5874547647768396,3.966666666666667,2.629021667760998,partial_bearish,0.6213454347753725,0.7029788729742282,bullish,bullish,True,False,False,False
57,47900,47901,47906,2022-11-18 15:20:00+00:00,2022-11-18 15:21:00+00:00,2022-11-18 15:26:00+00:00,long,11715.75,11716.0,11716.25,11701.25,11741.25,11766.25,11791.25,11816.25,78.41361793655157,near_trigger,78.41361793655157,15.0,False,False,False,False,True,stop,11701.25,11701.0,-15.25,0.0,-15.25,-1.0166666666666666,9.75,24.25,0.65,1.6166666666666667,6,5.0,0,2022-11-18,1.7183462532299743,1.9956308028399783,4.203655352480418,partial_bearish,0.8606440581362211,0.9143092423948846,bullish,bullish,True,True,False,False
58,47907,47908,47936,2022-11-18 15:27:00+00:00,2022-11-18 15:28:00+00:00,2022-11-18 15:56:00+00:00,long,11680.75,11680.75,11681.0,11666.0,11706.0,11731.0,11756.0,11781.0,70.0,near_trigger,55.20422703606427,15.0,True,False,False,False,True,stop,11666.0,11665.75,-15.25,0.0,-15.25,-1.0166666666666666,47.25,21.75,3.15,1.45,29,28.0,1,2022-11-18,3.056847545219638,1.1252609603340291,4.203655352480418,strong_bearish,1.3954648086326549,1.441098633860239,bullish,bullish,True,True,False,False
59,49234,49235,49240,2022-11-21 14:34:00+00:00,2022-11-21 14:35:00+00:00,2022-11-21 14:40:00+00:00,short,11638.75,11639.5,11639.25,11654.25,11614.25,11589.25,11564.25,11539.25,80.75500355859378,high_probability,-73.75500355859378,15.0,False,False,False,False,True,stop,11654.25,11654.5,-15.25,0.0,-15.25,-1.0166666666666666,11.0,26.75,0.7333333333333333,1.7833333333333334,6,5.0,0,2022-11-21,0.7945945945945947,0.22801302931596093,0.5737704918032788,partial_bullish,3.68224197745013,1.1937544482422304,bearish,bearish,True,True,True,True
60,49242,49243,49246,2022-11-21 14:42:00+00:00,2022-11-21 14:43:00+00:00,2022-11-21 14:46:00+00:00,short,11664.75,11664.25,11664.0,11679.0,11639.0,11614.0,11589.0,11564.0,72.0,near_trigger,-53.45168848582329,15.0,False,False,False,False,True,stop,11679.0,11679.25,-15.25,0.0,-15.25,-1.0166666666666666,20.75,18.5,1.3833333333333333,1.2333333333333334,4,3.0,0,2022-11-21,1.7315010570824525,0.35159817351598177,0.5737704918032788,partial_bullish,1.0656482436823382,0.7160447838413939,bearish,bearish,True,True,True,True
61,51992,51993,52045,2022-11-23 14:32:00+00:00,2022-11-23 14:33:00+00:00,2022-11-23 15:25:00+00:00,long,11765.25,11765.0,11765.25,11750.25,11790.25,11815.25,11840.25,11865.25,70.59113173258339,near_trigger,53.59113173258339,15.0,True,True,True,True,False,tp4,11865.25,11865.0,99.75,0.0,99.75,6.65,103.0,10.0,6.866666666666666,0.6666666666666666,53,52.0,4,2022-11-23,1.0325379609544467,0.6171284634760705,1.4516450648055834,partial_bearish,2.9506694496767296,0.382488418440746,bullish,neutral,True,True,True,False
62,57046,57047,57048,2022-11-29 14:31:00+00:00,2022-11-29 14:32:00+00:00,2022-11-29 14:33:00+00:00,short,11601.25,11601.5,11601.25,11616.25,11576.25,11551.25,11526.25,11501.25,70.20985452972175,near_trigger,-44.20985452972175,15.0,False,False,False,False,True,stop,11616.25,11616.5,-15.25,0.0,-15.25,-1.0166666666666666,3.25,24.25,0.21666666666666667,1.6166666666666667,2,1.0,0,2022-11-29,4.107438016528926,1.3618677042801557,0.6176470588235294,strong_bearish,5.62251517053777,0.7623181621521941,bearish,bearish,False,True,True,False
63,57091,57092,57092,2022-11-29 15:16:00+00:00,2022-11-29 15:17:00+00:00,2022-11-29 15:17:00+00:00,short,11588.5,11588.25,11588.0,11603.0,11563.0,11538.0,11513.0,11488.0,72.0,near_trigger,-47.84035446347174,15.0,False,False,False,False,True,stop,11603.0,11603.25,-15.25,0.0,-15.25,-1.0166666666666666,2.75,17.75,0.18333333333333332,1.1833333333333333,1,0.0,0,2022-11-29,0.09126466753585398,0.7730061349693251,2.5078929306794784,partial_bearish,1.1586917112258732,0.9140288893695773,bearish,bearish,True,True,True,True
64,57093,57094,57096,2022-11-29 15:18:00+00:00,2022-11-29 15:19:00+00:00,2022-11-29 15:21:00+00:00,short,11596.0,11596.25,11596.0,11611.0,11571.0,11546.0,11521.0,11496.0,76.0457782595467,near_trigger,-60.045778259546694,15.0,False,False,False,False,True,stop,11611.0,11611.25,-15.25,0.0,-15.25,-1.0166666666666666,8.0,15.75,0.5333333333333333,1.05,3,2.0,0,2022-11-29,1.8608695652173912,0.7730061349693251,2.5078929306794784,partial_bearish,0.6851707247817136,0.8637445635637965,bearish,bearish,True,True,True,True
65,59805,59806,59806,2022-12-01 14:30:00+00:00,2022-12-01 14:31:00+00:00,2022-12-01 14:31:00+00:00,short,12037.0,12036.5,12036.25,12051.25,12011.25,11986.25,11961.25,11936.25,73.96253033178772,near_trigger,-69.96253033178772,15.0,False,False,False,False,True,stop,12051.25,12051.5,-15.25,0.0,-15.25,-1.0166666666666666,2.0,16.5,0.13333333333333333,1.1,1,0.0,0,2022-12-01,3.3321492007104796,0.7755395683453237,0.2898550724637681,strong_bearish,14.8220302640446,1.4531629147346419,bearish,bearish,True,True,False,False
66,59861,59862,59863,2022-12-01 15:26:00+00:00,2022-12-01 15:27:00+00:00,2022-12-01 15:28:00+00:00,long,11991.75,11992.0,11992.25,11977.25,12017.25,12042.25,12067.25,12092.25,87.24129032258064,high_probability,75.24129032258064,15.0,False,False,False,False,True,stop,11977.25,11977.0,-15.25,0.0,-15.25,-1.0166666666666666,1.25,17.25,0.08333333333333333,1.15,2,1.0,0,2022-12-01,1.1591397849462366,3.9885277246653925,1.7808336914482166,partial_bearish,1.0104549854791869,1.6738025368419365,bullish,bullish,True,True,True,False
67,59864,59865,59865,2022-12-01 15:29:00+00:00,2022-12-01 15:30:00+00:00,2022-12-01 15:30:00+00:00,long,11963.75,11963.5,11963.75,11948.75,11988.75,12013.75,12038.75,12063.75,78.0,near_trigger,68.27636363636364,15.0,False,False,False,False,True,stop,11948.75,11948.5,-15.25,0.0,-15.25,-1.0166666666666666,4.5,20.0,0.3,1.3333333333333333,1,0.0,0,2022-12-01,0.09545454545454546,3.9885277246653925,1.7808336914482166,strong_bearish,0.8097973512047231,1.568294190358467,bullish,bullish,True,True,True,True
68,62575,62576,62579,2022-12-05 14:40:00+00:00,2022-12-05 14:41:00+00:00,2022-12-05 14:44:00+00:00,short,11948.75,11949.0,11948.75,11963.75,11923.75,11898.75,11873.75,11848.75,73.28423879446424,near_trigger,-72.28423879446424,15.0,False,False,False,False,True,stop,11963.75,11964.0,-15.25,0.0,-15.25,-1.0166666666666666,3.25,15.0,0.21666666666666667,1.0,4,3.0,0,2022-12-05,0.6339622641509434,1.851508120649652,1.5476673427991885,partial_bearish,1.763461790413446,1.028568933331878,bearish,bearish,True,True,False,False
69,62595,62596,62601,2022-12-05 15:00:00+00:00,2022-12-05 15:01:00+00:00,2022-12-05 15:06:00+00:00,short,11899.0,11898.5,11898.25,11913.25,11873.25,11848.25,11823.25,11798.25,70.2,near_trigger,-66.2,15.0,False,False,False,False,True,stop,11913.25,11913.5,-15.25,0.0,-15.25,-1.0166666666666666,24.25,16.5,1.6166666666666667,1.1,6,5.0,0,2022-12-05,2.919954904171364,0.6135458167330677,0.8904214559386974,strong_bearish,4.071647295117052,2.0756506340587313,bearish,bearish,False,True,True,False
70,63964,63965,63982,2022-12-06 14:49:00+00:00,2022-12-06 14:50:00+00:00,2022-12-06 15:07:00+00:00,short,11730.0,11730.0,11729.75,11744.75,11704.75,11679.75,11654.75,11629.75,70.0,near_trigger,-28.20410783055199,15.0,True,True,True,True,False,tp4,11629.75,11630.0,99.75,0.0,99.75,6.65,118.0,1.25,7.866666666666666,0.08333333333333333,18,17.0,4,2022-12-06,0.503209242618742,4.9284332688588,4.0355871886121,partial_bearish,1.0843305380194102,1.520050721191948,bearish,bearish,False,True,True,False
71,63995,63996,64055,2022-12-06 15:20:00+00:00,2022-12-06 15:21:00+00:00,2022-12-06 16:20:00+00:00,short,11647.0,11647.0,11646.75,11661.75,11621.75,11596.75,11571.75,11546.75,76.0,near_trigger,-32.05177111716621,15.0,True,True,False,False,False,max_holding_time,11621.25,11621.5,25.25,0.0,25.25,1.6833333333333333,57.75,8.5,3.85,0.5666666666666667,60,59.0,2,2022-12-06,2.0027247956403267,2.072398190045249,5.698644986449865,partial_bearish,1.2101614303509192,1.5397422556631715,bearish,bearish,True,True,False,False
72,65330,65331,65331,2022-12-07 14:35:00+00:00,2022-12-07 14:36:00+00:00,2022-12-07 14:36:00+00:00,short,11569.25,11569.5,11569.25,11584.25,11544.25,11519.25,11494.25,11469.25,76.0,near_trigger,-56.11163152140587,15.0,False,False,False,False,True,stop,11584.25,11584.5,-15.25,0.0,-15.25,-1.0166666666666666,0.5,15.5,0.03333333333333333,1.0333333333333334,1,0.0,0,2022-12-07,2.6875,2.526994359387591,2.165042235217674,strong_bullish,2.496301032057722,1.1026480982426698,bearish,bearish,True,True,False,False
73,65332,65333,65344,2022-12-07 14:37:00+00:00,2022-12-07 14:38:00+00:00,2022-12-07 14:49:00+00:00,short,11577.25,11577.25,11577.0,11592.0,11552.0,11527.0,11502.0,11477.0,81.42285714285714,high_probability,-72.42285714285714,15.0,True,True,True,True,False,tp4,11477.0,11477.25,99.75,0.0,99.75,6.65,105.75,12.0,7.05,0.8,12,11.0,4,2022-12-07,3.6,2.526994359387591,2.165042235217674,strong_bullish,2.308657854364569,1.5947505325469125,bearish,bearish,True,True,False,False
74,65363,65364,65371,2022-12-07 15:08:00+00:00,2022-12-07 15:09:00+00:00,2022-12-07 15:16:00+00:00,short,11520.75,11520.5,11520.25,11535.25,11495.25,11470.25,11445.25,11420.25,75.69707617487586,near_trigger,-68.69707617487586,15.0,True,True,False,False,True,stop,11535.25,11535.5,-15.25,0.0,-15.25,-1.0166666666666666,62.75,17.5,4.183333333333334,1.1666666666666667,8,7.0,2,2022-12-07,2.1816443594646273,1.693548387096774,0.45997223507635354,partial_bearish,1.0192633047401385,1.4936495969378878,bearish,bearish,True,True,True,False
75,66726,66727,66728,2022-12-08 14:51:00+00:00,2022-12-08 14:52:00+00:00,2022-12-08 14:53:00+00:00,short,11540.75,11540.75,11540.5,11555.5,11515.5,11490.5,11465.5,11440.5,74.0,near_trigger,-20.409768093172573,15.0,False,False,False,False,True,stop,11555.5,11555.75,-15.25,0.0,-15.25,-1.0166666666666666,3.0,23.0,0.2,1.5333333333333334,2,1.0,0,2022-12-08,1.7299771167048055,2.076788830715532,3.094736842105263,partial_bearish,1.1783691284617301,1.530023906623541,bearish,bearish,False,True,True,False
76,66740,66741,66753,2022-12-08 15:05:00+00:00,2022-12-08 15:06:00+00:00,2022-12-08 15:18:00+00:00,long,11628.25,11628.25,11628.5,11613.5,11653.5,11678.5,11703.5,11728.5,71.98312020460358,near_trigger,59.98312020460358,15.0,False,False,False,False,True,stop,11613.5,11613.25,-15.25,0.0,-15.25,-1.0166666666666666,16.75,21.0,1.1166666666666667,1.4,13,12.0,0,2022-12-08,1.3248081841432227,3.710280373831776,0.7488738738738738,strong_bullish,1.5720080015030449,2.0339758622662014,bullish,bullish,False,True,True,False
77,66754,66755,66814,2022-12-08 15:19:00+00:00,2022-12-08 15:20:00+00:00,2022-12-08 16:19:00+00:00,long,11610.0,11610.25,11610.5,11595.5,11635.5,11660.5,11685.5,11710.5,70.0,near_trigger,54.0,15.0,True,True,False,False,True,stop,11595.5,11595.25,-15.25,0.0,-15.25,-1.0166666666666666,60.75,28.75,4.05,1.9166666666666667,60,59.0,2,2022-12-08,2.2229007633587785,3.977667493796526,1.743721168631471,partial_bullish,0.4866288439616881,0.6215171444349616,bullish,bullish,True,False,False,False
78,68086,68087,68087,2022-12-09 14:31:00+00:00,2022-12-09 14:32:00+00:00,2022-12-09 14:32:00+00:00,short,11569.25,11569.75,11569.5,11584.5,11544.5,11519.5,11494.5,11469.5,71.61718671935323,near_trigger,-59.61718671935323,15.0,False,False,False,False,True,stop,11584.5,11584.75,-15.25,0.0,-15.25,-1.0166666666666666,19.5,23.75,1.3,1.5833333333333333,1,0.0,0,2022-12-09,1.8167938931297711,0.12494422132976349,2.9392265193370166,strong_bearish,6.559719994166546,1.0214833991915337,bearish,bearish,True,True,False,False
79,70849,70850,70851,2022-12-13 14:35:00+00:00,2022-12-13 14:36:00+00:00,2022-12-13 14:37:00+00:00,long,12211.75,12211.5,12211.75,12196.75,12236.75,12261.75,12286.75,12311.75,76.0,near_trigger,35.40517428777623,15.0,False,False,False,False,True,stop,12196.75,12196.5,-15.25,0.0,-15.25,-1.0166666666666666,17.75,28.5,1.1833333333333333,1.9,2,1.0,0,2022-12-13,3.5914811229428847,1.0532574974146847,7.176744186046512,partial_bearish,2.216772576747516,1.0867161585847418,bullish,bullish,True,False,False,False
80,72278,72279,72292,2022-12-14 15:24:00+00:00,2022-12-14 15:25:00+00:00,2022-12-14 15:38:00+00:00,long,12020.75,12021.0,12021.25,12006.25,12046.25,12071.25,12096.25,12121.25,70.0,near_trigger,59.4917028541801,15.0,False,False,False,False,True,stop,12006.25,12006.0,-15.25,0.0,-15.25,-1.0166666666666666,23.0,15.5,1.5333333333333334,1.0333333333333334,14,13.0,0,2022-12-14,1.3040421792618628,1.4538461538461538,3.201550387596899,partial_bullish,0.5695165255394701,0.5839654568794492,bullish,bullish,True,False,False,False
81,73608,73609,73615,2022-12-15 14:34:00+00:00,2022-12-15 14:35:00+00:00,2022-12-15 14:41:00+00:00,short,11641.5,11642.25,11642.0,11657.0,11617.0,11592.0,11567.0,11542.0,82.57705496810142,high_probability,-66.57705496810142,15.0,False,False,False,False,True,stop,11657.0,11657.25,-15.25,0.0,-15.25,-1.0166666666666666,22.75,16.5,1.5166666666666666,1.1,7,6.0,0,2022-12-15,3.171171171171171,0.6589506172839507,1.204398447606727,strong_bearish,3.324771023066345,1.378976367784426,bearish,bearish,True,True,True,True
82,73632,73633,73692,2022-12-15 14:58:00+00:00,2022-12-15 14:59:00+00:00,2022-12-15 15:58:00+00:00,short,11570.0,11570.0,11569.75,11584.75,11544.75,11519.75,11494.75,11469.75,70.91991911021233,near_trigger,-66.91991911021233,15.0,True,True,False,False,False,max_holding_time,11507.25,11507.5,62.25,0.0,62.25,4.15,66.0,7.25,4.4,0.48333333333333334,60,59.0,2,2022-12-15,2.3498483316481296,2.7039711191335742,1.2451193058568328,strong_bearish,1.0486422586140955,1.7927126468665173,bearish,bearish,False,True,True,False
83,74993,74994,74996,2022-12-16 14:39:00+00:00,2022-12-16 14:40:00+00:00,2022-12-16 14:42:00+00:00,short,11417.5,11417.75,11417.5,11432.5,11392.5,11367.5,11342.5,11317.5,71.50210100658491,near_trigger,-45.50210100658491,15.0,False,False,False,False,True,stop,11432.5,11432.75,-15.25,0.0,-15.25,-1.0166666666666666,11.0,24.75,0.7333333333333333,1.65,3,2.0,0,2022-12-16,0.9795221843003413,2.2842724978973927,0.8436911487758945,partial_bullish,1.2457149075871075,0.904076770176524,neutral,bearish,True,False,True,False
84,75001,75002,75003,2022-12-16 14:47:00+00:00,2022-12-16 14:48:00+00:00,2022-12-16 14:49:00+00:00,short,11439.25,11439.25,11439.0,11454.0,11414.0,11389.0,11364.0,11339.0,71.65654964514229,near_trigger,-60.65654964514229,15.0,False,False,False,False,True,stop,11454.0,11454.25,-15.25,0.0,-15.25,-1.0166666666666666,0.0,48.75,0.0,3.25,2,1.0,0,2022-12-16,0.0115990057995029,2.4279720279720283,1.3132892363199038,partial_bullish,1.415744050213582,1.6681095834128161,neutral,bearish,True,False,True,False
85,77783,77784,77787,2022-12-20 15:09:00+00:00,2022-12-20 15:10:00+00:00,2022-12-20 15:13:00+00:00,short,11169.25,11169.0,11168.75,11183.75,11143.75,11118.75,11093.75,11068.75,74.5940450882623,near_trigger,-74.5940450882623,15.0,False,False,False,False,True,stop,11183.75,11184.0,-15.25,0.0,-15.25,-1.0166666666666666,10.75,19.5,0.7166666666666667,1.3,4,3.0,0,2022-12-20,0.5732758620689654,1.2893642305407012,0.4745762711864407,partial_bullish,0.87521942294855,1.2856598086037518,bearish,bearish,True,True,True,False
86,79124,79125,79125,2022-12-21 14:30:00+00:00,2022-12-21 14:31:00+00:00,2022-12-21 14:31:00+00:00,long,11229.25,11228.75,11229.0,11214.0,11254.0,11279.0,11304.0,11329.0,82.70223757467387,high_probability,44.70223757467387,15.0,False,False,False,False,True,stop,11214.0,11213.75,-15.25,0.0,-15.25,-1.0166666666666666,0.0,29.25,0.0,1.95,1,0.0,0,2022-12-21,1.1878787878787878,0.7573770491803279,1.501818181818182,partial_bearish,13.592345607422441,0.9823424228877962,bullish,bullish,True,True,True,False
87,79126,79127,79164,2022-12-21 14:32:00+00:00,2022-12-21 14:33:00+00:00,2022-12-21 15:10:00+00:00,long,11192.5,11192.25,11192.5,11177.5,11217.5,11242.5,11267.5,11292.5,78.0,near_trigger,54.22116856805962,15.0,True,True,True,True,False,tp4,11292.5,11292.25,99.75,0.0,99.75,6.65,104.25,11.5,6.95,0.7666666666666667,38,37.0,4,2022-12-21,3.226215644820296,0.7573770491803279,1.501818181818182,strong_bearish,5.125353030632197,1.1056745964793881,bullish,bullish,True,True,True,False
88,80505,80506,80535,2022-12-22 14:31:00+00:00,2022-12-22 14:32:00+00:00,2022-12-22 15:01:00+00:00,short,11180.0,11179.75,11179.5,11194.5,11154.5,11129.5,11104.5,11079.5,75.40485782972726,near_trigger,-37.40485782972726,15.0,True,True,True,True,False,tp4,11079.5,11079.75,99.75,0.0,99.75,6.65,101.75,0.25,6.783333333333333,0.016666666666666666,30,29.0,4,2022-12-22,2.919597989949749,0.1620658949243099,3.835137385512073,partial_bearish,8.67712747680678,1.2560722871590815,bearish,neutral,True,True,True,True
89,80538,80539,80598,2022-12-22 15:04:00+00:00,2022-12-22 15:05:00+00:00,2022-12-22 16:04:00+00:00,short,11068.75,11068.5,11068.25,11083.25,11043.25,11018.25,10993.25,10968.25,72.216701388986,near_trigger,-64.216701388986,15.0,True,True,False,False,False,max_holding_time,11018.5,11018.75,49.5,0.0,49.5,3.3,69.75,5.75,4.65,0.38333333333333336,60,59.0,2,2022-12-22,4.080213903743315,0.8968386023294509,3.421641791044776,strong_bearish,1.0844918688760068,0.9754221907779383,bearish,bearish,False,True,True,False
90,81896,81897,81898,2022-12-23 14:42:00+00:00,2022-12-23 14:43:00+00:00,2022-12-23 14:44:00+00:00,long,10996.25,10996.75,10997.0,10982.0,11022.0,11047.0,11072.0,11097.0,70.02507196029777,near_trigger,65.02507196029777,15.0,False,False,False,False,True,stop,10982.0,10981.75,-15.25,0.0,-15.25,-1.0166666666666666,1.75,15.5,0.11666666666666667,1.0333333333333334,2,1.0,0,2022-12-23,1.8933002481389578,2.13510747185261,2.1305589555283557,partial_bearish,1.9049448649479386,1.8734413179837268,bullish,bullish,True,True,False,False
91,81915,81916,81916,2022-12-23 15:01:00+00:00,2022-12-23 15:02:00+00:00,2022-12-23 15:02:00+00:00,short,10948.25,10947.25,10947.0,10962.0,10922.0,10897.0,10872.0,10847.0,73.48739063623604,near_trigger,-56.48739063623604,15.0,False,False,False,False,True,stop,10962.0,10962.25,-15.25,0.0,-15.25,-1.0166666666666666,3.75,23.5,0.25,1.5666666666666667,1,0.0,0,2022-12-23,0.9246231155778895,1.1755725190839696,3.5092226613965742,partial_bearish,1.6787930246228202,1.4697910591141454,bearish,bearish,True,True,False,False
92,83315,83316,83340,2022-12-27 15:21:00+00:00,2022-12-27 15:22:00+00:00,2022-12-27 15:46:00+00:00,short,11000.5,11000.5,11000.25,11015.25,10975.25,10950.25,10925.25,10900.25,76.0,near_trigger,-35.6,15.0,True,False,False,False,True,stop,11015.25,11015.5,-15.25,0.0,-15.25,-1.0166666666666666,42.75,17.25,2.85,1.15,25,24.0,1,2022-12-27,4.4774774774774775,0.8599889319313779,3.412266666666667,partial_bullish,2.0230759557344062,1.9954416484487651,bearish,bearish,True,True,False,False
93,84667,84668,84668,2022-12-28 14:53:00+00:00,2022-12-28 14:54:00+00:00,2022-12-28 14:54:00+00:00,short,10928.25,10928.0,10927.75,10942.75,10902.75,10877.75,10852.75,10827.75,72.19716312056738,near_trigger,-60.19716312056738,15.0,False,False,False,False,True,stop,10942.75,10943.0,-15.25,0.0,-15.25,-1.0166666666666666,6.5,16.25,0.43333333333333335,1.0833333333333333,1,0.0,0,2022-12-28,2.75177304964539,2.6676994577846633,1.2023898431665423,partial_bullish,1.00446807307279,1.5647025655483509,bearish,bearish,True,True,False,False
94,84699,84700,84734,2022-12-28 15:25:00+00:00,2022-12-28 15:26:00+00:00,2022-12-28 16:00:00+00:00,short,10923.5,10923.75,10923.5,10938.5,10898.5,10873.5,10848.5,10823.5,85.96949152542373,high_probability,-61.969491525423734,15.0,True,True,True,True,False,tp4,10823.5,10823.75,99.75,0.0,99.75,6.65,100.5,0.75,6.7,0.05,35,34.0,4,2022-12-28,2.8532608695652173,0.19097586568730326,0.943089430894309,partial_bearish,2.447206147424343,2.222988228400062,bearish,bearish,True,True,True,True
95,86029,86030,86072,2022-12-29 14:35:00+00:00,2022-12-29 14:36:00+00:00,2022-12-29 15:18:00+00:00,long,10906.5,10906.25,10906.5,10891.5,10931.5,10956.5,10981.5,11006.5,72.06051210214106,near_trigger,46.06051210214106,15.0,True,True,True,True,False,tp4,11006.5,11006.25,99.75,0.0,99.75,6.65,104.25,8.0,6.95,0.5333333333333333,43,42.0,4,2022-12-29,1.6884422110552764,0.5861733203505355,1.603883495145631,strong_bullish,2.8608820834969246,0.9635474060034381,bullish,bullish,True,True,False,False
96,87410,87411,87452,2022-12-30 14:36:00+00:00,2022-12-30 14:37:00+00:00,2022-12-30 15:18:00+00:00,short,10927.0,10927.5,10927.25,10942.25,10902.25,10877.25,10852.25,10827.25,70.86055793578372,near_trigger,-36.86055793578372,15.0,True,True,False,False,True,stop,10942.25,10942.5,-15.25,0.0,-15.25,-1.0166666666666666,71.75,15.0,4.783333333333333,1.0,42,41.0,2,2022-12-30,1.5705669481302773,1.3445378151260505,0.6581782566111655,partial_bullish,1.551003148052436,0.6956210224638598,bearish,bearish,True,True,False,False
97,88787,88788,88788,2023-01-03 14:33:00+00:00,2023-01-03 14:34:00+00:00,2023-01-03 14:34:00+00:00,long,11134.25,11134.0,11134.25,11119.25,11159.25,11184.25,11209.25,11234.25,77.89499172415711,near_trigger,58.89499172415711,15.0,False,False,False,False,True,stop,11119.25,11119.0,-15.25,0.0,-15.25,-1.0166666666666666,7.5,24.25,0.5,1.6166666666666667,1,0.0,0,2023-01-03,0.765625,0.7878077373974208,1.1355831853167555,strong_bullish,2.888580931263858,0.9663959051963948,bullish,bullish,True,True,True,False
98,88789,88790,88802,2023-01-03 14:35:00+00:00,2023-01-03 14:36:00+00:00,2023-01-03 14:48:00+00:00,long,11109.0,11109.5,11109.75,11094.75,11134.75,11159.75,11184.75,11209.75,73.0,near_trigger,47.78511313371022,15.0,True,True,False,False,True,stop,11094.75,11094.5,-15.25,0.0,-15.25,-1.0166666666666666,72.0,50.75,4.8,3.3833333333333333,13,12.0,2,2023-01-03,0.4781216648879402,0.24778761061946905,1.1355831853167555,partial_bullish,2.319886640393216,0.9603504848495957,bullish,bullish,True,True,True,False
99,88807,88808,88809,2023-01-03 14:53:00+00:00,2023-01-03 14:54:00+00:00,2023-01-03 14:55:00+00:00,long,11036.25,11036.25,11036.5,11021.5,11061.5,11086.5,11111.5,11136.5,70.608206485771,near_trigger,70.608206485771,15.0,False,False,False,False,True,stop,11021.5,11021.25,-15.25,0.0,-15.25,-1.0166666666666666,6.75,27.25,0.45,1.8166666666666667,2,1.0,0,2023-01-03,0.9080079417604235,2.225108225108225,1.2538347352795645,partial_bearish,0.9225384793874235,1.5450129533678756,bullish,bullish,True,False,False,False
100,90168,90169,90178,2023-01-04 14:34:00+00:00,2023-01-04 14:35:00+00:00,2023-01-04 14:44:00+00:00,long,10982.0,10982.5,10982.75,10967.75,11007.75,11032.75,11057.75,11082.75,84.98619717827638,high_probability,84.98619717827638,15.0,True,True,False,False,True,stop,10967.75,10967.5,-15.25,0.0,-15.25,-1.0166666666666666,64.0,18.25,4.266666666666667,1.2166666666666666,10,9.0,2,2023-01-04,3.5773955773955772,1.5272727272727273,0.9319826338639653,partial_bullish,2.2667701519015413,0.9864319765309864,bullish,bullish,True,True,True,False
101,90210,90211,90216,2023-01-04 15:16:00+00:00,2023-01-04 15:17:00+00:00,2023-01-04 15:22:00+00:00,long,10918.25,10918.75,10919.0,10904.0,10944.0,10969.0,10994.0,11019.0,77.55015460330547,near_trigger,73.55015460330547,15.0,False,False,False,False,True,stop,10904.0,10903.75,-15.25,0.0,-15.25,-1.0166666666666666,8.75,24.75,0.5833333333333334,1.65,6,5.0,0,2023-01-04,1.7924242424242423,2.0476190476190474,3.0455717970765264,partial_bearish,0.5913198337840512,1.157390223828812,bullish,bullish,True,False,False,False
102,92927,92928,92930,2023-01-06 14:33:00+00:00,2023-01-06 14:34:00+00:00,2023-01-06 14:36:00+00:00,long,10920.75,10920.5,10920.75,10905.75,10945.75,10970.75,10995.75,11020.75,73.6,near_trigger,61.599999999999994,15.0,False,False,False,False,True,stop,10905.75,10905.5,-15.25,0.0,-15.25,-1.0166666666666666,24.25,29.25,1.6166666666666667,1.95,3,2.0,0,2023-01-06,2.0597014925373136,0.893735130848533,2.5221465076660987,partial_bullish,3.079985072770245,1.6216165642162779,bullish,bullish,True,True,False,False
103,92945,92946,92966,2023-01-06 14:51:00+00:00,2023-01-06 14:52:00+00:00,2023-01-06 15:12:00+00:00,long,10812.5,10812.25,10812.5,10797.5,10837.5,10862.5,10887.5,10912.5,71.43686157454293,near_trigger,47.43686157454293,15.0,True,True,True,True,False,tp4,10912.5,10912.25,99.75,0.0,99.75,6.65,105.0,11.25,7.0,0.75,21,20.0,4,2023-01-06,0.6863813229571984,1.8269947800149142,0.4768392370572207,partial_bullish,0.8420661091996366,1.525700510640504,bullish,bullish,False,False,True,False
104,95687,95688,95688,2023-01-10 14:33:00+00:00,2023-01-10 14:34:00+00:00,2023-01-10 14:34:00+00:00,short,11205.0,11205.0,11204.75,11219.75,11179.75,11154.75,11129.75,11104.75,78.0,near_trigger,-69.47702950427202,15.0,False,False,False,False,True,stop,11219.75,11220.0,-15.25,0.0,-15.25,-1.0166666666666666,2.25,41.5,0.15,2.7666666666666666,1,0.0,0,2023-01-10,4.062937062937063,1.220125786163522,0.8134556574923547,partial_bullish,2.605881225645721,1.1169727282684094,bearish,bearish,True,False,True,False
105,95689,95690,95726,2023-01-10 14:35:00+00:00,2023-01-10 14:36:00+00:00,2023-01-10 15:12:00+00:00,short,11233.25,11233.0,11232.75,11247.75,11207.75,11182.75,11157.75,11132.75,81.85033400578354,high_probability,-61.85033400578354,15.0,True,True,True,False,True,stop,11247.75,11248.0,-15.25,0.0,-15.25,-1.0166666666666666,90.5,34.25,6.033333333333333,2.283333333333333,37,36.0,3,2023-01-10,4.571428571428571,2.6702484889187375,0.8134556574923547,strong_bullish,2.3128780761179515,1.2483874698623678,bearish,bearish,True,False,True,False
106,95730,95731,95732,2023-01-10 15:16:00+00:00,2023-01-10 15:17:00+00:00,2023-01-10 15:18:00+00:00,long,11282.25,11282.0,11282.25,11267.25,11307.25,11332.25,11357.25,11382.25,80.35872382851446,high_probability,52.35872382851446,15.0,False,False,False,False,True,stop,11267.25,11267.0,-15.25,0.0,-15.25,-1.0166666666666666,0.25,26.75,0.016666666666666666,1.7833333333333334,2,1.0,0,2023-01-10,3.1545363908275177,1.6014975041597337,2.9365014338385906,strong_bullish,1.5026849810638179,2.2158873051596233,bullish,bullish,False,True,True,False
107,95739,95740,95742,2023-01-10 15:25:00+00:00,2023-01-10 15:26:00+00:00,2023-01-10 15:28:00+00:00,long,11247.75,11247.5,11247.75,11232.75,11272.75,11297.75,11322.75,11347.75,71.09586776859504,near_trigger,47.09586776859504,15.0,False,False,False,False,True,stop,11232.75,11232.5,-15.25,0.0,-15.25,-1.0166666666666666,2.75,24.25,0.18333333333333332,1.6166666666666667,3,2.0,0,2023-01-10,0.578512396694215,0.5739549839228295,2.9365014338385906,strong_bullish,1.0117357446652935,1.5020263424518745,bullish,bullish,False,True,True,False
108,97067,97068,97127,2023-01-11 14:33:00+00:00,2023-01-11 14:34:00+00:00,2023-01-11 15:33:00+00:00,long,11307.25,11307.0,11307.25,11292.25,11332.25,11357.25,11382.25,11407.25,72.47894859089345,near_trigger,71.47894859089345,15.0,True,True,True,False,False,max_holding_time,11362.5,11362.25,55.0,0.0,55.0,3.6666666666666665,81.5,5.0,5.433333333333334,0.3333333333333333,60,59.0,3,2023-01-11,1.912676056338028,1.1264367816091954,0.6953199617956064,partial_bullish,3.7075951489409267,1.1881223583351241,bullish,bullish,True,True,False,False
109,98498,98499,98499,2023-01-12 15:24:00+00:00,2023-01-12 15:25:00+00:00,2023-01-12 15:25:00+00:00,short,11487.0,11487.5,11487.25,11502.25,11462.25,11437.25,11412.25,11387.25,70.0,near_trigger,-70.0,15.0,False,False,False,False,True,stop,11502.25,11502.5,-15.25,0.0,-15.25,-1.0166666666666666,8.25,15.0,0.55,1.0,1,0.0,0,2023-01-12,0.43367752184273234,3.0746641674476725,0.7911620990014872,partial_bearish,0.8255323710161497,1.7630002670634468,bearish,bearish,True,False,True,False
110,98501,98502,98509,2023-01-12 15:27:00+00:00,2023-01-12 15:28:00+00:00,2023-01-12 15:35:00+00:00,short,11471.75,11471.75,11471.5,11486.5,11446.5,11421.5,11396.5,11371.5,70.76845332938932,near_trigger,-70.76845332938932,15.0,True,False,False,False,True,stop,11486.5,11486.75,-15.25,0.0,-15.25,-1.0166666666666666,38.25,16.25,2.55,1.0833333333333333,8,7.0,1,2023-01-12,0.5129579982126898,2.2875237492083595,0.7911620990014872,partial_bearish,0.5900810360978981,1.3390295750521124,bearish,bearish,True,False,True,False
111,99877,99878,99884,2023-01-13 15:23:00+00:00,2023-01-13 15:24:00+00:00,2023-01-13 15:30:00+00:00,short,11510.0,11510.5,11510.25,11525.25,11485.25,11460.25,11435.25,11410.25,70.0,near_trigger,-62.669373579773776,15.0,False,False,False,False,True,stop,11525.25,11525.5,-15.25,0.0,-15.25,-1.0166666666666666,7.25,18.0,0.48333333333333334,1.2,7,6.0,0,2023-01-13,1.6342412451361867,0.9723237597911227,2.6054590570719607,strong_bullish,0.9600688126509412,1.0960042299267316,bearish,bearish,True,True,False,False
112,101209,101210,101240,2023-01-16 14:35:00+00:00,2023-01-16 14:36:00+00:00,2023-01-16 15:06:00+00:00,long,11607.0,11607.25,11607.5,11592.5,11632.5,11657.5,11682.5,11707.5,83.16722881947909,high_probability,83.16722881947909,15.0,False,False,False,False,True,stop,11592.5,11592.25,-15.25,0.0,-15.25,-1.0166666666666666,2.75,15.5,0.18333333333333332,1.0333333333333334,31,30.0,0,2023-01-16,2.705521472392638,0.717948717948718,0.9164345403899722,strong_bullish,7.73109243697479,0.45903602434886737,bullish,bullish,True,True,True,False
113,102352,102353,102355,2023-01-17 14:38:00+00:00,2023-01-17 14:39:00+00:00,2023-01-17 14:41:00+00:00,short,11567.25,11567.25,11567.0,11582.0,11542.0,11517.0,11492.0,11467.0,73.94562482491013,near_trigger,-41.94562482491013,15.0,False,False,False,False,True,stop,11582.0,11582.25,-15.25,0.0,-15.25,-1.0166666666666666,17.75,22.0,1.1833333333333333,1.4666666666666666,3,2.0,0,2023-01-17,1.363533408833522,0.8067796610169491,2.357076780758557,partial_bullish,2.032111899133176,1.4170253686235001,neutral,bearish,True,True,True,False
114,102402,102403,102406,2023-01-17 15:28:00+00:00,2023-01-17 15:29:00+00:00,2023-01-17 15:32:00+00:00,long,11657.75,11657.5,11657.75,11642.75,11682.75,11707.75,11732.75,11757.75,76.0,near_trigger,68.83210936461245,15.0,False,False,False,False,True,stop,11642.75,11642.5,-15.25,0.0,-15.25,-1.0166666666666666,6.0,25.0,0.4,1.6666666666666667,4,3.0,0,2023-01-17,2.5225225225225225,2.0811940298507463,3.3242764323685763,partial_bullish,1.494182243453785,1.477430861802003,bullish,bullish,True,False,False,False
115,103765,103766,103772,2023-01-18 15:11:00+00:00,2023-01-18 15:12:00+00:00,2023-01-18 15:18:00+00:00,long,11727.5,11727.75,11728.0,11713.0,11753.0,11778.0,11803.0,11828.0,82.0,high_probability,45.3063555586283,15.0,False,False,False,False,True,stop,11713.0,11712.75,-15.25,0.0,-15.25,-1.0166666666666666,10.0,34.25,0.6666666666666666,2.283333333333333,7,6.0,0,2023-01-18,1.742971887550201,1.8704839809134286,2.0552188552188553,partial_bullish,0.8394068283710772,1.05279852360218,bullish,bullish,True,True,True,True
116,105117,105118,105177,2023-01-19 14:43:00+00:00,2023-01-19 14:44:00+00:00,2023-01-19 15:43:00+00:00,short,11403.5,11404.0,11403.75,11418.75,11378.75,11353.75,11328.75,11303.75,94.11309565369314,a_plus_plus,-72.11309565369314,15.0,True,True,False,False,False,max_holding_time,11366.0,11366.25,37.5,0.0,37.5,2.5,54.75,14.0,3.65,0.9333333333333333,60,59.0,2,2023-01-19,1.893967093235832,2.6744186046511627,1.9154228855721394,partial_bullish,1.5203375923103972,1.2985907736977798,bearish,bearish,True,True,True,True
117,106485,106486,106486,2023-01-20 14:31:00+00:00,2023-01-20 14:32:00+00:00,2023-01-20 14:32:00+00:00,long,11411.75,11410.75,11411.0,11396.0,11436.0,11461.0,11486.0,11511.0,82.93261104696441,high_probability,69.93261104696441,15.0,False,False,False,False,True,stop,11396.0,11395.75,-15.25,0.0,-15.25,-1.0166666666666666,8.25,15.5,0.55,1.0333333333333334,1,0.0,0,2023-01-20,2.4738955823293174,0.9290123456790124,0.6932185145317545,partial_bearish,5.8258101094683585,0.9549204352115294,bullish,bullish,True,True,True,False
118,106487,106488,106489,2023-01-20 14:33:00+00:00,2023-01-20 14:34:00+00:00,2023-01-20 14:35:00+00:00,long,11401.25,11401.25,11401.5,11386.5,11426.5,11451.5,11476.5,11501.5,81.20579833791692,high_probability,47.20579833791692,15.0,False,False,False,False,True,stop,11386.5,11386.25,-15.25,0.0,-15.25,-1.0166666666666666,5.0,16.0,0.3333333333333333,1.0666666666666667,2,1.0,0,2023-01-20,3.2146422628951745,0.9290123456790124,0.6932185145317545,partial_bearish,2.6520812615428326,0.7934376062563754,bullish,bullish,True,True,True,False
119,106494,106495,106554,2023-01-20 14:40:00+00:00,2023-01-20 14:41:00+00:00,2023-01-20 15:40:00+00:00,long,11421.5,11421.5,11421.75,11406.75,11446.75,11471.75,11496.75,11521.75,73.06698763943159,near_trigger,61.06698763943159,15.0,True,True,True,False,False,max_holding_time,11474.25,11474.0,52.25,0.0,52.25,3.4833333333333334,76.5,5.75,5.1,0.38333333333333336,60,59.0,3,2023-01-20,1.9228149829738932,1.0831408775981526,0.6932185145317545,partial_bearish,1.5593209612859336,0.895202455993751,bullish,bullish,True,False,False,False
120,107865,107866,107881,2023-01-23 14:31:00+00:00,2023-01-23 14:32:00+00:00,2023-01-23 14:47:00+00:00,long,11678.75,11679.25,11679.5,11664.5,11704.5,11729.5,11754.5,11779.5,78.0,near_trigger,78.0,15.0,True,True,True,True,False,tp4,11779.5,11779.25,99.75,0.0,99.75,6.65,106.0,5.0,7.066666666666666,0.3333333333333333,16,15.0,4,2023-01-23,3.1283185840707968,0.9634831460674158,0.02676864244741874,partial_bearish,7.096594392731732,0.9112249864017635,bullish,bullish,True,True,True,False
121,107900,107901,107958,2023-01-23 15:06:00+00:00,2023-01-23 15:07:00+00:00,2023-01-23 16:04:00+00:00,long,11798.5,11798.75,11799.0,11784.0,11824.0,11849.0,11874.0,11899.0,85.8787223259344,high_probability,85.8787223259344,15.0,True,True,True,True,False,tp4,11899.0,11898.75,99.75,0.0,99.75,6.65,117.25,4.75,7.816666666666666,0.31666666666666665,58,57.0,4,2023-01-23,1.589519650655022,3.4975438596491224,3.465,partial_bullish,0.7911699586637145,0.9460464024414101,bullish,bullish,True,True,True,False
122,109247,109248,109254,2023-01-24 14:33:00+00:00,2023-01-24 14:34:00+00:00,2023-01-24 14:40:00+00:00,short,11876.25,11876.25,11876.0,11891.0,11851.0,11826.0,11801.0,11776.0,70.01033741318378,near_trigger,-48.01033741318378,15.0,True,False,False,False,True,stop,11891.0,11891.25,-15.25,0.0,-15.25,-1.0166666666666666,30.75,17.75,2.05,1.1833333333333333,7,6.0,1,2023-01-24,1.8260869565217392,1.0870147255689424,1.2552742616033756,partial_bullish,2.5546139635809166,0.7486529917761603,bearish,bearish,True,True,False,False
123,109271,109272,109289,2023-01-24 14:57:00+00:00,2023-01-24 14:58:00+00:00,2023-01-24 15:15:00+00:00,short,11906.25,11906.75,11906.5,11921.5,11881.5,11856.5,11831.5,11806.5,86.85015806111696,high_probability,-62.85015806111696,15.0,True,True,False,False,True,stop,11921.5,11921.75,-15.25,0.0,-15.25,-1.0166666666666666,68.5,30.25,4.566666666666666,2.0166666666666666,18,17.0,2,2023-01-24,1.386722866174921,3.782041442824252,0.7075812274368232,partial_bullish,1.1980543186515975,1.90671031096563,bearish,bearish,True,True,True,True
124,113443,113444,113448,2023-01-27 15:29:00+00:00,2023-01-27 15:30:00+00:00,2023-01-27 15:34:00+00:00,long,12167.25,12167.25,12167.5,12152.5,12192.5,12217.5,12242.5,12267.5,83.06577724981814,high_probability,83.06577724981814,15.0,False,False,False,False,True,stop,12152.5,12152.25,-15.25,0.0,-15.25,-1.0166666666666666,8.5,18.5,0.5666666666666667,1.2333333333333334,5,4.0,0,2023-01-27,0.9051724137931034,0.8500619578686492,3.679715302491103,strong_bullish,1.1726972035682068,1.4687158151462438,bullish,bullish,True,True,True,True
125,116148,116149,116149,2023-01-31 14:34:00+00:00,2023-01-31 14:35:00+00:00,2023-01-31 14:35:00+00:00,long,12024.25,12024.75,12025.0,12010.0,12050.0,12075.0,12100.0,12125.0,81.60009624858426,high_probability,45.600096248584265,15.0,False,False,False,False,True,stop,12010.0,12009.75,-15.25,0.0,-15.25,-1.0166666666666666,3.0,23.5,0.2,1.5666666666666667,1,0.0,0,2023-01-31,3.4956085319949812,1.632340425531915,2.0591357088703566,partial_bullish,3.3912429378531073,1.289947080471709,bullish,bullish,True,True,False,False
126,116189,116190,116249,2023-01-31 15:15:00+00:00,2023-01-31 15:16:00+00:00,2023-01-31 16:15:00+00:00,long,12034.25,12034.0,12034.25,12019.25,12059.25,12084.25,12109.25,12134.25,73.28473365034888,near_trigger,67.28473365034888,15.0,True,True,False,False,False,max_holding_time,12076.25,12076.0,41.75,0.0,41.75,2.783333333333333,58.0,14.75,3.8666666666666667,0.9833333333333333,60,59.0,2,2023-01-31,1.6439393939393938,0.24856046065259116,0.9492833517089304,partial_bullish,0.9168482624154146,1.0239135168368065,bullish,bullish,True,True,True,False
127,117532,117533,117538,2023-02-01 14:38:00+00:00,2023-02-01 14:39:00+00:00,2023-02-01 14:44:00+00:00,long,12128.25,12128.5,12128.75,12113.75,12153.75,12178.75,12203.75,12228.75,73.15068462295653,near_trigger,51.15068462295653,15.0,False,False,False,False,True,stop,12113.75,12113.5,-15.25,0.0,-15.25,-1.0166666666666666,6.0,21.25,0.4,1.4166666666666667,6,5.0,0,2023-02-01,0.38213399503722084,2.3264705882352943,0.3425531914893617,partial_bullish,1.5511702615878844,0.7553532973060827,bullish,bullish,True,True,False,False
128,118926,118927,118930,2023-02-02 14:52:00+00:00,2023-02-02 14:53:00+00:00,2023-02-02 14:56:00+00:00,long,12699.5,12699.5,12699.75,12684.75,12724.75,12749.75,12774.75,12799.75,80.81138157894736,high_probability,69.81138157894736,15.0,False,False,False,False,True,stop,12684.75,12684.5,-15.25,0.0,-15.25,-1.0166666666666666,20.25,15.0,1.35,1.0,4,3.0,0,2023-02-02,1.5531249999999999,2.351145038167939,3.1149354640442533,partial_bullish,1.219738313469497,1.7148615963450686,bullish,bullish,True,True,False,False
129,118951,118952,118976,2023-02-02 15:17:00+00:00,2023-02-02 15:18:00+00:00,2023-02-02 15:42:00+00:00,long,12711.75,12711.75,12712.0,12697.0,12737.0,12762.0,12787.0,12812.0,70.22628774422735,near_trigger,66.22628774422735,15.0,True,True,True,True,False,tp4,12812.0,12811.75,99.75,0.0,99.75,6.65,104.75,6.75,6.983333333333333,0.45,25,24.0,4,2023-02-02,1.492007104795737,1.1753086419753087,0.6784140969162996,partial_bullish,1.5412598834403652,1.7793014784658239,bullish,bullish,False,True,True,False
130,120285,120286,120300,2023-02-03 14:31:00+00:00,2023-02-03 14:32:00+00:00,2023-02-03 14:46:00+00:00,long,12607.75,12607.75,12608.0,12593.0,12633.0,12658.0,12683.0,12708.0,74.63873873873874,near_trigger,20.638738738738738,15.0,True,True,True,True,False,tp4,12708.0,12707.75,99.75,0.0,99.75,6.65,107.75,12.0,7.183333333333334,0.8,15,14.0,4,2023-02-03,2.9954954954954953,0.49079754601226994,4.299915038232795,partial_bearish,5.912300055157198,1.556749691380437,neutral,neutral,True,True,True,False
131,120330,120331,120390,2023-02-03 15:16:00+00:00,2023-02-03 15:17:00+00:00,2023-02-03 16:16:00+00:00,long,12773.0,12772.5,12772.75,12757.75,12797.75,12822.75,12847.75,12872.75,72.64465445953928,near_trigger,34.64465445953928,15.0,True,True,True,False,False,max_holding_time,12830.25,12830.0,57.25,0.0,57.25,3.816666666666667,84.5,13.75,5.633333333333334,0.9166666666666666,60,59.0,3,2023-02-03,2.604843473124631,0.582903463522476,2.761563712324679,strong_bullish,1.4773184836153352,2.3971641064850213,neutral,bullish,True,True,True,True
132,121671,121672,121673,2023-02-06 14:37:00+00:00,2023-02-06 14:38:00+00:00,2023-02-06 14:39:00+00:00,short,12524.25,12524.25,12524.0,12539.0,12499.0,12474.0,12449.0,12424.0,75.92532028653376,near_trigger,-51.92532028653376,15.0,False,False,False,False,True,stop,12539.0,12539.25,-15.25,0.0,-15.25,-1.0166666666666666,5.0,22.0,0.3333333333333333,1.4666666666666666,2,1.0,0,2023-02-06,2.2114014251781473,3.1383763837638377,0.37454808387563265,partial_bearish,2.43321475130919,1.1637762489035437,bearish,bearish,True,True,False,False
133,121705,121706,121707,2023-02-06 15:11:00+00:00,2023-02-06 15:12:00+00:00,2023-02-06 15:13:00+00:00,short,12554.75,12555.5,12555.25,12570.25,12530.25,12505.25,12480.25,12455.25,70.58558699710753,near_trigger,-32.58558699710753,15.0,False,False,False,False,True,stop,12570.25,12570.5,-15.25,0.0,-15.25,-1.0166666666666666,0.0,16.25,0.0,1.0833333333333333,2,1.0,0,2023-02-06,0.5,1.752988047808765,1.4148061104582843,partial_bullish,1.2534972141849399,1.3996769154773507,neutral,bearish,True,True,True,True
134,121709,121710,121745,2023-02-06 15:15:00+00:00,2023-02-06 15:16:00+00:00,2023-02-06 15:51:00+00:00,short,12520.75,12520.0,12519.75,12534.75,12494.75,12469.75,12444.75,12419.75,76.0,near_trigger,-18.0,15.0,True,True,False,False,True,stop,12534.75,12535.0,-15.25,0.0,-15.25,-1.0166666666666666,63.25,35.25,4.216666666666667,2.35,36,35.0,2,2023-02-06,2.638811513463324,0.06610703043022036,1.494041170097508,partial_bullish,1.764107001959836,1.8583014947382532,neutral,bearish,True,True,True,True
135,123046,123047,123052,2023-02-07 14:32:00+00:00,2023-02-07 14:33:00+00:00,2023-02-07 14:38:00+00:00,short,12509.5,12509.5,12509.25,12524.25,12484.25,12459.25,12434.25,12409.25,83.59861858160913,high_probability,-45.59861858160913,15.0,False,False,False,False,True,stop,12524.25,12524.5,-15.25,0.0,-15.25,-1.0166666666666666,20.75,18.25,1.3833333333333333,1.2166666666666666,6,5.0,0,2023-02-07,0.7521663778162911,0.7170294494238156,2.5045871559633026,partial_bearish,4.81253272119528,0.8457602287445238,bearish,bearish,True,True,True,False
136,125825,125826,125827,2023-02-09 14:51:00+00:00,2023-02-09 14:52:00+00:00,2023-02-09 14:53:00+00:00,long,12697.0,12697.0,12697.25,12682.25,12722.25,12747.25,12772.25,12797.25,75.02956139534093,near_trigger,69.02956139534093,15.0,False,False,False,False,True,stop,12682.25,12682.0,-15.25,0.0,-15.25,-1.0166666666666666,3.75,29.25,0.25,1.95,2,1.0,0,2023-02-09,1.381044487427466,1.2188235294117646,1.6019900497512438,partial_bearish,0.8746290950929533,0.8836635430156319,bullish,bullish,True,True,True,True
137,129950,129951,129951,2023-02-14 14:36:00+00:00,2023-02-14 14:37:00+00:00,2023-02-14 14:37:00+00:00,long,12470.75,12470.75,12471.0,12456.0,12496.0,12521.0,12546.0,12571.0,73.6875915250401,near_trigger,52.687591525040105,15.0,False,False,False,False,True,stop,12456.0,12455.75,-15.25,0.0,-15.25,-1.0166666666666666,11.0,16.75,0.7333333333333333,1.1166666666666667,1,0.0,0,2023-02-14,2.9101707498144025,0.8016967126193001,2.380054966627405,partial_bearish,1.611291766812762,1.3129044025881764,neutral,bullish,True,True,False,True
138,129993,129994,129995,2023-02-14 15:19:00+00:00,2023-02-14 15:20:00+00:00,2023-02-14 15:21:00+00:00,short,12628.25,12628.25,12628.0,12643.0,12603.0,12578.0,12553.0,12528.0,75.69563409563409,near_trigger,-21.69563409563409,15.0,False,False,False,False,True,stop,12643.0,12643.25,-15.25,0.0,-15.25,-1.0166666666666666,3.5,17.25,0.23333333333333334,1.15,2,1.0,0,2023-02-14,1.2661122661122661,2.395247524752475,2.0253025302530254,partial_bullish,1.2336945502061414,1.6844566120151343,neutral,bearish,True,True,False,False
139,131369,131370,131429,2023-02-15 15:15:00+00:00,2023-02-15 15:16:00+00:00,2023-02-15 16:15:00+00:00,long,12565.75,12566.25,12566.5,12551.5,12591.5,12616.5,12641.5,12666.5,77.23557804632833,near_trigger,71.23557804632833,15.0,True,True,False,False,False,max_holding_time,12609.5,12609.25,42.75,0.0,42.75,2.85,52.25,10.25,3.4833333333333334,0.6833333333333333,60,59.0,2,2023-02-15,0.7987987987987988,1.8249286393910562,0.637546468401487,partial_bearish,0.5268643306379155,0.5652593021014074,bullish,bullish,True,True,True,True
140,132712,132713,132766,2023-02-16 14:38:00+00:00,2023-02-16 14:39:00+00:00,2023-02-16 15:32:00+00:00,long,12528.25,12528.5,12528.75,12513.75,12553.75,12578.75,12603.75,12628.75,75.92546643895209,near_trigger,68.92546643895209,15.0,True,True,True,True,False,tp4,12628.75,12628.5,99.75,0.0,99.75,6.65,101.5,2.0,6.766666666666667,0.13333333333333333,54,53.0,4,2023-02-16,1.1211498973305956,0.19189511323003575,5.380427738172392,strong_bearish,1.7764948453608247,1.1568330486901042,neutral,bullish,True,True,True,False
141,134085,134086,134086,2023-02-17 14:31:00+00:00,2023-02-17 14:32:00+00:00,2023-02-17 14:32:00+00:00,short,12385.0,12385.25,12385.0,12400.0,12360.0,12335.0,12310.0,12285.0,81.87011112920372,high_probability,-51.87011112920372,15.0,False,False,False,False,True,stop,12400.0,12400.25,-15.25,0.0,-15.25,-1.0166666666666666,0.25,16.0,0.016666666666666666,1.0666666666666667,1,0.0,0,2023-02-17,3.3180873180873185,0.375,0.7652733118971061,partial_bearish,3.903432228039558,0.6416929655586978,bearish,bearish,True,True,True,True
142,134087,134088,134088,2023-02-17 14:33:00+00:00,2023-02-17 14:34:00+00:00,2023-02-17 14:34:00+00:00,short,12400.25,12400.0,12399.75,12414.75,12374.75,12349.75,12324.75,12299.75,73.0,near_trigger,-55.96434758562222,15.0,False,False,False,False,True,stop,12414.75,12415.0,-15.25,0.0,-15.25,-1.0166666666666666,1.0,17.25,0.06666666666666667,1.15,1,0.0,0,2023-02-17,0.5095320623916811,0.375,0.7652733118971061,partial_bullish,2.4558426048148845,0.6753556550448566,bearish,bearish,True,True,True,True
143,134089,134090,134107,2023-02-17 14:35:00+00:00,2023-02-17 14:36:00+00:00,2023-02-17 14:53:00+00:00,short,12409.0,12409.0,12408.75,12423.75,12383.75,12358.75,12333.75,12308.75,83.52567451589074,high_probability,-82.52567451589074,15.0,True,True,True,True,False,tp4,12308.75,12309.0,99.75,0.0,99.75,6.65,100.75,0.5,6.716666666666667,0.03333333333333333,18,17.0,4,2023-02-17,1.688235294117647,1.0769230769230769,0.7652733118971061,strong_bullish,2.2371945774819384,0.7291519683928319,bearish,bearish,True,True,True,False
144,134114,134115,134117,2023-02-17 15:00:00+00:00,2023-02-17 15:01:00+00:00,2023-02-17 15:03:00+00:00,short,12337.0,12337.0,12336.75,12351.75,12311.75,12286.75,12261.75,12236.75,74.0,near_trigger,-37.88348119219669,15.0,False,False,False,False,True,stop,12351.75,12352.0,-15.25,0.0,-15.25,-1.0166666666666666,4.0,26.0,0.26666666666666666,1.7333333333333334,3,2.0,0,2023-02-17,2.036363636363636,3.2615803814713895,1.689806128830519,partial_bearish,0.9541736694677871,0.6480727521783798,bearish,bearish,True,False,True,False
145,135466,135467,135526,2023-02-20 14:32:00+00:00,2023-02-20 14:33:00+00:00,2023-02-20 15:32:00+00:00,short,12386.5,12386.75,12386.5,12401.5,12361.5,12336.5,12311.5,12286.5,70.8946184268786,near_trigger,-70.8946184268786,15.0,False,False,False,False,False,max_holding_time,12377.75,12378.0,8.5,0.0,8.5,0.5666666666666667,15.5,6.5,1.0333333333333334,0.43333333333333335,60,59.0,0,2023-02-20,2.8170731707317076,0.224,1.0059880239520957,strong_bearish,4.62848751835536,0.11827303359824691,bearish,bearish,False,True,True,False
146,136622,136623,136627,2023-02-21 14:48:00+00:00,2023-02-21 14:49:00+00:00,2023-02-21 14:53:00+00:00,short,12252.5,12253.0,12252.75,12267.75,12227.75,12202.75,12177.75,12152.75,72.33403423289225,near_trigger,-60.33403423289225,15.0,True,False,False,False,True,stop,12267.75,12268.0,-15.25,0.0,-15.25,-1.0166666666666666,26.5,16.25,1.7666666666666666,1.0833333333333333,5,4.0,1,2023-02-21,1.7230769230769232,2.6162402669632927,1.4220472440944882,partial_bullish,1.5599013767439012,1.1521581757307031,bearish,bearish,False,True,True,False
147,139409,139410,139410,2023-02-23 15:15:00+00:00,2023-02-23 15:16:00+00:00,2023-02-23 15:16:00+00:00,long,12192.0,12191.75,12192.0,12177.0,12217.0,12242.0,12267.0,12292.0,78.99406713866622,near_trigger,46.994067138666225,15.0,False,False,False,False,True,stop,12177.0,12176.75,-15.25,0.0,-15.25,-1.0166666666666666,0.25,15.5,0.016666666666666666,1.0333333333333334,1,0.0,0,2023-02-23,1.336870026525199,1.896305897602074,1.0329171396140748,partial_bearish,0.9232679700811506,0.9525795926880503,bullish,bullish,True,False,True,False
148,139411,139412,139414,2023-02-23 15:17:00+00:00,2023-02-23 15:18:00+00:00,2023-02-23 15:20:00+00:00,long,12187.25,12187.25,12187.5,12172.5,12212.5,12237.5,12262.5,12287.5,76.59460839467685,near_trigger,65.59460839467685,15.0,False,False,False,False,True,stop,12172.5,12172.25,-15.25,0.0,-15.25,-1.0166666666666666,5.25,16.25,0.35,1.0833333333333333,3,2.0,0,2023-02-23,0.8808567603748327,1.896305897602074,1.0329171396140748,partial_bearish,0.6392563050526496,0.5943314438146049,bullish,bullish,True,False,True,False
149,140778,140779,140838,2023-02-24 15:04:00+00:00,2023-02-24 15:05:00+00:00,2023-02-24 16:04:00+00:00,short,11980.25,11980.25,11980.0,11995.0,11955.0,11930.0,11905.0,11880.0,71.10120422627341,near_trigger,-48.10120422627341,15.0,True,True,False,False,False,max_holding_time,11926.25,11926.5,53.5,0.0,53.5,3.566666666666667,57.25,8.5,3.816666666666667,0.5666666666666667,60,59.0,2,2023-02-24,0.3452914798206278,1.6686046511627906,0.09801633605600933,partial_bearish,0.8335207057547582,0.9202418153675419,bearish,bearish,True,False,True,False
150,142126,142127,142133,2023-02-27 14:32:00+00:00,2023-02-27 14:33:00+00:00,2023-02-27 14:39:00+00:00,long,12128.0,12127.75,12128.0,12113.0,12153.0,12178.0,12203.0,12228.0,71.85431311217214,near_trigger,58.854313112172136,15.0,False,False,False,False,True,stop,12113.0,12112.75,-15.25,0.0,-15.25,-1.0166666666666666,13.0,18.5,0.8666666666666667,1.2333333333333334,7,6.0,0,2023-02-27,0.11451942740286297,0.44717444717444715,3.401500938086304,partial_bearish,4.192991366175724,0.6776489128561227,bullish,bullish,True,True,False,False
151,142148,142149,142191,2023-02-27 14:54:00+00:00,2023-02-27 14:55:00+00:00,2023-02-27 15:37:00+00:00,long,12120.25,12120.25,12120.5,12105.5,12145.5,12170.5,12195.5,12220.5,72.0,near_trigger,48.43969472410727,15.0,True,True,False,False,True,stop,12105.5,12105.25,-15.25,0.0,-15.25,-1.0166666666666666,69.0,18.0,4.6,1.2,43,42.0,2,2023-02-27,0.7852257181942545,1.3290183387270766,1.9580419580419581,partial_bullish,1.0636762142844567,0.7277413759876662,bullish,bullish,True,True,True,True
152,143510,143511,143570,2023-02-28 14:36:00+00:00,2023-02-28 14:37:00+00:00,2023-02-28 15:36:00+00:00,long,12063.5,12063.75,12064.0,12049.0,12089.0,12114.0,12139.0,12164.0,71.87125562619971,near_trigger,47.87125562619971,15.0,True,True,False,False,False,max_holding_time,12074.5,12074.25,10.25,0.0,10.25,0.6833333333333333,60.25,8.25,4.016666666666667,0.55,60,59.0,2,2023-02-28,0.19066147859922178,2.7573062261753494,3.0114942528735633,strong_bearish,1.7568804540184293,0.628952801232127,bullish,bullish,True,True,False,False
153,150456,150457,150460,2023-03-07 15:22:00+00:00,2023-03-07 15:23:00+00:00,2023-03-07 15:26:00+00:00,long,12245.25,12245.0,12245.25,12230.25,12270.25,12295.25,12320.25,12345.25,78.0,near_trigger,22.0,15.0,False,False,False,False,True,stop,12230.25,12230.0,-15.25,0.0,-15.25,-1.0166666666666666,15.5,17.75,1.0333333333333334,1.1833333333333333,4,3.0,0,2023-03-07,1.9683168316831685,5.228710462287104,4.753196930946292,partial_bearish,1.7596760127108872,3.2616733867221614,neutral,bullish,True,True,False,False
154,151789,151790,151798,2023-03-08 14:35:00+00:00,2023-03-08 14:36:00+00:00,2023-03-08 14:44:00+00:00,long,12178.0,12177.25,12177.5,12162.5,12202.5,12227.5,12252.5,12277.5,78.0,near_trigger,72.61209733799208,15.0,False,False,False,False,True,stop,12162.5,12162.25,-15.25,0.0,-15.25,-1.0166666666666666,12.0,21.0,0.8,1.4,9,8.0,0,2023-03-08,2.771573604060914,0.3181818181818182,0.7012302284710017,partial_bullish,2.4581305788578085,0.9221430811270885,bullish,bullish,True,True,True,False
155,151831,151832,151832,2023-03-08 15:17:00+00:00,2023-03-08 15:18:00+00:00,2023-03-08 15:18:00+00:00,long,12163.75,12164.75,12165.0,12150.0,12190.0,12215.0,12240.0,12265.0,70.93637395765501,near_trigger,55.93637395765501,15.0,False,False,False,False,True,stop,12150.0,12149.75,-15.25,0.0,-15.25,-1.0166666666666666,5.75,17.5,0.38333333333333336,1.1666666666666667,1,0.0,0,2023-03-08,1.0996168582375478,0.3011797362942401,0.27615062761506276,partial_bearish,0.43577816796558133,0.6237415675842506,bullish,bullish,True,True,True,True
156,153169,153170,153171,2023-03-09 14:35:00+00:00,2023-03-09 14:36:00+00:00,2023-03-09 14:37:00+00:00,long,12281.75,12281.5,12281.75,12266.75,12306.75,12331.75,12356.75,12381.75,71.15896148378981,near_trigger,45.15896148378981,15.0,False,False,False,False,True,stop,12266.75,12266.5,-15.25,0.0,-15.25,-1.0166666666666666,3.0,20.75,0.2,1.3833333333333333,2,1.0,0,2023-03-09,3.004878048780488,0.7427652733118971,4.015420200462606,strong_bullish,2.3620827382537337,1.0905717734364522,bullish,bullish,True,True,False,False
157,153173,153174,153174,2023-03-09 14:39:00+00:00,2023-03-09 14:40:00+00:00,2023-03-09 14:40:00+00:00,long,12287.5,12287.5,12287.75,12272.75,12312.75,12337.75,12362.75,12387.75,82.22618306094216,high_probability,56.22618306094216,15.0,False,False,False,False,True,stop,12272.75,12272.5,-15.25,0.0,-15.25,-1.0166666666666666,3.5,17.5,0.23333333333333334,1.1666666666666667,1,0.0,0,2023-03-09,0.9536784741144414,0.7427652733118971,4.015420200462606,strong_bullish,1.5168371537370269,1.1137914964774254,bullish,bullish,True,True,True,False
158,153181,153182,153211,2023-03-09 14:47:00+00:00,2023-03-09 14:48:00+00:00,2023-03-09 15:17:00+00:00,long,12317.0,12316.75,12317.0,12302.0,12342.0,12367.0,12392.0,12417.0,80.99830687830688,high_probability,52.99830687830688,15.0,True,False,False,False,True,stop,12302.0,12301.75,-15.25,0.0,-15.25,-1.0166666666666666,36.75,34.75,2.45,2.316666666666667,30,29.0,1,2023-03-09,3.4222222222222225,0.6081771720613287,4.268636668905305,strong_bullish,2.2476536805796945,2.17574737931927,bullish,bullish,False,True,True,False
159,158300,158301,158301,2023-03-15 14:06:00+00:00,2023-03-15 14:07:00+00:00,2023-03-15 14:07:00+00:00,short,12241.75,12241.25,12241.0,12256.0,12216.0,12191.0,12166.0,12141.0,72.0,near_trigger,-60.76481922984848,15.0,False,False,False,False,True,stop,12256.0,12256.25,-15.25,0.0,-15.25,-1.0166666666666666,6.75,27.75,0.45,1.85,1,0.0,0,2023-03-15,2.0291411042944785,0.3522012578616352,1.4196925089957475,strong_bullish,0.8392533502665661,0.7383011160636354,bearish,bearish,True,False,True,False
160,158302,158303,158362,2023-03-15 14:08:00+00:00,2023-03-15 14:09:00+00:00,2023-03-15 15:08:00+00:00,short,12245.5,12245.25,12245.0,12260.0,12220.0,12195.0,12170.0,12145.0,76.43770429063457,near_trigger,-56.43770429063457,15.0,True,True,True,False,False,max_holding_time,12243.0,12243.25,1.75,0.0,1.75,0.11666666666666667,93.5,9.5,6.233333333333333,0.6333333333333333,60,59.0,3,2023-03-15,1.6488888888888888,0.3522012578616352,1.4196925089957475,strong_bullish,1.0265148933269717,0.9444848606477184,bearish,bearish,True,False,True,False
161,159660,159661,159663,2023-03-16 13:46:00+00:00,2023-03-16 13:47:00+00:00,2023-03-16 13:49:00+00:00,short,12342.25,12342.5,12342.25,12357.25,12317.25,12292.25,12267.25,12242.25,73.96835664109987,near_trigger,-39.968356641099874,15.0,False,False,False,False,True,stop,12357.25,12357.5,-15.25,0.0,-15.25,-1.0166666666666666,7.5,19.0,0.5,1.2666666666666666,3,2.0,0,2023-03-16,1.482824427480916,0.5539246968730057,1.2598509052183173,partial_bearish,1.5090928590032326,1.2247587784740874,bearish,bearish,True,True,False,False
162,166544,166545,166549,2023-03-23 13:30:00+00:00,2023-03-23 13:31:00+00:00,2023-03-23 13:35:00+00:00,long,12875.5,12875.5,12875.75,12860.75,12900.75,12925.75,12950.75,12975.75,81.97771592372564,high_probability,45.97771592372564,15.0,False,False,False,False,True,stop,12860.75,12860.5,-15.25,0.0,-15.25,-1.0166666666666666,12.75,16.0,0.85,1.0666666666666667,5,4.0,0,2023-03-23,5.850746268656716,3.1601941747572817,1.8465227817745802,strong_bullish,12.309295539808252,1.4721449046570563,bullish,bullish,False,True,True,False
163,166584,166585,166595,2023-03-23 14:10:00+00:00,2023-03-23 14:11:00+00:00,2023-03-23 14:21:00+00:00,long,12932.0,12932.5,12932.75,12917.75,12957.75,12982.75,13007.75,13032.75,80.0,high_probability,66.0,15.0,False,False,False,False,True,stop,12917.75,12917.5,-15.25,0.0,-15.25,-1.0166666666666666,12.25,17.0,0.8166666666666667,1.1333333333333333,11,10.0,0,2023-03-23,2.0097323600973236,1.4637268847795164,2.339779005524862,strong_bullish,2.190642095290486,2.0470641992232124,bullish,bullish,False,True,True,False
164,167926,167927,167949,2023-03-24 13:32:00+00:00,2023-03-24 13:33:00+00:00,2023-03-24 13:55:00+00:00,short,12801.25,12801.25,12801.0,12816.0,12776.0,12751.0,12726.0,12701.0,73.52342047688029,near_trigger,-56.52342047688029,15.0,True,True,False,False,True,stop,12816.0,12816.25,-15.25,0.0,-15.25,-1.0166666666666666,65.0,24.5,4.333333333333333,1.6333333333333333,23,22.0,2,2023-03-24,0.4908835904628331,1.3444933920704847,1.376,partial_bullish,4.73099975174664,1.3044158485547777,bearish,bearish,True,True,False,False
165,167975,167976,167977,2023-03-24 14:21:00+00:00,2023-03-24 14:22:00+00:00,2023-03-24 14:23:00+00:00,short,12763.5,12763.5,12763.25,12778.25,12738.25,12713.25,12688.25,12663.25,71.8106196161931,near_trigger,-64.8106196161931,15.0,False,False,False,False,True,stop,12778.25,12778.5,-15.25,0.0,-15.25,-1.0166666666666666,6.75,16.25,0.45,1.0833333333333333,2,1.0,0,2023-03-24,1.2028343666961914,0.36536868268434136,0.07621440536013399,partial_bearish,0.9820347194186516,1.2437882492050556,bearish,bearish,True,False,True,False
166,167981,167982,167983,2023-03-24 14:27:00+00:00,2023-03-24 14:28:00+00:00,2023-03-24 14:29:00+00:00,short,12807.75,12808.0,12807.75,12822.75,12782.75,12757.75,12732.75,12707.75,72.0,near_trigger,-36.986337050143554,15.0,False,False,False,False,True,stop,12822.75,12823.0,-15.25,0.0,-15.25,-1.0166666666666666,15.75,23.75,1.05,1.5833333333333333,2,1.0,0,2023-03-24,1.85,0.9807846277021618,0.07621440536013399,partial_bullish,0.7817292337329852,1.0295786873205581,bearish,bearish,True,False,True,False
167,169304,169305,169316,2023-03-27 13:30:00+00:00,2023-03-27 13:31:00+00:00,2023-03-27 13:42:00+00:00,short,12915.25,12915.0,12914.75,12929.75,12889.75,12864.75,12839.75,12814.75,70.72163648702495,near_trigger,-65.72163648702495,15.0,True,False,False,False,True,stop,12929.75,12930.0,-15.25,0.0,-15.25,-1.0166666666666666,33.0,18.25,2.2,1.2166666666666666,12,11.0,1,2023-03-27,0.7777777777777778,0.5823627287853577,1.3125,strong_bearish,9.394586894586894,0.8479520415297209,bearish,neutral,True,True,True,True
168,169317,169318,169320,2023-03-27 13:43:00+00:00,2023-03-27 13:44:00+00:00,2023-03-27 13:46:00+00:00,short,12933.0,12933.0,12932.75,12947.75,12907.75,12882.75,12857.75,12832.75,72.0,near_trigger,-36.951511700390625,15.0,False,False,False,False,True,stop,12947.75,12948.0,-15.25,0.0,-15.25,-1.0166666666666666,3.5,20.0,0.23333333333333334,1.3333333333333333,3,2.0,0,2023-03-27,1.8868312757201646,2.796630565583634,1.3125,partial_bearish,0.9416756488562679,0.8013511152524606,bearish,bearish,True,False,True,False
169,169321,169322,169324,2023-03-27 13:47:00+00:00,2023-03-27 13:48:00+00:00,2023-03-27 13:50:00+00:00,short,12937.75,12938.0,12937.75,12952.75,12912.75,12887.75,12862.75,12837.75,71.76939735113734,near_trigger,-69.76939735113734,15.0,False,False,False,False,True,stop,12952.75,12953.0,-15.25,0.0,-15.25,-1.0166666666666666,0.0,27.5,0.0,1.8333333333333333,3,2.0,0,2023-03-27,0.7121387283236994,0.16699801192842942,0.32869565217391306,strong_bullish,0.7482626495141247,0.6707062264939406,bearish,bearish,True,False,True,False
170,169330,169331,169334,2023-03-27 13:56:00+00:00,2023-03-27 13:57:00+00:00,2023-03-27 14:00:00+00:00,short,12928.0,12927.75,12927.5,12942.5,12902.5,12877.5,12852.5,12827.5,73.39259259259259,near_trigger,-65.39259259259259,15.0,False,False,False,False,True,stop,12942.5,12942.75,-15.25,0.0,-15.25,-1.0166666666666666,12.0,18.5,0.8,1.2333333333333334,4,3.0,0,2023-03-27,2.3333333333333335,0.8873239436619719,0.32869565217391306,partial_bullish,1.2693677778099568,1.5078696138298788,bearish,bearish,True,False,False,True
171,172069,172070,172079,2023-03-29 13:35:00+00:00,2023-03-29 13:36:00+00:00,2023-03-29 13:45:00+00:00,long,12912.0,12912.25,12912.5,12897.5,12937.5,12962.5,12987.5,13012.5,70.61249696603247,near_trigger,42.61249696603247,15.0,False,False,False,False,True,stop,12897.5,12897.25,-15.25,0.0,-15.25,-1.0166666666666666,7.0,15.75,0.4666666666666667,1.05,10,9.0,0,2023-03-29,2.4742729306487696,3.7319277108433733,2.9013732833957553,strong_bullish,2.1287450868105267,0.8919865187657473,bullish,bullish,False,True,True,False
172,172082,172083,172088,2023-03-29 13:48:00+00:00,2023-03-29 13:49:00+00:00,2023-03-29 13:54:00+00:00,long,12921.5,12921.75,12922.0,12907.0,12947.0,12972.0,12997.0,13022.0,81.96199376947041,high_probability,77.96199376947041,15.0,False,False,False,False,True,stop,12907.0,12906.75,-15.25,0.0,-15.25,-1.0166666666666666,2.5,19.25,0.16666666666666666,1.2833333333333334,6,5.0,0,2023-03-29,0.6760124610591901,2.138114209827357,4.335183129855715,strong_bullish,2.073665575208761,1.6659953680394723,bullish,bullish,True,True,True,True
173,173451,173452,173486,2023-03-30 13:37:00+00:00,2023-03-30 13:38:00+00:00,2023-03-30 14:12:00+00:00,long,13046.0,13046.0,13046.25,13031.25,13071.25,13096.25,13121.25,13146.25,70.51774749324021,near_trigger,57.51774749324021,15.0,True,False,False,False,True,stop,13031.25,13031.0,-15.25,0.0,-15.25,-1.0166666666666666,47.75,18.0,3.183333333333333,1.2,35,34.0,1,2023-03-30,2.3486842105263155,1.2685082872928177,1.1666666666666667,partial_bullish,2.311305017323239,1.169807889643706,bullish,bullish,True,True,False,False
174,173494,173495,173554,2023-03-30 14:20:00+00:00,2023-03-30 14:21:00+00:00,2023-03-30 15:20:00+00:00,long,13056.0,13055.75,13056.0,13041.0,13081.0,13106.0,13131.0,13156.0,76.30813027764547,near_trigger,75.30813027764547,15.0,True,True,False,False,False,max_holding_time,13101.25,13101.0,45.0,0.0,45.0,3.0,56.0,1.75,3.7333333333333334,0.11666666666666667,60,59.0,2,2023-03-30,1.1784511784511784,0.436026936026936,0.361731843575419,partial_bearish,0.8031099527322525,1.063614025508015,bullish,bullish,True,True,True,True
175,174824,174825,174884,2023-03-31 13:30:00+00:00,2023-03-31 13:31:00+00:00,2023-03-31 14:30:00+00:00,long,13093.25,13094.0,13094.25,13079.25,13119.25,13144.25,13169.25,13194.25,71.03482608324005,near_trigger,71.03482608324005,15.0,True,True,False,False,False,max_holding_time,13154.5,13154.25,60.0,0.0,60.0,4.0,68.25,1.0,4.55,0.06666666666666667,60,59.0,2,2023-03-31,2.6511627906976742,0.36619718309859156,1.019211324570273,partial_bearish,11.776309667814273,1.0033137258010814,bullish,bullish,True,False,False,False
176,177589,177590,177591,2023-04-04 13:35:00+00:00,2023-04-04 13:36:00+00:00,2023-04-04 13:37:00+00:00,short,13271.5,13271.5,13271.25,13286.25,13246.25,13221.25,13196.25,13171.25,70.42305746630079,near_trigger,-23.42305746630079,15.0,False,False,False,False,True,stop,13286.25,13286.5,-15.25,0.0,-15.25,-1.0166666666666666,3.0,15.25,0.2,1.0166666666666666,2,1.0,0,2023-04-04,1.4843373493975904,1.5525291828793775,2.904564315352697,strong_bearish,2.0872820872820874,0.6017133991410518,neutral,bearish,True,True,False,False
177,177593,177594,177610,2023-04-04 13:39:00+00:00,2023-04-04 13:40:00+00:00,2023-04-04 13:56:00+00:00,short,13266.75,13267.5,13267.25,13282.25,13242.25,13217.25,13192.25,13167.25,73.7717255088965,near_trigger,-44.771725508896495,15.0,True,False,False,False,True,stop,13282.25,13282.5,-15.25,0.0,-15.25,-1.0166666666666666,37.25,16.75,2.4833333333333334,1.1166666666666667,17,16.0,1,2023-04-04,1.1337099811676081,1.5525291828793775,2.904564315352697,strong_bearish,1.6590984605161148,0.8671992590019683,neutral,bearish,True,True,True,False
178,177631,177632,177685,2023-04-04 14:17:00+00:00,2023-04-04 14:18:00+00:00,2023-04-04 15:17:00+00:00,short,13294.5,13294.5,13294.25,13309.25,13269.25,13244.25,13219.25,13194.25,71.530223352362,near_trigger,-45.530223352362,15.0,True,True,False,False,False,max_holding_time,13221.0,13221.25,73.0,0.0,73.0,4.866666666666666,74.0,9.25,4.933333333333334,0.6166666666666667,54,59.0,2,2023-04-04,2.0855172413793106,2.707718993928881,0.5649717514124294,partial_bullish,1.110732828325815,1.1120895352800817,neutral,bearish,True,True,True,True
179,178988,178989,179032,2023-04-05 14:00:00+00:00,2023-04-05 14:01:00+00:00,2023-04-05 14:44:00+00:00,short,13154.0,13154.0,13153.75,13168.75,13128.75,13103.75,13078.75,13053.75,76.0,near_trigger,-69.08130059294723,15.0,True,True,True,True,False,tp4,13053.75,13054.0,99.75,0.0,99.75,6.65,106.5,11.0,7.1,0.7333333333333333,44,43.0,4,2023-04-05,1.8106666666666666,1.5233949945593037,3.344028520499109,partial_bearish,2.7671861138543425,1.3983742588159664,bearish,bearish,True,False,False,True
180,184055,184056,184068,2023-04-11 14:12:00+00:00,2023-04-11 14:13:00+00:00,2023-04-11 14:25:00+00:00,short,13085.0,13085.25,13085.0,13100.0,13060.0,13035.0,13010.0,12985.0,84.49565217391304,high_probability,-84.49565217391304,15.0,False,False,False,False,True,stop,13100.0,13100.25,-15.25,0.0,-15.25,-1.0166666666666666,17.0,16.75,1.1333333333333333,1.1166666666666667,13,12.0,0,2023-04-11,1.8494983277591972,0.36942675159235666,2.0334600760456274,strong_bearish,2.1108049035446164,1.8161599973835258,bearish,bearish,True,True,True,False
181,185418,185419,185423,2023-04-12 13:55:00+00:00,2023-04-12 13:56:00+00:00,2023-04-12 14:00:00+00:00,long,13074.0,13074.0,13074.25,13059.25,13099.25,13124.25,13149.25,13174.25,73.49484562885928,near_trigger,61.49484562885928,15.0,False,False,False,False,True,stop,13059.25,13059.0,-15.25,0.0,-15.25,-1.0166666666666666,5.0,29.25,0.3333333333333333,1.95,5,4.0,0,2023-04-12,0.3712707182320442,3.13022113022113,1.0946773433820067,partial_bullish,0.9403560968806657,1.808784605479648,bullish,bullish,True,True,False,False
182,185427,185428,185458,2023-04-12 14:04:00+00:00,2023-04-12 14:05:00+00:00,2023-04-12 14:35:00+00:00,long,13084.25,13084.5,13084.75,13069.75,13109.75,13134.75,13159.75,13184.75,71.71545233524168,near_trigger,43.71545233524168,15.0,True,False,False,False,True,stop,13069.75,13069.5,-15.25,0.0,-15.25,-1.0166666666666666,44.25,18.0,2.95,1.2,31,30.0,1,2023-04-12,1.45872801082544,2.9830295411690764,3.177433247200689,partial_bearish,0.5890360858257477,0.829541877700518,bullish,bullish,True,False,False,False
183,186774,186775,186834,2023-04-13 13:31:00+00:00,2023-04-13 13:32:00+00:00,2023-04-13 14:31:00+00:00,long,13045.0,13045.25,13045.5,13030.5,13070.5,13095.5,13120.5,13145.5,85.4774193548387,high_probability,61.4774193548387,15.0,True,True,True,False,False,max_holding_time,13117.0,13116.75,71.25,0.0,71.25,4.75,93.25,4.5,6.216666666666667,0.3,60,59.0,3,2023-04-13,4.873831775700935,0.14405986903648269,2.754471544715447,partial_bullish,7.453986232485475,1.5102626242643058,bullish,bullish,True,True,True,True
184,188183,188184,188190,2023-04-14 14:00:00+00:00,2023-04-14 14:01:00+00:00,2023-04-14 14:07:00+00:00,long,13221.0,13220.75,13221.0,13206.0,13246.0,13271.0,13296.0,13321.0,74.0,near_trigger,29.20484851098263,15.0,True,False,False,False,True,stop,13206.0,13205.75,-15.25,0.0,-15.25,-1.0166666666666666,34.0,17.5,2.2666666666666666,1.1666666666666667,7,6.0,1,2023-04-14,1.2145110410094637,4.055172413793104,3.872514619883041,partial_bullish,1.9535219399538106,1.2697727656540259,bullish,bullish,False,True,True,False
185,192315,192316,192324,2023-04-19 13:52:00+00:00,2023-04-19 13:53:00+00:00,2023-04-19 14:01:00+00:00,short,13099.5,13099.25,13099.0,13114.0,13074.0,13049.0,13024.0,12999.0,72.21911627286076,near_trigger,-46.21911627286076,15.0,False,False,False,False,True,stop,13114.0,13114.25,-15.25,0.0,-15.25,-1.0166666666666666,10.5,17.75,0.7,1.1833333333333333,9,8.0,0,2023-04-19,1.8091042584434653,2.2761290322580647,1.1774358974358976,partial_bullish,1.2333912951139547,1.657302869780798,bearish,neutral,True,False,True,False
186,192346,192347,192351,2023-04-19 14:23:00+00:00,2023-04-19 14:24:00+00:00,2023-04-19 14:28:00+00:00,short,13098.25,13098.5,13098.25,13113.25,13073.25,13048.25,13023.25,12998.25,76.77778829427791,near_trigger,-76.77778829427791,15.0,False,False,False,False,True,stop,13113.25,13113.5,-15.25,0.0,-15.25,-1.0166666666666666,7.0,18.25,0.4666666666666667,1.2166666666666666,5,4.0,0,2023-04-19,1.5555555555555556,0.8503521126760564,1.6547619047619047,partial_bullish,1.0104989717501893,0.9712252668372761,bearish,bearish,True,True,True,False
187,192352,192353,192362,2023-04-19 14:29:00+00:00,2023-04-19 14:30:00+00:00,2023-04-19 14:39:00+00:00,short,13118.0,13117.75,13117.5,13132.5,13092.5,13067.5,13042.5,13017.5,72.0,near_trigger,-56.86565473699666,15.0,False,False,False,False,True,stop,13132.5,13132.75,-15.25,0.0,-15.25,-1.0166666666666666,6.25,18.5,0.4166666666666667,1.2333333333333334,10,9.0,0,2023-04-19,2.862222222222222,0.0,1.6547619047619047,partial_bullish,0.674894201581991,0.5590426898652865,bearish,bearish,True,False,True,False
188,195053,195054,195054,2023-04-21 13:30:00+00:00,2023-04-21 13:31:00+00:00,2023-04-21 13:31:00+00:00,short,13047.0,13047.0,13046.75,13061.75,13021.75,12996.75,12971.75,12946.75,85.65122212279132,high_probability,-61.651222122791324,15.0,False,False,False,False,True,stop,13061.75,13062.0,-15.25,0.0,-15.25,-1.0166666666666666,3.75,21.5,0.25,1.4333333333333333,1,0.0,0,2023-04-21,4.022988505747127,0.22459893048128343,0.7375231053604435,partial_bullish,8.047243049565392,1.0640276534891473,bearish,bearish,True,True,True,True
189,195055,195056,195115,2023-04-21 13:32:00+00:00,2023-04-21 13:33:00+00:00,2023-04-21 14:32:00+00:00,short,13068.25,13067.75,13067.5,13082.5,13042.5,13017.5,12992.5,12967.5,73.0,near_trigger,-73.0,15.0,True,True,True,False,False,max_holding_time,13057.75,13058.0,9.5,0.0,9.5,0.6333333333333333,84.75,14.5,5.65,0.9666666666666667,60,59.0,3,2023-04-21,0.24507658643326036,0.22459893048128343,0.7375231053604435,strong_bullish,3.0222008109518645,0.7678498572011424,bearish,bearish,True,True,True,True
190,196468,196469,196476,2023-04-24 14:05:00+00:00,2023-04-24 14:06:00+00:00,2023-04-24 14:13:00+00:00,short,13075.25,13075.0,13074.75,13089.75,13049.75,13024.75,12999.75,12974.75,73.70692444367134,near_trigger,-27.70692444367134,15.0,False,False,False,False,True,stop,13089.75,13090.0,-15.25,0.0,-15.25,-1.0166666666666666,7.0,15.5,0.4666666666666667,1.0333333333333334,8,7.0,0,2023-04-24,1.9318568994889267,1.1810699588477367,0.44171779141104295,partial_bearish,1.5406696948717515,1.1336555545891678,neutral,bearish,True,True,True,False
191,199195,199196,199200,2023-04-26 13:32:00+00:00,2023-04-26 13:33:00+00:00,2023-04-26 13:37:00+00:00,short,12919.75,12920.25,12920.0,12935.0,12895.0,12870.0,12845.0,12820.0,72.15891736410414,near_trigger,-68.15891736410414,15.0,False,False,False,False,True,stop,12935.0,12935.25,-15.25,0.0,-15.25,-1.0166666666666666,8.75,19.75,0.5833333333333334,1.3166666666666667,5,4.0,0,2023-04-26,1.4065934065934067,0.4412121212121212,1.054732775273664,partial_bullish,4.60033373687138,1.4911127136978746,bearish,bearish,True,True,False,False
192,199239,199240,199274,2023-04-26 14:16:00+00:00,2023-04-26 14:17:00+00:00,2023-04-26 14:51:00+00:00,short,12927.5,12927.5,12927.25,12942.25,12902.25,12877.25,12852.25,12827.25,80.5387509509648,high_probability,-68.5387509509648,15.0,True,False,False,False,True,stop,12942.25,12942.5,-15.25,0.0,-15.25,-1.0166666666666666,31.0,17.0,2.066666666666667,1.1333333333333333,35,34.0,1,2023-04-26,2.5755584756898817,0.3463541666666667,0.18022657054582902,partial_bearish,1.227890386893275,1.8873637051735777,bearish,bearish,True,True,True,True
193,200586,200587,200646,2023-04-27 13:43:00+00:00,2023-04-27 13:44:00+00:00,2023-04-27 14:43:00+00:00,long,13024.5,13024.5,13024.75,13009.75,13049.75,13074.75,13099.75,13124.75,70.48351466740118,near_trigger,69.48351466740118,15.0,True,True,True,False,False,max_holding_time,13107.5,13107.25,82.5,0.0,82.5,5.5,90.0,8.75,6.0,0.5833333333333334,60,59.0,3,2023-04-27,1.635036496350365,0.9309462915601022,0.5875706214689266,partial_bullish,1.536688436419516,1.7767906718489728,bullish,bullish,True,True,False,False
194,201956,201957,201964,2023-04-28 13:33:00+00:00,2023-04-28 13:34:00+00:00,2023-04-28 13:41:00+00:00,long,13203.75,13203.25,13203.5,13188.5,13228.5,13253.5,13278.5,13303.5,78.0,near_trigger,34.18665123359712,15.0,False,False,False,False,True,stop,13188.5,13188.25,-15.25,0.0,-15.25,-1.0166666666666666,11.5,21.5,0.7666666666666667,1.4333333333333333,8,7.0,0,2023-04-28,1.1104199066874028,0.24861265260821308,1.781021897810219,partial_bullish,3.323869263783427,1.2666859580035983,bullish,bullish,True,True,True,False
195,202007,202008,202015,2023-04-28 14:24:00+00:00,2023-04-28 14:25:00+00:00,2023-04-28 14:32:00+00:00,long,13285.25,13285.0,13285.25,13270.25,13310.25,13335.25,13360.25,13385.25,70.59456310679612,near_trigger,70.59456310679612,15.0,False,False,False,False,True,stop,13270.25,13270.0,-15.25,0.0,-15.25,-1.0166666666666666,8.0,19.25,0.5333333333333333,1.2833333333333334,8,7.0,0,2023-04-28,1.4135922330097088,2.6462745098039218,1.9949999999999999,strong_bullish,1.1295244611700308,1.814863676341249,bullish,bullish,False,False,True,False
196,203385,203386,203395,2023-05-01 14:22:00+00:00,2023-05-01 14:23:00+00:00,2023-05-01 14:32:00+00:00,long,13291.25,13291.25,13291.5,13276.5,13316.5,13341.5,13366.5,13391.5,83.37435897435897,high_probability,70.37435897435897,15.0,False,False,False,False,True,stop,13276.5,13276.25,-15.25,0.0,-15.25,-1.0166666666666666,4.25,15.25,0.2833333333333333,1.0166666666666666,10,9.0,0,2023-05-01,2.266025641025641,1.2453987730061349,0.3729189789123196,strong_bearish,2.02359231894792,2.0629074435564068,bullish,bullish,True,True,True,False
197,208855,208856,208915,2023-05-05 13:32:00+00:00,2023-05-05 13:33:00+00:00,2023-05-05 14:32:00+00:00,long,13152.75,13152.5,13152.75,13137.75,13177.75,13202.75,13227.75,13252.75,71.28896273641308,near_trigger,53.28896273641308,15.0,True,True,True,False,False,max_holding_time,13247.75,13247.5,94.75,0.0,94.75,6.316666666666666,96.0,6.25,6.4,0.4166666666666667,60,59.0,3,2023-05-05,2.274599542334096,1.4553014553014554,0.5974781765276431,strong_bullish,4.974480569063216,1.3697326487252126,bullish,bullish,True,True,False,False
198,213021,213022,213065,2023-05-10 13:58:00+00:00,2023-05-10 13:59:00+00:00,2023-05-10 14:42:00+00:00,long,13375.0,13374.75,13375.0,13360.0,13400.0,13425.0,13450.0,13475.0,83.96466552315609,high_probability,71.96466552315609,15.0,True,True,False,False,True,stop,13360.0,13359.75,-15.25,0.0,-15.25,-1.0166666666666666,59.0,26.0,3.933333333333333,1.7333333333333334,44,43.0,2,2023-05-10,2.9296740994854202,0.7665982203969883,3.2641165755919856,partial_bullish,1.0999509764801114,1.688809536312556,bullish,bullish,True,False,True,False
199,214375,214376,214386,2023-05-11 13:32:00+00:00,2023-05-11 13:33:00+00:00,2023-05-11 13:43:00+00:00,short,13395.25,13395.0,13394.75,13409.75,13369.75,13344.75,13319.75,13294.75,84.84615384615384,high_probability,-46.84615384615384,15.0,False,False,False,False,True,stop,13409.75,13410.0,-15.25,0.0,-15.25,-1.0166666666666666,16.75,15.0,1.1166666666666667,1.0,11,10.0,0,2023-05-11,3.829885057471264,0.2716688227684347,0.461961503208066,partial_bearish,5.866509727895867,1.9205313024162474,bearish,bearish,True,True,True,False
200,215784,215785,215844,2023-05-12 14:01:00+00:00,2023-05-12 14:02:00+00:00,2023-05-12 15:01:00+00:00,short,13425.5,13425.0,13424.75,13439.75,13399.75,13374.75,13349.75,13324.75,80.0,high_probability,-44.0,15.0,True,False,False,False,False,max_holding_time,13400.25,13400.5,24.25,0.0,24.25,1.6166666666666667,42.25,12.0,2.816666666666667,0.8,60,59.0,1,2023-05-12,2.7186544342507646,2.8034825870646767,2.3273195876288657,strong_bearish,2.7828002867784636,2.088396630009711,bearish,bearish,False,True,True,False
201,219929,219930,219989,2023-05-17 14:06:00+00:00,2023-05-17 14:07:00+00:00,2023-05-17 15:06:00+00:00,long,13497.75,13498.0,13498.25,13483.25,13523.25,13548.25,13573.25,13598.25,72.10583433686696,near_trigger,55.10583433686696,15.0,True,False,False,False,False,max_holding_time,13528.25,13528.0,29.75,0.0,29.75,1.9833333333333334,44.5,12.0,2.966666666666667,0.8,60,59.0,1,2023-05-17,2.0528846153846154,2.88659793814433,1.6592592592592592,partial_bearish,1.2792798405183154,1.2669083056990822,neutral,bullish,True,True,True,False
202,224054,224055,224114,2023-05-22 13:51:00+00:00,2023-05-22 13:52:00+00:00,2023-05-22 14:51:00+00:00,short,13940.0,13940.0,13939.75,13954.75,13914.75,13889.75,13864.75,13839.75,70.0,near_trigger,-60.4676859639678,15.0,True,True,True,False,False,max_holding_time,13889.5,13889.75,50.0,0.0,50.0,3.3333333333333335,77.75,7.0,5.183333333333334,0.4666666666666667,60,59.0,3,2023-05-22,3.3763440860215055,5.093935790725327,2.8000000000000003,strong_bullish,0.9349191500734999,1.0250699643950827,bearish,bearish,True,False,False,False
203,225415,225416,225439,2023-05-23 13:32:00+00:00,2023-05-23 13:33:00+00:00,2023-05-23 13:56:00+00:00,short,13862.25,13862.0,13861.75,13876.75,13836.75,13811.75,13786.75,13761.75,74.0,near_trigger,-18.611142270788335,15.0,False,False,False,False,True,stop,13876.75,13877.0,-15.25,0.0,-15.25,-1.0166666666666666,22.25,15.25,1.4833333333333334,1.0166666666666666,24,23.0,0,2023-05-23,4.244343891402715,1.6809210526315788,1.893503727369542,partial_bearish,4.924657534246576,1.2360721615145753,bearish,bearish,False,False,True,False
204,226797,226798,226805,2023-05-24 13:34:00+00:00,2023-05-24 13:35:00+00:00,2023-05-24 13:42:00+00:00,short,13660.25,13660.25,13660.0,13675.0,13635.0,13610.0,13585.0,13560.0,78.0,near_trigger,-32.07107750472589,15.0,False,False,False,False,True,stop,13675.0,13675.25,-15.25,0.0,-15.25,-1.0166666666666666,4.5,15.0,0.3,1.0,8,7.0,0,2023-05-24,1.8525519848771268,0.07553956834532374,2.087443946188341,partial_bullish,3.794890781192151,1.8119144422838962,bearish,bearish,True,True,True,False
205,226808,226809,226868,2023-05-24 13:45:00+00:00,2023-05-24 13:46:00+00:00,2023-05-24 14:45:00+00:00,short,13647.25,13647.5,13647.25,13662.25,13622.25,13597.25,13572.25,13547.25,88.22181133739988,high_probability,-62.221811337399885,15.0,True,True,False,False,False,max_holding_time,13595.75,13596.0,51.25,0.0,51.25,3.4166666666666665,62.75,8.0,4.183333333333334,0.5333333333333333,60,59.0,2,2023-05-24,1.0670731707317074,1.6916666666666667,0.8416833667334669,partial_bearish,1.611403381759094,1.2406788058961973,bearish,bearish,True,True,True,True
206,228192,228193,228194,2023-05-25 13:49:00+00:00,2023-05-25 13:50:00+00:00,2023-05-25 13:51:00+00:00,long,13866.25,13866.5,13866.75,13851.75,13891.75,13916.75,13941.75,13966.75,78.0,near_trigger,70.49223744292237,15.0,False,False,False,False,True,stop,13851.75,13851.5,-15.25,0.0,-15.25,-1.0166666666666666,2.75,15.5,0.18333333333333332,1.0333333333333334,2,1.0,0,2023-05-25,2.0136986301369864,3.0285714285714285,1.7439109255393181,strong_bearish,1.616872673804163,2.693302717183314,bullish,bullish,True,True,True,False
207,228197,228198,228216,2023-05-25 13:54:00+00:00,2023-05-25 13:55:00+00:00,2023-05-25 14:13:00+00:00,long,13879.0,13879.25,13879.5,13864.5,13904.5,13929.5,13954.5,13979.5,72.38080544526376,near_trigger,46.38080544526376,15.0,True,False,False,False,True,stop,13864.5,13864.25,-15.25,0.0,-15.25,-1.0166666666666666,31.5,16.75,2.1,1.1166666666666667,19,18.0,1,2023-05-25,0.8707317073170732,4.294209702660407,1.7439109255393181,partial_bearish,0.8091221493283348,1.601112742446488,bullish,bullish,True,False,False,False
208,232082,232083,232085,2023-05-30 13:39:00+00:00,2023-05-30 13:40:00+00:00,2023-05-30 13:42:00+00:00,long,14540.75,14540.75,14541.0,14526.0,14566.0,14591.0,14616.0,14641.0,70.69380710659898,near_trigger,44.69380710659898,15.0,False,False,False,False,True,stop,14526.0,14525.75,-15.25,0.0,-15.25,-1.0166666666666666,18.75,17.0,1.25,1.1333333333333333,3,2.0,0,2023-05-30,1.563451776649746,1.0995575221238938,2.217142857142857,partial_bearish,1.7836439262437362,1.597067448680352,bullish,bullish,False,True,True,False
209,232089,232090,232094,2023-05-30 13:46:00+00:00,2023-05-30 13:47:00+00:00,2023-05-30 13:51:00+00:00,long,14508.5,14508.5,14508.75,14493.75,14533.75,14558.75,14583.75,14608.75,73.0,near_trigger,70.34146798851955,15.0,False,False,False,False,True,stop,14493.75,14493.5,-15.25,0.0,-15.25,-1.0166666666666666,17.5,27.5,1.1666666666666667,1.8333333333333333,5,4.0,0,2023-05-30,1.5302619692863595,0.39112571898110104,0.550098231827112,strong_bearish,1.1475252895937709,1.7002096105656332,bullish,bullish,True,True,True,False
210,232110,232111,232123,2023-05-30 14:07:00+00:00,2023-05-30 14:08:00+00:00,2023-05-30 14:20:00+00:00,short,14448.5,14448.75,14448.5,14463.5,14423.5,14398.5,14373.5,14348.5,81.61776858910855,high_probability,-46.61776858910855,15.0,True,False,False,False,True,stop,14463.5,14463.75,-15.25,0.0,-15.25,-1.0166666666666666,26.0,20.5,1.7333333333333334,1.3666666666666667,13,12.0,1,2023-05-30,2.1692150866462794,4.002382370458606,2.567292225201072,partial_bearish,1.130883820932197,2.051076719530665,neutral,bearish,True,True,True,False
211,233475,233476,233509,2023-05-31 13:52:00+00:00,2023-05-31 13:53:00+00:00,2023-05-31 14:26:00+00:00,short,14387.0,14386.75,14386.5,14401.5,14361.5,14336.5,14311.5,14286.5,76.96860724959228,near_trigger,-48.96860724959228,15.0,True,True,True,True,False,tp4,14286.5,14286.75,99.75,0.0,99.75,6.65,111.25,7.0,7.416666666666667,0.4666666666666667,34,33.0,4,2023-05-31,1.0229007633587786,3.824596774193548,2.7857142857142856,partial_bullish,1.1502792059235936,1.397781962753714,bearish,bearish,True,False,False,False
212,234845,234846,234848,2023-06-01 13:42:00+00:00,2023-06-01 13:43:00+00:00,2023-06-01 13:45:00+00:00,short,14292.25,14292.0,14291.75,14306.75,14266.75,14241.75,14216.75,14191.75,72.9754384554879,near_trigger,-61.975438455487904,15.0,False,False,False,False,True,stop,14306.75,14307.0,-15.25,0.0,-15.25,-1.0166666666666666,14.25,16.5,0.95,1.1,3,2.0,0,2023-06-01,1.841392649903288,0.8880597014925373,0.2471315092674316,partial_bullish,1.289403271005842,1.1124315316422844,bearish,bearish,True,True,True,False
213,234881,234882,234903,2023-06-01 14:18:00+00:00,2023-06-01 14:19:00+00:00,2023-06-01 14:40:00+00:00,short,14309.0,14309.5,14309.25,14324.25,14284.25,14259.25,14234.25,14209.25,81.70376526897957,high_probability,-81.70376526897957,15.0,True,False,False,False,True,stop,14324.25,14324.5,-15.25,0.0,-15.25,-1.0166666666666666,36.5,22.75,2.433333333333333,1.5166666666666666,22,21.0,1,2023-06-01,0.486404833836858,1.1751085383502171,1.0824742268041236,partial_bullish,1.334291070271028,1.1281960122063224,bearish,bearish,True,True,True,True
214,236228,236229,236229,2023-06-02 13:45:00+00:00,2023-06-02 13:46:00+00:00,2023-06-02 13:46:00+00:00,long,14587.5,14588.0,14588.25,14573.25,14613.25,14638.25,14663.25,14688.25,80.0,high_probability,20.0,15.0,False,False,False,False,True,stop,14573.25,14573.0,-15.25,0.0,-15.25,-1.0166666666666666,0.5,37.0,0.03333333333333333,2.466666666666667,1,0.0,0,2023-06-02,2.3240371845949537,3.250414593698176,2.725228390723823,partial_bullish,1.8015516537362188,1.6205098068023214,bullish,bullish,True,False,True,False
215,236231,236232,236232,2023-06-02 13:48:00+00:00,2023-06-02 13:49:00+00:00,2023-06-02 13:49:00+00:00,long,14554.25,14554.5,14554.75,14539.75,14579.75,14604.75,14629.75,14654.75,72.77110946563002,near_trigger,28.77110946563002,15.0,False,False,False,False,True,stop,14539.75,14539.5,-15.25,0.0,-15.25,-1.0166666666666666,0.75,19.25,0.05,1.2833333333333334,1,0.0,0,2023-06-02,4.225225225225225,3.250414593698176,2.725228390723823,partial_bullish,1.4679219325893453,2.067649057858888,bullish,bullish,True,False,True,False
216,236233,236234,236240,2023-06-02 13:50:00+00:00,2023-06-02 13:51:00+00:00,2023-06-02 13:57:00+00:00,long,14523.25,14523.25,14523.5,14508.5,14548.5,14573.5,14598.5,14623.5,78.0,near_trigger,33.86673532440783,15.0,False,False,False,False,True,stop,14508.5,14508.25,-15.25,0.0,-15.25,-1.0166666666666666,24.5,25.75,1.6333333333333333,1.7166666666666666,7,6.0,0,2023-06-02,3.705458290422245,0.17346938775510204,2.725228390723823,partial_bullish,1.3146520146520146,1.6987137769047815,bullish,bullish,True,False,True,False
217,236254,236255,236255,2023-06-02 14:11:00+00:00,2023-06-02 14:12:00+00:00,2023-06-02 14:12:00+00:00,short,14508.5,14508.0,14507.75,14522.75,14482.75,14457.75,14432.75,14407.75,71.13594232749743,near_trigger,-66.13594232749743,15.0,False,False,False,False,True,stop,14522.75,14523.0,-15.25,0.0,-15.25,-1.0166666666666666,2.5,20.75,0.16666666666666666,1.3833333333333333,1,0.0,0,2023-06-02,0.5767250257466529,3.611390284757119,0.9733403031887089,strong_bearish,0.9856028912065681,1.685957632670889,bearish,bearish,True,False,False,False
218,236264,236265,236271,2023-06-02 14:21:00+00:00,2023-06-02 14:22:00+00:00,2023-06-02 14:28:00+00:00,short,14511.0,14510.75,14510.5,14525.5,14485.5,14460.5,14435.5,14410.5,70.97949886104783,near_trigger,-63.97949886104783,15.0,True,False,False,False,True,stop,14525.5,14525.75,-15.25,0.0,-15.25,-1.0166666666666666,27.5,16.75,1.8333333333333333,1.1166666666666667,7,6.0,1,2023-06-02,0.8929384965831435,0.16016640665626625,0.5243445692883895,partial_bearish,1.183608087484076,1.6075925513507956,bearish,bearish,True,True,True,False
219,237614,237615,237615,2023-06-05 13:51:00+00:00,2023-06-05 13:52:00+00:00,2023-06-05 13:52:00+00:00,long,14606.5,14606.5,14606.75,14591.75,14631.75,14656.75,14681.75,14706.75,76.0,near_trigger,61.0,15.0,False,False,False,False,True,stop,14591.75,14591.5,-15.25,0.0,-15.25,-1.0166666666666666,0.75,19.75,0.05,1.3166666666666667,1,0.0,0,2023-06-05,2.2162162162162162,4.495412844036697,4.931979695431472,partial_bullish,1.698530013363515,1.6534805925768599,bullish,bullish,True,True,False,False
220,237616,237617,237676,2023-06-05 13:53:00+00:00,2023-06-05 13:54:00+00:00,2023-06-05 14:53:00+00:00,long,14590.0,14590.0,14590.25,14575.25,14615.25,14640.25,14665.25,14690.25,70.0,near_trigger,32.0,15.0,True,True,False,False,False,max_holding_time,14653.0,14652.75,62.5,0.0,62.5,4.166666666666667,70.5,11.25,4.7,0.75,60,59.0,2,2023-06-05,2.5626535626535625,4.495412844036697,4.931979695431472,partial_bullish,0.8827241758390901,0.9716018583528778,bullish,bullish,True,False,False,False
221,238991,238992,238994,2023-06-06 13:48:00+00:00,2023-06-06 13:49:00+00:00,2023-06-06 13:51:00+00:00,long,14552.75,14552.5,14552.75,14537.75,14577.75,14602.75,14627.75,14652.75,75.41352234721187,near_trigger,39.41352234721187,15.0,False,False,False,False,True,stop,14537.75,14537.5,-15.25,0.0,-15.25,-1.0166666666666666,9.0,22.75,0.6,1.5166666666666666,3,2.0,0,2023-06-06,2.464788732394366,3.454068241469816,2.2660753880266076,partial_bearish,1.0667216877724188,1.1270215403899342,neutral,bullish,True,False,True,False
222,239015,239016,239027,2023-06-06 14:12:00+00:00,2023-06-06 14:13:00+00:00,2023-06-06 14:24:00+00:00,short,14558.75,14558.75,14558.5,14573.5,14533.5,14508.5,14483.5,14458.5,71.04133738601824,near_trigger,-37.04133738601824,15.0,False,False,False,False,True,stop,14573.5,14573.75,-15.25,0.0,-15.25,-1.0166666666666666,15.75,22.75,1.05,1.5166666666666666,12,11.0,0,2023-06-06,1.0,1.2272340425531914,1.3655172413793104,partial_bullish,1.4229457415432272,1.5254446858495398,bearish,bearish,False,False,True,False
223,240353,240354,240380,2023-06-07 13:30:00+00:00,2023-06-07 13:31:00+00:00,2023-06-07 13:57:00+00:00,long,14626.25,14626.25,14626.5,14611.5,14651.5,14676.5,14701.5,14726.5,72.0,near_trigger,60.0,15.0,True,False,False,False,True,stop,14611.5,14611.25,-15.25,0.0,-15.25,-1.0166666666666666,49.0,15.75,3.2666666666666666,1.05,27,26.0,1,2023-06-07,3.88,0.24347826086956523,0.9183673469387755,partial_bearish,20.79411421230877,1.5976671152983402,bullish,bullish,True,True,False,False
224,241736,241737,241737,2023-06-08 13:33:00+00:00,2023-06-08 13:34:00+00:00,2023-06-08 13:34:00+00:00,long,14373.75,14373.75,14374.0,14359.0,14399.0,14424.0,14449.0,14474.0,82.12348045459605,high_probability,44.12348045459605,15.0,False,False,False,False,True,stop,14359.0,14358.75,-15.25,0.0,-15.25,-1.0166666666666666,0.0,43.0,0.0,2.8666666666666667,1,0.0,0,2023-06-08,3.150554675118859,1.0790513833992095,1.8492706645056727,partial_bullish,3.5279132622945726,1.4043505682450563,bullish,bullish,True,True,True,False
225,241739,241740,241757,2023-06-08 13:36:00+00:00,2023-06-08 13:37:00+00:00,2023-06-08 13:54:00+00:00,long,14359.5,14359.75,14360.0,14345.0,14385.0,14410.0,14435.0,14460.0,78.9916054564533,near_trigger,40.9916054564533,15.0,True,False,False,False,True,stop,14345.0,14344.75,-15.25,0.0,-15.25,-1.0166666666666666,37.0,16.0,2.466666666666667,1.0666666666666667,18,17.0,1,2023-06-08,0.323189926547744,0.9650959860383944,1.8492706645056727,partial_bearish,2.1294363256784967,1.5648355360385087,bullish,bullish,True,True,True,False
226,241767,241768,241827,2023-06-08 14:04:00+00:00,2023-06-08 14:05:00+00:00,2023-06-08 15:04:00+00:00,long,14388.25,14388.25,14388.5,14373.5,14413.5,14438.5,14463.5,14488.5,74.70261967386887,near_trigger,74.70261967386887,15.0,True,True,True,False,False,max_holding_time,14472.5,14472.25,83.75,0.0,83.75,5.583333333333333,89.25,3.25,5.95,0.21666666666666667,60,59.0,3,2023-06-08,0.6136101499423299,1.5917553191489362,0.9649122807017544,strong_bullish,0.8691114503020103,1.115875515058122,bullish,bullish,True,True,True,False
227,243134,243135,243183,2023-06-09 13:51:00+00:00,2023-06-09 13:52:00+00:00,2023-06-09 14:40:00+00:00,long,14654.0,14653.75,14654.0,14639.0,14679.0,14704.0,14729.0,14754.0,73.92454838594546,near_trigger,73.92454838594546,15.0,True,False,False,False,True,stop,14639.0,14638.75,-15.25,0.0,-15.25,-1.0166666666666666,34.0,23.0,2.2666666666666666,1.5333333333333334,49,48.0,1,2023-06-09,1.184174624829468,4.703247480403135,4.168539325842697,strong_bullish,1.3107110477917367,1.350774159103043,bullish,bullish,False,True,True,False
228,244108,244109,244168,2023-06-12 14:05:00+00:00,2023-06-12 14:06:00+00:00,2023-06-12 15:05:00+00:00,long,14769.75,14769.5,14769.75,14754.75,14794.75,14819.75,14844.75,14869.75,70.0,near_trigger,57.25947230248009,15.0,True,True,False,False,False,max_holding_time,14802.75,14802.5,32.75,0.0,32.75,2.183333333333333,63.25,5.75,4.216666666666667,0.38333333333333336,60,59.0,2,2023-06-12,1.3713450292397662,1.08130081300813,0.7007007007007007,strong_bearish,2.7251402345741966,1.175659621899887,bullish,bullish,True,True,True,False
229,245458,245459,245459,2023-06-13 13:35:00+00:00,2023-06-13 13:36:00+00:00,2023-06-13 13:36:00+00:00,long,15116.0,15115.75,15116.0,15101.0,15141.0,15166.0,15191.0,15216.0,72.61349234312134,near_trigger,46.61349234312134,15.0,False,False,False,False,True,stop,15101.0,15100.75,-15.25,0.0,-15.25,-1.0166666666666666,0.75,28.25,0.05,1.8833333333333333,1,0.0,0,2023-06-13,1.8441926345609065,1.0299943406904357,2.5543859649122806,partial_bullish,2.37745879851143,0.9843932289946951,bullish,bullish,True,True,False,False
230,245502,245503,245510,2023-06-13 14:19:00+00:00,2023-06-13 14:20:00+00:00,2023-06-13 14:27:00+00:00,long,15001.75,15001.75,15002.0,14987.0,15027.0,15052.0,15077.0,15102.0,88.43400576368876,high_probability,70.43400576368876,15.0,False,False,False,False,True,stop,14987.0,14986.75,-15.25,0.0,-15.25,-1.0166666666666666,17.5,15.0,1.1666666666666667,1.0,8,7.0,0,2023-06-13,1.0355427473583092,1.4986619090098128,2.9900662251655628,partial_bearish,1.1072654892679792,1.5935580406363208,bullish,bullish,True,True,True,True
231,246839,246840,246842,2023-06-14 13:36:00+00:00,2023-06-14 13:37:00+00:00,2023-06-14 13:39:00+00:00,short,15057.5,15057.75,15057.5,15072.5,15032.5,15007.5,14982.5,14957.5,74.41566826289487,near_trigger,-28.41566826289487,15.0,False,False,False,False,True,stop,15072.5,15072.75,-15.25,0.0,-15.25,-1.0166666666666666,4.5,17.0,0.3,1.1333333333333333,3,2.0,0,2023-06-14,2.4647887323943665,0.7296969696969696,1.532258064516129,strong_bearish,2.840731450176319,1.0195853286185885,neutral,bearish,True,True,True,False
232,248216,248217,248218,2023-06-15 13:33:00+00:00,2023-06-15 13:34:00+00:00,2023-06-15 13:35:00+00:00,short,15117.75,15117.75,15117.5,15132.5,15092.5,15067.5,15042.5,15017.5,84.50792211996485,high_probability,-58.507922119964846,15.0,False,False,False,False,True,stop,15132.5,15132.75,-15.25,0.0,-15.25,-1.0166666666666666,1.25,18.0,0.08333333333333333,1.2,2,1.0,0,2023-06-15,2.04031007751938,0.27288135593220336,1.6234939759036144,partial_bullish,3.305940994207194,1.1349026499560653,bearish,bearish,True,True,True,False
233,249595,249596,249597,2023-06-16 13:32:00+00:00,2023-06-16 13:33:00+00:00,2023-06-16 13:34:00+00:00,long,15415.75,15416.0,15416.25,15401.25,15441.25,15466.25,15491.25,15516.25,78.0,near_trigger,54.88914069877242,15.0,False,False,False,False,True,stop,15401.25,15401.0,-15.25,0.0,-15.25,-1.0166666666666666,21.5,19.75,1.4333333333333333,1.3166666666666667,2,1.0,0,2023-06-16,2.4721435316336167,2.5855855855855854,1.8961881589618816,partial_bullish,3.0019112845424862,1.5768337830206436,bullish,bullish,True,True,True,False
234,249598,249599,249599,2023-06-16 13:35:00+00:00,2023-06-16 13:36:00+00:00,2023-06-16 13:36:00+00:00,long,15394.75,15394.75,15395.0,15380.0,15420.0,15445.0,15470.0,15495.0,78.0,near_trigger,35.90918866080156,15.0,False,False,False,False,True,stop,15380.0,15379.75,-15.25,0.0,-15.25,-1.0166666666666666,13.0,15.0,0.8666666666666667,1.0,1,0.0,0,2023-06-16,2.3655913978494625,0.4378801042571677,1.8961881589618816,partial_bearish,2.2223532707249114,1.7137140323552482,bullish,bullish,True,True,True,False
235,249600,249601,249603,2023-06-16 13:37:00+00:00,2023-06-16 13:38:00+00:00,2023-06-16 13:40:00+00:00,long,15382.75,15383.25,15383.5,15368.5,15408.5,15433.5,15458.5,15483.5,78.0,near_trigger,58.30988372093023,15.0,False,False,False,False,True,stop,15368.5,15368.25,-15.25,0.0,-15.25,-1.0166666666666666,13.75,15.5,0.9166666666666666,1.0333333333333334,3,2.0,0,2023-06-16,1.3430232558139534,0.4378801042571677,1.8961881589618816,partial_bearish,1.3169346739898584,1.6824798441385647,bullish,bullish,True,True,True,False
236,249614,249615,249616,2023-06-16 13:51:00+00:00,2023-06-16 13:52:00+00:00,2023-06-16 13:53:00+00:00,long,15369.75,15370.25,15370.5,15355.5,15395.5,15420.5,15445.5,15470.5,72.36492280225497,near_trigger,72.36492280225497,15.0,False,False,False,False,True,stop,15355.5,15355.25,-15.25,0.0,-15.25,-1.0166666666666666,7.25,25.5,0.48333333333333334,1.7,2,1.0,0,2023-06-16,1.1257731958762887,4.100709219858156,2.429682824655895,partial_bearish,1.0059563203176705,1.3705864925094355,bullish,bullish,True,True,True,False
237,249617,249618,249677,2023-06-16 13:54:00+00:00,2023-06-16 13:55:00+00:00,2023-06-16 14:54:00+00:00,long,15338.75,15338.5,15338.75,15323.75,15363.75,15388.75,15413.75,15438.75,70.0,near_trigger,45.95539000974604,15.0,True,True,True,False,False,max_holding_time,15369.5,15369.25,30.5,0.0,30.5,2.033333333333333,75.75,1.75,5.05,0.11666666666666667,60,59.0,3,2023-06-16,1.1864406779661019,4.100709219858156,2.429682824655895,strong_bearish,1.3166920926803798,1.9883113268808559,bullish,bullish,True,True,True,False
238,252115,252116,252138,2023-06-20 13:32:00+00:00,2023-06-20 13:33:00+00:00,2023-06-20 13:55:00+00:00,long,15260.25,15260.75,15261.0,15246.0,15286.0,15311.0,15336.0,15361.0,71.81949173451764,near_trigger,23.81949173451764,15.0,True,False,False,False,True,stop,15246.0,15245.75,-15.25,0.0,-15.25,-1.0166666666666666,49.25,17.75,3.283333333333333,1.1833333333333333,23,22.0,1,2023-06-20,3.5698924731182795,2.431578947368421,1.366183574879227,partial_bearish,4.2057406527787204,1.2743646681470515,bullish,neutral,False,True,True,False
239,252139,252140,252143,2023-06-20 13:56:00+00:00,2023-06-20 13:57:00+00:00,2023-06-20 14:00:00+00:00,long,15237.75,15238.0,15238.25,15223.25,15263.25,15288.25,15313.25,15338.25,78.0,near_trigger,34.7005439005439,15.0,False,False,False,False,True,stop,15223.25,15223.0,-15.25,0.0,-15.25,-1.0166666666666666,5.5,24.5,0.36666666666666664,1.6333333333333333,4,3.0,0,2023-06-20,3.128205128205128,1.8120184899845917,1.5768645357686453,partial_bullish,1.457753392235177,1.9237936358634888,bullish,bullish,True,True,True,False
240,253493,253494,253494,2023-06-21 13:30:00+00:00,2023-06-21 13:31:00+00:00,2023-06-21 13:31:00+00:00,short,15179.25,15178.75,15178.5,15193.5,15153.5,15128.5,15103.5,15078.5,83.65660209673969,high_probability,-80.65660209673969,15.0,False,False,False,False,True,stop,15193.5,15193.75,-15.25,0.0,-15.25,-1.0166666666666666,0.0,29.25,0.0,1.95,1,0.0,0,2023-06-21,3.0223325062034743,0.6810810810810811,0.5793103448275861,partial_bearish,12.503122898049389,1.070752620924606,bearish,bearish,True,True,True,False
241,254880,254881,254885,2023-06-22 13:37:00+00:00,2023-06-22 13:38:00+00:00,2023-06-22 13:42:00+00:00,short,15019.0,15019.5,15019.25,15034.25,14994.25,14969.25,14944.25,14919.25,71.2244000472869,near_trigger,-49.224400047286906,15.0,False,False,False,False,True,stop,15034.25,15034.5,-15.25,0.0,-15.25,-1.0166666666666666,17.25,24.75,1.15,1.65,5,4.0,0,2023-06-22,0.764629388816645,0.9190371991247264,0.7838899803536347,partial_bullish,2.3412854115985247,1.7509059698645815,bearish,bearish,True,False,False,False
242,254907,254908,254908,2023-06-22 14:04:00+00:00,2023-06-22 14:05:00+00:00,2023-06-22 14:05:00+00:00,long,15095.25,15094.75,15095.0,15080.0,15120.0,15145.0,15170.0,15195.0,70.72287291344362,near_trigger,70.72287291344362,15.0,False,False,False,False,True,stop,15080.0,15079.75,-15.25,0.0,-15.25,-1.0166666666666666,2.25,23.0,0.15,1.5333333333333334,1,0.0,0,2023-06-22,0.9491525423728814,3.5058626465661638,3.317108088761632,strong_bullish,0.7714719190129026,1.0561335146858801,bullish,bullish,False,True,True,False
243,254911,254912,254950,2023-06-22 14:08:00+00:00,2023-06-22 14:09:00+00:00,2023-06-22 14:47:00+00:00,long,15071.0,15071.25,15071.5,15056.5,15096.5,15121.5,15146.5,15171.5,70.0,near_trigger,35.35457368275367,15.0,True,True,True,False,True,stop,15056.5,15056.25,-15.25,0.0,-15.25,-1.0166666666666666,77.75,15.5,5.183333333333334,1.0333333333333334,39,38.0,3,2023-06-22,1.2598225602027884,3.35195530726257,3.317108088761632,partial_bullish,0.7513161156723491,1.0006992463678037,bullish,bullish,True,False,False,False
244,256255,256256,256257,2023-06-23 13:32:00+00:00,2023-06-23 13:33:00+00:00,2023-06-23 13:34:00+00:00,short,15062.5,15063.75,15063.5,15078.5,15038.5,15013.5,14988.5,14963.5,76.0,near_trigger,-25.11195326072908,15.0,False,False,False,False,True,stop,15078.5,15078.75,-15.25,0.0,-15.25,-1.0166666666666666,9.0,20.5,0.6,1.3666666666666667,2,1.0,0,2023-06-23,2.500970873786408,0.5872259294566253,3.2550000000000003,partial_bearish,6.797945205479452,1.4522914337973782,bearish,bearish,True,False,False,False
245,256258,256259,256318,2023-06-23 13:35:00+00:00,2023-06-23 13:36:00+00:00,2023-06-23 14:35:00+00:00,short,15075.75,15075.5,15075.25,15090.25,15050.25,15025.25,15000.25,14975.25,81.02034422894388,high_probability,-37.020344228943884,15.0,True,True,True,False,False,max_holding_time,15052.75,15053.0,22.25,0.0,22.25,1.4833333333333334,90.5,8.5,6.033333333333333,0.5666666666666667,60,59.0,3,2023-06-23,2.2857142857142856,1.585570469798658,3.2550000000000003,partial_bullish,3.38192581118088,1.4029813065880221,bearish,bearish,True,False,False,False
246,259015,259016,259075,2023-06-27 13:32:00+00:00,2023-06-27 13:33:00+00:00,2023-06-27 14:32:00+00:00,long,14901.75,14901.5,14901.75,14886.75,14926.75,14951.75,14976.75,15001.75,78.0,near_trigger,54.70440481080617,15.0,True,True,True,False,False,max_holding_time,14916.75,14916.5,14.75,0.0,14.75,0.9833333333333333,77.75,13.5,5.183333333333334,0.9,60,59.0,3,2023-06-27,1.926356589147287,0.716374269005848,1.0831408775981526,partial_bullish,6.037481575068435,1.3694939864922957,bullish,bullish,True,True,True,False
247,260393,260394,260394,2023-06-28 13:30:00+00:00,2023-06-28 13:31:00+00:00,2023-06-28 13:31:00+00:00,long,15047.25,15047.5,15047.75,15032.75,15072.75,15097.75,15122.75,15147.75,83.57536030614449,high_probability,83.57536030614449,15.0,False,False,False,False,True,stop,15032.75,15032.5,-15.25,0.0,-15.25,-1.0166666666666666,0.0,22.25,0.0,1.4833333333333334,1,0.0,0,2023-06-28,1.5,1.7238805970149254,1.5588865096359745,partial_bearish,13.725961538461538,0.9692003826806159,bullish,bullish,True,True,True,False
248,260395,260396,260455,2023-06-28 13:32:00+00:00,2023-06-28 13:33:00+00:00,2023-06-28 14:32:00+00:00,long,15050.5,15050.5,15050.75,15035.75,15075.75,15100.75,15125.75,15150.75,70.8661306990011,near_trigger,44.866130699001104,15.0,True,True,True,True,False,tp4,15150.75,15150.5,99.75,0.0,99.75,6.65,105.0,13.0,7.0,0.8666666666666667,60,59.0,4,2023-06-28,2.101313320825516,1.7238805970149254,1.5588865096359745,partial_bearish,6.4084989718985605,1.2526915163404948,bullish,bullish,True,True,False,False
249,261773,261774,261774,2023-06-29 13:30:00+00:00,2023-06-29 13:31:00+00:00,2023-06-29 13:31:00+00:00,long,15121.0,15121.25,15121.5,15106.5,15146.5,15171.5,15196.5,15221.5,74.08419211279605,near_trigger,74.08419211279605,15.0,False,False,False,False,True,stop,15106.5,15106.25,-15.25,0.0,-15.25,-1.0166666666666666,8.5,27.75,0.5666666666666667,1.85,1,0.0,0,2023-06-29,1.3719376391982183,0.2864768683274021,2.5716639209225702,partial_bearish,5.1533795493934145,0.9075786710618685,bullish,bullish,True,False,True,False
250,261776,261777,261779,2023-06-29 13:33:00+00:00,2023-06-29 13:34:00+00:00,2023-06-29 13:36:00+00:00,long,15125.25,15125.5,15125.75,15110.75,15150.75,15175.75,15200.75,15225.75,76.0338820158606,near_trigger,64.0338820158606,15.0,False,False,False,False,True,stop,15110.75,15110.5,-15.25,0.0,-15.25,-1.0166666666666666,19.0,18.25,1.2666666666666666,1.2166666666666666,3,2.0,0,2023-06-29,0.8863309352517985,0.2864768683274021,2.5716639209225702,partial_bearish,2.4956729194929133,1.1865971241423026,bullish,bullish,True,True,True,False
251,261810,261811,261822,2023-06-29 14:07:00+00:00,2023-06-29 14:08:00+00:00,2023-06-29 14:19:00+00:00,short,15065.75,15065.25,15065.0,15080.0,15040.0,15015.0,14990.0,14965.0,84.4,high_probability,-60.400000000000006,15.0,True,False,False,False,True,stop,15080.0,15080.25,-15.25,0.0,-15.25,-1.0166666666666666,29.75,16.0,1.9833333333333334,1.0666666666666667,12,11.0,1,2023-06-29,2.8228105906313647,0.17796610169491525,2.350032530904359,strong_bearish,3.649666451474069,3.8164429799887487,bearish,bearish,True,True,True,False
252,264588,264589,264648,2023-07-03 14:25:00+00:00,2023-07-03 14:26:00+00:00,2023-07-03 15:25:00+00:00,short,15360.5,15360.5,15360.25,15375.25,15335.25,15310.25,15285.25,15260.25,73.10170361840187,near_trigger,-73.10170361840187,15.0,True,True,False,False,False,max_holding_time,15323.5,15323.75,36.5,0.0,36.5,2.433333333333333,51.25,8.75,3.4166666666666665,0.5833333333333334,60,59.0,2,2023-07-03,0.821917808219178,0.24493554327808473,0.5476429287863591,partial_bullish,1.0764998471670326,0.7298692490297298,bearish,bearish,True,False,True,False
253,270997,270998,271057,2023-07-10 14:00:00+00:00,2023-07-10 14:01:00+00:00,2023-07-10 15:00:00+00:00,long,15123.0,15122.5,15122.75,15107.75,15147.75,15172.75,15197.75,15222.75,80.2170228925765,high_probability,44.217022892576495,15.0,True,True,True,False,False,max_holding_time,15143.0,15142.75,20.0,0.0,20.0,1.3333333333333333,81.25,0.25,5.416666666666667,0.016666666666666666,60,59.0,3,2023-07-10,1.9267480577136513,2.7719799857040743,1.736,partial_bearish,1.008594300621693,1.2959733992944324,neutral,bullish,True,False,True,False
254,272360,272361,272366,2023-07-11 13:43:00+00:00,2023-07-11 13:44:00+00:00,2023-07-11 13:49:00+00:00,long,15169.0,15169.0,15169.25,15154.25,15194.25,15219.25,15244.25,15269.25,70.39682224428996,near_trigger,48.396822244289964,15.0,False,False,False,False,True,stop,15154.25,15154.0,-15.25,0.0,-15.25,-1.0166666666666666,10.5,22.75,0.7,1.5166666666666666,6,5.0,0,2023-07-11,3.461767626613704,0.550761421319797,1.6282973621103118,partial_bearish,1.5573687667357148,1.7522667197225932,bullish,bullish,False,True,True,False
255,272381,272382,272396,2023-07-11 14:04:00+00:00,2023-07-11 14:05:00+00:00,2023-07-11 14:19:00+00:00,short,15132.75,15133.0,15132.75,15147.75,15107.75,15082.75,15057.75,15032.75,72.0,near_trigger,-58.0,15.0,False,False,False,False,True,stop,15147.75,15148.0,-15.25,0.0,-15.25,-1.0166666666666666,23.75,18.5,1.5833333333333333,1.2333333333333334,15,14.0,0,2023-07-11,2.2386634844868736,2.2246256239600664,3.2746536267318667,strong_bearish,1.495357028498239,2.1634559703509244,bearish,bearish,False,True,True,False
256,277881,277882,277882,2023-07-17 13:44:00+00:00,2023-07-17 13:45:00+00:00,2023-07-17 13:45:00+00:00,long,15739.25,15739.25,15739.5,15724.5,15764.5,15789.5,15814.5,15839.5,74.0,near_trigger,32.97003745318352,15.0,False,False,False,False,True,stop,15724.5,15724.25,-15.25,0.0,-15.25,-1.0166666666666666,2.5,21.5,0.16666666666666666,1.4333333333333333,1,0.0,0,2023-07-17,1.8701622971285892,3.6654545454545455,2.8301435406698565,partial_bullish,1.9025295158112714,1.913840990626085,bullish,bullish,False,False,True,False
257,277896,277897,277956,2023-07-17 13:59:00+00:00,2023-07-17 14:00:00+00:00,2023-07-17 14:59:00+00:00,long,15739.75,15740.0,15740.25,15725.25,15765.25,15790.25,15815.25,15840.25,74.92881355932204,near_trigger,50.92881355932204,15.0,True,False,False,False,False,max_holding_time,15755.75,15755.5,15.25,0.0,15.25,1.0166666666666666,32.0,12.0,2.1333333333333333,0.8,60,59.0,1,2023-07-17,1.0847457627118644,0.33070866141732286,2.344693281402142,partial_bullish,1.4534043930866165,2.4266112266112265,bullish,bullish,True,False,False,False
258,279303,279304,279306,2023-07-18 14:26:00+00:00,2023-07-18 14:27:00+00:00,2023-07-18 14:29:00+00:00,short,15758.25,15758.25,15758.0,15773.0,15733.0,15708.0,15683.0,15658.0,70.33498964803313,near_trigger,-70.33498964803313,15.0,False,False,False,False,True,stop,15773.0,15773.25,-15.25,0.0,-15.25,-1.0166666666666666,3.75,18.0,0.25,1.2,3,2.0,0,2023-07-18,1.7380952380952381,0.2161764705882353,1.821998320738875,strong_bearish,1.744333125865842,1.6771229465474973,bearish,bearish,True,True,False,False
259,282010,282011,282021,2023-07-20 13:33:00+00:00,2023-07-20 13:34:00+00:00,2023-07-20 13:44:00+00:00,short,15874.25,15873.75,15873.5,15888.5,15848.5,15823.5,15798.5,15773.5,70.27853047356126,near_trigger,-62.27853047356126,15.0,False,False,False,False,True,stop,15888.5,15888.75,-15.25,0.0,-15.25,-1.0166666666666666,20.0,18.5,1.3333333333333333,1.2333333333333334,11,10.0,0,2023-07-20,4.068592057761733,0.20209973753280838,1.5064935064935066,partial_bullish,3.722755425275401,1.742883704457922,bearish,bearish,True,True,False,False
260,282037,282038,282067,2023-07-20 14:00:00+00:00,2023-07-20 14:01:00+00:00,2023-07-20 14:30:00+00:00,short,15843.5,15843.0,15842.75,15857.75,15817.75,15792.75,15767.75,15742.75,74.8,near_trigger,-36.8,15.0,True,True,True,True,False,tp4,15742.75,15743.0,99.75,0.0,99.75,6.65,102.25,4.25,6.816666666666666,0.2833333333333333,30,29.0,4,2023-07-20,2.5096296296296297,0.4175438596491228,1.739457831325301,partial_bearish,2.166145600714605,1.8220068372215334,neutral,bearish,True,True,True,False
261,283410,283411,283415,2023-07-21 13:53:00+00:00,2023-07-21 13:54:00+00:00,2023-07-21 13:58:00+00:00,long,15637.25,15637.5,15637.75,15622.75,15662.75,15687.75,15712.75,15737.75,70.54106074268383,near_trigger,70.54106074268383,15.0,False,False,False,False,True,stop,15622.75,15622.5,-15.25,0.0,-15.25,-1.0166666666666666,12.0,15.0,0.8,1.0,5,4.0,0,2023-07-21,0.467087466185753,2.473684210526316,0.5035971223021583,strong_bearish,0.8009362038997023,1.5722707386699548,bullish,bullish,True,True,False,False
262,283428,283429,283439,2023-07-21 14:11:00+00:00,2023-07-21 14:12:00+00:00,2023-07-21 14:22:00+00:00,long,15633.5,15633.5,15633.75,15618.75,15658.75,15683.75,15708.75,15733.75,88.2857444561774,high_probability,32.2857444561774,15.0,False,False,False,False,True,stop,15618.75,15618.5,-15.25,0.0,-15.25,-1.0166666666666666,14.25,25.25,0.95,1.6833333333333333,11,10.0,0,2023-07-21,1.4192185850052799,2.193333333333333,2.8919708029197078,partial_bearish,1.032045341895998,1.5927496466284194,neutral,bullish,True,True,True,True
263,284784,284785,284785,2023-07-24 13:47:00+00:00,2023-07-24 13:48:00+00:00,2023-07-24 13:48:00+00:00,long,15563.0,15563.0,15563.25,15548.25,15588.25,15613.25,15638.25,15663.25,71.20593301435406,near_trigger,70.20593301435406,15.0,False,False,False,False,True,stop,15548.25,15548.0,-15.25,0.0,-15.25,-1.0166666666666666,5.75,16.25,0.38333333333333336,1.0833333333333333,1,0.0,0,2023-07-24,1.9559808612440193,1.4593939393939392,1.8054298642533935,partial_bullish,2.142604165476585,2.286292485492759,bullish,bullish,True,False,False,False
264,284811,284812,284814,2023-07-24 14:14:00+00:00,2023-07-24 14:15:00+00:00,2023-07-24 14:17:00+00:00,short,15553.25,15552.75,15552.5,15567.5,15527.5,15502.5,15477.5,15452.5,76.0,near_trigger,-34.17741176470588,15.0,False,False,False,False,True,stop,15567.5,15567.75,-15.25,0.0,-15.25,-1.0166666666666666,4.0,22.25,0.26666666666666666,1.4833333333333334,3,2.0,0,2023-07-24,3.1623529411764704,3.5180878552971575,2.52863436123348,partial_bearish,1.0508168459075609,1.6518564949669998,bearish,bearish,True,False,False,False
265,287530,287531,287537,2023-07-26 13:33:00+00:00,2023-07-26 13:34:00+00:00,2023-07-26 13:40:00+00:00,short,15579.75,15579.25,15579.0,15594.0,15554.0,15529.0,15504.0,15479.0,81.0,high_probability,-56.0,15.0,False,False,False,False,True,stop,15594.0,15594.25,-15.25,0.0,-15.25,-1.0166666666666666,13.25,15.5,0.8833333333333333,1.0333333333333334,7,6.0,0,2023-07-26,3.0297029702970297,0.19753086419753085,0.1084070796460177,partial_bullish,4.389994895354773,1.606259014454256,bearish,bearish,True,True,True,False
266,288947,288948,288958,2023-07-27 14:10:00+00:00,2023-07-27 14:11:00+00:00,2023-07-27 14:21:00+00:00,long,15841.5,15841.75,15842.0,15827.0,15867.0,15892.0,15917.0,15942.0,70.0,near_trigger,37.958386324324294,15.0,False,False,False,False,True,stop,15827.0,15826.75,-15.25,0.0,-15.25,-1.0166666666666666,11.75,18.25,0.7833333333333333,1.2166666666666666,11,10.0,0,2023-07-27,1.7576642335766424,2.3410596026490063,1.6387596899224808,partial_bearish,1.1012914360530859,1.0382214741566729,bullish,bullish,True,False,False,False
267,290297,290298,290357,2023-07-28 13:40:00+00:00,2023-07-28 13:41:00+00:00,2023-07-28 14:40:00+00:00,long,15784.5,15784.75,15785.0,15770.0,15810.0,15835.0,15860.0,15885.0,73.04262574595055,near_trigger,35.042625745950545,15.0,True,True,False,False,False,max_holding_time,15800.5,15800.25,15.25,0.0,15.25,1.0166666666666666,52.75,14.75,3.5166666666666666,0.9833333333333333,60,59.0,2,2023-07-28,2.052855924978687,1.6786011656952537,1.0615521855486174,strong_bullish,2.5533330007814965,1.8025378267657381,bullish,bullish,True,True,False,False
268,291667,291668,291671,2023-07-31 13:30:00+00:00,2023-07-31 13:31:00+00:00,2023-07-31 13:34:00+00:00,long,15866.75,15867.0,15867.25,15852.25,15892.25,15917.25,15942.25,15967.25,72.2555917852659,near_trigger,72.2555917852659,15.0,True,False,False,False,True,stop,15852.25,15852.0,-15.25,0.0,-15.25,-1.0166666666666666,25.5,22.0,1.7,1.4666666666666666,4,3.0,1,2023-07-31,0.25994694960212206,2.171532846715328,1.0892857142857142,strong_bearish,10.722571840169838,0.9056966281341061,bullish,bullish,True,True,False,False
269,291672,291673,291673,2023-07-31 13:35:00+00:00,2023-07-31 13:36:00+00:00,2023-07-31 13:36:00+00:00,long,15866.5,15866.0,15866.25,15851.25,15891.25,15916.25,15941.25,15966.25,80.77086418319251,high_probability,80.77086418319251,15.0,False,False,False,False,True,stop,15851.25,15851.0,-15.25,0.0,-15.25,-1.0166666666666666,4.0,17.25,0.26666666666666666,1.15,1,0.0,0,2023-07-31,0.019204389574759947,1.7352112676056337,1.0892857142857142,strong_bearish,2.4112375877936545,0.9635802289906411,bullish,bullish,True,True,True,False
270,291688,291689,291690,2023-07-31 13:51:00+00:00,2023-07-31 13:52:00+00:00,2023-07-31 13:53:00+00:00,long,15874.5,15874.5,15874.75,15859.75,15899.75,15924.75,15949.75,15974.75,71.56599428947406,near_trigger,60.56599428947406,15.0,False,False,False,False,True,stop,15859.75,15859.5,-15.25,0.0,-15.25,-1.0166666666666666,4.75,25.75,0.31666666666666665,1.7166666666666666,2,1.0,0,2023-07-31,1.6779661016949152,0.16247582205029013,0.599791013584117,partial_bullish,0.5595422577184408,0.567662353368001,bullish,bullish,True,True,True,False
271,291704,291705,291732,2023-07-31 14:07:00+00:00,2023-07-31 14:08:00+00:00,2023-07-31 14:35:00+00:00,long,15846.0,15845.75,15846.0,15831.0,15871.0,15896.0,15921.0,15946.0,75.78472553699284,near_trigger,33.78472553699284,15.0,False,False,False,False,True,stop,15831.0,15830.75,-15.25,0.0,-15.25,-1.0166666666666666,23.5,18.5,1.5666666666666667,1.2333333333333334,28,27.0,0,2023-07-31,2.155131264916468,2.1819537658463832,2.607950116913484,partial_bearish,1.1253637053222683,1.6010050575008858,neutral,bullish,True,True,False,False
272,294431,294432,294473,2023-08-02 13:34:00+00:00,2023-08-02 13:35:00+00:00,2023-08-02 14:16:00+00:00,short,15625.25,15625.25,15625.0,15640.0,15600.0,15575.0,15550.0,15525.0,70.26417879659535,near_trigger,-58.264178796595345,15.0,True,True,True,True,False,tp4,15525.0,15525.25,99.75,0.0,99.75,6.65,100.5,6.75,6.7,0.45,42,41.0,4,2023-08-02,3.607361963190184,0.06407322654462243,1.502283105022831,strong_bearish,3.712349579183447,1.3578308577073703,bearish,bearish,False,True,True,False
273,297198,297199,297219,2023-08-04 13:41:00+00:00,2023-08-04 13:42:00+00:00,2023-08-04 14:02:00+00:00,short,15529.25,15529.5,15529.25,15544.25,15504.25,15479.25,15454.25,15429.25,85.8,high_probability,-63.8,15.0,True,True,True,True,False,tp4,15429.25,15429.5,99.75,0.0,99.75,6.65,107.25,12.5,7.15,0.8333333333333334,21,20.0,4,2023-08-04,2.763358778625954,1.525179856115108,2.0823045267489713,partial_bullish,1.9763057386819765,1.9762817004196314,bearish,bearish,True,True,False,False
274,297238,297239,297241,2023-08-04 14:21:00+00:00,2023-08-04 14:22:00+00:00,2023-08-04 14:24:00+00:00,short,15452.25,15453.0,15452.75,15467.75,15427.75,15402.75,15377.75,15352.75,73.38158458244112,near_trigger,-73.38158458244112,15.0,False,False,False,False,True,stop,15467.75,15468.0,-15.25,0.0,-15.25,-1.0166666666666666,12.25,23.75,0.8166666666666667,1.5833333333333333,3,2.0,0,2023-08-04,0.7194860813704498,0.20570440795159897,1.824644549763033,partial_bearish,0.9105571992598384,1.5164549035118076,bearish,bearish,True,True,False,False
275,298572,298573,298578,2023-08-07 13:35:00+00:00,2023-08-07 13:36:00+00:00,2023-08-07 13:41:00+00:00,long,15427.25,15427.25,15427.5,15412.5,15452.5,15477.5,15502.5,15527.5,75.68125044200455,near_trigger,41.681250442004554,15.0,False,False,False,False,True,stop,15412.5,15412.25,-15.25,0.0,-15.25,-1.0166666666666666,21.0,24.5,1.4,1.6333333333333333,6,5.0,0,2023-08-07,2.596026490066225,1.2475247524752475,0.8846153846153846,partial_bearish,2.7302441838108056,1.1906359001878186,bullish,bullish,True,True,True,False
276,298604,298605,298606,2023-08-07 14:07:00+00:00,2023-08-07 14:08:00+00:00,2023-08-07 14:09:00+00:00,short,15404.75,15405.0,15404.75,15419.75,15379.75,15354.75,15329.75,15304.75,72.0,near_trigger,-33.880983835360894,15.0,False,False,False,False,True,stop,15419.75,15420.0,-15.25,0.0,-15.25,-1.0166666666666666,2.0,18.25,0.13333333333333333,1.2166666666666666,2,1.0,0,2023-08-07,1.9194776931447226,1.2669683257918551,1.4346952444742131,partial_bearish,1.1553764692780417,1.4828289653200972,bearish,bearish,True,True,True,True
277,299982,299983,300042,2023-08-08 14:05:00+00:00,2023-08-08 14:06:00+00:00,2023-08-08 15:05:00+00:00,short,15296.0,15296.5,15296.25,15311.25,15271.25,15246.25,15221.25,15196.25,76.70036171996647,near_trigger,-76.70036171996647,15.0,True,True,False,False,False,max_holding_time,15227.5,15227.75,68.5,0.0,68.5,4.566666666666666,74.0,4.5,4.933333333333334,0.3,60,59.0,2,2023-08-08,0.8,2.978021978021978,3.166370633510953,partial_bearish,1.2884478441641973,1.343633968139897,bearish,bearish,True,True,True,True
278,301347,301348,301354,2023-08-09 13:50:00+00:00,2023-08-09 13:51:00+00:00,2023-08-09 13:57:00+00:00,short,15272.75,15272.5,15272.25,15287.25,15247.25,15222.25,15197.25,15172.25,70.39766081871345,near_trigger,-36.39766081871345,15.0,False,False,False,False,True,stop,15287.25,15287.5,-15.25,0.0,-15.25,-1.0166666666666666,9.0,19.5,0.6,1.3,7,6.0,0,2023-08-09,1.6046783625730994,4.364319248826291,3.446319018404908,strong_bearish,1.4579214637360935,1.661402540033131,neutral,bearish,False,True,True,False
279,301377,301378,301385,2023-08-09 14:20:00+00:00,2023-08-09 14:21:00+00:00,2023-08-09 14:28:00+00:00,short,15266.5,15267.0,15266.75,15281.75,15241.75,15216.75,15191.75,15166.75,70.4,near_trigger,-58.400000000000006,15.0,False,False,False,False,True,stop,15281.75,15282.0,-15.25,0.0,-15.25,-1.0166666666666666,9.25,18.0,0.6166666666666667,1.2,8,7.0,0,2023-08-09,2.3056379821958455,0.28994082840236685,2.9362577107607954,partial_bearish,1.9949618641102793,1.8789955842615171,bearish,bearish,False,True,True,False
280,302709,302710,302731,2023-08-10 13:32:00+00:00,2023-08-10 13:33:00+00:00,2023-08-10 13:54:00+00:00,long,15294.75,15295.0,15295.25,15280.25,15320.25,15345.25,15370.25,15395.25,73.0,near_trigger,53.56751218481689,15.0,True,True,True,True,False,tp4,15395.25,15395.0,99.75,0.0,99.75,6.65,100.75,10.5,6.716666666666667,0.7,22,21.0,4,2023-08-10,0.7581227436823105,0.9808917197452229,0.44842562432138977,partial_bearish,4.325486130427087,1.2906097689788896,bullish,bullish,True,True,True,False
281,302735,302736,302759,2023-08-10 13:58:00+00:00,2023-08-10 13:59:00+00:00,2023-08-10 14:22:00+00:00,long,15413.75,15413.25,15413.5,15398.5,15438.5,15463.5,15488.5,15513.5,71.16267942583733,near_trigger,43.162679425837325,15.0,True,False,False,False,True,stop,15398.5,15398.25,-15.25,0.0,-15.25,-1.0166666666666666,28.25,20.0,1.8833333333333333,1.3333333333333333,24,23.0,1,2023-08-10,2.110047846889952,2.746376811594203,1.7736943907156673,strong_bullish,1.2976010279753023,1.9857021446782983,bullish,bullish,False,True,True,False
282,304094,304095,304119,2023-08-11 13:37:00+00:00,2023-08-11 13:38:00+00:00,2023-08-11 14:02:00+00:00,short,15105.25,15104.75,15104.5,15119.5,15079.5,15054.5,15029.5,15004.5,75.07182858891831,near_trigger,-58.07182858891831,15.0,True,True,False,False,True,stop,15119.5,15119.75,-15.25,0.0,-15.25,-1.0166666666666666,52.5,17.5,3.5,1.1666666666666667,25,24.0,2,2023-08-11,2.538011695906433,1.268392370572207,3.1628895184135977,partial_bearish,1.4027438451418905,0.6915401221127923,bearish,bearish,True,True,False,False
283,306847,306848,306849,2023-08-15 13:30:00+00:00,2023-08-15 13:31:00+00:00,2023-08-15 13:32:00+00:00,short,15224.0,15224.25,15224.0,15239.0,15199.0,15174.0,15149.0,15124.0,70.8840033270211,near_trigger,-70.8840033270211,15.0,False,False,False,False,True,stop,15239.0,15239.25,-15.25,0.0,-15.25,-1.0166666666666666,12.0,15.5,0.8,1.0333333333333334,2,1.0,0,2023-08-15,0.0340632603406326,1.527027027027027,1.352168199737188,partial_bullish,8.5667880696919,1.10896614996464,bearish,bearish,True,False,False,False
284,306861,306862,306921,2023-08-15 13:44:00+00:00,2023-08-15 13:45:00+00:00,2023-08-15 14:44:00+00:00,short,15208.0,15208.0,15207.75,15222.75,15182.75,15157.75,15132.75,15107.75,90.95711711711712,a_plus_plus,-56.95711711711712,15.0,True,True,True,False,False,max_holding_time,15137.25,15137.5,70.25,0.0,70.25,4.683333333333334,99.75,9.5,6.65,0.6333333333333333,60,59.0,3,2023-08-15,2.497297297297297,1.7853107344632768,1.352168199737188,partial_bullish,1.7210180462926639,1.5809448730221296,bearish,bearish,True,True,True,True
285,308236,308237,308244,2023-08-16 13:39:00+00:00,2023-08-16 13:40:00+00:00,2023-08-16 13:47:00+00:00,short,15096.25,15096.5,15096.25,15111.25,15071.25,15046.25,15021.25,14996.25,70.3816929635706,near_trigger,-36.3816929635706,15.0,False,False,False,False,True,stop,15111.25,15111.5,-15.25,0.0,-15.25,-1.0166666666666666,13.5,15.25,0.9,1.0166666666666666,8,7.0,0,2023-08-16,2.5919395465994963,0.8484848484848485,1.2955974842767295,partial_bearish,1.8365725785097708,1.0928571428571427,bearish,bearish,True,False,False,False
286,310988,310989,310990,2023-08-18 13:31:00+00:00,2023-08-18 13:32:00+00:00,2023-08-18 13:33:00+00:00,short,14653.75,14654.25,14654.0,14669.0,14629.0,14604.0,14579.0,14554.0,73.0,near_trigger,-57.85757371389328,15.0,False,False,False,False,True,stop,14669.0,14669.25,-15.25,0.0,-15.25,-1.0166666666666666,2.5,20.0,0.16666666666666666,1.3333333333333333,2,1.0,0,2023-08-18,1.3873873873873874,0.6575028636884307,0.8387096774193549,partial_bearish,4.191797882750644,0.9730779026784423,bearish,bearish,True,True,True,False
287,310991,310992,310993,2023-08-18 13:34:00+00:00,2023-08-18 13:35:00+00:00,2023-08-18 13:36:00+00:00,short,14646.75,14646.75,14646.5,14661.5,14621.5,14596.5,14571.5,14546.5,81.0627129268758,high_probability,-73.0627129268758,15.0,False,False,False,False,True,stop,14661.5,14661.75,-15.25,0.0,-15.25,-1.0166666666666666,18.5,21.0,1.2333333333333334,1.4,2,1.0,0,2023-08-18,1.0110159118727051,0.6575028636884307,0.8387096774193549,partial_bearish,2.7936568589988537,1.3283911585947508,bearish,bearish,True,True,True,False
288,311036,311037,311037,2023-08-18 14:19:00+00:00,2023-08-18 14:20:00+00:00,2023-08-18 14:20:00+00:00,short,14647.5,14647.5,14647.25,14662.25,14622.25,14597.25,14572.25,14547.25,73.0,near_trigger,-67.67333333333333,15.0,False,False,False,False,True,stop,14662.25,14662.5,-15.25,0.0,-15.25,-1.0166666666666666,2.25,15.75,0.15,1.05,1,0.0,0,2023-08-18,0.16666666666666666,0.9820289855072464,0.03272939801285798,partial_bearish,1.1285916156382478,1.5862822337713927,bearish,bearish,True,True,True,True
289,311038,311039,311053,2023-08-18 14:21:00+00:00,2023-08-18 14:22:00+00:00,2023-08-18 14:36:00+00:00,short,14669.75,14669.75,14669.5,14684.5,14644.5,14619.5,14594.5,14569.5,72.0,near_trigger,-45.62035084158902,15.0,True,False,False,False,True,stop,14684.5,14684.75,-15.25,0.0,-15.25,-1.0166666666666666,34.5,20.75,2.3,1.3833333333333333,15,14.0,1,2023-08-18,2.8165680473372783,0.5342920353982301,0.03272939801285798,partial_bullish,1.0023931313727048,1.3778158858835452,bearish,bearish,True,True,True,True
290,312410,312411,312412,2023-08-21 14:13:00+00:00,2023-08-21 14:14:00+00:00,2023-08-21 14:15:00+00:00,long,14905.75,14905.5,14905.75,14890.75,14930.75,14955.75,14980.75,15005.75,85.17121807856822,high_probability,85.17121807856822,15.0,False,False,False,False,True,stop,14890.75,14890.5,-15.25,0.0,-15.25,-1.0166666666666666,0.0,24.25,0.0,1.6166666666666667,2,1.0,0,2023-08-21,1.447415329768271,2.3537653239929948,3.476009139375476,partial_bullish,0.713177386772843,0.7429887301175788,bullish,bullish,True,True,True,False
291,313747,313748,313753,2023-08-22 13:30:00+00:00,2023-08-22 13:31:00+00:00,2023-08-22 13:36:00+00:00,long,15072.25,15072.0,15072.25,15057.25,15097.25,15122.25,15147.25,15172.25,70.0,near_trigger,26.39662638793959,15.0,False,False,False,False,True,stop,15057.25,15057.0,-15.25,0.0,-15.25,-1.0166666666666666,16.75,28.0,1.1166666666666667,1.8666666666666667,6,5.0,0,2023-08-22,2.855524079320113,0.14583333333333331,0.8648018648018648,strong_bearish,13.928986673821663,1.0042170150755065,bullish,bullish,True,True,True,False
292,313764,313765,313765,2023-08-22 13:47:00+00:00,2023-08-22 13:48:00+00:00,2023-08-22 13:48:00+00:00,long,15054.0,15053.5,15053.75,15038.75,15078.75,15103.75,15128.75,15153.75,77.56856636756976,near_trigger,69.56856636756976,15.0,False,False,False,False,True,stop,15038.75,15038.5,-15.25,0.0,-15.25,-1.0166666666666666,0.25,19.25,0.016666666666666666,1.2833333333333334,1,0.0,0,2023-08-22,1.705128205128205,2.994219653179191,2.9453894359892567,partial_bearish,0.8788025108643167,1.1325028312570782,bullish,bullish,True,True,False,False
293,313770,313771,313771,2023-08-22 13:53:00+00:00,2023-08-22 13:54:00+00:00,2023-08-22 13:54:00+00:00,long,15023.75,15024.0,15024.25,15009.25,15049.25,15074.25,15099.25,15124.25,70.0,near_trigger,59.260501776701446,15.0,False,False,False,False,True,stop,15009.25,15009.0,-15.25,0.0,-15.25,-1.0166666666666666,0.0,15.0,0.0,1.0,1,0.0,0,2023-08-22,0.9026548672566371,3.2203023758099354,2.9453894359892567,strong_bearish,0.9321921569370017,1.3115409207161126,bullish,bullish,True,True,False,False
294,313772,313773,313808,2023-08-22 13:55:00+00:00,2023-08-22 13:56:00+00:00,2023-08-22 14:31:00+00:00,long,15005.0,15004.5,15004.75,14989.75,15029.75,15054.75,15079.75,15104.75,76.0,near_trigger,35.54661558109834,15.0,True,True,False,False,True,stop,14989.75,14989.5,-15.25,0.0,-15.25,-1.0166666666666666,52.0,17.5,3.466666666666667,1.1666666666666667,36,35.0,2,2023-08-22,1.9131545338441889,4.277386934673367,2.9453894359892567,strong_bearish,1.0803398530515431,1.517399338903204,bullish,bullish,True,True,False,False
295,316508,316509,316527,2023-08-24 13:31:00+00:00,2023-08-24 13:32:00+00:00,2023-08-24 13:50:00+00:00,short,15293.5,15293.25,15293.0,15308.0,15268.0,15243.0,15218.0,15193.0,76.0,near_trigger,-30.0,15.0,True,True,True,True,False,tp4,15193.0,15193.25,99.75,0.0,99.75,6.65,107.0,4.25,7.133333333333334,0.2833333333333333,19,18.0,4,2023-08-24,4.805642633228841,0.6932367149758454,0.22764227642276424,strong_bearish,8.226720111306191,1.797728407931027,neutral,bearish,True,True,True,True
296,316535,316536,316538,2023-08-24 13:58:00+00:00,2023-08-24 13:59:00+00:00,2023-08-24 14:01:00+00:00,long,15227.25,15227.25,15227.5,15212.5,15252.5,15277.5,15302.5,15327.5,71.64415349887133,near_trigger,25.644153498871333,15.0,False,False,False,False,True,stop,15212.5,15212.25,-15.25,0.0,-15.25,-1.0166666666666666,7.25,21.75,0.48333333333333334,1.45,3,2.0,0,2023-08-24,1.674943566591422,4.614195361911455,4.591349257585539,partial_bearish,1.0975498452577517,1.978018691588785,neutral,bullish,False,True,True,False
297,316544,316545,316566,2023-08-24 14:07:00+00:00,2023-08-24 14:08:00+00:00,2023-08-24 14:29:00+00:00,short,15183.0,15183.0,15182.75,15197.75,15157.75,15132.75,15107.75,15082.75,78.68356499705675,near_trigger,-72.68356499705675,15.0,True,True,True,True,False,tp4,15082.75,15083.0,99.75,0.0,99.75,6.65,111.0,2.25,7.4,0.15,22,21.0,4,2023-08-24,1.738255033557047,0.5296803652968036,3.917625681405209,strong_bearish,1.0279752109519975,1.4478566937482278,bearish,bearish,True,True,True,True
298,317887,317888,317889,2023-08-25 13:30:00+00:00,2023-08-25 13:31:00+00:00,2023-08-25 13:32:00+00:00,long,14921.0,14921.25,14921.5,14906.5,14946.5,14971.5,14996.5,15021.5,85.7532383095774,high_probability,73.7532383095774,15.0,False,False,False,False,True,stop,14906.5,14906.25,-15.25,0.0,-15.25,-1.0166666666666666,12.25,19.75,0.8166666666666667,1.3166666666666667,2,1.0,0,2023-08-25,4.231237322515213,0.48695652173913045,0.29224652087475145,strong_bullish,13.884032634032634,1.1915478869717429,bullish,bullish,True,True,True,True
299,317927,317928,317932,2023-08-25 14:10:00+00:00,2023-08-25 14:11:00+00:00,2023-08-25 14:15:00+00:00,long,14908.0,14908.0,14908.25,14893.25,14933.25,14958.25,14983.25,15008.25,71.95003564688614,near_trigger,70.95003564688614,15.0,True,True,True,True,False,tp4,15008.25,15008.0,99.75,0.0,99.75,6.65,119.0,1.5,7.933333333333334,0.1,5,4.0,4,2023-08-25,1.199203187250996,1.5070821529745042,1.5879899916597164,partial_bearish,1.5176193272233711,2.1741356609938074,bullish,bullish,True,True,False,False
300,317933,317934,317935,2023-08-25 14:16:00+00:00,2023-08-25 14:17:00+00:00,2023-08-25 14:18:00+00:00,long,15033.0,15032.75,15033.0,15018.0,15058.0,15083.0,15108.0,15133.0,81.10398179749716,high_probability,45.103981797497156,15.0,False,False,False,False,True,stop,15018.0,15017.75,-15.25,0.0,-15.25,-1.0166666666666666,16.0,54.25,1.0666666666666667,3.6166666666666667,2,1.0,0,2023-08-25,3.0420932878270763,1.3636363636363635,3.4226044226044223,strong_bullish,1.3175332588605666,2.933329565045361,bullish,bullish,True,True,False,False
301,319272,319273,319273,2023-08-28 13:35:00+00:00,2023-08-28 13:36:00+00:00,2023-08-28 13:36:00+00:00,long,15123.0,15123.0,15123.25,15108.25,15148.25,15173.25,15198.25,15223.25,73.61373369374833,near_trigger,25.61373369374833,15.0,False,False,False,False,True,stop,15108.25,15108.0,-15.25,0.0,-15.25,-1.0166666666666666,1.5,31.25,0.1,2.0833333333333335,1,0.0,0,2023-08-28,3.511400651465798,0.9989658738366081,3.0405405405405403,strong_bullish,3.0431874468969755,1.3510433386837881,bullish,bullish,True,True,True,False
302,320673,320674,320676,2023-08-29 13:56:00+00:00,2023-08-29 13:57:00+00:00,2023-08-29 13:59:00+00:00,short,15146.25,15146.25,15146.0,15161.0,15121.0,15096.0,15071.0,15046.0,82.7618801275465,high_probability,-82.7618801275465,15.0,False,False,False,False,True,stop,15161.0,15161.25,-15.25,0.0,-15.25,-1.0166666666666666,1.75,15.0,0.11666666666666667,1.0,3,2.0,0,2023-08-29,1.094972067039106,3.847682119205298,3.252187748607796,partial_bullish,0.8085956481831434,0.9579367516119128,bearish,bearish,True,True,True,False
303,324806,324807,324807,2023-09-01 13:49:00+00:00,2023-09-01 13:50:00+00:00,2023-09-01 13:50:00+00:00,long,15517.5,15517.25,15517.5,15502.5,15542.5,15567.5,15592.5,15617.5,71.21871559633027,near_trigger,71.21871559633027,15.0,False,False,False,False,True,stop,15502.5,15502.25,-15.25,0.0,-15.25,-1.0166666666666666,4.25,16.5,0.2833333333333333,1.1,1,0.0,0,2023-09-01,1.8110091743119265,3.151969981238274,0.7104477611940299,strong_bearish,1.135921079549329,1.692347635657602,bullish,bullish,True,False,False,False
304,328734,328735,328794,2023-09-06 14:17:00+00:00,2023-09-06 14:18:00+00:00,2023-09-06 15:17:00+00:00,short,15424.25,15424.0,15423.75,15438.75,15398.75,15373.75,15348.75,15323.75,70.0,near_trigger,-17.97088409451686,15.0,True,True,True,False,False,max_holding_time,15368.75,15369.0,54.75,0.0,54.75,3.65,75.5,9.25,5.033333333333333,0.6166666666666667,60,59.0,3,2023-09-06,1.9743589743589742,3.1183079973562458,4.256080114449213,partial_bearish,0.8278975085188299,1.1992153946744273,bearish,bearish,True,False,False,False
305,331452,331453,331454,2023-09-08 13:35:00+00:00,2023-09-08 13:36:00+00:00,2023-09-08 13:37:00+00:00,short,15334.5,15334.0,15333.75,15348.75,15308.75,15283.75,15258.75,15233.75,74.206336834289,near_trigger,-55.206336834289004,15.0,False,False,False,False,True,stop,15348.75,15349.0,-15.25,0.0,-15.25,-1.0166666666666666,0.0,21.25,0.0,1.4166666666666667,2,1.0,0,2023-09-08,3.608024691358025,4.20158550396376,0.6693794506612412,strong_bullish,2.8256797923953516,0.9816864749600175,neutral,bearish,True,False,True,False
306,331473,331474,331477,2023-09-08 13:56:00+00:00,2023-09-08 13:57:00+00:00,2023-09-08 14:00:00+00:00,short,15325.0,15325.25,15325.0,15340.0,15300.0,15275.0,15250.0,15225.0,73.73333333333333,near_trigger,-40.733333333333334,15.0,False,False,False,False,True,stop,15340.0,15340.25,-15.25,0.0,-15.25,-1.0166666666666666,11.0,20.75,0.7333333333333333,1.3833333333333333,4,3.0,0,2023-09-08,3.295238095238095,4.456928838951311,3.8043478260869565,partial_bullish,1.5428630608704657,1.5690456442460867,neutral,bearish,True,True,False,False
307,332414,332415,332416,2023-09-11 13:37:00+00:00,2023-09-11 13:38:00+00:00,2023-09-11 13:39:00+00:00,long,15607.75,15607.5,15607.75,15592.75,15632.75,15657.75,15682.75,15707.75,73.0,near_trigger,45.52466148363641,15.0,False,False,False,False,True,stop,15592.75,15592.5,-15.25,0.0,-15.25,-1.0166666666666666,3.5,25.0,0.23333333333333334,1.6666666666666667,2,1.0,0,2023-09-11,2.0082758620689654,0.38961038961038963,0.15347137637028013,partial_bullish,3.179705654531371,0.9800352144200065,bullish,bullish,True,True,True,False
308,333787,333788,333789,2023-09-12 13:30:00+00:00,2023-09-12 13:31:00+00:00,2023-09-12 13:32:00+00:00,short,15588.5,15588.75,15588.5,15603.5,15563.5,15538.5,15513.5,15488.5,70.67955010961613,near_trigger,-46.67955010961613,15.0,False,False,False,False,True,stop,15603.5,15603.75,-15.25,0.0,-15.25,-1.0166666666666666,4.75,27.75,0.31666666666666665,1.85,2,1.0,0,2023-09-12,2.6538461538461537,1.025,1.3585798816568049,strong_bearish,6.712421623453651,0.5225145600970893,bearish,bearish,False,True,True,False
309,333793,333794,333797,2023-09-12 13:36:00+00:00,2023-09-12 13:37:00+00:00,2023-09-12 13:40:00+00:00,short,15617.0,15617.0,15616.75,15631.75,15591.75,15566.75,15541.75,15516.75,78.0,near_trigger,-49.955300931738236,15.0,False,False,False,False,True,stop,15631.75,15632.0,-15.25,0.0,-15.25,-1.0166666666666666,13.5,18.75,0.9,1.25,4,3.0,0,2023-09-12,1.5777460770328104,0.34393063583815026,1.3585798816568049,partial_bullish,1.9499072840763665,0.6418224801203525,bearish,bearish,True,True,True,False
310,335194,335195,335237,2023-09-13 13:57:00+00:00,2023-09-13 13:58:00+00:00,2023-09-13 14:40:00+00:00,short,15548.75,15549.5,15549.25,15564.25,15524.25,15499.25,15474.25,15449.25,72.0,near_trigger,-48.31580148456383,15.0,True,True,True,False,True,stop,15564.25,15564.5,-15.25,0.0,-15.25,-1.0166666666666666,95.25,22.0,6.35,1.4666666666666666,43,42.0,3,2023-09-13,1.2714570858283434,0.509090909090909,1.8798328108672935,strong_bullish,1.116106850039672,1.2898788828181715,bearish,bearish,True,True,True,False
311,337927,337928,337943,2023-09-15 13:30:00+00:00,2023-09-15 13:31:00+00:00,2023-09-15 13:46:00+00:00,short,15619.0,15619.0,15618.75,15633.75,15593.75,15568.75,15543.75,15518.75,78.0,near_trigger,-78.0,15.0,True,True,True,True,False,tp4,15518.75,15519.0,99.75,0.0,99.75,6.65,102.25,9.0,6.816666666666666,0.6,16,15.0,4,2023-09-15,1.1375,1.1142490372272142,3.1777301927194865,partial_bearish,5.4864116937486695,1.00591292582498,bearish,bearish,True,True,True,False
312,337986,337987,338046,2023-09-15 14:29:00+00:00,2023-09-15 14:30:00+00:00,2023-09-15 15:29:00+00:00,short,15496.0,15496.25,15496.0,15511.0,15471.0,15446.0,15421.0,15396.0,72.0,near_trigger,-35.209197106946164,15.0,True,True,True,False,False,max_holding_time,15430.5,15430.75,65.25,0.0,65.25,4.35,82.0,10.75,5.466666666666667,0.7166666666666667,60,59.0,3,2023-09-15,0.37444279346210996,0.392,4.658166363084396,strong_bearish,0.6728685191047902,0.9351519664252352,bearish,bearish,True,False,True,False
313,339316,339317,339328,2023-09-18 13:39:00+00:00,2023-09-18 13:40:00+00:00,2023-09-18 13:51:00+00:00,short,15409.75,15409.75,15409.5,15424.5,15384.5,15359.5,15334.5,15309.5,73.91341153616337,near_trigger,-73.91341153616337,15.0,True,False,False,False,True,stop,15424.5,15424.75,-15.25,0.0,-15.25,-1.0166666666666666,39.25,16.75,2.6166666666666667,1.1166666666666667,12,11.0,1,2023-09-18,0.19626168224299065,3.859375,0.4950135992747053,strong_bullish,1.7470561892468586,1.4922317099238358,bearish,bearish,True,True,False,False
314,339329,339330,339358,2023-09-18 13:52:00+00:00,2023-09-18 13:53:00+00:00,2023-09-18 14:21:00+00:00,short,15424.25,15424.5,15424.25,15439.25,15399.25,15374.25,15349.25,15324.25,82.0,high_probability,-59.74685890307436,15.0,True,False,False,False,True,stop,15439.25,15439.5,-15.25,0.0,-15.25,-1.0166666666666666,38.5,17.0,2.566666666666667,1.1333333333333333,29,28.0,1,2023-09-18,2.6442812172088144,2.1831683168316833,1.5854700854700854,strong_bullish,0.6955214132193117,1.138898906865976,bearish,bearish,True,False,True,False
315,339360,339361,339420,2023-09-18 14:23:00+00:00,2023-09-18 14:24:00+00:00,2023-09-18 15:23:00+00:00,short,15413.5,15413.5,15413.25,15428.25,15388.25,15363.25,15338.25,15313.25,81.37729486844994,high_probability,-75.37729486844994,15.0,True,False,False,False,False,max_holding_time,15416.5,15416.75,-3.5,0.0,-3.5,-0.23333333333333334,49.0,14.5,3.2666666666666666,0.9666666666666667,60,59.0,1,2023-09-18,1.5295902883156298,0.6115591397849462,1.7328727691421992,partial_bullish,0.8391981944685567,0.9416489345760782,bearish,bearish,True,False,True,False
316,342068,342069,342114,2023-09-20 13:31:00+00:00,2023-09-20 13:32:00+00:00,2023-09-20 14:17:00+00:00,long,15377.0,15377.25,15377.5,15362.5,15402.5,15427.5,15452.5,15477.5,76.0,near_trigger,55.10333374243432,15.0,True,True,False,False,True,stop,15362.5,15362.25,-15.25,0.0,-15.25,-1.0166666666666666,57.75,15.5,3.85,1.0333333333333334,46,45.0,2,2023-09-20,6.825484764542937,1.8032786885245902,1.409271523178808,partial_bearish,10.58876359644746,1.370832821957096,bullish,bullish,True,True,False,False
317,346212,346213,346214,2023-09-25 13:35:00+00:00,2023-09-25 13:36:00+00:00,2023-09-25 13:37:00+00:00,short,14810.75,14810.75,14810.5,14825.5,14785.5,14760.5,14735.5,14710.5,73.0,near_trigger,-49.09354089670741,15.0,False,False,False,False,True,stop,14825.5,14825.75,-15.25,0.0,-15.25,-1.0166666666666666,7.75,24.25,0.5166666666666667,1.6166666666666667,2,1.0,0,2023-09-25,1.3167358229598893,0.2627986348122867,0.1361111111111111,partial_bearish,3.110708339480284,1.1404552549025668,bearish,bearish,True,True,True,True
318,346215,346216,346216,2023-09-25 13:38:00+00:00,2023-09-25 13:39:00+00:00,2023-09-25 13:39:00+00:00,short,14824.25,14824.25,14824.0,14839.0,14799.0,14774.0,14749.0,14724.0,78.66183887523219,near_trigger,-78.66183887523219,15.0,False,False,False,False,True,stop,14839.0,14839.25,-15.25,0.0,-15.25,-1.0166666666666666,3.5,18.75,0.23333333333333334,1.25,1,0.0,0,2023-09-25,2.068357221609702,0.2627986348122867,0.1361111111111111,partial_bullish,1.7637000514633863,1.1475852533566653,bearish,bearish,True,True,True,False
319,346217,346218,346224,2023-09-25 13:40:00+00:00,2023-09-25 13:41:00+00:00,2023-09-25 13:47:00+00:00,short,14858.25,14858.0,14857.75,14872.75,14832.75,14807.75,14782.75,14757.75,78.0,near_trigger,-59.44453125,15.0,False,False,False,False,True,stop,14872.75,14873.0,-15.25,0.0,-15.25,-1.0166666666666666,15.5,20.0,1.0333333333333334,1.3333333333333333,7,6.0,0,2023-09-25,2.59765625,1.860759493670886,0.1361111111111111,partial_bullish,2.3065650210939235,1.538051525022209,bearish,bearish,True,True,True,False
320,347595,347596,347631,2023-09-26 13:38:00+00:00,2023-09-26 13:39:00+00:00,2023-09-26 14:14:00+00:00,short,14846.0,14845.75,14845.5,14860.5,14820.5,14795.5,14770.5,14745.5,76.0,near_trigger,-33.2,15.0,True,True,True,True,False,tp4,14745.5,14745.75,99.75,0.0,99.75,6.65,106.75,0.5,7.116666666666666,0.03333333333333333,36,35.0,4,2023-09-26,2.861035422343324,0.7063389391979301,2.716595744680851,partial_bearish,2.6229668982427463,1.75686772579462,bearish,bearish,True,True,False,False
321,348969,348970,348973,2023-09-27 13:32:00+00:00,2023-09-27 13:33:00+00:00,2023-09-27 13:36:00+00:00,long,14766.75,14766.75,14767.0,14752.0,14792.0,14817.0,14842.0,14867.0,73.0,near_trigger,53.791627824530586,15.0,False,False,False,False,True,stop,14752.0,14751.75,-15.25,0.0,-15.25,-1.0166666666666666,14.0,16.0,0.9333333333333333,1.0666666666666667,4,3.0,0,2023-09-27,1.0523917995444192,0.49633251833740827,0.09098294069861901,partial_bearish,4.167133858787059,0.9483923263982708,bullish,bullish,True,True,True,True
322,349017,349018,349048,2023-09-27 14:20:00+00:00,2023-09-27 14:21:00+00:00,2023-09-27 14:51:00+00:00,long,14727.5,14727.25,14727.5,14712.5,14752.5,14777.5,14802.5,14827.5,81.92540793149978,high_probability,81.92540793149978,15.0,True,False,False,False,True,stop,14712.5,14712.25,-15.25,0.0,-15.25,-1.0166666666666666,44.5,23.5,2.966666666666667,1.5666666666666667,31,30.0,1,2023-09-27,1.1746575342465753,2.486842105263158,2.1296969696969694,partial_bearish,1.1361719493946403,1.2306604190610908,bullish,bullish,True,False,True,False
323,350347,350348,350348,2023-09-28 13:30:00+00:00,2023-09-28 13:31:00+00:00,2023-09-28 13:31:00+00:00,short,14677.5,14677.75,14677.5,14692.5,14652.5,14627.5,14602.5,14577.5,83.59414799227763,high_probability,-83.59414799227763,15.0,False,False,False,False,True,stop,14692.5,14692.75,-15.25,0.0,-15.25,-1.0166666666666666,4.75,18.0,0.31666666666666665,1.2,1,0.0,0,2023-09-28,1.076923076923077,0.5458276333789329,1.246451612903226,strong_bearish,10.256688554838009,1.2031166450232984,bearish,bearish,True,False,True,False
324,350352,350353,350368,2023-09-28 13:35:00+00:00,2023-09-28 13:36:00+00:00,2023-09-28 13:51:00+00:00,short,14696.75,14696.5,14696.25,14711.25,14671.25,14646.25,14621.25,14596.25,78.63883830923962,near_trigger,-78.63883830923962,15.0,True,False,False,False,True,stop,14711.25,14711.5,-15.25,0.0,-15.25,-1.0166666666666666,40.0,18.25,2.6666666666666665,1.2166666666666666,16,15.0,1,2023-09-28,1.1964483906770254,0.11403508771929824,1.246451612903226,partial_bullish,1.8759808752144238,0.8102016046405321,bearish,bearish,True,True,True,False
325,353107,353108,353108,2023-10-02 13:30:00+00:00,2023-10-02 13:31:00+00:00,2023-10-02 13:31:00+00:00,short,14854.0,14854.25,14854.0,14869.0,14829.0,14804.0,14779.0,14754.0,73.56870155716935,near_trigger,-49.56870155716935,15.0,False,False,False,False,True,stop,14869.0,14869.25,-15.25,0.0,-15.25,-1.0166666666666666,1.75,30.25,0.11666666666666667,2.0166666666666666,1,0.0,0,2023-10-02,1.4181034482758619,2.497863247863248,0.3050847457627119,partial_bullish,8.476050671451096,0.9819049838448604,bearish,bearish,False,False,True,False
326,353123,353124,353137,2023-10-02 13:46:00+00:00,2023-10-02 13:47:00+00:00,2023-10-02 14:00:00+00:00,short,14931.25,14931.25,14931.0,14946.0,14906.0,14881.0,14856.0,14831.0,72.63758175933187,near_trigger,-52.637581759331866,15.0,True,False,False,False,True,stop,14946.0,14946.25,-15.25,0.0,-15.25,-1.0166666666666666,26.75,33.0,1.7833333333333334,2.2,14,13.0,1,2023-10-02,0.6674418604651162,4.329787234042553,3.3236775818639797,partial_bullish,1.0778244527968164,0.9934888270718063,bearish,bearish,True,True,True,False
327,355867,355868,355900,2023-10-04 13:30:00+00:00,2023-10-04 13:31:00+00:00,2023-10-04 14:03:00+00:00,long,14774.5,14774.75,14775.0,14760.0,14800.0,14825.0,14850.0,14875.0,83.55162288783707,high_probability,79.55162288783707,15.0,True,True,False,False,True,stop,14760.0,14759.75,-15.25,0.0,-15.25,-1.0166666666666666,59.5,17.25,3.966666666666667,1.15,33,32.0,2,2023-10-04,2.23728813559322,1.3704115684093439,0.2768361581920904,partial_bullish,10.049597423510466,0.9395286097963411,bullish,bullish,True,True,True,False
328,355910,355911,355913,2023-10-04 14:13:00+00:00,2023-10-04 14:14:00+00:00,2023-10-04 14:16:00+00:00,long,14786.0,14786.5,14786.75,14771.75,14811.75,14836.75,14861.75,14886.75,82.53427065026362,high_probability,66.53427065026362,15.0,False,False,False,False,True,stop,14771.75,14771.5,-15.25,0.0,-15.25,-1.0166666666666666,4.25,28.5,0.2833333333333333,1.9,3,2.0,0,2023-10-04,2.12829525483304,1.655006031363088,0.23702894593118515,partial_bullish,1.2377548182408142,1.6470201217171994,bullish,bullish,True,False,True,False
329,357256,357257,357282,2023-10-05 13:39:00+00:00,2023-10-05 13:40:00+00:00,2023-10-05 14:05:00+00:00,short,14882.0,14882.5,14882.25,14897.25,14857.25,14832.25,14807.25,14782.25,84.51659370312416,high_probability,-72.51659370312416,15.0,True,True,True,True,False,tp4,14782.25,14782.5,99.75,0.0,99.75,6.65,108.5,1.25,7.233333333333333,0.08333333333333333,26,25.0,4,2023-10-05,2.0510543840177577,0.7789634146341464,0.6431980906921242,partial_bearish,2.089083323480229,1.3111139380061907,bearish,bearish,True,True,True,True
330,358631,358632,358642,2023-10-06 13:34:00+00:00,2023-10-06 13:35:00+00:00,2023-10-06 13:45:00+00:00,short,14766.25,14766.0,14765.75,14780.75,14740.75,14715.75,14690.75,14665.75,74.37637286408993,near_trigger,-74.37637286408993,15.0,True,True,False,False,True,stop,14780.75,14781.0,-15.25,0.0,-15.25,-1.0166666666666666,63.75,17.25,4.25,1.15,11,10.0,2,2023-10-06,1.6617210682492582,1.2554186145346364,3.6022005924672027,partial_bullish,2.1818084062529404,1.4509309663636445,bearish,bearish,True,True,False,False
331,358644,358645,358672,2023-10-06 13:47:00+00:00,2023-10-06 13:48:00+00:00,2023-10-06 14:15:00+00:00,short,14772.25,14772.5,14772.25,14787.25,14747.25,14722.25,14697.25,14672.25,70.06523803725801,near_trigger,-48.06523803725801,15.0,True,True,False,False,True,stop,14787.25,14787.5,-15.25,0.0,-15.25,-1.0166666666666666,64.75,18.75,4.316666666666666,1.25,28,27.0,2,2023-10-06,1.0903141361256545,0.04629192253188474,2.9798356982823004,partial_bearish,1.5164574168540081,2.344626896695074,bearish,bearish,False,False,True,False
332,361401,361402,361408,2023-10-10 13:44:00+00:00,2023-10-10 13:45:00+00:00,2023-10-10 13:51:00+00:00,short,15207.25,15207.25,15207.0,15222.0,15182.0,15157.0,15132.0,15107.0,74.09745199451025,near_trigger,-72.09745199451025,15.0,False,False,False,False,True,stop,15222.0,15222.25,-15.25,0.0,-15.25,-1.0166666666666666,13.5,16.5,0.9,1.1,7,6.0,0,2023-10-10,0.6492753623188405,0.41569459172852596,0.3822525597269625,partial_bullish,1.2716504081226359,1.2597376984518291,bearish,bearish,True,True,True,False
333,362821,362822,362823,2023-10-11 14:24:00+00:00,2023-10-11 14:25:00+00:00,2023-10-11 14:26:00+00:00,long,15328.75,15328.5,15328.75,15313.75,15353.75,15378.75,15403.75,15428.75,71.66288955099833,near_trigger,51.66288955099833,15.0,False,False,False,False,True,stop,15313.75,15313.5,-15.25,0.0,-15.25,-1.0166666666666666,3.25,19.25,0.21666666666666667,1.2833333333333334,2,1.0,0,2023-10-11,1.55810147299509,0.9962149886449659,1.19859649122807,partial_bearish,0.9634646570638176,0.7659929467976185,bullish,bullish,True,True,True,True
334,364153,364154,364183,2023-10-12 13:36:00+00:00,2023-10-12 13:37:00+00:00,2023-10-12 14:06:00+00:00,short,15403.0,15403.25,15403.0,15418.0,15378.0,15353.0,15328.0,15303.0,71.56747252747253,near_trigger,-51.56747252747253,15.0,True,False,False,False,True,stop,15418.0,15418.25,-15.25,0.0,-15.25,-1.0166666666666666,37.5,21.25,2.5,1.4166666666666667,30,29.0,1,2023-10-12,1.3333333333333333,0.20481927710843373,2.1615798922800717,partial_bullish,3.0406019864125104,1.550069085884663,bearish,bearish,True,True,False,False
335,364193,364194,364199,2023-10-12 14:16:00+00:00,2023-10-12 14:17:00+00:00,2023-10-12 14:22:00+00:00,short,15423.5,15423.0,15422.75,15437.75,15397.75,15372.75,15347.75,15322.75,85.8,high_probability,-85.8,15.0,False,False,False,False,True,stop,15437.75,15438.0,-15.25,0.0,-15.25,-1.0166666666666666,5.5,21.5,0.36666666666666664,1.4333333333333333,6,5.0,0,2023-10-12,1.9130434782608696,3.4236760124610592,1.9852034525277436,partial_bullish,1.7343378902032978,1.8564877324867108,bearish,bearish,True,True,False,False
336,364205,364206,364250,2023-10-12 14:28:00+00:00,2023-10-12 14:29:00+00:00,2023-10-12 15:13:00+00:00,short,15428.5,15428.75,15428.5,15443.5,15403.5,15378.5,15353.5,15328.5,70.2,near_trigger,-70.2,15.0,True,False,False,False,True,stop,15443.5,15443.75,-15.25,0.0,-15.25,-1.0166666666666666,31.75,20.0,2.1166666666666667,1.3333333333333333,45,44.0,1,2023-10-12,0.8556566970091027,1.7389473684210526,1.9852034525277436,partial_bullish,1.5441867101023672,1.777254751707057,bearish,bearish,True,True,False,False
337,365534,365535,365557,2023-10-13 13:37:00+00:00,2023-10-13 13:38:00+00:00,2023-10-13 14:00:00+00:00,long,15317.0,15317.25,15317.5,15302.5,15342.5,15367.5,15392.5,15417.5,73.82216710379227,near_trigger,31.822167103792268,15.0,True,False,False,False,True,stop,15302.5,15302.25,-15.25,0.0,-15.25,-1.0166666666666666,45.0,24.25,3.0,1.6166666666666667,23,22.0,1,2023-10-13,1.9001280409731114,0.5011547344110855,3.8013964313421256,partial_bearish,1.8709541971377583,1.0142645775636405,neutral,bullish,True,True,True,False
338,365558,365559,365560,2023-10-13 14:01:00+00:00,2023-10-13 14:02:00+00:00,2023-10-13 14:03:00+00:00,long,15324.5,15324.0,15324.25,15309.25,15349.25,15374.25,15399.25,15424.25,72.23363615187515,near_trigger,72.23363615187515,15.0,False,False,False,False,True,stop,15309.25,15309.0,-15.25,0.0,-15.25,-1.0166666666666666,11.5,25.25,0.7666666666666667,1.6833333333333333,2,1.0,0,2023-10-13,1.7407407407407407,1.1373534338358458,1.7139287945034354,partial_bullish,1.9539058197710522,1.616612055761289,bullish,bullish,True,False,False,False
339,368316,368317,368318,2023-10-17 13:59:00+00:00,2023-10-17 14:00:00+00:00,2023-10-17 14:01:00+00:00,short,15079.0,15079.25,15079.0,15094.0,15054.0,15029.0,15004.0,14979.0,72.51911528189017,near_trigger,-44.519115281890166,15.0,False,False,False,False,True,stop,15094.0,15094.25,-15.25,0.0,-15.25,-1.0166666666666666,7.5,16.75,0.5,1.1166666666666667,2,1.0,0,2023-10-17,1.1870324189526185,3.480225988700565,4.816559600285511,partial_bearish,0.6749118362886802,1.0397918579736762,bearish,bearish,False,True,True,False
340,369673,369674,369704,2023-10-18 13:36:00+00:00,2023-10-18 13:37:00+00:00,2023-10-18 14:07:00+00:00,short,15171.25,15171.5,15171.25,15186.25,15146.25,15121.25,15096.25,15071.25,70.04244694132335,near_trigger,-52.04244694132335,15.0,True,False,False,False,True,stop,15186.25,15186.5,-15.25,0.0,-15.25,-1.0166666666666666,49.75,19.25,3.316666666666667,1.2833333333333334,31,30.0,1,2023-10-18,2.9013732833957553,3.086729362591431,1.7353215284249768,partial_bullish,2.7757949905147745,1.501365193648806,bearish,bearish,False,True,False,False
341,369718,369719,369733,2023-10-18 14:21:00+00:00,2023-10-18 14:22:00+00:00,2023-10-18 14:36:00+00:00,short,15209.0,15209.5,15209.25,15224.25,15184.25,15159.25,15134.25,15109.25,70.77389920424403,near_trigger,-70.77389920424403,15.0,True,True,True,True,False,tp4,15109.25,15109.5,99.75,0.0,99.75,6.65,101.25,13.75,6.75,0.9166666666666666,15,14.0,4,2023-10-18,2.4459770114942527,1.2593818984547462,1.0795805058605799,strong_bullish,1.1916785942549533,1.7090111025045185,bearish,bearish,True,False,False,False
342,371053,371054,371054,2023-10-19 13:36:00+00:00,2023-10-19 13:37:00+00:00,2023-10-19 13:37:00+00:00,long,15056.75,15057.0,15057.25,15042.25,15082.25,15107.25,15132.25,15157.25,74.0,near_trigger,31.43604824501965,15.0,False,False,False,False,True,stop,15042.25,15042.0,-15.25,0.0,-15.25,-1.0166666666666666,1.5,21.0,0.1,1.4,1,0.0,0,2023-10-19,2.8248730964467006,1.2901459854014599,2.2329945269741986,partial_bearish,2.724974140903344,1.204939693725437,bullish,bullish,False,True,True,False
343,371055,371056,371059,2023-10-19 13:38:00+00:00,2023-10-19 13:39:00+00:00,2023-10-19 13:42:00+00:00,long,15045.5,15045.5,15045.75,15030.75,15070.75,15095.75,15120.75,15145.75,77.53787171903475,near_trigger,45.537871719034754,15.0,False,False,False,False,True,stop,15030.75,15030.5,-15.25,0.0,-15.25,-1.0166666666666666,6.25,21.75,0.4166666666666667,1.45,4,3.0,0,2023-10-19,2.816374269005848,1.2901459854014599,2.2329945269741986,partial_bearish,1.8490072595554086,1.1395911107817436,bullish,bullish,False,True,True,False
344,373810,373811,373826,2023-10-23 13:33:00+00:00,2023-10-23 13:34:00+00:00,2023-10-23 13:49:00+00:00,short,14580.0,14580.5,14580.25,14595.25,14555.25,14530.25,14505.25,14480.25,83.73140178284928,high_probability,-59.731401782849275,15.0,True,True,False,False,True,stop,14595.25,14595.5,-15.25,0.0,-15.25,-1.0166666666666666,66.0,25.0,4.4,1.6666666666666667,16,15.0,2,2023-10-23,1.7909215955983493,0.981549815498155,0.8671641791044776,partial_bearish,3.8013952418674775,1.1642522285615897,bearish,bearish,True,True,True,False
345,375197,375198,375200,2023-10-24 13:40:00+00:00,2023-10-24 13:41:00+00:00,2023-10-24 13:43:00+00:00,long,14828.75,14829.0,14829.25,14814.25,14854.25,14879.25,14904.25,14929.25,84.22442057659694,high_probability,58.22442057659694,15.0,False,False,False,False,True,stop,14814.25,14814.0,-15.25,0.0,-15.25,-1.0166666666666666,8.0,21.0,0.5333333333333333,1.4,3,2.0,0,2023-10-24,1.7340619307832421,1.6338329764453963,0.5666337611056268,partial_bullish,2.4457370196907893,1.5817930135982412,bullish,bullish,True,True,True,False
346,376568,376569,376623,2023-10-25 13:31:00+00:00,2023-10-25 13:32:00+00:00,2023-10-25 14:26:00+00:00,short,14703.5,14703.25,14703.0,14718.0,14678.0,14653.0,14628.0,14603.0,81.6,high_probability,-67.6,15.0,True,True,True,True,False,tp4,14603.0,14603.25,99.75,0.0,99.75,6.65,103.0,0.5,6.866666666666666,0.03333333333333333,55,54.0,4,2023-10-25,4.975206611570248,0.8839941262848752,2.51006711409396,strong_bearish,10.774151718175924,1.5877343287194807,bearish,bearish,False,True,True,False
347,376624,376625,376627,2023-10-25 14:27:00+00:00,2023-10-25 14:28:00+00:00,2023-10-25 14:30:00+00:00,short,14603.75,14604.0,14603.75,14618.75,14578.75,14553.75,14528.75,14503.75,74.0,near_trigger,-66.59509803921569,15.0,False,False,False,False,True,stop,14618.75,14619.0,-15.25,0.0,-15.25,-1.0166666666666666,2.5,25.0,0.16666666666666666,1.6666666666666667,3,2.0,0,2023-10-25,1.3382352941176472,0.7394957983193278,4.472222222222222,strong_bearish,2.246007918896576,1.8301286975430469,bearish,bearish,True,True,True,True
348,377959,377960,377963,2023-10-26 13:42:00+00:00,2023-10-26 13:43:00+00:00,2023-10-26 13:46:00+00:00,long,14413.0,14413.0,14413.25,14398.25,14438.25,14463.25,14488.25,14513.25,73.53912650385789,near_trigger,51.53912650385789,15.0,False,False,False,False,True,stop,14398.25,14398.0,-15.25,0.0,-15.25,-1.0166666666666666,16.25,21.25,1.0833333333333333,1.4166666666666667,4,3.0,0,2023-10-26,0.2920592193808883,1.593103448275862,3.119314436387607,partial_bearish,1.7282899537825347,1.8877091102318122,bullish,bullish,True,True,False,False
349,378005,378006,378007,2023-10-26 14:28:00+00:00,2023-10-26 14:29:00+00:00,2023-10-26 14:30:00+00:00,long,14330.25,14330.0,14330.25,14315.25,14355.25,14380.25,14405.25,14430.25,98.4,a_plus_plus,72.4,15.0,False,False,False,False,True,stop,14315.25,14315.0,-15.25,0.0,-15.25,-1.0166666666666666,0.0,16.5,0.0,1.1,2,1.0,0,2023-10-26,2.8606403013182673,1.3970401691331924,2.5494018608772704,partial_bearish,2.3064312042691313,2.67048856615071,bullish,bullish,True,True,True,False
350,379333,379334,379336,2023-10-27 13:36:00+00:00,2023-10-27 13:37:00+00:00,2023-10-27 13:39:00+00:00,long,14323.0,14323.0,14323.25,14308.25,14348.25,14373.25,14398.25,14423.25,77.0876050613435,near_trigger,77.0876050613435,15.0,False,False,False,False,True,stop,14308.25,14308.0,-15.25,0.0,-15.25,-1.0166666666666666,18.25,15.25,1.2166666666666666,1.0166666666666666,3,2.0,0,2023-10-27,0.015538290788013318,0.18229166666666666,0.6511627906976745,partial_bullish,2.4075669466580516,1.025448930135845,bullish,bullish,True,True,True,False
351,382095,382096,382109,2023-10-31 13:38:00+00:00,2023-10-31 13:39:00+00:00,2023-10-31 13:52:00+00:00,long,14338.25,14337.75,14338.0,14323.0,14363.0,14388.0,14413.0,14438.0,70.90295385699201,near_trigger,70.90295385699201,15.0,False,False,False,False,True,stop,14323.0,14322.75,-15.25,0.0,-15.25,-1.0166666666666666,18.0,23.75,1.2,1.5833333333333333,14,13.0,0,2023-10-31,3.0600226500566254,1.854054054054054,1.0129198966408268,strong_bearish,1.7225566492897366,1.0517003948892394,bullish,bullish,True,True,False,False
352,383503,383504,383505,2023-11-01 14:06:00+00:00,2023-11-01 14:07:00+00:00,2023-11-01 14:08:00+00:00,long,14552.25,14552.75,14553.0,14538.0,14578.0,14603.0,14628.0,14653.0,72.24361370716511,near_trigger,72.24361370716511,15.0,False,False,False,False,True,stop,14538.0,14537.75,-15.25,0.0,-15.25,-1.0166666666666666,3.25,19.0,0.21666666666666667,1.2666666666666666,2,1.0,0,2023-11-01,1.0176531671858773,0.7357357357357358,2.121495327102804,partial_bullish,1.9559384073426813,1.5301475891617238,bullish,bullish,True,True,False,False
353,386274,386275,386277,2023-11-03 14:17:00+00:00,2023-11-03 14:18:00+00:00,2023-11-03 14:20:00+00:00,long,15110.5,15110.5,15110.75,15095.75,15135.75,15160.75,15185.75,15210.75,80.39625879099222,high_probability,80.39625879099222,15.0,False,False,False,False,True,stop,15095.75,15095.5,-15.25,0.0,-15.25,-1.0166666666666666,6.0,15.0,0.4,1.0,3,2.0,0,2023-11-03,0.8615384615384615,0.7668789808917198,1.4,partial_bullish,0.792896305668593,0.8940414374582284,bullish,bullish,True,True,True,True
354,386278,386279,386280,2023-11-03 14:21:00+00:00,2023-11-03 14:22:00+00:00,2023-11-03 14:23:00+00:00,long,15102.0,15101.75,15102.0,15087.0,15127.0,15152.0,15177.0,15202.0,70.85164831871764,near_trigger,69.85164831871764,15.0,False,False,False,False,True,stop,15087.0,15086.75,-15.25,0.0,-15.25,-1.0166666666666666,3.25,16.25,0.21666666666666667,1.0833333333333333,2,1.0,0,2023-11-03,0.11290322580645161,0.3297101449275362,1.4,partial_bearish,0.6503231345241218,0.6909044844185457,bullish,bullish,True,True,True,True
355,386281,386282,386283,2023-11-03 14:24:00+00:00,2023-11-03 14:25:00+00:00,2023-11-03 14:26:00+00:00,long,15089.75,15090.0,15090.25,15075.25,15115.25,15140.25,15165.25,15190.25,74.42254928327877,near_trigger,74.42254928327877,15.0,False,False,False,False,True,stop,15075.25,15075.0,-15.25,0.0,-15.25,-1.0166666666666666,4.0,30.0,0.26666666666666666,2.0,2,1.0,0,2023-11-03,1.6111111111111112,0.3297101449275362,1.4,partial_bearish,0.9850638131862007,0.8430014189132793,bullish,bullish,True,True,True,True
356,387659,387660,387661,2023-11-06 15:22:00+00:00,2023-11-06 15:23:00+00:00,2023-11-06 15:24:00+00:00,long,15224.0,15223.75,15224.0,15209.0,15249.0,15274.0,15299.0,15324.0,71.8986279977691,near_trigger,64.8986279977691,15.0,False,False,False,False,True,stop,15209.0,15208.75,-15.25,0.0,-15.25,-1.0166666666666666,2.75,20.25,0.18333333333333332,1.35,2,1.0,0,2023-11-06,1.1555555555555554,0.17384952520087654,0.9659735349716446,partial_bearish,1.2046891381008356,0.9399516638780443,bullish,bullish,True,True,True,False
357,393134,393135,393194,2023-11-10 14:37:00+00:00,2023-11-10 14:38:00+00:00,2023-11-10 15:37:00+00:00,long,15335.75,15336.0,15336.25,15321.25,15361.25,15386.25,15411.25,15436.25,70.56347787410377,near_trigger,44.56347787410377,15.0,True,True,False,False,False,max_holding_time,15331.75,15331.5,-4.75,0.0,-4.75,-0.31666666666666665,52.75,14.25,3.5166666666666666,0.95,60,59.0,2,2023-11-10,1.5348837209302326,0.6845425867507886,2.354228855721393,strong_bullish,3.1906712890009454,1.2683008310017956,bullish,bullish,True,True,False,False
358,397268,397269,397269,2023-11-15 14:31:00+00:00,2023-11-15 14:32:00+00:00,2023-11-15 14:32:00+00:00,long,15954.75,15954.5,15954.75,15939.75,15979.75,16004.75,16029.75,16054.75,74.55657434186199,near_trigger,74.55657434186199,15.0,False,False,False,False,True,stop,15939.75,15939.5,-15.25,0.0,-15.25,-1.0166666666666666,0.75,18.75,0.05,1.25,1,0.0,0,2023-11-15,0.9485981308411214,0.157439446366782,1.4614220877458397,partial_bearish,4.334767305436058,0.735437553495717,bullish,bullish,True,False,True,False
359,397272,397273,397273,2023-11-15 14:35:00+00:00,2023-11-15 14:36:00+00:00,2023-11-15 14:36:00+00:00,long,15967.5,15967.75,15968.0,15953.0,15993.0,16018.0,16043.0,16068.0,83.1305650003185,high_probability,57.1305650003185,15.0,False,False,False,False,True,stop,15953.0,15952.75,-15.25,0.0,-15.25,-1.0166666666666666,0.25,18.75,0.016666666666666666,1.25,1,0.0,0,2023-11-15,1.561061946902655,0.35782747603833864,1.4614220877458397,partial_bullish,2.667833242687224,0.8539142149998864,bullish,bullish,True,True,True,False
360,397275,397276,397276,2023-11-15 14:38:00+00:00,2023-11-15 14:39:00+00:00,2023-11-15 14:39:00+00:00,long,15970.75,15970.75,15971.0,15956.0,15996.0,16021.0,16046.0,16071.0,75.45252268206764,near_trigger,75.45252268206764,15.0,False,False,False,False,True,stop,15956.0,15955.75,-15.25,0.0,-15.25,-1.0166666666666666,2.75,20.5,0.18333333333333332,1.3666666666666667,1,0.0,0,2023-11-15,1.503486750348675,0.35782747603833864,1.4614220877458397,partial_bullish,1.5236079392487794,0.775555723574777,bullish,bullish,True,True,True,False
361,401431,401432,401435,2023-11-20 14:54:00+00:00,2023-11-20 14:55:00+00:00,2023-11-20 14:58:00+00:00,short,15982.5,15982.0,15981.75,15996.75,15956.75,15931.75,15906.75,15881.75,78.57261644178843,near_trigger,-67.57261644178843,15.0,False,False,False,False,True,stop,15996.75,15997.0,-15.25,0.0,-15.25,-1.0166666666666666,3.75,15.25,0.25,1.0166666666666666,4,3.0,0,2023-11-20,1.8039927404718694,3.9295454545454547,3.3950617283950617,strong_bullish,0.916591346265267,1.042284328840047,neutral,bearish,True,True,True,False
362,401465,401466,401473,2023-11-20 15:28:00+00:00,2023-11-20 15:29:00+00:00,2023-11-20 15:36:00+00:00,long,15961.5,15961.0,15961.25,15946.25,15986.25,16011.25,16036.25,16061.25,77.17531326625812,near_trigger,70.17531326625812,15.0,False,False,False,False,True,stop,15946.25,15946.0,-15.25,0.0,-15.25,-1.0166666666666666,5.0,19.0,0.3333333333333333,1.2666666666666666,8,7.0,0,2023-11-20,1.8563535911602211,2.087431693989071,2.4151753758052967,partial_bullish,0.9319111913124738,0.7564344005021971,bullish,bullish,True,False,False,False
363,402787,402788,402792,2023-11-21 14:30:00+00:00,2023-11-21 14:31:00+00:00,2023-11-21 14:35:00+00:00,short,15994.25,15994.25,15994.0,16009.0,15969.0,15944.0,15919.0,15894.0,73.58044502904747,near_trigger,-48.58044502904747,15.0,False,False,False,False,True,stop,16009.0,16009.25,-15.25,0.0,-15.25,-1.0166666666666666,13.5,17.75,0.9,1.1833333333333333,5,4.0,0,2023-11-21,1.9310344827586208,0.9204152249134948,1.5333333333333334,partial_bearish,12.042396451928138,0.975556286309328,neutral,bearish,True,True,True,False
364,404209,404210,404210,2023-11-22 15:12:00+00:00,2023-11-22 15:13:00+00:00,2023-11-22 15:13:00+00:00,long,16043.75,16043.5,16043.75,16028.75,16068.75,16093.75,16118.75,16143.75,82.32739343445732,high_probability,64.32739343445732,15.0,False,False,False,False,True,stop,16028.75,16028.5,-15.25,0.0,-15.25,-1.0166666666666666,0.25,15.75,0.016666666666666666,1.05,1,0.0,0,2023-11-22,1.2684031710079275,4.266747133373567,0.44245676803816336,partial_bullish,0.9360244902194781,1.4803063457330417,bullish,bullish,True,False,True,False
365,404218,404219,404250,2023-11-22 15:21:00+00:00,2023-11-22 15:22:00+00:00,2023-11-22 15:53:00+00:00,long,16044.75,16044.5,16044.75,16029.75,16069.75,16094.75,16119.75,16144.75,83.0,high_probability,71.0,15.0,True,True,False,False,True,stop,16029.75,16029.5,-15.25,0.0,-15.25,-1.0166666666666666,54.25,16.0,3.6166666666666667,1.0666666666666667,32,31.0,2,2023-11-22,1.5,0.836283185840708,0.8961807423345886,partial_bearish,1.3074759027809804,1.5786396413954396,bullish,bullish,True,True,True,False
366,406695,406696,406714,2023-11-24 14:38:00+00:00,2023-11-24 14:39:00+00:00,2023-11-24 14:57:00+00:00,short,16019.25,16019.25,16019.0,16034.0,15994.0,15969.0,15944.0,15919.0,70.41698111501007,near_trigger,-44.416981115010074,15.0,False,False,False,False,True,stop,16034.0,16034.25,-15.25,0.0,-15.25,-1.0166666666666666,12.5,15.5,0.8333333333333334,1.0333333333333334,19,18.0,0,2023-11-24,2.5903083700440526,0.6688632619439868,0.6189856957087125,partial_bearish,1.9266535690897184,0.9647377740856524,bearish,bearish,True,True,False,False
367,406743,406744,406757,2023-11-24 15:26:00+00:00,2023-11-24 15:27:00+00:00,2023-11-24 15:40:00+00:00,short,15995.25,15995.0,15994.75,16009.75,15969.75,15944.75,15919.75,15894.75,70.99096345925712,near_trigger,-70.99096345925712,15.0,False,False,False,False,True,stop,16009.75,16010.0,-15.25,0.0,-15.25,-1.0166666666666666,4.75,15.5,0.31666666666666665,1.0333333333333334,14,13.0,0,2023-11-24,2.0622406639004147,1.3241505968778695,2.49601593625498,strong_bearish,1.3852907117658146,0.8258412535319805,bearish,bearish,False,True,True,False
368,407853,407854,407872,2023-11-27 14:41:00+00:00,2023-11-27 14:42:00+00:00,2023-11-27 15:00:00+00:00,short,16003.5,16003.75,16003.5,16018.5,15978.5,15953.5,15928.5,15903.5,72.1972685086438,near_trigger,-72.1972685086438,15.0,False,False,False,False,True,stop,16018.5,16018.75,-15.25,0.0,-15.25,-1.0166666666666666,19.75,18.0,1.3166666666666667,1.2,19,18.0,0,2023-11-27,1.4563758389261745,1.608982826948481,1.3500660501981507,partial_bullish,1.3710278432761969,1.3895320761258527,bearish,bearish,True,True,True,True
369,409226,409227,409286,2023-11-28 14:34:00+00:00,2023-11-28 14:35:00+00:00,2023-11-28 15:34:00+00:00,short,15998.0,15998.0,15997.75,16012.75,15972.75,15947.75,15922.75,15897.75,70.87541252597444,near_trigger,-70.87541252597444,15.0,True,False,False,False,False,max_holding_time,15988.25,15988.5,9.25,0.0,9.25,0.6166666666666667,39.5,8.0,2.6333333333333333,0.5333333333333333,60,59.0,1,2023-11-28,2.7822410147991543,0.28413284132841327,1.5272727272727271,strong_bullish,2.7655474733850376,1.1237582578908736,bearish,bearish,True,False,False,False
370,412012,412013,412026,2023-11-30 15:00:00+00:00,2023-11-30 15:01:00+00:00,2023-11-30 15:14:00+00:00,short,15956.25,15955.75,15955.5,15970.5,15930.5,15905.5,15880.5,15855.5,73.59471224679797,near_trigger,-51.59471224679797,15.0,True,False,False,False,True,stop,15970.5,15970.75,-15.25,0.0,-15.25,-1.0166666666666666,36.75,22.5,2.45,1.5,14,13.0,1,2023-11-30,1.1305518169582773,2.765564950038432,4.016058394160583,strong_bearish,1.560451028881276,1.2433903084974647,bearish,bearish,True,True,True,False
371,413367,413368,413368,2023-12-01 14:35:00+00:00,2023-12-01 14:36:00+00:00,2023-12-01 14:36:00+00:00,short,15882.25,15882.0,15881.75,15896.75,15856.75,15831.75,15806.75,15781.75,72.3874883574093,near_trigger,-46.387488357409296,15.0,False,False,False,False,True,stop,15896.75,15897.0,-15.25,0.0,-15.25,-1.0166666666666666,0.5,24.0,0.03333333333333333,1.6,1,0.0,0,2023-12-01,3.5522388059701493,3.170860927152318,0.016766467065868262,partial_bearish,2.737645608873693,1.2190847127555988,bearish,bearish,True,True,False,False
372,413382,413383,413383,2023-12-01 14:50:00+00:00,2023-12-01 14:51:00+00:00,2023-12-01 14:51:00+00:00,short,15912.5,15912.5,15912.25,15927.25,15887.25,15862.25,15837.25,15812.25,88.15384615384616,high_probability,-76.15384615384616,15.0,False,False,False,False,True,stop,15927.25,15927.5,-15.25,0.0,-15.25,-1.0166666666666666,0.0,16.0,0.0,1.0666666666666667,1,0.0,0,2023-12-01,2.0,0.08179162609542356,0.4804575786463298,partial_bearish,1.17960492875046,1.785406359017894,bearish,bearish,True,True,True,False
373,416124,416125,416128,2023-12-05 14:32:00+00:00,2023-12-05 14:33:00+00:00,2023-12-05 14:36:00+00:00,short,15805.0,15804.75,15804.5,15819.5,15779.5,15754.5,15729.5,15704.5,78.0,near_trigger,-57.871868951517726,15.0,False,False,False,False,True,stop,15819.5,15819.75,-15.25,0.0,-15.25,-1.0166666666666666,17.5,26.0,1.1666666666666667,1.7333333333333334,4,3.0,0,2023-12-05,2.2548672566371684,0.9320652173913044,0.40867389491242706,partial_bearish,3.797268907563025,0.9101638106028419,bearish,bearish,True,True,True,False
374,416152,416153,416153,2023-12-05 15:00:00+00:00,2023-12-05 15:01:00+00:00,2023-12-05 15:01:00+00:00,long,15894.5,15894.75,15895.0,15880.0,15920.0,15945.0,15970.0,15995.0,80.4,high_probability,44.400000000000006,15.0,False,False,False,False,True,stop,15880.0,15879.75,-15.25,0.0,-15.25,-1.0166666666666666,3.0,16.75,0.2,1.1166666666666667,1,0.0,0,2023-12-05,2.2222222222222223,2.890688259109312,1.696969696969697,strong_bullish,2.720379271055699,1.8731063338623575,bullish,bullish,False,True,True,False
375,416155,416156,416163,2023-12-05 15:03:00+00:00,2023-12-05 15:04:00+00:00,2023-12-05 15:11:00+00:00,long,15915.0,15914.75,15915.0,15900.0,15940.0,15965.0,15990.0,16015.0,78.57864923747277,near_trigger,42.578649237472774,15.0,False,False,False,False,True,stop,15900.0,15899.75,-15.25,0.0,-15.25,-1.0166666666666666,13.5,20.75,0.9,1.3833333333333333,8,7.0,0,2023-12-05,3.888888888888889,2.890688259109312,1.696969696969697,strong_bullish,1.4537435592968766,1.5968324211016653,bullish,bullish,False,True,True,False
376,416172,416173,416175,2023-12-05 15:20:00+00:00,2023-12-05 15:21:00+00:00,2023-12-05 15:23:00+00:00,long,15923.5,15924.0,15924.25,15909.25,15949.25,15974.25,15999.25,16024.25,73.21839684625493,near_trigger,59.21839684625493,15.0,False,False,False,False,True,stop,15909.25,15909.0,-15.25,0.0,-15.25,-1.0166666666666666,12.5,19.25,0.8333333333333334,1.2833333333333334,3,2.0,0,2023-12-05,1.6373193166885678,2.020444978953698,3.3391506689936006,strong_bullish,1.0495728584019057,1.788922600987566,bullish,bullish,True,True,True,True
377,416179,416180,416239,2023-12-05 15:27:00+00:00,2023-12-05 15:28:00+00:00,2023-12-05 16:27:00+00:00,long,15870.25,15870.5,15870.75,15855.75,15895.75,15920.75,15945.75,15970.75,74.0,near_trigger,32.646035805626596,15.0,True,True,True,False,False,max_holding_time,15890.75,15890.5,19.75,0.0,19.75,1.3166666666666667,91.0,13.0,6.066666666666666,0.8666666666666667,60,59.0,3,2023-12-05,3.4910485933503836,1.998843930635838,3.3391506689936006,partial_bullish,1.2267546800061884,1.7350838803792852,bullish,bullish,False,True,True,False
378,417560,417561,417620,2023-12-06 15:28:00+00:00,2023-12-06 15:29:00+00:00,2023-12-06 16:28:00+00:00,long,15901.5,15901.5,15901.75,15886.75,15926.75,15951.75,15976.75,16001.75,73.50967741935484,near_trigger,65.50967741935484,15.0,True,False,False,False,False,max_holding_time,15919.0,15918.75,17.0,0.0,17.0,1.1333333333333333,48.0,10.0,3.2,0.6666666666666666,60,59.0,1,2023-12-06,0.7741935483870968,1.79570516540917,1.9486850545221295,strong_bearish,0.987975592246949,1.616591722492429,bullish,bullish,True,False,False,False
379,418884,418885,418898,2023-12-07 14:32:00+00:00,2023-12-07 14:33:00+00:00,2023-12-07 14:46:00+00:00,long,15950.0,15950.0,15950.25,15935.25,15975.25,16000.25,16025.25,16050.25,85.6,high_probability,39.599999999999994,15.0,True,False,False,False,True,stop,15935.25,15935.0,-15.25,0.0,-15.25,-1.0166666666666666,31.75,24.25,2.1166666666666667,1.6166666666666667,14,13.0,1,2023-12-07,1.8022988505747126,1.74,4.424870466321243,strong_bullish,6.097332966730822,1.726954855892408,neutral,bullish,True,True,True,False
380,420292,420293,420298,2023-12-08 15:00:00+00:00,2023-12-08 15:01:00+00:00,2023-12-08 15:06:00+00:00,short,16031.5,16031.75,16031.5,16046.5,16006.5,15981.5,15956.5,15931.5,78.0,near_trigger,-67.7864077669903,15.0,False,False,False,False,True,stop,16046.5,16046.75,-15.25,0.0,-15.25,-1.0166666666666666,21.5,24.75,1.4333333333333333,1.65,6,5.0,0,2023-12-08,2.192224622030238,1.2222222222222223,0.753208292201382,strong_bullish,2.531909477690639,1.9251258041326427,bearish,bearish,True,False,True,False
381,420318,420319,420349,2023-12-08 15:26:00+00:00,2023-12-08 15:27:00+00:00,2023-12-08 15:57:00+00:00,short,16092.0,16092.25,16092.0,16107.0,16067.0,16042.0,16017.0,15992.0,77.25629557460462,near_trigger,-77.25629557460462,15.0,True,True,False,False,True,stop,16107.0,16107.25,-15.25,0.0,-15.25,-1.0166666666666666,71.75,17.0,4.783333333333333,1.1333333333333333,31,30.0,2,2023-12-08,0.41880341880341876,3.596330275229358,2.8301724137931035,partial_bullish,0.8948678310254471,1.1188025166888271,bearish,bearish,True,False,True,False
382,423023,423024,423025,2023-12-12 14:31:00+00:00,2023-12-12 14:32:00+00:00,2023-12-12 14:33:00+00:00,short,16427.75,16427.75,16427.5,16442.5,16402.5,16377.5,16352.5,16327.5,71.43669209606486,near_trigger,-53.43669209606486,15.0,False,False,False,False,True,stop,16442.5,16442.75,-15.25,0.0,-15.25,-1.0166666666666666,9.25,16.25,0.6166666666666667,1.0833333333333333,2,1.0,0,2023-12-12,2.8624535315985127,0.5192727272727273,2.16260162601626,strong_bearish,6.601048340128131,0.7586903988914847,bearish,bearish,True,True,False,False
383,425809,425810,425850,2023-12-14 14:57:00+00:00,2023-12-14 14:58:00+00:00,2023-12-14 15:38:00+00:00,short,16867.0,16867.25,16867.0,16882.0,16842.0,16817.0,16792.0,16767.0,71.14649499284693,near_trigger,-71.14649499284693,15.0,True,True,True,True,False,tp4,16767.0,16767.25,99.75,0.0,99.75,6.65,100.0,1.75,6.666666666666667,0.11666666666666667,41,40.0,4,2023-12-14,1.742489270386266,1.6612209802235598,0.9670682730923694,strong_bullish,1.347035611992772,2.115035707392395,bearish,bearish,True,True,False,False
384,427207,427208,427267,2023-12-15 15:15:00+00:00,2023-12-15 15:16:00+00:00,2023-12-15 16:15:00+00:00,long,16847.0,16846.5,16846.75,16831.75,16871.75,16896.75,16921.75,16946.75,70.1021332512357,near_trigger,44.1021332512357,15.0,True,False,False,False,False,max_holding_time,16854.75,16854.5,7.75,0.0,7.75,0.5166666666666667,30.0,11.5,2.0,0.7666666666666667,60,59.0,1,2023-12-15,2.040752351097179,1.2635046113306982,1.935483870967742,strong_bullish,1.5406396340799362,1.1292339621637442,bullish,bullish,True,True,False,True
385,431307,431308,431367,2023-12-20 14:35:00+00:00,2023-12-20 14:36:00+00:00,2023-12-20 15:35:00+00:00,long,16992.25,16992.75,16993.0,16978.0,17018.0,17043.0,17068.0,17093.0,78.69933422450963,near_trigger,78.69933422450963,15.0,True,True,True,False,False,max_holding_time,17060.25,17060.0,67.0,0.0,67.0,4.466666666666667,80.5,3.0,5.366666666666666,0.2,60,59.0,3,2023-12-20,1.2108108108108109,1.548235294117647,0.6858108108108109,strong_bullish,2.796833773087071,0.7511948076640538,bullish,bullish,True,False,True,False
386,432682,432683,432684,2023-12-21 14:30:00+00:00,2023-12-21 14:31:00+00:00,2023-12-21 14:32:00+00:00,long,16945.5,16945.25,16945.5,16930.5,16970.5,16995.5,17020.5,17045.5,73.79118030143275,near_trigger,68.79118030143275,15.0,False,False,False,False,True,stop,16930.5,16930.25,-15.25,0.0,-15.25,-1.0166666666666666,13.25,19.0,0.8833333333333333,1.2666666666666666,2,1.0,0,2023-12-21,3.5244755244755246,0.5522935779816514,2.032450896669513,partial_bullish,12.84134739007457,1.2389753767909197,bullish,neutral,True,True,True,False
387,432685,432686,432688,2023-12-21 14:33:00+00:00,2023-12-21 14:34:00+00:00,2023-12-21 14:36:00+00:00,long,16921.5,16921.75,16922.0,16907.0,16947.0,16972.0,16997.0,17022.0,73.0,near_trigger,67.71958863763123,15.0,False,False,False,False,True,stop,16907.0,16906.75,-15.25,0.0,-15.25,-1.0166666666666666,15.0,15.75,1.0,1.05,3,2.0,0,2023-12-21,0.2871794871794872,0.5522935779816514,2.032450896669513,partial_bearish,2.2125493190785286,0.8505142029609479,bullish,bullish,True,True,True,False
388,432689,432690,432694,2023-12-21 14:37:00+00:00,2023-12-21 14:38:00+00:00,2023-12-21 14:42:00+00:00,long,16918.0,16918.25,16918.5,16903.5,16943.5,16968.5,16993.5,17018.5,78.89511889862328,near_trigger,78.89511889862328,15.0,False,False,False,False,True,stop,16903.5,16903.25,-15.25,0.0,-15.25,-1.0166666666666666,20.25,17.75,1.35,1.1833333333333333,5,4.0,0,2023-12-21,1.1564455569461827,0.1908580593424218,2.032450896669513,partial_bearish,2.2923151414539666,1.5368206269708773,bullish,bullish,True,True,True,False
389,432722,432723,432782,2023-12-21 15:10:00+00:00,2023-12-21 15:11:00+00:00,2023-12-21 16:10:00+00:00,long,16866.5,16866.25,16866.5,16851.5,16891.5,16916.5,16941.5,16966.5,73.8546329723225,near_trigger,73.8546329723225,15.0,True,True,False,False,False,max_holding_time,16874.5,16874.25,7.75,0.0,7.75,0.5166666666666667,67.0,12.75,4.466666666666667,0.85,60,59.0,2,2023-12-21,0.6401925391095067,3.4115898959881132,2.25496915695682,strong_bearish,1.2387090758633552,1.6076722938222303,bullish,bullish,True,True,False,False
390,434076,434077,434089,2023-12-22 14:44:00+00:00,2023-12-22 14:45:00+00:00,2023-12-22 14:57:00+00:00,long,17032.75,17032.5,17032.75,17017.75,17057.75,17082.75,17107.75,17132.75,72.70652173913044,near_trigger,46.70652173913044,15.0,False,False,False,False,True,stop,17017.75,17017.5,-15.25,0.0,-15.25,-1.0166666666666666,8.5,15.25,0.5666666666666667,1.0166666666666666,13,12.0,0,2023-12-22,2.0543478260869565,0.3085399449035812,2.663716814159292,strong_bullish,1.8350527688841458,1.7464168829703193,bullish,bullish,True,True,False,False
391,438237,438238,438257,2023-12-28 15:05:00+00:00,2023-12-28 15:06:00+00:00,2023-12-28 15:25:00+00:00,short,17110.5,17110.75,17110.5,17125.5,17085.5,17060.5,17035.5,17010.5,84.16741882223445,high_probability,-84.16741882223445,15.0,False,False,False,False,True,stop,17125.5,17125.75,-15.25,0.0,-15.25,-1.0166666666666666,7.75,16.75,0.5166666666666667,1.1166666666666667,20,19.0,0,2023-12-28,1.4177215189873418,0.9531914893617022,3.130434782608696,strong_bearish,4.390172820796782,1.6177844600762499,bearish,bearish,True,True,True,True
